#        weight    minuslogpost              h0              wm              wl   minuslogprior minuslogprior__0            chi2    chi2__lnlike
 4.9406565e-324        758.2684       76.649967       2.5762726      -1.5762726       5.1929569        5.1929569       1506.1509       1506.1509
 4.9406565e-324       757.94058         96.5085       1.6232674     -0.62326737       5.1929569        5.1929569       1505.4952       1505.4952
 4.9406565e-324       757.93226       94.775047       1.6840208     -0.68402078       5.1929569        5.1929569       1505.4786       1505.4786
 4.9406565e-324        757.5166       95.472971       1.6585443      -0.6585443       5.1929569        5.1929569       1504.6473       1504.6473
 7.5196791e-321       750.47583       93.813196       1.7074608     -0.70746075       5.1929569        5.1929569       1490.5657       1490.5657
 1.0123405e-320       750.17865       99.750419       1.5068719     -0.50687187       5.1929569        5.1929569       1489.9714       1489.9714
 4.7435243e-320       748.63421       78.910251       2.4105794      -1.4105794       5.1929569        5.1929569       1486.8825       1486.8825
 2.6563538e-318       744.60885       71.655501       2.9078612      -1.9078612       5.1929569        5.1929569       1478.8318       1478.8318
 1.4667806e-317       742.90015       75.769887       2.5993414      -1.5993414       5.1929569        5.1929569       1475.4144       1475.4144
 3.5818811e-317       742.00733       99.408108       1.5060189     -0.50601888       5.1929569        5.1929569       1473.6288       1473.6288
 8.4112537e-317       741.15365       93.378805       1.7087936     -0.70879362       5.1929569        5.1929569       1471.9214       1471.9214
 3.7483065e-315       737.35675       81.425798       2.2412537      -1.2412537       5.1929569        5.1929569       1464.3276       1464.3276
  4.079683e-314       734.96945       70.303606       2.9927597      -1.9927597       5.1929569        5.1929569        1459.553        1459.553
 2.0817929e-313       733.33965       70.337857       2.9853586      -1.9853586       5.1929569        5.1929569       1456.2934       1456.2934
 3.7779321e-313        732.7437       70.566445       2.9646266      -1.9646266       5.1929569        5.1929569       1455.1015       1455.1015
 8.5594798e-313       731.92584       80.363046       2.2891084      -1.2891084       5.1929569        5.1929569       1453.4658       1453.4658
 1.0281456e-311       729.43995       91.849254       1.7475461     -0.74754609       5.1929569        5.1929569        1448.494        1448.494
 3.6825434e-310       725.86152       77.155375        2.468189       -1.468189       5.1929569        5.1929569       1441.3371       1441.3371
  1.029849e-307       720.22796       84.149956       2.0654165      -1.0654165       5.1929569        5.1929569         1430.07         1430.07
 1.3044635e-307       719.99158       84.682536       2.0390684      -1.0390684       5.1929569        5.1929569       1429.5972       1429.5972
 5.4140359e-306       716.26579       94.327062       1.6353947     -0.63539472       5.1929569        5.1929569       1422.1457       1422.1457
  2.033036e-305       714.94267         97.1715       1.5376481     -0.53764813       5.1929569        5.1929569       1419.4994       1419.4994
 6.7868732e-305       713.73721       76.525608       2.4801237      -1.4801237       5.1929569        5.1929569       1417.0885       1417.0885
   1.49169e-304       712.94971       94.449461       1.6259235     -0.62592355       5.1929569        5.1929569       1415.5135       1415.5135
 4.6786917e-303       709.50401       84.100917       2.0468294      -1.0468294       5.1929569        5.1929569       1408.6221       1408.6221
  9.492352e-303       708.79654       73.997933       2.6384708      -1.6384708       5.1929569        5.1929569       1407.2072       1407.2072
 2.3849658e-301       705.57268       72.537411       2.7362389      -1.7362389       5.1929569        5.1929569       1400.7594       1400.7594
 5.4734052e-301       704.74196       69.567347       2.9696971      -1.9696971       5.1929569        5.1929569        1399.098        1399.098
 2.5142474e-300        703.2173       90.314215       1.7632985     -0.76329854       5.1929569        5.1929569       1396.0487       1396.0487
 2.8017183e-299       700.80646       71.197341       2.8260667      -1.8260667       5.1929569        5.1929569        1391.227        1391.227
 4.1101455e-297       695.81806       73.411523       2.6470549      -1.6470549       5.1929569        5.1929569       1381.2502       1381.2502
 4.2793365e-296       693.47514       73.556593       2.6307217      -1.6307217       5.1929569        5.1929569       1376.5644       1376.5644
 1.0189394e-295       692.60759       77.200204       2.3881782      -1.3881782       5.1929569        5.1929569       1374.8293       1374.8293
 1.8211256e-293       687.42172        78.62492       2.2912833      -1.2912833       5.1929569        5.1929569       1364.4575       1364.4575
 2.0093159e-293       687.32339       74.741545       2.5334362      -1.5334362       5.1929569        5.1929569       1364.2609       1364.2609
 3.5548384e-293       686.75287       69.874346       2.8929381      -1.8929381       5.1929569        5.1929569       1363.1198       1363.1198
 8.5993935e-293       685.86949       88.764405       1.7951098     -0.79510984       5.1929569        5.1929569       1361.3531       1361.3531
 1.2106729e-292       685.52742       87.058539       1.8658745     -0.86587449       5.1929569        5.1929569       1360.6689       1360.6689
 1.3505243e-292        685.4181       71.092362       2.7921163      -1.7921163       5.1929569        5.1929569       1360.4503       1360.4503
 8.7714014e-292        683.5471       99.418777       1.4229598      -0.4229598       5.1929569        5.1929569       1356.7083       1356.7083
 1.1606651e-290       680.96443       70.218834       2.8486475      -1.8486475       5.1929569        5.1929569       1351.5429       1351.5429
 3.4314446e-290       679.88044       86.530805       1.8782386     -0.87823859       5.1929569        5.1929569        1349.375        1349.375
 3.5938512e-289       677.53161        95.98081       1.5198036      -0.5198036       5.1929569        5.1929569       1344.6773       1344.6773
 6.7847863e-288       674.59357       72.434462       2.6619983      -1.6619983       5.1929569        5.1929569       1338.8012       1338.8012
 1.1130162e-286       671.79601       96.082619       1.5077675     -0.50776746       5.1929569        5.1929569       1333.2061       1333.2061
 6.5524619e-286       670.02324       74.277407         2.52124        -1.52124       5.1929569        5.1929569       1329.6606       1329.6606
 7.9697033e-285       667.52485       84.036042       1.9671161     -0.96711609       5.1929569        5.1929569       1324.6638       1324.6638
 2.2782736e-284        666.4745       71.201044       2.7316611      -1.7316611       5.1929569        5.1929569       1322.5631       1322.5631
 9.6753454e-284       665.02833       88.529667       1.7674082     -0.76740821       5.1929569        5.1929569       1319.6708       1319.6708
  1.217104e-282       662.49627       69.970464       2.8160922      -1.8160922       5.1929569        5.1929569       1314.6066       1314.6066
 1.3108476e-282       662.42207       72.331168       2.6370584      -1.6370584       5.1929569        5.1929569       1314.4582       1314.4582
  1.157587e-280       657.94124       83.039108       1.9951196     -0.99511962       5.1929569        5.1929569       1305.4966       1305.4966
 1.3195635e-280       657.81027       84.329131        1.934278     -0.93427798       5.1929569        5.1929569       1305.2346       1305.2346
 3.7451042e-280       656.76712       73.146234        2.564423       -1.564423       5.1929569        5.1929569       1303.1483       1303.1483
 6.8164168e-280       656.16824       81.701645       2.0571497      -1.0571497       5.1929569        5.1929569       1301.9506       1301.9506
 8.5310057e-280       655.94387       72.931693        2.577212       -1.577212       5.1929569        5.1929569       1301.5018       1301.5018
 1.0527515e-279       655.73358       90.301665       1.6821319     -0.68213187       5.1929569        5.1929569       1301.0812       1301.0812
 4.4238177e-279       654.29799       81.161903        2.080545       -1.080545       5.1929569        5.1929569       1298.2101       1298.2101
 1.2842361e-278       653.23224       87.810501       1.7751084     -0.77510844       5.1929569        5.1929569       1296.0786       1296.0786
  1.423599e-278       653.12921       70.261661       2.7665311      -1.7665311       5.1929569        5.1929569       1295.8725       1295.8725
 1.8446181e-278       652.87013       72.553464       2.5956926      -1.5956926       5.1929569        5.1929569       1295.3543       1295.3543
 3.2196687e-278       652.31312       90.694724       1.6615666     -0.66156657       5.1929569        5.1929569       1294.2403       1294.2403
 7.9053149e-278       651.41487       79.092025       2.1839602      -1.1839602       5.1929569        5.1929569       1292.4438       1292.4438
  1.529288e-277       650.75502       69.067222       2.8548688      -1.8548688       5.1929569        5.1929569       1291.1241       1291.1241
 2.8550052e-277       650.13074       98.729465        1.394838     -0.39483803       5.1929569        5.1929569       1289.8756       1289.8756
 3.9166751e-277       649.81457       88.816218       1.7287587     -0.72875875       5.1929569        5.1929569       1289.2432       1289.2432
 5.9714683e-277       649.39283       84.914834       1.8912136     -0.89121363       5.1929569        5.1929569       1288.3997       1288.3997
 1.3662593e-276       648.56516       84.833197       1.8932405     -0.89324055       5.1929569        5.1929569       1286.7444       1286.7444
 6.4798175e-276       647.00854       79.674771       2.1425121      -1.1425121       5.1929569        5.1929569       1283.6312       1283.6312
 3.5866638e-275       645.29743       69.548519       2.8001562      -1.8001562       5.1929569        5.1929569       1280.2089       1280.2089
 1.7234162e-274       643.72775       71.776193        2.626703       -1.626703       5.1929569        5.1929569       1277.0696       1277.0696
 1.5203481e-273       641.55054       70.974768       2.6796054      -1.6796054       5.1929569        5.1929569       1272.7152       1272.7152
 1.5730873e-273       641.51644       67.983303       2.9173829      -1.9173829       5.1929569        5.1929569        1272.647        1272.647
  2.852969e-273       640.92112       90.369295       1.6539303     -0.65393026       5.1929569        5.1929569       1271.4563       1271.4563
 4.1803074e-273       640.53909       69.910251       2.7579316      -1.7579316       5.1929569        5.1929569       1270.6923       1270.6923
 5.5114663e-273       640.26265       95.484051       1.4780776     -0.47807758       5.1929569        5.1929569       1270.1394       1270.1394
 1.7637504e-272       639.09945       78.708883        2.177187       -1.177187       5.1929569        5.1929569        1267.813        1267.813
 1.9167736e-271       636.71366        94.90048       1.4910475     -0.49104752       5.1929569        5.1929569       1263.0414       1263.0414
 4.6149474e-271       635.83501       73.325703       2.4973306      -1.4973306       5.1929569        5.1929569       1261.2841       1261.2841
 4.3770069e-270       633.58536       76.960734       2.2634793      -1.2634793       5.1929569        5.1929569       1256.7848       1256.7848
 1.0415215e-269       632.71845       89.234611       1.6820451     -0.68204507       5.1929569        5.1929569        1255.051        1255.051
  3.998576e-267       626.76803       68.405488       2.8375829      -1.8375829       5.1929569        5.1929569       1243.1501       1243.1501
  9.256522e-266       623.62605       94.010093       1.4988107     -0.49881071       5.1929569        5.1929569       1236.8662       1236.8662
 4.4892868e-265        622.0471       78.852202       2.1305534      -1.1305534       5.1929569        5.1929569       1233.7083       1233.7083
 6.0285977e-264        619.4497       80.905152       2.0185502      -1.0185502       5.1929569        5.1929569       1228.5135       1228.5135
 1.7466064e-263       618.38595       74.710824       2.3622642      -1.3622642       5.1929569        5.1929569        1226.386        1226.386
   2.23497e-263        618.1394       83.086998       1.9113454     -0.91134537       5.1929569        5.1929569       1225.8929       1225.8929
 3.7707924e-263       617.61634       98.926467       1.3416285     -0.34162851       5.1929569        5.1929569       1224.8468       1224.8468
 1.0908527e-262       616.55408       67.451933       2.8855673      -1.8855673       5.1929569        5.1929569       1222.7223       1222.7223
 1.2285913e-262       616.43517       81.970764       1.9601278     -0.96012785       5.1929569        5.1929569       1222.4844       1222.4844
 6.0799737e-262       614.83604       82.555146       1.9291588     -0.92915876       5.1929569        5.1929569       1219.2862       1219.2862
 3.8973829e-260       610.67557       72.602409       2.4793541      -1.4793541       5.1929569        5.1929569       1210.9652       1210.9652
  3.909801e-260       610.67238       91.389825        1.565174     -0.56517397       5.1929569        5.1929569       1210.9589       1210.9589
 4.4166931e-260       610.55048       93.181968       1.5044702     -0.50447015       5.1929569        5.1929569        1210.715        1210.715
 8.9827743e-260       609.84056       74.116226       2.3779155      -1.3779155       5.1929569        5.1929569       1209.2952       1209.2952
  2.982163e-259       608.64064       68.943767       2.7400667      -1.7400667       5.1929569        5.1929569       1206.8954       1206.8954
 4.2036168e-259       608.29734       78.628667       2.1110471      -1.1110471       5.1929569        5.1929569       1206.2088       1206.2088
 2.7512238e-258       606.41866        70.85714       2.5895581      -1.5895581       5.1929569        5.1929569       1202.4514       1202.4514
 1.1862723e-257        604.9573       71.955316       2.5079843      -1.5079843       5.1929569        5.1929569       1199.5287       1199.5287
 1.8380998e-257       604.51938       68.025885       2.8008719      -1.8008719       5.1929569        5.1929569       1198.6529       1198.6529
 8.7541448e-257       602.95859       66.840995        2.894679       -1.894679       5.1929569        5.1929569       1195.5313       1195.5313
 1.4628217e-256       602.44516       98.417935       1.3333512      -0.3333512       5.1929569        5.1929569       1194.5044       1194.5044
  1.751701e-255       599.96236        74.27586       2.3423358      -1.3423358       5.1929569        5.1929569       1189.5388       1189.5388
 3.0044994e-254       597.12025        78.75083       2.0788442      -1.0788442       5.1929569        5.1929569       1183.8546       1183.8546
 6.8530247e-254       596.29567       80.132526       2.0062013      -1.0062013       5.1929569        5.1929569       1182.2054       1182.2054
  1.057478e-253       595.86189       72.847464       2.4231738      -1.4231738       5.1929569        5.1929569       1181.3379       1181.3379
 1.0828095e-251       591.23305       96.351168        1.375253       -0.375253       5.1929569        5.1929569       1172.0802       1172.0802
 4.7560089e-250       587.45061       74.769558       2.2798328      -1.2798328       5.1929569        5.1929569       1164.5153       1164.5153
 5.1601694e-250       587.36905       90.926089        1.540882     -0.54088197       5.1929569        5.1929569       1164.3522       1164.3522
 3.0870604e-248       583.27763       74.167203       2.3058302      -1.3058302       5.1929569        5.1929569       1156.1693       1156.1693
 4.0535938e-248       583.00525       90.902738       1.5340607     -0.53406073       5.1929569        5.1929569       1155.6246       1155.6246
 5.1282053e-247       580.46751       95.031841       1.3973395     -0.39733952       5.1929569        5.1929569       1150.5491       1150.5491
 2.4404476e-246        578.9075       87.216214       1.6601792     -0.66017921       5.1929569        5.1929569       1147.4291       1147.4291
 2.8080063e-246       578.76721       68.015712       2.7223352      -1.7223352       5.1929569        5.1929569       1147.1485       1147.1485
  4.727521e-245       575.94369       74.687241        2.255263       -1.255263       5.1929569        5.1929569       1141.5015       1141.5015
 1.1579467e-244       575.04786       75.979691       2.1775542      -1.1775542       5.1929569        5.1929569       1139.7098       1139.7098
 1.2597307e-244       574.96361       72.186428       2.4099377      -1.4099377       5.1929569        5.1929569       1139.5413       1139.5413
 6.6324792e-244       573.30253       65.339199       2.9281637      -1.9281637       5.1929569        5.1929569       1136.2191       1136.2191
 2.0151533e-243       572.19123       97.686096       1.3079636     -0.30796361       5.1929569        5.1929569       1133.9965       1133.9965
 6.7772621e-243       570.97835       76.528479       2.1366612      -1.1366612       5.1929569        5.1929569       1131.5708       1131.5708
  6.905153e-243       570.95966       68.209501       2.6830455      -1.6830455       5.1929569        5.1929569       1131.5334       1131.5334
 2.3861453e-242       569.71966       67.349478       2.7471063      -1.7471063       5.1929569        5.1929569       1129.0534       1129.0534
 4.7309775e-242       569.03521       82.244135       1.8467557     -0.84675571       5.1929569        5.1929569       1127.6845       1127.6845
 3.8416425e-239       562.33568       90.045704       1.5268528     -0.52685281       5.1929569        5.1929569       1114.2855       1114.2855
 4.3913805e-239       562.20194       65.129736       2.9091587      -1.9091587       5.1929569        5.1929569        1114.018        1114.018
 1.1780624e-238       561.21513       71.535532       2.4148748      -1.4148748       5.1929569        5.1929569       1112.0443       1112.0443
 2.1794911e-238       560.59991       77.497318       2.0589782      -1.0589782       5.1929569        5.1929569       1110.8139       1110.8139
 7.4115611e-238       559.37596       88.481857       1.5764702     -0.57647021       5.1929569        5.1929569        1108.366        1108.366
   1.15988e-237        558.9281       87.921677       1.5959868     -0.59598685       5.1929569        5.1929569       1107.4703       1107.4703
 1.7369605e-237       558.52428       68.456954       2.6257817      -1.6257817       5.1929569        5.1929569       1106.6626       1106.6626
 2.5807393e-237       558.12834       81.904354       1.8386018     -0.83860178       5.1929569        5.1929569       1105.8708       1105.8708
 2.9473114e-237       557.99552       90.706308        1.496704     -0.49670399       5.1929569        5.1929569       1105.6051       1105.6051
 4.5954578e-237       557.55135       70.306631        2.488324       -1.488324       5.1929569        5.1929569       1104.7168       1104.7168
 6.0136893e-237       557.28238        88.65107       1.5665173     -0.56651729       5.1929569        5.1929569       1104.1788       1104.1788
 7.4137376e-237       557.07308       87.116963        1.622324     -0.62232402       5.1929569        5.1929569       1103.7602       1103.7602
  1.207478e-236        556.5853       71.359485       2.4135566      -1.4135566       5.1929569        5.1929569       1102.7847       1102.7847
 1.5212098e-236       556.35432        65.60225       2.8484732      -1.8484732       5.1929569        5.1929569       1102.3227       1102.3227
 2.5651341e-236       555.83182       85.293695       1.6904344     -0.69043439       5.1929569        5.1929569       1101.2777       1101.2777
  2.429603e-235       553.58352       79.653627       1.9334524     -0.93345238       5.1929569        5.1929569       1096.7811       1096.7811
 8.9800286e-235       552.27624       75.406752       2.1527797      -1.1527797       5.1929569        5.1929569       1094.1666       1094.1666
 1.6668718e-234       551.65771       69.333566       2.5400575      -1.5400575       5.1929569        5.1929569       1092.9295       1092.9295
 4.9069622e-234         550.578       69.779046       2.5049384      -1.5049384       5.1929569        5.1929569       1090.7701       1090.7701
 1.1278135e-232       547.44321       68.149343       2.6147608      -1.6147608       5.1929569        5.1929569       1084.5005       1084.5005
 8.3511876e-232       545.44109       80.192286       1.8892444     -0.88924439       5.1929569        5.1929569       1080.4963       1080.4963
 1.0993371e-231        545.1662        71.36197       2.3809641      -1.3809641       5.1929569        5.1929569       1079.9465       1079.9465
 1.2675943e-231       545.02378       88.131919       1.5622135     -0.56221353       5.1929569        5.1929569       1079.6617       1079.6617
 4.2682981e-231       543.80969       65.234347       2.8376057      -1.8376057       5.1929569        5.1929569       1077.2335       1077.2335
 5.7616919e-231       543.50967       74.781652       2.1659097      -1.1659097       5.1929569        5.1929569       1076.6334       1076.6334
 4.6353951e-230        541.4246       64.614487       2.8831585      -1.8831585       5.1929569        5.1929569       1072.4633       1072.4633
 7.7459078e-230       540.91115       72.456392       2.2985992      -1.2985992       5.1929569        5.1929569       1071.4364       1071.4364
 1.0751857e-229       540.58324       81.354973       1.8249996     -0.82499959       5.1929569        5.1929569       1070.7806       1070.7806
 1.2302397e-229       540.44852       70.708942       2.4109395      -1.4109395       5.1929569        5.1929569       1070.5111       1070.5111
 1.8368044e-229       540.04771       79.097313       1.9292353     -0.92923533       5.1929569        5.1929569       1069.7095       1069.7095
 6.4123787e-228       536.49492        72.48601       2.2845298      -1.2845298       5.1929569        5.1929569       1062.6039       1062.6039
 7.5598723e-227       534.02771       77.748551       1.9819657     -0.98196574       5.1929569        5.1929569       1057.6695       1057.6695
  3.627048e-226       532.45956       78.596641       1.9358997     -0.93589971       5.1929569        5.1929569       1054.5332       1054.5332
 4.7295693e-226       532.19414       68.515327       2.5401596      -1.5401596       5.1929569        5.1929569       1054.0024       1054.0024
 5.7744773e-226       531.99453       66.236953       2.7145738      -1.7145738       5.1929569        5.1929569       1053.6031       1053.6031
 1.0552922e-225       531.39158       69.226902        2.486467       -1.486467       5.1929569        5.1929569       1052.3972       1052.3972
 5.1946165e-225       529.79777       72.116029       2.2890348      -1.2890348       5.1929569        5.1929569       1049.2096       1049.2096
  8.081357e-225       529.35583       83.482367       1.7094882     -0.70948824       5.1929569        5.1929569       1048.3258       1048.3258
 1.1606415e-224       528.99384       63.211514       2.9652196      -1.9652196       5.1929569        5.1929569       1047.6018       1047.6018
 7.6182398e-224       527.11226       98.184029       1.2255317     -0.22553165       5.1929569        5.1929569       1043.8386       1043.8386
 9.2463215e-224       526.91858       69.361253       2.4634286      -1.4634286       5.1929569        5.1929569       1043.4513       1043.4513
 4.8933994e-223       525.25234       67.718476       2.5773914      -1.5773914       5.1929569        5.1929569       1040.1188       1040.1188
 7.8216752e-223       524.78332          64.244       2.8573745      -1.8573745       5.1929569        5.1929569       1039.1807       1039.1807
 9.2864816e-223       524.61166        68.20148       2.5395203      -1.5395203       5.1929569        5.1929569       1038.8374       1038.8374
 5.0765454e-222       522.91301       85.528209       1.6153426     -0.61534264       5.1929569        5.1929569       1035.4401       1035.4401
   1.21045e-221       522.04406       74.999017       2.0978631      -1.0978631       5.1929569        5.1929569       1033.7022       1033.7022
 4.3517516e-221       520.76447       81.460623       1.7765788     -0.77657879       5.1929569        5.1929569        1031.143        1031.143
 6.2585144e-221       520.40111       86.446087       1.5760037     -0.57600365       5.1929569        5.1929569       1030.4163       1030.4163
 9.5310085e-221        519.9805       95.569739        1.284104     -0.28410401       5.1929569        5.1929569       1029.5751       1029.5751
 2.6437322e-219       516.65769       68.422122       2.4985771      -1.4985771       5.1929569        5.1929569       1022.9295       1022.9295
 3.1007172e-219       516.49825       68.735816       2.4756436      -1.4756436       5.1929569        5.1929569       1022.6106       1022.6106
 2.0103417e-218       514.62899       85.696146       1.5923513     -0.59235132       5.1929569        5.1929569       1018.8721       1018.8721
 1.6935854e-217       512.49786       92.695189       1.3541625     -0.35416253       5.1929569        5.1929569       1014.6098       1014.6098
 2.5781391e-217       512.07764       62.988985       2.9236165      -1.9236165       5.1929569        5.1929569       1013.7694       1013.7694
 2.9382154e-217       511.94691       75.669371       2.0352766      -1.0352766       5.1929569        5.1929569       1013.5079       1013.5079
 5.0438217e-217       511.40655        64.17917       2.8156021      -1.8156021       5.1929569        5.1929569       1012.4272       1012.4272
 1.0493102e-216       510.67399       82.608343       1.7057172     -0.70571715       5.1929569        5.1929569       1010.9621       1010.9621
 7.3756805e-216       508.72394       72.403841       2.2122452      -1.2122452       5.1929569        5.1929569        1007.062        1007.062
 7.6963118e-216       508.68139       67.688645       2.5267317      -1.5267317       5.1929569        5.1929569       1006.9769       1006.9769
  3.914013e-215       507.05498       94.489412       1.2929202      -0.2929202       5.1929569        5.1929569        1003.724        1003.724
  2.431734e-214       505.22835       85.694015       1.5735032     -0.57350324       5.1929569        5.1929569       1000.0708       1000.0708
 3.5550474e-214       504.84859       85.574005       1.5771876     -0.57718758       5.1929569        5.1929569       999.31126       999.31126
  1.486132e-213        503.4182       92.329144       1.3493133     -0.34931326       5.1929569        5.1929569       996.45048       996.45048
 6.2273042e-212       499.68284       69.212138       2.3906084      -1.3906084       5.1929569        5.1929569       988.97977       988.97977
  2.479042e-211       498.30133       69.526179       2.3651361      -1.3651361       5.1929569        5.1929569       986.21675       986.21675
 4.1942739e-211       497.77548       65.032171       2.6960804      -1.6960804       5.1929569        5.1929569       985.16505       985.16505
 1.9757811e-210       496.22565       69.232673       2.3785785      -1.3785785       5.1929569        5.1929569       982.06539       982.06539
 5.7561623e-209       492.85376       98.926662       1.1541752     -0.15417524       5.1929569        5.1929569       975.32161       975.32161
 3.1312136e-208       491.16003       62.970114       2.8477816      -1.8477816       5.1929569        5.1929569       971.93414       971.93414
 5.6315074e-208       490.57307       83.885627       1.6116347      -0.6116347       5.1929569        5.1929569       970.76023       970.76023
 8.3957578e-208       490.17372       92.258873       1.3281596      -0.3281596       5.1929569        5.1929569       969.96153       969.96153
 9.4808523e-208       490.05217        70.92399       2.2497485      -1.2497485       5.1929569        5.1929569       969.71843       969.71843
 1.0422263e-207        489.9575       97.798081       1.1774662     -0.17746624       5.1929569        5.1929569       969.52909       969.52909
  1.933222e-207       489.33967        79.69058       1.7832781     -0.78327806       5.1929569        5.1929569       968.29343       968.29343
 2.6404295e-206       486.72533       74.757719       2.0182312      -1.0182312       5.1929569        5.1929569       963.06476       963.06476
 1.6186641e-205       484.91209       65.552545       2.6099331      -1.6099331       5.1929569        5.1929569       959.43827       959.43827
 2.9778293e-205        484.3025       64.838929        2.664583       -1.664583       5.1929569        5.1929569       958.21908       958.21908
 1.7117354e-204        482.5536       82.341926       1.6552796     -0.65527964       5.1929569        5.1929569       954.72128       954.72128
 2.1708937e-204       482.31597       74.176827       2.0378081      -1.0378081       5.1929569        5.1929569       954.24602       954.24602
 4.5287285e-204       481.58066       78.102849       1.8374332     -0.83743324       5.1929569        5.1929569       952.77542       952.77542
 1.0589682e-203       480.73123       78.366095       1.8230879     -0.82308795       5.1929569        5.1929569       951.07654       951.07654
 4.9587336e-203       479.18737       78.534658       1.8115618     -0.81156178       5.1929569        5.1929569       947.98883       947.98883
 1.3683015e-202       478.17237       61.482649       2.9338024      -1.9338024       5.1929569        5.1929569       945.95882       945.95882
 1.2142698e-201       475.98921       69.710057       2.2848577      -1.2848577       5.1929569        5.1929569        941.5925        941.5925
 2.4215675e-200       472.99635       66.658028       2.4856224      -1.4856224       5.1929569        5.1929569       935.60679       935.60679
 3.8606865e-200       472.52992       77.666055       1.8357034     -0.83570342       5.1929569        5.1929569       934.67393       934.67393
 3.8955454e-200       472.52093       99.519961       1.1087776     -0.10877763       5.1929569        5.1929569       934.65595       934.65595
  5.596179e-200       472.15868        68.56264        2.348775       -1.348775       5.1929569        5.1929569       933.93145       933.93145
 1.5248038e-199       471.15632       94.537576       1.2311999     -0.23119991       5.1929569        5.1929569       931.92672       931.92672
 2.0118227e-199       470.87914       71.755011       2.1432105      -1.1432105       5.1929569        5.1929569       931.37237       931.37237
 3.3486268e-199       470.36963       70.721167       2.2040638      -1.2040638       5.1929569        5.1929569       930.35335       930.35335
 5.2149716e-199       469.92665       76.435861       1.8883296     -0.88832957       5.1929569        5.1929569       929.46738       929.46738
 4.0178522e-198       467.88485       80.983182       1.6779637     -0.67796375       5.1929569        5.1929569       925.38378       925.38378
  1.878943e-196       464.03972       72.330148       2.0900931      -1.0900931       5.1929569        5.1929569       917.69352       917.69352
 6.1142655e-196        462.8598       61.557192       2.8666726      -1.8666726       5.1929569        5.1929569       915.33369       915.33369
 7.8312492e-196        462.6123       78.764621       1.7610459     -0.76104595       5.1929569        5.1929569       914.83869       914.83869
 1.0891545e-195       462.28244       67.455271       2.3929782      -1.3929782       5.1929569        5.1929569       914.17896       914.17896
 5.1528964e-194        458.4257       67.015548       2.4111447      -1.4111447       5.1929569        5.1929569       906.46548       906.46548
 7.3585567e-194       458.06939       73.437703       2.0115368      -1.0115368       5.1929569        5.1929569       905.75287       905.75287
 8.0272153e-194       457.98242       62.027613       2.8052152      -1.8052152       5.1929569        5.1929569       905.57892       905.57892
 1.0616479e-193       457.70285       78.806694       1.7472838     -0.74728385       5.1929569        5.1929569       905.01978       905.01978
 1.2565481e-193        457.5343       76.293281       1.8634374     -0.86343738       5.1929569        5.1929569       904.68269       904.68269
 1.4420085e-193       457.39663       67.300977       2.3876477      -1.3876477       5.1929569        5.1929569       904.40735       904.40735
 1.1502237e-192       455.32013       86.657204       1.4388248     -0.43882476       5.1929569        5.1929569       900.25434       900.25434
 2.0223079e-192       454.75585       75.148833         1.91287     -0.91286995       5.1929569        5.1929569       899.12578       899.12578
 9.4184219e-192       453.21742       69.623033       2.2202785      -1.2202785       5.1929569        5.1929569       896.04892       896.04892
 1.0886824e-191       453.07253       79.110025       1.7227791     -0.72277914       5.1929569        5.1929569       895.75915       895.75915
 1.8258587e-191       452.55545       63.841568       2.6309286      -1.6309286       5.1929569        5.1929569       894.72499       894.72499
 3.8137476e-191       451.81889       60.914474       2.8817515      -1.8817515       5.1929569        5.1929569       893.25186       893.25186
  5.045823e-191       451.53894       81.381443       1.6243751     -0.62437514       5.1929569        5.1929569       892.69196       892.69196
 1.7936331e-190       450.27067        91.09352       1.2904696     -0.29046963       5.1929569        5.1929569       890.15543       890.15543
 2.6038526e-190       449.89792       66.364131       2.4288966      -1.4288966       5.1929569        5.1929569       889.40993       889.40993
 5.8374894e-189       446.78803       94.487087       1.1909659     -0.19096588       5.1929569        5.1929569       883.19014       883.19014
 2.0169436e-188       445.54816       59.724005       2.9689973      -1.9689973       5.1929569        5.1929569       880.71041       880.71041
  4.973007e-188       444.64572       61.218761       2.8249578      -1.8249578       5.1929569        5.1929569       878.90553       878.90553
 7.3986758e-188       444.24844       93.998791       1.1993761     -0.19937609       5.1929569        5.1929569       878.11097       878.11097
 1.9168839e-187       443.29646        61.58652       2.7866177      -1.7866177       5.1929569        5.1929569         876.207         876.207
 5.5117677e-187       442.24027       66.982091       2.3592882      -1.3592882       5.1929569        5.1929569       874.09463       874.09463
  6.129668e-187       442.13402       97.276067       1.1136156     -0.11361562       5.1929569        5.1929569       873.88212       873.88212
 8.7066547e-186       439.48049       73.367459       1.9633002     -0.96330016       5.1929569        5.1929569       868.57506       868.57506
 2.1566458e-184       436.27085       79.076334       1.6835493     -0.68354928       5.1929569        5.1929569       862.15579       862.15579
 2.1934121e-184       436.25395       63.460941       2.6010315      -1.6010315       5.1929569        5.1929569       862.12198       862.12198
 3.4085202e-184       435.81313       93.491231       1.1980247     -0.19802468       5.1929569        5.1929569       861.24034       861.24034
  3.494282e-183       433.48569       69.832691       2.1460771      -1.1460771       5.1929569        5.1929569       856.58547       856.58547
 3.7393148e-183       433.41792       80.197832       1.6300188     -0.63001876       5.1929569        5.1929569       856.44992       856.44992
 4.4397809e-183       433.24621       61.998491       2.7109283      -1.7109283       5.1929569        5.1929569       856.10651       856.10651
  6.300419e-182       430.59362       95.473905       1.1382483     -0.13824827       5.1929569        5.1929569       850.80132       850.80132
 6.6312222e-182       430.54245       72.028643       2.0100976      -1.0100976       5.1929569        5.1929569       850.69898       850.69898
 7.4550292e-182       430.42535       64.391736        2.506436       -1.506436       5.1929569        5.1929569       850.46478       850.46478
 1.0266441e-181       430.10535       63.116066       2.6056266      -1.6056266       5.1929569        5.1929569       849.82479       849.82479
 2.9592225e-181       429.04672       81.853136       1.5546011     -0.55460107       5.1929569        5.1929569       847.70753       847.70753
 9.0922134e-181       427.92423         81.6212       1.5609129     -0.56091293       5.1929569        5.1929569       845.46255       845.46255
 7.2031041e-180       425.85455       78.383936       1.6875536     -0.68755358       5.1929569        5.1929569       841.32319       841.32319
 4.1403854e-179       424.10569       74.852347        1.845067     -0.84506697       5.1929569        5.1929569       837.82547       837.82547
 2.4738329e-178       422.31813       85.362471       1.4142265     -0.41422652       5.1929569        5.1929569       834.25034       834.25034
 3.2492641e-177       419.74288       80.707321       1.5773507      -0.5773507       5.1929569        5.1929569       829.09985       829.09985
 7.6174387e-176       416.58828       98.862977       1.0359318    -0.035931794       5.1929569        5.1929569       822.79065       822.79065
 1.8234269e-175       415.71542       86.628722       1.3590457     -0.35904568       5.1929569        5.1929569       821.04493       821.04493
 2.8071359e-175       415.28397       76.449691       1.7460874     -0.74608738       5.1929569        5.1929569       820.18203       820.18203
 3.5927673e-175       415.03722       62.047962       2.6347678      -1.6347678       5.1929569        5.1929569       819.68852       819.68852
 8.2122442e-175       414.21051       61.560603       2.6724672      -1.6724672       5.1929569        5.1929569       818.03511       818.03511
 1.1504437e-174       413.87341       76.749357        1.728857     -0.72885696       5.1929569        5.1929569        817.3609        817.3609
 5.1030029e-174       412.38372       64.249835       2.4507489      -1.4507489       5.1929569        5.1929569       814.38153       814.38153
 9.6947092e-174       411.74197       76.430997       1.7376262     -0.73762621       5.1929569        5.1929569       813.09803       813.09803
   1.49994e-173       411.30554       85.245075       1.3947946     -0.39479464       5.1929569        5.1929569       812.22517       812.22517
 1.8736637e-173       411.08307       70.693462       2.0264242      -1.0264242       5.1929569        5.1929569       811.78023       811.78023
 8.9624018e-173       409.51793       97.094038        1.064191    -0.064191033       5.1929569        5.1929569       808.64995       808.64995
 4.3917974e-172       407.92864       63.006204       2.5293717      -1.5293717       5.1929569        5.1929569       805.47138       805.47138
 5.4311242e-172       407.71624       69.926754       2.0599659      -1.0599659       5.1929569        5.1929569       805.04656       805.04656
 3.4948666e-171        405.8545       58.241425       2.9410245      -1.9410245       5.1929569        5.1929569       801.32309       801.32309
 6.0894918e-171       405.29923       86.599764       1.3384455     -0.33844555       5.1929569        5.1929569       800.21255       800.21255
 1.5627028e-170        404.3568       61.190367       2.6639226      -1.6639226       5.1929569        5.1929569       798.32768       798.32768
 2.0380289e-170       404.09123        59.28696       2.8327324      -1.8327324       5.1929569        5.1929569       797.79655       797.79655
 3.5027432e-170       403.54967       76.419331       1.7165445     -0.71654453       5.1929569        5.1929569       796.71342       796.71342
 6.0896558e-170       402.99662       98.803537        1.015359    -0.015359034       5.1929569        5.1929569       795.60733       795.60733
 8.0406755e-170        402.7187        95.25394       1.0958259    -0.095825891       5.1929569        5.1929569       795.05149       795.05149
 2.0388325e-169       401.78825       78.322263       1.6298978      -0.6298978       5.1929569        5.1929569       793.19059       793.19059
 2.0925918e-169       401.76222       87.644979       1.2989733     -0.29897329       5.1929569        5.1929569       793.13854       793.13854
 2.4642983e-168       399.29614       84.181271       1.4044154      -0.4044154       5.1929569        5.1929569       788.20636       788.20636
  3.292456e-167       396.70382       83.908697        1.407926     -0.40792597       5.1929569        5.1929569       783.02173       783.02173
 2.3565409e-166       394.73568       61.311197       2.6142412      -1.6142412       5.1929569        5.1929569       779.08544       779.08544
 8.9252913e-166       393.40398       77.500881       1.6429474      -0.6429474       5.1929569        5.1929569       776.42205       776.42205
 2.5076521e-165       392.37094       58.012431        2.902067       -1.902067       5.1929569        5.1929569       774.35597       774.35597
 1.5160195e-164       390.57161       60.474625        2.667903       -1.667903       5.1929569        5.1929569       770.75732       770.75732
 2.4456653e-164       390.09339       68.770628       2.0713528      -1.0713528       5.1929569        5.1929569       769.80086       769.80086
 2.8599842e-163        387.6343       65.335269       2.2821295      -1.2821295       5.1929569        5.1929569       764.88269       764.88269
 4.7891837e-163       387.11876        71.18233       1.9260042     -0.92600424       5.1929569        5.1929569        763.8516        763.8516
  7.254195e-163       386.70354       74.977174       1.7364235     -0.73642352       5.1929569        5.1929569       763.02116       763.02116
 9.7443403e-163       386.40843       94.242136       1.0914995    -0.091499494       5.1929569        5.1929569       762.43095       762.43095
 2.7834935e-161       383.05624       58.239361       2.8374537      -1.8374537       5.1929569        5.1929569       755.72657       755.72657
 5.0237496e-161       382.46577       68.574852       2.0578316      -1.0578316       5.1929569        5.1929569       754.54563       754.54563
 7.4347983e-161       382.07378       77.873392       1.5981672     -0.59816725       5.1929569        5.1929569       753.76164       753.76164
  7.985647e-161        382.0023       83.304327       1.3955198     -0.39551982       5.1929569        5.1929569       753.61869       753.61869
 4.6157548e-160       380.24789       78.361588       1.5736669     -0.57366686       5.1929569        5.1929569       750.10986       750.10986
  3.717443e-159       378.16174       67.071926       2.1346932      -1.1346932       5.1929569        5.1929569       745.93757       745.93757
 5.0320598e-159       377.85895       93.295007       1.0990872    -0.099087174       5.1929569        5.1929569       745.33198       745.33198
 1.9691965e-158       376.49457       96.515928       1.0214632     -0.02146316       5.1929569        5.1929569       742.60322       742.60322
 1.9148854e-156       371.91736       59.925934       2.6351162      -1.6351162       5.1929569        5.1929569       733.44881       733.44881
 8.8009477e-156       370.39216       61.363367       2.5094134      -1.5094134       5.1929569        5.1929569       730.39841       730.39841
 1.1826927e-155       370.09664       80.795462       1.4555699     -0.45556987       5.1929569        5.1929569       729.80737       729.80737
 1.4028463e-155       369.92593       71.963086       1.8330359     -0.83303593       5.1929569        5.1929569       729.46595       729.46595
 3.7205654e-155       368.95056       61.616649       2.4833242      -1.4833242       5.1929569        5.1929569       727.51521       727.51521
 4.2231467e-155       368.82386       68.973724       1.9896319     -0.98963191       5.1929569        5.1929569        727.2618        727.2618
  1.420412e-154        367.6109        86.52613       1.2616811      -0.2616811       5.1929569        5.1929569        724.8359        724.8359
 5.9307325e-153       363.87912       65.150216       2.2075089      -1.2075089       5.1929569        5.1929569       717.37232       717.37232
 1.7328773e-152        362.8069       65.098643       2.2069638      -1.2069638       5.1929569        5.1929569       715.22788       715.22788
 5.5747166e-152       361.63844       85.961443       1.2657802     -0.26578023       5.1929569        5.1929569       712.89097       712.89097
 1.1995373e-151       360.87216       56.046058       2.9479056      -1.9479056       5.1929569        5.1929569       711.35841       711.35841
 7.8952472e-151       358.98784       63.462802       2.3049643      -1.3049643       5.1929569        5.1929569       707.58976       707.58976
 8.1261518e-151       358.95901        68.65463       1.9749666     -0.97496663       5.1929569        5.1929569        707.5321        707.5321
 2.1073368e-149        355.7035       70.710251        1.852995     -0.85299501       5.1929569        5.1929569       701.02109       701.02109
 2.5587795e-149        355.5094        69.40687       1.9216771     -0.92167706       5.1929569        5.1929569       700.63288       700.63288
 4.8755763e-149       354.86469       64.974147       2.1856062      -1.1856062       5.1929569        5.1929569       699.34346       699.34346
 1.0213589e-148       354.12521       73.035378       1.7333588     -0.73335882       5.1929569        5.1929569        697.8645        697.8645
 1.1762896e-148       353.98398       66.353553       2.0941331      -1.0941331       5.1929569        5.1929569       697.58204       697.58204
 6.0076846e-148        352.3533       77.720928       1.5268154     -0.52681542       5.1929569        5.1929569       694.32069       694.32069
  1.097008e-147       351.75117       59.040693       2.6218817      -1.6218817       5.1929569        5.1929569       693.11643       693.11643
 1.1763544e-147       351.68134       55.745631       2.9322765      -1.9322765       5.1929569        5.1929569       692.97676       692.97676
 3.8373628e-146       348.19639       55.024051       2.9894324      -1.9894324       5.1929569        5.1929569       686.00686       686.00686
 1.3662229e-145       346.92654       75.631402        1.597075     -0.59707497       5.1929569        5.1929569       683.46716       683.46716
 1.5894185e-145       346.77522       82.493362       1.3412526     -0.34125262       5.1929569        5.1929569       683.16452       683.16452
 2.2887713e-145       346.41057       87.290056       1.1946804     -0.19468036       5.1929569        5.1929569       682.43523       682.43523
 3.4223527e-145       346.00826       57.622505       2.7218475      -1.7218475       5.1929569        5.1929569        681.6306        681.6306
 1.6695685e-144       344.42344       91.007061        1.092366    -0.092365961       5.1929569        5.1929569       678.46096       678.46096
   2.06103e-144       344.21279       56.256514       2.8431502      -1.8431502       5.1929569        5.1929569       678.03968       678.03968
 4.0209985e-144       343.54447       58.580993        2.624242       -1.624242       5.1929569        5.1929569       676.70303       676.70303
 5.1937001e-144       343.28855        56.22554       2.8415513      -1.8415513       5.1929569        5.1929569       676.19119       676.19119
 2.3992391e-143       341.75826       72.989727       1.6985479     -0.69854787       5.1929569        5.1929569       673.13061       673.13061
  3.574316e-143       341.35964       85.345346       1.2398167     -0.23981668       5.1929569        5.1929569       672.33337       672.33337
 2.0480237e-142       339.61396       74.340771       1.6315858     -0.63158581       5.1929569        5.1929569         668.842         668.842
 3.1128661e-141        336.8927       61.224285       2.3792692      -1.3792692       5.1929569        5.1929569       663.39949       663.39949
 6.8290729e-141       336.10706       59.742102       2.4923887      -1.4923887       5.1929569        5.1929569        661.8282        661.8282
 1.4082598e-140       335.38331       82.118297       1.3264727     -0.32647274       5.1929569        5.1929569        660.3807        660.3807
  4.120544e-140       334.30968       94.407311      0.99330358    0.0066964232       5.1929569        5.1929569       658.23344       658.23344
 5.5398772e-140       334.01369       62.283557       2.2889341      -1.2889341       5.1929569        5.1929569       657.64146       657.64146
 1.4545507e-137       328.44321       88.364615        1.127655     -0.12765504       5.1929569        5.1929569        646.5005        646.5005
 1.9234861e-137       328.16377       97.867682      0.90975521     0.090244788       5.1929569        5.1929569       645.94162       645.94162
 3.0288868e-137       327.70971       89.583678       1.0946806    -0.094680631       5.1929569        5.1929569       645.03351       645.03351
 3.3366636e-137       327.61293       95.043096      0.96714586     0.032854144       5.1929569        5.1929569       644.83995       644.83995
 4.0092184e-137       327.42931       99.613308      0.87467034      0.12532966       5.1929569        5.1929569        644.4727        644.4727
  1.194581e-136       326.33752       62.132022       2.2679368      -1.2679368       5.1929569        5.1929569       642.28914       642.28914
 4.2032741e-136       325.07946       75.048439        1.559547     -0.55954696       5.1929569        5.1929569         639.773         639.773
 8.0590784e-136       324.42852        76.20675       1.5108118     -0.51081177       5.1929569        5.1929569       638.47113       638.47113
 3.4631624e-135       322.97055       74.929832       1.5583819     -0.55838194       5.1929569        5.1929569       635.55519       635.55519
 8.3897763e-135       322.08572       66.122229       1.9919267      -0.9919267       5.1929569        5.1929569       633.78553       633.78553
 1.8497862e-134       321.29508         74.8336       1.5575216     -0.55752164       5.1929569        5.1929569       632.20425       632.20425
 2.7143888e-134       320.91158        93.22067      0.99464499    0.0053550054       5.1929569        5.1929569       631.43725       631.43725
 3.1267118e-134       320.77017       89.440143        1.084071    -0.084071009       5.1929569        5.1929569       631.15442       631.15442
 3.4296106e-134        320.6777        65.72768       2.0101934      -1.0101934       5.1929569        5.1929569       630.96949       630.96949
 5.0917979e-134       320.28252       84.497036       1.2173251     -0.21732509       5.1929569        5.1929569       630.17912       630.17912
  6.112626e-134       320.09979       78.606353       1.4084909     -0.40849086       5.1929569        5.1929569       629.81367       629.81367
 2.8051361e-133       318.57611       97.700346       0.8963741       0.1036259       5.1929569        5.1929569       626.76631       626.76631
 4.7377563e-133         318.052       72.754571       1.6372769     -0.63727688       5.1929569        5.1929569       625.71809       625.71809
 1.2244235e-132       317.10251       83.842305       1.2293626      -0.2293626       5.1929569        5.1929569       623.81911       623.81911
 3.3205746e-132       316.10484       85.477252       1.1795875     -0.17958751       5.1929569        5.1929569       621.82377       621.82377
  1.153023e-130       312.55742       84.388711       1.2026956     -0.20269564       5.1929569        5.1929569       614.72893       614.72893
 1.4847456e-130       312.30457       93.105411       0.9807428     0.019257199       5.1929569        5.1929569       614.22322       614.22322
  1.763742e-130       312.13237       77.230753       1.4374362     -0.43743623       5.1929569        5.1929569       613.87883       613.87883
 2.2585266e-130        311.8851       87.167715        1.123947     -0.12394699       5.1929569        5.1929569       613.38428       613.38428
 8.7486542e-130       310.53091       71.878144       1.6533695     -0.65336954       5.1929569        5.1929569       610.67591       610.67591
 1.1940908e-129       310.21984       55.176323       2.7728983      -1.7728983       5.1929569        5.1929569       610.05376       610.05376
 2.0542864e-129        309.6773       54.428651       2.8444234      -1.8444234       5.1929569        5.1929569       608.96868       608.96868
 2.7517492e-129       309.38499       97.950257       0.8754125       0.1245875       5.1929569        5.1929569       608.38406       608.38406
 3.7127658e-129       309.08545       83.110067       1.2324113     -0.23241131       5.1929569        5.1929569       607.78498       607.78498
 1.7507483e-128        307.5346       76.034815       1.4699781     -0.46997807       5.1929569        5.1929569       604.68328       604.68328
 3.6373493e-128       306.80338       61.860089       2.2047102      -1.2047102       5.1929569        5.1929569       603.22085       603.22085
 4.6915799e-128       306.54887       67.061633       1.8813274     -0.88132738       5.1929569        5.1929569       602.71183       602.71183
 5.1032312e-128       306.46477       96.317904      0.90219538     0.097804623       5.1929569        5.1929569       602.54362       602.54362
 6.2568553e-128       306.26096       79.765016       1.3319928     -0.33199283       5.1929569        5.1929569       602.13601       602.13601
 7.9420436e-128       306.02247       74.967479       1.5076189     -0.50761888       5.1929569        5.1929569       601.65902       601.65902
 1.1667544e-127       305.63783       62.890937       2.1298402      -1.1298402       5.1929569        5.1929569       600.88974       600.88974
 1.6959098e-127       305.26383       60.293982       2.3109205      -1.3109205       5.1929569        5.1929569       600.14176       600.14176
 3.6819837e-127        304.4886       84.827128       1.1714915     -0.17149155       5.1929569        5.1929569       598.59129       598.59129
 3.8946584e-127       304.43245       84.309257        1.186119     -0.18611904       5.1929569        5.1929569       598.47898       598.47898
 6.8718853e-127       303.86462       73.679505       1.5540035     -0.55400354       5.1929569        5.1929569       597.34332       597.34332
 4.5586398e-126       301.97244       67.212051       1.8564684     -0.85646836       5.1929569        5.1929569       593.55898       593.55898
 5.3722156e-126       301.80823       60.179751       2.3038643      -1.3038643       5.1929569        5.1929569       593.23054       593.23054
 5.4604802e-126       301.79193       63.003297       2.1065612      -1.1065612       5.1929569        5.1929569       593.19795       593.19795
 9.2811339e-126       301.26149       85.551904       1.1439221     -0.14392212       5.1929569        5.1929569       592.13706       592.13706
 1.9245279e-125        300.5322       96.899236      0.87998851      0.12001149       5.1929569        5.1929569       590.67849       590.67849
  4.307659e-125       299.72649       76.775701       1.4199305     -0.41993052       5.1929569        5.1929569       589.06706       589.06706
  4.406654e-125       299.70377       62.258379       2.1472554      -1.1472554       5.1929569        5.1929569       589.02162       589.02162
 5.7094522e-125       299.44476       66.266003       1.8994327     -0.89943274       5.1929569        5.1929569       588.50361       588.50361
 1.3418601e-124       298.59024       66.790276       1.8671188      -0.8671188       5.1929569        5.1929569       586.79457       586.79457
 2.4476412e-124       297.98917       98.926036      0.83717865      0.16282135       5.1929569        5.1929569       585.59243       585.59243
 4.4889542e-124       297.38268       54.281876       2.7910598      -1.7910598       5.1929569        5.1929569       584.37944       584.37944
 1.2712359e-123       296.34172       54.168783       2.7965436      -1.7965436       5.1929569        5.1929569       582.29753       582.29753
 1.3817789e-123       296.25834       55.308458       2.6852945      -1.6852945       5.1929569        5.1929569       582.13077       582.13077
 1.6794567e-123       296.06324       59.750129       2.3098287      -1.3098287       5.1929569        5.1929569       581.74057       581.74057
 2.0570831e-123       295.86042       69.691103       1.7079464      -0.7079464       5.1929569        5.1929569       581.33494       581.33494
 2.8392529e-123       295.53817       76.771126       1.4083371     -0.40833713       5.1929569        5.1929569       580.69043       580.69043
 1.0476871e-122       294.23254       57.509343       2.4791007      -1.4791007       5.1929569        5.1929569       578.07917       578.07917
  1.277645e-122       294.03411       75.124861       1.4662776     -0.46627762       5.1929569        5.1929569       577.68231       577.68231
 1.6451646e-122       293.78129       54.552722       2.7442802      -1.7442802       5.1929569        5.1929569       577.17666       577.17666
 3.3386138e-122       293.07357       58.467375       2.3951064      -1.3951064       5.1929569        5.1929569       575.76123       575.76123
 5.5925252e-122        292.5577       74.710109       1.4781669      -0.4781669       5.1929569        5.1929569       574.72948       574.72948
 1.5456288e-121       291.54111       63.161659       2.0539539      -1.0539539       5.1929569        5.1929569       572.69631       572.69631
 1.8944299e-121       291.33763       56.022539       2.5933433      -1.5933433       5.1929569        5.1929569       572.28934       572.28934
 4.8883525e-121       290.38969       92.682562      0.94728764     0.052712359       5.1929569        5.1929569       570.39346       570.39346
 9.1152736e-121       289.76659       91.170155      0.97939671     0.020603293       5.1929569        5.1929569       569.14727       569.14727
 1.2537244e-120       289.44784       93.285863      0.93254353      0.06745647       5.1929569        5.1929569       568.50977       568.50977
 1.2679143e-120       289.43659       82.639934       1.1988851     -0.19888515       5.1929569        5.1929569       568.48726       568.48726
 1.8162167e-120        289.0772       91.040811      0.98090923     0.019090768       5.1929569        5.1929569       567.76849       567.76849
 1.8568151e-120        289.0551        67.34712       1.8021848     -0.80218481       5.1929569        5.1929569       567.72428       567.72428
 1.0029013e-119       287.36848       82.321126       1.2032368     -0.20323685       5.1929569        5.1929569       564.35104       564.35104
 1.0117885e-119       287.35965       68.592847       1.7323706     -0.73237057       5.1929569        5.1929569       564.33339       564.33339
 2.6255314e-119       286.40609       58.648561       2.3486554      -1.3486554       5.1929569        5.1929569       562.42627       562.42627
 2.0342081e-118       284.35868       76.600204       1.3829018     -0.38290175       5.1929569        5.1929569       558.33145       558.33145
 4.1607198e-118        283.6431       85.161976       1.1139645     -0.11396449       5.1929569        5.1929569       556.90029       556.90029
 4.6397373e-118       283.53413       55.813159       2.5707316      -1.5707316       5.1929569        5.1929569       556.68235       556.68235
 4.8434555e-118       283.49116        63.55779       1.9959558     -0.99595582       5.1929569        5.1929569       556.59641       556.59641
 5.6576122e-118       283.33579       54.784748       2.6640951      -1.6640951       5.1929569        5.1929569       556.28566       556.28566
 9.4908701e-118       282.81846        74.27548       1.4660411     -0.46604115       5.1929569        5.1929569         555.251         555.251
  1.014401e-117        282.7519       55.253964       2.6171966      -1.6171966       5.1929569        5.1929569        555.1179        555.1179
 2.4607604e-117       281.86573        62.73106       2.0407974      -1.0407974       5.1929569        5.1929569       553.34555       553.34555
 3.3495411e-116       279.25479       68.375782       1.7143258     -0.71432576       5.1929569        5.1929569       548.12368       548.12368
 5.6298381e-115       276.43295       71.779447       1.5483039     -0.54830385       5.1929569        5.1929569       542.47999       542.47999
 6.6890287e-115       276.26056        97.46099      0.82532174      0.17467826       5.1929569        5.1929569       542.13521       542.13521
  1.478173e-114       275.46764       59.272806         2.24887        -1.24887       5.1929569        5.1929569       540.54937       540.54937
  4.598679e-114       274.33268        59.65422       2.2156396      -1.2156396       5.1929569        5.1929569       538.27944       538.27944
 2.5235111e-113       272.63021       85.896396       1.0690945    -0.069094485       5.1929569        5.1929569       534.87451       534.87451
 2.9425438e-113       272.47659       87.395722       1.0311372    -0.031137235       5.1929569        5.1929569       534.56726       534.56726
 3.8861862e-113       272.19843       55.605433        2.528111       -1.528111       5.1929569        5.1929569       534.01096       534.01096
 4.4332868e-113       272.06672       57.062844       2.4036742      -1.4036742       5.1929569        5.1929569       533.74753       533.74753
 2.6064755e-112       270.29528       51.286996       2.9444786      -1.9444786       5.1929569        5.1929569       530.20464       530.20464
 2.9515762e-112       270.17094        54.80288       2.5890205      -1.5890205       5.1929569        5.1929569       529.95596       529.95596
 1.4564176e-110       266.27213       83.043568       1.1301433     -0.13014332       5.1929569        5.1929569       522.15834       522.15834
 1.8743897e-110       266.01982       95.644441      0.84007112      0.15992888       5.1929569        5.1929569       521.65374       521.65374
 2.1285926e-110       265.89265       57.499556        2.336903       -1.336903       5.1929569        5.1929569       521.39938       521.39938
 1.5067971e-109       263.93554       84.390058       1.0878484    -0.087848372       5.1929569        5.1929569       517.48516       517.48516
 1.9107915e-109         263.698       54.715747       2.5605096      -1.5605096       5.1929569        5.1929569        517.0101        517.0101
 4.4357384e-109       262.85583       90.420081      0.94010029     0.059899714       5.1929569        5.1929569       515.32574       515.32574
 1.3179009e-108        261.7669       69.474876       1.6001924     -0.60019241       5.1929569        5.1929569       513.14788       513.14788
 1.4870309e-108       261.64616       68.544079       1.6428714     -0.64287137       5.1929569        5.1929569        512.9064        512.9064
 1.6115547e-108       261.56574       71.128852       1.5268134     -0.52681335       5.1929569        5.1929569       512.74556       512.74556
 1.8820497e-108       261.41058       56.943565       2.3579781      -1.3579781       5.1929569        5.1929569       512.43524       512.43524
 1.0289138e-107       259.71185       86.330533        1.028211     -0.02821095       5.1929569        5.1929569       509.03778       509.03778
 2.0007293e-107       259.04684       51.304036       2.8702029      -1.8702029       5.1929569        5.1929569       507.70777       507.70777
 2.3694804e-107       258.87768       57.460108       2.3040079      -1.3040079       5.1929569        5.1929569       507.36945       507.36945
 5.5735053e-107       258.02233       73.359651       1.4248063     -0.42480629       5.1929569        5.1929569       505.65874       505.65874
 5.8956323e-107       257.96614       88.429862      0.97417767     0.025822332       5.1929569        5.1929569       505.54637       505.54637
 1.1528751e-106       257.29551        60.65961       2.0664954      -1.0664954       5.1929569        5.1929569        504.2051        504.2051
 1.5135426e-106       257.02331       56.773402       2.3485619      -1.3485619       5.1929569        5.1929569       503.66071       503.66071
 2.9951731e-106       256.34077       89.935853      0.93676337     0.063236629       5.1929569        5.1929569       502.29562       502.29562
 1.0414213e-105        255.0946       71.501065       1.4895006     -0.48950062       5.1929569        5.1929569       499.80328       499.80328
 3.6197087e-104        251.5462       71.101791       1.4940752      -0.4940752       5.1929569        5.1929569       492.70649       492.70649
 1.6082324e-103       250.05488       56.347804       2.3455421      -1.3455421       5.1929569        5.1929569       489.72384       489.72384
 1.0398138e-102       248.18839       69.005072       1.5729678     -0.57296783       5.1929569        5.1929569       485.99086       485.99086
 1.3867711e-102       247.90045       85.081283       1.0313104    -0.031310364       5.1929569        5.1929569       485.41498       485.41498
 9.9015888e-102       245.93473       54.994595       2.4351126      -1.4351126       5.1929569        5.1929569       481.48355       481.48355
 4.2308063e-101       244.48245       56.021268        2.341541       -1.341541       5.1929569        5.1929569       478.57898       478.57898
 4.5368755e-101        244.4126       68.348629       1.5889258     -0.58892577       5.1929569        5.1929569       478.43929       478.43929
 5.5821795e-101       244.20526       58.092588       2.1811298      -1.1811298       5.1929569        5.1929569       478.02461       478.02461
  5.980507e-101       244.13634       55.525831        2.380193       -1.380193       5.1929569        5.1929569       477.88676       477.88676
 6.5206603e-101       244.04987       63.431662       1.8376934     -0.83769336       5.1929569        5.1929569       477.71382       477.71382
 5.6613199e-100        241.8886       54.732863       2.4343582      -1.4343582       5.1929569        5.1929569       473.39129       473.39129
 6.1372034e-100       241.80789       56.724995       2.2712822      -1.2712822       5.1929569        5.1929569       473.22986       473.22986
 9.3858208e-100       241.38306       56.335068       2.2994903      -1.2994903       5.1929569        5.1929569        472.3802        472.3802
   1.489374e-99       240.92132       99.838986      0.72005876      0.27994124       5.1929569        5.1929569       471.45672       471.45672
  3.0100204e-99       240.21772       89.041986      0.92086367     0.079136328       5.1929569        5.1929569       470.04954       470.04954
  4.4555782e-99       239.82551       71.864808       1.4235509      -0.4235509       5.1929569        5.1929569       469.26512       469.26512
  1.5874784e-98       238.55494       84.592472       1.0207161    -0.020716131       5.1929569        5.1929569       466.72397       466.72397
  3.0376659e-98         237.906       94.075388      0.81428656      0.18571344       5.1929569        5.1929569       465.42608       465.42608
  8.3282029e-97       234.59485       52.942679        2.550639       -1.550639       5.1929569        5.1929569       458.80379       458.80379
  1.0090674e-96       234.40289       99.002043      0.72159394      0.27840606       5.1929569        5.1929569       458.41987       458.41987
  2.3013783e-96       233.57841       82.320748       1.0665904    -0.066590377       5.1929569        5.1929569        456.7709        456.7709
  2.3096207e-96       233.57483       65.109246       1.7034014      -0.7034014       5.1929569        5.1929569       456.76375       456.76375
  4.1086649e-96       232.99882       72.669187       1.3698298     -0.36982979       5.1929569        5.1929569       455.61172       455.61172
  7.2476079e-96       232.43124       76.504954       1.2342202      -0.2342202       5.1929569        5.1929569       454.47658       454.47658
  1.1195025e-95       231.99645       54.906381       2.3624347      -1.3624347       5.1929569        5.1929569       453.60698       453.60698
  2.2101618e-95       231.31627       53.749631       2.4574334      -1.4574334       5.1929569        5.1929569       452.24662       452.24662
  3.3823828e-95       230.89075       53.383183       2.4874645      -1.4874645       5.1929569        5.1929569       451.39559       451.39559
   3.756818e-95       230.78576       56.237455       2.2488984      -1.2488984       5.1929569        5.1929569        451.1856        451.1856
  1.9704553e-94       229.12848       99.506005      0.70370053      0.29629947       5.1929569        5.1929569       447.87105       447.87105
  5.1373732e-94        228.1702       66.772352       1.6000306     -0.60003059       5.1929569        5.1929569       445.95449       445.95449
  1.3021354e-93       227.24016       59.631145       1.9902231     -0.99022306       5.1929569        5.1929569        444.0944        444.0944
  1.5296605e-93       227.07912       52.316441       2.5617312      -1.5617312       5.1929569        5.1929569       443.77232       443.77232
  3.7225314e-93       226.18976       52.334739       2.5542878      -1.5542878       5.1929569        5.1929569        441.9936        441.9936
  4.3290116e-93       226.03882       72.130922        1.366677     -0.36667697       5.1929569        5.1929569       441.69173       441.69173
  5.8676795e-93        225.7347       51.707527       2.6113058      -1.6113058       5.1929569        5.1929569       441.08349       441.08349
  7.5470075e-93       225.48301       58.855862       2.0324322      -1.0324322       5.1929569        5.1929569       440.58011       440.58011
  1.1218527e-92       225.08659       56.984885        2.161395       -1.161395       5.1929569        5.1929569       439.78727       439.78727
   1.172399e-92       225.04252        78.10497       1.1623154     -0.16231536       5.1929569        5.1929569       439.69913       439.69913
  1.1805483e-92        225.0356       48.101405       2.9957854      -1.9957854       5.1929569        5.1929569       439.68528       439.68528
  1.9106407e-92       224.55414       78.422773       1.1513848     -0.15138481       5.1929569        5.1929569       438.72236       438.72236
  3.4028504e-92       223.97696       61.941933       1.8335795     -0.83357951       5.1929569        5.1929569       437.56801       437.56801
  4.9052217e-92       223.61128       51.512226       2.6162769      -1.6162769       5.1929569        5.1929569       436.83664       436.83664
  3.8256254e-91       221.55727       60.797441       1.8896944     -0.88969437       5.1929569        5.1929569       432.72862       432.72862
  1.1593807e-90       220.44852       55.764199       2.2273837      -1.2273837       5.1929569        5.1929569       430.51113       430.51113
  1.2772392e-90        220.3517       51.447051       2.6008488      -1.6008488       5.1929569        5.1929569        430.3175        430.3175
  2.8119009e-90       219.56254       67.129086       1.5496388     -0.54963884       5.1929569        5.1929569       428.73918       428.73918
  2.8841868e-90       219.53716         88.8757      0.87746328      0.12253672       5.1929569        5.1929569       428.68841       428.68841
  3.5357415e-90       219.33348       71.385013       1.3718379      -0.3718379       5.1929569        5.1929569       428.28105       428.28105
  5.7912032e-90       218.84007       49.489958       2.7913219      -1.7913219       5.1929569        5.1929569       427.29422       427.29422
  9.2762237e-89       216.06637        57.07071       2.1060685      -1.1060685       5.1929569        5.1929569       421.74682       421.74682
  1.7155429e-88       215.45151       96.756811      0.72197119      0.27802881       5.1929569        5.1929569        420.5171        420.5171
  1.8690775e-88       215.36579       87.120618      0.90518958     0.094810419       5.1929569        5.1929569       420.34567       420.34567
  2.9950216e-88       214.89428       74.914718       1.2318416      -0.2318416       5.1929569        5.1929569       419.40265       419.40265
   9.125096e-88       213.78021       49.258281       2.7793813      -1.7793813       5.1929569        5.1929569        417.1745        417.1745
  1.5562104e-87        213.2464       50.634317       2.6323478      -1.6323478       5.1929569        5.1929569       416.10688       416.10688
  2.6108976e-87       212.72896        72.10412        1.322086     -0.32208598       5.1929569        5.1929569         415.072         415.072
  3.7217651e-87       212.37445       80.379827       1.0612128    -0.061212806       5.1929569        5.1929569       414.36299       414.36299
  4.0066717e-87       212.30069       74.009906       1.2536694     -0.25366943       5.1929569        5.1929569       414.21547       414.21547
  5.2079306e-87       212.03847       86.374831      0.91354384     0.086456163       5.1929569        5.1929569       413.69102       413.69102
  1.0701356e-86       211.31828       47.440866       2.9678276      -1.9678276       5.1929569        5.1929569       412.25065       412.25065
  2.6895974e-86       210.39667        88.60523      0.86184387      0.13815613       5.1929569        5.1929569       410.40743       410.40743
  6.2311952e-86        209.5565       59.512749       1.9092659     -0.90926593       5.1929569        5.1929569       408.72708       408.72708
  6.7634985e-86       209.47452       48.658752       2.8128582      -1.8128582       5.1929569        5.1929569       408.56314       408.56314
  1.2737125e-85       208.84154       92.889872      0.77535471      0.22464529       5.1929569        5.1929569       407.29717       407.29717
  6.2059193e-85       207.25798       92.947548      0.77089162      0.22910838       5.1929569        5.1929569       404.13004       404.13004
  1.3695173e-84       206.46644       77.009578       1.1396567     -0.13965666       5.1929569        5.1929569       402.54696       402.54696
  5.3911447e-84       205.09614        56.37422       2.0947053      -1.0947053       5.1929569        5.1929569       399.80636       399.80636
  1.2158743e-83       204.28285       67.720702       1.4634224     -0.46342235       5.1929569        5.1929569       398.17978       398.17978
  1.7856774e-83       203.89851        84.49969      0.93551649     0.064483512       5.1929569        5.1929569       397.41111       397.41111
  2.8963639e-83       203.41485       47.619232       2.8835112      -1.8835112       5.1929569        5.1929569       396.44379       396.44379
  8.6169956e-83       202.32457       57.984632       1.9689977     -0.96899774       5.1929569        5.1929569       394.26323       394.26323
  2.0116318e-82       201.47678       92.396021       0.7682601       0.2317399       5.1929569        5.1929569       392.56764       392.56764
  5.4631923e-82       200.47769       85.708328      0.89950906      0.10049094       5.1929569        5.1929569       390.56947       390.56947
  3.4049016e-81       198.64792       98.450776       0.6617202       0.3382798       5.1929569        5.1929569       386.90993       386.90993
  3.4982125e-81       198.62089        51.54455       2.4442536      -1.4442536       5.1929569        5.1929569       386.85586       386.85586
  4.9652212e-81       198.27068       82.294863      0.97294755     0.027052449       5.1929569        5.1929569       386.15545       386.15545
  7.0752248e-81       197.91654       66.719934       1.4808502     -0.48085024       5.1929569        5.1929569       385.44717       385.44717
  9.3345563e-81       197.63942       89.521805      0.81354398      0.18645602       5.1929569        5.1929569       384.89292       384.89292
  1.3013135e-80       197.30718       54.059436       2.2224229      -1.2224229       5.1929569        5.1929569       384.22845       384.22845
  1.4622284e-80       197.19059       52.358489       2.3623423      -1.3623423       5.1929569        5.1929569       383.99527       383.99527
  1.4946365e-79       194.86609       50.019617       2.5616543      -1.5616543       5.1929569        5.1929569       379.34626       379.34626
   2.392047e-79       194.39582        64.53861       1.5648938     -0.56489381       5.1929569        5.1929569       378.40573       378.40573
  2.5972927e-79        194.3135       54.704086       2.1540617      -1.1540617       5.1929569        5.1929569       378.24109       378.24109
  3.2969117e-79       194.07498       46.173949       2.9787738      -1.9787738       5.1929569        5.1929569       377.76405       377.76405
  3.4554622e-79       194.02801       55.223516        2.113569       -1.113569       5.1929569        5.1929569       377.67011       377.67011
  1.2634391e-78       192.73155       66.573436       1.4658225     -0.46582253       5.1929569        5.1929569       375.07718       375.07718
  1.6359107e-78       192.47318       50.899116        2.460542       -1.460542       5.1929569        5.1929569       374.56046       374.56046
  2.0818386e-78       192.23213       91.499097      0.76385051      0.23614949       5.1929569        5.1929569       374.07835       374.07835
  2.5390808e-78       192.03358         64.9966       1.5331748      -0.5331748       5.1929569        5.1929569       373.68125       373.68125
  2.5953946e-78       192.01165        50.81346       2.4652008      -1.4652008       5.1929569        5.1929569       373.63738       373.63738
   3.620897e-78       191.67866        49.79393       2.5602798      -1.5602798       5.1929569        5.1929569       372.97141       372.97141
   5.150309e-78       191.32633       96.961512      0.66993348      0.33006652       5.1929569        5.1929569       372.26674       372.26674
  5.2315754e-78       191.31067        79.54982       1.0228264    -0.022826377       5.1929569        5.1929569       372.23543       372.23543
  9.1189427e-78       190.75503       61.742759       1.6881869     -0.68818685       5.1929569        5.1929569       371.12415       371.12415
  1.1528461e-77       190.52057       76.358727       1.1091052     -0.10910518       5.1929569        5.1929569       370.65522       370.65522
  1.8028234e-77       190.07345        72.54233       1.2277428      -0.2277428       5.1929569        5.1929569       369.76098       369.76098
  4.6522847e-77       189.12544        91.23214      0.76160433      0.23839567       5.1929569        5.1929569       367.86497       367.86497
  7.1272361e-77       188.69888       86.397091      0.85489464      0.14510536       5.1929569        5.1929569       367.01184       367.01184
  7.9548353e-77       188.58902       61.366269       1.6977274     -0.69772743       5.1929569        5.1929569       366.79213       366.79213
  3.3664996e-76       187.14634       64.224742       1.5474803     -0.54748029       5.1929569        5.1929569       363.90677       363.90677
  1.4545338e-75       185.68294       96.560383      0.66448479      0.33551521       5.1929569        5.1929569       360.97997       360.97997
  1.8619792e-75       185.43599       53.099023        2.222709       -1.222709       5.1929569        5.1929569       360.48606       360.48606
  6.5821524e-75       184.17327       72.661838       1.2029272     -0.20292719       5.1929569        5.1929569       357.96062       357.96062
  1.6070182e-74       183.28066        85.86745      0.85212718      0.14787282       5.1929569        5.1929569       356.17541       356.17541
  2.6652514e-74       182.77475       88.684356       0.7942224       0.2057776       5.1929569        5.1929569       355.16358       355.16358
  3.4696553e-74       182.51099       47.508109       2.7255901      -1.7255901       5.1929569        5.1929569       354.63606       354.63606
  4.3325529e-74       182.28889        49.51813       2.5164947      -1.5164947       5.1929569        5.1929569       354.19186       354.19186
   7.642356e-74       181.72134       51.344305       2.3441563      -1.3441563       5.1929569        5.1929569       353.05676       353.05676
  8.7871357e-74       181.58176       59.292689       1.7774849     -0.77748491       5.1929569        5.1929569        352.7776        352.7776
  2.4087808e-73       180.57334       76.730929       1.0666068    -0.066606834       5.1929569        5.1929569       350.76076       350.76076
  2.7120353e-73       180.45476        64.49702       1.5048367     -0.50483665       5.1929569        5.1929569       350.52361       350.52361
  3.4471215e-73       180.21492       66.701962       1.4081058     -0.40810577       5.1929569        5.1929569       350.04393       350.04393
  3.7587201e-73       180.12838        74.17367       1.1405612     -0.14056117       5.1929569        5.1929569       349.87085       349.87085
  4.4621801e-73       179.95682       63.905174        1.529832     -0.52983205       5.1929569        5.1929569       349.52773       349.52773
  1.1086954e-72       179.04669       51.063696       2.3496185      -1.3496185       5.1929569        5.1929569       347.70747       347.70747
  1.5277606e-72       178.72607       62.187688       1.6070575      -0.6070575       5.1929569        5.1929569       347.06623       347.06623
  2.1446664e-72       178.38689       72.269501       1.1951985     -0.19519852       5.1929569        5.1929569       346.38787       346.38787
   2.509909e-72       178.22963       80.896831      0.95047267      0.04952733       5.1929569        5.1929569       346.07334       346.07334
  2.9117015e-72       178.08114       56.758767       1.9131534     -0.91315339       5.1929569        5.1929569       345.77636       345.77636
  1.8348567e-71       176.24032       66.311293       1.4074337     -0.40743373       5.1929569        5.1929569       342.09473       342.09473
   1.921346e-71       176.19426       88.436844       0.7827717       0.2172283       5.1929569        5.1929569       342.00261       342.00261
  1.9390182e-71       176.18511       90.123057       0.7513829       0.2486171       5.1929569        5.1929569        341.9843        341.9843
  2.3137777e-71       176.00841       93.207266      0.69738904      0.30261096       5.1929569        5.1929569        341.6309        341.6309
  4.0967481e-71        175.4371       54.699092       2.0371677      -1.0371677       5.1929569        5.1929569       340.48828       340.48828
  8.5141653e-71       174.70556       71.637603       1.2027382     -0.20273817       5.1929569        5.1929569        339.0252        339.0252
   1.050654e-70       174.49529       90.928945      0.73292893      0.26707107       5.1929569        5.1929569       338.60467       338.60467
  1.3080951e-70       174.27613       45.110834       2.9322575      -1.9322575       5.1929569        5.1929569       338.16635       338.16635
  1.4073112e-70       174.20302       97.288711      0.62932174      0.37067826       5.1929569        5.1929569       338.02013       338.02013
  1.8111286e-70       173.95075       50.474234       2.3645729      -1.3645729       5.1929569        5.1929569       337.51559       337.51559
  2.5759308e-70       173.59849       61.569003       1.6130579     -0.61305786       5.1929569        5.1929569       336.81107       336.81107
   3.397281e-70       173.32173       45.038076       2.9323245      -1.9323245       5.1929569        5.1929569       336.25754       336.25754
  5.6420197e-70       172.81446       73.595315        1.133041       -0.133041       5.1929569        5.1929569       335.24301       335.24301
  1.6750124e-69        171.7263       54.002318       2.0637266      -1.0637266       5.1929569        5.1929569       333.06668       333.06668
  2.1746181e-69       171.46527       71.876309       1.1828763     -0.18287635       5.1929569        5.1929569       332.54462       332.54462
   6.434996e-69       170.38037       61.084828       1.6215582     -0.62155815       5.1929569        5.1929569       330.37482       330.37482
  8.5008963e-69       170.10195       69.757211       1.2499542     -0.24995418       5.1929569        5.1929569       329.81798       329.81798
  3.6396217e-68       168.64765       53.936058       2.0484388      -1.0484388       5.1929569        5.1929569       326.90939       326.90939
  3.3670231e-67       166.42292       46.406587       2.7084431      -1.7084431       5.1929569        5.1929569       322.45993       322.45993
  7.8443585e-67       165.57715       62.196781       1.5422144     -0.54221441       5.1929569        5.1929569       320.76839       320.76839
  9.0898132e-67       165.42979       85.048338      0.82183628      0.17816372       5.1929569        5.1929569       320.47367       320.47367
  9.6599093e-67       165.36896       45.478933       2.8046243      -1.8046243       5.1929569        5.1929569       320.35201       320.35201
  1.0706152e-66       165.26613       48.061795       2.5241326      -1.5241326       5.1929569        5.1929569       320.14635       320.14635
  1.2551949e-66       165.10707       60.017015       1.6498252     -0.64982518       5.1929569        5.1929569       319.82823       319.82823
  1.4730923e-66         164.947       50.090584       2.3306945      -1.3306945       5.1929569        5.1929569       319.50809       319.50809
   1.939757e-66        164.6718        54.43598       1.9869278     -0.98692783       5.1929569        5.1929569       318.95769       318.95769
  3.1472143e-66       164.18785        68.89416       1.2572186      -0.2572186       5.1929569        5.1929569       317.98978       317.98978
  6.2640513e-66       163.49954        76.17245       1.0262089    -0.026208936       5.1929569        5.1929569       316.61316       316.61316
  6.8364281e-66        163.4121       74.823989       1.0636717    -0.063671661       5.1929569        5.1929569       316.43828       316.43828
  1.2445824e-65       162.81298       75.229643       1.0500673    -0.050067298       5.1929569        5.1929569       315.24004       315.24004
  2.5441205e-65       162.09799       59.118281       1.6819516     -0.68195161       5.1929569        5.1929569       313.81007       313.81007
  4.3788453e-65       161.55499       59.534849       1.6564125     -0.65641248       5.1929569        5.1929569       312.72407       312.72407
  1.0345019e-64       160.69527       58.723623        1.695918     -0.69591796       5.1929569        5.1929569       311.00463       311.00463
  1.5271945e-64       160.30576       53.789722       2.0036832      -1.0036832       5.1929569        5.1929569       310.22561       310.22561
  1.6756729e-64       160.21298       49.511698       2.3454809      -1.3454809       5.1929569        5.1929569       310.04004       310.04004
  3.0358753e-64       159.61869       78.722068      0.94727106     0.052728936       5.1929569        5.1929569       308.85147       308.85147
  6.8056091e-64       158.81145       71.505613       1.1474534     -0.14745342       5.1929569        5.1929569       307.23698       307.23698
  7.0391234e-64       158.77771       50.161338       2.2769664      -1.2769664       5.1929569        5.1929569       307.16951       307.16951
   7.063357e-64       158.77427       98.571297      0.57827016      0.42172984       5.1929569        5.1929569       307.16263       307.16263
  1.0071644e-63       158.41947       76.571653       0.9984629    0.0015370976       5.1929569        5.1929569       306.45302       306.45302
  1.3882537e-63       158.09856        44.16074       2.8932403      -1.8932403       5.1929569        5.1929569       305.81121       305.81121
   1.421765e-63       158.07471        79.24888      0.92952015     0.070479847       5.1929569        5.1929569        305.7635        305.7635
  1.4738031e-63       158.03876       56.319501       1.8213168     -0.82131678       5.1929569        5.1929569       305.69161       305.69161
  7.2822469e-63       156.44117       43.243639       2.9933071      -1.9933071       5.1929569        5.1929569       302.49642       302.49642
   9.159911e-63       156.21177       55.925639       1.8345719     -0.83457188       5.1929569        5.1929569       302.03763       302.03763
  9.1957929e-63       156.20786       46.414988       2.6152669      -1.6152669       5.1929569        5.1929569       302.02981       302.02981
   2.774046e-62       155.10372        71.25558       1.1412147     -0.14121474       5.1929569        5.1929569       299.82152       299.82152
  2.9807221e-62       155.03186       43.955619       2.8876509      -1.8876509       5.1929569        5.1929569        299.6778        299.6778
   3.778948e-62       154.79458       98.393969      0.57218695      0.42781305       5.1929569        5.1929569       299.20324       299.20324
  3.8332005e-62       154.78032       67.954264       1.2521858     -0.25218582       5.1929569        5.1929569       299.17473       299.17473
  8.4622101e-62       153.98841       62.958708       1.4496378     -0.44963782       5.1929569        5.1929569       297.59091       297.59091
  2.0145672e-61       153.12103       45.172197       2.7235289      -1.7235289       5.1929569        5.1929569       295.85615       295.85615
  3.4699948e-61       152.57728       52.209601       2.0655257      -1.0655257       5.1929569        5.1929569       294.76866       294.76866
  3.9461845e-61       152.44869       59.735126        1.596095     -0.59609499       5.1929569        5.1929569       294.51146       294.51146
  4.8327557e-61       152.24602       44.685174       2.7713416      -1.7713416       5.1929569        5.1929569       294.10613       294.10613
  1.1167342e-60       151.40844       46.195708        2.594456       -1.594456       5.1929569        5.1929569       292.43097       292.43097
  1.1286432e-60       151.39784       44.192695       2.8214831      -1.8214831       5.1929569        5.1929569       292.40976       292.40976
  1.5453095e-60       151.08363       68.980939       1.2004397     -0.20043975       5.1929569        5.1929569       291.78134       291.78134
  2.5231143e-60       150.59336       95.376468      0.60570158      0.39429842       5.1929569        5.1929569        290.8008        290.8008
  3.5216036e-60       150.25994       71.650173       1.1101268     -0.11012676       5.1929569        5.1929569       290.13396       290.13396
  7.1046311e-60       149.55811       59.067372       1.6146734     -0.61467335       5.1929569        5.1929569        288.7303        288.7303
  1.1695549e-59       149.05964       50.505499       2.1726872      -1.1726872       5.1929569        5.1929569       287.73338       287.73338
  1.2303218e-59       149.00899       52.982897       1.9834678     -0.98346777       5.1929569        5.1929569       287.63207       287.63207
  1.3680586e-59       148.90288       52.339632       2.0292938      -1.0292938       5.1929569        5.1929569       287.41984       287.41984
   2.193958e-59       148.43056       93.712638       0.6255428       0.3744572       5.1929569        5.1929569       286.47521       286.47521
   3.546887e-59        147.9502       62.859243       1.4240181     -0.42401811       5.1929569        5.1929569       285.51448       285.51448
    3.66323e-59       147.91792       48.861591       2.3038169      -1.3038169       5.1929569        5.1929569       285.44993       285.44993
  5.1766091e-59       147.57212       94.069423       0.6181056       0.3818944       5.1929569        5.1929569       284.75832       284.75832
   5.539518e-59       147.50436       87.304132      0.72987327      0.27012673       5.1929569        5.1929569       284.62281       284.62281
  5.5565128e-59        147.5013       52.441396       2.0117034      -1.0117034       5.1929569        5.1929569       284.61668       284.61668
  9.1561126e-59       147.00185       83.669772      0.79822756      0.20177244       5.1929569        5.1929569       283.61778       283.61778
  1.9646062e-58       146.23839       50.424846       2.1572007      -1.1572007       5.1929569        5.1929569       282.09087       282.09087
  4.1204028e-58       145.49773       53.057778       1.9533576      -0.9533576       5.1929569        5.1929569       280.60955       280.60955
  4.1209997e-58       145.49759       50.953552       2.1092718      -1.1092718       5.1929569        5.1929569       280.60926       280.60926
  4.6944459e-58        145.3673       46.501879       2.5064478      -1.5064478       5.1929569        5.1929569       280.34869       280.34869
  7.1465824e-58       144.94705       80.702601      0.85486357      0.14513643       5.1929569        5.1929569       279.50818       279.50818
  7.6432619e-58       144.87986       52.160565       2.0131192      -1.0131192       5.1929569        5.1929569        279.3738        279.3738
  8.4559207e-58       144.77882       64.547507       1.3374464     -0.33744644       5.1929569        5.1929569       279.17172       279.17172
  8.5217227e-58       144.77106       90.173058      0.67285226      0.32714774       5.1929569        5.1929569       279.15621       279.15621
  2.8362745e-57       143.56861       64.596131       1.3296986     -0.32969859       5.1929569        5.1929569        276.7513        276.7513
  6.7225693e-57       142.70563       56.409877       1.7207225     -0.72072247       5.1929569        5.1929569       275.02534       275.02534
  7.1549879e-57       142.64329        58.12872       1.6244056     -0.62440559       5.1929569        5.1929569       274.90066       274.90066
  2.1737878e-56       141.53204       64.698034       1.3158796     -0.31587961       5.1929569        5.1929569       272.67817       272.67817
   2.589516e-56       141.35704       68.642265       1.1710407     -0.17104071       5.1929569        5.1929569       272.32817       272.32817
   2.659379e-56       141.33042        76.55465      0.94075689     0.059243115       5.1929569        5.1929569       272.27493       272.27493
  3.5769705e-56         141.034       79.506549       0.8692586       0.1307414       5.1929569        5.1929569       271.68208       271.68208
  4.5361861e-56       140.79643       46.995388       2.4151733      -1.4151733       5.1929569        5.1929569       271.20694       271.20694
  5.1918495e-56       140.66142       54.180609       1.8440967     -0.84409671       5.1929569        5.1929569       270.93693       270.93693
  8.2223146e-56       140.20166       49.082093       2.2199286      -1.2199286       5.1929569        5.1929569       270.01741       270.01741
  8.5961558e-56        140.1572       50.255744       2.1225908      -1.1225908       5.1929569        5.1929569       269.92848       269.92848
  1.6071801e-55       139.53145       73.159544       1.0245515     -0.02455148       5.1929569        5.1929569       268.67698       268.67698
  2.0726225e-55       139.27711       48.087611       2.2993226      -1.2993226       5.1929569        5.1929569       268.16831       268.16831
  2.1625305e-55       139.23465       43.485645       2.7791696      -1.7791696       5.1929569        5.1929569       268.08338       268.08338
  3.2483638e-55       138.82778       42.104144       2.9488597      -1.9488597       5.1929569        5.1929569       267.26964       267.26964
  3.8117492e-55       138.66784       49.938416       2.1360625      -1.1360625       5.1929569        5.1929569       266.94976       266.94976
  4.3565481e-55       138.53425       61.284359       1.4455224     -0.44552236       5.1929569        5.1929569       266.68258       266.68258
  9.7022512e-55       137.73357       50.556595        2.079533       -1.079533       5.1929569        5.1929569       265.08123       265.08123
  1.1247925e-54       137.58574       74.899864       0.9699721       0.0300279       5.1929569        5.1929569       264.78557       264.78557
  2.0135599e-54       137.00344       86.193166      0.72119593      0.27880407       5.1929569        5.1929569       263.62096       263.62096
  2.3924023e-54       136.83104       75.832096      0.94318732     0.056812682       5.1929569        5.1929569       263.27617       263.27617
  2.4478156e-54       136.80815       52.067034       1.9599435     -0.95994352       5.1929569        5.1929569       263.23038       263.23038
  3.2647174e-54       136.52017       67.416628       1.1918222     -0.19182223       5.1929569        5.1929569       262.65442       262.65442
  3.3802064e-54       136.48541       48.690885       2.2218473      -1.2218473       5.1929569        5.1929569        262.5849        262.5849
  2.5063359e-53       134.48194       97.618276      0.53745972      0.46254028       5.1929569        5.1929569       258.57796       258.57796
  2.5239414e-53       134.47494       66.604897       1.2111019     -0.21110188       5.1929569        5.1929569       258.56396       258.56396
  2.6365285e-53       134.43129       44.043921       2.6622367      -1.6622367       5.1929569        5.1929569       258.47667       258.47667
  3.2724916e-53       134.21521       61.721221       1.4028526     -0.40285256       5.1929569        5.1929569        258.0445        258.0445
  4.2455111e-53       133.95489       62.766121       1.3567439     -0.35674391       5.1929569        5.1929569       257.52388       257.52388
  7.6253841e-53       133.36927       44.385585       2.6126556      -1.6126556       5.1929569        5.1929569       256.35264       256.35264
  2.0156552e-52       132.39723       42.751985       2.7924918      -1.7924918       5.1929569        5.1929569       254.40854       254.40854
  2.3261975e-52       132.25394       58.772406       1.5295942     -0.52959415       5.1929569        5.1929569       254.12196       254.12196
  6.0719295e-52        131.2945       76.277794      0.91233364     0.087666363       5.1929569        5.1929569       252.20308       252.20308
  1.6060779e-51       130.32179       75.157778      0.93672583     0.063274175       5.1929569        5.1929569       250.25767       250.25767
  2.6180738e-51       129.83315        82.95116      0.76131309      0.23868691       5.1929569        5.1929569       249.28038       249.28038
  2.6392492e-51       129.82509       97.309861      0.53072615      0.46927385       5.1929569        5.1929569       249.26427       249.26427
  2.6865367e-51       129.80733       82.458187      0.77096625      0.22903375       5.1929569        5.1929569       249.22875       249.22875
  4.2635723e-51       129.34548       44.742937       2.5317159      -1.5317159       5.1929569        5.1929569       248.30505       248.30505
  7.6357266e-51       128.76275       58.469026       1.5238007     -0.52380067       5.1929569        5.1929569       247.13958       247.13958
  1.0512919e-50       128.44298       61.355487       1.3875444     -0.38754435       5.1929569        5.1929569       246.50005       246.50005
  1.3483443e-50       128.19412       42.779736       2.7409892      -1.7409892       5.1929569        5.1929569       246.00234       246.00234
  1.7038119e-50       127.96013       55.112969       1.6998106     -0.69981062       5.1929569        5.1929569       245.53435       245.53435
  1.7092098e-50       127.95697       46.591119       2.3330219      -1.3330219       5.1929569        5.1929569       245.52803       245.52803
  2.2485672e-50       127.68271       76.413986       0.8960966       0.1039034       5.1929569        5.1929569        244.9795        244.9795
  5.1039555e-50       126.86299       49.775847       2.0511338      -1.0511338       5.1929569        5.1929569       243.34006       243.34006
  7.2499991e-50         126.512       56.580407       1.6076628     -0.60766281       5.1929569        5.1929569       242.63809       242.63809
  8.4479403e-50       126.35908       73.779564      0.95738387     0.042616126       5.1929569        5.1929569       242.33224       242.33224
  9.3411981e-50       126.25857       76.193877       0.8962614       0.1037386       5.1929569        5.1929569       242.13122       242.13122
  1.5714859e-49        125.7384       82.898054      0.74969759      0.25030241       5.1929569        5.1929569       241.09088       241.09088
  3.9493059e-49       124.81688       57.442019       1.5513765     -0.55137647       5.1929569        5.1929569       239.24784       239.24784
  3.9559902e-49       124.81519       96.790473      0.52568924      0.47431076       5.1929569        5.1929569       239.24446       239.24446
  5.2649604e-49       124.52934       59.842483       1.4330221     -0.43302211       5.1929569        5.1929569       238.67277       238.67277
  6.7945108e-49        124.2743        56.87403       1.5774892      -0.5774892       5.1929569        5.1929569       238.16269       238.16269
  8.1434307e-49       124.09321       50.457851       1.9764648     -0.97646478       5.1929569        5.1929569        237.8005        237.8005
  9.6504668e-49       123.92341       58.412638       1.4971305     -0.49713048       5.1929569        5.1929569       237.46091       237.46091
  1.3228023e-48       123.60808       63.954379       1.2560487     -0.25604872       5.1929569        5.1929569       236.83024       236.83024
  2.4668357e-48        122.9849       57.252156       1.5494909     -0.54949087       5.1929569        5.1929569       235.58388       235.58388
  7.6603245e-48       121.85178       76.552509      0.87174843      0.12825157       5.1929569        5.1929569       233.31764       233.31764
  1.2286556e-47       121.37933       47.101354       2.2232253      -1.2232253       5.1929569        5.1929569       232.37274       232.37274
  1.5375809e-47       121.15504       77.305402      0.85184294      0.14815706       5.1929569        5.1929569       231.92416       231.92416
  3.4865086e-47       120.33635       40.856948       2.8874265      -1.8874265       5.1929569        5.1929569       230.28678       230.28678
  3.5015377e-47       120.33204       42.482528       2.6842844      -1.6842844       5.1929569        5.1929569       230.27818       230.27818
  4.1143984e-47       120.17075       51.640947       1.8610397     -0.86103973       5.1929569        5.1929569       229.95559       229.95559
  4.2706176e-47       120.13349        50.22239       1.9607197     -0.96071969       5.1929569        5.1929569       229.88106       229.88106
  5.7295516e-47       119.83961       79.338103      0.80257212      0.19742788       5.1929569        5.1929569        229.2933        229.2933
  6.6223459e-47        119.6948         51.2623       1.8831217     -0.88312166       5.1929569        5.1929569       229.00368       229.00368
  6.9288719e-47       119.64955       87.927997      0.64212653      0.35787347       5.1929569        5.1929569       228.91319       228.91319
  1.3955046e-46       118.94941       40.043561        2.979289       -1.979289       5.1929569        5.1929569        227.5129        227.5129
  1.7012449e-46        118.7513       62.586935       1.2835975     -0.28359751       5.1929569        5.1929569       227.11669       227.11669
  1.7049994e-46        118.7491       40.278887       2.9441606      -1.9441606       5.1929569        5.1929569       227.11228       227.11228
  2.2689987e-46       118.46332       61.560845       1.3235228     -0.32352282       5.1929569        5.1929569       226.54073       226.54073
  5.6177063e-46       117.55674       50.736376       1.9022338     -0.90223382       5.1929569        5.1929569       224.72756       224.72756
  7.5885651e-46       117.25602       67.764854       1.0925329    -0.092532858       5.1929569        5.1929569       224.12612       224.12612
  8.9184123e-46       117.09454       41.435049       2.7716035      -1.7716035       5.1929569        5.1929569       223.80317       223.80317
  3.0189419e-45       115.87517       42.744529       2.6007454      -1.6007454       5.1929569        5.1929569       221.36443       221.36443
  7.8596278e-45       114.91834       56.571218       1.5316707     -0.53167066       5.1929569        5.1929569       219.45076       219.45076
  1.0834989e-44        114.5973       40.481424       2.8612563      -1.8612563       5.1929569        5.1929569       218.80868       218.80868
  1.0871081e-44       114.59397       50.668767       1.8821836     -0.88218364       5.1929569        5.1929569       218.80203       218.80203
   3.001246e-44       113.57846       41.458781       2.7237956      -1.7237956       5.1929569        5.1929569       216.77101       216.77101
  5.1401681e-44       113.04041       55.325764        1.584359     -0.58435902       5.1929569        5.1929569        215.6949        215.6949
  6.8981225e-44       112.74624        80.36783      0.75715798      0.24284202       5.1929569        5.1929569       215.10657       215.10657
  1.2708244e-43       112.13524       81.233103      0.73806461      0.26193539       5.1929569        5.1929569       213.88457       213.88457
  1.4191748e-43       112.02483       49.209769       1.9649415     -0.96494151       5.1929569        5.1929569       213.66375       213.66375
  1.4345223e-43       112.01407       54.982601       1.5957329     -0.59573288       5.1929569        5.1929569       213.64223       213.64223
  1.7882587e-43       111.79366       42.546038       2.5738706      -1.5738706       5.1929569        5.1929569       213.20141       213.20141
  3.7233573e-43       111.06028       70.197676      0.99174531    0.0082546899       5.1929569        5.1929569       211.73465       211.73465
  4.2371349e-43       110.93102       49.001471       1.9706135     -0.97061345       5.1929569        5.1929569       211.47612       211.47612
  4.6057299e-43       110.84761       46.428039       2.1782095      -1.1782095       5.1929569        5.1929569        211.3093        211.3093
  8.4597477e-43       110.23959        78.97768      0.77668232      0.22331768       5.1929569        5.1929569       210.09326       210.09326
  1.6192517e-42       109.59036       98.497768      0.46712815      0.53287185       5.1929569        5.1929569        208.7948        208.7948
  1.6235657e-42        109.5877       65.669879       1.1235958     -0.12359582       5.1929569        5.1929569       208.78948       208.78948
   2.168617e-42       109.29823        45.27771       2.2656146      -1.2656146       5.1929569        5.1929569       208.21055       208.21055
  4.4982176e-42       108.56864       52.200572        1.731812     -0.73181199       5.1929569        5.1929569       206.75137       206.75137
  4.7731545e-42       108.50931       62.241269       1.2405332     -0.24053317       5.1929569        5.1929569       206.63271       206.63271
  5.4807391e-42       108.37108       41.535854       2.6472794      -1.6472794       5.1929569        5.1929569       206.35625       206.35625
  6.5178615e-42       108.19777       53.846305       1.6310508     -0.63105075       5.1929569        5.1929569       206.00964       206.00964
  8.0407259e-42        107.9878       51.788411       1.7529438     -0.75294383       5.1929569        5.1929569       205.58969       205.58969
  1.3580644e-41       107.46368       73.991175      0.87761276      0.12238724       5.1929569        5.1929569       204.54144       204.54144
  1.4077323e-41       107.42776       85.595801      0.64432189      0.35567811       5.1929569        5.1929569        204.4696        204.4696
  5.1160396e-41       106.13736       48.720359       1.9473049     -0.94730491       5.1929569        5.1929569        201.8888        201.8888
  6.1311503e-41       105.95635       83.621811      0.67352481      0.32647519       5.1929569        5.1929569       201.52679       201.52679
  8.0239635e-41        105.6873        43.99019       2.3486404      -1.3486404       5.1929569        5.1929569       200.98869       200.98869
  8.0760593e-41       105.68083       42.890117       2.4613992      -1.4613992       5.1929569        5.1929569       200.97575       200.97575
  8.6815787e-41       105.60853       43.141091       2.4340595      -1.4340595       5.1929569        5.1929569       200.83115       200.83115
  8.9686358e-41         105.576       69.550076      0.98533915     0.014660851       5.1929569        5.1929569       200.76609       200.76609
   9.591322e-41       105.50888        75.03444      0.84514177      0.15485823       5.1929569        5.1929569       200.63184       200.63184
  1.0108222e-40       105.45639       68.389262        1.018191    -0.018191036       5.1929569        5.1929569       200.52686       200.52686
  1.6489736e-40         104.967       65.205201        1.115422     -0.11542202       5.1929569        5.1929569       199.54808       199.54808
  3.8804053e-40       104.11121       54.622606       1.5575127     -0.55751273       5.1929569        5.1929569       197.83651       197.83651
  4.3941013e-40       103.98689       59.872235       1.3085639      -0.3085639       5.1929569        5.1929569       197.58786       197.58786
  7.9752691e-40       103.39081        72.12918      0.90673837     0.093261629       5.1929569        5.1929569        196.3957        196.3957
  8.7126433e-40       103.30238       66.945338       1.0512318    -0.051231765       5.1929569        5.1929569       196.21884       196.21884
  2.7278171e-39       102.16106       41.630845       2.5548236      -1.5548236       5.1929569        5.1929569       193.93621       193.93621
  3.3124078e-39       101.96689       61.929996       1.2149278     -0.21492777       5.1929569        5.1929569       193.54787       193.54787
  4.8568631e-39       101.58417       76.288178      0.80160604      0.19839396       5.1929569        5.1929569       192.78243       192.78243
  8.5976165e-39       101.01308       47.489296       1.9910916     -0.99109162       5.1929569        5.1929569       191.64025       191.64025
    1.62072e-38       100.37911       78.571053      0.74924543      0.25075457       5.1929569        5.1929569       190.37231       190.37231
  2.3059528e-38       100.02649       50.556665       1.7640145      -0.7640145       5.1929569        5.1929569       189.66706       189.66706
  2.5615964e-38        99.92135       91.492399      0.53216083      0.46783917       5.1929569        5.1929569       189.45679       189.45679
  2.8437614e-38       99.816853       65.118768       1.0912489    -0.091248893       5.1929569        5.1929569       189.24779       189.24779
  4.3003653e-38       99.403281       79.178677      0.73357086      0.26642914       5.1929569        5.1929569       188.42065       188.42065
  6.0030688e-38        99.06971       65.163947       1.0858185    -0.085818541       5.1929569        5.1929569       187.75351       187.75351
  6.4777261e-38       98.993611       87.839983      0.58248694      0.41751306       5.1929569        5.1929569       187.60131       187.60131
  9.4307112e-38       98.618009       40.037483       2.6945661      -1.6945661       5.1929569        5.1929569        186.8501        186.8501
  9.5908729e-38       98.601169       62.759208       1.1650877     -0.16508767       5.1929569        5.1929569       186.81642       186.81642
  1.4729772e-37        98.17211       60.540173       1.2456601     -0.24566012       5.1929569        5.1929569       185.95831       185.95831
  2.1309289e-37       97.802838       41.999906       2.4564026      -1.4564026       5.1929569        5.1929569       185.21976       185.21976
  2.2247339e-37       97.759758       97.206647      0.45246748      0.54753252       5.1929569        5.1929569        185.1336        185.1336
  9.5070517e-37       96.307362       43.103351       2.3230883      -1.3230883       5.1929569        5.1929569       182.22881       182.22881
  1.2224135e-36       96.055983       47.025687       1.9761682     -0.97616819       5.1929569        5.1929569       181.72605       181.72605
  1.9039613e-36       95.612874       78.362873      0.73555985      0.26444015       5.1929569        5.1929569       180.83983       180.83983
  2.1463188e-36       95.493056       41.659003     0.046529146      0.95347085       5.1929569        5.1929569        180.6002        180.6002
  2.5640956e-36       95.315205       63.919997       1.1063554     -0.10635539       5.1929569        5.1929569        180.2445        180.2445
  2.6118802e-36        95.29674       43.176204       2.3031864      -1.3031864       5.1929569        5.1929569       180.20757       180.20757
  4.7320457e-36       94.702453       72.386933      0.86260543      0.13739457       5.1929569        5.1929569       179.01899       179.01899
  1.0373777e-35       93.917529       67.669001      0.98291885     0.017081145       5.1929569        5.1929569       177.44915       177.44915
  1.0714626e-35       93.885201        49.66397       1.7662122     -0.76621217       5.1929569        5.1929569       177.38449       177.38449
  1.7328785e-35       93.404442       60.389995       1.2217846     -0.22178458       5.1929569        5.1929569       176.42297       176.42297
  2.7129627e-35       92.956184       45.491201       2.0657335      -1.0657335       5.1929569        5.1929569       175.52645       175.52645
  2.7736052e-35       92.934078       40.910564       2.5094443      -1.5094443       5.1929569        5.1929569       175.48224       175.48224
  3.5924357e-35       92.675395        49.86454       1.7417741     -0.74177408       5.1929569        5.1929569       174.96488       174.96488
  3.8062426e-35       92.617583       43.297935       2.2575812      -1.2575812       5.1929569        5.1929569       174.84925       174.84925
  5.6286288e-35        92.22636       97.513772      0.43400588      0.56599412       5.1929569        5.1929569       174.06681       174.06681
   6.118337e-35       92.142935       50.050803     0.011416692      0.98858331       5.1929569        5.1929569       173.89996       173.89996
  6.2146267e-35        92.12732       53.893027       1.5036027     -0.50360267       5.1929569        5.1929569       173.86873       173.86873
  6.3213697e-35        92.11029       49.808916     0.012387563      0.98761244       5.1929569        5.1929569       173.83467       173.83467
  6.8903996e-35       92.024096       51.851437        1.614603     -0.61460301       5.1929569        5.1929569       173.66228       173.66228
  1.1024045e-34       91.554147       91.788511      0.50377411      0.49622589       5.1929569        5.1929569       172.72238       172.72238
  4.0349673e-34       90.256642       41.712059        2.384884       -1.384884       5.1929569        5.1929569       170.12737       170.12737
  8.5685616e-34       89.503541       48.449066       1.8050041     -0.80500407       5.1929569        5.1929569       168.62117       168.62117
  9.9608846e-34       89.352975       40.009217     0.081748425      0.91825158       5.1929569        5.1929569       168.32004       168.32004
   1.248707e-33       89.126947       99.543617      0.40244689      0.59755311       5.1929569        5.1929569       167.86798       167.86798
  2.1614039e-33       88.578297       58.916485       1.2481757     -0.24817574       5.1929569        5.1929569       166.77068       166.77068
  2.6077887e-33       88.390553       49.408294      0.02240518      0.97759482       5.1929569        5.1929569       166.39519       166.39519
  4.5730315e-33       87.828879       45.137511       2.0355844      -1.0355844       5.1929569        5.1929569       165.27184       165.27184
  6.3663574e-33       87.498028       64.683281       1.0379064     -0.03790641       5.1929569        5.1929569       164.61014       164.61014
  7.6823666e-33       87.310128       51.770225     0.015532246      0.98446775       5.1929569        5.1929569       164.23434       164.23434
  9.5559287e-33       87.091894       54.767595       1.4197638     -0.41976383       5.1929569        5.1929569       163.79787       163.79787
  9.6606692e-33       87.080992       79.799112      0.67588689      0.32411311       5.1929569        5.1929569       163.77607       163.77607
  2.0950282e-32       86.306903       45.731953       1.9698882     -0.96988821       5.1929569        5.1929569       162.22789       162.22789
  2.3966184e-32       86.172411       59.112557       1.2241338     -0.22413382       5.1929569        5.1929569       161.95891       161.95891
  3.0713193e-32       85.924363       46.103821     0.045845306      0.95415469       5.1929569        5.1929569       161.46281       161.46281
  3.4389875e-32       85.811293       95.916121      0.43501583      0.56498417       5.1929569        5.1929569       161.23667       161.23667
  5.6602711e-32       85.312998       46.549936       1.8959803     -0.89598028       5.1929569        5.1929569       160.24008       160.24008
  6.9565878e-32       85.106781        67.48895      0.94284661     0.057153392       5.1929569        5.1929569       159.82765       159.82765
  7.4014736e-32       85.044791       77.680563      0.70771379      0.29228621       5.1929569        5.1929569       159.70367       159.70367
  9.6182416e-32       84.782809       51.468911       1.5721668     -0.57216683       5.1929569        5.1929569        159.1797        159.1797
  1.2012123e-31       84.560554       64.937014       1.0135529    -0.013552901       5.1929569        5.1929569       158.73519       158.73519
  1.7919649e-31       84.160572       72.241246      0.81859449      0.18140551       5.1929569        5.1929569       157.93523       157.93523
  1.8870351e-31       84.108878       44.399175       2.0518601      -1.0518601       5.1929569        5.1929569       157.83184       157.83184
  2.3208096e-31       83.901969       99.456975      0.38913736      0.61086264       5.1929569        5.1929569       157.41802       157.41802
  2.4024173e-31        83.86741       41.748501       2.2913547      -1.2913547       5.1929569        5.1929569       157.34891       157.34891
  3.4920946e-31       83.493383       76.412187      0.72626523      0.27373477       5.1929569        5.1929569       156.60085       156.60085
  4.6143678e-31        83.21471       42.911872       2.1709787      -1.1709787       5.1929569        5.1929569       156.04351       156.04351
  5.0325826e-31       83.127952       54.641238       1.3941486     -0.39414861       5.1929569        5.1929569       155.86999       155.86999
  8.9378445e-31       82.553591       78.378986      0.68446294      0.31553706       5.1929569        5.1929569       154.72127       154.72127
  9.2575452e-31       82.518446       79.076815      0.67143527      0.32856473       5.1929569        5.1929569       154.65098       154.65098
  2.2367982e-30       81.636255       42.192749     0.090532347      0.90946765       5.1929569        5.1929569        152.8866        152.8866
  5.0371782e-30       80.824454       54.404182       1.3865672      -0.3865672       5.1929569        5.1929569       151.26299       151.26299
  1.0424478e-29       80.097143       58.629264    0.0093800634      0.99061994       5.1929569        5.1929569       149.80837       149.80837
  1.9251116e-29       79.483731        48.75721        1.681848     -0.68184799       5.1929569        5.1929569       148.58155       148.58155
  4.6160578e-29       78.609174       49.404966     0.047784975      0.95221503       5.1929569        5.1929569       146.83243       146.83243
  4.9987375e-29        78.52953        74.50279      0.74365851      0.25634149       5.1929569        5.1929569       146.67315       146.67315
  6.0112527e-29       78.345082       48.187122       1.7060201      -0.7060201       5.1929569        5.1929569       146.30425       146.30425
  1.3813699e-28       77.513054       93.819095      0.43548128      0.56451872       5.1929569        5.1929569       144.64019       144.64019
  1.3859889e-28       77.509716       46.193937       1.8320494     -0.83204943       5.1929569        5.1929569       144.63352       144.63352
  1.3994122e-28       77.500078       41.611801       2.2119409      -1.2119409       5.1929569        5.1929569       144.61424       144.61424
  1.6778175e-28       77.318636       40.817235       2.2872475      -1.2872475       5.1929569        5.1929569       144.25136       144.25136
  2.1483791e-28       77.071416       72.136669        0.787698        0.212302       5.1929569        5.1929569       143.75692       143.75692
   3.273463e-28       76.650281       94.322645      0.42674231      0.57325769       5.1929569        5.1929569       142.91465       142.91465
  3.9025659e-28       76.474496       83.834197      0.56848825      0.43151175       5.1929569        5.1929569       142.56308       142.56308
  4.6629038e-28       76.296491       73.405154      0.75649044      0.24350956       5.1929569        5.1929569       142.20707       142.20707
  5.0997993e-28       76.206929       61.183931       1.0822493    -0.082249262       5.1929569        5.1929569       142.02794       142.02794
  5.7657934e-28       76.084187       79.561131       0.6371692       0.3628308       5.1929569        5.1929569       141.78246       141.78246
  6.3182323e-28        75.99269       50.384368       1.5496713     -0.54967127       5.1929569        5.1929569       141.59947       141.59947
  8.8239622e-28       75.658659       58.603136       1.1700055     -0.17000548       5.1929569        5.1929569        140.9314        140.9314
  9.7990291e-28       75.553847       58.239968       1.1829479     -0.18294787       5.1929569        5.1929569       140.72178       140.72178
  1.1820512e-27       75.366294       78.157608      0.65919326      0.34080674       5.1929569        5.1929569       140.34667       140.34667
  1.6439924e-27       75.036417       43.368681      0.10566552      0.89433448       5.1929569        5.1929569       139.68692       139.68692
   1.861664e-27       74.912074       50.503943       1.5322822     -0.53228224       5.1929569        5.1929569       139.43823       139.43823
  2.6478163e-27       74.559809       47.512399       1.7077725     -0.70777254       5.1929569        5.1929569       138.73371       138.73371
  2.9047894e-27       74.467184       68.070307      0.87096036      0.12903964       5.1929569        5.1929569       138.54845       138.54845
  5.0378103e-27       73.916573       79.867244      0.62313063      0.37686937       5.1929569        5.1929569       137.44723       137.44723
  5.2246418e-27       73.880159       52.346627     0.045766502       0.9542335       5.1929569        5.1929569        137.3744        137.3744
  5.4832833e-27       73.831841       40.909063       2.2234898      -1.2234898       5.1929569        5.1929569       137.27777       137.27777
  5.9160103e-27       73.755882       43.338108       2.0041417      -1.0041417       5.1929569        5.1929569       137.12585       137.12585
  6.1507077e-27       73.716978       79.506872        0.628512        0.371488       5.1929569        5.1929569       137.04804       137.04804
  6.1751308e-27       73.713015       42.803262        2.048646       -1.048646       5.1929569        5.1929569       137.04012       137.04012
  2.3156549e-26       72.391267       42.943882       2.0177621      -1.0177621       5.1929569        5.1929569       134.39662       134.39662
  3.3775942e-26       72.013796       91.268849      0.44930467      0.55069533       5.1929569        5.1929569       133.64168       133.64168
  3.4073677e-26        72.00502       54.565379        1.305124     -0.30512401       5.1929569        5.1929569       133.62413       133.62413
  6.2767946e-26         71.3941       65.442843      0.92278193     0.077218068       5.1929569        5.1929569       132.40229       132.40229
  9.0110425e-26       71.032509        95.05499      0.40045949      0.59954051       5.1929569        5.1929569        131.6791        131.6791
  9.0950248e-26       71.023232       72.184076      0.75731561      0.24268439       5.1929569        5.1929569       131.66055       131.66055
    1.05796e-25       70.872032       66.813645      0.88318187      0.11681813       5.1929569        5.1929569       131.35815       131.35815
  1.1106378e-25        70.82344       54.975517       1.2772472     -0.27724718       5.1929569        5.1929569       131.26097       131.26097
  1.2963567e-25       70.668817       87.389139       0.4956531       0.5043469       5.1929569        5.1929569       130.95172       130.95172
  3.1987383e-25       69.765618        61.87286       1.0170293    -0.017029272       5.1929569        5.1929569       129.14532       129.14532
  4.5004157e-25       69.424205       53.875835       1.3130718     -0.31307184       5.1929569        5.1929569        128.4625        128.4625
  5.0885906e-25       69.301374       47.876841       1.6246817     -0.62468174       5.1929569        5.1929569       128.21683       128.21683
  5.9734245e-25       69.141054       68.200701      0.83855522      0.16144478       5.1929569        5.1929569       127.89619       127.89619
  9.8808086e-25        68.63778       90.941227      0.44199096      0.55800904       5.1929569        5.1929569       126.88965       126.88965
  1.0133844e-24       68.612494       45.856677       1.7463712     -0.74637124       5.1929569        5.1929569       126.83907       126.83907
  1.2673211e-24       68.388884       70.162718    0.0085163184      0.99148368       5.1929569        5.1929569       126.39185       126.39185
  1.3246844e-24       68.344615       84.344702      0.53028122      0.46971878       5.1929569        5.1929569       126.30332       126.30332
  1.5987614e-24        68.15656        62.10997     0.024360656      0.97563934       5.1929569        5.1929569       125.92721       125.92721
  2.3719008e-24       67.762098       55.825489     0.046404748      0.95359525       5.1929569        5.1929569       125.13828       125.13828
  2.7070313e-24       67.629937       66.692479      0.86756072      0.13243928       5.1929569        5.1929569       124.87396       124.87396
  3.2209861e-24       67.456102       71.775655      0.74818414      0.25181586       5.1929569        5.1929569       124.52629       124.52629
  9.6479883e-24        66.35904       57.179646       1.1522955     -0.15229553       5.1929569        5.1929569       122.33217       122.33217
  1.1617677e-23       66.173262        45.66954       1.7275646     -0.72756455       5.1929569        5.1929569       121.96061       121.96061
  1.3291505e-23       66.038664       44.622262       1.7983431      -0.7983431       5.1929569        5.1929569       121.69142       121.69142
  1.3772977e-23       66.003081       41.106724       2.0785224      -1.0785224       5.1929569        5.1929569       121.62025       121.62025
  1.3909858e-23       65.993192       42.624544       1.9495024      -0.9495024       5.1929569        5.1929569       121.60047       121.60047
  1.4042477e-23       65.983703       41.667085       2.0291487      -1.0291487       5.1929569        5.1929569       121.58149       121.58149
  1.5419856e-23       65.890133       78.894565      0.60602917      0.39397083       5.1929569        5.1929569       121.39435       121.39435
   1.695282e-23       65.795355       55.707364     0.052268338      0.94773166       5.1929569        5.1929569        121.2048        121.2048
  2.1148041e-23       65.574242       67.967283       0.8241391       0.1758609       5.1929569        5.1929569       120.76257       120.76257
  2.1945122e-23       65.537245       93.065216      0.40553775      0.59446225       5.1929569        5.1929569       120.68858       120.68858
  3.0951748e-23        65.19336       82.617906       0.5436281       0.4563719       5.1929569        5.1929569       120.00081       120.00081
  3.8261581e-23       64.981343       86.713158      0.48402997      0.51597003       5.1929569        5.1929569       119.57677       119.57677
   4.967436e-23       64.720301       46.336505      0.12007583      0.87992417       5.1929569        5.1929569       119.05469       119.05469
   5.132458e-23        64.68762       58.453209        1.093208    -0.093208016       5.1929569        5.1929569       118.98933       118.98933
  7.7496147e-23       64.275561       93.150966    0.0053353078      0.99466469       5.1929569        5.1929569       118.16521       118.16521
   1.011443e-22       64.009241       65.153208      0.88558345      0.11441655       5.1929569        5.1929569       117.63257       117.63257
  1.2234525e-22       63.818943       42.713521       1.9090325     -0.90903252       5.1929569        5.1929569       117.25197       117.25197
  1.4142313e-22       63.674033       66.791307      0.84170733      0.15829267       5.1929569        5.1929569       116.96215       116.96215
   1.457403e-22       63.643963       41.045338      0.19388447      0.80611553       5.1929569        5.1929569       116.90201       116.90201
  2.1080449e-22       63.274858       56.680226       1.1456193     -0.14561933       5.1929569        5.1929569        116.1638        116.1638
  2.2688392e-22       63.201351        72.20978      0.71732425      0.28267575       5.1929569        5.1929569       116.01679       116.01679
  2.7292878e-22       63.016579       96.011335    0.0085513081      0.99144869       5.1929569        5.1929569       115.64724       115.64724
  3.4740496e-22       62.775298       54.231547     0.068525175      0.93147482       5.1929569        5.1929569       115.16468       115.16468
  5.2180797e-22        62.36849       94.506845      0.37791417      0.62208583       5.1929569        5.1929569       114.35107       114.35107
   8.306152e-22       61.903623       74.173981      0.67205262      0.32794738       5.1929569        5.1929569       113.42133       113.42133
  9.5117048e-22       61.768096       43.729127       1.8013688     -0.80136878       5.1929569        5.1929569       113.15028       113.15028
  1.4183871e-21       61.368514       50.281109       1.4029366     -0.40293665       5.1929569        5.1929569       112.35111       112.35111
  1.7160535e-21       61.178007       50.628118       1.3837459     -0.38374589       5.1929569        5.1929569        111.9701        111.9701
  1.8373385e-21       61.109716       88.065278      0.45142978      0.54857022       5.1929569        5.1929569       111.83352       111.83352
  2.2269543e-21       60.917399       68.902756      0.77577479      0.22422521       5.1929569        5.1929569       111.44888       111.44888
  2.2856762e-21       60.891372       45.770989        1.650686     -0.65068599       5.1929569        5.1929569       111.39683       111.39683
   2.310582e-21       60.880535        79.87439      0.56806458      0.43193542       5.1929569        5.1929569       111.37516       111.37516
  3.0406207e-21       60.605973       47.148289       1.5630565     -0.56305647       5.1929569        5.1929569       110.82603       110.82603
  4.4547732e-21       60.224058       43.252699       1.8125478     -0.81254775       5.1929569        5.1929569        110.0622        110.0622
  6.0961382e-21       59.910379       67.265442      0.80762387      0.19237613       5.1929569        5.1929569       109.43484       109.43484
  7.4890485e-21       59.704592       87.944807      0.44760659      0.55239341       5.1929569        5.1929569       109.02327       109.02327
  1.4642594e-20         59.0341       60.925264     0.049538773      0.95046123       5.1929569        5.1929569       107.68229       107.68229
  2.2332813e-20       58.611977       49.931171       1.3895192     -0.38951924       5.1929569        5.1929569       106.83804       106.83804
  3.0157107e-20       58.311614       42.687301        1.823847     -0.82384704       5.1929569        5.1929569       106.23731       106.23731
  4.0422615e-20       58.018645       42.858718       1.8064919     -0.80649187       5.1929569        5.1929569       105.65138       105.65138
  4.1294512e-20       57.997305       63.182364     0.044704335      0.95529566       5.1929569        5.1929569        105.6087        105.6087
  8.0949687e-20       57.324206       48.613957       1.4411989     -0.44119886       5.1929569        5.1929569        104.2625        104.2625
    1.03387e-19       57.079555       49.109562      0.12717979      0.87282021       5.1929569        5.1929569        103.7732        103.7732
  1.1006346e-19       57.016977       75.895803      0.61646545      0.38353455       5.1929569        5.1929569       103.64804       103.64804
  1.3937358e-19       56.780876       59.696149      0.99069647    0.0093035305       5.1929569        5.1929569       103.17584       103.17584
  1.5842684e-19       56.652741       69.930566     0.031334921      0.96866508       5.1929569        5.1929569       102.91957       102.91957
  1.6269162e-19       56.626178       49.604381       0.1245985       0.8754015       5.1929569        5.1929569       102.86644       102.86644
  1.8876839e-19       56.477513       58.345677       1.0311052    -0.031105218       5.1929569        5.1929569       102.56911       102.56911
   2.361708e-19       56.253479       53.105085       1.2210739     -0.22107388       5.1929569        5.1929569       102.12104       102.12104
  3.1982493e-19        55.95026       40.967155       1.9157625     -0.91576247       5.1929569        5.1929569       101.51461       101.51461
  3.7784873e-19        55.78354        64.10779       0.8590017       0.1409983       5.1929569        5.1929569       101.18117       101.18117
  3.9789513e-19       55.731846       51.795238      0.10979191      0.89020809       5.1929569        5.1929569       101.07778       101.07778
  3.9805657e-19        55.73144       49.677103        0.127942        0.872058       5.1929569        5.1929569       101.07697       101.07697
   9.637733e-19       54.847178       61.176512      0.93175811      0.06824189       5.1929569        5.1929569       99.308442       99.308442
  9.6745441e-19       54.843366       52.966555       1.2123379     -0.21233794       5.1929569        5.1929569       99.300818       99.300818
   1.179703e-18       54.645016       69.221737     0.037203388      0.96279661       5.1929569        5.1929569       98.904119       98.904119
  1.2640136e-18       54.575987        98.25329     0.024606272      0.97539373       5.1929569        5.1929569        98.76606        98.76606
  2.4803486e-18        53.90188       54.028875       1.1606677     -0.16066773       5.1929569        5.1929569       97.417846       97.417846
  3.9748882e-18       53.430282       73.377016      0.64311587      0.35688413       5.1929569        5.1929569       96.474651       96.474651
  4.0894703e-18       53.401863       84.918753     0.022589722      0.97741028       5.1929569        5.1929569       96.417813       96.417813
  4.5219941e-18       53.301326       64.193333      0.83966541      0.16033459       5.1929569        5.1929569       96.216738       96.216738
  5.2948885e-18       53.143537       94.185496      0.34781837      0.65218163       5.1929569        5.1929569        95.90116        95.90116
  1.3420693e-17       52.213481        41.62603      0.26300316      0.73699684       5.1929569        5.1929569       94.041049       94.041049
  1.5429567e-17       52.073993       50.673279      0.13549124      0.86450876       5.1929569        5.1929569       93.762073       93.762073
  1.5729374e-17       52.054749       47.170707       1.4489298     -0.44892982       5.1929569        5.1929569       93.723584       93.723584
  2.1823729e-17       51.727281       40.743089       1.8536309     -0.85363095       5.1929569        5.1929569       93.068648       93.068648
  2.2380751e-17       51.702078        65.56983      0.79518475      0.20481525       5.1929569        5.1929569       93.018242       93.018242
  2.8674113e-17       51.454284       40.057867       1.9017925     -0.90179246       5.1929569        5.1929569       92.522655       92.522655
  3.1497243e-17       51.360379       91.550476      0.37075238      0.62924762       5.1929569        5.1929569       92.334844       92.334844
  3.4909036e-17       51.257533       48.963798       1.3481513     -0.34815127       5.1929569        5.1929569       92.129153       92.129153
  3.7016275e-17       51.198921       46.526279       1.4714798     -0.47147982       5.1929569        5.1929569       92.011929       92.011929
  3.7922361e-17       51.174738       54.515204       1.1151769     -0.11517695       5.1929569        5.1929569       91.963562       91.963562
  3.9823671e-17       51.125817        84.00219      0.46431921      0.53568079       5.1929569        5.1929569       91.865721       91.865721
  5.0449183e-17       50.889312       40.981571        1.819285     -0.81928501       5.1929569        5.1929569       91.392711       91.392711
  6.5326326e-17       50.630884       74.340812      0.61065636      0.38934364       5.1929569        5.1929569       90.875854       90.875854
  6.9856222e-17        50.56384       61.755974      0.88288658      0.11711342       5.1929569        5.1929569       90.741766       90.741766
  8.5019228e-17       50.367401       53.584312       1.1415038     -0.14150384       5.1929569        5.1929569       90.348889       90.348889
  1.0508546e-16       50.155505       95.320052     0.031073952      0.96892605       5.1929569        5.1929569       89.925096       89.925096
  1.2776322e-16         49.9601       79.076898      0.52975744      0.47024256       5.1929569        5.1929569       89.534287       89.534287
  1.3790948e-16       49.883681       44.281342       1.5798674     -0.57986737       5.1929569        5.1929569       89.381449       89.381449
  1.3830673e-16       49.880805       66.376639      0.05626142      0.94373858       5.1929569        5.1929569       89.375696       89.375696
  1.6929101e-16        49.67866       87.855292      0.40805744      0.59194256       5.1929569        5.1929569       88.971406       88.971406
  1.7391431e-16       49.651716       94.914795      0.32594525      0.67405475       5.1929569        5.1929569       88.917519       88.917519
  2.1935793e-16       49.419574       46.435268       1.4505548     -0.45055477       5.1929569        5.1929569       88.453235       88.453235
  2.4546412e-16       49.307128       40.649358       1.8126339     -0.81263391       5.1929569        5.1929569       88.228343       88.228343
   3.896264e-16       48.845091       41.589497       1.7359206     -0.73592057       5.1929569        5.1929569       87.304267       87.304267
  4.7913331e-16         48.6383       53.076381       1.1422317     -0.14223175       5.1929569        5.1929569       86.890686       86.890686
  5.7439691e-16       48.456958        99.16049     0.038822807      0.96117719       5.1929569        5.1929569       86.528003       86.528003
  6.6621095e-16       48.308673       94.448119     0.034443143      0.96555686       5.1929569        5.1929569       86.231431       86.231431
  7.9130314e-16       48.136598       41.848794       1.7045003     -0.70450032       5.1929569        5.1929569       85.887282       85.887282
  9.6031746e-16       47.943015       43.113654       1.6185263     -0.61852629       5.1929569        5.1929569       85.500116       85.500116
  1.1183946e-15       47.790629       94.981975        0.317546        0.682454       5.1929569        5.1929569       85.195345       85.195345
  1.5787096e-15       47.445916       88.539833      0.38999636      0.61000364       5.1929569        5.1929569       84.505918       84.505918
  2.2662032e-15       47.084418       42.224345       1.6594606     -0.65946061       5.1929569        5.1929569       83.782922       83.782922
   2.336498e-15        47.05387       54.324938       1.0796629    -0.079662949       5.1929569        5.1929569       83.721827       83.721827
  2.5133809e-15       46.980895       90.472654     0.035463807      0.96453619       5.1929569        5.1929569       83.575876       83.575876
  3.7195913e-15        46.58891       98.669946      0.27284172      0.72715828       5.1929569        5.1929569       82.791906       82.791906
  5.2463166e-15       46.244997       81.207297     0.039282027      0.96071797       5.1929569        5.1929569       82.104081       82.104081
  5.3087902e-15        46.23316       73.397327      0.60252934      0.39747066       5.1929569        5.1929569       82.080406       82.080406
  7.7096261e-15       45.860054       55.145039       1.0390941     -0.03909408       5.1929569        5.1929569       81.334194       81.334194
  1.0786847e-14       45.524196       44.553666       1.4912707     -0.49127072       5.1929569        5.1929569       80.662479       80.662479
  1.0909313e-14       45.512907       45.433669       1.4433608     -0.44336077       5.1929569        5.1929569         80.6399         80.6399
  1.4870388e-14       45.203152       42.038021       1.6348732     -0.63487324       5.1929569        5.1929569        80.02039        80.02039
  1.5005675e-14       45.194095       47.605309       1.3300229     -0.33002289       5.1929569        5.1929569       80.002277       80.002277
  1.6024479e-14       45.128406       49.421646       1.2474172      -0.2474172       5.1929569        5.1929569       79.870899       79.870899
  1.7095491e-14       45.063709       42.014875      0.31682754      0.68317246       5.1929569        5.1929569       79.741504       79.741504
   1.750367e-14       45.040113        56.11277      0.12226981      0.87773019       5.1929569        5.1929569       79.694312       79.694312
  2.0061365e-14       44.903728       89.245954      0.37023019      0.62976981       5.1929569        5.1929569       79.421542       79.421542
  2.6423417e-14       44.628273       51.793895       1.1449963     -0.14499626       5.1929569        5.1929569       78.870632       78.870632
   2.658356e-14       44.622231        44.43923       1.4820265     -0.48202646       5.1929569        5.1929569       78.858548       78.858548
  2.7212475e-14       44.598848       54.166088       1.0588408    -0.058840806       5.1929569        5.1929569       78.811783       78.811783
  3.5651742e-14       44.328726       73.857414      0.58353502      0.41646498       5.1929569        5.1929569       78.271538       78.271538
  4.5255926e-14        44.09019       42.608407       1.5776433      -0.5776433       5.1929569        5.1929569       77.794466       77.794466
  5.1762401e-14        43.95586       85.304338      0.41420917      0.58579083       5.1929569        5.1929569       77.525805       77.525805
   5.596951e-14       43.877717       76.683268      0.53501572      0.46498428       5.1929569        5.1929569       77.369519       77.369519
  5.6697937e-14       43.864786       40.580695       1.7022121     -0.70221205       5.1929569        5.1929569       77.343658       77.343658
  7.2211805e-14        43.62292       70.729731     0.061947689      0.93805231       5.1929569        5.1929569       76.859926       76.859926
  7.4370642e-14       43.593462       74.038085     0.054930761      0.94506924       5.1929569        5.1929569       76.801011       76.801011
  1.0969972e-13       43.204777        61.95354      0.81893074      0.18106926       5.1929569        5.1929569        76.02364        76.02364
  1.1138242e-13       43.189554       49.161637       1.2320064     -0.23200642       5.1929569        5.1929569       75.993194       75.993194
   1.296192e-13       43.037923        89.68073     0.044539962      0.95546004       5.1929569        5.1929569       75.689932       75.689932
  1.7303272e-13       42.749043       51.052451      0.18084764      0.81915236       5.1929569        5.1929569       75.112172       75.112172
  1.7900652e-13       42.715101       49.827755       1.1978896     -0.19788962       5.1929569        5.1929569       75.044289       75.044289
  1.9082778e-13       42.651152       59.274772      0.11134782      0.88865218       5.1929569        5.1929569       74.916391       74.916391
  2.3910116e-13       42.425637       45.978192       1.3649129     -0.36491286       5.1929569        5.1929569        74.46536        74.46536
  2.6977809e-13       42.304924       81.990501      0.44955466      0.55044534       5.1929569        5.1929569       74.223934       74.223934
  2.8916458e-13       42.235528       48.816933       1.2330678     -0.23306785       5.1929569        5.1929569       74.085142       74.085142
  3.2140305e-13       42.129828       48.425631       1.2482125     -0.24821248       5.1929569        5.1929569       73.873742       73.873742
  3.2419373e-13       42.121182       45.301198       1.3932559     -0.39325588       5.1929569        5.1929569       73.856451       73.856451
  3.7733482e-13       41.969391       89.192434      0.35727047      0.64272953       5.1929569        5.1929569       73.552868       73.552868
  3.9692838e-13       41.918768       57.714498      0.91999067     0.080009335       5.1929569        5.1929569       73.451622       73.451622
  4.3821307e-13       41.819818       40.650401       1.6513424     -0.65134241       5.1929569        5.1929569       73.253723       73.253723
  5.9994695e-13       41.505682       47.284711       1.2888791     -0.28887913       5.1929569        5.1929569       72.625451       72.625451
  6.2056073e-13         41.4719       40.114043       1.6779381      -0.6779381       5.1929569        5.1929569       72.557887       72.557887
  6.2660418e-13       41.462209       67.770812     0.077009136      0.92299086       5.1929569        5.1929569       72.538503       72.538503
  7.2728343e-13       41.313207       68.246919      0.66633616      0.33366384       5.1929569        5.1929569       72.240501       72.240501
  7.8006291e-13       41.243149       66.741413      0.69595968      0.30404032       5.1929569        5.1929569       72.100384       72.100384
  8.9268879e-13       41.108286       56.631931      0.13642774      0.86357226       5.1929569        5.1929569       71.830658       71.830658
    1.06622e-12       40.930649       42.695137       1.5092174     -0.50921744       5.1929569        5.1929569       71.475384       71.475384
  1.3459319e-12       40.697682       43.750122      0.31839668      0.68160332       5.1929569        5.1929569        71.00945        71.00945
  1.3811031e-12       40.671886       46.068734       1.3311001     -0.33110012       5.1929569        5.1929569       70.957858       70.957858
  1.7675566e-12        40.42517       58.749066      0.87677697      0.12322303       5.1929569        5.1929569       70.464427       70.464427
  1.7725416e-12       40.422354       51.262188       1.1119044     -0.11190441       5.1929569        5.1929569       70.458794       70.458794
  1.8320413e-12       40.389338       45.848582      0.27653483      0.72346517       5.1929569        5.1929569       70.392761       70.392761
   2.694497e-12       40.003557       49.870185      0.21348482      0.78651518       5.1929569        5.1929569         69.6212         69.6212
  2.7419136e-12       39.986112       45.663063       1.3383243     -0.33832426       5.1929569        5.1929569       69.586311       69.586311
  2.8587368e-12       39.944389       45.215637      0.29328776      0.70671224       5.1929569        5.1929569       69.502863       69.502863
  4.3774257e-12       39.518308       41.970806      0.37750982      0.62249018       5.1929569        5.1929569       68.650701       68.650701
  4.6929662e-12       39.448704       40.869984       1.5820248     -0.58202484       5.1929569        5.1929569       68.511493       68.511493
  5.2666788e-12       39.333368       69.360978       0.6313245       0.3686755       5.1929569        5.1929569       68.280823       68.280823
  6.5744734e-12       39.111574        88.70294        0.349052        0.650948       5.1929569        5.1929569       67.837234       67.837234
  8.0975585e-12       38.903206        69.93426      0.61784481      0.38215519       5.1929569        5.1929569       67.420498       67.420498
   8.342395e-12       38.873418       92.594035      0.30315438      0.69684562       5.1929569        5.1929569       67.360922       67.360922
  9.3533529e-12       38.759033       87.731549     0.055664052      0.94433595       5.1929569        5.1929569       67.132153       67.132153
  1.3881473e-11       38.364213       50.130339       1.1253929     -0.12539294       5.1929569        5.1929569       66.342513       66.342513
  1.7679111e-11       38.122385       96.002811      0.26113127      0.73886873       5.1929569        5.1929569       65.858856       65.858856
  2.4322556e-11       37.803364       63.653189      0.73432388      0.26567612       5.1929569        5.1929569       65.220815       65.220815
  2.5578318e-11       37.753023       90.327231     0.059343876      0.94065612       5.1929569        5.1929569       65.120133       65.120133
  3.5035869e-11       37.438396       40.284605      0.46047022      0.53952978       5.1929569        5.1929569       64.490878       64.490878
  3.5424601e-11       37.427362       92.275874     0.061711492      0.93828851       5.1929569        5.1929569        64.46881        64.46881
   3.774581e-11       37.363894       95.526854      0.26235491      0.73764509       5.1929569        5.1929569       64.341874       64.341874
   4.130493e-11       37.273786       67.050758     0.094228309      0.90577169       5.1929569        5.1929569       64.161659       64.161659
  4.6546718e-11       37.154312       96.454718     0.068461247      0.93153875       5.1929569        5.1929569        63.92271        63.92271
  4.8789757e-11       37.107248       50.261033      0.22887287      0.77112713       5.1929569        5.1929569       63.828582       63.828582
  5.6680732e-11       36.957334       44.171966       1.3512952     -0.35129523       5.1929569        5.1929569       63.528754       63.528754
  6.5543385e-11       36.812056       67.373833      0.65033841      0.34966159       5.1929569        5.1929569       63.238198       63.238198
  7.8264576e-11       36.634673       92.901249     0.064957884      0.93504212       5.1929569        5.1929569       62.883433       62.883433
  7.9555003e-11        36.61832       44.220855       1.3420098     -0.34200979       5.1929569        5.1929569       62.850726       62.850726
  1.0916723e-10       36.301887       90.954412      0.30835973      0.69164027       5.1929569        5.1929569       62.217861       62.217861
  1.5006038e-10       35.983731       90.778575     0.065268438      0.93473156       5.1929569        5.1929569       61.581548       61.581548
  1.6015313e-10       35.918638       41.663068       1.4516598     -0.45165982       5.1929569        5.1929569       61.451362       61.451362
  2.4045652e-10       35.512229       78.853806      0.45501397      0.54498603       5.1929569        5.1929569       60.638544       60.638544
  2.6265202e-10       35.423938       40.267715       1.5120309     -0.51203094       5.1929569        5.1929569       60.461963       60.461963
  3.3318402e-10       35.186073       88.859855     0.066913385      0.93308661       5.1929569        5.1929569       59.986233       59.986233
  3.6755419e-10       35.087898       99.259316      0.20396812      0.79603188       5.1929569        5.1929569       59.789881       59.789881
  4.0758053e-10        34.98453       50.564344       1.0603477    -0.060347683       5.1929569        5.1929569       59.583146       59.583146
  4.0919342e-10        34.98058       40.867246      0.47755113      0.52244887       5.1929569        5.1929569       59.575247       59.575247
  4.1782511e-10       34.959705       46.938958       1.1929352     -0.19293515       5.1929569        5.1929569       59.533497       59.533497
   4.580374e-10       34.867818        48.18211       1.1434814     -0.14348145       5.1929569        5.1929569       59.349721       59.349721
  5.0857961e-10       34.763147       96.163822      0.23981717      0.76018283       5.1929569        5.1929569       59.140379       59.140379
  5.5436992e-10       34.676936       65.087642      0.67794503      0.32205497       5.1929569        5.1929569       58.967959       58.967959
   5.547668e-10       34.676221       67.150108      0.63793536      0.36206464       5.1929569        5.1929569       58.966527       58.966527
  8.0291819e-10       34.306516       40.779956       1.4538767      -0.4538767       5.1929569        5.1929569       58.227117       58.227117
  8.8799605e-10       34.205801       54.947704      0.91400787     0.085992131       5.1929569        5.1929569       58.025688       58.025688
   1.028341e-09       34.059066       42.587606       1.3602185     -0.36021851       5.1929569        5.1929569       57.732219       57.732219
  1.0863445e-09       34.004195       99.779051     0.096027739      0.90397226       5.1929569        5.1929569       57.622476       57.622476
  1.2274859e-09       33.882045       92.512414     0.074564781      0.92543522       5.1929569        5.1929569       57.378176       57.378176
   1.252114e-09        33.86218       75.476743     0.082014301       0.9179857       5.1929569        5.1929569       57.338446       57.338446
  1.3334381e-09       33.799252       44.486527       1.2701594     -0.27015936       5.1929569        5.1929569       57.212591       57.212591
  1.5634625e-09        33.64011       53.692262      0.20864115      0.79135885       5.1929569        5.1929569       56.894307       56.894307
  1.7470379e-09       33.529091       43.870277       1.2903619     -0.29036185       5.1929569        5.1929569       56.672269       56.672269
   1.876916e-09       33.457383       46.349799      0.33467079      0.66532921       5.1929569        5.1929569       56.528852       56.528852
  2.0002059e-09       33.393763       42.055837       0.4596842       0.5403158       5.1929569        5.1929569       56.401612       56.401612
  2.3055262e-09       33.251704       65.284907      0.11849883      0.88150117       5.1929569        5.1929569       56.117495       56.117495
  2.4304411e-09        33.19894       45.052659       0.3699882       0.6300118       5.1929569        5.1929569       56.011967       56.011967
  2.7153435e-09       33.088095        52.40383      0.22937545      0.77062455       5.1929569        5.1929569       55.790276       55.790276
  2.7343361e-09       33.081124        42.35076       1.3460573     -0.34605733       5.1929569        5.1929569       55.776335       55.776335
  2.8938361e-09        33.02443       98.468498     0.095348483      0.90465152       5.1929569        5.1929569       55.662947       55.662947
  3.5167327e-09       32.829481       74.238691      0.50482976      0.49517024       5.1929569        5.1929569       55.273048       55.273048
  3.8642255e-09       32.735252       78.882488      0.43746193      0.56253807       5.1929569        5.1929569        55.08459        55.08459
  5.4152833e-09       32.397788       41.465152       1.3669167     -0.36691671       5.1929569        5.1929569       54.409662       54.409662
  6.3413624e-09       32.239919       59.061703       0.7853369       0.2146631       5.1929569        5.1929569       54.093925       54.093925
  6.4265527e-09       32.226575       61.120112      0.73849463      0.26150537       5.1929569        5.1929569       54.067236       54.067236
  6.6519329e-09       32.192106       47.256815      0.32834663      0.67165337       5.1929569        5.1929569       53.998298       53.998298
  6.9367005e-09       32.150187       53.373585      0.22367125      0.77632875       5.1929569        5.1929569        53.91446        53.91446
  7.1816575e-09       32.115483       47.983374        1.101702     -0.10170199       5.1929569        5.1929569       53.845052       53.845052
  7.5497821e-09       32.065494       99.603527      0.16902062      0.83097938       5.1929569        5.1929569       53.745075       53.745075
  1.0592952e-08       31.726824       40.299941       1.3981364     -0.39813643       5.1929569        5.1929569       53.067735       53.067735
  1.3309776e-08       31.498514       53.343229       0.2291637       0.7708363       5.1929569        5.1929569       52.611115       52.611115
  1.4482235e-08        31.41409       40.495012       1.3792775     -0.37927749       5.1929569        5.1929569       52.442267       52.442267
  1.6429091e-08       31.287959       52.788712      0.93610491     0.063895094       5.1929569        5.1929569       52.190005       52.190005
  1.6470793e-08       31.285424       44.884558       1.1973643      -0.1973643       5.1929569        5.1929569       52.184935       52.184935
  1.9788083e-08       31.101933       97.609843      0.19268848      0.80731152       5.1929569        5.1929569       51.817953       51.817953
  1.9866115e-08       31.097998       91.614779      0.26988725      0.73011275       5.1929569        5.1929569       51.810081       51.810081
  3.0591374e-08       30.666295       78.453857      0.42979103      0.57020897       5.1929569        5.1929569       50.946676       50.946676
  3.0725153e-08       30.661931       54.149254      0.88943264      0.11056736       5.1929569        5.1929569       50.937949       50.937949
   3.252073e-08       30.605135       96.928099      0.10466446      0.89533554       5.1929569        5.1929569       50.824357       50.824357
  3.3523245e-08       30.574774       90.914808      0.27471371      0.72528629       5.1929569        5.1929569       50.763634       50.763634
  3.7146503e-08       30.472143       42.199878      0.50623384      0.49376616       5.1929569        5.1929569       50.558373       50.558373
  3.7630339e-08       30.459202       93.409004      0.24381853      0.75618147       5.1929569        5.1929569       50.532491       50.532491
  4.0564983e-08       30.384108       40.970466       1.3253497     -0.32534967       5.1929569        5.1929569       50.382302       50.382302
  4.0967538e-08       30.374233       47.990923       1.0682239    -0.068223948       5.1929569        5.1929569       50.362552       50.362552
  4.5964281e-08       30.259148       50.194299      0.99636755    0.0036324499       5.1929569        5.1929569       50.132383       50.132383
   4.971744e-08       30.180657        62.60458      0.68666442      0.31333558       5.1929569        5.1929569       49.975401       49.975401
  5.0419449e-08       30.166636       48.081489        1.061184    -0.061184013       5.1929569        5.1929569       49.947358       49.947358
  5.6812857e-08        30.04725        94.37846      0.22842384      0.77157616       5.1929569        5.1929569       49.708587       49.708587
  7.4392513e-08       29.777658       47.512076       1.0719138    -0.071913754       5.1929569        5.1929569       49.169402       49.169402
  8.9287777e-08       29.595148       40.826285      0.58724241      0.41275759       5.1929569        5.1929569       48.804383       48.804383
  9.2763986e-08       29.556955       95.051782      0.21525646      0.78474354       5.1929569        5.1929569       48.727995       48.727995
  9.9073246e-08       29.491154       90.984457      0.26641074      0.73358926       5.1929569        5.1929569       48.596394       48.596394
  1.0276907e-07       29.454529       55.477445      0.83846041      0.16153959       5.1929569        5.1929569       48.523144       48.523144
  1.2255469e-07       29.278456       46.165001        1.105396     -0.10539604       5.1929569        5.1929569       48.170998       48.170998
  1.2824909e-07       29.233039       93.816643      0.10014969      0.89985031       5.1929569        5.1929569       48.080164       48.080164
  1.3256621e-07       29.199931        56.01191      0.82186753      0.17813247       5.1929569        5.1929569       48.013948       48.013948
  1.6125756e-07        29.00401        82.44232      0.36672046      0.63327954       5.1929569        5.1929569       47.622107       47.622107
  2.5385311e-07       28.550257       51.464626      0.28442439      0.71557561       5.1929569        5.1929569       46.714601       46.714601
  3.3869751e-07       28.261906        40.45246      0.64421196      0.35578804       5.1929569        5.1929569       46.137898       46.137898
  4.0640269e-07       28.079669        56.06086      0.22209474      0.77790526       5.1929569        5.1929569       45.773423       45.773423
  4.1823193e-07       28.050977       64.716161      0.62490567      0.37509433       5.1929569        5.1929569        45.71604        45.71604
  4.3262179e-07       28.017149       67.594098      0.57382635      0.42617365       5.1929569        5.1929569       45.648385       45.648385
  4.4214907e-07       27.995366       74.147823       0.4709967       0.5290033       5.1929569        5.1929569       45.604818       45.604818
  5.2736805e-07       27.819114       81.043335     0.096971051      0.90302895       5.1929569        5.1929569       45.252315       45.252315
  5.6491383e-07        27.75034        73.11498      0.11264086      0.88735914       5.1929569        5.1929569       45.114766       45.114766
   5.790002e-07        27.72571       40.198304      0.67715277      0.32284723       5.1929569        5.1929569       45.065507       45.065507
  6.0153356e-07       27.687531       74.810675      0.10829202      0.89170798       5.1929569        5.1929569       44.989148       44.989148
  6.2173443e-07         27.6545       87.432175     0.096708343      0.90329166       5.1929569        5.1929569       44.923086       44.923086
  6.2322795e-07       27.652101       75.985003      0.44229698      0.55770302       5.1929569        5.1929569       44.918288       44.918288
  6.3906018e-07       27.627014       52.842516      0.27073149      0.72926851       5.1929569        5.1929569       44.868115       44.868115
  1.0269037e-06        27.15271       43.071806       1.1446696     -0.14466962       5.1929569        5.1929569       43.919505       43.919505
  1.1367763e-06       27.051061       91.895649       0.2355651       0.7644349       5.1929569        5.1929569       43.716209       43.716209
  1.2261835e-06       26.975351       73.837865      0.11421454      0.88578546       5.1929569        5.1929569       43.564789       43.564789
  1.4330016e-06       26.819487       63.595109      0.16214975      0.83785025       5.1929569        5.1929569       43.253059       43.253059
  1.4498672e-06       26.807786       47.590336      0.39089995      0.60910005       5.1929569        5.1929569       43.229658       43.229658
  1.7361249e-06       26.627602       55.568683      0.79647006      0.20352994       5.1929569        5.1929569       42.869291       42.869291
  1.9150291e-06       26.529525       45.900736       1.0448498    -0.044849779       5.1929569        5.1929569       42.673136       42.673136
  2.0436101e-06        26.46454       87.380682      0.28793171      0.71206829       5.1929569        5.1929569       42.543166       42.543166
  2.6216845e-06       26.215441       40.786158       1.1614726     -0.16147256       5.1929569        5.1929569       42.044968       42.044968
  3.2107868e-06       26.012742       94.665172      0.14026096      0.85973904       5.1929569        5.1929569        41.63957        41.63957
  3.2214716e-06        26.00942       46.113565       1.0247463     -0.02474628       5.1929569        5.1929569       41.632925       41.632925
  3.3936704e-06       25.957346       64.216472      0.61264085      0.38735915       5.1929569        5.1929569       41.528778       41.528778
  3.4201853e-06       25.949563       49.885252      0.92375635     0.076243652       5.1929569        5.1929569       41.513212       41.513212
  3.5152465e-06       25.922148        54.39638      0.81276057      0.18723943       5.1929569        5.1929569       41.458383       41.458383
  3.6333478e-06       25.889103       63.070235      0.17179545      0.82820455       5.1929569        5.1929569       41.392293       41.392293
  4.1064802e-06       25.766692       94.233079      0.13762461      0.86237539       5.1929569        5.1929569       41.147469       41.147469
  5.6898725e-06        25.44057       49.590427      0.92040409     0.079595915       5.1929569        5.1929569       40.495226       40.495226
   6.438134e-06       25.317019       90.924723      0.23215152      0.76784848       5.1929569        5.1929569       40.248124       40.248124
  7.4249084e-06       25.174417       55.996208      0.76524406      0.23475594       5.1929569        5.1929569       39.962921       39.962921
  8.0449697e-06       25.094211        41.97224      0.66372628      0.33627372       5.1929569        5.1929569       39.802508       39.802508
  8.6680556e-06       25.019613       40.241596       1.0857731    -0.085773091       5.1929569        5.1929569       39.653313       39.653313
  8.7030527e-06       25.015584       47.181268      0.43350601      0.56649399       5.1929569        5.1929569       39.645254       39.645254
   1.055584e-05       24.822579       46.492923      0.46004673      0.53995327       5.1929569        5.1929569       39.259243       39.259243
  1.0689577e-05       24.809989       43.368647       1.0491504    -0.049150419       5.1929569        5.1929569       39.234064       39.234064
  1.0776039e-05       24.801933       41.646868      0.69892877      0.30107123       5.1929569        5.1929569       39.217952       39.217952
  1.0917197e-05       24.788919       40.318939       1.0659408    -0.065940751       5.1929569        5.1929569       39.191923       39.191923
  1.1112463e-05       24.771191       84.719923      0.30740998      0.69259002       5.1929569        5.1929569       39.156467       39.156467
  1.1617989e-05       24.726703       75.677583      0.12070846      0.87929154       5.1929569        5.1929569       39.067493       39.067493
  1.1768638e-05        24.71382       76.784197      0.40832221      0.59167779       5.1929569        5.1929569       39.041725       39.041725
  1.1998466e-05       24.694479       42.550679      0.64359745      0.35640255       5.1929569        5.1929569       39.003044       39.003044
  1.2497435e-05        24.64709       63.922719      0.60363467      0.39636533       5.1929569        5.1929569       38.908266       38.908266
  1.2567351e-05       24.634866       75.383794      0.42662408      0.57337592       5.1929569        5.1929569       38.883819       38.883819
  1.2518563e-05       24.632112       40.209315       1.0455928    -0.045592796       5.1929569        5.1929569       38.878309       38.878309
   1.283527e-05       24.600483       40.124098       1.0373584    -0.037358438       5.1929569        5.1929569       38.815052       38.815052
  1.3122439e-05       24.571711        40.14569      0.86009158      0.13990842       5.1929569        5.1929569       38.757509       38.757509
  1.3708467e-05       24.521377       43.701053       1.0309567    -0.030956744       5.1929569        5.1929569        38.65684        38.65684
  1.3961372e-05       24.496452       40.834008       1.0490124    -0.049012379       5.1929569        5.1929569        38.60699        38.60699
   1.466568e-05       24.440591          42.159       1.0477346     -0.04773465       5.1929569        5.1929569       38.495269       38.495269
  1.5858262e-05       24.355766        78.81282      0.11659008      0.88340992       5.1929569        5.1929569       38.325619       38.325619
  1.7044762e-05       24.276969       40.109619      0.95657883     0.043421171       5.1929569        5.1929569       38.168025       38.168025
  1.8335321e-05       24.197339       67.129325      0.15667976      0.84332024       5.1929569        5.1929569       38.008763       38.008763
   1.905153e-05       24.152376       50.435171      0.35951622      0.64048378       5.1929569        5.1929569       37.918838       37.918838
  2.0096556e-05        24.09233       50.190318      0.87613138      0.12386862       5.1929569        5.1929569       37.798747       37.798747
   2.148025e-05         24.0191       81.716691      0.33882812      0.66117188       5.1929569        5.1929569       37.652287       37.652287
  2.2755933e-05       23.954764       92.701898      0.15324061      0.84675939       5.1929569        5.1929569       37.523614       37.523614
  2.3576684e-05       23.912687       41.070064      0.81234706      0.18765294       5.1929569        5.1929569        37.43946        37.43946
  2.4330342e-05       23.874576       42.158249      0.70956925      0.29043075       5.1929569        5.1929569       37.363239       37.363239
  2.5798103e-05       23.809355       54.560999      0.28354925      0.71645075       5.1929569        5.1929569       37.232796       37.232796
  2.7392256e-05       23.742751       79.234411      0.36814483      0.63185517       5.1929569        5.1929569       37.099589       37.099589
  2.9444103e-05       23.663873       41.088654      0.96119552     0.038804475       5.1929569        5.1929569       36.941833       36.941833
  3.3992356e-05       23.513587        50.94777      0.35728348      0.64271652       5.1929569        5.1929569        36.64126        36.64126
  3.4177514e-05        23.50151       44.231293      0.59252136      0.40747864       5.1929569        5.1929569       36.617106       36.617106
  3.9278057e-05       23.355767       44.377936      0.58998377      0.41001623       5.1929569        5.1929569       36.325621       36.325621
  4.2627412e-05       23.267291       46.437363      0.93353062      0.06646938       5.1929569        5.1929569       36.148669       36.148669
  4.5447752e-05       23.196581        57.55217       0.7031761       0.2968239       5.1929569        5.1929569       36.007248       36.007248
  4.8022942e-05       23.134821       41.573324      0.86579773      0.13420227       5.1929569        5.1929569       35.883728       35.883728
  5.1332175e-05       23.061537       45.445585      0.54663805      0.45336195       5.1929569        5.1929569       35.737161       35.737161
  5.4117996e-05       23.002044       41.736132      0.87909534      0.12090466       5.1929569        5.1929569       35.618174       35.618174
  5.4900996e-05       22.981035       52.902478      0.79346533      0.20653467       5.1929569        5.1929569       35.576155       35.576155
  5.6210061e-05       22.950826        46.99573      0.91261818     0.087381819       5.1929569        5.1929569       35.515738       35.515738
  6.0702794e-05       22.867287       72.563965      0.45015143      0.54984857       5.1929569        5.1929569       35.348661       35.348661
  6.3352587e-05       22.817917       48.382186      0.88231791      0.11768209       5.1929569        5.1929569        35.24992        35.24992
  6.5556226e-05        22.77708       42.590147      0.92754116     0.072458839       5.1929569        5.1929569       35.168246       35.168246
  7.1659142e-05       22.681423       42.189317      0.83148534      0.16851466       5.1929569        5.1929569       34.976932       34.976932
  7.2726873e-05       22.659988       50.104243      0.39236706      0.60763294       5.1929569        5.1929569       34.934062       34.934062
  7.9153766e-05       22.568662       89.610806       0.1393686       0.8606314       5.1929569        5.1929569        34.75141        34.75141
   8.616915e-05       22.477097       44.061097      0.92511985     0.074880147       5.1929569        5.1929569       34.568281       34.568281
  8.6440892e-05       22.467304       52.643664      0.33583616      0.66416384       5.1929569        5.1929569       34.548695       34.548695
  8.7302782e-05       22.450738       45.092479      0.58595925      0.41404075       5.1929569        5.1929569       34.515563       34.515563
  8.7292203e-05       22.444215       50.242258       0.8356607       0.1643393       5.1929569        5.1929569       34.502516       34.502516
  9.0422655e-05       22.402337       50.020619       0.3993744       0.6006256       5.1929569        5.1929569        34.41876        34.41876
   9.189629e-05       22.379526       50.344893      0.83200587      0.16799413       5.1929569        5.1929569       34.373139       34.373139
   0.0001016162       22.272339       73.985262       0.4247798       0.5752202       5.1929569        5.1929569       34.158765       34.158765
  0.00010892943       22.196198       82.458836      0.12643312      0.87356688       5.1929569        5.1929569       34.006482       34.006482
  0.00011508559       22.134577       47.860894      0.87048154      0.12951846       5.1929569        5.1929569       33.883241       33.883241
  0.00012460142       22.048489       43.134363      0.85726434      0.14273566       5.1929569        5.1929569       33.711064       33.711064
  0.00015413606       21.829129       45.789616       0.5733907       0.4266093       5.1929569        5.1929569       33.272344       33.272344
  0.00015658907       21.806695       67.418428      0.51496781      0.48503219       5.1929569        5.1929569       33.227476       33.227476
  0.00016764417       21.731832       81.588979        0.129773        0.870227       5.1929569        5.1929569       33.077749       33.077749
  0.00016797157       21.723236       43.630496      0.84444434      0.15555566       5.1929569        5.1929569       33.060558       33.060558
  0.00016919616       21.709327       55.427451      0.71911919      0.28088081       5.1929569        5.1929569       33.032741       33.032741
  0.00017285794       21.681271       52.538706      0.77316022      0.22683978       5.1929569        5.1929569       32.976629       32.976629
  0.00017412379       21.667331       81.788533      0.13017165      0.86982835       5.1929569        5.1929569       32.948747       32.948747
    0.000178479       21.635982        47.17302      0.51450026      0.48549974       5.1929569        5.1929569       32.886049       32.886049
  0.00022716183       21.388145       87.473496      0.14172879      0.85827121       5.1929569        5.1929569       32.390377       32.390377
  0.00024294456        21.31433       56.906077      0.68474252      0.31525748       5.1929569        5.1929569       32.242747       32.242747
  0.00025611347       21.254898       89.367518      0.19663431      0.80336569       5.1929569        5.1929569       32.123883       32.123883
  0.00025707039       21.244524       75.027022      0.40080912      0.59919088       5.1929569        5.1929569       32.103135       32.103135
  0.00025558981       21.243656       89.058842      0.20463882      0.79536118       5.1929569        5.1929569       32.101398       32.101398
  0.00025940897       21.222179       84.326224      0.27948137      0.72051863       5.1929569        5.1929569       32.058445       32.058445
  0.00025839933       21.219435       65.395479      0.53947883      0.46052117       5.1929569        5.1929569       32.052955       32.052955
   0.0002833659       21.120557       55.515018      0.70643465      0.29356535       5.1929569        5.1929569       31.855201       31.855201
  0.00029059529        21.08872       80.627043      0.13474854      0.86525146       5.1929569        5.1929569       31.791526       31.791526
  0.00029985657       21.050703       88.698686      0.20846897      0.79153103       5.1929569        5.1929569       31.715492       31.715492
  0.00030508331       21.026778       47.764345        0.831381        0.168619       5.1929569        5.1929569       31.667642       31.667642
  0.00031810164       20.978347        87.01925      0.23797648      0.76202352       5.1929569        5.1929569        31.57078        31.57078
  0.00031792872       20.972246       81.825363      0.30967817      0.69032183       5.1929569        5.1929569       31.558579       31.558579
  0.00032947516       20.929928       48.227492      0.82248913      0.17751087       5.1929569        5.1929569       31.473942       31.473942
  0.00033052411       20.920105        85.20581      0.13904306      0.86095694       5.1929569        5.1929569       31.454296       31.454296
  0.00033661703       20.895194       44.617884      0.75101895      0.24898105       5.1929569        5.1929569       31.404474       31.404474
  0.00034020887       20.877936       83.902422      0.28139064      0.71860936       5.1929569        5.1929569       31.369957       31.369957
   0.0003400037       20.871894        48.40001      0.48780179      0.51219821       5.1929569        5.1929569       31.357875       31.357875
  0.00033952659       20.866654       49.044362      0.80994985      0.19005015       5.1929569        5.1929569       31.347394       31.347394
  0.00034650278       20.839671       45.980495      0.60938399      0.39061601       5.1929569        5.1929569       31.293428       31.293428
  0.00035355654       20.812874       50.343477      0.42280713      0.57719287       5.1929569        5.1929569       31.239834       31.239834
  0.00035698394       20.796582       44.991863      0.69877382      0.30122618       5.1929569        5.1929569        31.20725        31.20725
  0.00036866298       20.757745       46.816046      0.82548284      0.17451716       5.1929569        5.1929569       31.129577       31.129577
  0.00036659744       20.756719        59.57249      0.62865238      0.37134762       5.1929569        5.1929569       31.127525       31.127525
  0.00041237605       20.632403       45.087783      0.77680755      0.22319245       5.1929569        5.1929569       30.878893       30.878893
  0.00044332125         20.5534       82.997615      0.13904704      0.86095296       5.1929569        5.1929569       30.720886       30.720886
  0.00044506817       20.542822       49.930323      0.44218262      0.55781738       5.1929569        5.1929569       30.699731       30.699731
  0.00044377306       20.539092       80.918541      0.31697672      0.68302328       5.1929569        5.1929569        30.69227        30.69227
  0.00049004734       20.433259       48.739065      0.48792552      0.51207448       5.1929569        5.1929569       30.480604       30.480604
  0.00050318843       20.400151       59.581443      0.62284958      0.37715042       5.1929569        5.1929569       30.414389       30.414389
  0.00052492676       20.351213       75.867189      0.38071413      0.61928587       5.1929569        5.1929569       30.316512       30.316512
  0.00054182429       20.312885       86.602354      0.23461417      0.76538583       5.1929569        5.1929569       30.239857       30.239857
  0.00054062079       20.308464       45.759833      0.67027724      0.32972276       5.1929569        5.1929569       30.231015       30.231015
  0.00055070169       20.283345       81.278487      0.14067457      0.85932543       5.1929569        5.1929569       30.180776       30.180776
  0.00055990646       20.260124       54.347338      0.33490586      0.66509414       5.1929569        5.1929569       30.134334       30.134334
   0.0005746942       20.227411       54.477116      0.33284187      0.66715813       5.1929569        5.1929569       30.068908       30.068908
  0.00057631937       20.217942       45.679039      0.69706225      0.30293775       5.1929569        5.1929569       30.049971       30.049971
  0.00057595191       20.211936       45.810716      0.67742499      0.32257501       5.1929569        5.1929569       30.037958       30.037958
  0.00058652483         20.1871       46.304684       0.6302646       0.3697354       5.1929569        5.1929569       29.988287       29.988287
  0.00068429146       20.026287       60.591725      0.24328789      0.75671211       5.1929569        5.1929569        29.66666        29.66666
  0.00070844755        19.98495       70.538252       0.1684498       0.8315502       5.1929569        5.1929569       29.583987       29.583987
  0.00077032742       19.894566       56.703788      0.66220386      0.33779614       5.1929569        5.1929569       29.403218       29.403218
  0.00078112159       19.874006       59.476163      0.61600377      0.38399623       5.1929569        5.1929569       29.362099       29.362099
  0.00080164075       19.841432       86.014018       0.1544121       0.8455879       5.1929569        5.1929569        29.29695        29.29695
   0.0010840578       19.532982       57.056617      0.29714377      0.70285623       5.1929569        5.1929569        28.68005        28.68005
   0.0012369046       19.394436       86.825449      0.17082542      0.82917458       5.1929569        5.1929569       28.402959       28.402959
   0.0012649588       19.365364       56.480891      0.65525479      0.34474521       5.1929569        5.1929569       28.344815       28.344815
   0.0012747198       19.351033       62.793433      0.22740657      0.77259343       5.1929569        5.1929569       28.316152       28.316152
    0.001272944       19.345782       48.154537      0.74705086      0.25294914       5.1929569        5.1929569       28.305651       28.305651
   0.0013317725       19.293959       83.688861      0.26484478      0.73515522       5.1929569        5.1929569       28.202005       28.202005
   0.0013675713       19.260789       78.010141      0.34107872      0.65892128       5.1929569        5.1929569       28.135665       28.135665
    0.001358551       19.260762       53.555258      0.69783983      0.30216017       5.1929569        5.1929569       28.135611       28.135611
   0.0013582757        19.25432       58.290424      0.28209842      0.71790158       5.1929569        5.1929569       28.122727       28.122727
   0.0014256153       19.199288       55.202959      0.33541363      0.66458637       5.1929569        5.1929569       28.012663       28.012663
   0.0014330742       19.187425       58.155948      0.62515189      0.37484811       5.1929569        5.1929569       27.988937       27.988937
     0.00155741       19.097579       50.460711      0.46477298      0.53522702       5.1929569        5.1929569       27.809244       27.809244
   0.0016276105       19.046845       51.396252      0.71927797      0.28072203       5.1929569        5.1929569       27.707777       27.707777
   0.0017497164        18.96786       60.647992       0.5822271       0.4177729       5.1929569        5.1929569       27.549806       27.549806
   0.0017682072       18.950703       84.964878      0.23913079      0.76086921       5.1929569        5.1929569       27.515492       27.515492
   0.0017643886        18.94622       83.311255      0.15557249      0.84442751       5.1929569        5.1929569       27.506527       27.506527
   0.0018989012       18.866105       59.222919      0.60251665      0.39748335       5.1929569        5.1929569       27.346296       27.346296
   0.0021087304       18.754649       85.595869      0.17112583      0.82887417       5.1929569        5.1929569       27.123385       27.123385
   0.0021998212       18.705715       47.950176      0.66342797      0.33657203       5.1929569        5.1929569       27.025516       27.025516
   0.0024329808       18.598329        71.25664       0.1765654       0.8234346       5.1929569        5.1929569       26.810745       26.810745
   0.0026204412       18.517459       51.513063      0.44589745      0.55410255       5.1929569        5.1929569       26.649005       26.649005
   0.0028798978       18.416403        64.19652       0.2242335       0.7757665       5.1929569        5.1929569       26.446891       26.446891
   0.0028824904       18.408858       48.655552      0.59904299      0.40095701       5.1929569        5.1929569       26.431803       26.431803
   0.0029821011        18.36824       53.435982      0.67443878      0.32556122       5.1929569        5.1929569       26.350567       26.350567
   0.0029893809       18.359157       85.290906      0.17807313      0.82192687       5.1929569        5.1929569       26.332401       26.332401
   0.0030774311       18.323484       51.761428      0.68970346      0.31029654       5.1929569        5.1929569       26.261054       26.261054
   0.0031278722       18.300582       77.540659      0.33604622      0.66395378       5.1929569        5.1929569        26.21525        26.21525
   0.0035997003        18.15344       71.346416      0.18013604      0.81986396       5.1929569        5.1929569       25.920965       25.920965
   0.0036085325       18.144344       68.388644      0.19580834      0.80419166       5.1929569        5.1929569       25.902775       25.902775
   0.0039883233        18.03763       55.473071      0.35129531      0.64870469       5.1929569        5.1929569       25.689347       25.689347
   0.0040283749       18.020993       56.853197      0.32433522      0.67566478       5.1929569        5.1929569       25.656073       25.656073
    0.004144818       17.985853       68.625113      0.19591142      0.80408858       5.1929569        5.1929569       25.585792       25.585792
   0.0041946834        17.96725        66.32064      0.48302367      0.51697633       5.1929569        5.1929569       25.548585       25.548585
   0.0043038987       17.934902       53.118382      0.66396312      0.33603688       5.1929569        5.1929569       25.483889       25.483889
   0.0043369121       17.920616       49.264004      0.61659931      0.38340069       5.1929569        5.1929569       25.455318       25.455318
   0.0043517529       17.910555       62.678188      0.53426431      0.46573569       5.1929569        5.1929569       25.435196       25.435196
   0.0045883939       17.850959       49.936577      0.66053349      0.33946651       5.1929569        5.1929569       25.316005       25.316005
    0.004591073       17.843731       80.746785      0.16418958      0.83581042       5.1929569        5.1929569       25.301548       25.301548
   0.0046928014        17.81517       50.988861      0.66938645      0.33061355       5.1929569        5.1929569       25.244427       25.244427
   0.0046629786       17.814901       84.886634      0.19635486      0.80364514       5.1929569        5.1929569       25.243889       25.243889
   0.0047559358       17.788518       74.577915      0.17165379      0.82834621       5.1929569        5.1929569       25.191122       25.191122
   0.0048023696       17.772157       50.388109      0.52626452      0.47373548       5.1929569        5.1929569         25.1584         25.1584
   0.0048880986       17.747819       52.959438      0.42252656      0.57747344       5.1929569        5.1929569       25.109724       25.109724
   0.0048618994       17.746548       84.590659      0.18835549      0.81164451       5.1929569        5.1929569       25.107183       25.107183
    0.004898919       17.732318       49.883211      0.64614071      0.35385929       5.1929569        5.1929569       25.078723       25.078723
   0.0049672802       17.711816       57.051181      0.61056497      0.38943503       5.1929569        5.1929569       25.037718       25.037718
   0.0049604965       17.706538       76.325989       0.3446372       0.6553628       5.1929569        5.1929569       25.027162       25.027162
   0.0049721373       17.697549       54.361607      0.38463965      0.61536035       5.1929569        5.1929569       25.009185       25.009185
   0.0050024281       17.684831       81.883099      0.16832549      0.83167451       5.1929569        5.1929569       24.983749       24.983749
   0.0051022875       17.658421       68.891491      0.19756182      0.80243818       5.1929569        5.1929569       24.930929       24.930929
   0.0050767204         17.6568       50.715202      0.65803612      0.34196388       5.1929569        5.1929569       24.927687       24.927687
   0.0052713649       17.612532       50.401672      0.64977753      0.35022247       5.1929569        5.1929569        24.83915        24.83915
   0.0052689283        17.60635       55.879948      0.62316974      0.37683026       5.1929569        5.1929569       24.826785       24.826785
   0.0062140358       17.546727       65.750539      0.22053165      0.77946835       5.1929569        5.1929569       24.707539       24.707539
   0.0061852911       17.543928       68.199947      0.20297011      0.79702989       5.1929569        5.1929569       24.701942       24.701942
   0.0061774756       17.537757       56.357309      0.61538341      0.38461659       5.1929569        5.1929569       24.689601       24.689601
    0.006613538       17.462113       54.219497      0.63763273      0.36236727       5.1929569        5.1929569       24.538313       24.538313
   0.0071376895       17.371028       65.118469      0.49092278      0.50907722       5.1929569        5.1929569       24.356142       24.356142
    0.007323359       17.337968       65.179821      0.22764749      0.77235251       5.1929569        5.1929569       24.290022       24.290022
   0.0074278638       17.316419       52.657526      0.44707283      0.55292717       5.1929569        5.1929569       24.246923       24.246923
   0.0074080494        17.31171       60.437572       0.5553721       0.4446279       5.1929569        5.1929569       24.237505       24.237505
   0.0075721068       17.282425       72.747901      0.38629957      0.61370043       5.1929569        5.1929569       24.178937       24.178937
   0.0082958357       17.183763       66.438995      0.46976688      0.53023312       5.1929569        5.1929569       23.981612       23.981612
   0.0085061273       17.144024       51.004516      0.61999022      0.38000978       5.1929569        5.1929569       23.902134       23.902134
   0.0089103105       17.090275       51.149632      0.61888441      0.38111559       5.1929569        5.1929569       23.794637       23.794637
   0.0091157392       17.060156       71.767995      0.39625171      0.60374829       5.1929569        5.1929569       23.734398       23.734398
    0.010109822       16.949325       61.959583       0.5274353       0.4725647       5.1929569        5.1929569       23.512736       23.512736
    0.010397337       16.913957       52.103665      0.62107129      0.37892871       5.1929569        5.1929569       23.441999       23.441999
    0.010784184         16.8701       51.929264       0.6159338       0.3840662       5.1929569        5.1929569       23.354286       23.354286
    0.011345668       16.812018       60.463597      0.28665074      0.71334926       5.1929569        5.1929569       23.238123       23.238123
    0.011397788       16.800109       65.941923       0.4705159       0.5294841       5.1929569        5.1929569       23.214304       23.214304
    0.011927889       16.747323       53.575487      0.61485365      0.38514635       5.1929569        5.1929569       23.108732       23.108732
    0.012234375       16.714626       76.489166      0.32890248      0.67109752       5.1929569        5.1929569       23.043339       23.043339
      0.0124075       16.693249       52.589216      0.61052985      0.38947015       5.1929569        5.1929569       23.000584       23.000584
    0.012479541       16.680133       51.578098      0.55106723      0.44893277       5.1929569        5.1929569       22.974353       22.974353
    0.012461094       16.674287       52.501296      0.48387043      0.51612957       5.1929569        5.1929569       22.962659       22.962659
    0.012668554       16.650449       51.658232        0.546183        0.453817       5.1929569        5.1929569       22.914984       22.914984
    0.012873823        16.62705       62.640849      0.51213952      0.48786048       5.1929569        5.1929569       22.868186       22.868186
    0.013104883       16.601935       75.362967      0.34232051      0.65767949       5.1929569        5.1929569       22.817956       22.817956
     0.01321104       16.586541       67.920258      0.21534936      0.78465064       5.1929569        5.1929569       22.787168       22.787168
    0.014750228       16.447348       53.502301      0.45227359      0.54772641       5.1929569        5.1929569       22.508782       22.508782
    0.014758507       16.439618       52.970001      0.59685933      0.40314067       5.1929569        5.1929569       22.493322       22.493322
    0.016396541       16.327199       67.125394      0.22416059      0.77583941       5.1929569        5.1929569       22.268484       22.268484
    0.016457994       16.309172       70.800718      0.20166748      0.79833252       5.1929569        5.1929569        22.23243        22.23243
    0.018774077       16.170389       64.375448      0.48062046      0.51937954       5.1929569        5.1929569       21.954864       21.954864
    0.019168624       16.142474       70.794775      0.20366857      0.79633143       5.1929569        5.1929569       21.899033       21.899033
    0.019039544       16.142113       55.879011      0.57833876      0.42166124       5.1929569        5.1929569       21.898312       21.898312
    0.019056589         16.1341       52.646685      0.53440665      0.46559335       5.1929569        5.1929569       21.882287       21.882287
    0.019769307       16.083198       61.251977      0.51917593      0.48082407       5.1929569        5.1929569       21.780483       21.780483
    0.019658361       16.081759        53.27425      0.48544048      0.51455952       5.1929569        5.1929569       21.777604       21.777604
     0.02001902       16.056512       55.018399      0.41566871      0.58433129       5.1929569        5.1929569       21.727109       21.727109
     0.02020679       16.040109       63.636985      0.48780173      0.51219827       5.1929569        5.1929569       21.694303       21.694303
    0.020214972       16.025619         56.4311      0.57008501      0.42991499       5.1929569        5.1929569       21.665324       21.665324
    0.020269575       16.015904        64.48946      0.25108907      0.74891093       5.1929569        5.1929569       21.645894       21.645894
    0.020150002       16.014803       76.374182      0.31956995      0.68043005       5.1929569        5.1929569       21.643692       21.643692
    0.020123098       16.009121       57.546398      0.55971264      0.44028736       5.1929569        5.1929569       21.632329       21.632329
    0.020175145       15.999521       59.664623       0.3131591       0.6868409       5.1929569        5.1929569       21.613128       21.613128
    0.020144781       15.994009       61.311082      0.28858878      0.71141122       5.1929569        5.1929569       21.602105       21.602105
    0.020154288        15.98652       53.509507      0.56919981      0.43080019       5.1929569        5.1929569       21.587126       21.587126
    0.020354179       15.969633         54.7373      0.57592638      0.42407362       5.1929569        5.1929569       21.553353       21.553353
    0.020797596       15.941065       66.327964       0.4509316       0.5490684       5.1929569        5.1929569       21.496215       21.496215
    0.020772011       15.935278       75.406977      0.33146781      0.66853219       5.1929569        5.1929569       21.484642       21.484642
    0.020801629       15.926835       59.970591      0.30965377      0.69034623       5.1929569        5.1929569       21.467757       21.467757
     0.02148024       15.880747       55.852305      0.39724336      0.60275664       5.1929569        5.1929569       21.375581       21.375581
    0.021561061       15.870023       53.734138      0.56301441      0.43698559       5.1929569        5.1929569       21.354132       21.354132
    0.021602714       15.861124       62.809926      0.27169103      0.72830897       5.1929569        5.1929569       21.336335       21.336335
    0.022408473       15.810615       58.914789       0.5399791       0.4600209       5.1929569        5.1929569       21.235316       21.235316
    0.022369751       15.805424       54.485285      0.56633309      0.43366691       5.1929569        5.1929569       21.224934       21.224934
    0.023252608       15.752923       59.968676      0.52680656      0.47319344       5.1929569        5.1929569       21.119932       21.119932
    0.023324028       15.742983       59.123947      0.32784246      0.67215754       5.1929569        5.1929569       21.100053       21.100053
    0.024166068       15.700645       53.910821      0.48229118      0.51770882       5.1929569        5.1929569       21.015376       21.015376
    0.024691388       15.672267        58.22989      0.34662792      0.65337208       5.1929569        5.1929569       20.958621       20.958621
    0.024761496       15.662559       54.003018      0.48031766      0.51968234       5.1929569        5.1929569       20.939204       20.939204
    0.024608625       15.661879        64.93673      0.46378865      0.53621135       5.1929569        5.1929569       20.937844       20.937844
    0.024472944       15.660535       73.784671      0.19773036      0.80226964       5.1929569        5.1929569       20.935156       20.935156
    0.024823089        15.63263       72.212589      0.36901775      0.63098225       5.1929569        5.1929569       20.879346       20.879346
    0.025319952       15.605986       55.107366      0.43255881      0.56744119       5.1929569        5.1929569       20.826057       20.826057
    0.025440391       15.594414       76.343713      0.19364175      0.80635825       5.1929569        5.1929569       20.802915       20.802915
    0.026972564       15.529106       60.086472      0.31594542      0.68405458       5.1929569        5.1929569       20.672299       20.672299
    0.027280143       15.510941       71.717961      0.20732748      0.79267252       5.1929569        5.1929569       20.635969       20.635969
    0.027225675       15.506114       54.015017      0.52159354      0.47840646       5.1929569        5.1929569       20.626314       20.626314
    0.027074183       15.504868       60.456237      0.31048277      0.68951723       5.1929569        5.1929569       20.623822       20.623822
     0.02702877       15.499721       63.600143      0.26848304      0.73151696       5.1929569        5.1929569       20.613527       20.613527
    0.026852862       15.499424       60.296323      0.31315457      0.68684543       5.1929569        5.1929569       20.612934       20.612934
    0.026713612       15.497797       60.279458       0.5167526       0.4832474       5.1929569        5.1929569       20.609681       20.609681
     0.02670829       15.491171       61.826471      0.49879734      0.50120266       5.1929569        5.1929569       20.596427       20.596427
     0.02684323       15.479305       54.348434      0.53773511      0.46226489       5.1929569        5.1929569       20.572696       20.572696
    0.027854448         15.4355       73.800328      0.20077755      0.79922245       5.1929569        5.1929569       20.485086       20.485086
    0.029803167       15.354272       70.875223      0.21340374      0.78659626       5.1929569        5.1929569       20.322631       20.322631
    0.029986932       15.341346       58.840238       0.5269966       0.4730034       5.1929569        5.1929569       20.296778       20.296778
    0.030423668       15.320107       56.149973      0.54238691      0.45761309       5.1929569        5.1929569         20.2543         20.2543
    0.030283373       15.317949       57.431573      0.53728718      0.46271282       5.1929569        5.1929569       20.249984       20.249984
    0.030355359       15.308795       71.159717       0.2126508       0.7873492       5.1929569        5.1929569       20.231677       20.231677
    0.031718748       15.258081        55.65332      0.43084008      0.56915992       5.1929569        5.1929569       20.130248       20.130248
    0.031635712       15.253922       67.144703      0.42792323      0.57207677       5.1929569        5.1929569       20.121931       20.121931
    0.032159401       15.230724       58.304678      0.35706559      0.64293441       5.1929569        5.1929569       20.075535       20.075535
    0.032776293       15.204944       57.480351      0.53259288      0.46740712       5.1929569        5.1929569       20.023974       20.023974
    0.033344722        15.18097       59.204802      0.51865479      0.48134521       5.1929569        5.1929569       19.976027       19.976027
    0.034413548        15.14264       66.355783       0.2468881       0.7531119       5.1929569        5.1929569       19.899366       19.899366
     0.03491194       15.121482       55.371917      0.52455747      0.47544253       5.1929569        5.1929569       19.857049       19.857049
    0.035822918       15.088943       66.731008       0.4299671       0.5700329       5.1929569        5.1929569       19.791972       19.791972
    0.036072943       15.075208       75.156747      0.31956235      0.68043765       5.1929569        5.1929569       19.764502       19.764502
    0.035832228       15.075124       56.171542      0.42178815      0.57821185       5.1929569        5.1929569       19.764334       19.764334
    0.038350124       14.987011       55.576799      0.51512742      0.48487258       5.1929569        5.1929569       19.588108       19.588108
    0.039105612       14.960814       63.116913      0.47118443      0.52881557       5.1929569        5.1929569       19.535714       19.535714
     0.03996581       14.932366       58.469427      0.36260873      0.63739127       5.1929569        5.1929569       19.478819       19.478819
    0.039890434       14.927565       60.880013       0.4948922       0.5051078       5.1929569        5.1929569       19.469217       19.469217
    0.040430382       14.907431         58.9326      0.35318161      0.64681839       5.1929569        5.1929569       19.428949       19.428949
    0.040350374       14.902723       75.879059      0.20564542      0.79435458       5.1929569        5.1929569       19.419532       19.419532
    0.040374211       14.895443       55.794726      0.45176951      0.54823049       5.1929569        5.1929569       19.404973       19.404973
    0.040215978       14.892681       56.334601      0.51768415      0.48231585       5.1929569        5.1929569       19.399449       19.399449
    0.040474843       14.879576       55.590985      0.46872471      0.53127529       5.1929569        5.1929569       19.373239       19.373239
    0.040360501       14.875716       55.522684      0.47887064      0.52112936       5.1929569        5.1929569       19.365519       19.365519
    0.040581578       14.863565       57.377735      0.51799868      0.48200132       5.1929569        5.1929569       19.341215       19.341215
    0.040418209       14.860909       55.543825      0.48630236      0.51369764       5.1929569        5.1929569       19.335905       19.335905
    0.040507975       14.852002       55.612394      0.49484237      0.50515763       5.1929569        5.1929569        19.31809        19.31809
    0.040476092         14.8461       73.074491      0.34363161      0.65636839       5.1929569        5.1929569       19.306287       19.306287
      0.0402615       14.838083       66.148978       0.4321008       0.5678992       5.1929569        5.1929569       19.290251       19.290251
    0.041256369       14.807028       67.241667      0.24490785      0.75509215       5.1929569        5.1929569       19.228143       19.228143
    0.040986307       14.806951       58.619563      0.51021207      0.48978793       5.1929569        5.1929569       19.227989       19.227989
    0.042119582       14.773032       62.879411      0.29067459      0.70932541       5.1929569        5.1929569        19.16015        19.16015
    0.042043729        14.76819       77.201287      0.20985774      0.79014226       5.1929569        5.1929569       19.150466       19.150466
    0.042806554       14.743564       64.126834      0.27600328      0.72399672       5.1929569        5.1929569       19.101215       19.101215
    0.042580594       14.742212       56.234997      0.44309344      0.55690656       5.1929569        5.1929569       19.098511       19.098511
    0.042827521       14.729786       75.838629      0.30228218      0.69771782       5.1929569        5.1929569       19.073657       19.073657
    0.043864264       14.699222       56.222057      0.44861289      0.55138711       5.1929569        5.1929569        19.01253        19.01253
    0.044027654       14.688859       76.085716      0.20997251      0.79002749       5.1929569        5.1929569       18.991805       18.991805
    0.043877936       14.685621       61.973149      0.47683902      0.52316098       5.1929569        5.1929569       18.985329       18.985329
    0.044433047       14.666405       73.501369      0.33426261      0.66573739       5.1929569        5.1929569       18.946896       18.946896
     0.04471261       14.653488       67.233873      0.41486463      0.58513537       5.1929569        5.1929569       18.921063       18.921063
     0.04460162       14.649329       57.181293       0.5059732       0.4940268       5.1929569        5.1929569       18.912744       18.912744
    0.045155044       14.630353       63.534193      0.45836041      0.54163959       5.1929569        5.1929569       18.874792       18.874792
    0.045091714       14.625112       73.510706      0.21432313      0.78567687       5.1929569        5.1929569        18.86431        18.86431
    0.045745255       14.604078       61.596846      0.31280538      0.68719462       5.1929569        5.1929569       18.822241       18.822241
    0.045951549       14.592933       59.665588      0.49507463      0.50492537       5.1929569        5.1929569       18.799953       18.799953
    0.045817281       14.589215       58.467439       0.3749943       0.6250057       5.1929569        5.1929569       18.792517       18.792517
    0.045972991       14.579178       56.985536      0.42204833      0.57795167       5.1929569        5.1929569       18.772442       18.772442
    0.047170269       14.546824       68.591832      0.39575117      0.60424883       5.1929569        5.1929569       18.707734       18.707734
    0.047687829       14.529267       64.633998       0.4433092       0.5566908       5.1929569        5.1929569        18.67262        18.67262
    0.048703263       14.501552       59.996003      0.34378424      0.65621576       5.1929569        5.1929569       18.617191       18.617191
    0.050474951       14.459177       76.832033      0.27856269      0.72143731       5.1929569        5.1929569        18.53244        18.53244
    0.051510488       14.432224       63.434132      0.45438121      0.54561879       5.1929569        5.1929569       18.478534       18.478534
    0.051280795       14.430048       62.311637       0.4661559       0.5338441       5.1929569        5.1929569       18.474183       18.474183
    0.053298562       14.384811       77.790768      0.25281117      0.74718883       5.1929569        5.1929569       18.383708       18.383708
     0.10906574        14.37534       56.910846       0.4496708       0.5503292       5.1929569        5.1929569       18.364765       18.364765
     0.10788147       14.359229       56.972355      0.44739088      0.55260912       5.1929569        5.1929569       18.332543       18.332543
     0.10820845       14.329534       61.543415      0.47052509      0.52947491       5.1929569        5.1929569       18.273154       18.273154
     0.10872899        14.31149       61.108965      0.47375581      0.52624419       5.1929569        5.1929569       18.237066       18.237066
     0.10898494       14.309139        60.02911       0.4818366       0.5181634       5.1929569        5.1929569       18.232363       18.232363
     0.10756096       14.308867       57.320955      0.43102729      0.56897271       5.1929569        5.1929569       18.231821       18.231821
     0.11009395       14.258923       57.743127      0.48099966      0.51900034       5.1929569        5.1929569       18.131932       18.131932
     0.11172794       14.230945       57.325867      0.46595693      0.53404307       5.1929569        5.1929569       18.075976       18.075976
     0.11248344       14.197888       59.330911      0.36955662      0.63044338       5.1929569        5.1929569       18.009863       18.009863
     0.11100024       14.185187       58.817913      0.38383537      0.61616463       5.1929569        5.1929569       17.984459       17.984459
     0.11022878       14.179257       57.466687      0.44230247      0.55769753       5.1929569        5.1929569       17.972601       17.972601
     0.11259072       14.145153       66.566792      0.26274011      0.73725989       5.1929569        5.1929569       17.904392       17.904392
     0.11431143       14.091764       62.139154       0.3177177       0.6822823       5.1929569        5.1929569       17.797615       17.797615
     0.11387536       14.083008       57.712251      0.45188092      0.54811908       5.1929569        5.1929569       17.780102       17.780102
     0.11210438        14.07368       59.632786      0.47345106      0.52654894       5.1929569        5.1929569       17.761447       17.761447
     0.11236216       14.071384       62.641571       0.3105245       0.6894755       5.1929569        5.1929569       17.756853       17.756853
     0.11434523       14.053889       58.145256       0.4170426       0.5829574       5.1929569        5.1929569       17.721863       17.721863
     0.11458716       14.039036       58.025707      0.42546664      0.57453336       5.1929569        5.1929569       17.692158       17.692158
     0.11550505       14.031058       57.873337      0.44937325      0.55062675       5.1929569        5.1929569       17.676201       17.676201
     0.11443906       14.027426        58.36149      0.40984867      0.59015133       5.1929569        5.1929569       17.668938       17.668938
     0.11657849          13.996       59.493976      0.37482053      0.62517947       5.1929569        5.1929569       17.606087       17.606087
     0.11536214       13.993585       62.471004      0.45116957      0.54883043       5.1929569        5.1929569       17.601257       17.601257
     0.11567252       13.990898       64.828183      0.42731087      0.57268913       5.1929569        5.1929569       17.595883       17.595883
     0.11868264       13.965209       60.098315      0.46652641      0.53347359       5.1929569        5.1929569       17.544503       17.544503
     0.11986814       13.955269       65.559959      0.41825257      0.58174743       5.1929569        5.1929569       17.524625       17.524625
     0.12465539       13.876368        62.53351      0.31776692      0.68223308       5.1929569        5.1929569       17.366823       17.366823
     0.12452886       13.864312       65.121974      0.28355549      0.71644451       5.1929569        5.1929569        17.34271        17.34271
     0.12586822       13.827638       58.526983      0.43853047      0.56146953       5.1929569        5.1929569       17.269363       17.269363
     0.12434488       13.826911       59.142192      0.45720412      0.54279588       5.1929569        5.1929569       17.267909       17.267909
     0.12826709       13.770213        59.86741      0.45608302      0.54391698       5.1929569        5.1929569       17.154513       17.154513
     0.12870051       13.754101       59.814332      0.37947617      0.62052383       5.1929569        5.1929569       17.122288       17.122288
     0.12932899       13.749229       60.151313      0.37036807      0.62963193       5.1929569        5.1929569       17.112545       17.112545
     0.12796026       13.746966       60.368863      0.45439783      0.54560217       5.1929569        5.1929569       17.108018       17.108018
     0.12687635       13.742569       64.983639      0.41852031      0.58147969       5.1929569        5.1929569       17.099224       17.099224
     0.12672323       13.730873       62.547202      0.32213117      0.67786883       5.1929569        5.1929569       17.075833       17.075833
     0.12870651        13.70244       67.427141      0.26476704      0.73523296       5.1929569        5.1929569       17.018967       17.018967
     0.12711895       13.701949       64.998421       0.2890547       0.7109453       5.1929569        5.1929569       17.017983       17.017983
     0.12592989       13.698443        59.88396      0.38102626      0.61897374       5.1929569        5.1929569       17.010973       17.010973
     0.12593828       13.698376       59.015556      0.43706874      0.56293126       5.1929569        5.1929569       17.010839       17.010839
     0.12477396       13.694593       60.905852      0.35477622      0.64522378       5.1929569        5.1929569       17.003271       17.003271
     0.12352042       13.691618       62.234264      0.44219402      0.55780598       5.1929569        5.1929569       16.997322       16.997322
      0.1235587       13.691308       59.246732      0.44427035      0.55572965       5.1929569        5.1929569       16.996702       16.996702
     0.12321844        13.68082       59.536745      0.44753264      0.55246736       5.1929569        5.1929569       16.975727       16.975727
     0.12394523       13.661694       59.698378      0.38989867      0.61010133       5.1929569        5.1929569       16.937474       16.937474
     0.12271022       13.658463       59.109822      0.42975706      0.57024294       5.1929569        5.1929569       16.931012       16.931012
     0.12536672         13.6238       59.285907      0.41516426      0.58483574       5.1929569        5.1929569       16.861687       16.861687
     0.12505743       13.613025       59.341599      0.43365448      0.56634552       5.1929569        5.1929569       16.840136       16.840136
     0.12356426       13.611792        59.47175      0.43822493      0.56177507       5.1929569        5.1929569       16.837669       16.837669
     0.12709466       13.570375       66.183354      0.27954994      0.72045006       5.1929569        5.1929569       16.754837       16.754837
     0.12465194       13.563465       60.300603      0.37772892      0.62227108       5.1929569        5.1929569       16.741016       16.741016
      0.1282572       13.508977       61.343036      0.43869162      0.56130838       5.1929569        5.1929569       16.632041       16.632041
     0.12549617       13.492518       60.566351      0.43797106      0.56202894       5.1929569        5.1929569       16.599123       16.599123
     0.12652189       13.471799       59.800129      0.41932174      0.58067826       5.1929569        5.1929569       16.557685       16.557685
     0.12635117       13.460571       59.922884      0.42532208      0.57467792       5.1929569        5.1929569       16.535228       16.535228
     0.12615655       13.449534       65.853151      0.28628498      0.71371502       5.1929569        5.1929569       16.513154       16.513154
     0.12684264        13.44411        60.28088      0.43140902      0.56859098       5.1929569        5.1929569       16.502306       16.502306
     0.12741625       13.426859       60.651608      0.43296912      0.56703088       5.1929569        5.1929569       16.467804       16.467804
     0.12774754       13.424262       60.007886      0.40792871      0.59207129       5.1929569        5.1929569       16.462611       16.462611
     0.12615777       13.423882       60.720779      0.43305661      0.56694339       5.1929569        5.1929569       16.461849       16.461849
      0.1257703       13.414054        62.32207      0.33804849      0.66195151       5.1929569        5.1929569       16.442195       16.442195
     0.12600527       13.399284       61.066381      0.36712119      0.63287881       5.1929569        5.1929569       16.412655       16.412655
     0.12526342       13.392286       63.527828      0.42020863      0.57979137       5.1929569        5.1929569       16.398658       16.398658
      0.1261621       13.372234       62.015576      0.42878734      0.57121266       5.1929569        5.1929569       16.358554       16.358554
     0.12679485       13.367231       63.589334      0.31817685      0.68182315       5.1929569        5.1929569       16.348548       16.348548
     0.12906506       13.349485       64.903284      0.40642975      0.59357025       5.1929569        5.1929569       16.313055       16.313055
     0.13372814       13.313992       62.942954      0.42097492      0.57902508       5.1929569        5.1929569       16.242071       16.242071
     0.13382225       13.313289       67.182191       0.2769303       0.7230697       5.1929569        5.1929569       16.240664       16.240664
     0.13221805       13.311743       60.760974      0.38468782      0.61531218       5.1929569        5.1929569       16.237573       16.237573
     0.13249126       13.309679       63.272017      0.32550382      0.67449618       5.1929569        5.1929569       16.233444       16.233444
     0.13097531       13.307393       65.201704      0.40202021      0.59797979       5.1929569        5.1929569       16.228873       16.228873
     0.13199656       13.299626       60.489896      0.40668452      0.59331548       5.1929569        5.1929569       16.213339       16.213339
     0.13115533       13.292034        61.63663      0.35933139      0.64066861       5.1929569        5.1929569       16.198154       16.198154
     0.13276474       13.279837       60.924335      0.42039104      0.57960896       5.1929569        5.1929569       16.173761       16.173761
     0.13291198       13.278729       64.697289      0.30544798      0.69455202       5.1929569        5.1929569       16.171544       16.171544
     0.13118183       13.277443       63.071172       0.4184166       0.5815834       5.1929569        5.1929569       16.168972       16.168972
     0.12856926       13.268986       65.441583      0.29641803      0.70358197       5.1929569        5.1929569       16.152059       16.152059
     0.12899541       13.251492       62.004605      0.42164438      0.57835562       5.1929569        5.1929569       16.117071       16.117071
     0.12735466       13.236123        62.18968      0.34971374      0.65028626       5.1929569        5.1929569       16.086332       16.086332
     0.12772229        13.23324       63.493539      0.41352314      0.58647686       5.1929569        5.1929569       16.080567       16.080567
     0.12966899       13.218113       60.960079       0.4115292       0.5884708       5.1929569        5.1929569       16.050313       16.050313
      0.1307727       13.209638        66.74693        0.284153        0.715847       5.1929569        5.1929569       16.033362       16.033362
       0.130917       13.179547        62.15193      0.35409603      0.64590397       5.1929569        5.1929569       15.973181       15.973181
     0.12909619       13.179164        61.17775      0.38513636      0.61486364       5.1929569        5.1929569       15.972415       15.972415
      0.1289024       13.166278       61.335572      0.41131894      0.58868106       5.1929569        5.1929569       15.946642       15.946642
     0.13065303       13.152788       61.244761      0.38666973      0.61333027       5.1929569        5.1929569       15.919663       15.919663
     0.12747876       13.148396       61.299378      0.38448326      0.61551674       5.1929569        5.1929569       15.910879       15.910879
     0.12530231       13.137043       61.353225      0.40679008      0.59320992       5.1929569        5.1929569       15.888173       15.888173
     0.12544223       13.135927       66.136082      0.29292072      0.70707928       5.1929569        5.1929569       15.885941       15.885941
     0.12589329       13.132338       61.840104      0.41220223      0.58779777       5.1929569        5.1929569       15.878762       15.878762
      0.1265517       13.127122       66.885789      0.28545025      0.71454975       5.1929569        5.1929569       15.868329       15.868329
     0.12659349       13.126791       61.579633      0.37535081      0.62464919       5.1929569        5.1929569       15.867669       15.867669
     0.12561025       13.119551       61.825143      0.36769825      0.63230175       5.1929569        5.1929569       15.853188       15.853188
     0.12608619       13.115769       65.257037       0.3940405       0.6059595       5.1929569        5.1929569       15.845624       15.845624
     0.12459643       13.112387        64.48638      0.40052351      0.59947649       5.1929569        5.1929569       15.838861       15.838861
     0.12284607       13.111268       61.350788      0.39154837      0.60845163       5.1929569        5.1929569       15.836621       15.836621
     0.12253128       13.098566       62.897983      0.40948757      0.59051243       5.1929569        5.1929569       15.811218       15.811218
     0.12316424       13.093413        62.11336      0.40964061      0.59035939       5.1929569        5.1929569       15.800913       15.800913
     0.12455284       13.066698       65.356946      0.30464813      0.69535187       5.1929569        5.1929569       15.747482       15.747482
      0.1226557       13.066543       61.561758      0.39509686      0.60490314       5.1929569        5.1929569       15.747171       15.747171
     0.12411688         13.0547       61.617973      0.38965712      0.61034288       5.1929569        5.1929569       15.723487       15.723487
     0.12167102        13.04335       63.066962      0.34244266      0.65755734       5.1929569        5.1929569       15.700787       15.700787
     0.11882938       13.036211       61.760717      0.39671279      0.60328721       5.1929569        5.1929569       15.686508       15.686508
     0.11774624         13.0301       62.164414      0.40339158      0.59660842       5.1929569        5.1929569       15.674287       15.674287
     0.11731685       13.018486       62.734267      0.40410659      0.59589341       5.1929569        5.1929569       15.651059       15.651059
      0.1181446       13.011455       63.299371      0.40245471      0.59754529       5.1929569        5.1929569       15.636997       15.636997
      0.1168423       13.007035       65.446579      0.30589686      0.69410314       5.1929569        5.1929569       15.628157       15.628157
     0.11723109       13.003713       64.938972      0.31282075      0.68717925       5.1929569        5.1929569       15.621513       15.621513
     0.11578628       13.000366       63.157402      0.40213832      0.59786168       5.1929569        5.1929569       15.614818       15.614818
     0.11402938       12.984403       62.005112      0.39154807      0.60845193       5.1929569        5.1929569       15.582893       15.582893
     0.11512368       12.974853        64.64545      0.31839454      0.68160546       5.1929569        5.1929569       15.563791       15.563791
      0.1138744       12.970015       64.121432      0.32696336      0.67303664       5.1929569        5.1929569       15.554117       15.554117
     0.11333905       12.958979       62.250747      0.39389382      0.60610618       5.1929569        5.1929569       15.532044       15.532044
     0.11360962       12.956595       67.001345      0.29039988      0.70960012       5.1929569        5.1929569       15.527276       15.527276
     0.11271799       12.948474       63.135428       0.3982385       0.6017615       5.1929569        5.1929569       15.511033       15.511033
     0.11462562       12.931691       62.351472      0.37423301      0.62576699       5.1929569        5.1929569       15.477469       15.477469
     0.11099278       12.915888       62.514141      0.39104312      0.60895688       5.1929569        5.1929569       15.445863       15.445863
     0.11108291       12.915076       63.387396      0.39524173      0.60475827       5.1929569        5.1929569       15.444239       15.444239
     0.11115806         12.9144       62.780614      0.39406534      0.60593466       5.1929569        5.1929569       15.442887       15.442887
     0.11123847       12.913677       63.512632      0.34179909      0.65820091       5.1929569        5.1929569        15.44144        15.44144
     0.11147716       12.911534       62.608306      0.36634942      0.63365058       5.1929569        5.1929569       15.437153       15.437153
     0.11189526        12.90779       62.660215      0.36496176      0.63503824       5.1929569        5.1929569       15.429666       15.429666
     0.11109826       12.897844        63.37908      0.39382425      0.60617575       5.1929569        5.1929569       15.409774       15.409774
     0.11175486       12.891951       62.743616      0.39058682      0.60941318       5.1929569        5.1929569       15.397989       15.397989
     0.11003995       12.890024       62.504169      0.38093527      0.61906473       5.1929569        5.1929569       15.394134       15.394134
     0.10821202       12.889383       65.085019      0.31611761      0.68388239       5.1929569        5.1929569       15.392852       15.392852
     0.10832579       12.888332       63.834037      0.33704658      0.66295342       5.1929569        5.1929569       15.390751       15.390751
      0.1088537       12.883471       63.395864       0.3925638       0.6074362       5.1929569        5.1929569       15.381028       15.381028
     0.10508214       12.865623       65.097458      0.38338793      0.61661207       5.1929569        5.1929569       15.345333       15.345333
     0.10392957        12.85926       64.634558      0.32461712      0.67538288       5.1929569        5.1929569       15.332607       15.332607
     0.10257953       12.854944       62.814572      0.36832936      0.63167064       5.1929569        5.1929569       15.323974       15.323974
     0.10275588       12.853226       63.070275      0.38827199      0.61172801       5.1929569        5.1929569       15.320538       15.320538
     0.10072818       12.820971        67.09519      0.29513322      0.70486678       5.1929569        5.1929569       15.256028       15.256028
     0.10072869       12.820966        63.46757      0.38641514      0.61358486       5.1929569        5.1929569       15.256018       15.256018
    0.099634343       12.814498       63.253806      0.38426907      0.61573093       5.1929569        5.1929569       15.243082       15.243082
    0.097969661       12.813955       63.109374      0.38207939      0.61792061       5.1929569        5.1929569       15.241996       15.241996
    0.098437357       12.809192       63.036234      0.37828692      0.62171308       5.1929569        5.1929569       15.232471       15.232471
    0.099527896       12.798175       63.438506      0.38341925      0.61658075       5.1929569        5.1929569       15.210436       15.210436
      0.1002801       12.790646       65.823758      0.31109871      0.68890129       5.1929569        5.1929569       15.195377       15.195377
    0.098767172       12.787498       63.389434      0.38134034      0.61865966       5.1929569        5.1929569       15.189083       15.189083
    0.095619744       12.783517       63.848959      0.38305661      0.61694339       5.1929569        5.1929569        15.18112        15.18112
    0.096133452       12.778159       63.274848      0.36468399      0.63531601       5.1929569        5.1929569       15.170404       15.170404
    0.096218526       12.777274       66.691122      0.30142175      0.69857825       5.1929569        5.1929569       15.168635       15.168635
    0.095398164       12.767145        64.86105      0.37869444      0.62130556       5.1929569        5.1929569       15.148375       15.148375
    0.096078385        12.76004       63.905513      0.34634604      0.65365396       5.1929569        5.1929569       15.134165       15.134165
    0.094349079       12.759154       66.213634       0.3078727       0.6921273       5.1929569        5.1929569       15.132395       15.132395
    0.091795386       12.748853       64.098572      0.34290817      0.65709183       5.1929569        5.1929569       15.111793       15.111793
    0.092025413       12.746351       64.944759      0.32669857      0.67330143       5.1929569        5.1929569       15.106788       15.106788
    0.092657015       12.739511       65.003276      0.32620678      0.67379322       5.1929569        5.1929569       15.093108       15.093108
    0.092802844       12.737938       63.521105      0.37174596      0.62825404       5.1929569        5.1929569       15.089963       15.089963
      0.0932682       12.732936       66.422083      0.30680742      0.69319258       5.1929569        5.1929569       15.079959       15.079959
    0.090287572        12.72541       65.375497      0.32126449      0.67873551       5.1929569        5.1929569       15.064907       15.064907
    0.090331765       12.724921       64.172829      0.34372268      0.65627732       5.1929569        5.1929569       15.063928       15.063928
    0.087378437       12.718156       63.954076      0.37519394      0.62480606       5.1929569        5.1929569       15.050399       15.050399
    0.085969629       12.714608       63.826419      0.35534486      0.64465514       5.1929569        5.1929569       15.043302       15.043302
    0.085069887       12.705326       63.876439      0.35544266      0.64455734       5.1929569        5.1929569       15.024739       15.024739
    0.084102448       12.696961        63.83167      0.36046273      0.63953727       5.1929569        5.1929569       15.008009       15.008009
     0.08288194       12.691777       65.793089      0.31740281      0.68259719       5.1929569        5.1929569        14.99764        14.99764
     0.13225234        12.67077       67.151019      0.30234654      0.69765346       5.1929569        5.1929569       14.955625       14.955625
     0.13034224       12.653569       66.633424      0.30909797      0.69090203       5.1929569        5.1929569       14.921224       14.921224
     0.13116011       12.647314        65.87405      0.31942563      0.68057437       5.1929569        5.1929569       14.908714       14.908714
     0.12457287       12.634303       66.687407      0.30976324      0.69023676       5.1929569        5.1929569       14.882693       14.882693
     0.12124129       12.629663       66.850862      0.30820433      0.69179567       5.1929569        5.1929569       14.873412       14.873412
      0.1181146       12.624041        65.95342      0.32011202      0.67988798       5.1929569        5.1929569       14.862169       14.862169
     0.11897814       12.616757       66.251792      0.31652069      0.68347931       5.1929569        5.1929569         14.8476         14.8476
     0.11916479       12.615189       65.819911      0.32286616      0.67713384       5.1929569        5.1929569       14.844465       14.844465
     0.11940846       12.613147       66.059877      0.31947582      0.68052418       5.1929569        5.1929569        14.84038        14.84038
     0.11621138       12.605195       67.361609      0.34740027      0.65259973       5.1929569        5.1929569       14.824475       14.824475
     0.11666042       12.601338       66.853316      0.31022599      0.68977401       5.1929569        5.1929569       14.816762       14.816762
     0.10981055        12.59039       67.141667      0.30787565      0.69212435       5.1929569        5.1929569       14.794866       14.794866
      0.1062389       12.588365       66.826876      0.31154709      0.68845291       5.1929569        5.1929569       14.790816       14.790816
     0.10376084       12.576875       67.302527      0.34573166      0.65426834       5.1929569        5.1929569       14.767837       14.767837
    0.097378638       12.571364       66.507945      0.31696405      0.68303595       5.1929569        5.1929569       14.756814       14.756814
    0.094180481       12.570856       66.443848      0.31786643      0.68213357       5.1929569        5.1929569       14.755799       14.755799
    0.094184854        12.57081       67.226215      0.30855285      0.69144715       5.1929569        5.1929569       14.755706       14.755706
    0.085448839       12.566369       66.954547      0.31191213      0.68808787       5.1929569        5.1929569       14.746824       14.746824
    0.072191951       12.552637       66.742316      0.31572491      0.68427509       5.1929569        5.1929569       14.719359       14.719359
    0.060786077       12.542283       66.063748      0.35168386      0.64831614       5.1929569        5.1929569       14.698652       14.698652
     0.05948064       12.539895       67.272246      0.31086107      0.68913893       5.1929569        5.1929569       14.693877       14.693877
    0.059587038       12.538108       66.150087      0.32583732      0.67416268       5.1929569        5.1929569       14.690302       14.690302
    0.058238024       12.536315       66.991787      0.34479523      0.65520477       5.1929569        5.1929569       14.686716       14.686716
    0.055632458       12.533296       66.889026      0.31589624      0.68410376       5.1929569        5.1929569       14.680679       14.680679
    0.052052585       12.529191       66.023018      0.34981968      0.65018032       5.1929569        5.1929569       14.672469       14.672469
    0.048767749       12.526935       67.498635      0.33898065      0.66101935       5.1929569        5.1929569       14.667957       14.667957
    0.047714816       12.526784       66.386359       0.3235706       0.6764294       5.1929569        5.1929569       14.667653       14.667653
    0.046859285       12.522897        67.25692      0.31280135      0.68719865       5.1929569        5.1929569       14.659881       14.659881
    0.046006675       12.519281       66.197335      0.32783547      0.67216453       5.1929569        5.1929569       14.652649       14.652649
    0.045064142       12.518002       66.141271      0.34758681      0.65241319       5.1929569        5.1929569        14.65009        14.65009
    0.044207838       12.515208       67.098047      0.34142038      0.65857962       5.1929569        5.1929569       14.644502       14.644502
    0.043254128       12.515038       65.751201      0.34437579      0.65562421       5.1929569        5.1929569       14.644163       14.644163
    0.042341105       12.514394       67.115272      0.31537393      0.68462607       5.1929569        5.1929569       14.642874       14.642874
    0.041485504       12.512829       66.074807       0.3314728       0.6685272       5.1929569        5.1929569       14.639744       14.639744
    0.040607156        12.51225       67.458632      0.33767255      0.66232745       5.1929569        5.1929569       14.638586       14.638586
    0.038122155        12.51086       65.808221      0.34086028      0.65913972       5.1929569        5.1929569       14.635806       14.635806
    0.030594906       12.503432       65.942083      0.34166285      0.65833715       5.1929569        5.1929569       14.620951       14.620951
    0.030088645       12.503024       67.196798      0.33893753      0.66106247       5.1929569        5.1929569       14.620133       14.620133
    0.028643615        12.50181       66.233897      0.33064415      0.66935585       5.1929569        5.1929569       14.617706       14.617706
    0.028193703       12.501113       67.169597      0.33890251      0.66109749       5.1929569        5.1929569       14.616312       14.616312
    0.027290482       12.500883       67.340953      0.33731714      0.66268286       5.1929569        5.1929569       14.615853       14.615853
    0.026881903       12.499708       67.072793      0.33950739      0.66049261       5.1929569        5.1929569       14.613502       14.613502
    0.026891513        12.49935       66.335497      0.34339836      0.65660164       5.1929569        5.1929569       14.612787       14.612787
    0.026898097       12.499105       66.014909      0.33960329      0.66039671       5.1929569        5.1929569       14.612297       14.612297
    0.026468313       12.498406       66.150712      0.34272986      0.65727014       5.1929569        5.1929569       14.610897       14.610897
    0.024449462         12.4964       66.073571       0.3399962       0.6600038       5.1929569        5.1929569       14.606886       14.606886
    0.024090435       12.495445       66.606809        0.325086        0.674914       5.1929569        5.1929569       14.604976       14.604976
     0.02337529       12.494328       66.111422      0.33912692      0.66087308       5.1929569        5.1929569       14.602742       14.602742
    0.023386483       12.493849       66.554289      0.32629773      0.67370227       5.1929569        5.1929569       14.601784       14.601784
    0.022684312       12.493081       66.170099      0.33563876      0.66436124       5.1929569        5.1929569       14.600249       14.600249
    0.021693949       12.491912       66.349217      0.33084269      0.66915731       5.1929569        5.1929569        14.59791        14.59791
    0.021061359       12.491652       66.838253       0.3222476       0.6777524       5.1929569        5.1929569       14.597391       14.597391
    0.020752717         12.4916       66.250027      0.34071189      0.65928811       5.1929569        5.1929569       14.597286       14.597286
    0.020449007       12.491528       66.211435      0.33496672      0.66503328       5.1929569        5.1929569       14.597142       14.597142
    0.020155654       12.491162       66.930596      0.32104056      0.67895944       5.1929569        5.1929569       14.596411       14.596411
    0.019316165       12.489902       66.207887      0.33678432      0.66321568       5.1929569        5.1929569        14.59389        14.59389
    0.018278955       12.488741       67.126952      0.31891663      0.68108337       5.1929569        5.1929569       14.591568       14.591568
    0.017791188       12.488389       66.242036      0.33638903      0.66361097       5.1929569        5.1929569       14.590865       14.590865
    0.017326277       12.487839       66.249992       0.3369799       0.6630201       5.1929569        5.1929569       14.589765       14.589765
    0.017103216       12.487374       66.272408      0.33558192      0.66441808       5.1929569        5.1929569       14.588835       14.588835
    0.016234269       12.486873       67.203135      0.33633466      0.66366534       5.1929569        5.1929569       14.587832       14.587832
    0.016031335       12.486548       66.290443      0.33796519      0.66203481       5.1929569        5.1929569       14.587183       14.587183
    0.015827776       12.486424       66.701301      0.33945618      0.66054382       5.1929569        5.1929569       14.586934       14.586934
    0.015829359       12.486324       66.301027       0.3350789       0.6649211       5.1929569        5.1929569       14.586734       14.586734
    0.015829829       12.486294       66.470205      0.32990382      0.67009618       5.1929569        5.1929569       14.586675       14.586675
    0.015830373        12.48626       66.330893      0.33378356      0.66621644       5.1929569        5.1929569       14.586606       14.586606
    0.015417465       12.486021       66.567575      0.32795249      0.67204751       5.1929569        5.1929569       14.586128       14.586128
    0.015018328       12.485933       66.538212      0.32856282      0.67143718       5.1929569        5.1929569       14.585953       14.585953
    0.014828792       12.485562       66.304232      0.33702703      0.66297297       5.1929569        5.1929569        14.58521        14.58521
    0.014831646       12.485369       66.307486      0.33637575      0.66362425       5.1929569        5.1929569       14.584825       14.584825
    0.014839009       12.484873       66.408392      0.33893401      0.66106599       5.1929569        5.1929569       14.583832       14.583832
    0.014642123       12.484807       66.358287      0.33826769      0.66173231       5.1929569        5.1929569         14.5837         14.5837
    0.014642624       12.484773       67.387578      0.33431953      0.66568047       5.1929569        5.1929569       14.583632       14.583632
    0.014260555       12.484184       67.429952      0.33380935      0.66619065       5.1929569        5.1929569       14.582453       14.582453
    0.014262801       12.484026       66.498043       0.3390271       0.6609729       5.1929569        5.1929569       14.582138       14.582138
    0.014264107       12.483935       66.366116      0.33411023      0.66588977       5.1929569        5.1929569       14.581955       14.581955
    0.014267527       12.483695       66.418408      0.33841833      0.66158167       5.1929569        5.1929569       14.581476       14.581476
    0.014272335       12.483358       66.401521      0.33309932      0.66690068       5.1929569        5.1929569       14.580802       14.580802
    0.014080294        12.48272       66.728181      0.32588945      0.67411055       5.1929569        5.1929569       14.579526       14.579526
    0.013692876        12.48245       66.382641      0.33504358      0.66495642       5.1929569        5.1929569       14.578986       14.578986
     0.01369678       12.482165       67.112742       0.3361506       0.6638494       5.1929569        5.1929569       14.578415       14.578415
    0.013697458       12.482115       66.494178      0.33093609      0.66906391       5.1929569        5.1929569       14.578316       14.578316
    0.013708038       12.481343       66.443188      0.33297746      0.66702254       5.1929569        5.1929569       14.576772       14.576772
    0.013710446       12.481167       66.474088       0.3375696       0.6624304       5.1929569        5.1929569       14.576421       14.576421
    0.013712093       12.481047       66.892303      0.32363675      0.67636325       5.1929569        5.1929569       14.576181       14.576181
    0.013130055        12.47997        66.60684      0.32909143      0.67090857       5.1929569        5.1929569       14.574026       14.574026
    0.012579168       12.479659       67.120449       0.3355639       0.6644361       5.1929569        5.1929569       14.573405       14.573405
    0.012579336       12.479646       66.464865      0.33612721      0.66387279       5.1929569        5.1929569       14.573378       14.573378
    0.012400245       12.479596       66.748801      0.32638504      0.67361496       5.1929569        5.1929569       14.573279       14.573279
    0.012224154        12.47951       66.977588      0.33647623      0.66352377       5.1929569        5.1929569       14.573107       14.573107
     0.01205262       12.479253       66.469456      0.33572862      0.66427138       5.1929569        5.1929569       14.572593       14.572593
    0.011555926       12.478777       67.292587      0.31881167      0.68118833       5.1929569        5.1929569       14.571641       14.571641
    0.011557655       12.478628       66.589929      0.33710745      0.66289255       5.1929569        5.1929569       14.571341       14.571341
    0.011242768        12.47808       66.622495      0.33698751      0.66301249       5.1929569        5.1929569       14.570246       14.570246
    0.011087404       12.478009       66.983294        0.323006        0.676994       5.1929569        5.1929569       14.570104       14.570104
    0.010642621       12.477566       67.265536      0.31938528      0.68061472       5.1929569        5.1929569       14.569219       14.569219
    0.010360335        12.47742       66.516171      0.33385068      0.66614932       5.1929569        5.1929569       14.568926       14.568926
    0.010222792       12.477362       66.828812      0.32562917      0.67437083       5.1929569        5.1929569        14.56881        14.56881
    0.010223115        12.47733       66.801696      0.32611494      0.67388506       5.1929569        5.1929569       14.568747       14.568747
   0.0099538377       12.476995       66.590396      0.33623413      0.66376587       5.1929569        5.1929569       14.568076       14.568076
    0.009825398       12.476559       66.871779      0.32513435      0.67486565       5.1929569        5.1929569       14.567205       14.567205
   0.0098271491       12.476381       66.725269       0.3279042       0.6720958       5.1929569        5.1929569       14.566848       14.566848
   0.0098288802       12.476205       66.762129      0.33637782      0.66362218       5.1929569        5.1929569       14.566496       14.566496
   0.0095653858        12.47598        66.78908      0.33626385      0.66373615       5.1929569        5.1929569       14.566046       14.566046
   0.0090712854       12.475671       67.096736      0.33479375      0.66520625       5.1929569        5.1929569       14.565428       14.565428
   0.0090741363       12.475357       66.575928      0.33340217      0.66659783       5.1929569        5.1929569         14.5648         14.5648
   0.0090749044       12.475272       66.912704      0.32483494      0.67516506       5.1929569        5.1929569        14.56463        14.56463
   0.0090752888        12.47523       67.367627      0.31872762      0.68127238       5.1929569        5.1929569       14.564546       14.564546
   0.0090757833       12.475175       67.222582       0.3204493       0.6795507       5.1929569        5.1929569       14.564437       14.564437
   0.0089517455       12.475143       66.698371      0.32902646      0.67097354       5.1929569        5.1929569       14.564372       14.564372
   0.0088375649       12.474187       66.632127      0.33460108      0.66539892       5.1929569        5.1929569        14.56246        14.56246
   0.0088378225       12.474158       66.631648      0.33172779      0.66827221       5.1929569        5.1929569       14.562402       14.562402
   0.0087161804       12.474031       66.794972      0.33553066      0.66446934       5.1929569        5.1929569       14.562148       14.562148
   0.0083635415       12.473945       67.130049      0.32195936      0.67804064       5.1929569        5.1929569       14.561976       14.561976
   0.0081448917       12.473407       67.157946      0.32172451      0.67827549       5.1929569        5.1929569       14.560901       14.560901
   0.0081448926       12.473407       67.064386      0.32302861      0.67697139       5.1929569        5.1929569         14.5609         14.5609
   0.0079287818        12.47327       67.353603      0.31934656      0.68065344       5.1929569        5.1929569       14.560626       14.560626
   0.0078263945       12.472845       66.822158      0.32732207      0.67267793       5.1929569        5.1929569       14.559775       14.559775
   0.0077229223       12.472731       66.806011      0.33497945      0.66502055       5.1929569        5.1929569       14.559548       14.559548
   0.0076204657       12.472663       67.291462      0.32022451      0.67977549       5.1929569        5.1929569       14.559412       14.559412
    0.007326149        12.47231       66.714378      0.33030284      0.66969716       5.1929569        5.1929569       14.558706       14.558706
   0.0073268192       12.472219       67.326624      0.31992114      0.68007886       5.1929569        5.1929569       14.558524       14.558524
   0.0073269577         12.4722       67.056413      0.33407415      0.66592585       5.1929569        5.1929569       14.558486       14.558486
   0.0068644562        12.47202       67.022989      0.32406538      0.67593462       5.1929569        5.1929569       14.558127       14.558127
   0.0068646068       12.471999       66.903521      0.32608631      0.67391369       5.1929569        5.1929569       14.558083       14.558083
   0.0066915791       12.471885       67.317999       0.3321724       0.6678276       5.1929569        5.1929569       14.557856       14.557856
   0.0066099289       12.471423       66.927622      0.32586702      0.67413298       5.1929569        5.1929569       14.556932       14.556932
   0.0065262785        12.47142       66.703591      0.33245621      0.66754379       5.1929569        5.1929569       14.556926       14.556926
   0.0064441306       12.471348       67.015289       0.3244061       0.6755939       5.1929569        5.1929569       14.556782       14.556782
   0.0063627014       12.471326       67.400436      0.31931262      0.68068738       5.1929569        5.1929569       14.556738       14.556738
   0.0063627519       12.471318        66.83811      0.32767568      0.67232432       5.1929569        5.1929569       14.556722       14.556722
   0.0062029217       12.471116       67.420671        0.319146        0.680854       5.1929569        5.1929569       14.556318       14.556318
   0.0062032234       12.471067       66.732008      0.33330602      0.66669398       5.1929569        5.1929569       14.556221       14.556221
   0.0061239581       12.471024       66.814794      0.33413941      0.66586059       5.1929569        5.1929569       14.556135       14.556135
   0.0060461624       12.470906       66.962331      0.33403669      0.66596331       5.1929569        5.1929569       14.555898       14.555898
   0.0060461807       12.470903       66.803036      0.32872558      0.67127442       5.1929569        5.1929569       14.555892       14.555892
   0.0060462147       12.470897       66.726092      0.33276035      0.66723965       5.1929569        5.1929569       14.555881       14.555881
   0.0059675239       12.470752       66.980781      0.33392131      0.66607869       5.1929569        5.1929569       14.555591       14.555591
   0.0058898321       12.470612       66.757851      0.33033679      0.66966321       5.1929569        5.1929569        14.55531        14.55531
   0.0058126152       12.470563       66.910084       0.3265439       0.6734561       5.1929569        5.1929569       14.555213       14.555213
   0.0057364627       12.470506       66.750787      0.33077582      0.66922418       5.1929569        5.1929569       14.555098       14.555098
   0.0055886693        12.47029       67.035628      0.33354497      0.66645503       5.1929569        5.1929569       14.554667       14.554667
   0.0055164983       12.470216       66.874083      0.32744194      0.67255806       5.1929569        5.1929569       14.554518       14.554518
   0.0055178153       12.469977       67.455252      0.31908178      0.68091822       5.1929569        5.1929569       14.554041       14.554041
   0.0055180457       12.469935       67.331127      0.33152406      0.66847594       5.1929569        5.1929569       14.553957       14.553957
   0.0054448897       12.469859       67.223532      0.33232361      0.66767639       5.1929569        5.1929569       14.553804       14.553804
   0.0054453885       12.469767       66.881528      0.33361732      0.66638268       5.1929569        5.1929569       14.553621       14.553621
   0.0053734543        12.46946       67.438136      0.33045067      0.66954933       5.1929569        5.1929569       14.553006       14.553006
    0.005301052        12.46942       66.896346      0.32737224      0.67262776       5.1929569        5.1929569       14.552926       14.552926
   0.0050937936       12.469028       67.093235      0.33282878      0.66717122       5.1929569        5.1929569       14.552143       14.552143
   0.0050270231       12.468978       66.989898       0.3331828       0.6668172       5.1929569        5.1929569       14.552042       14.552042
   0.0048978437       12.468693       67.373938        0.330796        0.669204       5.1929569        5.1929569       14.551473       14.551473
   0.0048979834       12.468665       67.208721      0.33204204      0.66795796       5.1929569        5.1929569       14.551416       14.551416
   0.0047722178        12.46836       67.220786      0.32236787      0.67763213       5.1929569        5.1929569       14.550806       14.550806
   0.0047725015       12.468301       67.133297      0.32363691      0.67636309       5.1929569        5.1929569       14.550687       14.550687
    0.004710117       12.468213       67.417602      0.32000064      0.67999936       5.1929569        5.1929569       14.550513       14.550513
   0.0047101955       12.468197       67.082764      0.33255812      0.66744188       5.1929569        5.1929569       14.550479       14.550479
   0.0046478313       12.468102       67.147401      0.32349866      0.67650134       5.1929569        5.1929569       14.550291       14.550291
   0.0045861205       12.468045       66.834283      0.33144177      0.66855823       5.1929569        5.1929569       14.550177       14.550177
   0.0045870855       12.467835       67.023913      0.32562358      0.67437642       5.1929569        5.1929569       14.549756       14.549756
   0.0045880252        12.46763       67.102607      0.32437142      0.67562858       5.1929569        5.1929569       14.549347       14.549347
    0.004464129       12.467607        66.87576      0.33198548      0.66801452       5.1929569        5.1929569         14.5493         14.5493
   0.0044642078       12.467589       67.353115      0.33062049      0.66937951       5.1929569        5.1929569       14.549265       14.549265
   0.0044642827       12.467572       67.315053      0.33091747      0.66908253       5.1929569        5.1929569       14.549231       14.549231
   0.0044022976       12.467568       66.858457      0.33147098      0.66852902       5.1929569        5.1929569       14.549223       14.549223
    0.004224889       12.467317       66.890859      0.32904573      0.67095427       5.1929569        5.1929569       14.548719       14.548719
   0.0041126717       12.467208       67.074703      0.33216853      0.66783147       5.1929569        5.1929569       14.548502       14.548502
   0.0041126852       12.467205       66.955072       0.3273604       0.6726396       5.1929569        5.1929569       14.548496       14.548496
   0.0040575491       12.467096       67.138006      0.32402943      0.67597057       5.1929569        5.1929569       14.548278       14.548278
   0.0040575928       12.467085       67.334181      0.33060277      0.66939723       5.1929569        5.1929569       14.548257       14.548257
   0.0039484495       12.466953       67.336704      0.32134893      0.67865107       5.1929569        5.1929569       14.547993       14.547993
   0.0039488004       12.466864       67.004777        0.326487        0.673513       5.1929569        5.1929569       14.547815       14.547815
   0.0039499014       12.466586       66.941147      0.32819316      0.67180684       5.1929569        5.1929569       14.547257       14.547257
   0.0038418105       12.466553       67.427617      0.32042493      0.67957507       5.1929569        5.1929569       14.547192       14.547192
   0.0037894662       12.466478       67.001786      0.33188001      0.66811999       5.1929569        5.1929569       14.547043       14.547043
   0.0037375736       12.466473       67.123579      0.33166239      0.66833761       5.1929569        5.1929569       14.547033       14.547033
   0.0037386426       12.466187       66.916955      0.33060669      0.66939331       5.1929569        5.1929569       14.546461       14.546461
   0.0037388502       12.466132       67.395181      0.32093953      0.67906047       5.1929569        5.1929569        14.54635        14.54635
    0.003636038       12.465844       66.994216      0.33140732      0.66859268       5.1929569        5.1929569       14.545775       14.545775
   0.0036364147       12.465741       67.265455      0.32271701      0.67728299       5.1929569        5.1929569       14.545568       14.545568
   0.0036364488       12.465732        67.01009       0.3313818       0.6686182       5.1929569        5.1929569       14.545549       14.545549
   0.0035849483       12.465606       66.948881       0.3305109       0.6694891       5.1929569        5.1929569       14.545299       14.545299
   0.0035337422       12.465604       67.254128      0.33061514      0.66938486       5.1929569        5.1929569       14.545295       14.545295
   0.0035342176        12.46547       67.102826      0.32537559      0.67462441       5.1929569        5.1929569       14.545026       14.545026
   0.0034338999       12.465277       67.088228      0.32575732      0.67424268       5.1929569        5.1929569       14.544641       14.544641
   0.0034339829       12.465253       67.119946      0.33107008      0.66892992       5.1929569        5.1929569       14.544593       14.544593
   0.0033847481       12.465096       67.127266      0.32514245      0.67485755       5.1929569        5.1929569       14.544278       14.544278
   0.0032418966       12.465045       67.128832      0.33093241      0.66906759       5.1929569        5.1929569       14.544175       14.544175
   0.0032421002       12.464982       67.048549      0.33092051      0.66907949       5.1929569        5.1929569        14.54405        14.54405
   0.0032423119       12.464917       67.137465      0.32506146      0.67493854       5.1929569        5.1929569       14.543919       14.543919
   0.0031955907       12.464832       67.216188      0.33048533      0.66951467       5.1929569        5.1929569       14.543751       14.543751
   0.0031494072       12.464791       67.088112      0.33083339      0.66916661       5.1929569        5.1929569       14.543669       14.543669
    0.003149646       12.464715       67.308589      0.32988025      0.67011975       5.1929569        5.1929569       14.543517       14.543517
   0.0031033542       12.464707       67.263537      0.32318504      0.67681496       5.1929569        5.1929569         14.5435         14.5435
     0.00301374       12.464595       67.464699      0.32073929      0.67926071       5.1929569        5.1929569       14.543276       14.543276
   0.0030137702       12.464585       66.997507      0.32902072      0.67097928       5.1929569        5.1929569       14.543256       14.543256
   0.0029698891       12.464437         67.4412      0.32106163      0.67893837       5.1929569        5.1929569        14.54296        14.54296
   0.0028839073       12.464401        67.01443      0.32847893      0.67152107       5.1929569        5.1929569       14.542889       14.542889
   0.0028421227       12.464398       67.152158      0.33050168      0.66949832       5.1929569        5.1929569       14.542881       14.542881
    0.002801065        12.46435       67.058359      0.33041233      0.66958767       5.1929569        5.1929569       14.542787       14.542787
   0.0027605911       12.464306       67.066354      0.33041105      0.66958895       5.1929569        5.1929569       14.542699       14.542699
    0.002760629       12.464293       67.395827      0.32904276      0.67095724       5.1929569        5.1929569       14.542672       14.542672
   0.0027200989       12.464268       67.015052      0.32953989      0.67046011       5.1929569        5.1929569       14.542622       14.542622
   0.0027201522       12.464248       67.515489      0.32794392      0.67205608       5.1929569        5.1929569       14.542583       14.542583
   0.0026405501       12.464096       67.023257      0.32928677      0.67071323       5.1929569        5.1929569       14.542278       14.542278
   0.0026408502       12.463982       67.042095      0.32975652      0.67024348       5.1929569        5.1929569       14.542051       14.542051
   0.0026408814        12.46397       67.112206      0.32615933      0.67384067       5.1929569        5.1929569       14.542027       14.542027
   0.0026409675       12.463938       67.289998      0.32964051      0.67035949       5.1929569        5.1929569       14.541962       14.541962
   0.0026005312       12.463863       67.124323      0.32598669      0.67401331       5.1929569        5.1929569       14.541813       14.541813
   0.0025606862       12.463799        67.04845      0.32817345      0.67182655       5.1929569        5.1929569       14.541685       14.541685
   0.0025213363       12.463782       67.085353      0.32696112      0.67303888       5.1929569        5.1929569       14.541649       14.541649
   0.0025215164        12.46371       67.452319      0.32830596      0.67169404       5.1929569        5.1929569       14.541507       14.541507
   0.0025217164       12.463631       67.190477      0.32993002      0.67006998       5.1929569        5.1929569       14.541348       14.541348
   0.0023695122       12.463366       67.373038      0.32234641      0.67765359       5.1929569        5.1929569       14.540818       14.540818
   0.0023696002       12.463329       67.214702      0.32966495      0.67033505       5.1929569        5.1929569       14.540744       14.540744
   0.0022980354       12.463224       67.422742      0.32833401      0.67166599       5.1929569        5.1929569       14.540534       14.540534
   0.0022632299       12.463218        67.28859      0.32356927      0.67643073       5.1929569        5.1929569       14.540523       14.540523
   0.0022290923       12.463149       67.167875      0.32962225      0.67037775       5.1929569        5.1929569       14.540385       14.540385
   0.0021953578       12.463131       67.101062      0.32733465      0.67266535       5.1929569        5.1929569       14.540348       14.540348
   0.0021623609       12.463008       67.241766      0.32936407      0.67063593       5.1929569        5.1929569       14.540102       14.540102
   0.0020982077        12.46282       67.492113         0.32752         0.67248       5.1929569        5.1929569       14.539726       14.539726
   0.0020982696        12.46279        67.40231      0.32227343      0.67772657       5.1929569        5.1929569       14.539667       14.539667
   0.0020358881       12.462666       67.122905      0.32878399      0.67121601       5.1929569        5.1929569       14.539418       14.539418
   0.0020360958       12.462564       67.223379      0.32505228      0.67494772       5.1929569        5.1929569       14.539214       14.539214
   0.0020052836       12.462545       67.138793      0.32704278      0.67295722       5.1929569        5.1929569       14.539176       14.539176
   0.0019751069        12.46244       67.309936      0.32371643      0.67628357       5.1929569        5.1929569       14.538967       14.538967
   0.0018882679       12.462283       67.146861      0.32730739      0.67269261       5.1929569        5.1929569       14.538652       14.538652
   0.0018605257       12.462268       67.186767      0.32608669      0.67391331       5.1929569        5.1929569       14.538623       14.538623
   0.0018605423        12.46226       67.176002      0.32874018      0.67125982       5.1929569        5.1929569       14.538605       14.538605
   0.0018328141       12.462237       67.344051      0.32836781      0.67163219       5.1929569        5.1929569       14.538561       14.538561
   0.0017789416       12.462218       67.295637      0.32861144      0.67138856       5.1929569        5.1929569       14.538523       14.538523
   0.0017528278       12.462191       67.328798      0.32360009      0.67639991       5.1929569        5.1929569       14.538469       14.538469
   0.0017273256       12.462032       67.198755      0.32856371      0.67143629       5.1929569        5.1929569       14.538151       14.538151
   0.0017273589       12.462013       67.285129      0.32850202      0.67149798       5.1929569        5.1929569       14.538112       14.538112
    0.001727361       12.462012       67.410604      0.32261014      0.67738986       5.1929569        5.1929569        14.53811        14.53811
   0.0017013543       12.461914       67.385211      0.32299707      0.67700293       5.1929569        5.1929569       14.537915       14.537915
   0.0016755986       12.461901       67.204792      0.32610749      0.67389251       5.1929569        5.1929569       14.537888       14.537888
   0.0016756972       12.461842         67.4581      0.32214467      0.67785533       5.1929569        5.1929569       14.537771       14.537771
   0.0016249372       12.461831       67.200244      0.32633605      0.67366395       5.1929569        5.1929569       14.537748       14.537748
   0.0016249524       12.461821       67.180005      0.32791074      0.67208926       5.1929569        5.1929569       14.537729       14.537729
   0.0015999658       12.461813       67.342109      0.32366411      0.67633589       5.1929569        5.1929569       14.537713       14.537713
   0.0015753588       12.461808       67.392816      0.32296597      0.67703403       5.1929569        5.1929569       14.537703       14.537703
   0.0015511532       12.461789       67.224401      0.32577779      0.67422221       5.1929569        5.1929569       14.537664       14.537664
   0.0015511732       12.461776       67.304458      0.32427236      0.67572764       5.1929569        5.1929569       14.537638       14.537638
   0.0015269798       12.461747       67.207667      0.32626117      0.67373883       5.1929569        5.1929569       14.537581       14.537581
   0.0015031386       12.461735        67.41371      0.32274554      0.67725446       5.1929569        5.1929569       14.537557       14.537557
   0.0015032428       12.461666       67.292284      0.32819213      0.67180787       5.1929569        5.1929569       14.537418       14.537418
   0.0014562793       12.461657       67.262492      0.32512004      0.67487996       5.1929569        5.1929569       14.537401       14.537401
   0.0013901402       12.461617       67.330155      0.32800645      0.67199355       5.1929569        5.1929569       14.537321       14.537321
   0.0013691218       12.461585       67.405664      0.32753164      0.67246836       5.1929569        5.1929569       14.537256       14.537256
   0.0013484109        12.46156       67.248692      0.32812646      0.67187354       5.1929569        5.1929569       14.537207       14.537207
    0.001308186        12.46154       67.519272      0.32653554      0.67346446       5.1929569        5.1929569       14.537167       14.537167
   0.0013081876       12.461539       67.206255      0.32772681      0.67227319       5.1929569        5.1929569       14.537164       14.537164
   0.0012883948       12.461517       67.452291      0.32241971      0.67758029       5.1929569        5.1929569        14.53712        14.53712
    0.001288404        12.46151       67.354061      0.32371419      0.67628581       5.1929569        5.1929569       14.537106       14.537106
    0.001288417         12.4615       67.223803       0.3279148       0.6720852       5.1929569        5.1929569       14.537086       14.537086
   0.0012682927       12.461494       67.491302      0.32677072      0.67322928       5.1929569        5.1929569       14.537074       14.537074
   0.0012484836       12.461488       67.208479      0.32684412      0.67315588       5.1929569        5.1929569       14.537062       14.537062
   0.0012289924       12.461474       67.316662      0.32794367      0.67205633       5.1929569        5.1929569       14.537035       14.537035
   0.0012098331       12.461438       67.210786      0.32746334      0.67253666       5.1929569        5.1929569       14.536963       14.536963
   0.0011909405       12.461429       67.306175       0.3279367       0.6720633       5.1929569        5.1929569       14.536944       14.536944
   0.0011909426       12.461427       67.251024      0.32796026      0.67203974       5.1929569        5.1929569       14.536941       14.536941
   0.0011910109        12.46137       67.215773      0.32699583      0.67300417       5.1929569        5.1929569       14.536826       14.536826
   0.0011718371       12.461339       67.382364      0.32344086      0.67655914       5.1929569        5.1929569       14.536765       14.536765
   0.0011529369       12.461339       67.398077      0.32322601      0.67677399       5.1929569        5.1929569       14.536764       14.536764
   0.0011343558       12.461326        67.26271      0.32550063      0.67449937       5.1929569        5.1929569       14.536738       14.536738
   0.0011344029       12.461284       67.264776       0.3255108       0.6744892       5.1929569        5.1929569       14.536655       14.536655
   0.0011344034       12.461284       67.314408      0.32453889      0.67546111       5.1929569        5.1929569       14.536654       14.536654
   0.0011155006        12.46128       67.384549      0.32345645      0.67654355       5.1929569        5.1929569       14.536647       14.536647
   0.0010969258       12.461265       67.311543      0.32460768      0.67539232       5.1929569        5.1929569       14.536616       14.536616
   0.0010969301       12.461261       67.320189       0.3244618       0.6755382       5.1929569        5.1929569       14.536608       14.536608
   0.0010969514       12.461242        67.35391      0.32393585      0.67606415       5.1929569        5.1929569        14.53657        14.53657
   0.0010969621       12.461232        67.24783      0.32602976      0.67397024       5.1929569        5.1929569        14.53655        14.53655
   0.0010777534       12.461198       67.387242      0.32736409      0.67263591       5.1929569        5.1929569       14.536483       14.536483
   0.0010588456       12.461198       67.242441       0.3262821       0.6737179       5.1929569        5.1929569       14.536483       14.536483
   0.0010403036       12.461165       67.345504      0.32755146      0.67244854       5.1929569        5.1929569       14.536417       14.536417
   0.0010044631       12.461133       67.238583      0.32709241      0.67290759       5.1929569        5.1929569       14.536353       14.536353
  0.00098717101       12.461107       67.251392      0.32737954      0.67262046       5.1929569        5.1929569         14.5363         14.5363
  0.00098719024       12.461087       67.357935      0.32401226      0.67598774       5.1929569        5.1929569       14.536261       14.536261
  0.00098721148       12.461066       67.273723      0.32563196      0.67436804       5.1929569        5.1929569       14.536218       14.536218
  0.00098721667        12.46106       67.430996      0.32301134      0.67698866       5.1929569        5.1929569       14.536207       14.536207
  0.00098721708        12.46106         67.2499       0.3264163       0.6735837       5.1929569        5.1929569       14.536206       14.536206
  0.00096894358       12.461052       67.431945      0.32694522      0.67305478       5.1929569        5.1929569       14.536189       14.536189
   0.0009510243       12.461026        67.38009       0.3272577       0.6727423       5.1929569        5.1929569       14.536139       14.536139
  0.00095104362       12.461006        67.39054      0.32360096      0.67639904       5.1929569        5.1929569       14.536098       14.536098
  0.00093313168       12.460971       67.302626      0.32511796      0.67488204       5.1929569        5.1929569       14.536029       14.536029
  0.00091552897       12.460967       67.304027      0.32742637      0.67257363       5.1929569        5.1929569       14.536021       14.536021
  0.00091552979       12.460966       67.369901      0.32394148      0.67605852       5.1929569        5.1929569       14.536019       14.536019
  0.00091554347       12.460952       67.460214      0.32664627      0.67335373       5.1929569        5.1929569       14.535989       14.535989
  0.00086373318       12.460937        67.28317       0.3273196       0.6726804       5.1929569        5.1929569       14.535959       14.535959
   0.0008637653       12.460899        67.46248       0.3265853       0.6734147       5.1929569        5.1929569       14.535885       14.535885
  0.00084719445       12.460852       67.362078      0.32417894      0.67582106       5.1929569        5.1929569       14.535791       14.535791
  0.00078560506       12.460821       67.333831      0.32470257      0.67529743       5.1929569        5.1929569       14.535728       14.535728
  0.00078561738       12.460805       67.334988      0.32719606      0.67280394       5.1929569        5.1929569       14.535696       14.535696
  0.00077108165       12.460788       67.446848        0.326613        0.673387       5.1929569        5.1929569       14.535663       14.535663
  0.00077108775       12.460781        67.32429      0.32717162      0.67282838       5.1929569        5.1929569       14.535647       14.535647
  0.00075654859       12.460768       67.309634        0.327132        0.672868       5.1929569        5.1929569       14.535622       14.535622
  0.00075655228       12.460763       67.291528      0.32576034      0.67423966       5.1929569        5.1929569       14.535612       14.535612
  0.00074201601       12.460746       67.490993      0.32621358      0.67378642       5.1929569        5.1929569       14.535577       14.535577
  0.00074201898       12.460742       67.337329      0.32473954      0.67526046       5.1929569        5.1929569       14.535569       14.535569
  0.00071348726       12.460731       67.503041      0.32609211      0.67390789       5.1929569        5.1929569       14.535549       14.535549
  0.00071349714       12.460717       67.467513      0.32638833      0.67361167       5.1929569        5.1929569       14.535521       14.535521
  0.00069950946       12.460714       67.309403      0.32537805      0.67462195       5.1929569        5.1929569       14.535514       14.535514
  0.00069952717       12.460688       67.393887      0.32685653      0.67314347       5.1929569        5.1929569       14.535463       14.535463
  0.00069955162       12.460653       67.514905      0.32237774      0.67762226       5.1929569        5.1929569       14.535393       14.535393
  0.00069955568       12.460648       67.407858       0.3236945       0.6763055       5.1929569        5.1929569       14.535382       14.535382
  0.00069958753       12.460602       67.296235      0.32638138      0.67361862       5.1929569        5.1929569       14.535291       14.535291
    0.000699605       12.460577       67.299419      0.32636655      0.67363345       5.1929569        5.1929569       14.535241       14.535241
  0.00069961434       12.460564       67.303247      0.32650678      0.67349322       5.1929569        5.1929569       14.535214       14.535214
  0.00069961487       12.460563       67.326168      0.32526465      0.67473535       5.1929569        5.1929569       14.535212       14.535212
   0.0006996236       12.460551       67.511655      0.32250565      0.67749435       5.1929569        5.1929569       14.535187       14.535187
  0.00069963962       12.460528       67.447296      0.32636207      0.67363793       5.1929569        5.1929569       14.535142       14.535142
  0.00069964101       12.460526       67.306784      0.32607841      0.67392159       5.1929569        5.1929569       14.535138       14.535138
  0.00069964969       12.460513       67.307442      0.32621269      0.67378731       5.1929569        5.1929569       14.535113       14.535113
  0.00069965713       12.460503       67.460281      0.32314104      0.67685896       5.1929569        5.1929569       14.535092       14.535092
  0.00069967372       12.460479       67.330001      0.32535472      0.67464528       5.1929569        5.1929569       14.535044       14.535044
  0.00069968002        12.46047       67.326197      0.32548757      0.67451243       5.1929569        5.1929569       14.535026       14.535026
  0.00069969272       12.460452       67.329039       0.3265612       0.6734388       5.1929569        5.1929569        14.53499        14.53499
  0.00069971403       12.460421       67.516281      0.32258296      0.67741704       5.1929569        5.1929569       14.534929       14.534929
  0.00069973503       12.460391       67.325349      0.32586469      0.67413531       5.1929569        5.1929569       14.534869       14.534869
  0.00069974036       12.460384       67.341059       0.3264758       0.6735242       5.1929569        5.1929569       14.534854       14.534854
  0.00069976368        12.46035        67.46212       0.3232809       0.6767191       5.1929569        5.1929569       14.534787       14.534787
  0.00069976759       12.460345       67.362462      0.32487067      0.67512933       5.1929569        5.1929569       14.534776       14.534776
  0.00069977107        12.46034       67.476905      0.32311041      0.67688959       5.1929569        5.1929569       14.534766       14.534766
  0.00069977186       12.460339       67.334558      0.32621138      0.67378862       5.1929569        5.1929569       14.534764       14.534764
  0.00069981911       12.460271       67.343007      0.32569317      0.67430683       5.1929569        5.1929569       14.534629       14.534629
  0.00069982185       12.460267        67.34836      0.32545817      0.67454183       5.1929569        5.1929569       14.534621       14.534621
  0.00069983823       12.460244       67.458676      0.32345186      0.67654814       5.1929569        5.1929569       14.534574       14.534574
  0.00069984175       12.460239       67.445967      0.32603859      0.67396141       5.1929569        5.1929569       14.534564       14.534564
  0.00069984574       12.460233        67.34864      0.32596252      0.67403748       5.1929569        5.1929569       14.534553       14.534553
  0.00069984802        12.46023       67.514175      0.32549022      0.67450978       5.1929569        5.1929569       14.534546       14.534546
  0.00069986247       12.460209       67.351677      0.32569425      0.67430575       5.1929569        5.1929569       14.534505       14.534505
  0.00069986346       12.460208       67.356517      0.32604094      0.67395906       5.1929569        5.1929569       14.534502       14.534502
   0.0006998997       12.460156       67.372414      0.32604043      0.67395957       5.1929569        5.1929569       14.534398       14.534398
   0.0006999067       12.460146       67.517992       0.3253519       0.6746481       5.1929569        5.1929569       14.534378       14.534378
  0.00069990839       12.460144        67.48981      0.32559781      0.67440219       5.1929569        5.1929569       14.534374       14.534374
  0.00069994475       12.460092       67.376183      0.32581713      0.67418287       5.1929569        5.1929569        14.53427        14.53427
  0.00069995275        12.46008       67.373907      0.32563214      0.67436786       5.1929569        5.1929569       14.534247       14.534247
  0.00070000028       12.460012       67.388412      0.32557541      0.67442459       5.1929569        5.1929569       14.534111       14.534111
  0.00070000792       12.460001        67.49266      0.32537186      0.67462814       5.1929569        5.1929569       14.534089       14.534089
  0.00070001037       12.459998       67.466623       0.3255526       0.6744474       5.1929569        5.1929569       14.534082       14.534082
  0.00070004889       12.459943       67.407418      0.32550667      0.67449333       5.1929569        5.1929569       14.533972       14.533972
  0.00070009032       12.459884       67.449493      0.32419545      0.67580455       5.1929569        5.1929569       14.533854       14.533854
  0.00070009628       12.459875       67.417692      0.32514079      0.67485921       5.1929569        5.1929569       14.533837       14.533837
  0.00070012049       12.459841        67.42774      0.32491884      0.67508116       5.1929569        5.1929569       14.533768       14.533768
  0.00070013144       12.459825       67.515407      0.32341674      0.67658326       5.1929569        5.1929569       14.533736       14.533736
  0.00070013388       12.459822       67.459893      0.32519596      0.67480404       5.1929569        5.1929569       14.533729       14.533729
  0.00070016075       12.459783       67.493511      0.32378476      0.67621524       5.1929569        5.1929569       14.533653       14.533653
  0.00070016169       12.459782       67.512407       0.3235521       0.6764479       5.1929569        5.1929569        14.53365        14.53365
  0.00070017175       12.459767       67.463993      0.32431723      0.67568277       5.1929569        5.1929569       14.533621       14.533621
  0.00070018066       12.459755       67.460927      0.32490588      0.67509412       5.1929569        5.1929569       14.533596       14.533596
  0.00070023499       12.459677       67.494984      0.32433805      0.67566195       5.1929569        5.1929569        14.53344        14.53344
