#        weight    minuslogpost              h0              wm              wl   minuslogprior minuslogprior__0            chi2    chi2__lnlike
 1.9762626e-322       750.47583       93.813196       1.7074608     -0.70746075       5.1929569        5.1929569       1490.5657       1490.5657
 2.6679545e-322       750.17865       99.750419       1.5068719     -0.50687187       5.1929569        5.1929569       1489.9714       1489.9714
 1.2450454e-321       748.63421       78.910251       2.4105794      -1.4105794       5.1929569        5.1929569       1486.8825       1486.8825
 6.9732425e-320       744.60885       71.655501       2.9078612      -1.9078612       5.1929569        5.1929569       1478.8318       1478.8318
 3.8505006e-319       742.90015       75.769887       2.5993414      -1.5993414       5.1929569        5.1929569       1475.4144       1475.4144
 9.4029092e-319       742.00733       99.408108       1.5060189     -0.50601888       5.1929569        5.1929569       1473.6288       1473.6288
 2.2080634e-318       741.15365       93.378805       1.7087936     -0.70879362       5.1929569        5.1929569       1471.9214       1471.9214
 9.8397931e-317       737.35675       81.425798       2.2412537      -1.2412537       5.1929569        5.1929569       1464.3276       1464.3276
   1.07097e-315       734.96945       70.303606       2.9927597      -1.9927597       5.1929569        5.1929569        1459.553        1459.553
 5.4649779e-315       733.33965       70.337857       2.9853586      -1.9853586       5.1929569        5.1929569       1456.2934       1456.2934
 9.9175644e-315        732.7437       70.566445       2.9646266      -1.9646266       5.1929569        5.1929569       1455.1015       1455.1015
 2.2469751e-314       731.92584       80.363046       2.2891084      -1.2891084       5.1929569        5.1929569       1453.4658       1453.4658
 2.6990162e-313       729.43995       91.849254       1.7475461     -0.74754609       5.1929569        5.1929569        1448.494        1448.494
 9.6671567e-312       725.86152       77.155375        2.468189       -1.468189       5.1929569        5.1929569       1441.3371       1441.3371
 2.7034878e-309       720.22796       84.149956       2.0654165      -1.0654165       5.1929569        5.1929569         1430.07         1430.07
 3.4243868e-309       719.99158       84.682536       2.0390684      -1.0390684       5.1929569        5.1929569       1429.5972       1429.5972
  1.421255e-307       716.26579       94.327062       1.6353947     -0.63539472       5.1929569        5.1929569       1422.1457       1422.1457
 5.3369845e-307       714.94267         97.1715       1.5376481     -0.53764813       5.1929569        5.1929569       1419.4994       1419.4994
 1.7816427e-306       713.73721       76.525608       2.4801237      -1.4801237       5.1929569        5.1929569       1417.0885       1417.0885
 3.9158808e-306       712.94971       94.449461       1.6259235     -0.62592355       5.1929569        5.1929569       1415.5135       1415.5135
 1.2282176e-304       709.50401       84.100917       2.0468294      -1.0468294       5.1929569        5.1929569       1408.6221       1408.6221
 2.4918662e-304       708.79654       73.997933       2.6384708      -1.6384708       5.1929569        5.1929569       1407.2072       1407.2072
 6.2608461e-303       705.57268       72.537411       2.7362389      -1.7362389       5.1929569        5.1929569       1400.7594       1400.7594
 1.4368402e-302       704.74196       69.567347       2.9696971      -1.9696971       5.1929569        5.1929569        1399.098        1399.098
 6.6002274e-302        703.2173       90.314215       1.7632985     -0.76329854       5.1929569        5.1929569       1396.0487       1396.0487
 7.3548758e-301       700.80646       71.197341       2.8260667      -1.8260667       5.1929569        5.1929569        1391.227        1391.227
 1.0789668e-298       695.81806       73.411523       2.6470549      -1.6470549       5.1929569        5.1929569       1381.2502       1381.2502
 1.1233816e-297       693.47514       73.556593       2.6307217      -1.6307217       5.1929569        5.1929569       1376.5644       1376.5644
 2.6748488e-297       692.60759       77.200204       2.3881782      -1.3881782       5.1929569        5.1929569       1374.8293       1374.8293
 4.7806921e-295       687.42172        78.62492       2.2912833      -1.2912833       5.1929569        5.1929569       1364.4575       1364.4575
 5.2747161e-295       687.32339       74.741545       2.5334362      -1.5334362       5.1929569        5.1929569       1364.2609       1364.2609
 9.3319142e-295       686.75287       69.874346       2.8929381      -1.8929381       5.1929569        5.1929569       1363.1198       1363.1198
 2.2574529e-294       685.86949       88.764405       1.7951098     -0.79510984       5.1929569        5.1929569       1361.3531       1361.3531
 3.1781743e-294       685.52742       87.058539       1.8658745     -0.86587449       5.1929569        5.1929569       1360.6689       1360.6689
 3.5453024e-294        685.4181       71.092362       2.7921163      -1.7921163       5.1929569        5.1929569       1360.4503       1360.4503
 2.3026072e-293        683.5471       99.418777       1.4229598      -0.4229598       5.1929569        5.1929569       1356.7083       1356.7083
 3.0468973e-292       680.96443       70.218834       2.8486475      -1.8486475       5.1929569        5.1929569       1351.5429       1351.5429
 9.0079895e-292       679.88044       86.530805       1.8782386     -0.87823859       5.1929569        5.1929569        1349.375        1349.375
 9.4343278e-291       677.53161        95.98081       1.5198036      -0.5198036       5.1929569        5.1929569       1344.6773       1344.6773
 1.7810949e-289       674.59357       72.434462       2.6619983      -1.6619983       5.1929569        5.1929569       1338.8012       1338.8012
 2.9218128e-288       671.79601       96.082619       1.5077675     -0.50776746       5.1929569        5.1929569       1333.2061       1333.2061
 1.7201067e-287       670.02324       74.277407         2.52124        -1.52124       5.1929569        5.1929569       1329.6606       1329.6606
  2.092151e-286       667.52485       84.036042       1.9671161     -0.96711609       5.1929569        5.1929569       1324.6638       1324.6638
 5.9807653e-286        666.4745       71.201044       2.7316611      -1.7316611       5.1929569        5.1929569       1322.5631       1322.5631
 2.5399043e-285       665.02833       88.529667       1.7674082     -0.76740821       5.1929569        5.1929569       1319.6708       1319.6708
 3.1950567e-284       662.49627       69.970464       2.8160922      -1.8160922       5.1929569        5.1929569       1314.6066       1314.6066
 3.4411459e-284       662.42207       72.331168       2.6370584      -1.6370584       5.1929569        5.1929569       1314.4582       1314.4582
 3.0388167e-282       657.94124       83.039108       1.9951196     -0.99511962       5.1929569        5.1929569       1305.4966       1305.4966
 3.4640262e-282       657.81027       84.329131        1.934278     -0.93427798       5.1929569        5.1929569       1305.2346       1305.2346
 9.8313869e-282       656.76712       73.146234        2.564423       -1.564423       5.1929569        5.1929569       1303.1483       1303.1483
 1.7893983e-281       656.16824       81.701645       2.0571497      -1.0571497       5.1929569        5.1929569       1301.9506       1301.9506
 2.2395002e-281       655.94387       72.931693        2.577212       -1.577212       5.1929569        5.1929569       1301.5018       1301.5018
 2.7636099e-281       655.73358       90.301665       1.6821319     -0.68213187       5.1929569        5.1929569       1301.0812       1301.0812
 1.1613098e-280       654.29799       81.161903        2.080545       -1.080545       5.1929569        5.1929569       1298.2101       1298.2101
 3.3712873e-280       653.23224       87.810501       1.7751084     -0.77510844       5.1929569        5.1929569       1296.0786       1296.0786
  3.737133e-280       653.12921       70.261661       2.7665311      -1.7665311       5.1929569        5.1929569       1295.8725       1295.8725
  4.842363e-280       652.87013       72.553464       2.5956926      -1.5956926       5.1929569        5.1929569       1295.3543       1295.3543
   8.45205e-280       652.31312       90.694724       1.6615666     -0.66156657       5.1929569        5.1929569       1294.2403       1294.2403
 2.0752482e-279       651.41487       79.092025       2.1839602      -1.1839602       5.1929569        5.1929569       1292.4438       1292.4438
 4.0145805e-279       650.75502       69.067222       2.8548688      -1.8548688       5.1929569        5.1929569       1291.1241       1291.1241
 7.4947609e-279       650.13074       98.729465        1.394838     -0.39483803       5.1929569        5.1929569       1289.8756       1289.8756
 1.0281783e-278       649.81457       88.816218       1.7287587     -0.72875875       5.1929569        5.1929569       1289.2432       1289.2432
 1.5675883e-278       649.39283       84.914834       1.8912136     -0.89121363       5.1929569        5.1929569       1288.3997       1288.3997
 3.5866089e-278       648.56516       84.833197       1.8932405     -0.89324055       5.1929569        5.1929569       1286.7444       1286.7444
 1.7010366e-277       647.00854       79.674771       2.1425121      -1.1425121       5.1929569        5.1929569       1283.6312       1283.6312
 9.4154601e-277       645.29743       69.548519       2.8001562      -1.8001562       5.1929569        5.1929569       1280.2089       1280.2089
 4.5241923e-276       643.72775       71.776193        2.626703       -1.626703       5.1929569        5.1929569       1277.0696       1277.0696
 3.9911121e-275       641.55054       70.974768       2.6796054      -1.6796054       5.1929569        5.1929569       1272.7152       1272.7152
 4.1295594e-275       641.51644       67.983303       2.9173829      -1.9173829       5.1929569        5.1929569        1272.647        1272.647
 7.4894157e-275       640.92112       90.369295       1.6539303     -0.65393026       5.1929569        5.1929569       1271.4563       1271.4563
 1.0973852e-274       640.53909       69.910251       2.7579316      -1.7579316       5.1929569        5.1929569       1270.6923       1270.6923
 1.4468318e-274       640.26265       95.484051       1.4780776     -0.47807758       5.1929569        5.1929569       1270.1394       1270.1394
 4.6300747e-274       639.09945       78.708883        2.177187       -1.177187       5.1929569        5.1929569        1267.813        1267.813
 5.0317807e-273       636.71366        94.90048       1.4910475     -0.49104752       5.1929569        5.1929569       1263.0414       1263.0414
 1.2114839e-272       635.83501       73.325703       2.4973306      -1.4973306       5.1929569        5.1929569       1261.2841       1261.2841
 1.1490214e-271       633.58536       76.960734       2.2634793      -1.2634793       5.1929569        5.1929569       1256.7848       1256.7848
 2.7341297e-271       632.71845       89.234611       1.6820451     -0.68204507       5.1929569        5.1929569        1255.051        1255.051
 1.0496783e-268       626.76803       68.405488       2.8375829      -1.8375829       5.1929569        5.1929569       1243.1501       1243.1501
 2.4299577e-267       623.62605       94.010093       1.4988107     -0.49881071       5.1929569        5.1929569       1236.8662       1236.8662
 1.1784963e-266        622.0471       78.852202       2.1305534      -1.1305534       5.1929569        5.1929569       1233.7083       1233.7083
 1.5825855e-265        619.4497       80.905152       2.0185502      -1.0185502       5.1929569        5.1929569       1228.5135       1228.5135
 4.5850694e-265       618.38595       74.710824       2.3622642      -1.3622642       5.1929569        5.1929569        1226.386        1226.386
 5.8670877e-265        618.1394       83.086998       1.9113454     -0.91134537       5.1929569        5.1929569       1225.8929       1225.8929
 9.8988217e-265       617.61634       98.926467       1.3416285     -0.34162851       5.1929569        5.1929569       1224.8468       1224.8468
 2.8636306e-264       616.55408       67.451933       2.8855673      -1.8855673       5.1929569        5.1929569       1222.7223       1222.7223
 3.2252124e-264       616.43517       81.970764       1.9601278     -0.96012785       5.1929569        5.1929569       1222.4844       1222.4844
 1.5960724e-263       614.83604       82.555146       1.9291588     -0.92915876       5.1929569        5.1929569       1219.2862       1219.2862
 1.0231138e-261       610.67557       72.602409       2.4793541      -1.4793541       5.1929569        5.1929569       1210.9652       1210.9652
 1.0263737e-261       610.67238       91.389825        1.565174     -0.56517397       5.1929569        5.1929569       1210.9589       1210.9589
 1.1594395e-261       610.55048       93.181968       1.5044702     -0.50447015       5.1929569        5.1929569        1210.715        1210.715
 2.3580954e-261       609.84056       74.116226       2.3779155      -1.3779155       5.1929569        5.1929569       1209.2952       1209.2952
 7.8285666e-261       608.64064       68.943767       2.7400667      -1.7400667       5.1929569        5.1929569       1206.8954       1206.8954
 1.1035042e-260       608.29734       78.628667       2.1110471      -1.1110471       5.1929569        5.1929569       1206.2088       1206.2088
 7.2223211e-260       606.41866        70.85714       2.5895581      -1.5895581       5.1929569        5.1929569       1202.4514       1202.4514
 3.1141194e-259        604.9573       71.955316       2.5079843      -1.5079843       5.1929569        5.1929569       1199.5287       1199.5287
 4.8252515e-259       604.51938       68.025885       2.8008719      -1.8008719       5.1929569        5.1929569       1198.6529       1198.6529
 2.2980771e-258       602.95859       66.840995        2.894679       -1.894679       5.1929569        5.1929569       1195.5313       1195.5313
 3.8400977e-258       602.44516       98.417935       1.3333512      -0.3333512       5.1929569        5.1929569       1194.5044       1194.5044
 4.5984434e-257       599.96236        74.27586       2.3423358      -1.3423358       5.1929569        5.1929569       1189.5388       1189.5388
 7.8872027e-256       597.12025        78.75083       2.0788442      -1.0788442       5.1929569        5.1929569       1183.8546       1183.8546
 1.7990083e-255       596.29567       80.132526       2.0062013      -1.0062013       5.1929569        5.1929569       1182.2054       1182.2054
 2.7760176e-255       595.86189       72.847464       2.4231738      -1.4231738       5.1929569        5.1929569       1181.3379       1181.3379
 2.8425161e-253       591.23305       96.351168        1.375253       -0.375253       5.1929569        5.1929569       1172.0802       1172.0802
 1.2485143e-251       587.45061       74.769558       2.2798328      -1.2798328       5.1929569        5.1929569       1164.5153       1164.5153
 1.3546117e-251       587.36905       90.926089        1.540882     -0.54088197       5.1929569        5.1929569       1164.3522       1164.3522
  8.103936e-250       583.27763       74.167203       2.3058302      -1.3058302       5.1929569        5.1929569       1156.1693       1156.1693
 1.0641212e-249       583.00525       90.902738       1.5340607     -0.53406073       5.1929569        5.1929569       1155.6246       1155.6246
 1.3462207e-248       580.46751       95.031841       1.3973395     -0.39733952       5.1929569        5.1929569       1150.5491       1150.5491
 6.4064932e-248        578.9075       87.216214       1.6601792     -0.66017921       5.1929569        5.1929569       1147.4291       1147.4291
 7.3713828e-248       578.76721       68.015712       2.7223352      -1.7223352       5.1929569        5.1929569       1147.1485       1147.1485
 1.2410359e-246       575.94369       74.687241        2.255263       -1.255263       5.1929569        5.1929569       1141.5015       1141.5015
  3.039761e-246       575.04786       75.979691       2.1775542      -1.1775542       5.1929569        5.1929569       1139.7098       1139.7098
 3.3069572e-246       574.96361       72.186428       2.4099377      -1.4099377       5.1929569        5.1929569       1139.5413       1139.5413
 1.7411123e-245       573.30253       65.339199       2.9281637      -1.9281637       5.1929569        5.1929569       1136.2191       1136.2191
 5.2900402e-245       572.19123       97.686096       1.3079636     -0.30796361       5.1929569        5.1929569       1133.9965       1133.9965
 1.7791197e-244       570.97835       76.528479       2.1366612      -1.1366612       5.1929569        5.1929569       1131.5708       1131.5708
 1.8126927e-244       570.95966       68.209501       2.6830455      -1.6830455       5.1929569        5.1929569       1131.5334       1131.5334
 6.2639425e-244       569.71966       67.349478       2.7471063      -1.7471063       5.1929569        5.1929569       1129.0534       1129.0534
 1.2419433e-243       569.03521       82.244135       1.8467557     -0.84675571       5.1929569        5.1929569       1127.6845       1127.6845
 1.0084812e-240       562.33568       90.045704       1.5268528     -0.52685281       5.1929569        5.1929569       1114.2855       1114.2855
 1.1527946e-240       562.20194       65.129736       2.9091587      -1.9091587       5.1929569        5.1929569        1114.018        1114.018
 3.0925673e-240       561.21513       71.535532       2.4148748      -1.4148748       5.1929569        5.1929569       1112.0443       1112.0443
 5.7214484e-240       560.59991       77.497318       2.0589782      -1.0589782       5.1929569        5.1929569       1110.8139       1110.8139
 1.9456314e-239       559.37596       88.481857       1.5764702     -0.57647021       5.1929569        5.1929569        1108.366        1108.366
 3.0448362e-239        558.9281       87.921677       1.5959868     -0.59598685       5.1929569        5.1929569       1107.4703       1107.4703
 4.5597478e-239       558.52428       68.456954       2.6257817      -1.6257817       5.1929569        5.1929569       1106.6626       1106.6626
 6.7747773e-239       558.12834       81.904354       1.8386018     -0.83860178       5.1929569        5.1929569       1105.8708       1105.8708
 7.7370767e-239       557.99552       90.706308        1.496704     -0.49670399       5.1929569        5.1929569       1105.6051       1105.6051
 1.2063676e-238       557.55135       70.306631        2.488324       -1.488324       5.1929569        5.1929569       1104.7168       1104.7168
 1.5786719e-238       557.28238        88.65107       1.5665173     -0.56651729       5.1929569        5.1929569       1104.1788       1104.1788
 1.9462028e-238       557.07308       87.116963        1.622324     -0.62232402       5.1929569        5.1929569       1103.7602       1103.7602
 3.1697873e-238        556.5853       71.359485       2.4135566      -1.4135566       5.1929569        5.1929569       1102.7847       1102.7847
  3.993374e-238       556.35432        65.60225       2.8484732      -1.8484732       5.1929569        5.1929569       1102.3227       1102.3227
 6.7338115e-238       555.83182       85.293695       1.6904344     -0.69043439       5.1929569        5.1929569       1101.2777       1101.2777
 6.3780246e-237       553.58352       79.653627       1.9334524     -0.93345238       5.1929569        5.1929569       1096.7811       1096.7811
 2.3573746e-236       552.27624       75.406752       2.1527797      -1.1527797       5.1929569        5.1929569       1094.1666       1094.1666
 4.3757559e-236       551.65771       69.333566       2.5400575      -1.5400575       5.1929569        5.1929569       1092.9295       1092.9295
 1.2881415e-235         550.578       69.779046       2.5049384      -1.5049384       5.1929569        5.1929569       1090.7701       1090.7701
 2.9606576e-234       547.44321       68.149343       2.6147608      -1.6147608       5.1929569        5.1929569       1084.5005       1084.5005
 2.1922956e-233       545.44109       80.192286       1.8892444     -0.88924439       5.1929569        5.1929569       1080.4963       1080.4963
 2.8859032e-233        545.1662        71.36197       2.3809641      -1.3809641       5.1929569        5.1929569       1079.9465       1079.9465
 3.3276002e-233       545.02378       88.131919       1.5622135     -0.56221353       5.1929569        5.1929569       1079.6617       1079.6617
 1.1204839e-232       543.80969       65.234347       2.8376057      -1.8376057       5.1929569        5.1929569       1077.2335       1077.2335
 1.5125192e-232       543.50967       74.781652       2.1659097      -1.1659097       5.1929569        5.1929569       1076.6334       1076.6334
 1.2168516e-231        541.4246       64.614487       2.8831585      -1.8831585       5.1929569        5.1929569       1072.4633       1072.4633
 2.0334018e-231       540.91115       72.456392       2.2985992      -1.2985992       5.1929569        5.1929569       1071.4364       1071.4364
 2.8225026e-231       540.58324       81.354973       1.8249996     -0.82499959       5.1929569        5.1929569       1070.7806       1070.7806
 3.2295396e-231       540.44852       70.708942       2.4109395      -1.4109395       5.1929569        5.1929569       1070.5111       1070.5111
  4.821851e-231       540.04771       79.097313       1.9292353     -0.92923533       5.1929569        5.1929569       1069.7095       1069.7095
  1.683333e-229       536.49492        72.48601       2.2845298      -1.2845298       5.1929569        5.1929569       1062.6039       1062.6039
  1.984565e-228       534.02771       77.748551       1.9819657     -0.98196574       5.1929569        5.1929569       1057.6695       1057.6695
 9.5214738e-228       532.45956       78.596641       1.9358997     -0.93589971       5.1929569        5.1929569       1054.5332       1054.5332
 1.2415736e-227       532.19414       68.515327       2.5401596      -1.5401596       5.1929569        5.1929569       1054.0024       1054.0024
 1.5158756e-227       531.99453       66.236953       2.7145738      -1.7145738       5.1929569        5.1929569       1053.6031       1053.6031
 2.7702796e-227       531.39158       69.226902        2.486467       -1.486467       5.1929569        5.1929569       1052.3972       1052.3972
 1.3636545e-226       529.79777       72.116029       2.2890348      -1.2890348       5.1929569        5.1929569       1049.2096       1049.2096
 2.1214616e-226       529.35583       83.482367       1.7094882     -0.70948824       5.1929569        5.1929569       1048.3258       1048.3258
 3.0468354e-226       528.99384       63.211514       2.9652196      -1.9652196       5.1929569        5.1929569       1047.6018       1047.6018
 1.9998873e-225       527.11226       98.184029       1.2255317     -0.22553165       5.1929569        5.1929569       1043.8386       1043.8386
   2.42728e-225       526.91858       69.361253       2.4634286      -1.4634286       5.1929569        5.1929569       1043.4513       1043.4513
 1.2845811e-224       525.25234       67.718476       2.5773914      -1.5773914       5.1929569        5.1929569       1040.1188       1040.1188
 2.0532917e-224       524.78332          64.244       2.8573745      -1.8573745       5.1929569        5.1929569       1039.1807       1039.1807
 2.4378225e-224       524.61166        68.20148       2.5395203      -1.5395203       5.1929569        5.1929569       1038.8374       1038.8374
 1.3326594e-223       522.91301       85.528209       1.6153426     -0.61534264       5.1929569        5.1929569       1035.4401       1035.4401
 3.1775891e-223       522.04406       74.999017       2.0978631      -1.0978631       5.1929569        5.1929569       1033.7022       1033.7022
 1.1423915e-222       520.76447       81.460623       1.7765788     -0.77657879       5.1929569        5.1929569        1031.143        1031.143
 1.6429416e-222       520.40111       86.446087       1.5760037     -0.57600365       5.1929569        5.1929569       1030.4163       1030.4163
  2.502014e-222        519.9805       95.569739        1.284104     -0.28410401       5.1929569        5.1929569       1029.5751       1029.5751
 6.9401417e-221       516.65769       68.422122       2.4985771      -1.4985771       5.1929569        5.1929569       1022.9295       1022.9295
  8.139787e-221       516.49825       68.735816       2.4756436      -1.4756436       5.1929569        5.1929569       1022.6106       1022.6106
 5.2774091e-220       514.62899       85.696146       1.5923513     -0.59235132       5.1929569        5.1929569       1018.8721       1018.8721
 4.4458826e-219       512.49786       92.695189       1.3541625     -0.35416253       5.1929569        5.1929569       1014.6098       1014.6098
 6.7679513e-219       512.07764       62.988985       2.9236165      -1.9236165       5.1929569        5.1929569       1013.7694       1013.7694
 7.7131984e-219       511.94691       75.669371       2.0352766      -1.0352766       5.1929569        5.1929569       1013.5079       1013.5079
 1.3240689e-218       511.40655        64.17917       2.8156021      -1.8156021       5.1929569        5.1929569       1012.4272       1012.4272
 2.7545762e-218       510.67399       82.608343       1.7057172     -0.70571715       5.1929569        5.1929569       1010.9621       1010.9621
 1.9362123e-217       508.72394       72.403841       2.2122452      -1.2122452       5.1929569        5.1929569        1007.062        1007.062
 2.0203822e-217       508.68139       67.688645       2.5267317      -1.5267317       5.1929569        5.1929569       1006.9769       1006.9769
 1.0274794e-216       507.05498       94.489412       1.2929202      -0.2929202       5.1929569        5.1929569        1003.724        1003.724
 6.3836189e-216       505.22835       85.694015       1.5735032     -0.57350324       5.1929569        5.1929569       1000.0708       1000.0708
  9.332463e-216       504.84859       85.574005       1.5771876     -0.57718758       5.1929569        5.1929569       999.31126       999.31126
 3.9012902e-215        503.4182       92.329144       1.3493133     -0.34931326       5.1929569        5.1929569       996.45048       996.45048
 1.6347485e-213       499.68284       69.212138       2.3906084      -1.3906084       5.1929569        5.1929569       988.97977       988.97977
 6.5078085e-213       498.30133       69.526179       2.3651361      -1.3651361       5.1929569        5.1929569       986.21675       986.21675
 1.1010516e-212       497.77548       65.032171       2.6960804      -1.6960804       5.1929569        5.1929569       985.16505       985.16505
 5.1866829e-212       496.22565       69.232673       2.3785785      -1.3785785       5.1929569        5.1929569       982.06539       982.06539
 1.5110677e-210       492.85376       98.926662       1.1541752     -0.15417524       5.1929569        5.1929569       975.32161       975.32161
  8.219844e-210       491.16003       62.970114       2.8477816      -1.8477816       5.1929569        5.1929569       971.93414       971.93414
 1.4783441e-209       490.57307       83.885627       1.6116347      -0.6116347       5.1929569        5.1929569       970.76023       970.76023
 2.2039959e-209       490.17372       92.258873       1.3281596      -0.3281596       5.1929569        5.1929569       969.96153       969.96153
 2.4888473e-209       490.05217        70.92399       2.2497485      -1.2497485       5.1929569        5.1929569       969.71843       969.71843
 2.7359799e-209        489.9575       97.798081       1.1774662     -0.17746624       5.1929569        5.1929569       969.52909       969.52909
 5.0749597e-209       489.33967        79.69058       1.7832781     -0.78327806       5.1929569        5.1929569       968.29343       968.29343
 6.9314717e-208       486.72533       74.757719       2.0182312      -1.0182312       5.1929569        5.1929569       963.06476       963.06476
 4.2492044e-207       484.91209       65.552545       2.6099331      -1.6099331       5.1929569        5.1929569       959.43827       959.43827
 7.8171903e-207        484.3025       64.838929        2.664583       -1.664583       5.1929569        5.1929569       958.21908       958.21908
 4.4935286e-206        482.5536       82.341926       1.6552796     -0.65527964       5.1929569        5.1929569       954.72128       954.72128
  5.698879e-206       482.31597       74.176827       2.0378081      -1.0378081       5.1929569        5.1929569       954.24602       954.24602
 1.1888503e-205       481.58066       78.102849       1.8374332     -0.83743324       5.1929569        5.1929569       952.77542       952.77542
 2.7799295e-205       480.73123       78.366095       1.8230879     -0.82308795       5.1929569        5.1929569       951.07654       951.07654
 1.3017322e-204       479.18737       78.534658       1.8115618     -0.81156178       5.1929569        5.1929569       947.98883       947.98883
 3.5919697e-204       478.17237       61.482649       2.9338024      -1.9338024       5.1929569        5.1929569       945.95882       945.95882
 3.1876165e-203       475.98921       69.710057       2.2848577      -1.2848577       5.1929569        5.1929569        941.5925        941.5925
 6.3569303e-202       472.99635       66.658028       2.4856224      -1.4856224       5.1929569        5.1929569       935.60679       935.60679
 1.0134805e-201       472.52992       77.666055       1.8357034     -0.83570342       5.1929569        5.1929569       934.67393       934.67393
 1.0226314e-201       472.52093       99.519961       1.1087776     -0.10877763       5.1929569        5.1929569       934.65595       934.65595
 1.4690699e-201       472.15868        68.56264        2.348775       -1.348775       5.1929569        5.1929569       933.93145       933.93145
 4.0028087e-201       471.15632       94.537576       1.2311999     -0.23119991       5.1929569        5.1929569       931.92672       931.92672
  5.281297e-201       470.87914       71.755011       2.1432105      -1.1432105       5.1929569        5.1929569       931.37237       931.37237
 8.7905818e-201       470.36963       70.721167       2.2040638      -1.2040638       5.1929569        5.1929569       930.35335       930.35335
  1.368998e-200       469.92665       76.435861       1.8883296     -0.88832957       5.1929569        5.1929569       929.46738       929.46738
 1.0547386e-199       467.88485       80.983182       1.6779637     -0.67796375       5.1929569        5.1929569       925.38378       925.38378
 4.9324703e-198       464.03972       72.330148       2.0900931      -1.0900931       5.1929569        5.1929569       917.69352       917.69352
 1.6050744e-197        462.8598       61.557192       2.8666726      -1.8666726       5.1929569        5.1929569       915.33369       915.33369
  2.055805e-197        462.6123       78.764621       1.7610459     -0.76104595       5.1929569        5.1929569       914.83869       914.83869
 2.8591727e-197       462.28244       67.455271       2.3929782      -1.3929782       5.1929569        5.1929569       914.17896       914.17896
 1.3527025e-195        458.4257       67.015548       2.4111447      -1.4111447       5.1929569        5.1929569       906.46548       906.46548
 1.9317171e-195       458.06939       73.437703       2.0115368      -1.0115368       5.1929569        5.1929569       905.75287       905.75287
 2.1072487e-195       457.98242       62.027613       2.8052152      -1.8052152       5.1929569        5.1929569       905.57892       905.57892
 2.7869643e-195       457.70285       78.806694       1.7472838     -0.74728385       5.1929569        5.1929569       905.01978       905.01978
 3.2986027e-195        457.5343       76.293281       1.8634374     -0.86343738       5.1929569        5.1929569       904.68269       904.68269
 3.7854603e-195       457.39663       67.300977       2.3876477      -1.3876477       5.1929569        5.1929569       904.40735       904.40735
 3.0194871e-194       455.32013       86.657204       1.4388248     -0.43882476       5.1929569        5.1929569       900.25434       900.25434
 5.3088219e-194       454.75585       75.148833         1.91287     -0.91286995       5.1929569        5.1929569       899.12578       899.12578
 2.4724585e-193       453.21742       69.623033       2.2202785      -1.2202785       5.1929569        5.1929569       896.04892       896.04892
 2.8579334e-193       453.07253       79.110025       1.7227791     -0.72277914       5.1929569        5.1929569       895.75915       895.75915
 4.7931172e-193       452.55545       63.841568       2.6309286      -1.6309286       5.1929569        5.1929569       894.72499       894.72499
 1.0011585e-192       451.81889       60.914474       2.8817515      -1.8817515       5.1929569        5.1929569       893.25186       893.25186
 1.3245943e-192       451.53894       81.381443       1.6243751     -0.62437514       5.1929569        5.1929569       892.69196       892.69196
 4.7085206e-192       450.27067        91.09352       1.2904696     -0.29046963       5.1929569        5.1929569       890.15543       890.15543
 6.8354526e-192       449.89792       66.364131       2.4288966      -1.4288966       5.1929569        5.1929569       889.40993       889.40993
 1.5324171e-190       446.78803       94.487087       1.1909659     -0.19096588       5.1929569        5.1929569       883.19014       883.19014
   5.29474e-190       445.54816       59.724005       2.9689973      -1.9689973       5.1929569        5.1929569       880.71041       880.71041
 1.3054792e-189       444.64572       61.218761       2.8249578      -1.8249578       5.1929569        5.1929569       878.90553       878.90553
 1.9422489e-189       444.24844       93.998791       1.1993761     -0.19937609       5.1929569        5.1929569       878.11097       878.11097
 5.0320701e-189       443.29646        61.58652       2.7866177      -1.7866177       5.1929569        5.1929569         876.207         876.207
 1.4469109e-188       442.24027       66.982091       2.3592882      -1.3592882       5.1929569        5.1929569       874.09463       874.09463
 1.6091178e-188       442.13402       97.276067       1.1136156     -0.11361562       5.1929569        5.1929569       873.88212       873.88212
 2.2856104e-187       439.48049       73.367459       1.9633002     -0.96330016       5.1929569        5.1929569       868.57506       868.57506
 5.6614764e-186       436.27085       79.076334       1.6835493     -0.68354928       5.1929569        5.1929569       862.15579       862.15579
 5.7579927e-186       436.25395       63.460941       2.6010315      -1.6010315       5.1929569        5.1929569       862.12198       862.12198
 8.9478099e-186       435.81313       93.491231       1.1980247     -0.19802468       5.1929569        5.1929569       861.24034       861.24034
 9.1729458e-185       433.48569       69.832691       2.1460771      -1.1460771       5.1929569        5.1929569       856.58547       856.58547
 9.8161889e-185       433.41792       80.197832       1.6300188     -0.63001876       5.1929569        5.1929569       856.44992       856.44992
 1.1655004e-184       433.24621       61.998491       2.7109283      -1.7109283       5.1929569        5.1929569       856.10651       856.10651
 1.6539421e-183       430.59362       95.473905       1.1382483     -0.13824827       5.1929569        5.1929569       850.80132       850.80132
 1.7407823e-183       430.54245       72.028643       2.0100976      -1.0100976       5.1929569        5.1929569       850.69898       850.69898
 1.9570424e-183       430.42535       64.391736        2.506436       -1.506436       5.1929569        5.1929569       850.46478       850.46478
 2.6950746e-183       430.10535       63.116066       2.6056266      -1.6056266       5.1929569        5.1929569       849.82479       849.82479
  7.768345e-183       429.04672       81.853136       1.5546011     -0.55460107       5.1929569        5.1929569       847.70753       847.70753
 2.3868246e-182       427.92423         81.6212       1.5609129     -0.56091293       5.1929569        5.1929569       845.46255       845.46255
 1.8909087e-181       425.85455       78.383936       1.6875536     -0.68755358       5.1929569        5.1929569       841.32319       841.32319
 1.0869051e-180       424.10569       74.852347        1.845067     -0.84506697       5.1929569        5.1929569       837.82547       837.82547
  6.494134e-180       422.31813       85.362471       1.4142265     -0.41422652       5.1929569        5.1929569       834.25034       834.25034
 8.5297419e-179       419.74288       80.707321       1.5773507      -0.5773507       5.1929569        5.1929569       829.09985       829.09985
  1.999677e-177       416.58828       98.862977       1.0359318    -0.035931794       5.1929569        5.1929569       822.79065       822.79065
 4.7867332e-177       415.71542       86.628722       1.3590457     -0.35904568       5.1929569        5.1929569       821.04493       821.04493
 7.3690977e-177       415.28397       76.449691       1.7460874     -0.74608738       5.1929569        5.1929569       820.18203       820.18203
 9.4314827e-177       415.03722       62.047962       2.6347678      -1.6347678       5.1929569        5.1929569       819.68852       819.68852
 2.1558212e-176       414.21051       61.560603       2.6724672      -1.6724672       5.1929569        5.1929569       818.03511       818.03511
 3.0200647e-176       413.87341       76.749357        1.728857     -0.72885696       5.1929569        5.1929569        817.3609        817.3609
 1.3396048e-175       412.38372       64.249835       2.4507489      -1.4507489       5.1929569        5.1929569       814.38153       814.38153
 2.5449876e-175       411.74197       76.430997       1.7376262     -0.73762621       5.1929569        5.1929569       813.09803       813.09803
 3.9375381e-175       411.30554       85.245075       1.3947946     -0.39479464       5.1929569        5.1929569       812.22517       812.22517
 4.9186116e-175       411.08307       70.693462       2.0264242      -1.0264242       5.1929569        5.1929569       811.78023       811.78023
 2.3527473e-174       409.51793       97.094038        1.064191    -0.064191033       5.1929569        5.1929569       808.64995       808.64995
 1.1529041e-173       407.92864       63.006204       2.5293717      -1.5293717       5.1929569        5.1929569       805.47138       805.47138
 1.4257409e-173       407.71624       69.926754       2.0599659      -1.0599659       5.1929569        5.1929569       805.04656       805.04656
 9.1744804e-173        405.8545       58.241425       2.9410245      -1.9410245       5.1929569        5.1929569       801.32309       801.32309
  1.598571e-172       405.29923       86.599764       1.3384455     -0.33844555       5.1929569        5.1929569       800.21255       800.21255
 4.1022985e-172        404.3568       61.190367       2.6639226      -1.6639226       5.1929569        5.1929569       798.32768       798.32768
 5.3500915e-172       404.09123        59.28696       2.8327324      -1.8327324       5.1929569        5.1929569       797.79655       797.79655
 9.1951577e-172       403.54967       76.419331       1.7165445     -0.71654453       5.1929569        5.1929569       796.71342       796.71342
  1.598614e-171       402.99662       98.803537        1.015359    -0.015359034       5.1929569        5.1929569       795.60733       795.60733
 2.1107822e-171        402.7187        95.25394       1.0958259    -0.095825891       5.1929569        5.1929569       795.05149       795.05149
  5.352201e-171       401.78825       78.322263       1.6298978      -0.6298978       5.1929569        5.1929569       793.19059       793.19059
 5.4933263e-171       401.76222       87.644979       1.2989733     -0.29897329       5.1929569        5.1929569       793.13854       793.13854
 6.4691043e-170       399.29614       84.181271       1.4044154      -0.4044154       5.1929569        5.1929569       788.20636       788.20636
 8.6431262e-169       396.70382       83.908697        1.407926     -0.40792597       5.1929569        5.1929569       783.02173       783.02173
 6.1862272e-168       394.73568       61.311197       2.6142412      -1.6142412       5.1929569        5.1929569       779.08544       779.08544
 2.3430053e-167       393.40398       77.500881       1.6429474      -0.6429474       5.1929569        5.1929569       776.42205       776.42205
 6.5829138e-167       392.37094       58.012431        2.902067       -1.902067       5.1929569        5.1929569       774.35597       774.35597
 3.9797487e-166       390.57161       60.474625        2.667903       -1.667903       5.1929569        5.1929569       770.75732       770.75732
 6.4201903e-166       390.09339       68.770628       2.0713528      -1.0713528       5.1929569        5.1929569       769.80086       769.80086
 7.5078315e-165        387.6343       65.335269       2.2821295      -1.2821295       5.1929569        5.1929569       764.88269       764.88269
 1.2572232e-164       387.11876        71.18233       1.9260042     -0.92600424       5.1929569        5.1929569        763.8516        763.8516
 1.9043208e-164       386.70354       74.977174       1.7364235     -0.73642352       5.1929569        5.1929569       763.02116       763.02116
 2.5580164e-164       386.40843       94.242136       1.0914995    -0.091499494       5.1929569        5.1929569       762.43095       762.43095
 7.3070335e-163       383.05624       58.239361       2.8374537      -1.8374537       5.1929569        5.1929569       755.72657       755.72657
 1.3187998e-162       382.46577       68.574852       2.0578316      -1.0578316       5.1929569        5.1929569       754.54563       754.54563
 1.9517315e-162       382.07378       77.873392       1.5981672     -0.59816725       5.1929569        5.1929569       753.76164       753.76164
 2.0963365e-162        382.0023       83.304327       1.3955198     -0.39551982       5.1929569        5.1929569       753.61869       753.61869
 1.2116958e-161       380.24789       78.361588       1.5736669     -0.57366686       5.1929569        5.1929569       750.10986       750.10986
 9.7587725e-161       378.16174       67.071926       2.1346932      -1.1346932       5.1929569        5.1929569       745.93757       745.93757
 1.3209813e-160       377.85895       93.295007       1.0990872    -0.099087174       5.1929569        5.1929569       745.33198       745.33198
 5.1693976e-160       376.49457       96.515928       1.0214632     -0.02146316       5.1929569        5.1929569       742.60322       742.60322
 5.0268237e-158       371.91736       59.925934       2.6351162      -1.6351162       5.1929569        5.1929569       733.44881       733.44881
 2.3103635e-157       370.39216       61.363367       2.5094134      -1.5094134       5.1929569        5.1929569       730.39841       730.39841
 3.1047224e-157       370.09664       80.795462       1.4555699     -0.45556987       5.1929569        5.1929569       729.80737       729.80737
 3.6826544e-157       369.92593       71.963086       1.8330359     -0.83303593       5.1929569        5.1929569       729.46595       729.46595
 9.7669692e-157       368.95056       61.616649       2.4833242      -1.4833242       5.1929569        5.1929569       727.51521       727.51521
 1.1086311e-156       368.82386       68.973724       1.9896319     -0.98963191       5.1929569        5.1929569        727.2618        727.2618
 3.7287666e-156        367.6109        86.52613       1.2616811      -0.2616811       5.1929569        5.1929569        724.8359        724.8359
 1.5568946e-154       363.87912       65.150216       2.2075089      -1.2075089       5.1929569        5.1929569       717.37232       717.37232
 4.5490288e-154        362.8069       65.098643       2.2069638      -1.2069638       5.1929569        5.1929569       715.22788       715.22788
 1.4634358e-153       361.63844       85.961443       1.2657802     -0.26578023       5.1929569        5.1929569       712.89097       712.89097
 3.1489417e-153       360.87216       56.046058       2.9479056      -1.9479056       5.1929569        5.1929569       711.35841       711.35841
 2.0726053e-152       358.98784       63.462802       2.3049643      -1.3049643       5.1929569        5.1929569       707.58976       707.58976
 2.1332208e-152       358.95901        68.65463       1.9749666     -0.97496663       5.1929569        5.1929569        707.5321        707.5321
 5.5320339e-151        355.7035       70.710251        1.852995     -0.85299501       5.1929569        5.1929569       701.02109       701.02109
 6.7171297e-151        355.5094        69.40687       1.9216771     -0.92167706       5.1929569        5.1929569       700.63288       700.63288
 1.2799024e-150       354.86469       64.974147       2.1856062      -1.1856062       5.1929569        5.1929569       699.34346       699.34346
 2.6812004e-150       354.12521       73.035378       1.7333588     -0.73335882       5.1929569        5.1929569        697.8645        697.8645
 3.0879137e-150       353.98398       66.353553       2.0941331      -1.0941331       5.1929569        5.1929569       697.58204       697.58204
 1.5770955e-149        352.3533       77.720928       1.5268154     -0.52681542       5.1929569        5.1929569       694.32069       694.32069
 2.8797889e-149       351.75117       59.040693       2.6218817      -1.6218817       5.1929569        5.1929569       693.11643       693.11643
 3.0880837e-149       351.68134       55.745631       2.9322765      -1.9322765       5.1929569        5.1929569       692.97676       692.97676
 1.0073578e-147       348.19639       55.024051       2.9894324      -1.9894324       5.1929569        5.1929569       686.00686       686.00686
 3.5865132e-147       346.92654       75.631402        1.597075     -0.59707497       5.1929569        5.1929569       683.46716       683.46716
 4.1724308e-147       346.77522       82.493362       1.3412526     -0.34125262       5.1929569        5.1929569       683.16452       683.16452
  6.008323e-147       346.41057       87.290056       1.1946804     -0.19468036       5.1929569        5.1929569       682.43523       682.43523
 8.9841221e-147       346.00826       57.622505       2.7218475      -1.7218475       5.1929569        5.1929569        681.6306        681.6306
 4.3828351e-146       344.42344       91.007061        1.092366    -0.092365961       5.1929569        5.1929569       678.46096       678.46096
 5.4104725e-146       344.21279       56.256514       2.8431502      -1.8431502       5.1929569        5.1929569       678.03968       678.03968
 1.0555645e-145       343.54447       58.580993        2.624242       -1.624242       5.1929569        5.1929569       676.70303       676.70303
  1.363414e-145       343.28855        56.22554       2.8415513      -1.8415513       5.1929569        5.1929569       676.19119       676.19119
 6.2983153e-145       341.75826       72.989727       1.6985479     -0.69854787       5.1929569        5.1929569       673.13061       673.13061
 9.3830456e-145       341.35964       85.345346       1.2398167     -0.23981668       5.1929569        5.1929569       672.33337       672.33337
 5.3763293e-144       339.61396       74.340771       1.6315858     -0.63158581       5.1929569        5.1929569         668.842         668.842
 8.1716793e-143        336.8927       61.224285       2.3792692      -1.3792692       5.1929569        5.1929569       663.39949       663.39949
 1.7927207e-142       336.10706       59.742102       2.4923887      -1.4923887       5.1929569        5.1929569        661.8282        661.8282
 3.6968657e-142       335.38331       82.118297       1.3264727     -0.32647274       5.1929569        5.1929569        660.3807        660.3807
 1.0816965e-141       334.30968       94.407311      0.99330358    0.0066964232       5.1929569        5.1929569       658.23344       658.23344
   1.45429e-141       334.01369       62.283557       2.2889341      -1.2889341       5.1929569        5.1929569       657.64146       657.64146
 3.8183853e-139       328.44321       88.364615        1.127655     -0.12765504       5.1929569        5.1929569        646.5005        646.5005
 5.0494018e-139       328.16377       97.867682      0.90975521     0.090244788       5.1929569        5.1929569       645.94162       645.94162
 7.9512227e-139       327.70971       89.583678       1.0946806    -0.094680631       5.1929569        5.1929569       645.03351       645.03351
 8.7591769e-139       327.61293       95.043096      0.96714586     0.032854144       5.1929569        5.1929569       644.83995       644.83995
 1.0524721e-138       327.42931       99.613308      0.87467034      0.12532966       5.1929569        5.1929569        644.4727        644.4727
 3.1359308e-138       326.33752       62.132022       2.2679368      -1.2679368       5.1929569        5.1929569       642.28914       642.28914
 1.1034143e-137       325.07946       75.048439        1.559547     -0.55954696       5.1929569        5.1929569         639.773         639.773
 2.1156132e-137       324.42852        76.20675       1.5108118     -0.51081177       5.1929569        5.1929569       638.47113       638.47113
 9.0912529e-137       322.97055       74.929832       1.5583819     -0.55838194       5.1929569        5.1929569       635.55519       635.55519
 2.2024257e-136       322.08572       66.122229       1.9919267      -0.9919267       5.1929569        5.1929569       633.78553       633.78553
 4.8559299e-136       321.29508         74.8336       1.5575216     -0.55752164       5.1929569        5.1929569       632.20425       632.20425
 7.1256245e-136       320.91158        93.22067      0.99464499    0.0053550054       5.1929569        5.1929569       631.43725       631.43725
 8.2080262e-136       320.77017       89.440143        1.084071    -0.084071009       5.1929569        5.1929569       631.15442       631.15442
  9.003175e-136        320.6777        65.72768       2.0101934      -1.0101934       5.1929569        5.1929569       630.96949       630.96949
 1.3366633e-135       320.28252       84.497036       1.2173251     -0.21732509       5.1929569        5.1929569       630.17912       630.17912
  1.604644e-135       320.09979       78.606353       1.4084909     -0.40849086       5.1929569        5.1929569       629.81367       629.81367
  7.363848e-135       318.57611       97.700346       0.8963741       0.1036259       5.1929569        5.1929569       626.76631       626.76631
 1.2437228e-134         318.052       72.754571       1.6372769     -0.63727688       5.1929569        5.1929569       625.71809       625.71809
 3.2142714e-134       317.10251       83.842305       1.2293626      -0.2293626       5.1929569        5.1929569       623.81911       623.81911
 8.7169412e-134       316.10484       85.477252       1.1795875     -0.17958751       5.1929569        5.1929569       621.82377       621.82377
 3.0268358e-132       312.55742       84.388711       1.2026956     -0.20269564       5.1929569        5.1929569       614.72893       614.72893
 3.8976508e-132       312.30457       93.105411       0.9807428     0.019257199       5.1929569        5.1929569       614.22322       614.22322
 4.6300528e-132       312.13237       77.230753       1.4374362     -0.43743623       5.1929569        5.1929569       613.87883       613.87883
 5.9289268e-132        311.8851       87.167715        1.123947     -0.12394699       5.1929569        5.1929569       613.38428       613.38428
 2.2966358e-131       310.53091       71.878144       1.6533695     -0.65336954       5.1929569        5.1929569       610.67591       610.67591
 3.1346442e-131       310.21984       55.176323       2.7728983      -1.7728983       5.1929569        5.1929569       610.05376       610.05376
 5.3927697e-131        309.6773       54.428651       2.8444234      -1.8444234       5.1929569        5.1929569       608.96868       608.96868
 7.2237004e-131       309.38499       97.950257       0.8754125       0.1245875       5.1929569        5.1929569       608.38406       608.38406
 9.7464944e-131       309.08545       83.110067       1.2324113     -0.23241131       5.1929569        5.1929569       607.78498       607.78498
 4.5959426e-130        307.5346       76.034815       1.4699781     -0.46997807       5.1929569        5.1929569       604.68328       604.68328
  9.548516e-130       306.80338       61.860089       2.2047102      -1.2047102       5.1929569        5.1929569       603.22085       603.22085
 1.2316009e-129       306.54887       67.061633       1.8813274     -0.88132738       5.1929569        5.1929569       602.71183       602.71183
 1.3396647e-129       306.46477       96.317904      0.90219538     0.097804623       5.1929569        5.1929569       602.54362       602.54362
 1.6425061e-129       306.26096       79.765016       1.3319928     -0.33199283       5.1929569        5.1929569       602.13601       602.13601
   2.08489e-129       306.02247       74.967479       1.5076189     -0.50761888       5.1929569        5.1929569       601.65902       601.65902
 3.0628825e-129       305.63783       62.890937       2.1298402      -1.1298402       5.1929569        5.1929569       600.88974       600.88974
 4.4519845e-129       305.26383       60.293982       2.3109205      -1.3109205       5.1929569        5.1929569       600.14176       600.14176
 9.6656873e-129        304.4886       84.827128       1.1714915     -0.17149155       5.1929569        5.1929569       598.59129       598.59129
 1.0223986e-128       304.43245       84.309257        1.186119     -0.18611904       5.1929569        5.1929569       598.47898       598.47898
 1.8039595e-128       303.86462       73.679505       1.5540035     -0.55400354       5.1929569        5.1929569       597.34332       597.34332
 1.1967024e-127       301.97244       67.212051       1.8564684     -0.85646836       5.1929569        5.1929569       593.55898       593.55898
 1.4102766e-127       301.80823       60.179751       2.3038643      -1.3038643       5.1929569        5.1929569       593.23054       593.23054
 1.4334472e-127       301.79193       63.003297       2.1065612      -1.1065612       5.1929569        5.1929569       593.19795       593.19795
 2.4364187e-127       301.26149       85.551904       1.1439221     -0.14392212       5.1929569        5.1929569       592.13706       592.13706
 5.0521365e-127        300.5322       96.899236      0.87998851      0.12001149       5.1929569        5.1929569       590.67849       590.67849
 1.1308166e-126       299.72649       76.775701       1.4199305     -0.41993052       5.1929569        5.1929569       589.06706       589.06706
 1.1568041e-126       299.70377       62.258379       2.1472554      -1.1472554       5.1929569        5.1929569       589.02162       589.02162
 1.4988056e-126       299.44476       66.266003       1.8994327     -0.89943274       5.1929569        5.1929569       588.50361       588.50361
 3.5225578e-126       298.59024       66.790276       1.8671188      -0.8671188       5.1929569        5.1929569       586.79457       586.79457
 6.4253774e-126       297.98917       98.926036      0.83717865      0.16282135       5.1929569        5.1929569       585.59243       585.59243
  1.178409e-125       297.38268       54.281876       2.7910598      -1.7910598       5.1929569        5.1929569       584.37944       584.37944
   3.33716e-125       296.34172       54.168783       2.7965436      -1.7965436       5.1929569        5.1929569       582.29753       582.29753
 3.6273497e-125       296.25834       55.308458       2.6852945      -1.6852945       5.1929569        5.1929569       582.13077       582.13077
 4.4087928e-125       296.06324       59.750129       2.3098287      -1.3098287       5.1929569        5.1929569       581.74057       581.74057
 5.4001112e-125       295.86042       69.691103       1.7079464      -0.7079464       5.1929569        5.1929569       581.33494       581.33494
  7.453409e-125       295.53817       76.771126       1.4083371     -0.40833713       5.1929569        5.1929569       580.69043       580.69043
 2.7503153e-124       294.23254       57.509343       2.4791007      -1.4791007       5.1929569        5.1929569       578.07917       578.07917
 3.3539847e-124       294.03411       75.124861       1.4662776     -0.46627762       5.1929569        5.1929569       577.68231       577.68231
 4.3187717e-124       293.78129       54.552722       2.7442802      -1.7442802       5.1929569        5.1929569       577.17666       577.17666
 8.7642964e-124       293.07357       58.467375       2.3951064      -1.3951064       5.1929569        5.1929569       575.76123       575.76123
 1.4681108e-123        292.5577       74.710109       1.4781669      -0.4781669       5.1929569        5.1929569       574.72948       574.72948
 4.0574772e-123       291.54111       63.161659       2.0539539      -1.0539539       5.1929569        5.1929569       572.69631       572.69631
 4.9731255e-123       291.33763       56.022539       2.5933433      -1.5933433       5.1929569        5.1929569       572.28934       572.28934
 1.2832563e-122       290.38969       92.682562      0.94728764     0.052712359       5.1929569        5.1929569       570.39346       570.39346
 2.3928782e-122       289.76659       91.170155      0.97939671     0.020603293       5.1929569        5.1929569       569.14727       569.14727
 3.2911901e-122       289.44784       93.285863      0.93254353      0.06745647       5.1929569        5.1929569       568.50977       568.50977
 3.3284402e-122       289.43659       82.639934       1.1988851     -0.19888515       5.1929569        5.1929569       568.48726       568.48726
 4.7678055e-122        289.0772       91.040811      0.98090923     0.019090768       5.1929569        5.1929569       567.76849       567.76849
 4.8743818e-122        289.0551        67.34712       1.8021848     -0.80218481       5.1929569        5.1929569       567.72428       567.72428
 2.6327467e-121       287.36848       82.321126       1.2032368     -0.20323685       5.1929569        5.1929569       564.35104       564.35104
 2.6560768e-121       287.35965       68.592847       1.7323706     -0.73237057       5.1929569        5.1929569       564.33339       564.33339
 6.8923622e-121       286.40609       58.648561       2.3486554      -1.3486554       5.1929569        5.1929569       562.42627       562.42627
 5.3400616e-120       284.35868       76.600204       1.3829018     -0.38290175       5.1929569        5.1929569       558.33145       558.33145
 1.0922432e-119        283.6431       85.161976       1.1139645     -0.11396449       5.1929569        5.1929569       556.90029       556.90029
 1.2179915e-119       283.53413       55.813159       2.5707316      -1.5707316       5.1929569        5.1929569       556.68235       556.68235
 1.2714702e-119       283.49116        63.55779       1.9959558     -0.99595582       5.1929569        5.1929569       556.59641       556.59641
  1.485197e-119       283.33579       54.784748       2.6640951      -1.6640951       5.1929569        5.1929569       556.28566       556.28566
 2.4914772e-119       282.81846        74.27548       1.4660411     -0.46604115       5.1929569        5.1929569         555.251         555.251
 2.6629349e-119        282.7519       55.253964       2.6171966      -1.6171966       5.1929569        5.1929569        555.1179        555.1179
 6.4598168e-119       281.86573        62.73106       2.0407974      -1.0407974       5.1929569        5.1929569       553.34555       553.34555
  8.792982e-118       279.25479       68.375782       1.7143258     -0.71432576       5.1929569        5.1929569       548.12368       548.12368
 1.4779059e-116       276.43295       71.779447       1.5483039     -0.54830385       5.1929569        5.1929569       542.47999       542.47999
 1.7559573e-116       276.26056        97.46099      0.82532174      0.17467826       5.1929569        5.1929569       542.13521       542.13521
 3.8803968e-116       275.46764       59.272806         2.24887        -1.24887       5.1929569        5.1929569       540.54937       540.54937
 1.2072132e-115       274.33268        59.65422       2.2156396      -1.2156396       5.1929569        5.1929569       538.27944       538.27944
 6.6245458e-115       272.63021       85.896396       1.0690945    -0.069094485       5.1929569        5.1929569       534.87451       534.87451
 7.7245612e-115       272.47659       87.395722       1.0311372    -0.031137235       5.1929569        5.1929569       534.56726       534.56726
 1.0201745e-114       272.19843       55.605433        2.528111       -1.528111       5.1929569        5.1929569       534.01096       534.01096
 1.1637956e-114       272.06672       57.062844       2.4036742      -1.4036742       5.1929569        5.1929569       533.74753       533.74753
  6.842338e-114       270.29528       51.286996       2.9444786      -1.9444786       5.1929569        5.1929569       530.20464       530.20464
 7.7482723e-114       270.17094        54.80288       2.5890205      -1.5890205       5.1929569        5.1929569       529.95596       529.95596
 3.8232861e-112       266.27213       83.043568       1.1301433     -0.13014332       5.1929569        5.1929569       522.15834       522.15834
 4.9205173e-112       266.01982       95.644441      0.84007112      0.15992888       5.1929569        5.1929569       521.65374       521.65374
  5.587833e-112       265.89265       57.499556        2.336903       -1.336903       5.1929569        5.1929569       521.39938       521.39938
  3.955539e-111       263.93554       84.390058       1.0878484    -0.087848372       5.1929569        5.1929569       517.48516       517.48516
 5.0160768e-111         263.698       54.715747       2.5605096      -1.5605096       5.1929569        5.1929569        517.0101        517.0101
 1.1644392e-110       262.85583       90.420081      0.94010029     0.059899714       5.1929569        5.1929569       515.32574       515.32574
 3.4596618e-110        261.7669       69.474876       1.6001924     -0.60019241       5.1929569        5.1929569       513.14788       513.14788
 3.9036501e-110       261.64616       68.544079       1.6428714     -0.64287137       5.1929569        5.1929569        512.9064        512.9064
 4.2305411e-110       261.56574       71.128852       1.5268134     -0.52681335       5.1929569        5.1929569       512.74556       512.74556
 4.9406259e-110       261.41058       56.943565       2.3579781      -1.3579781       5.1929569        5.1929569       512.43524       512.43524
  2.701033e-109       259.71185       86.330533        1.028211     -0.02821095       5.1929569        5.1929569       509.03778       509.03778
 5.2521753e-109       259.04684       51.304036       2.8702029      -1.8702029       5.1929569        5.1929569       507.70777       507.70777
 6.2201951e-109       258.87768       57.460108       2.3040079      -1.3040079       5.1929569        5.1929569       507.36945       507.36945
 1.4631178e-108       258.02233       73.359651       1.4248063     -0.42480629       5.1929569        5.1929569       505.65874       505.65874
 1.5476804e-108       257.96614       88.429862      0.97417767     0.025822332       5.1929569        5.1929569       505.54637       505.54637
 3.0264474e-108       257.29551        60.65961       2.0664954      -1.0664954       5.1929569        5.1929569        504.2051        504.2051
 3.9732466e-108       257.02331       56.773402       2.3485619      -1.3485619       5.1929569        5.1929569       503.66071       503.66071
 7.8627198e-108       256.34077       89.935853      0.93676337     0.063236629       5.1929569        5.1929569       502.29562       502.29562
 2.7338668e-107        255.0946       71.501065       1.4895006     -0.48950062       5.1929569        5.1929569       499.80328       499.80328
 9.5022073e-106        251.5462       71.101791       1.4940752      -0.4940752       5.1929569        5.1929569       492.70649       492.70649
 4.2218196e-105       250.05488       56.347804       2.3455421      -1.3455421       5.1929569        5.1929569       489.72384       489.72384
 2.7296467e-104       248.18839       69.005072       1.5729678     -0.57296783       5.1929569        5.1929569       485.99086       485.99086
 3.6404548e-104       247.90045       85.081283       1.0313104    -0.031310364       5.1929569        5.1929569       485.41498       485.41498
 2.5992962e-103       245.93473       54.994595       2.4351126      -1.4351126       5.1929569        5.1929569       481.48355       481.48355
 1.1106418e-102       244.48245       56.021268        2.341541       -1.341541       5.1929569        5.1929569       478.57898       478.57898
  1.190989e-102        244.4126       68.348629       1.5889258     -0.58892577       5.1929569        5.1929569       478.43929       478.43929
 1.4653949e-102       244.20526       58.092588       2.1811298      -1.1811298       5.1929569        5.1929569       478.02461       478.02461
 1.5699611e-102       244.13634       55.525831        2.380193       -1.380193       5.1929569        5.1929569       477.88676       477.88676
 1.7117583e-102       244.04987       63.431662       1.8376934     -0.83769336       5.1929569        5.1929569       477.71382       477.71382
 1.4861703e-101        241.8886       54.732863       2.4343582      -1.4343582       5.1929569        5.1929569       473.39129       473.39129
 1.6110959e-101       241.80789       56.724995       2.2712822      -1.2712822       5.1929569        5.1929569       473.22986       473.22986
 2.4639003e-101       241.38306       56.335068       2.2994903      -1.2994903       5.1929569        5.1929569        472.3802        472.3802
 3.9098009e-101       240.92132       99.838986      0.72005876      0.27994124       5.1929569        5.1929569       471.45672       471.45672
 7.9016959e-101       240.21772       89.041986      0.92086367     0.079136328       5.1929569        5.1929569       470.04954       470.04954
 1.1696474e-100       239.82551       71.864808       1.4235509      -0.4235509       5.1929569        5.1929569       469.26512       469.26512
 4.1673377e-100       238.55494       84.592472       1.0207161    -0.020716131       5.1929569        5.1929569       466.72397       466.72397
  7.974269e-100         237.906       94.075388      0.81428656      0.18571344       5.1929569        5.1929569       465.42608       465.42608
  2.1862618e-98       234.59485       52.942679        2.550639       -1.550639       5.1929569        5.1929569       458.80379       458.80379
  2.6489335e-98       234.40289       99.002043      0.72159394      0.27840606       5.1929569        5.1929569       458.41987       458.41987
   6.041418e-98       233.57841       82.320748       1.0665904    -0.066590377       5.1929569        5.1929569        456.7709        456.7709
  6.0630554e-98       233.57483       65.109246       1.7034014      -0.7034014       5.1929569        5.1929569       456.76375       456.76375
  1.0785781e-97       232.99882       72.669187       1.3698298     -0.36982979       5.1929569        5.1929569       455.61172       455.61172
  1.9025916e-97       232.43124       76.504954       1.2342202      -0.2342202       5.1929569        5.1929569       454.47658       454.47658
    2.93884e-97       231.99645       54.906381       2.3624347      -1.3624347       5.1929569        5.1929569       453.60698       453.60698
  5.8019628e-97       231.31627       53.749631       2.4574334      -1.4574334       5.1929569        5.1929569       452.24662       452.24662
  8.8791959e-97       230.89075       53.383183       2.4874645      -1.4874645       5.1929569        5.1929569       451.39559       451.39559
   9.862137e-97       230.78576       56.237455       2.2488984      -1.2488984       5.1929569        5.1929569        451.1856        451.1856
   5.172702e-96       229.12848       99.506005      0.70370053      0.29629947       5.1929569        5.1929569       447.87105       447.87105
  1.3486274e-95        228.1702       66.772352       1.6000306     -0.60003059       5.1929569        5.1929569       445.95449       445.95449
  3.4182752e-95       227.24016       59.631145       1.9902231     -0.99022306       5.1929569        5.1929569        444.0944        444.0944
  4.0155581e-95       227.07912       52.316441       2.5617312      -1.5617312       5.1929569        5.1929569       443.77232       443.77232
  9.7721302e-95       226.18976       52.334739       2.5542878      -1.5542878       5.1929569        5.1929569        441.9936        441.9936
   1.136422e-94       226.03882       72.130922        1.366677     -0.36667697       5.1929569        5.1929569       441.69173       441.69173
  1.5403424e-94        225.7347       51.707527       2.6113058      -1.6113058       5.1929569        5.1929569       441.08349       441.08349
  1.9811879e-94       225.48301       58.855862       2.0324322      -1.0324322       5.1929569        5.1929569       440.58011       440.58011
  2.9450096e-94       225.08659       56.984885        2.161395       -1.161395       5.1929569        5.1929569       439.78727       439.78727
  3.0777003e-94       225.04252        78.10497       1.1623154     -0.16231536       5.1929569        5.1929569       439.69913       439.69913
  3.0990931e-94        225.0356       48.101405       2.9957854      -1.9957854       5.1929569        5.1929569       439.68528       439.68528
   5.015681e-94       224.55414       78.422773       1.1513848     -0.15138481       5.1929569        5.1929569       438.72236       438.72236
  8.9329261e-94       223.97696       61.941933       1.8335795     -0.83357951       5.1929569        5.1929569       437.56801       437.56801
  1.2876847e-93       223.61128       51.512226       2.6162769      -1.6162769       5.1929569        5.1929569       436.83664       436.83664
  1.0042765e-92       221.55727       60.797441       1.8896944     -0.88969437       5.1929569        5.1929569       432.72862       432.72862
  3.0435256e-92       220.44852       55.764199       2.2273837      -1.2273837       5.1929569        5.1929569       430.51113       430.51113
  3.3529195e-92        220.3517       51.447051       2.6008488      -1.6008488       5.1929569        5.1929569        430.3175        430.3175
  7.3816064e-92       219.56254       67.129086       1.5496388     -0.54963884       5.1929569        5.1929569       428.73918       428.73918
  7.5713664e-92       219.53716         88.8757      0.87746328      0.12253672       5.1929569        5.1929569       428.68841       428.68841
  9.2817825e-92       219.33348       71.385013       1.3718379      -0.3718379       5.1929569        5.1929569       428.28105       428.28105
  1.5202663e-91       218.84007       49.489958       2.7913219      -1.7913219       5.1929569        5.1929569       427.29422       427.29422
  2.4351297e-90       216.06637        57.07071       2.1060685      -1.1060685       5.1929569        5.1929569       421.74682       421.74682
  4.5035239e-90       215.45151       96.756811      0.72197119      0.27802881       5.1929569        5.1929569        420.5171        420.5171
  4.9065721e-90       215.36579       87.120618      0.90518958     0.094810419       5.1929569        5.1929569       420.34567       420.34567
  7.8623223e-90       214.89428       74.914718       1.2318416      -0.2318416       5.1929569        5.1929569       419.40265       419.40265
  2.3954567e-89       213.78021       49.258281       2.7793813      -1.7793813       5.1929569        5.1929569        417.1745        417.1745
  4.0852552e-89        213.2464       50.634317       2.6323478      -1.6323478       5.1929569        5.1929569       416.10688       416.10688
  6.8539465e-89       212.72896        72.10412        1.322086     -0.32208598       5.1929569        5.1929569         415.072         415.072
  9.7701187e-89       212.37445       80.379827       1.0612128    -0.061212806       5.1929569        5.1929569       414.36299       414.36299
  1.0518036e-88       212.30069       74.009906       1.2536694     -0.25366943       5.1929569        5.1929569       414.21547       414.21547
  1.3671497e-88       212.03847       86.374831      0.91354384     0.086456163       5.1929569        5.1929569       413.69102       413.69102
  2.8092454e-88       211.31828       47.440866       2.9678276      -1.9678276       5.1929569        5.1929569       412.25065       412.25065
  7.0605439e-88       210.39667        88.60523      0.86184387      0.13815613       5.1929569        5.1929569       410.40743       410.40743
    1.63577e-87        209.5565       59.512749       1.9092659     -0.90926593       5.1929569        5.1929569       408.72708       408.72708
  1.7755065e-87       209.47452       48.658752       2.8128582      -1.8128582       5.1929569        5.1929569       408.56314       408.56314
  3.3436614e-87       208.84154       92.889872      0.77535471      0.22464529       5.1929569        5.1929569       407.29717       407.29717
  1.6291347e-86       207.25798       92.947548      0.77089162      0.22910838       5.1929569        5.1929569       404.13004       404.13004
  3.5951614e-86       206.46644       77.009578       1.1396567     -0.13965666       5.1929569        5.1929569       402.54696       402.54696
  1.4152458e-85       205.09614        56.37422       2.0947053      -1.0947053       5.1929569        5.1929569       399.80636       399.80636
  3.1918285e-85       204.28285       67.720702       1.4634224     -0.46342235       5.1929569        5.1929569       398.17978       398.17978
  4.6876359e-85       203.89851        84.49969      0.93551649     0.064483512       5.1929569        5.1929569       397.41111       397.41111
  7.6033328e-85       203.41485       47.619232       2.8835112      -1.8835112       5.1929569        5.1929569       396.44379       396.44379
  2.2620737e-84       202.32457       57.984632       1.9689977     -0.96899774       5.1929569        5.1929569       394.26323       394.26323
  5.2807958e-84       201.47678       92.396021       0.7682601       0.2317399       5.1929569        5.1929569       392.56764       392.56764
  1.4341592e-83       200.47769       85.708328      0.89950906      0.10049094       5.1929569        5.1929569       390.56947       390.56947
  8.9383105e-83       198.64792       98.450776       0.6617202       0.3382798       5.1929569        5.1929569       386.90993       386.90993
  9.1832638e-83       198.62089        51.54455       2.4442536      -1.4442536       5.1929569        5.1929569       386.85586       386.85586
  1.3034353e-82       198.27068       82.294863      0.97294755     0.027052449       5.1929569        5.1929569       386.15545       386.15545
  1.8573387e-82       197.91654       66.719934       1.4808502     -0.48085024       5.1929569        5.1929569       385.44717       385.44717
  2.4504427e-82       197.63942       89.521805      0.81354398      0.18645602       5.1929569        5.1929569       384.89292       384.89292
  3.4161177e-82       197.30718       54.059436       2.2224229      -1.2224229       5.1929569        5.1929569       384.22845       384.22845
  3.8385402e-82       197.19059       52.358489       2.3623423      -1.3623423       5.1929569        5.1929569       383.99527       383.99527
  3.9236156e-81       194.86609       50.019617       2.5616543      -1.5616543       5.1929569        5.1929569       379.34626       379.34626
  6.2794351e-81       194.39582        64.53861       1.5648938     -0.56489381       5.1929569        5.1929569       378.40573       378.40573
   6.818232e-81        194.3135       54.704086       2.1540617      -1.1540617       5.1929569        5.1929569       378.24109       378.24109
  8.6548231e-81       194.07498       46.173949       2.9787738      -1.9787738       5.1929569        5.1929569       377.76405       377.76405
  9.0710387e-81       194.02801       55.223516        2.113569       -1.113569       5.1929569        5.1929569       377.67011       377.67011
  3.3166924e-80       192.73155       66.573436       1.4658225     -0.46582253       5.1929569        5.1929569       375.07718       375.07718
  4.2944788e-80       192.47318       50.899116        2.460542       -1.460542       5.1929569        5.1929569       374.56046       374.56046
  5.4650977e-80       192.23213       91.499097      0.76385051      0.23614949       5.1929569        5.1929569       374.07835       374.07835
   6.665418e-80       192.03358         64.9966       1.5331748      -0.5331748       5.1929569        5.1929569       373.68125       373.68125
  6.8132492e-80       192.01165        50.81346       2.4652008      -1.4652008       5.1929569        5.1929569       373.63738       373.63738
  9.5053266e-80       191.67866        49.79393       2.5602798      -1.5602798       5.1929569        5.1929569       372.97141       372.97141
  1.3520233e-79       191.32633       96.961512      0.66993348      0.33006652       5.1929569        5.1929569       372.26674       372.26674
  1.3733568e-79       191.31067        79.54982       1.0228264    -0.022826377       5.1929569        5.1929569       372.23543       372.23543
  2.3938414e-79       190.75503       61.742759       1.6881869     -0.68818685       5.1929569        5.1929569       371.12415       371.12415
  3.0263714e-79       190.52057       76.358727       1.1091052     -0.10910518       5.1929569        5.1929569       370.65522       370.65522
  4.7326464e-79       190.07345        72.54233       1.2277428      -0.2277428       5.1929569        5.1929569       369.76098       369.76098
  1.2212854e-78       189.12544        91.23214      0.76160433      0.23839567       5.1929569        5.1929569       367.86497       367.86497
  1.8709924e-78       188.69888       86.397091      0.85489464      0.14510536       5.1929569        5.1929569       367.01184       367.01184
   2.088248e-78       188.58902       61.366269       1.6977274     -0.69772743       5.1929569        5.1929569       366.79213       366.79213
  8.8375004e-78       187.14634       64.224742       1.5474803     -0.54748029       5.1929569        5.1929569       363.90677       363.90677
  3.8183408e-77       185.68294       96.560383      0.66448479      0.33551521       5.1929569        5.1929569       360.97997       360.97997
   4.887938e-77       185.43599       53.099023        2.222709       -1.222709       5.1929569        5.1929569       360.48606       360.48606
  1.7279008e-76       184.17327       72.661838       1.2029272     -0.20292719       5.1929569        5.1929569       357.96062       357.96062
  4.2186323e-76       183.28066        85.86745      0.85212718      0.14787282       5.1929569        5.1929569       356.17541       356.17541
  6.9966323e-76       182.77475       88.684356       0.7942224       0.2057776       5.1929569        5.1929569       355.16358       355.16358
  9.1082976e-76       182.51099       47.508109       2.7255901      -1.7255901       5.1929569        5.1929569       354.63606       354.63606
  1.1373516e-75       182.28889        49.51813       2.5164947      -1.5164947       5.1929569        5.1929569       354.19186       354.19186
  2.0062181e-75       181.72134       51.344305       2.3441563      -1.3441563       5.1929569        5.1929569       353.05676       353.05676
  2.3067377e-75       181.58176       59.292689       1.7774849     -0.77748491       5.1929569        5.1929569        352.7776        352.7776
  6.3233636e-75       180.57334       76.730929       1.0666068    -0.066606834       5.1929569        5.1929569       350.76076       350.76076
  7.1194463e-75       180.45476        64.49702       1.5048367     -0.50483665       5.1929569        5.1929569       350.52361       350.52361
  9.0491433e-75       180.21492       66.701962       1.4081058     -0.40810577       5.1929569        5.1929569       350.04393       350.04393
  9.8671304e-75       180.12838        74.17367       1.1405612     -0.14056117       5.1929569        5.1929569       349.87085       349.87085
  1.1713805e-74       179.95682       63.905174        1.529832     -0.52983205       5.1929569        5.1929569       349.52773       349.52773
  2.9104699e-74       179.04669       51.063696       2.3496185      -1.3496185       5.1929569        5.1929569       347.70747       347.70747
  4.0105707e-74       178.72607       62.187688       1.6070575      -0.6070575       5.1929569        5.1929569       347.06623       347.06623
  5.6300289e-74       178.38689       72.269501       1.1951985     -0.19519852       5.1929569        5.1929569       346.38787       346.38787
  6.5888384e-74       178.22963       80.896831      0.95047267      0.04952733       5.1929569        5.1929569       346.07334       346.07334
  7.6435959e-74       178.08114       56.758767       1.9131534     -0.91315339       5.1929569        5.1929569       345.77636       345.77636
   4.816738e-73       176.24032       66.311293       1.4074337     -0.40743373       5.1929569        5.1929569       342.09473       342.09473
  5.0437837e-73       176.19426       88.436844       0.7827717       0.2172283       5.1929569        5.1929569       342.00261       342.00261
  5.0901756e-73       176.18511       90.123057       0.7513829       0.2486171       5.1929569        5.1929569        341.9843        341.9843
  6.0739682e-73       176.00841       93.207266      0.69738904      0.30261096       5.1929569        5.1929569        341.6309        341.6309
  1.0754498e-72        175.4371       54.699092       2.0371677      -1.0371677       5.1929569        5.1929569       340.48828       340.48828
  2.2350794e-72       174.70556       71.637603       1.2027382     -0.20273817       5.1929569        5.1929569        339.0252        339.0252
  2.7581038e-72       174.49529       90.928945      0.73292893      0.26707107       5.1929569        5.1929569       338.60467       338.60467
  3.4339202e-72       174.27613       45.110834       2.9322575      -1.9322575       5.1929569        5.1929569       338.16635       338.16635
  3.6943753e-72       174.20302       97.288711      0.62932174      0.37067826       5.1929569        5.1929569       338.02013       338.02013
  4.7544486e-72       173.95075       50.474234       2.3645729      -1.3645729       5.1929569        5.1929569       337.51559       337.51559
  6.7621542e-72       173.59849       61.569003       1.6130579     -0.61305786       5.1929569        5.1929569       336.81107       336.81107
  8.9183057e-72       173.32173       45.038076       2.9323245      -1.9323245       5.1929569        5.1929569       336.25754       336.25754
  1.4811037e-71       172.81446       73.595315        1.133041       -0.133041       5.1929569        5.1929569       335.24301       335.24301
   4.397126e-71        171.7263       54.002318       2.0637266      -1.0637266       5.1929569        5.1929569       333.06668       333.06668
  5.7086559e-71       171.46527       71.876309       1.1828763     -0.18287635       5.1929569        5.1929569       332.54462       332.54462
  1.6892703e-70       170.38037       61.084828       1.6215582     -0.62155815       5.1929569        5.1929569       330.37482       330.37482
  2.2315961e-70       170.10195       69.757211       1.2499542     -0.24995418       5.1929569        5.1929569       329.81798       329.81798
  9.5544815e-70       168.64765       53.936058       2.0484388      -1.0484388       5.1929569        5.1929569       326.90939       326.90939
  8.8388745e-69       166.42292       46.406587       2.7084431      -1.7084431       5.1929569        5.1929569       322.45993       322.45993
  2.0592464e-68       165.57715       62.196781       1.5422144     -0.54221441       5.1929569        5.1929569       320.76839       320.76839
  2.3861945e-68       165.42979       85.048338      0.82183628      0.17816372       5.1929569        5.1929569       320.47367       320.47367
  2.5358521e-68       165.36896       45.478933       2.8046243      -1.8046243       5.1929569        5.1929569       320.35201       320.35201
  2.8105044e-68       165.26613       48.061795       2.5241326      -1.5241326       5.1929569        5.1929569       320.14635       320.14635
  3.2950502e-68       165.10707       60.017015       1.6498252     -0.64982518       5.1929569        5.1929569       319.82823       319.82823
  3.8670593e-68         164.947       50.090584       2.3306945      -1.3306945       5.1929569        5.1929569       319.50809       319.50809
   5.092115e-68        164.6718        54.43598       1.9869278     -0.98692783       5.1929569        5.1929569       318.95769       318.95769
  8.2618478e-68       164.18785        68.89416       1.2572186      -0.2572186       5.1929569        5.1929569       317.98978       317.98978
  1.6443951e-67       163.49954        76.17245       1.0262089    -0.026208936       5.1929569        5.1929569       316.61316       316.61316
  1.7946515e-67        163.4121       74.823989       1.0636717    -0.063671661       5.1929569        5.1929569       316.43828       316.43828
   3.267191e-67       162.81298       75.229643       1.0500673    -0.050067298       5.1929569        5.1929569       315.24004       315.24004
  6.6786479e-67       162.09799       59.118281       1.6819516     -0.68195161       5.1929569        5.1929569       313.81007       313.81007
   1.149504e-66       161.55499       59.534849       1.6564125     -0.65641248       5.1929569        5.1929569       312.72407       312.72407
  2.7157024e-66       160.69527       58.723623        1.695918     -0.69591796       5.1929569        5.1929569       311.00463       311.00463
  4.0090847e-66       160.30576       53.789722       2.0036832      -1.0036832       5.1929569        5.1929569       310.22561       310.22561
  4.3988598e-66       160.21298       49.511698       2.3454809      -1.3454809       5.1929569        5.1929569       310.04004       310.04004
  7.9695684e-66       159.61869       78.722068      0.94727106     0.052728936       5.1929569        5.1929569       308.85147       308.85147
  1.7865611e-65       158.81145       71.505613       1.1474534     -0.14745342       5.1929569        5.1929569       307.23698       307.23698
  1.8478617e-65       158.77771       50.161338       2.2769664      -1.2769664       5.1929569        5.1929569       307.16951       307.16951
  1.8542233e-65       158.77427       98.571297      0.57827016      0.42172984       5.1929569        5.1929569       307.16263       307.16263
  2.6439378e-65       158.41947       76.571653       0.9984629    0.0015370976       5.1929569        5.1929569       306.45302       306.45302
   3.644347e-65       158.09856        44.16074       2.8932403      -1.8932403       5.1929569        5.1929569       305.81121       305.81121
  3.7323185e-65       158.07471        79.24888      0.92952015     0.070479847       5.1929569        5.1929569        305.7635        305.7635
  3.8689252e-65       158.03876       56.319501       1.8213168     -0.82131678       5.1929569        5.1929569       305.69161       305.69161
  1.9116848e-64       156.44117       43.243639       2.9933071      -1.9933071       5.1929569        5.1929569       302.49642       302.49642
  2.4045961e-64       156.21177       55.925639       1.8345719     -0.83457188       5.1929569        5.1929569       302.03763       302.03763
  2.4140155e-64       156.20786       46.414988       2.6152669      -1.6152669       5.1929569        5.1929569       302.02981       302.02981
  7.2822325e-64       155.10372        71.25558       1.1412147     -0.14121474       5.1929569        5.1929569       299.82152       299.82152
  7.8247841e-64       155.03186       43.955619       2.8876509      -1.8876509       5.1929569        5.1929569        299.6778        299.6778
  9.9202311e-64       154.79458       98.393969      0.57218695      0.42781305       5.1929569        5.1929569       299.20324       299.20324
  1.0062651e-63       154.78032       67.954264       1.2521858     -0.25218582       5.1929569        5.1929569       299.17473       299.17473
  2.2214405e-63       153.98841       62.958708       1.4496378     -0.44963782       5.1929569        5.1929569       297.59091       297.59091
  5.2885016e-63       153.12103       45.172197       2.7235289      -1.7235289       5.1929569        5.1929569       295.85615       295.85615
  9.1091888e-63       152.57728       52.209601       2.0655257      -1.0655257       5.1929569        5.1929569       294.76866       294.76866
  1.0359249e-62       152.44869       59.735126        1.596095     -0.59609499       5.1929569        5.1929569       294.51146       294.51146
  1.2686614e-62       152.24602       44.685174       2.7713416      -1.7713416       5.1929569        5.1929569       294.10613       294.10613
  2.9315728e-62       151.40844       46.195708        2.594456       -1.594456       5.1929569        5.1929569       292.43097       292.43097
  2.9628357e-62       151.39784       44.192695       2.8214831      -1.8214831       5.1929569        5.1929569       292.40976       292.40976
  4.0566388e-62       151.08363       68.980939       1.2004397     -0.20043975       5.1929569        5.1929569       291.78134       291.78134
  6.6235039e-62       150.59336       95.376468      0.60570158      0.39429842       5.1929569        5.1929569        290.8008        290.8008
  9.2446687e-62       150.25994       71.650173       1.1101268     -0.11012676       5.1929569        5.1929569       290.13396       290.13396
  1.8650583e-61       149.55811       59.067372       1.6146734     -0.61467335       5.1929569        5.1929569        288.7303        288.7303
  3.0702342e-61       149.05964       50.505499       2.1726872      -1.1726872       5.1929569        5.1929569       287.73338       287.73338
  3.2297551e-61       149.00899       52.982897       1.9834678     -0.98346777       5.1929569        5.1929569       287.63207       287.63207
  3.5913323e-61       148.90288       52.339632       2.0292938      -1.0292938       5.1929569        5.1929569       287.41984       287.41984
  5.7594257e-61       148.43056       93.712638       0.6255428       0.3744572       5.1929569        5.1929569       286.47521       286.47521
  9.3110409e-61        147.9502       62.859243       1.4240181     -0.42401811       5.1929569        5.1929569       285.51448       285.51448
  9.6164565e-61       147.91792       48.861591       2.3038169      -1.3038169       5.1929569        5.1929569       285.44993       285.44993
  1.3589274e-60       147.57212       94.069423       0.6181056       0.3818944       5.1929569        5.1929569       284.75832       284.75832
  1.4541957e-60       147.50436       87.304132      0.72987327      0.27012673       5.1929569        5.1929569       284.62281       284.62281
  1.4586571e-60        147.5013       52.441396       2.0117034      -1.0117034       5.1929569        5.1929569       284.61668       284.61668
  2.4035989e-60       147.00185       83.669772      0.79822756      0.20177244       5.1929569        5.1929569       283.61778       283.61778
  5.1573474e-60       146.23839       50.424846       2.1572007      -1.1572007       5.1929569        5.1929569       282.09087       282.09087
  1.0816594e-59       145.49773       53.057778       1.9533576      -0.9533576       5.1929569        5.1929569       280.60955       280.60955
  1.0818162e-59       145.49759       50.953552       2.1092718      -1.1092718       5.1929569        5.1929569       280.60926       280.60926
  1.2323532e-59        145.3673       46.501879       2.5064478      -1.5064478       5.1929569        5.1929569       280.34869       280.34869
  1.8760711e-59       144.94705       80.702601      0.85486357      0.14513643       5.1929569        5.1929569       279.50818       279.50818
  2.0064559e-59       144.87986       52.160565       2.0131192      -1.0131192       5.1929569        5.1929569        279.3738        279.3738
  2.2197894e-59       144.77882       64.547507       1.3374464     -0.33744644       5.1929569        5.1929569       279.17172       279.17172
  2.2370633e-59       144.77106       90.173058      0.67285226      0.32714774       5.1929569        5.1929569       279.15621       279.15621
  7.4455902e-59       143.56861       64.596131       1.3296986     -0.32969859       5.1929569        5.1929569        276.7513        276.7513
  1.7647621e-58       142.70563       56.409877       1.7207225     -0.72072247       5.1929569        5.1929569       275.02534       275.02534
  1.8782776e-58       142.64329        58.12872       1.6244056     -0.62440559       5.1929569        5.1929569       274.90066       274.90066
  5.7064763e-58       141.53204       64.698034       1.3158796     -0.31587961       5.1929569        5.1929569       272.67817       272.67817
  6.7978172e-58       141.35704       68.642265       1.1710407     -0.17104071       5.1929569        5.1929569       272.32817       272.32817
  6.9812167e-58       141.33042        76.55465      0.94075689     0.059243115       5.1929569        5.1929569       272.27493       272.27493
  9.3900138e-58         141.034       79.506549       0.8692586       0.1307414       5.1929569        5.1929569       271.68208       271.68208
   1.190808e-57       140.79643       46.995388       2.4151733      -1.4151733       5.1929569        5.1929569       271.20694       271.20694
  1.3629282e-57       140.66142       54.180609       1.8440967     -0.84409671       5.1929569        5.1929569       270.93693       270.93693
  2.1584648e-57       140.20166       49.082093       2.2199286      -1.2199286       5.1929569        5.1929569       270.01741       270.01741
   2.256603e-57        140.1572       50.255744       2.1225908      -1.1225908       5.1929569        5.1929569       269.92848       269.92848
  4.2190574e-57       139.53145       73.159544       1.0245515     -0.02455148       5.1929569        5.1929569       268.67698       268.67698
  5.4409042e-57       139.27711       48.087611       2.2993226      -1.2993226       5.1929569        5.1929569       268.16831       268.16831
  5.6769245e-57       139.23465       43.485645       2.7791696      -1.7791696       5.1929569        5.1929569       268.08338       268.08338
  8.5273785e-57       138.82778       42.104144       2.9488597      -1.9488597       5.1929569        5.1929569       267.26964       267.26964
  1.0006339e-56       138.66784       49.938416       2.1360625      -1.1360625       5.1929569        5.1929569       266.94976       266.94976
  1.1436507e-56       138.53425       61.284359       1.4455224     -0.44552236       5.1929569        5.1929569       266.68258       266.68258
  2.5469674e-56       137.73357       50.556595        2.079533       -1.079533       5.1929569        5.1929569       265.08123       265.08123
   2.952727e-56       137.58574       74.899864       0.9699721       0.0300279       5.1929569        5.1929569       264.78557       264.78557
  5.2858574e-56       137.00344       86.193166      0.72119593      0.27880407       5.1929569        5.1929569       263.62096       263.62096
  6.2803678e-56       136.83104       75.832096      0.94318732     0.056812682       5.1929569        5.1929569       263.27617       263.27617
  6.4258351e-56       136.80815       52.067034       1.9599435     -0.95994352       5.1929569        5.1929569       263.23038       263.23038
  8.5703088e-56       136.52017       67.416628       1.1918222     -0.19182223       5.1929569        5.1929569       262.65442       262.65442
  8.8734825e-56       136.48541       48.690885       2.2218473      -1.2218473       5.1929569        5.1929569        262.5849        262.5849
  6.5794586e-55       134.48194       97.618276      0.53745972      0.46254028       5.1929569        5.1929569       258.57796       258.57796
  6.6256752e-55       134.47494       66.604897       1.2111019     -0.21110188       5.1929569        5.1929569       258.56396       258.56396
   6.921231e-55       134.43129       44.043921       2.6622367      -1.6622367       5.1929569        5.1929569       258.47667       258.47667
  8.5907172e-55       134.21521       61.721221       1.4028526     -0.40285256       5.1929569        5.1929569        258.0445        258.0445
   1.114502e-54       133.95489       62.766121       1.3567439     -0.35674391       5.1929569        5.1929569       257.52388       257.52388
  2.0017627e-54       133.36927       44.385585       2.6126556      -1.6126556       5.1929569        5.1929569       256.35264       256.35264
  5.2913576e-54       132.39723       42.751985       2.7924918      -1.7924918       5.1929569        5.1929569       254.40854       254.40854
  6.1065717e-54       132.25394       58.772406       1.5295942     -0.52959415       5.1929569        5.1929569       254.12196       254.12196
  1.5939607e-53        131.2945       76.277794      0.91233364     0.087666363       5.1929569        5.1929569       252.20308       252.20308
  4.2161638e-53       130.32179       75.157778      0.93672583     0.063274175       5.1929569        5.1929569       250.25767       250.25767
   6.872785e-53       129.83315        82.95116      0.76131309      0.23868691       5.1929569        5.1929569       249.28038       249.28038
  6.9283733e-53       129.82509       97.309861      0.53072615      0.46927385       5.1929569        5.1929569       249.26427       249.26427
  7.0525091e-53       129.80733       82.458187      0.77096625      0.22903375       5.1929569        5.1929569       249.22875       249.22875
  1.1192433e-52       129.34548       44.742937       2.5317159      -1.5317159       5.1929569        5.1929569       248.30505       248.30505
  2.0044778e-52       128.76275       58.469026       1.5238007     -0.52380067       5.1929569        5.1929569       247.13958       247.13958
  2.7597784e-52       128.44298       61.355487       1.3875444     -0.38754435       5.1929569        5.1929569       246.50005       246.50005
  3.5395795e-52       128.19412       42.779736       2.7409892      -1.7409892       5.1929569        5.1929569       246.00234       246.00234
  4.4727283e-52       127.96013       55.112969       1.6998106     -0.69981062       5.1929569        5.1929569       245.53435       245.53435
  4.4868985e-52       127.95697       46.591119       2.3330219      -1.3330219       5.1929569        5.1929569       245.52803       245.52803
  5.9027821e-52       127.68271       76.413986       0.8960966       0.1039034       5.1929569        5.1929569        244.9795        244.9795
  1.3398549e-51       126.86299       49.775847       2.0511338      -1.0511338       5.1929569        5.1929569       243.34006       243.34006
  1.9032193e-51         126.512       56.580407       1.6076628     -0.60766281       5.1929569        5.1929569       242.63809       242.63809
  2.2176945e-51       126.35908       73.779564      0.95738387     0.042616126       5.1929569        5.1929569       242.33224       242.33224
  2.4521863e-51       126.25857       76.193877       0.8962614       0.1037386       5.1929569        5.1929569       242.13122       242.13122
  4.1253553e-51        125.7384       82.898054      0.74969759      0.25030241       5.1929569        5.1929569       241.09088       241.09088
  1.0367443e-50       124.81688       57.442019       1.5513765     -0.55137647       5.1929569        5.1929569       239.24784       239.24784
   1.038499e-50       124.81519       96.790473      0.52568924      0.47431076       5.1929569        5.1929569       239.24446       239.24446
  1.3821208e-50       124.52934       59.842483       1.4330221     -0.43302211       5.1929569        5.1929569       238.67277       238.67277
  1.7836477e-50        124.2743        56.87403       1.5774892      -0.5774892       5.1929569        5.1929569       238.16269       238.16269
  2.1377567e-50       124.09321       50.457851       1.9764648     -0.97646478       5.1929569        5.1929569        237.8005        237.8005
  2.5333734e-50       123.92341       58.412638       1.4971305     -0.49713048       5.1929569        5.1929569       237.46091       237.46091
  3.4725284e-50       123.60808       63.954379       1.2560487     -0.25604872       5.1929569        5.1929569       236.83024       236.83024
  6.4757653e-50        122.9849       57.252156       1.5494909     -0.54949087       5.1929569        5.1929569       235.58388       235.58388
  2.0109351e-49       121.85178       76.552509      0.87174843      0.12825157       5.1929569        5.1929569       233.31764       233.31764
  3.2253812e-49       121.37933       47.101354       2.2232253      -1.2232253       5.1929569        5.1929569       232.37274       232.37274
  4.0363503e-49       121.15504       77.305402      0.85184294      0.14815706       5.1929569        5.1929569       231.92416       231.92416
  9.1525397e-49       120.33635       40.856948       2.8874265      -1.8874265       5.1929569        5.1929569       230.28678       230.28678
  9.1919929e-49       120.33204       42.482528       2.6842844      -1.6842844       5.1929569        5.1929569       230.27818       230.27818
  1.0800832e-48       120.17075       51.640947       1.8610397     -0.86103973       5.1929569        5.1929569       229.95559       229.95559
  1.1210928e-48       120.13349        50.22239       1.9607197     -0.96071969       5.1929569        5.1929569       229.88106       229.88106
   1.504082e-48       119.83961       79.338103      0.80257212      0.19742788       5.1929569        5.1929569        229.2933        229.2933
  1.7384521e-48        119.6948         51.2623       1.8831217     -0.88312166       5.1929569        5.1929569       229.00368       229.00368
  1.8189192e-48       119.64955       87.927997      0.64212653      0.35787347       5.1929569        5.1929569       228.91319       228.91319
  3.6633815e-48       118.94941       40.043561        2.979289       -1.979289       5.1929569        5.1929569        227.5129        227.5129
  4.4659896e-48        118.7513       62.586935       1.2835975     -0.28359751       5.1929569        5.1929569       227.11669       227.11669
  4.4758457e-48        118.7491       40.278887       2.9441606      -1.9441606       5.1929569        5.1929569       227.11228       227.11228
  5.9564174e-48       118.46332       61.560845       1.3235228     -0.32352282       5.1929569        5.1929569       226.54073       226.54073
  1.4747211e-47       117.55674       50.736376       1.9022338     -0.90223382       5.1929569        5.1929569       224.72756       224.72756
  1.9920973e-47       117.25602       67.764854       1.0925329    -0.092532858       5.1929569        5.1929569       224.12612       224.12612
  2.3411995e-47       117.09454       41.435049       2.7716035      -1.7716035       5.1929569        5.1929569       223.80317       223.80317
  7.9251162e-47       115.87517       42.744529       2.6007454      -1.6007454       5.1929569        5.1929569       221.36443       221.36443
  2.0632548e-46       114.91834       56.571218       1.5316707     -0.53167066       5.1929569        5.1929569       219.45076       219.45076
  2.8443258e-46        114.5973       40.481424       2.8612563      -1.8612563       5.1929569        5.1929569       218.80868       218.80868
  2.8538006e-46       114.59397       50.668767       1.8821836     -0.88218364       5.1929569        5.1929569       218.80203       218.80203
  7.8786619e-46       113.57846       41.458781       2.7237956      -1.7237956       5.1929569        5.1929569       216.77101       216.77101
  1.3493612e-45       113.04041       55.325764        1.584359     -0.58435902       5.1929569        5.1929569        215.6949        215.6949
  1.8108471e-45       112.74624        80.36783      0.75715798      0.24284202       5.1929569        5.1929569       215.10657       215.10657
  3.3360798e-45       112.13524       81.233103      0.73806461      0.26193539       5.1929569        5.1929569       213.88457       213.88457
   3.725519e-45       112.02483       49.209769       1.9649415     -0.96494151       5.1929569        5.1929569       213.66375       213.66375
   3.765808e-45       112.01407       54.982601       1.5957329     -0.59573288       5.1929569        5.1929569       213.64223       213.64223
  4.6944123e-45       111.79366       42.546038       2.5738706      -1.5738706       5.1929569        5.1929569       213.20141       213.20141
  9.7742983e-45       111.06028       70.197676      0.99174531    0.0082546899       5.1929569        5.1929569       211.73465       211.73465
  1.1123032e-44       110.93102       49.001471       1.9706135     -0.97061345       5.1929569        5.1929569       211.47612       211.47612
  1.2090642e-44       110.84761       46.428039       2.1782095      -1.1782095       5.1929569        5.1929569        211.3093        211.3093
  2.2207941e-44       110.23959        78.97768      0.77668232      0.22331768       5.1929569        5.1929569       210.09326       210.09326
  4.2507469e-44       109.59036       98.497768      0.46712815      0.53287185       5.1929569        5.1929569        208.7948        208.7948
  4.2620716e-44        109.5877       65.669879       1.1235958     -0.12359582       5.1929569        5.1929569       208.78948       208.78948
  5.6929023e-44       109.29823        45.27771       2.2656146      -1.2656146       5.1929569        5.1929569       208.21055       208.21055
  1.1808408e-43       108.56864       52.200572        1.731812     -0.73181199       5.1929569        5.1929569       206.75137       206.75137
  1.2530153e-43       108.50931       62.241269       1.2405332     -0.24053317       5.1929569        5.1929569       206.63271       206.63271
  1.4387655e-43       108.37108       41.535854       2.6472794      -1.6472794       5.1929569        5.1929569       206.35625       206.35625
  1.7110236e-43       108.19777       53.846305       1.6310508     -0.63105075       5.1929569        5.1929569       206.00964       206.00964
  2.1107954e-43        107.9878       51.788411       1.7529438     -0.75294383       5.1929569        5.1929569       205.58969       205.58969
   3.565096e-43       107.46368       73.991175      0.87761276      0.12238724       5.1929569        5.1929569       204.54144       204.54144
  3.6954808e-43       107.42776       85.595801      0.64432189      0.35567811       5.1929569        5.1929569        204.4696        204.4696
  1.3430271e-42       106.13736       48.720359       1.9473049     -0.94730491       5.1929569        5.1929569        201.8888        201.8888
  1.6095069e-42       105.95635       83.621811      0.67352481      0.32647519       5.1929569        5.1929569       201.52679       201.52679
   2.106395e-42        105.6873        43.99019       2.3486404      -1.3486404       5.1929569        5.1929569       200.98869       200.98869
  2.1200709e-42       105.68083       42.890117       2.4613992      -1.4613992       5.1929569        5.1929569       200.97575       200.97575
  2.2790276e-42       105.60853       43.141091       2.4340595      -1.4340595       5.1929569        5.1929569       200.83115       200.83115
  2.3543838e-42         105.576       69.550076      0.98533915     0.014660851       5.1929569        5.1929569       200.76609       200.76609
  2.5178471e-42       105.50888        75.03444      0.84514177      0.15485823       5.1929569        5.1929569       200.63184       200.63184
    2.65354e-42       105.45639       68.389262        1.018191    -0.018191036       5.1929569        5.1929569       200.52686       200.52686
  4.3287707e-42         104.967       65.205201        1.115422     -0.11542202       5.1929569        5.1929569       199.54808       199.54808
   1.018657e-41       104.11121       54.622606       1.5575127     -0.55751273       5.1929569        5.1929569       197.83651       197.83651
  1.1535089e-41       103.98689       59.872235       1.3085639      -0.3085639       5.1929569        5.1929569       197.58786       197.58786
  2.0936121e-41       103.39081        72.12918      0.90673837     0.093261629       5.1929569        5.1929569        196.3957        196.3957
  2.2871825e-41       103.30238       66.945338       1.0512318    -0.051231765       5.1929569        5.1929569       196.21884       196.21884
  7.1608755e-41       102.16106       41.630845       2.5548236      -1.5548236       5.1929569        5.1929569       193.93621       193.93621
  8.6955024e-41       101.96689       61.929996       1.2149278     -0.21492777       5.1929569        5.1929569       193.54787       193.54787
  1.2749899e-40       101.58417       76.288178      0.80160604      0.19839396       5.1929569        5.1929569       192.78243       192.78243
  2.2569864e-40       101.01308       47.489296       1.9910916     -0.99109162       5.1929569        5.1929569       191.64025       191.64025
  4.2546014e-40       100.37911       78.571053      0.74924543      0.25075457       5.1929569        5.1929569       190.37231       190.37231
  6.0534268e-40       100.02649       50.556665       1.7640145      -0.7640145       5.1929569        5.1929569       189.66706       189.66706
  6.7245245e-40        99.92135       91.492399      0.53216083      0.46783917       5.1929569        5.1929569       189.45679       189.45679
  7.4652446e-40       99.816853       65.118768       1.0912489    -0.091248893       5.1929569        5.1929569       189.24779       189.24779
   1.128902e-39       99.403281       79.178677      0.73357086      0.26642914       5.1929569        5.1929569       188.42065       188.42065
  1.5758838e-39        99.06971       65.163947       1.0858185    -0.085818541       5.1929569        5.1929569       187.75351       187.75351
  1.7004876e-39       98.993611       87.839983      0.58248694      0.41751306       5.1929569        5.1929569       187.60131       187.60131
  2.4756847e-39       98.618009       40.037483       2.6945661      -1.6945661       5.1929569        5.1929569        186.8501        186.8501
  2.5177292e-39       98.601169       62.759208       1.1650877     -0.16508767       5.1929569        5.1929569       186.81642       186.81642
  3.8667572e-39        98.17211       60.540173       1.2456601     -0.24566012       5.1929569        5.1929569       185.95831       185.95831
  5.5939661e-39       97.802838       41.999906       2.4564026      -1.4564026       5.1929569        5.1929569       185.21976       185.21976
  5.8402165e-39       97.759758       97.206647      0.45246748      0.54753252       5.1929569        5.1929569        185.1336        185.1336
   2.495725e-38       96.307362       43.103351       2.3230883      -1.3230883       5.1929569        5.1929569       182.22881       182.22881
  3.2089949e-38       96.055983       47.025687       1.9761682     -0.97616819       5.1929569        5.1929569       181.72605       181.72605
  4.9981467e-38       95.612874       78.362873      0.73555985      0.26444015       5.1929569        5.1929569       180.83983       180.83983
  5.6343666e-38       95.493056       41.659003     0.046529146      0.95347085       5.1929569        5.1929569        180.6002        180.6002
  6.7310853e-38       95.315205       63.919997       1.1063554     -0.10635539       5.1929569        5.1929569        180.2445        180.2445
  6.8565261e-38        95.29674       43.176204       2.3031864      -1.3031864       5.1929569        5.1929569       180.20757       180.20757
  1.2422237e-37       94.702453       72.386933      0.86260543      0.13739457       5.1929569        5.1929569       179.01899       179.01899
  2.7232516e-37       93.917529       67.669001      0.98291885     0.017081145       5.1929569        5.1929569       177.44915       177.44915
  2.8127291e-37       93.885201        49.66397       1.7662122     -0.76621217       5.1929569        5.1929569       177.38449       177.38449
   4.549032e-37       93.404442       60.389995       1.2217846     -0.22178458       5.1929569        5.1929569       176.42297       176.42297
  7.1218807e-37       92.956184       45.491201       2.0657335      -1.0657335       5.1929569        5.1929569       175.52645       175.52645
  7.2810753e-37       92.934078       40.910564       2.5094443      -1.5094443       5.1929569        5.1929569       175.48224       175.48224
  9.4306121e-37       92.675395        49.86454       1.7417741     -0.74177408       5.1929569        5.1929569       174.96488       174.96488
   9.991883e-37       92.617583       43.297935       2.2575812      -1.2575812       5.1929569        5.1929569       174.84925       174.84925
  1.4775885e-36        92.22636       97.513772      0.43400588      0.56599412       5.1929569        5.1929569       174.06681       174.06681
  1.6061432e-36       92.142935       50.050803     0.011416692      0.98858331       5.1929569        5.1929569       173.89996       173.89996
  1.6314205e-36        92.12732       53.893027       1.5036027     -0.50360267       5.1929569        5.1929569       173.86873       173.86873
   1.659442e-36        92.11029       49.808916     0.012387563      0.98761244       5.1929569        5.1929569       173.83467       173.83467
  1.8088197e-36       92.024096       51.851437        1.614603     -0.61460301       5.1929569        5.1929569       173.66228       173.66228
  2.8939555e-36       91.554147       91.788511      0.50377411      0.49622589       5.1929569        5.1929569       172.72238       172.72238
  1.0592315e-35       90.256642       41.712059        2.384884       -1.384884       5.1929569        5.1929569       170.12737       170.12737
  2.2493591e-35       89.503541       48.449066       1.8050041     -0.80500407       5.1929569        5.1929569       168.62117       168.62117
  2.6148621e-35       89.352975       40.009217     0.081748425      0.91825158       5.1929569        5.1929569       168.32004       168.32004
  3.2780188e-35       89.126947       99.543617      0.40244689      0.59755311       5.1929569        5.1929569       167.86798       167.86798
  5.6739669e-35       88.578297       58.916485       1.2481757     -0.24817574       5.1929569        5.1929569       166.77068       166.77068
  6.8457855e-35       88.390553       49.408294      0.02240518      0.97759482       5.1929569        5.1929569       166.39519       166.39519
  1.2004804e-34       87.828879       45.137511       2.0355844      -1.0355844       5.1929569        5.1929569       165.27184       165.27184
  1.6712518e-34       87.498028       64.683281       1.0379064     -0.03790641       5.1929569        5.1929569       164.61014       164.61014
  2.0167214e-34       87.310128       51.770225     0.015532246      0.98446775       5.1929569        5.1929569       164.23434       164.23434
  2.5085559e-34       87.091894       54.767595       1.4197638     -0.41976383       5.1929569        5.1929569       163.79787       163.79787
  2.5360516e-34       87.080992       79.799112      0.67588689      0.32411311       5.1929569        5.1929569       163.77607       163.77607
  5.4997222e-34       86.306903       45.731953       1.9698882     -0.96988821       5.1929569        5.1929569       162.22789       162.22789
  6.2914357e-34       86.172411       59.112557       1.2241338     -0.22413382       5.1929569        5.1929569       161.95891       161.95891
  8.0626136e-34       85.924363       46.103821     0.045845306      0.95415469       5.1929569        5.1929569       161.46281       161.46281
  9.0277905e-34       85.811293       95.916121      0.43501583      0.56498417       5.1929569        5.1929569       161.23667       161.23667
   1.485895e-33       85.312998       46.549936       1.8959803     -0.89598028       5.1929569        5.1929569       160.24008       160.24008
   1.826195e-33       85.106781        67.48895      0.94284661     0.057153392       5.1929569        5.1929569       159.82765       159.82765
  1.9429833e-33       85.044791       77.680563      0.70771379      0.29228621       5.1929569        5.1929569       159.70367       159.70367
  2.5249138e-33       84.782809       51.468911       1.5721668     -0.57216683       5.1929569        5.1929569        159.1797        159.1797
  3.1533388e-33       84.560554       64.937014       1.0135529    -0.013552901       5.1929569        5.1929569       158.73519       158.73519
  4.7041415e-33       84.160572       72.241246      0.81859449      0.18140551       5.1929569        5.1929569       157.93523       157.93523
  4.9537133e-33       84.108878       44.399175       2.0518601      -1.0518601       5.1929569        5.1929569       157.83184       157.83184
  6.0924277e-33       83.901969       99.456975      0.38913736      0.61086264       5.1929569        5.1929569       157.41802       157.41802
  6.3066587e-33        83.86741       41.748501       2.2913547      -1.2913547       5.1929569        5.1929569       157.34891       157.34891
  9.1672035e-33       83.493383       76.412187      0.72626523      0.27373477       5.1929569        5.1929569       156.60085       156.60085
  1.2113317e-32        83.21471       42.911872       2.1709787      -1.1709787       5.1929569        5.1929569       156.04351       156.04351
  1.3211185e-32       83.127952       54.641238       1.3941486     -0.39414861       5.1929569        5.1929569       155.86999       155.86999
  2.3463007e-32       82.553591       78.378986      0.68446294      0.31553706       5.1929569        5.1929569       154.72127       154.72127
  2.4302263e-32       82.518446       79.076815      0.67143527      0.32856473       5.1929569        5.1929569       154.65098       154.65098
   5.871887e-32       81.636255       42.192749     0.090532347      0.90946765       5.1929569        5.1929569        152.8866        152.8866
  1.3223249e-31       80.824454       54.404182       1.3865672      -0.3865672       5.1929569        5.1929569       151.26299       151.26299
  2.7365615e-31       80.097143       58.629264    0.0093800634      0.99061994       5.1929569        5.1929569       149.80837       149.80837
   5.053669e-31       79.483731        48.75721        1.681848     -0.68184799       5.1929569        5.1929569       148.58155       148.58155
  1.2117753e-30       78.609174       49.404966     0.047784975      0.95221503       5.1929569        5.1929569       146.83243       146.83243
  1.3122338e-30        78.52953        74.50279      0.74365851      0.25634149       5.1929569        5.1929569       146.67315       146.67315
  1.5780322e-30       78.345082       48.187122       1.7060201      -0.7060201       5.1929569        5.1929569       146.30425       146.30425
  3.6262762e-30       77.513054       93.819095      0.43548128      0.56451872       5.1929569        5.1929569       144.64019       144.64019
  3.6384014e-30       77.509716       46.193937       1.8320494     -0.83204943       5.1929569        5.1929569       144.63352       144.63352
  3.6736395e-30       77.500078       41.611801       2.2119409      -1.2119409       5.1929569        5.1929569       144.61424       144.61424
  4.4044898e-30       77.318636       40.817235       2.2872475      -1.2872475       5.1929569        5.1929569       144.25136       144.25136
  5.6397752e-30       77.071416       72.136669        0.787698        0.212302       5.1929569        5.1929569       143.75692       143.75692
  8.5932671e-30       76.650281       94.322645      0.42674231      0.57325769       5.1929569        5.1929569       142.91465       142.91465
  1.0244744e-29       76.474496       83.834197      0.56848825      0.43151175       5.1929569        5.1929569       142.56308       142.56308
   1.224073e-29       76.296491       73.405154      0.75649044      0.24350956       5.1929569        5.1929569       142.20707       142.20707
  1.3387638e-29       76.206929       61.183931       1.0822493    -0.082249262       5.1929569        5.1929569       142.02794       142.02794
  1.5135959e-29       76.084187       79.561131       0.6371692       0.3628308       5.1929569        5.1929569       141.78246       141.78246
  1.6586184e-29        75.99269       50.384368       1.5496713     -0.54967127       5.1929569        5.1929569       141.59947       141.59947
  2.3164051e-29       75.658659       58.603136       1.1700055     -0.17000548       5.1929569        5.1929569        140.9314        140.9314
  2.5723729e-29       75.553847       58.239968       1.1829479     -0.18294787       5.1929569        5.1929569       140.72178       140.72178
  3.1030385e-29       75.366294       78.157608      0.65919326      0.34080674       5.1929569        5.1929569       140.34667       140.34667
  4.3156943e-29       75.036417       43.368681      0.10566552      0.89433448       5.1929569        5.1929569       139.68692       139.68692
  4.8871107e-29       74.912074       50.503943       1.5322822     -0.53228224       5.1929569        5.1929569       139.43823       139.43823
  6.9508631e-29       74.559809       47.512399       1.7077725     -0.70777254       5.1929569        5.1929569       138.73371       138.73371
   7.625451e-29       74.467184       68.070307      0.87096036      0.12903964       5.1929569        5.1929569       138.54845       138.54845
  1.3224909e-28       73.916573       79.867244      0.62313063      0.37686937       5.1929569        5.1929569       137.44723       137.44723
  1.3715366e-28       73.880159       52.346627     0.045766502       0.9542335       5.1929569        5.1929569        137.3744        137.3744
  1.4394333e-28       73.831841       40.909063       2.2234898      -1.2234898       5.1929569        5.1929569       137.27777       137.27777
  1.5530298e-28       73.755882       43.338108       2.0041417      -1.0041417       5.1929569        5.1929569       137.12585       137.12585
   1.614641e-28       73.716978       79.506872        0.628512        0.371488       5.1929569        5.1929569       137.04804       137.04804
  1.6210523e-28       73.713015       42.803262        2.048646       -1.048646       5.1929569        5.1929569       137.04012       137.04012
   6.078896e-28       72.391267       42.943882       2.0177621      -1.0177621       5.1929569        5.1929569       134.39662       134.39662
  8.8666251e-28       72.013796       91.268849      0.44930467      0.55069533       5.1929569        5.1929569       133.64168       133.64168
  8.9447845e-28        72.00502       54.565379        1.305124     -0.30512401       5.1929569        5.1929569       133.62413       133.62413
  1.6477404e-27         71.3941       65.442843      0.92278193     0.077218068       5.1929569        5.1929569       132.40229       132.40229
  2.3655161e-27       71.032509        95.05499      0.40045949      0.59954051       5.1929569        5.1929569        131.6791        131.6791
  2.3875626e-27       71.023232       72.184076      0.75731561      0.24268439       5.1929569        5.1929569       131.66055       131.66055
  2.7772829e-27       70.872032       66.813645      0.88318187      0.11681813       5.1929569        5.1929569       131.35815       131.35815
   2.915569e-27        70.82344       54.975517       1.2772472     -0.27724718       5.1929569        5.1929569       131.26097       131.26097
  3.4031054e-27       70.668817       87.389139       0.4956531       0.5043469       5.1929569        5.1929569       130.95172       130.95172
   8.397105e-27       69.765618        61.87286       1.0170293    -0.017029272       5.1929569        5.1929569       129.14532       129.14532
  1.1814178e-26       69.424205       53.875835       1.3130718     -0.31307184       5.1929569        5.1929569        128.4625        128.4625
  1.3358214e-26       69.301374       47.876841       1.6246817     -0.62468174       5.1929569        5.1929569       128.21683       128.21683
  1.5681018e-26       69.141054       68.200701      0.83855522      0.16144478       5.1929569        5.1929569       127.89619       127.89619
  2.5938411e-26        68.63778       90.941227      0.44199096      0.55800904       5.1929569        5.1929569       126.88965       126.88965
  2.6602662e-26       68.612494       45.856677       1.7463712     -0.74637124       5.1929569        5.1929569       126.83907       126.83907
  3.3268831e-26       68.388884       70.162718    0.0085163184      0.99148368       5.1929569        5.1929569       126.39185       126.39185
  3.4774694e-26       68.344615       84.344702      0.53028122      0.46971878       5.1929569        5.1929569       126.30332       126.30332
   4.196957e-26        68.15656        62.10997     0.024360656      0.97563934       5.1929569        5.1929569       125.92721       125.92721
  6.2265489e-26       67.762098       55.825489     0.046404748      0.95359525       5.1929569        5.1929569       125.13828       125.13828
    7.10631e-26       67.629937       66.692479      0.86756072      0.13243928       5.1929569        5.1929569       124.87396       124.87396
  8.4555084e-26       67.456102       71.775655      0.74818414      0.25181586       5.1929569        5.1929569       124.52629       124.52629
  2.5327227e-25        66.35904       57.179646       1.1522955     -0.15229553       5.1929569        5.1929569       122.33217       122.33217
  3.0497916e-25       66.173262        45.66954       1.7275646     -0.72756455       5.1929569        5.1929569       121.96061       121.96061
  3.4891934e-25       66.038664       44.622262       1.7983431      -0.7983431       5.1929569        5.1929569       121.69142       121.69142
  3.6155862e-25       66.003081       41.106724       2.0785224      -1.0785224       5.1929569        5.1929569       121.62025       121.62025
  3.6515192e-25       65.993192       42.624544       1.9495024      -0.9495024       5.1929569        5.1929569       121.60047       121.60047
  3.6863332e-25       65.983703       41.667085       2.0291487      -1.0291487       5.1929569        5.1929569       121.58149       121.58149
  4.0479132e-25       65.890133       78.894565      0.60602917      0.39397083       5.1929569        5.1929569       121.39435       121.39435
  4.4503363e-25       65.795355       55.707364     0.052268338      0.94773166       5.1929569        5.1929569        121.2048        121.2048
  5.5516364e-25       65.574242       67.967283       0.8241391       0.1758609       5.1929569        5.1929569       120.76257       120.76257
  5.7608805e-25       65.537245       93.065216      0.40553775      0.59446225       5.1929569        5.1929569       120.68858       120.68858
  8.1252374e-25        65.19336       82.617906       0.5436281       0.4563719       5.1929569        5.1929569       120.00081       120.00081
  1.0044164e-24       64.981343       86.713158      0.48402997      0.51597003       5.1929569        5.1929569       119.57677       119.57677
  1.3040167e-24       64.720301       46.336505      0.12007583      0.87992417       5.1929569        5.1929569       119.05469       119.05469
  1.3473371e-24        64.68762       58.453209        1.093208    -0.093208016       5.1929569        5.1929569       118.98933       118.98933
  2.0343749e-24       64.275561       93.150966    0.0053353078      0.99466469       5.1929569        5.1929569       118.16521       118.16521
  2.6551699e-24       64.009241       65.153208      0.88558345      0.11441655       5.1929569        5.1929569       117.63257       117.63257
  3.2117222e-24       63.818943       42.713521       1.9090325     -0.90903252       5.1929569        5.1929569       117.25197       117.25197
  3.7125416e-24       63.674033       66.791307      0.84170733      0.15829267       5.1929569        5.1929569       116.96215       116.96215
  3.8258729e-24       63.643963       41.045338      0.19388447      0.80611553       5.1929569        5.1929569       116.90201       116.90201
  5.5338928e-24       63.274858       56.680226       1.1456193     -0.14561933       5.1929569        5.1929569        116.1638        116.1638
  5.9559987e-24       63.201351        72.20978      0.71732425      0.28267575       5.1929569        5.1929569       116.01679       116.01679
  7.1647364e-24       63.016579       96.011335    0.0085513081      0.99144869       5.1929569        5.1929569       115.64724       115.64724
  9.1198331e-24       62.775298       54.231547     0.068525175      0.93147482       5.1929569        5.1929569       115.16468       115.16468
  1.3698139e-23        62.36849       94.506845      0.37791417      0.62208583       5.1929569        5.1929569       114.35107       114.35107
  2.1804732e-23       61.903623       74.173981      0.67205262      0.32794738       5.1929569        5.1929569       113.42133       113.42133
  2.4969465e-23       61.768096       43.729127       1.8013688     -0.80136878       5.1929569        5.1929569       113.15028       113.15028
  3.7234512e-23       61.368514       50.281109       1.4029366     -0.40293665       5.1929569        5.1929569       112.35111       112.35111
  4.5048642e-23       61.178007       50.628118       1.3837459     -0.38374589       5.1929569        5.1929569        111.9701        111.9701
  4.8232532e-23       61.109716       88.065278      0.45142978      0.54857022       5.1929569        5.1929569       111.83352       111.83352
  5.8460454e-23       60.917399       68.902756      0.77577479      0.22422521       5.1929569        5.1929569       111.44888       111.44888
   6.000198e-23       60.891372       45.770989        1.650686     -0.65068599       5.1929569        5.1929569       111.39683       111.39683
   6.065579e-23       60.880535        79.87439      0.56806458      0.43193542       5.1929569        5.1929569       111.37516       111.37516
  7.9820257e-23       60.605973       47.148289       1.5630565     -0.56305647       5.1929569        5.1929569       110.82603       110.82603
   1.169436e-22       60.224058       43.252699       1.8125478     -0.81254775       5.1929569        5.1929569        110.0622        110.0622
  1.6003158e-22       59.910379       67.265442      0.80762387      0.19237613       5.1929569        5.1929569       109.43484       109.43484
  1.9659729e-22       59.704592       87.944807      0.44760659      0.55239341       5.1929569        5.1929569       109.02327       109.02327
  3.8438717e-22         59.0341       60.925264     0.049538773      0.95046123       5.1929569        5.1929569       107.68229       107.68229
  5.8626547e-22       58.611977       49.931171       1.3895192     -0.38951924       5.1929569        5.1929569       106.83804       106.83804
  7.9166338e-22       58.311614       42.687301        1.823847     -0.82384704       5.1929569        5.1929569       106.23731       106.23731
  1.0611463e-21       58.018645       42.858718       1.8064919     -0.80649187       5.1929569        5.1929569       105.65138       105.65138
  1.0840348e-21       57.997305       63.182364     0.044704335      0.95529566       5.1929569        5.1929569        105.6087        105.6087
  2.1250348e-21       57.324206       48.613957       1.4411989     -0.44119886       5.1929569        5.1929569        104.2625        104.2625
  2.7140435e-21       57.079555       49.109562      0.12717979      0.87282021       5.1929569        5.1929569        103.7732        103.7732
  2.8893092e-21       57.016977       75.895803      0.61646545      0.38353455       5.1929569        5.1929569       103.64804       103.64804
  3.6587381e-21       56.780876       59.696149      0.99069647    0.0093035305       5.1929569        5.1929569       103.17584       103.17584
  4.1589111e-21       56.652741       69.930566     0.031334921      0.96866508       5.1929569        5.1929569       102.91957       102.91957
   4.270867e-21       56.626178       49.604381       0.1245985       0.8754015       5.1929569        5.1929569       102.86644       102.86644
  4.9554162e-21       56.477513       58.345677       1.0311052    -0.031105218       5.1929569        5.1929569       102.56911       102.56911
  6.1997914e-21       56.253479       53.105085       1.2210739     -0.22107388       5.1929569        5.1929569       102.12104       102.12104
  8.3958214e-21        55.95026       40.967155       1.9157625     -0.91576247       5.1929569        5.1929569       101.51461       101.51461
  9.9190217e-21        55.78354        64.10779       0.8590017       0.1409983       5.1929569        5.1929569       101.18117       101.18117
  1.0445266e-20       55.731846       51.795238      0.10979191      0.89020809       5.1929569        5.1929569       101.07778       101.07778
  1.0449504e-20        55.73144       49.677103        0.127942        0.872058       5.1929569        5.1929569       101.07697       101.07697
  2.5300306e-20       54.847178       61.176512      0.93175811      0.06824189       5.1929569        5.1929569       99.308442       99.308442
   2.539694e-20       54.843366       52.966555       1.2123379     -0.21233794       5.1929569        5.1929569       99.300818       99.300818
  3.0968742e-20       54.645016       69.221737     0.037203388      0.96279661       5.1929569        5.1929569       98.904119       98.904119
  3.3182004e-20       54.575987        98.25329     0.024606272      0.97539373       5.1929569        5.1929569        98.76606        98.76606
  6.5112383e-20        53.90188       54.028875       1.1606677     -0.16066773       5.1929569        5.1929569       97.417846       97.417846
    1.04346e-19       53.430282       73.377016      0.64311587      0.35688413       5.1929569        5.1929569       96.474651       96.474651
  1.0735393e-19       53.401863       84.918753     0.022589722      0.97741028       5.1929569        5.1929569       96.417813       96.417813
  1.1870824e-19       53.301326       64.193333      0.83966541      0.16033459       5.1929569        5.1929569       96.216738       96.216738
  1.3899773e-19       53.143537       94.185496      0.34781837      0.65218163       5.1929569        5.1929569        95.90116        95.90116
  3.5231069e-19       52.213481        41.62603      0.26300316      0.73699684       5.1929569        5.1929569       94.041049       94.041049
  4.0504625e-19       52.073993       50.673279      0.13549124      0.86450876       5.1929569        5.1929569       93.762073       93.762073
  4.1291658e-19       52.054749       47.170707       1.4489298     -0.44892982       5.1929569        5.1929569       93.723584       93.723584
  5.7290135e-19       51.727281       40.743089       1.8536309     -0.85363095       5.1929569        5.1929569       93.068648       93.068648
   5.875239e-19       51.702078        65.56983      0.79518475      0.20481525       5.1929569        5.1929569       93.018242       93.018242
  7.5273284e-19       51.454284       40.057867       1.9017925     -0.90179246       5.1929569        5.1929569       92.522655       92.522655
  8.2684369e-19       51.360379       91.550476      0.37075238      0.62924762       5.1929569        5.1929569       92.334844       92.334844
   9.164077e-19       51.257533       48.963798       1.3481513     -0.34815127       5.1929569        5.1929569       92.129153       92.129153
  9.7172548e-19       51.198921       46.526279       1.4714798     -0.47147982       5.1929569        5.1929569       92.011929       92.011929
  9.9551143e-19       51.174738       54.515204       1.1151769     -0.11517695       5.1929569        5.1929569       91.963562       91.963562
  1.0454233e-18       51.125817        84.00219      0.46431921      0.53568079       5.1929569        5.1929569       91.865721       91.865721
  1.3243568e-18       50.889312       40.981571        1.819285     -0.81928501       5.1929569        5.1929569       91.392711       91.392711
  1.7149012e-18       50.630884       74.340812      0.61065636      0.38934364       5.1929569        5.1929569       90.875854       90.875854
  1.8338169e-18        50.56384       61.755974      0.88288658      0.11711342       5.1929569        5.1929569       90.741766       90.741766
  2.2318656e-18       50.367401       53.584312       1.1415038     -0.14150384       5.1929569        5.1929569       90.348889       90.348889
  2.7586304e-18       50.155505       95.320052     0.031073952      0.96892605       5.1929569        5.1929569       89.925096       89.925096
  3.3539511e-18         49.9601       79.076898      0.52975744      0.47024256       5.1929569        5.1929569       89.534287       89.534287
  3.6203036e-18       49.883681       44.281342       1.5798674     -0.57986737       5.1929569        5.1929569       89.381449       89.381449
   3.630732e-18       49.880805       66.376639      0.05626142      0.94373858       5.1929569        5.1929569       89.375696       89.375696
  4.4441097e-18        49.67866       87.855292      0.40805744      0.59194256       5.1929569        5.1929569       88.971406       88.971406
  4.5654774e-18       49.651716       94.914795      0.32594525      0.67405475       5.1929569        5.1929569       88.917519       88.917519
  5.7584316e-18       49.419574       46.435268       1.4505548     -0.45055477       5.1929569        5.1929569       88.453235       88.453235
  6.4437533e-18       49.307128       40.649358       1.8126339     -0.81263391       5.1929569        5.1929569       88.228343       88.228343
  1.0228201e-17       48.845091       41.589497       1.7359206     -0.73592057       5.1929569        5.1929569       87.304267       87.304267
  1.2577874e-17         48.6383       53.076381       1.1422317     -0.14223175       5.1929569        5.1929569       86.890686       86.890686
  1.5078668e-17       48.456958        99.16049     0.038822807      0.96117719       5.1929569        5.1929569       86.528003       86.528003
  1.7488906e-17       48.308673       94.448119     0.034443143      0.96555686       5.1929569        5.1929569       86.231431       86.231431
  2.0772739e-17       48.136598       41.848794       1.7045003     -0.70450032       5.1929569        5.1929569       85.887282       85.887282
  2.5209585e-17       47.943015       43.113654       1.6185263     -0.61852629       5.1929569        5.1929569       85.500116       85.500116
  2.9359316e-17       47.790629       94.981975        0.317546        0.682454       5.1929569        5.1929569       85.195345       85.195345
  4.1443186e-17       47.445916       88.539833      0.38999636      0.61000364       5.1929569        5.1929569       84.505918       84.505918
  5.9490789e-17       47.084418       42.224345       1.6594606     -0.65946061       5.1929569        5.1929569       83.782922       83.782922
  6.1336119e-17        47.05387       54.324938       1.0796629    -0.079662949       5.1929569        5.1929569       83.721827       83.721827
  6.5979525e-17       46.980895       90.472654     0.035463807      0.96453619       5.1929569        5.1929569       83.575876       83.575876
  9.7644121e-17        46.58891       98.669946      0.27284172      0.72715828       5.1929569        5.1929569       82.791906       82.791906
  1.3772265e-16       46.244997       81.207297     0.039282027      0.96071797       5.1929569        5.1929569       82.104081       82.104081
  1.3936266e-16        46.23316       73.397327      0.60252934      0.39747066       5.1929569        5.1929569       82.080406       82.080406
  2.0238774e-16       45.860054       55.145039       1.0390941     -0.03909408       5.1929569        5.1929569       81.334194       81.334194
  2.8316879e-16       45.524196       44.553666       1.4912707     -0.49127072       5.1929569        5.1929569       80.662479       80.662479
  2.8638368e-16       45.512907       45.433669       1.4433608     -0.44336077       5.1929569        5.1929569         80.6399         80.6399
  3.9036707e-16       45.203152       42.038021       1.6348732     -0.63487324       5.1929569        5.1929569        80.02039        80.02039
  3.9391854e-16       45.194095       47.605309       1.3300229     -0.33002289       5.1929569        5.1929569       80.002277       80.002277
  4.2066347e-16       45.128406       49.421646       1.2474172      -0.2474172       5.1929569        5.1929569       79.870899       79.870899
  4.4877894e-16       45.063709       42.014875      0.31682754      0.68317246       5.1929569        5.1929569       79.741504       79.741504
  4.5949415e-16       45.040113        56.11277      0.12226981      0.87773019       5.1929569        5.1929569       79.694312       79.694312
  5.2663698e-16       44.903728       89.245954      0.37023019      0.62976981       5.1929569        5.1929569       79.421542       79.421542
  6.9364916e-16       44.628273       51.793895       1.1449963     -0.14499626       5.1929569        5.1929569       78.870632       78.870632
   6.978531e-16       44.622231        44.43923       1.4820265     -0.48202646       5.1929569        5.1929569       78.858548       78.858548
  7.1436294e-16       44.598848       54.166088       1.0588408    -0.058840806       5.1929569        5.1929569       78.811783       78.811783
  9.3590472e-16       44.328726       73.857414      0.58353502      0.41646498       5.1929569        5.1929569       78.271538       78.271538
  1.1880271e-15        44.09019       42.608407       1.5776433      -0.5776433       5.1929569        5.1929569       77.794466       77.794466
  1.3588305e-15        43.95586       85.304338      0.41420917      0.58579083       5.1929569        5.1929569       77.525805       77.525805
  1.4692726e-15       43.877717       76.683268      0.53501572      0.46498428       5.1929569        5.1929569       77.369519       77.369519
  1.4883948e-15       43.864786       40.580695       1.7022121     -0.70221205       5.1929569        5.1929569       77.343658       77.343658
   1.895654e-15        43.62292       70.729731     0.061947689      0.93805231       5.1929569        5.1929569       76.859926       76.859926
  1.9523263e-15       43.593462       74.038085     0.054930761      0.94506924       5.1929569        5.1929569       76.801011       76.801011
  2.8797606e-15       43.204777        61.95354      0.81893074      0.18106926       5.1929569        5.1929569        76.02364        76.02364
  2.9239339e-15       43.189554       49.161637       1.2320064     -0.23200642       5.1929569        5.1929569       75.993194       75.993194
  3.4026731e-15       43.037923        89.68073     0.044539962      0.95546004       5.1929569        5.1929569       75.689932       75.689932
  4.5423345e-15       42.749043       51.052451      0.18084764      0.81915236       5.1929569        5.1929569       75.112172       75.112172
  4.6991545e-15       42.715101       49.827755       1.1978896     -0.19788962       5.1929569        5.1929569       75.044289       75.044289
  5.0094781e-15       42.651152       59.274772      0.11134782      0.88865218       5.1929569        5.1929569       74.916391       74.916391
  6.2767171e-15       42.425637       45.978192       1.3649129     -0.36491286       5.1929569        5.1929569        74.46536        74.46536
  7.0820266e-15       42.304924       81.990501      0.44955466      0.55044534       5.1929569        5.1929569       74.223934       74.223934
  7.5909472e-15       42.235528       48.816933       1.2330678     -0.23306785       5.1929569        5.1929569       74.085142       74.085142
   8.437249e-15       42.129828       48.425631       1.2482125     -0.24821248       5.1929569        5.1929569       73.873742       73.873742
  8.5105081e-15       42.121182       45.301198       1.3932559     -0.39325588       5.1929569        5.1929569       73.856451       73.856451
  9.9055309e-15       41.969391       89.192434      0.35727047      0.64272953       5.1929569        5.1929569       73.552868       73.552868
  1.0419888e-14       41.918768       57.714498      0.91999067     0.080009335       5.1929569        5.1929569       73.451622       73.451622
  1.1503664e-14       41.819818       40.650401       1.6513424     -0.65134241       5.1929569        5.1929569       73.253723       73.253723
   1.574939e-14       41.505682       47.284711       1.2888791     -0.28887913       5.1929569        5.1929569       72.625451       72.625451
  1.6290528e-14         41.4719       40.114043       1.6779381      -0.6779381       5.1929569        5.1929569       72.557887       72.557887
  1.6449177e-14       41.462209       67.770812     0.077009136      0.92299086       5.1929569        5.1929569       72.538503       72.538503
  1.9092138e-14       41.313207       68.246919      0.66633616      0.33366384       5.1929569        5.1929569       72.240501       72.240501
  2.0477668e-14       41.243149       66.741413      0.69595968      0.30404032       5.1929569        5.1929569       72.100384       72.100384
  2.3434245e-14       41.108286       56.631931      0.13642774      0.86357226       5.1929569        5.1929569       71.830658       71.830658
  2.7989665e-14       40.930649       42.695137       1.5092174     -0.50921744       5.1929569        5.1929569       71.475384       71.475384
  3.5332468e-14       40.697682       43.750122      0.31839668      0.68160332       5.1929569        5.1929569        71.00945        71.00945
  3.6255758e-14       40.671886       46.068734       1.3311001     -0.33110012       5.1929569        5.1929569       70.957858       70.957858
  4.6400665e-14        40.42517       58.749066      0.87677697      0.12322303       5.1929569        5.1929569       70.464427       70.464427
  4.6531529e-14       40.422354       51.262188       1.1119044     -0.11190441       5.1929569        5.1929569       70.458794       70.458794
  4.8093472e-14       40.389338       45.848582      0.27653483      0.72346517       5.1929569        5.1929569       70.392761       70.392761
  7.0734058e-14       40.003557       49.870185      0.21348482      0.78651518       5.1929569        5.1929569         69.6212         69.6212
  7.1978808e-14       39.986112       45.663063       1.3383243     -0.33832426       5.1929569        5.1929569       69.586311       69.586311
  7.5045568e-14       39.944389       45.215637      0.29328776      0.70671224       5.1929569        5.1929569       69.502863       69.502863
  1.1491313e-13       39.518308       41.970806      0.37750982      0.62249018       5.1929569        5.1929569       68.650701       68.650701
  1.2319648e-13       39.448704       40.869984       1.5820248     -0.58202484       5.1929569        5.1929569       68.511493       68.511493
  1.3825719e-13       39.333368       69.360978       0.6313245       0.3686755       5.1929569        5.1929569       68.280823       68.280823
   1.725885e-13       39.111574        88.70294        0.349052        0.650948       5.1929569        5.1929569       67.837234       67.837234
  2.1257147e-13       38.903206        69.93426      0.61784481      0.38215519       5.1929569        5.1929569       67.420498       67.420498
  2.1899875e-13       38.873418       92.594035      0.30315438      0.69684562       5.1929569        5.1929569       67.360922       67.360922
  2.4553771e-13       38.759033       87.731549     0.055664052      0.94433595       5.1929569        5.1929569       67.132153       67.132153
  3.6440677e-13       38.364213       50.130339       1.1253929     -0.12539294       5.1929569        5.1929569       66.342513       66.342513
   4.640997e-13       38.122385       96.002811      0.26113127      0.73886873       5.1929569        5.1929569       65.858856       65.858856
  6.3849882e-13       37.803364       63.653189      0.73432388      0.26567612       5.1929569        5.1929569       65.220815       65.220815
  6.7146421e-13       37.753023       90.327231     0.059343876      0.94065612       5.1929569        5.1929569       65.120133       65.120133
  9.1973723e-13       37.438396       40.284605      0.46047022      0.53952978       5.1929569        5.1929569       64.490878       64.490878
  9.2994196e-13       37.427362       92.275874     0.061711492      0.93828851       5.1929569        5.1929569        64.46881        64.46881
  9.9087672e-13       37.363894       95.526854      0.26235491      0.73764509       5.1929569        5.1929569       64.341874       64.341874
  1.0843083e-12       37.273786       67.050758     0.094228309      0.90577169       5.1929569        5.1929569       64.161659       64.161659
   1.221912e-12       37.154312       96.454718     0.068461247      0.93153875       5.1929569        5.1929569        63.92271        63.92271
  1.2807947e-12       37.107248       50.261033      0.22887287      0.77112713       5.1929569        5.1929569       63.828582       63.828582
  1.4879431e-12       36.957334       44.171966       1.3512952     -0.35129523       5.1929569        5.1929569       63.528754       63.528754
  1.7205993e-12       36.812056       67.373833      0.65033841      0.34966159       5.1929569        5.1929569       63.238198       63.238198
  2.0545472e-12       36.634673       92.901249     0.064957884      0.93504212       5.1929569        5.1929569       62.883433       62.883433
  2.0884225e-12        36.61832       44.220855       1.3420098     -0.34200979       5.1929569        5.1929569       62.850726       62.850726
  2.8657822e-12       36.301887       90.954412      0.30835973      0.69164027       5.1929569        5.1929569       62.217861       62.217861
  3.9392806e-12       35.983731       90.778575     0.065268438      0.93473156       5.1929569        5.1929569       61.581548       61.581548
  4.2042284e-12       35.918638       41.663068       1.4516598     -0.45165982       5.1929569        5.1929569       61.451362       61.451362
  6.3122972e-12       35.512229       78.853806      0.45501397      0.54498603       5.1929569        5.1929569       60.638544       60.638544
  6.8949578e-12       35.423938       40.267715       1.5120309     -0.51203094       5.1929569        5.1929569       60.461963       60.461963
  8.7465149e-12       35.186073       88.859855     0.066913385      0.93308661       5.1929569        5.1929569       59.986233       59.986233
  9.6487767e-12       35.087898       99.259316      0.20396812      0.79603188       5.1929569        5.1929569       59.789881       59.789881
   1.069952e-11        34.98453       50.564344       1.0603477    -0.060347683       5.1929569        5.1929569       59.583146       59.583146
  1.0741861e-11        34.98058       40.867246      0.47755113      0.52244887       5.1929569        5.1929569       59.575247       59.575247
  1.0968454e-11       34.959705       46.938958       1.1929352     -0.19293515       5.1929569        5.1929569       59.533497       59.533497
  1.2024079e-11       34.867818        48.18211       1.1434814     -0.14348145       5.1929569        5.1929569       59.349721       59.349721
  1.3350878e-11       34.763147       96.163822      0.23981717      0.76018283       5.1929569        5.1929569       59.140379       59.140379
  1.4552933e-11       34.676936       65.087642      0.67794503      0.32205497       5.1929569        5.1929569       58.967959       58.967959
  1.4563352e-11       34.676221       67.150108      0.63793536      0.36206464       5.1929569        5.1929569       58.966527       58.966527
  2.1077649e-11       34.306516       40.779956       1.4538767      -0.4538767       5.1929569        5.1929569       58.227117       58.227117
  2.3311054e-11       34.205801       54.947704      0.91400787     0.085992131       5.1929569        5.1929569       58.025688       58.025688
  2.6995293e-11       34.059066       42.587606       1.3602185     -0.36021851       5.1929569        5.1929569       57.732219       57.732219
  2.8517958e-11       34.004195       99.779051     0.096027739      0.90397226       5.1929569        5.1929569       57.622476       57.622476
  3.2223104e-11       33.882045       92.512414     0.074564781      0.92543522       5.1929569        5.1929569       57.378176       57.378176
  3.2869626e-11        33.86218       75.476743     0.082014301       0.9179857       5.1929569        5.1929569       57.338446       57.338446
  3.5004489e-11       33.799252       44.486527       1.2701594     -0.27015936       5.1929569        5.1929569       57.212591       57.212591
  4.1042928e-11        33.64011       53.692262      0.20864115      0.79135885       5.1929569        5.1929569       56.894307       56.894307
  4.5862023e-11       33.529091       43.870277       1.2903619     -0.29036185       5.1929569        5.1929569       56.672269       56.672269
  4.9271493e-11       33.457383       46.349799      0.33467079      0.66532921       5.1929569        5.1929569       56.528852       56.528852
  5.2508012e-11       33.393763       42.055837       0.4596842       0.5403158       5.1929569        5.1929569       56.401612       56.401612
  6.0523069e-11       33.251704       65.284907      0.11849883      0.88150117       5.1929569        5.1929569       56.117495       56.117495
  6.3802247e-11        33.19894       45.052659       0.3699882       0.6300118       5.1929569        5.1929569       56.011967       56.011967
  7.1281307e-11       33.088095        52.40383      0.22937545      0.77062455       5.1929569        5.1929569       55.790276       55.790276
  7.1779888e-11       33.081124        42.35076       1.3460573     -0.34605733       5.1929569        5.1929569       55.776335       55.776335
  7.5966969e-11        33.02443       98.468498     0.095348483      0.90465152       5.1929569        5.1929569       55.662947       55.662947
  9.2318817e-11       32.829481       74.238691      0.50482976      0.49517024       5.1929569        5.1929569       55.273048       55.273048
  1.0144096e-10       32.735252       78.882488      0.43746193      0.56253807       5.1929569        5.1929569        55.08459        55.08459
  1.4215825e-10       32.397788       41.465152       1.3669167     -0.36691671       5.1929569        5.1929569       54.409662       54.409662
  1.6646903e-10       32.239919       59.061703       0.7853369       0.2146631       5.1929569        5.1929569       54.093925       54.093925
  1.6870539e-10       32.226575       61.120112      0.73849463      0.26150537       5.1929569        5.1929569       54.067236       54.067236
  1.7462191e-10       32.192106       47.256815      0.32834663      0.67165337       5.1929569        5.1929569       53.998298       53.998298
  1.8209743e-10       32.150187       53.373585      0.22367125      0.77632875       5.1929569        5.1929569        53.91446        53.91446
  1.8852787e-10       32.115483       47.983374        1.101702     -0.10170199       5.1929569        5.1929569       53.845052       53.845052
  1.9819162e-10       32.065494       99.603527      0.16902062      0.83097938       5.1929569        5.1929569       53.745075       53.745075
  2.7807879e-10       31.726824       40.299941       1.3981364     -0.39813643       5.1929569        5.1929569       53.067735       53.067735
  3.4939897e-10       31.498514       53.343229       0.2291637       0.7708363       5.1929569        5.1929569       52.611115       52.611115
  3.8017756e-10        31.41409       40.495012       1.3792775     -0.37927749       5.1929569        5.1929569       52.442267       52.442267
  4.3128505e-10       31.287959       52.788712      0.93610491     0.063895094       5.1929569        5.1929569       52.190005       52.190005
  4.3237979e-10       31.285424       44.884558       1.1973643      -0.1973643       5.1929569        5.1929569       52.184935       52.184935
  5.1946297e-10       31.101933       97.609843      0.19268848      0.80731152       5.1929569        5.1929569       51.817953       51.817953
  5.2151141e-10       31.097998       91.614779      0.26988725      0.73011275       5.1929569        5.1929569       51.810081       51.810081
  8.0306344e-10       30.666295       78.453857      0.42979103      0.57020897       5.1929569        5.1929569       50.946676       50.946676
  8.0657533e-10       30.661931       54.149254      0.88943264      0.11056736       5.1929569        5.1929569       50.937949       50.937949
  8.5371155e-10       30.605135       96.928099      0.10466446      0.89533554       5.1929569        5.1929569       50.824357       50.824357
  8.8002889e-10       30.574774       90.914808      0.27471371      0.72528629       5.1929569        5.1929569       50.763634       50.763634
  9.7514413e-10       30.472143       42.199878      0.50623384      0.49376616       5.1929569        5.1929569       50.558373       50.558373
  9.8784547e-10       30.459202       93.409004      0.24381853      0.75618147       5.1929569        5.1929569       50.532491       50.532491
  1.0648837e-09       30.384108       40.970466       1.3253497     -0.32534967       5.1929569        5.1929569       50.382302       50.382302
  1.0754513e-09       30.374233       47.990923       1.0682239    -0.068223948       5.1929569        5.1929569       50.362552       50.362552
  1.2066223e-09       30.259148       50.194299      0.99636755    0.0036324499       5.1929569        5.1929569       50.132383       50.132383
  1.3051476e-09       30.180657        62.60458      0.68666442      0.31333558       5.1929569        5.1929569       49.975401       49.975401
  1.3235763e-09       30.166636       48.081489        1.061184    -0.061184013       5.1929569        5.1929569       49.947358       49.947358
  1.4914116e-09        30.04725        94.37846      0.22842384      0.77157616       5.1929569        5.1929569       49.708587       49.708587
  1.9529005e-09       29.777658       47.512076       1.0719138    -0.071913754       5.1929569        5.1929569       49.169402       49.169402
  2.3439205e-09       29.595148       40.826285      0.58724241      0.41275759       5.1929569        5.1929569       48.804383       48.804383
  2.4351756e-09       29.556955       95.051782      0.21525646      0.78474354       5.1929569        5.1929569       48.727995       48.727995
  2.6008019e-09       29.491154       90.984457      0.26641074      0.73358926       5.1929569        5.1929569       48.596394       48.596394
   2.697822e-09       29.454529       55.477445      0.83846041      0.16153959       5.1929569        5.1929569       48.523144       48.523144
  3.2172205e-09       29.278456       46.165001        1.105396     -0.10539604       5.1929569        5.1929569       48.170998       48.170998
  3.3667058e-09       29.233039       93.816643      0.10014969      0.89985031       5.1929569        5.1929569       48.080164       48.080164
  3.4800358e-09       29.199931        56.01191      0.82186753      0.17813247       5.1929569        5.1929569       48.013948       48.013948
  4.2332212e-09        29.00401        82.44232      0.36672046      0.63327954       5.1929569        5.1929569       47.622107       47.622107
  6.6639751e-09       28.550257       51.464626      0.28442439      0.71557561       5.1929569        5.1929569       46.714601       46.714601
  8.8912511e-09       28.261906        40.45246      0.64421196      0.35578804       5.1929569        5.1929569       46.137898       46.137898
    1.06686e-08       28.079669        56.06086      0.22209474      0.77790526       5.1929569        5.1929569       45.773423       45.773423
  1.0979133e-08       28.050977       64.716161      0.62490567      0.37509433       5.1929569        5.1929569        45.71604        45.71604
  1.1356886e-08       28.017149       67.594098      0.57382635      0.42617365       5.1929569        5.1929569       45.648385       45.648385
  1.1606989e-08       27.995366       74.147823       0.4709967       0.5290033       5.1929569        5.1929569       45.604818       45.604818
  1.3844099e-08       27.819114       81.043335     0.096971051      0.90302895       5.1929569        5.1929569       45.252315       45.252315
  1.4829724e-08        27.75034        73.11498      0.11264086      0.88735914       5.1929569        5.1929569       45.114766       45.114766
   1.519951e-08        27.72571       40.198304      0.67715277      0.32284723       5.1929569        5.1929569       45.065507       45.065507
   1.579104e-08       27.687531       74.810675      0.10829202      0.89170798       5.1929569        5.1929569       44.989148       44.989148
  1.6321339e-08         27.6545       87.432175     0.096708343      0.90329166       5.1929569        5.1929569       44.923086       44.923086
  1.6360546e-08       27.652101       75.985003      0.44229698      0.55770302       5.1929569        5.1929569       44.918288       44.918288
  1.6776163e-08       27.627014       52.842516      0.27073149      0.72926851       5.1929569        5.1929569       44.868115       44.868115
  2.6957562e-08        27.15271       43.071806       1.1446696     -0.14466962       5.1929569        5.1929569       43.919505       43.919505
  2.9841859e-08       27.051061       91.895649       0.2355651       0.7644349       5.1929569        5.1929569       43.716209       43.716209
  3.2188917e-08       26.975351       73.837865      0.11421454      0.88578546       5.1929569        5.1929569       43.564789       43.564789
   3.761816e-08       26.819487       63.595109      0.16214975      0.83785025       5.1929569        5.1929569       43.253059       43.253059
  3.8060905e-08       26.807786       47.590336      0.39089995      0.60910005       5.1929569        5.1929569       43.229658       43.229658
  4.5575543e-08       26.627602       55.568683      0.79647006      0.20352994       5.1929569        5.1929569       42.869291       42.869291
  5.0272011e-08       26.529525       45.900736       1.0448498    -0.044849779       5.1929569        5.1929569       42.673136       42.673136
  5.3647429e-08        26.46454       87.380682      0.28793171      0.71206829       5.1929569        5.1929569       42.543166       42.543166
  6.8822636e-08       26.215441       40.786158       1.1614726     -0.16147256       5.1929569        5.1929569       42.044968       42.044968
  8.4287341e-08       26.012742       94.665172      0.14026096      0.85973904       5.1929569        5.1929569        41.63957        41.63957
   8.456783e-08        26.00942       46.113565       1.0247463     -0.02474628       5.1929569        5.1929569       41.632925       41.632925
  8.9088273e-08       25.957346       64.216472      0.61264085      0.38735915       5.1929569        5.1929569       41.528778       41.528778
  8.9784323e-08       25.949563       49.885252      0.92375635     0.076243652       5.1929569        5.1929569       41.513212       41.513212
  9.2279803e-08       25.922148        54.39638      0.81276057      0.18723943       5.1929569        5.1929569       41.458383       41.458383
  9.5380118e-08       25.889103       63.070235      0.17179545      0.82820455       5.1929569        5.1929569       41.392293       41.392293
  1.0780046e-07       25.766692       94.233079      0.13762461      0.86237539       5.1929569        5.1929569       41.147469       41.147469
  1.4936657e-07        25.44057       49.590427      0.92040409     0.079595915       5.1929569        5.1929569       40.495226       40.495226
  1.6900941e-07       25.317019       90.924723      0.23215152      0.76784848       5.1929569        5.1929569       40.248124       40.248124
  1.9491352e-07       25.174417       55.996208      0.76524406      0.23475594       5.1929569        5.1929569       39.962921       39.962921
  2.1119094e-07       25.094211        41.97224      0.66372628      0.33627372       5.1929569        5.1929569       39.802508       39.802508
  2.2754776e-07       25.019613       40.241596       1.0857731    -0.085773091       5.1929569        5.1929569       39.653313       39.653313
  2.2846648e-07       25.015584       47.181268      0.43350601      0.56649399       5.1929569        5.1929569       39.645254       39.645254
  2.7710457e-07       24.822579       46.492923      0.46004673      0.53995327       5.1929569        5.1929569       39.259243       39.259243
  2.8061532e-07       24.809989       43.368647       1.0491504    -0.049150419       5.1929569        5.1929569       39.234064       39.234064
  2.8288508e-07       24.801933       41.646868      0.69892877      0.30107123       5.1929569        5.1929569       39.217952       39.217952
  2.8659065e-07       24.788919       40.318939       1.0659408    -0.065940751       5.1929569        5.1929569       39.191923       39.191923
  2.9171663e-07       24.771191       84.719923      0.30740998      0.69259002       5.1929569        5.1929569       39.156467       39.156467
  3.0498736e-07       24.726703       75.677583      0.12070846      0.87929154       5.1929569        5.1929569       39.067493       39.067493
   3.089421e-07        24.71382       76.784197      0.40832221      0.59167779       5.1929569        5.1929569       39.041725       39.041725
  3.1497537e-07       24.694479       42.550679      0.64359745      0.35640255       5.1929569        5.1929569       39.003044       39.003044
  3.2807396e-07        24.64709       63.922719      0.60363467      0.39636533       5.1929569        5.1929569       38.908266       38.908266
  3.2990936e-07       24.634866       75.383794      0.42662408      0.57337592       5.1929569        5.1929569       38.883819       38.883819
   3.286286e-07       24.632112       40.209315       1.0455928    -0.045592796       5.1929569        5.1929569       38.878309       38.878309
  3.3694256e-07       24.600483       40.124098       1.0373584    -0.037358438       5.1929569        5.1929569       38.815052       38.815052
  3.4448114e-07       24.571711        40.14569      0.86009158      0.13990842       5.1929569        5.1929569       38.757509       38.757509
  3.5986513e-07       24.521377       43.701053       1.0309567    -0.030956744       5.1929569        5.1929569        38.65684        38.65684
  3.6650423e-07       24.496452       40.834008       1.0490124    -0.049012379       5.1929569        5.1929569        38.60699        38.60699
  3.8499322e-07       24.440591          42.159       1.0477346     -0.04773465       5.1929569        5.1929569       38.495269       38.495269
  4.1630007e-07       24.355766        78.81282      0.11659008      0.88340992       5.1929569        5.1929569       38.325619       38.325619
  4.4744724e-07       24.276969       40.109619      0.95657883     0.043421171       5.1929569        5.1929569       38.168025       38.168025
  4.8132608e-07       24.197339       67.129325      0.15667976      0.84332024       5.1929569        5.1929569       38.008763       38.008763
  5.0012751e-07       24.152376       50.435171      0.35951622      0.64048378       5.1929569        5.1929569       37.918838       37.918838
  5.2756079e-07        24.09233       50.190318      0.87613138      0.12386862       5.1929569        5.1929569       37.798747       37.798747
  5.6388456e-07         24.0191       81.716691      0.33882812      0.66117188       5.1929569        5.1929569       37.652287       37.652287
  5.9737292e-07       23.954764       92.701898      0.15324061      0.84675939       5.1929569        5.1929569       37.523614       37.523614
   6.189187e-07       23.912687       41.070064      0.81234706      0.18765294       5.1929569        5.1929569        37.43946        37.43946
  6.3870321e-07       23.874576       42.158249      0.70956925      0.29043075       5.1929569        5.1929569       37.363239       37.363239
  6.7723384e-07       23.809355       54.560999      0.28354925      0.71645075       5.1929569        5.1929569       37.232796       37.232796
  7.1908244e-07       23.742751       79.234411      0.36814483      0.63185517       5.1929569        5.1929569       37.099589       37.099589
  7.7294608e-07       23.663873       41.088654      0.96119552     0.038804475       5.1929569        5.1929569       36.941833       36.941833
  8.9234367e-07       23.513587        50.94777      0.35728348      0.64271652       5.1929569        5.1929569        36.64126        36.64126
  8.9720431e-07        23.50151       44.231293      0.59252136      0.40747864       5.1929569        5.1929569       36.617106       36.617106
  1.0311002e-06       23.355767       44.377936      0.58998377      0.41001623       5.1929569        5.1929569       36.325621       36.325621
  1.1190251e-06       23.267291       46.437363      0.93353062      0.06646938       5.1929569        5.1929569       36.148669       36.148669
  1.1930627e-06       23.196581        57.55217       0.7031761       0.2968239       5.1929569        5.1929569       36.007248       36.007248
  1.2606648e-06       23.134821       41.573324      0.86579773      0.13420227       5.1929569        5.1929569       35.883728       35.883728
  1.3475365e-06       23.061537       45.445585      0.54663805      0.45336195       5.1929569        5.1929569       35.737161       35.737161
   1.420668e-06       23.002044       41.736132      0.87909534      0.12090466       5.1929569        5.1929569       35.618174       35.618174
  1.4412227e-06       22.981035       52.902478      0.79346533      0.20653467       5.1929569        5.1929569       35.576155       35.576155
  1.4755874e-06       22.950826        46.99573      0.91261818     0.087381819       5.1929569        5.1929569       35.515738       35.515738
  1.5935275e-06       22.867287       72.563965      0.45015143      0.54984857       5.1929569        5.1929569       35.348661       35.348661
   1.663088e-06       22.817917       48.382186      0.88231791      0.11768209       5.1929569        5.1929569        35.24992        35.24992
  1.7209364e-06        22.77708       42.590147      0.92754116     0.072458839       5.1929569        5.1929569       35.168246       35.168246
  1.8811459e-06       22.681423       42.189317      0.83148534      0.16851466       5.1929569        5.1929569       34.976932       34.976932
  1.9091752e-06       22.659988       50.104243      0.39236706      0.60763294       5.1929569        5.1929569       34.934062       34.934062
  2.0778896e-06       22.568662       89.610806       0.1393686       0.8606314       5.1929569        5.1929569        34.75141        34.75141
  2.2620525e-06       22.477097       44.061097      0.92511985     0.074880147       5.1929569        5.1929569       34.568281       34.568281
  2.2691861e-06       22.467304       52.643664      0.33583616      0.66416384       5.1929569        5.1929569       34.548695       34.548695
  2.2918119e-06       22.450738       45.092479      0.58595925      0.41404075       5.1929569        5.1929569       34.515563       34.515563
  2.2915341e-06       22.444215       50.242258       0.8356607       0.1643393       5.1929569        5.1929569       34.502516       34.502516
  2.3737126e-06       22.402337       50.020619       0.3993744       0.6006256       5.1929569        5.1929569        34.41876        34.41876
  2.4123974e-06       22.379526       50.344893      0.83200587      0.16799413       5.1929569        5.1929569       34.373139       34.373139
  2.6675577e-06       22.272339       73.985262       0.4247798       0.5752202       5.1929569        5.1929569       34.158765       34.158765
  2.8595395e-06       22.196198       82.458836      0.12643312      0.87356688       5.1929569        5.1929569       34.006482       34.006482
  3.0211467e-06       22.134577       47.860894      0.87048154      0.12951846       5.1929569        5.1929569       33.883241       33.883241
  3.2709497e-06       22.048489       43.134363      0.85726434      0.14273566       5.1929569        5.1929569       33.711064       33.711064
  4.0462724e-06       21.829129       45.789616       0.5733907       0.4266093       5.1929569        5.1929569       33.272344       33.272344
  4.1106672e-06       21.806695       67.418428      0.51496781      0.48503219       5.1929569        5.1929569       33.227476       33.227476
   4.400878e-06       21.731832       81.588979        0.129773        0.870227       5.1929569        5.1929569       33.077749       33.077749
  4.4094727e-06       21.723236       43.630496      0.84444434      0.15555566       5.1929569        5.1929569       33.060558       33.060558
  4.4416198e-06       21.709327       55.427451      0.71911919      0.28088081       5.1929569        5.1929569       33.032741       33.032741
  4.5377464e-06       21.681271       52.538706      0.77316022      0.22683978       5.1929569        5.1929569       32.976629       32.976629
  4.5709765e-06       21.667331       81.788533      0.13017165      0.86982835       5.1929569        5.1929569       32.948747       32.948747
  4.6853064e-06       21.635982        47.17302      0.51450026      0.48549974       5.1929569        5.1929569       32.886049       32.886049
  5.9632941e-06       21.388145       87.473496      0.14172879      0.85827121       5.1929569        5.1929569       32.390377       32.390377
  6.3776114e-06        21.31433       56.906077      0.68474252      0.31525748       5.1929569        5.1929569       32.242747       32.242747
  6.7233124e-06       21.254898       89.367518      0.19663431      0.80336569       5.1929569        5.1929569       32.123883       32.123883
  6.7484329e-06       21.244524       75.027022      0.40080912      0.59919088       5.1929569        5.1929569       32.103135       32.103135
  6.7095658e-06       21.243656       89.058842      0.20463882      0.79536118       5.1929569        5.1929569       32.101398       32.101398
  6.8098237e-06       21.222179       84.326224      0.27948137      0.72051863       5.1929569        5.1929569       32.058445       32.058445
  6.7833192e-06       21.219435       65.395479      0.53947883      0.46052117       5.1929569        5.1929569       32.052955       32.052955
  7.4387244e-06       21.120557       55.515018      0.70643465      0.29356535       5.1929569        5.1929569       31.855201       31.855201
  7.6285052e-06        21.08872       80.627043      0.13474854      0.86525146       5.1929569        5.1929569       31.791526       31.791526
  7.8716259e-06       21.050703       88.698686      0.20846897      0.79153103       5.1929569        5.1929569       31.715492       31.715492
  8.0088347e-06       21.026778       47.764345        0.831381        0.168619       5.1929569        5.1929569       31.667642       31.667642
  8.3505829e-06       20.978347        87.01925      0.23797648      0.76202352       5.1929569        5.1929569        31.57078        31.57078
  8.3460434e-06       20.972246       81.825363      0.30967817      0.69032183       5.1929569        5.1929569       31.558579       31.558579
  8.6491524e-06       20.929928       48.227492      0.82248913      0.17751087       5.1929569        5.1929569       31.473942       31.473942
  8.6766889e-06       20.920105        85.20581      0.13904306      0.86095694       5.1929569        5.1929569       31.454296       31.454296
  8.8366359e-06       20.895194       44.617884      0.75101895      0.24898105       5.1929569        5.1929569       31.404474       31.404474
  8.9309263e-06       20.877936       83.902422      0.28139064      0.71860936       5.1929569        5.1929569       31.369957       31.369957
  8.9255403e-06       20.871894        48.40001      0.48780179      0.51219821       5.1929569        5.1929569       31.357875       31.357875
  8.9130156e-06       20.866654       49.044362      0.80994985      0.19005015       5.1929569        5.1929569       31.347394       31.347394
  9.0961498e-06       20.839671       45.980495      0.60938399      0.39061601       5.1929569        5.1929569       31.293428       31.293428
  9.2813201e-06       20.812874       50.343477      0.42280713      0.57719287       5.1929569        5.1929569       31.239834       31.239834
  9.3712938e-06       20.796582       44.991863      0.69877382      0.30122618       5.1929569        5.1929569        31.20725        31.20725
   9.677884e-06       20.757745       46.816046      0.82548284      0.17451716       5.1929569        5.1929569       31.129577       31.129577
  9.6236607e-06       20.756719        59.57249      0.62865238      0.37134762       5.1929569        5.1929569       31.127525       31.127525
  1.0825409e-05       20.632403       45.087783      0.77680755      0.22319245       5.1929569        5.1929569       30.878893       30.878893
  1.1637761e-05         20.5534       82.997615      0.13904704      0.86095296       5.1929569        5.1929569       30.720886       30.720886
   1.168362e-05       20.542822       49.930323      0.44218262      0.55781738       5.1929569        5.1929569       30.699731       30.699731
  1.1649621e-05       20.539092       80.918541      0.31697672      0.68302328       5.1929569        5.1929569        30.69227        30.69227
  1.2864382e-05       20.433259       48.739065      0.48792552      0.51207448       5.1929569        5.1929569       30.480604       30.480604
  1.3209352e-05       20.400151       59.581443      0.62284958      0.37715042       5.1929569        5.1929569       30.414389       30.414389
  1.3780012e-05       20.351213       75.867189      0.38071413      0.61928587       5.1929569        5.1929569       30.316512       30.316512
  1.4223594e-05       20.312885       86.602354      0.23461417      0.76538583       5.1929569        5.1929569       30.239857       30.239857
     1.4192e-05       20.308464       45.759833      0.67027724      0.32972276       5.1929569        5.1929569       30.231015       30.231015
  1.4456637e-05       20.283345       81.278487      0.14067457      0.85932543       5.1929569        5.1929569       30.180776       30.180776
  1.4698274e-05       20.260124       54.347338      0.33490586      0.66509414       5.1929569        5.1929569       30.134334       30.134334
  1.5086472e-05       20.227411       54.477116      0.33284187      0.66715813       5.1929569        5.1929569       30.068908       30.068908
  1.5129135e-05       20.217942       45.679039      0.69706225      0.30293775       5.1929569        5.1929569       30.049971       30.049971
  1.5119488e-05       20.211936       45.810716      0.67742499      0.32257501       5.1929569        5.1929569       30.037958       30.037958
  1.5397041e-05         20.1871       46.304684       0.6302646       0.3697354       5.1929569        5.1929569       29.988287       29.988287
  1.7963543e-05       20.026287       60.591725      0.24328789      0.75671211       5.1929569        5.1929569        29.66666        29.66666
  1.8597672e-05        19.98495       70.538252       0.1684498       0.8315502       5.1929569        5.1929569       29.583987       29.583987
  2.0222099e-05       19.894566       56.703788      0.66220386      0.33779614       5.1929569        5.1929569       29.403218       29.403218
   2.050546e-05       19.874006       59.476163      0.61600377      0.38399623       5.1929569        5.1929569       29.362099       29.362099
  2.1044115e-05       19.841432       86.014018       0.1544121       0.8455879       5.1929569        5.1929569        29.29695        29.29695
   2.845793e-05       19.532982       57.056617      0.29714377      0.70285623       5.1929569        5.1929569        28.68005        28.68005
  3.2470357e-05       19.394436       86.825449      0.17082542      0.82917458       5.1929569        5.1929569       28.402959       28.402959
  3.3206819e-05       19.365364       56.480891      0.65525479      0.34474521       5.1929569        5.1929569       28.344815       28.344815
  3.3463058e-05       19.351033       62.793433      0.22740657      0.77259343       5.1929569        5.1929569       28.316152       28.316152
  3.3416439e-05       19.345782       48.154537      0.74705086      0.25294914       5.1929569        5.1929569       28.305651       28.305651
  3.4960764e-05       19.293959       83.688861      0.26484478      0.73515522       5.1929569        5.1929569       28.202005       28.202005
  3.5900529e-05       19.260789       78.010141      0.34107872      0.65892128       5.1929569        5.1929569       28.135665       28.135665
  3.5663734e-05       19.260762       53.555258      0.69783983      0.30216017       5.1929569        5.1929569       28.135611       28.135611
  3.5656508e-05        19.25432       58.290424      0.28209842      0.71790158       5.1929569        5.1929569       28.122727       28.122727
  3.7424261e-05       19.199288       55.202959      0.33541363      0.66458637       5.1929569        5.1929569       28.012663       28.012663
  3.7620067e-05       19.187425       58.155948      0.62515189      0.37484811       5.1929569        5.1929569       27.988937       27.988937
  4.0884042e-05       19.097579       50.460711      0.46477298      0.53522702       5.1929569        5.1929569       27.809244       27.809244
  4.2726899e-05       19.046845       51.396252      0.71927797      0.28072203       5.1929569        5.1929569       27.707777       27.707777
  4.5932336e-05        18.96786       60.647992       0.5822271       0.4177729       5.1929569        5.1929569       27.549806       27.549806
  4.6417744e-05       18.950703       84.964878      0.23913079      0.76086921       5.1929569        5.1929569       27.515492       27.515492
  4.6317502e-05        18.94622       83.311255      0.15557249      0.84442751       5.1929569        5.1929569       27.506527       27.506527
  4.9848632e-05       18.866105       59.222919      0.60251665      0.39748335       5.1929569        5.1929569       27.346296       27.346296
  5.5356923e-05       18.754649       85.595869      0.17112583      0.82887417       5.1929569        5.1929569       27.123385       27.123385
  5.7748175e-05       18.705715       47.950176      0.66342797      0.33657203       5.1929569        5.1929569       27.025516       27.025516
  6.3868919e-05       18.598329        71.25664       0.1765654       0.8234346       5.1929569        5.1929569       26.810745       26.810745
  6.8789998e-05       18.517459       51.513063      0.44589745      0.55410255       5.1929569        5.1929569       26.649005       26.649005
  7.5601072e-05       18.416403        64.19652       0.2242335       0.7757665       5.1929569        5.1929569       26.446891       26.446891
  7.5669132e-05       18.408858       48.655552      0.59904299      0.40095701       5.1929569        5.1929569       26.431803       26.431803
  7.8284041e-05        18.36824       53.435982      0.67443878      0.32556122       5.1929569        5.1929569       26.350567       26.350567
  7.8475145e-05       18.359157       85.290906      0.17807313      0.82192687       5.1929569        5.1929569       26.332401       26.332401
   8.078658e-05       18.323484       51.761428      0.68970346      0.31029654       5.1929569        5.1929569       26.261054       26.261054
  8.2110723e-05       18.300582       77.540659      0.33604622      0.66395378       5.1929569        5.1929569        26.21525        26.21525
  9.4496825e-05        18.15344       71.346416      0.18013604      0.81986396       5.1929569        5.1929569       25.920965       25.920965
  9.4728682e-05       18.144344       68.388644      0.19580834      0.80419166       5.1929569        5.1929569       25.902775       25.902775
  0.00010469869        18.03763       55.473071      0.35129531      0.64870469       5.1929569        5.1929569       25.689347       25.689347
  0.00010575009       18.020993       56.853197      0.32433522      0.67566478       5.1929569        5.1929569       25.656073       25.656073
  0.00010880688       17.985853       68.625113      0.19591142      0.80408858       5.1929569        5.1929569       25.585792       25.585792
  0.00011011591        17.96725        66.32064      0.48302367      0.51697633       5.1929569        5.1929569       25.548585       25.548585
  0.00011298295       17.934902       53.118382      0.66396312      0.33603688       5.1929569        5.1929569       25.483889       25.483889
   0.0001138496       17.920616       49.264004      0.61659931      0.38340069       5.1929569        5.1929569       25.455318       25.455318
  0.00011423919       17.910555       62.678188      0.53426431      0.46573569       5.1929569        5.1929569       25.435196       25.435196
  0.00012045132       17.850959       49.936577      0.66053349      0.33946651       5.1929569        5.1929569       25.316005       25.316005
  0.00012052165       17.843731       80.746785      0.16418958      0.83581042       5.1929569        5.1929569       25.301548       25.301548
  0.00012319215        17.81517       50.988861      0.66938645      0.33061355       5.1929569        5.1929569       25.244427       25.244427
  0.00012240927       17.814901       84.886634      0.19635486      0.80364514       5.1929569        5.1929569       25.243889       25.243889
  0.00012484951       17.788518       74.577915      0.17165379      0.82834621       5.1929569        5.1929569       25.191122       25.191122
  0.00012606846       17.772157       50.388109      0.52626452      0.47373548       5.1929569        5.1929569         25.1584         25.1584
  0.00012831896       17.747819       52.959438      0.42252656      0.57747344       5.1929569        5.1929569       25.109724       25.109724
   0.0001276312       17.746548       84.590659      0.18835549      0.81164451       5.1929569        5.1929569       25.107183       25.107183
  0.00012860301       17.732318       49.883211      0.64614071      0.35385929       5.1929569        5.1929569       25.078723       25.078723
  0.00013039758       17.711816       57.051181      0.61056497      0.38943503       5.1929569        5.1929569       25.037718       25.037718
   0.0001302195       17.706538       76.325989       0.3446372       0.6553628       5.1929569        5.1929569       25.027162       25.027162
  0.00013052509       17.697549       54.361607      0.38463965      0.61536035       5.1929569        5.1929569       25.009185       25.009185
  0.00013132026       17.684831       81.883099      0.16832549      0.83167451       5.1929569        5.1929569       24.983749       24.983749
   0.0001339417       17.658421       68.891491      0.19756182      0.80243818       5.1929569        5.1929569       24.930929       24.930929
  0.00013327053         17.6568       50.715202      0.65803612      0.34196388       5.1929569        5.1929569       24.927687       24.927687
   0.0001383802       17.612532       50.401672      0.64977753      0.35022247       5.1929569        5.1929569        24.83915        24.83915
  0.00013831624        17.60635       55.879948      0.62316974      0.37683026       5.1929569        5.1929569       24.826785       24.826785
  0.00016312654       17.546727       65.750539      0.22053165      0.77946835       5.1929569        5.1929569       24.707539       24.707539
  0.00016237196       17.543928       68.199947      0.20297011      0.79702989       5.1929569        5.1929569       24.701942       24.701942
  0.00016216679       17.537757       56.357309      0.61538341      0.38461659       5.1929569        5.1929569       24.689601       24.689601
    0.000173614       17.462113       54.219497      0.63763273      0.36236727       5.1929569        5.1929569       24.538313       24.538313
  0.00018737365       17.371028       65.118469      0.49092278      0.50907722       5.1929569        5.1929569       24.356142       24.356142
  0.00019224772       17.337968       65.179821      0.22764749      0.77235251       5.1929569        5.1929569       24.290022       24.290022
  0.00019499111       17.316419       52.657526      0.44707283      0.55292717       5.1929569        5.1929569       24.246923       24.246923
  0.00019447095        17.31171       60.437572       0.5553721       0.4446279       5.1929569        5.1929569       24.237505       24.237505
  0.00019877768       17.282425       72.747901      0.38629957      0.61370043       5.1929569        5.1929569       24.178937       24.178937
   0.0002177765       17.183763       66.438995      0.46976688      0.53023312       5.1929569        5.1929569       23.981612       23.981612
  0.00022329693       17.144024       51.004516      0.61999022      0.38000978       5.1929569        5.1929569       23.902134       23.902134
  0.00023390727       17.090275       51.149632      0.61888441      0.38111559       5.1929569        5.1929569       23.794637       23.794637
  0.00023930004       17.060156       71.767995      0.39625171      0.60374829       5.1929569        5.1929569       23.734398       23.734398
    0.000265396       16.949325       61.959583       0.5274353       0.4725647       5.1929569        5.1929569       23.512736       23.512736
  0.00027294365       16.913957       52.103665      0.62107129      0.37892871       5.1929569        5.1929569       23.441999       23.441999
  0.00028309888         16.8701       51.929264       0.6159338       0.3840662       5.1929569        5.1929569       23.354286       23.354286
  0.00029783857       16.812018       60.463597      0.28665074      0.71334926       5.1929569        5.1929569       23.238123       23.238123
  0.00029920678       16.800109       65.941923       0.4705159       0.5294841       5.1929569        5.1929569       23.214304       23.214304
  0.00031312264       16.747323       53.575487      0.61485365      0.38514635       5.1929569        5.1929569       23.108732       23.108732
  0.00032116829       16.714626       76.489166      0.32890248      0.67109752       5.1929569        5.1929569       23.043339       23.043339
  0.00032571306       16.693249       52.589216      0.61052985      0.38947015       5.1929569        5.1929569       23.000584       23.000584
  0.00032760422       16.680133       51.578098      0.55106723      0.44893277       5.1929569        5.1929569       22.974353       22.974353
  0.00032711997       16.674287       52.501296      0.48387043      0.51612957       5.1929569        5.1929569       22.962659       22.962659
  0.00033256607       16.650449       51.658232        0.546183        0.453817       5.1929569        5.1929569       22.914984       22.914984
  0.00033795463        16.62705       62.640849      0.51213952      0.48786048       5.1929569        5.1929569       22.868186       22.868186
  0.00034402026       16.601935       75.362967      0.34232051      0.65767949       5.1929569        5.1929569       22.817956       22.817956
  0.00034680702       16.586541       67.920258      0.21534936      0.78465064       5.1929569        5.1929569       22.787168       22.787168
  0.00038721272       16.447348       53.502301      0.45227359      0.54772641       5.1929569        5.1929569       22.508782       22.508782
  0.00038743004       16.439618       52.970001      0.59685933      0.40314067       5.1929569        5.1929569       22.493322       22.493322
  0.00043043059       16.327199       67.125394      0.22416059      0.77583941       5.1929569        5.1929569       22.268484       22.268484
   0.0004320438       16.309172       70.800718      0.20166748      0.79833252       5.1929569        5.1929569        22.23243        22.23243
  0.00049284399       16.170389       64.375448      0.48062046      0.51937954       5.1929569        5.1929569       21.954864       21.954864
  0.00050320138       16.142474       70.794775      0.20366857      0.79633143       5.1929569        5.1929569       21.899033       21.899033
  0.00049981285       16.142113       55.879011      0.57833876      0.42166124       5.1929569        5.1929569       21.898312       21.898312
  0.00050026031         16.1341       52.646685      0.53440665      0.46559335       5.1929569        5.1929569       21.882287       21.882287
  0.00051897007       16.083198       61.251977      0.51917593      0.48082407       5.1929569        5.1929569       21.780483       21.780483
   0.0005160576       16.081759        53.27425      0.48544048      0.51455952       5.1929569        5.1929569       21.777604       21.777604
  0.00052552538       16.056512       55.018399      0.41566871      0.58433129       5.1929569        5.1929569       21.727109       21.727109
   0.0005304546       16.040109       63.636985      0.48780173      0.51219827       5.1929569        5.1929569       21.694303       21.694303
  0.00053066936       16.025619         56.4311      0.57008501      0.42991499       5.1929569        5.1929569       21.665324       21.665324
  0.00053210278       16.015904        64.48946      0.25108907      0.74891093       5.1929569        5.1929569       21.645894       21.645894
  0.00052896383       16.014803       76.374182      0.31956995      0.68043005       5.1929569        5.1929569       21.643692       21.643692
  0.00052825756       16.009121       57.546398      0.55971264      0.44028736       5.1929569        5.1929569       21.632329       21.632329
  0.00052962386       15.999521       59.664623       0.3131591       0.6868409       5.1929569        5.1929569       21.613128       21.613128
  0.00052882677       15.994009       61.311082      0.28858878      0.71141122       5.1929569        5.1929569       21.602105       21.602105
  0.00052907634        15.98652       53.509507      0.56919981      0.43080019       5.1929569        5.1929569       21.587126       21.587126
  0.00053432374       15.969633         54.7373      0.57592638      0.42407362       5.1929569        5.1929569       21.553353       21.553353
  0.00054596401       15.941065       66.327964       0.4509316       0.5490684       5.1929569        5.1929569       21.496215       21.496215
  0.00054529237       15.935278       75.406977      0.33146781      0.66853219       5.1929569        5.1929569       21.484642       21.484642
  0.00054606988       15.926835       59.970591      0.30965377      0.69034623       5.1929569        5.1929569       21.467757       21.467757
   0.0005638843       15.880747       55.852305      0.39724336      0.60275664       5.1929569        5.1929569       21.375581       21.375581
  0.00056600597       15.870023       53.734138      0.56301441      0.43698559       5.1929569        5.1929569       21.354132       21.354132
  0.00056709942       15.861124       62.809926      0.27169103      0.72830897       5.1929569        5.1929569       21.336335       21.336335
  0.00058825164       15.810615       58.914789       0.5399791       0.4600209       5.1929569        5.1929569       21.235316       21.235316
  0.00058723513       15.805424       54.485285      0.56633309      0.43366691       5.1929569        5.1929569       21.224934       21.224934
  0.00061041127       15.752923       59.968676      0.52680656      0.47319344       5.1929569        5.1929569       21.119932       21.119932
  0.00061228613       15.742983       59.123947      0.32784246      0.67215754       5.1929569        5.1929569       21.100053       21.100053
   0.0006343908       15.700645       53.910821      0.48229118      0.51770882       5.1929569        5.1929569       21.015376       21.015376
  0.00064818113       15.672267        58.22989      0.34662792      0.65337208       5.1929569        5.1929569       20.958621       20.958621
  0.00065002155       15.662559       54.003018      0.48031766      0.51968234       5.1929569        5.1929569       20.939204       20.939204
  0.00064600848       15.661879        64.93673      0.46378865      0.53621135       5.1929569        5.1929569       20.937844       20.937844
  0.00064244668       15.660535       73.784671      0.19773036      0.80226964       5.1929569        5.1929569       20.935156       20.935156
  0.00065163846        15.63263       72.212589      0.36901775      0.63098225       5.1929569        5.1929569       20.879346       20.879346
  0.00066468175       15.605986       55.107366      0.43255881      0.56744119       5.1929569        5.1929569       20.826057       20.826057
  0.00066784344       15.594414       76.343713      0.19364175      0.80635825       5.1929569        5.1929569       20.802915       20.802915
  0.00070806497       15.529106       60.086472      0.31594542      0.68405458       5.1929569        5.1929569       20.672299       20.672299
  0.00071613933       15.510941       71.717961      0.20732748      0.79267252       5.1929569        5.1929569       20.635969       20.635969
  0.00071470945       15.506114       54.015017      0.52159354      0.47840646       5.1929569        5.1929569       20.626314       20.626314
  0.00071073259       15.504868       60.456237      0.31048277      0.68951723       5.1929569        5.1929569       20.623822       20.623822
  0.00070954046       15.499721       63.600143      0.26848304      0.73151696       5.1929569        5.1929569       20.613527       20.613527
  0.00070492263       15.499424       60.296323      0.31315457      0.68684543       5.1929569        5.1929569       20.612934       20.612934
  0.00070126714       15.497797       60.279458       0.5167526       0.4832474       5.1929569        5.1929569       20.609681       20.609681
  0.00070112744       15.491171       61.826471      0.49879734      0.50120266       5.1929569        5.1929569       20.596427       20.596427
  0.00070466978       15.479305       54.348434      0.53773511      0.46226489       5.1929569        5.1929569       20.572696       20.572696
  0.00073121558         15.4355       73.800328      0.20077755      0.79922245       5.1929569        5.1929569       20.485086       20.485086
    0.000782372       15.354272       70.875223      0.21340374      0.78659626       5.1929569        5.1929569       20.322631       20.322631
  0.00078719606       15.341346       58.840238       0.5269966       0.4730034       5.1929569        5.1929569       20.296778       20.296778
  0.00079866095       15.320107       56.149973      0.54238691      0.45761309       5.1929569        5.1929569         20.2543         20.2543
  0.00079497804       15.317949       57.431573      0.53728718      0.46271282       5.1929569        5.1929569       20.249984       20.249984
  0.00079686775       15.308795       71.159717       0.2126508       0.7873492       5.1929569        5.1929569       20.231677       20.231677
  0.00083265848       15.258081        55.65332      0.43084008      0.56915992       5.1929569        5.1929569       20.130248       20.130248
  0.00083047868       15.253922       67.144703      0.42792323      0.57207677       5.1929569        5.1929569       20.121931       20.121931
  0.00084422621       15.230724       58.304678      0.35706559      0.64293441       5.1929569        5.1929569       20.075535       20.075535
  0.00086042042       15.204944       57.480351      0.53259288      0.46740712       5.1929569        5.1929569       20.023974       20.023974
  0.00087534242        15.18097       59.204802      0.51865479      0.48134521       5.1929569        5.1929569       19.976027       19.976027
  0.00090340051        15.14264       66.355783       0.2468881       0.7531119       5.1929569        5.1929569       19.899366       19.899366
  0.00091648394       15.121482       55.371917      0.52455747      0.47544253       5.1929569        5.1929569       19.857049       19.857049
  0.00094039829       15.088943       66.731008       0.4299671       0.5700329       5.1929569        5.1929569       19.791972       19.791972
  0.00094696179       15.075208       75.156747      0.31956235      0.68043765       5.1929569        5.1929569       19.764502       19.764502
  0.00094064269       15.075124       56.171542      0.42178815      0.57821185       5.1929569        5.1929569       19.764334       19.764334
   0.0010067407       14.987011       55.576799      0.51512742      0.48487258       5.1929569        5.1929569       19.588108       19.588108
   0.0010265733       14.960814       63.116913      0.47118443      0.52881557       5.1929569        5.1929569       19.535714       19.535714
   0.0010491546       14.932366       58.469427      0.36260873      0.63739127       5.1929569        5.1929569       19.478819       19.478819
   0.0010471759       14.927565       60.880013       0.4948922       0.5051078       5.1929569        5.1929569       19.469217       19.469217
   0.0010613502       14.907431         58.9326      0.35318161      0.64681839       5.1929569        5.1929569       19.428949       19.428949
   0.0010592499       14.902723       75.879059      0.20564542      0.79435458       5.1929569        5.1929569       19.419532       19.419532
   0.0010598757       14.895443       55.794726      0.45176951      0.54823049       5.1929569        5.1929569       19.404973       19.404973
   0.0010557219       14.892681       56.334601      0.51768415      0.48231585       5.1929569        5.1929569       19.399449       19.399449
   0.0010625174       14.879576       55.590985      0.46872471      0.53127529       5.1929569        5.1929569       19.373239       19.373239
   0.0010595158       14.875716       55.522684      0.47887064      0.52112936       5.1929569        5.1929569       19.365519       19.365519
   0.0010653193       14.863565       57.377735      0.51799868      0.48200132       5.1929569        5.1929569       19.341215       19.341215
   0.0010610307       14.860909       55.543825      0.48630236      0.51369764       5.1929569        5.1929569       19.335905       19.335905
   0.0010633872       14.852002       55.612394      0.49484237      0.50515763       5.1929569        5.1929569        19.31809        19.31809
   0.0010625502         14.8461       73.074491      0.34363161      0.65636839       5.1929569        5.1929569       19.306287       19.306287
   0.0010569169       14.838083       66.148978       0.4321008       0.5678992       5.1929569        5.1929569       19.290251       19.290251
   0.0010830335       14.807028       67.241667      0.24490785      0.75509215       5.1929569        5.1929569       19.228143       19.228143
    0.001075944       14.806951       58.619563      0.51021207      0.48978793       5.1929569        5.1929569       19.227989       19.227989
    0.001105694       14.773032       62.879411      0.29067459      0.70932541       5.1929569        5.1929569        19.16015        19.16015
   0.0011037027        14.76819       77.201287      0.20985774      0.79014226       5.1929569        5.1929569       19.150466       19.150466
   0.0011237279       14.743564       64.126834      0.27600328      0.72399672       5.1929569        5.1929569       19.101215       19.101215
   0.0011177961       14.742212       56.234997      0.44309344      0.55690656       5.1929569        5.1929569       19.098511       19.098511
   0.0011242783       14.729786       75.838629      0.30228218      0.69771782       5.1929569        5.1929569       19.073657       19.073657
   0.0011514941       14.699222       56.222057      0.44861289      0.55138711       5.1929569        5.1929569        19.01253        19.01253
   0.0011557833       14.688859       76.085716      0.20997251      0.79002749       5.1929569        5.1929569       18.991805       18.991805
    0.001151853       14.685621       61.973149      0.47683902      0.52316098       5.1929569        5.1929569       18.985329       18.985329
   0.0011664254       14.666405       73.501369      0.33426261      0.66573739       5.1929569        5.1929569       18.946896       18.946896
   0.0011737643       14.653488       67.233873      0.41486463      0.58513537       5.1929569        5.1929569       18.921063       18.921063
   0.0011708507       14.649329       57.181293       0.5059732       0.4940268       5.1929569        5.1929569       18.912744       18.912744
   0.0011853788       14.630353       63.534193      0.45836041      0.54163959       5.1929569        5.1929569       18.874792       18.874792
   0.0011837163       14.625112       73.510706      0.21432313      0.78567687       5.1929569        5.1929569        18.86431        18.86431
   0.0012008726       14.604078       61.596846      0.31280538      0.68719462       5.1929569        5.1929569       18.822241       18.822241
   0.0012062881       14.592933       59.665588      0.49507463      0.50492537       5.1929569        5.1929569       18.799953       18.799953
   0.0012027634       14.589215       58.467439       0.3749943       0.6250057       5.1929569        5.1929569       18.792517       18.792517
   0.0012068509       14.579178       56.985536      0.42204833      0.57795167       5.1929569        5.1929569       18.772442       18.772442
   0.0012382811       14.546824       68.591832      0.39575117      0.60424883       5.1929569        5.1929569       18.707734       18.707734
   0.0012518677       14.529267       64.633998       0.4433092       0.5566908       5.1929569        5.1929569        18.67262        18.67262
   0.0012785241       14.501552       59.996003      0.34378424      0.65621576       5.1929569        5.1929569       18.617191       18.617191
   0.0013250333       14.459177       76.832033      0.27856269      0.72143731       5.1929569        5.1929569        18.53244        18.53244
   0.0013522175       14.432224       63.434132      0.45438121      0.54561879       5.1929569        5.1929569       18.478534       18.478534
   0.0013461877       14.430048       62.311637       0.4661559       0.5338441       5.1929569        5.1929569       18.474183       18.474183
   0.0013991568       14.384811       77.790768      0.25281117      0.74718883       5.1929569        5.1929569       18.383708       18.383708
   0.0028631179        14.37534       56.910846       0.4496708       0.5503292       5.1929569        5.1929569       18.364765       18.364765
   0.0028320292       14.359229       56.972355      0.44739088      0.55260912       5.1929569        5.1929569       18.332543       18.332543
   0.0028406129       14.329534       61.543415      0.47052509      0.52947491       5.1929569        5.1929569       18.273154       18.273154
   0.0028542778        14.31149       61.108965      0.47375581      0.52624419       5.1929569        5.1929569       18.237066       18.237066
   0.0028609967       14.309139        60.02911       0.4818366       0.5181634       5.1929569        5.1929569       18.232363       18.232363
   0.0028236154       14.308867       57.320955      0.43102729      0.56897271       5.1929569        5.1929569       18.231821       18.231821
   0.0028901098       14.258923       57.743127      0.48099966      0.51900034       5.1929569        5.1929569       18.131932       18.131932
   0.0029330041       14.230945       57.325867      0.46595693      0.53404307       5.1929569        5.1929569       18.075976       18.075976
    0.002952837       14.197888       59.330911      0.36955662      0.63044338       5.1929569        5.1929569       18.009863       18.009863
   0.0029139011       14.185187       58.817913      0.38383537      0.61616463       5.1929569        5.1929569       17.984459       17.984459
   0.0028936492       14.179257       57.466687      0.44230247      0.55769753       5.1929569        5.1929569       17.972601       17.972601
   0.0029556531       14.145153       66.566792      0.26274011      0.73725989       5.1929569        5.1929569       17.904392       17.904392
   0.0030008242       14.091764       62.139154       0.3177177       0.6822823       5.1929569        5.1929569       17.797615       17.797615
   0.0029893766       14.083008       57.712251      0.45188092      0.54811908       5.1929569        5.1929569       17.780102       17.780102
   0.0029428862        14.07368       59.632786      0.47345106      0.52654894       5.1929569        5.1929569       17.761447       17.761447
   0.0029496533       14.071384       62.641571       0.3105245       0.6894755       5.1929569        5.1929569       17.756853       17.756853
   0.0030017114       14.053889       58.145256       0.4170426       0.5829574       5.1929569        5.1929569       17.721863       17.721863
   0.0030080623       14.039036       58.025707      0.42546664      0.57453336       5.1929569        5.1929569       17.692158       17.692158
   0.0030321581       14.031058       57.873337      0.44937325      0.55062675       5.1929569        5.1929569       17.676201       17.676201
   0.0030041744       14.027426        58.36149      0.40984867      0.59015133       5.1929569        5.1929569       17.668938       17.668938
   0.0030603373          13.996       59.493976      0.37482053      0.62517947       5.1929569        5.1929569       17.606087       17.606087
   0.0030284066       13.993585       62.471004      0.45116957      0.54883043       5.1929569        5.1929569       17.601257       17.601257
   0.0030365545       13.990898       64.828183      0.42731087      0.57268913       5.1929569        5.1929569       17.595883       17.595883
   0.0031155742       13.965209       60.098315      0.46652641      0.53347359       5.1929569        5.1929569       17.544503       17.544503
    0.003146695       13.955269       65.559959      0.41825257      0.58174743       5.1929569        5.1929569       17.524625       17.524625
   0.0032723665       13.876368        62.53351      0.31776692      0.68223308       5.1929569        5.1929569       17.366823       17.366823
   0.0032690449       13.864312       65.121974      0.28355549      0.71644451       5.1929569        5.1929569        17.34271        17.34271
   0.0033042048       13.827638       58.526983      0.43853047      0.56146953       5.1929569        5.1929569       17.269363       17.269363
   0.0032642153       13.826911       59.142192      0.45720412      0.54279588       5.1929569        5.1929569       17.267909       17.267909
   0.0033671784       13.770213        59.86741      0.45608302      0.54391698       5.1929569        5.1929569       17.154513       17.154513
   0.0033785562       13.754101       59.814332      0.37947617      0.62052383       5.1929569        5.1929569       17.122288       17.122288
   0.0033950546       13.749229       60.151313      0.37036807      0.62963193       5.1929569        5.1929569       17.112545       17.112545
   0.0033591238       13.746966       60.368863      0.45439783      0.54560217       5.1929569        5.1929569       17.108018       17.108018
   0.0033306695       13.742569       64.983639      0.41852031      0.58147969       5.1929569        5.1929569       17.099224       17.099224
   0.0033266501       13.730873       62.547202      0.32213117      0.67786883       5.1929569        5.1929569       17.075833       17.075833
   0.0033787137        13.70244       67.427141      0.26476704      0.73523296       5.1929569        5.1929569       17.018967       17.018967
    0.003337038       13.701949       64.998421       0.2890547       0.7109453       5.1929569        5.1929569       17.017983       17.017983
   0.0033058237       13.698443        59.88396      0.38102626      0.61897374       5.1929569        5.1929569       17.010973       17.010973
   0.0033060441       13.698376       59.015556      0.43706874      0.56293126       5.1929569        5.1929569       17.010839       17.010839
   0.0032754792       13.694593       60.905852      0.35477622      0.64522378       5.1929569        5.1929569       17.003271       17.003271
   0.0032425719       13.691618       62.234264      0.44219402      0.55780598       5.1929569        5.1929569       16.997322       16.997322
    0.003243577       13.691308       59.246732      0.44427035      0.55572965       5.1929569        5.1929569       16.996702       16.996702
   0.0032346447        13.68082       59.536745      0.44753264      0.55246736       5.1929569        5.1929569       16.975727       16.975727
   0.0032537239       13.661694       59.698378      0.38989867      0.61010133       5.1929569        5.1929569       16.937474       16.937474
   0.0032213033       13.658463       59.109822      0.42975706      0.57024294       5.1929569        5.1929569       16.931012       16.931012
   0.0032910398         13.6238       59.285907      0.41516426      0.58483574       5.1929569        5.1929569       16.861687       16.861687
   0.0032829207       13.613025       59.341599      0.43365448      0.56634552       5.1929569        5.1929569       16.840136       16.840136
   0.0032437229       13.611792        59.47175      0.43822493      0.56177507       5.1929569        5.1929569       16.837669       16.837669
   0.0033364006       13.570375       66.183354      0.27954994      0.72045006       5.1929569        5.1929569       16.754837       16.754837
   0.0032722759       13.563465       60.300603      0.37772892      0.62227108       5.1929569        5.1929569       16.741016       16.741016
   0.0033669188       13.508977       61.343036      0.43869162      0.56130838       5.1929569        5.1929569       16.632041       16.632041
    0.003294438       13.492518       60.566351      0.43797106      0.56202894       5.1929569        5.1929569       16.599123       16.599123
   0.0033213647       13.471799       59.800129      0.41932174      0.58067826       5.1929569        5.1929569       16.557685       16.557685
   0.0033168829       13.460571       59.922884      0.42532208      0.57467792       5.1929569        5.1929569       16.535228       16.535228
    0.003311774       13.449534       65.853151      0.28628498      0.71371502       5.1929569        5.1929569       16.513154       16.513154
   0.0033297847        13.44411        60.28088      0.43140902      0.56859098       5.1929569        5.1929569       16.502306       16.502306
   0.0033448426       13.426859       60.651608      0.43296912      0.56703088       5.1929569        5.1929569       16.467804       16.467804
   0.0033535395       13.424262       60.007886      0.40792871      0.59207129       5.1929569        5.1929569       16.462611       16.462611
   0.0033118059       13.423882       60.720779      0.43305661      0.56694339       5.1929569        5.1929569       16.461849       16.461849
   0.0033016344       13.414054        62.32207      0.33804849      0.66195151       5.1929569        5.1929569       16.442195       16.442195
   0.0033078026       13.399284       61.066381      0.36712119      0.63287881       5.1929569        5.1929569       16.412655       16.412655
    0.003288328       13.392286       63.527828      0.42020863      0.57979137       5.1929569        5.1929569       16.398658       16.398658
   0.0033119195       13.372234       62.015576      0.42878734      0.57121266       5.1929569        5.1929569       16.358554       16.358554
   0.0033285301       13.367231       63.589334      0.31817685      0.68182315       5.1929569        5.1929569       16.348548       16.348548
   0.0033881262       13.349485       64.903284      0.40642975      0.59357025       5.1929569        5.1929569       16.313055       16.313055
   0.0035105381       13.313992       62.942954      0.42097492      0.57902508       5.1929569        5.1929569       16.242071       16.242071
   0.0035130086       13.313289       67.182191       0.2769303       0.7230697       5.1929569        5.1929569       16.240664       16.240664
   0.0034708962       13.311743       60.760974      0.38468782      0.61531218       5.1929569        5.1929569       16.237573       16.237573
   0.0034780682       13.309679       63.272017      0.32550382      0.67449618       5.1929569        5.1929569       16.233444       16.233444
   0.0034382727       13.307393       65.201704      0.40202021      0.59797979       5.1929569        5.1929569       16.228873       16.228873
   0.0034650819       13.299626       60.489896      0.40668452      0.59331548       5.1929569        5.1929569       16.213339       16.213339
   0.0034429983       13.292034        61.63663      0.35933139      0.64066861       5.1929569        5.1929569       16.198154       16.198154
   0.0034852476       13.279837       60.924335      0.42039104      0.57960896       5.1929569        5.1929569       16.173761       16.173761
   0.0034891129       13.278729       64.697289      0.30544798      0.69455202       5.1929569        5.1929569       16.171544       16.171544
    0.003443694       13.277443       63.071172       0.4184166       0.5815834       5.1929569        5.1929569       16.168972       16.168972
   0.0033751107       13.268986       65.441583      0.29641803      0.70358197       5.1929569        5.1929569       16.152059       16.152059
   0.0033862976       13.251492       62.004605      0.42164438      0.57835562       5.1929569        5.1929569       16.117071       16.117071
   0.0033432257       13.236123        62.18968      0.34971374      0.65028626       5.1929569        5.1929569       16.086332       16.086332
   0.0033528767        13.23324       63.493539      0.41352314      0.58647686       5.1929569        5.1929569       16.080567       16.080567
   0.0034039799       13.218113       60.960079       0.4115292       0.5884708       5.1929569        5.1929569       16.050313       16.050313
   0.0034329539       13.209638        66.74693        0.284153        0.715847       5.1929569        5.1929569       16.033362       16.033362
   0.0034367419       13.179547        62.15193      0.35409603      0.64590397       5.1929569        5.1929569       15.973181       15.973181
   0.0033889432       13.179164        61.17775      0.38513636      0.61486364       5.1929569        5.1929569       15.972415       15.972415
    0.003383856       13.166278       61.335572      0.41131894      0.58868106       5.1929569        5.1929569       15.946642       15.946642
   0.0034298124       13.152788       61.244761      0.38666973      0.61333027       5.1929569        5.1929569       15.919663       15.919663
   0.0033464836       13.148396       61.299378      0.38448326      0.61551674       5.1929569        5.1929569       15.910879       15.910879
   0.0032893489       13.137043       61.353225      0.40679008      0.59320992       5.1929569        5.1929569       15.888173       15.888173
   0.0032930221       13.135927       66.136082      0.29292072      0.70707928       5.1929569        5.1929569       15.885941       15.885941
    0.003304863       13.132338       61.840104      0.41220223      0.58779777       5.1929569        5.1929569       15.878762       15.878762
   0.0033221472       13.127122       66.885789      0.28545025      0.71454975       5.1929569        5.1929569       15.868329       15.868329
   0.0033232442       13.126791       61.579633      0.37535081      0.62464919       5.1929569        5.1929569       15.867669       15.867669
    0.003297433       13.119551       61.825143      0.36769825      0.63230175       5.1929569        5.1929569       15.853188       15.853188
   0.0033099268       13.115769       65.257037       0.3940405       0.6059595       5.1929569        5.1929569       15.845624       15.845624
   0.0032708187       13.112387        64.48638      0.40052351      0.59947649       5.1929569        5.1929569       15.838861       15.838861
   0.0032248695       13.111268       61.350788      0.39154837      0.60845163       5.1929569        5.1929569       15.836621       15.836621
   0.0032166058       13.098566       62.897983      0.40948757      0.59051243       5.1929569        5.1929569       15.811218       15.811218
   0.0032332219       13.093413        62.11336      0.40964061      0.59035939       5.1929569        5.1929569       15.800913       15.800913
   0.0032696744       13.066698       65.356946      0.30464813      0.69535187       5.1929569        5.1929569       15.747482       15.747482
    0.003219872       13.066543       61.561758      0.39509686      0.60490314       5.1929569        5.1929569       15.747171       15.747171
   0.0032582299         13.0547       61.617973      0.38965712      0.61034288       5.1929569        5.1929569       15.723487       15.723487
   0.0031940229        13.04335       63.066962      0.34244266      0.65755734       5.1929569        5.1929569       15.700787       15.700787
   0.0031194261       13.036211       61.760717      0.39671279      0.60328721       5.1929569        5.1929569       15.686508       15.686508
   0.0030909923         13.0301       62.164414      0.40339158      0.59660842       5.1929569        5.1929569       15.674287       15.674287
   0.0030797203       13.018486       62.734267      0.40410659      0.59589341       5.1929569        5.1929569       15.651059       15.651059
   0.0031014497       13.011455       63.299371      0.40245471      0.59754529       5.1929569        5.1929569       15.636997       15.636997
   0.0030672626       13.007035       65.446579      0.30589686      0.69410314       5.1929569        5.1929569       15.628157       15.628157
    0.003077469       13.003713       64.938972      0.31282075      0.68717925       5.1929569        5.1929569       15.621513       15.621513
   0.0030395407       13.000366       63.157402      0.40213832      0.59786168       5.1929569        5.1929569       15.614818       15.614818
   0.0029934198       12.984403       62.005112      0.39154807      0.60845193       5.1929569        5.1929569       15.582893       15.582893
   0.0030221468       12.974853        64.64545      0.31839454      0.68160546       5.1929569        5.1929569       15.563791       15.563791
   0.0029893515       12.970015       64.121432      0.32696336      0.67303664       5.1929569        5.1929569       15.554117       15.554117
   0.0029752979       12.958979       62.250747      0.39389382      0.60610618       5.1929569        5.1929569       15.532044       15.532044
   0.0029824007       12.956595       67.001345      0.29039988      0.70960012       5.1929569        5.1929569       15.527276       15.527276
   0.0029589941       12.948474       63.135428       0.3982385       0.6017615       5.1929569        5.1929569       15.511033       15.511033
    0.003009072       12.931691       62.351472      0.37423301      0.62576699       5.1929569        5.1929569       15.477469       15.477469
   0.0029137052       12.915888       62.514141      0.39104312      0.60895688       5.1929569        5.1929569       15.445863       15.445863
   0.0029160713       12.915076       63.387396      0.39524173      0.60475827       5.1929569        5.1929569       15.444239       15.444239
   0.0029180441         12.9144       62.780614      0.39406534      0.60593466       5.1929569        5.1929569       15.442887       15.442887
   0.0029201549       12.913677       63.512632      0.34179909      0.65820091       5.1929569        5.1929569        15.44144        15.44144
   0.0029264208       12.911534       62.608306      0.36634942      0.63365058       5.1929569        5.1929569       15.437153       15.437153
   0.0029373964        12.90779       62.660215      0.36496176      0.63503824       5.1929569        5.1929569       15.429666       15.429666
   0.0029164742       12.897844        63.37908      0.39382425      0.60617575       5.1929569        5.1929569       15.409774       15.409774
   0.0029337109       12.891951       62.743616      0.39058682      0.60941318       5.1929569        5.1929569       15.397989       15.397989
   0.0028886923       12.890024       62.504169      0.38093527      0.61906473       5.1929569        5.1929569       15.394134       15.394134
   0.0028407065       12.889383       65.085019      0.31611761      0.68388239       5.1929569        5.1929569       15.392852       15.392852
   0.0028436933       12.888332       63.834037      0.33704658      0.66295342       5.1929569        5.1929569       15.390751       15.390751
   0.0028575515       12.883471       63.395864       0.3925638       0.6074362       5.1929569        5.1929569       15.381028       15.381028
   0.0027585433       12.865623       65.097458      0.38338793      0.61661207       5.1929569        5.1929569       15.345333       15.345333
   0.0027282867        12.85926       64.634558      0.32461712      0.67538288       5.1929569        5.1929569       15.332607       15.332607
   0.0026928465       12.854944       62.814572      0.36832936      0.63167064       5.1929569        5.1929569       15.323974       15.323974
   0.0026974757       12.853226       63.070275      0.38827199      0.61172801       5.1929569        5.1929569       15.320538       15.320538
    0.002644246       12.820971        67.09519      0.29513322      0.70486678       5.1929569        5.1929569       15.256028       15.256028
   0.0026442595       12.820966        63.46757      0.38641514      0.61358486       5.1929569        5.1929569       15.256018       15.256018
   0.0026155314       12.814498       63.253806      0.38426907      0.61573093       5.1929569        5.1929569       15.243082       15.243082
   0.0025718313       12.813955       63.109374      0.38207939      0.61792061       5.1929569        5.1929569       15.241996       15.241996
    0.002584109       12.809192       63.036234      0.37828692      0.62171308       5.1929569        5.1929569       15.232471       15.232471
    0.002612737       12.798175       63.438506      0.38341925      0.61658075       5.1929569        5.1929569       15.210436       15.210436
   0.0026324834       12.790646       65.823758      0.31109871      0.68890129       5.1929569        5.1929569       15.195377       15.195377
    0.002592767       12.787498       63.389434      0.38134034      0.61865966       5.1929569        5.1929569       15.189083       15.189083
   0.0025101429       12.783517       63.848959      0.38305661      0.61694339       5.1929569        5.1929569        15.18112        15.18112
   0.0025236285       12.778159       63.274848      0.36468399      0.63531601       5.1929569        5.1929569       15.170404       15.170404
   0.0025258618       12.777274       66.691122      0.30142175      0.69857825       5.1929569        5.1929569       15.168635       15.168635
   0.0025043262       12.767145        64.86105      0.37869444      0.62130556       5.1929569        5.1929569       15.148375       15.148375
   0.0025221829        12.76004       63.905513      0.34634604      0.65365396       5.1929569        5.1929569       15.134165       15.134165
   0.0024767863       12.759154       66.213634       0.3078727       0.6921273       5.1929569        5.1929569       15.132395       15.132395
   0.0024097486       12.748853       64.098572      0.34290817      0.65709183       5.1929569        5.1929569       15.111793       15.111793
   0.0024157871       12.746351       64.944759      0.32669857      0.67330143       5.1929569        5.1929569       15.106788       15.106788
   0.0024323674       12.739511       65.003276      0.32620678      0.67379322       5.1929569        5.1929569       15.093108       15.093108
   0.0024361956       12.737938       63.521105      0.37174596      0.62825404       5.1929569        5.1929569       15.089963       15.089963
   0.0024484119       12.732936       66.422083      0.30680742      0.69319258       5.1929569        5.1929569       15.079959       15.079959
   0.0023701665        12.72541       65.375497      0.32126449      0.67873551       5.1929569        5.1929569       15.064907       15.064907
   0.0023713266       12.724921       64.172829      0.34372268      0.65627732       5.1929569        5.1929569       15.063928       15.063928
   0.0022937979       12.718156       63.954076      0.37519394      0.62480606       5.1929569        5.1929569       15.050399       15.050399
   0.0022568148       12.714608       63.826419      0.35534486      0.64465514       5.1929569        5.1929569       15.043302       15.043302
   0.0022331954       12.705326       63.876439      0.35544266      0.64455734       5.1929569        5.1929569       15.024739       15.024739
   0.0022077989       12.696961        63.83167      0.36046273      0.63953727       5.1929569        5.1929569       15.008009       15.008009
    0.002175759       12.691777       65.793089      0.31740281      0.68259719       5.1929569        5.1929569        14.99764        14.99764
    0.021975084        12.68183        64.98682      0.33102337      0.66897663       5.1929569        5.1929569       14.977747       14.977747
    0.013496747       12.609675       65.037623      0.33785767      0.66214233       5.1929569        5.1929569       14.833437       14.833437
    0.013529692       12.607237        64.97668      0.33966528      0.66033472       5.1929569        5.1929569       14.828561       14.828561
    0.013941216       12.577274        65.07937      0.34260482      0.65739518       5.1929569        5.1929569       14.768635       14.768635
    0.011252867       12.568357          65.108      0.34413354      0.65586646       5.1929569        5.1929569       14.750801       14.750801
    0.011294002       12.564709       65.059016      0.34889608      0.65110392       5.1929569        5.1929569       14.743503       14.743503
    0.011308423       12.563432       65.179217      0.34306848      0.65693152       5.1929569        5.1929569       14.740951       14.740951
    0.011440266       12.551841          65.212      0.34874774      0.65125226       5.1929569        5.1929569       14.717769       14.717769
