  0.100000000000000E+001  0.367613127690493E+002  0.445270233689858E+002  0.537105839967754E+000  0.380501888050317E+000  0.823922719819287E-001 -0.698471632011826E+001 -0.183806563845247E+002
  0.100000000000000E+001  0.305889064985908E+002  0.640718639852075E+002  0.117644076632672E+001  0.196890989111789E+001 -0.214535065744461E+001 -0.698471632011826E+001 -0.152944532492954E+002
  0.100000000000000E+001  0.297032718353634E+002  0.568247235928041E+002  0.441565381675443E+000  0.922771231945254E+000 -0.364336613620697E+000 -0.698471632011826E+001 -0.148516359176817E+002
  0.100000000000000E+001  0.228580785553966E+002  0.680361047542052E+002  0.862862910584159E+000  0.165698051614430E+001 -0.151984342672846E+001 -0.698471632011826E+001 -0.114290392776983E+002
  0.100000000000000E+001  0.284149186793222E+002  0.706805492514719E+002  0.111542856557383E+001  0.194171108089457E+001 -0.205713964646840E+001 -0.698471632011826E+001 -0.142074593396611E+002
  0.100000000000000E+001  0.228667347547568E+002  0.515530836111380E+002  0.258181570067743E+000  0.143468802869995E+000  0.598349627062262E+000 -0.698471632011826E+001 -0.114333673773784E+002
  0.100000000000000E+001  0.233337820717431E+002  0.796058407182244E+002  0.742333235294424E+000  0.167096984892028E+001 -0.141330308421471E+001 -0.698471632011826E+001 -0.116668910358715E+002
  0.100000000000000E+001  0.235598655303443E+002  0.572145819781528E+002  0.798696273064056E+000  0.832317692914182E+000 -0.631013965978238E+000 -0.698471632011826E+001 -0.117799327651722E+002
  0.100000000000000E+001  0.235707586869242E+002  0.830498140423936E+002  0.451461822807956E+000  0.130698160857183E+001 -0.758443431379783E+000 -0.698471632011826E+001 -0.117853793434621E+002
  0.100000000000000E+001  0.236127876505756E+002  0.601710340894927E+002  0.808713495685591E+000  0.932589002099113E+000 -0.741302497784704E+000 -0.698471632011826E+001 -0.118063938252878E+002
  0.100000000000000E+001  0.238559681434542E+002  0.676139006598045E+002  0.989836256275535E+000  0.158549283815062E+001 -0.157532909442615E+001 -0.698471632011826E+001 -0.119279840717271E+002
  0.100000000000000E+001  0.239860868098553E+002  0.733383624951772E+002  0.263225932120316E+000  0.455828206526574E+000  0.280945861353111E+000 -0.698471632011826E+001 -0.119930434049276E+002
  0.100000000000000E+001  0.240781810094612E+002  0.749077671580322E+002  0.716666472288526E+000  0.122744516603546E+001 -0.944111638323990E+000 -0.698471632011826E+001 -0.120390905047306E+002
  0.100000000000000E+001  0.258916552084046E+002  0.602743849651556E+002  0.547224682308554E+000  0.381454094902296E+000  0.713212227891508E-001 -0.698471632011826E+001 -0.129458276042023E+002
  0.100000000000000E+001  0.257774167888261E+002  0.735121918735314E+002  0.223065570719482E+000  0.375118869769658E+000  0.401815559510860E+000 -0.698471632011826E+001 -0.128887083944131E+002
  0.100000000000000E+001  0.242779691547830E+002  0.562507500167882E+002  0.923171515369053E+000  0.118066550656478E+001 -0.110383702193383E+001 -0.698471632011826E+001 -0.121389845773915E+002
  0.100000000000000E+001  0.186016229542272E+002  0.764925978483254E+002  0.263274464007153E+000  0.687093722178571E+000  0.496318138142757E-001 -0.698471632011826E+001 -0.930081147711359E+001
  0.100000000000000E+001  0.226264738095447E+002  0.566350585169665E+002  0.792752690117239E+000  0.111183111119449E+001 -0.904583801311726E+000 -0.698471632011826E+001 -0.113132369047723E+002
  0.100000000000000E+001  0.225646709942268E+002  0.576475115571937E+002  0.863753806475511E+000  0.117275423634956E+001 -0.103650804282507E+001 -0.698471632011826E+001 -0.112823354971134E+002
  0.100000000000000E+001  0.225071880478113E+002  0.804331714102398E+002  0.445024944248012E+000  0.978399450722100E+000 -0.423424394970113E+000 -0.698471632011826E+001 -0.112535940239057E+002
  0.100000000000000E+001  0.224450765614975E+002  0.648247873295936E+002  0.959882705750468E+000  0.152504566440135E+001 -0.148492837015182E+001 -0.698471632011826E+001 -0.112225382807487E+002
  0.100000000000000E+001  0.223842628494171E+002  0.642602784968047E+002  0.295588492955925E+000  0.827245131147657E+000 -0.122833624103582E+000 -0.698471632011826E+001 -0.111921314247086E+002
  0.100000000000000E+001  0.222995659248840E+002  0.515055166143048E+002  0.296215744637889E+000 -0.221876789798372E+000  0.925661045160484E+000 -0.698471632011826E+001 -0.111497829624420E+002
  0.100000000000000E+001  0.186096259499318E+002  0.721925533023506E+002  0.228238523261987E-001  0.330355161350353E+000  0.646820986323448E+000 -0.698471632011826E+001 -0.930481297496592E+001
  0.100000000000000E+001  0.221068391549762E+002  0.541852688399691E+002  0.289522630957085E+000  0.370563436484274E+000  0.339913932558641E+000 -0.698471632011826E+001 -0.110534195774881E+002
  0.100000000000000E+001  0.220783422539581E+002  0.576752754180038E+002  0.814094268211164E+000  0.115727879300337E+001 -0.971373061214537E+000 -0.698471632011826E+001 -0.110391711269791E+002
  0.100000000000000E+001  0.220009985629545E+002  0.499777097130837E+002  0.780596022974821E-001 -0.379875301839069E+000  0.130181569954159E+001 -0.698471632011826E+001 -0.110004992814773E+002
  0.100000000000000E+001  0.219570815898667E+002  0.650368170199986E+002  0.392261800850587E+000  0.399091960621196E+000  0.208646238528217E+000 -0.698471632011826E+001 -0.109785407949333E+002
  0.100000000000000E+001  0.219082664638372E+002  0.515686210227257E+002  0.125364219583470E+000 -0.494411467563629E+000  0.136904724798016E+001 -0.698471632011826E+001 -0.109541332319186E+002
  0.100000000000000E+001  0.218915803195298E+002  0.514586141957183E+002  0.575942349564968E-001 -0.605670454862962E+000  0.154807621990647E+001 -0.698471632011826E+001 -0.109457901597649E+002
  0.100000000000000E+001  0.218851186033994E+002  0.504395222570719E+002  0.899147353797997E-001 -0.299364924418994E+000  0.120945018903919E+001 -0.698471632011826E+001 -0.109425593016997E+002
  0.100000000000000E+001  0.218351062935256E+002  0.727320941600364E+002  0.424331050423055E+000  0.713310885417473E+000 -0.137641935840528E+000 -0.698471632011826E+001 -0.109175531467628E+002
  0.100000000000000E+001  0.218291307012614E+002  0.571487044419724E+002  0.415971971327915E+000  0.159737496687950E+000  0.424290531984135E+000 -0.698471632011826E+001 -0.109145653506307E+002
  0.100000000000000E+001  0.217989104074161E+002  0.507416756040994E+002  0.154464772674812E+000 -0.429308383692468E+000  0.127484361101766E+001 -0.698471632011826E+001 -0.108994552037080E+002
  0.100000000000000E+001  0.217097034180586E+002  0.690492267513348E+002  0.905370403475952E+000  0.165417898084344E+001 -0.155954938431939E+001 -0.698471632011826E+001 -0.108548517090293E+002
  0.100000000000000E+001  0.216631178318175E+002  0.734756078154795E+002  0.189490575298935E+000  0.403583613569150E+000  0.406925811131916E+000 -0.698471632011826E+001 -0.108315589159087E+002
  0.100000000000000E+001  0.216371032680676E+002  0.642046710381677E+002  0.838061423086027E+000  0.119430713881168E+001 -0.103236856189770E+001 -0.698471632011826E+001 -0.108185516340338E+002
  0.100000000000000E+001  0.215349452364614E+002  0.603013015042541E+002  0.564788402151589E+000  0.537817568329405E+000 -0.102605970480995E+000 -0.698471632011826E+001 -0.107674726182307E+002
  0.100000000000000E+001  0.214974930617622E+002  0.818112003404481E+002  0.323492236674962E+000  0.882569975105083E+000 -0.206062211780045E+000 -0.698471632011826E+001 -0.107487465308811E+002
  0.100000000000000E+001  0.186182906989357E+002  0.791414369741130E+002  0.308678256862585E+000  0.949675382178201E+000 -0.258353639040786E+000 -0.698471632011826E+001 -0.930914534946784E+001
  0.100000000000000E+001  0.213724027516182E+002  0.741040688585476E+002  0.669738109731191E+000  0.152221006934565E+001 -0.119194817907684E+001 -0.698471632011826E+001 -0.106862013758091E+002
  0.100000000000000E+001  0.213452355813961E+002  0.744457889821920E+002  0.663004046585307E+000  0.151736011426618E+001 -0.118036416085148E+001 -0.698471632011826E+001 -0.106726177906980E+002
  0.100000000000000E+001  0.213426501458098E+002  0.765045639064994E+002  0.100202008362314E+000  0.422985357757554E+000  0.476812633880132E+000 -0.698471632011826E+001 -0.106713250729049E+002
  0.100000000000000E+001  0.213249538151392E+002  0.731194980930711E+002  0.131783821826150E+000  0.324420985823668E+000  0.543795192350182E+000 -0.698471632011826E+001 -0.106624769075696E+002
  0.100000000000000E+001  0.213235829592287E+002  0.696237525423363E+002  0.895363825782958E+000  0.163900285083571E+001 -0.153436667661866E+001 -0.698471632011826E+001 -0.106617914796144E+002
  0.100000000000000E+001  0.213235080142108E+002  0.580704219876442E+002  0.755880156113390E+000  0.111688524148372E+001 -0.872765397597107E+000 -0.698471632011826E+001 -0.106617540071054E+002
  0.100000000000000E+001  0.212999056835372E+002  0.557567778034526E+002  0.835238252414838E-001 -0.406678982319384E+000  0.132315515707790E+001 -0.698471632011826E+001 -0.106499528417686E+002
  0.100000000000000E+001  0.212936703039730E+002  0.608187833100936E+002  0.504393286536620E+000  0.455498977711027E+000  0.401077357523529E-001 -0.698471632011826E+001 -0.106468351519865E+002
  0.100000000000000E+001  0.212547255769374E+002  0.507279797369808E+002  0.111790440321006E+000 -0.337778423943580E+000  0.122598798362257E+001 -0.698471632011826E+001 -0.106273627884687E+002
  0.100000000000000E+001  0.212284387414952E+002  0.779435729546319E+002  0.779312849654957E+000  0.163070609698855E+001 -0.141001894664351E+001 -0.698471632011826E+001 -0.106142193707476E+002
  0.100000000000000E+001  0.212228810039338E+002  0.659590850991700E+002  0.875909623201061E-001  0.497722034000747E+000  0.414687003679147E+000 -0.698471632011826E+001 -0.106114405019669E+002
  0.100000000000000E+001  0.212209291646668E+002  0.732166413150177E+002  0.459968000858251E+000  0.796459272084326E+000 -0.256427272942577E+000 -0.698471632011826E+001 -0.106104645823334E+002
  0.100000000000000E+001  0.212145672273938E+002  0.576694820143750E+002  0.548035761232954E+000  0.898005525305374E+000 -0.446041286538328E+000 -0.698471632011826E+001 -0.106072836136969E+002
  0.100000000000000E+001  0.212131045277826E+002  0.604952695063178E+002  0.242419873695060E+000  0.600739364075760E+000  0.156840762229180E+000 -0.698471632011826E+001 -0.106065522638913E+002
  0.100000000000000E+001  0.211787635415020E+002  0.697399073973501E+002  0.588842053106007E+000  0.898445312688465E+000 -0.487287365794472E+000 -0.698471632011826E+001 -0.105893817707510E+002
  0.100000000000000E+001  0.211231447076313E+002  0.689296323053714E+002  0.576354481982497E+000  0.852354221373847E+000 -0.428708703356344E+000 -0.698471632011826E+001 -0.105615723538157E+002
  0.100000000000000E+001  0.210347636580429E+002  0.834267902264609E+002  0.531288705236212E+000  0.127098027376879E+001 -0.802268979005004E+000 -0.698471632011826E+001 -0.105173818290215E+002
  0.100000000000000E+001  0.209740309042832E+002  0.560470865544791E+002  0.346332796925878E+000  0.415084265579315E-001  0.612158776516191E+000 -0.698471632011826E+001 -0.104870154521416E+002
  0.100000000000000E+001  0.209216518295378E+002  0.814563954720562E+002  0.302277431991584E+000  0.999543521737731E+000 -0.301820953729315E+000 -0.698471632011826E+001 -0.104608259147689E+002
  0.100000000000000E+001  0.209023840094923E+002  0.682688247647983E+002  0.139341098520737E+000  0.165623529869561E+000  0.695035371609702E+000 -0.698471632011826E+001 -0.104511920047461E+002
  0.100000000000000E+001  0.208949710845317E+002  0.819991317553449E+002  0.538946174377722E+000  0.122069647994443E+001 -0.759642654322150E+000 -0.698471632011826E+001 -0.104474855422659E+002
  0.100000000000000E+001  0.208786985726778E+002  0.543590960754356E+002  0.492606810321561E+000  0.297935718752446E+000  0.209457470925992E+000 -0.698471632011826E+001 -0.104393492863389E+002
  0.100000000000000E+001  0.208366851310408E+002  0.693789643186048E+002  0.472209648025700E+000  0.700169519490853E+000 -0.172379167516553E+000 -0.698471632011826E+001 -0.104183425655204E+002
  0.100000000000000E+001  0.208349000365921E+002  0.635821553270599E+002  0.813893489176855E+000  0.142479844853200E+001 -0.123869193770886E+001 -0.698471632011826E+001 -0.104174500182960E+002
  0.100000000000000E+001  0.207967187119790E+002  0.582891457314802E+002  0.679932750190231E+000  0.744627362782366E+000 -0.424560112972597E+000 -0.698471632011826E+001 -0.103983593559895E+002
  0.100000000000000E+001  0.207216930330427E+002  0.526782575408291E+002  0.467635123936099E-001 -0.509366078116355E+000  0.146260256572275E+001 -0.698471632011826E+001 -0.103608465165214E+002
  0.100000000000000E+001  0.206668556358485E+002  0.608205686613022E+002  0.620341528493919E+000  0.688374631581826E+000 -0.308716160075745E+000 -0.698471632011826E+001 -0.103334278179242E+002
  0.100000000000000E+001  0.186237880596353E+002  0.607928498077289E+002  0.584977252477700E+000  0.712864203657571E+000 -0.297841456135271E+000 -0.698471632011826E+001 -0.931189402981765E+001
  0.100000000000000E+001  0.206305897844731E+002  0.830460978264533E+002  0.382578664854475E+000  0.105809880612167E+001 -0.440677470976143E+000 -0.698471632011826E+001 -0.103152948922365E+002
  0.100000000000000E+001  0.205767094211213E+002  0.560433903670614E+002  0.227509729407604E+000 -0.138617253736703E+000  0.911107524329099E+000 -0.698471632011826E+001 -0.102883547105606E+002
  0.100000000000000E+001  0.205061273034624E+002  0.602597075490919E+002  0.354542879061922E+000  0.744018630282617E+000 -0.985615093445391E-001 -0.698471632011826E+001 -0.102530636517312E+002
  0.100000000000000E+001  0.205048667280950E+002  0.519926310068113E+002  0.139525948478632E+000 -0.177653689238565E+000  0.103812774075993E+001 -0.698471632011826E+001 -0.102524333640475E+002
  0.100000000000000E+001  0.204938915683565E+002  0.624755105216398E+002  0.850630812165716E+000  0.128579849291409E+001 -0.113642930507980E+001 -0.698471632011826E+001 -0.102469457841783E+002
  0.100000000000000E+001  0.204765482857767E+002  0.596125915158905E+002  0.186043219280623E+000  0.456398496201065E+000  0.357558284518312E+000 -0.698471632011826E+001 -0.102382741428884E+002
  0.100000000000000E+001  0.204722466735189E+002  0.598566714353173E+002  0.742035741817411E+000  0.117713374192943E+001 -0.919169483746838E+000 -0.698471632011826E+001 -0.102361233367595E+002
  0.100000000000000E+001  0.204435136141438E+002  0.674926207613658E+002  0.642309111358852E+000  0.939955494345310E+000 -0.582264605704162E+000 -0.698471632011826E+001 -0.102217568070719E+002
  0.100000000000000E+001  0.204407598509521E+002  0.609421602675835E+002  0.344769351215424E+000  0.218887414447131E+000  0.436343234337445E+000 -0.698471632011826E+001 -0.102203799254761E+002
  0.100000000000000E+001  0.203499246554879E+002  0.734943400798337E+002  0.749183769362955E+000  0.133548598431278E+001 -0.108466975367574E+001 -0.698471632011826E+001 -0.101749623277439E+002
  0.100000000000000E+001  0.203001031682684E+002  0.715079916226887E+002  0.440003977333829E+000  0.729451604393510E+000 -0.169455581727339E+000 -0.698471632011826E+001 -0.101500515841342E+002
  0.100000000000000E+001  0.202259354039019E+002  0.763757377108834E+002  0.178069095447434E+000  0.532034648888277E+000  0.289896255664289E+000 -0.698471632011826E+001 -0.101129677019509E+002
  0.100000000000000E+001  0.202243870744321E+002  0.765916003598772E+002  0.706336524442026E+000  0.135608864636007E+001 -0.106242517080209E+001 -0.698471632011826E+001 -0.101121935372161E+002
  0.100000000000000E+001  0.202016509777652E+002  0.656440225607962E+002  0.828917036798848E+000  0.147430036540634E+001 -0.130321740220519E+001 -0.698471632011826E+001 -0.101008254888826E+002
  0.100000000000000E+001  0.201796573863529E+002  0.634425968763920E+002  0.467224023947965E+000  0.512772121127032E+000  0.200038549250031E-001 -0.698471632011826E+001 -0.100898286931765E+002
  0.100000000000000E+001  0.201562367429292E+002  0.753507473155964E+002  0.383904411495646E+000  0.111705880052371E+001 -0.500963212019358E+000 -0.698471632011826E+001 -0.100781183714646E+002
  0.100000000000000E+001  0.201473476062268E+002  0.615385843291419E+002  0.741404922554752E+000  0.125296556846012E+001 -0.994370491014871E+000 -0.698471632011826E+001 -0.100736738031134E+002
  0.100000000000000E+001  0.200887464146476E+002  0.537257727587469E+002  0.190583441833930E+000  0.778494643936307E-001  0.731567093772439E+000 -0.698471632011826E+001 -0.100443732073238E+002
  0.100000000000000E+001  0.186268384765468E+002  0.633139572106201E+002  0.479738312427647E+000  0.580344221769711E+000 -0.600825341973584E-001 -0.698471632011826E+001 -0.931341923827339E+001
  0.100000000000000E+001  0.200418638473949E+002  0.555137869651972E+002  0.129638313062925E+000  0.130591690796402E+000  0.739769996140673E+000 -0.698471632011826E+001 -0.100209319236974E+002
  0.100000000000000E+001  0.200137390508092E+002  0.568168701414807E+002  0.468344772863022E+000  0.331003445552756E+000  0.200651781584223E+000 -0.698471632011826E+001 -0.100068695254046E+002
  0.100000000000000E+001  0.199755906041442E+002  0.707815750208542E+002  0.824604106043902E+000  0.157593589027872E+001 -0.140053999632262E+001 -0.698471632011826E+001 -0.998779530207212E+001
  0.100000000000000E+001  0.199520983147856E+002  0.575822226573305E+002  0.314576277946990E+000  0.791421116786895E-001  0.606281610374320E+000 -0.698471632011826E+001 -0.997604915739279E+001
  0.100000000000000E+001  0.199457412696659E+002  0.704069268877298E+002  0.188566418267561E+000  0.729118546019596E+000  0.823150357128428E-001 -0.698471632011826E+001 -0.997287063483295E+001
  0.100000000000000E+001  0.199097749019267E+002  0.563967830512811E+002  0.934810061503282E-001 -0.302952238193931E+000  0.120947123204360E+001 -0.698471632011826E+001 -0.995488745096333E+001
  0.100000000000000E+001  0.198700919951636E+002  0.619946548340516E+002  0.284291086547270E+000  0.687460348272329E+000  0.282485651804008E-001 -0.698471632011826E+001 -0.993504599758180E+001
  0.100000000000000E+001  0.198385969731989E+002  0.797824954771668E+002  0.576130569383752E+000  0.123356431335894E+001 -0.809694882742695E+000 -0.698471632011826E+001 -0.991929848659948E+001
  0.100000000000000E+001  0.198243271784215E+002  0.591350214435801E+002  0.454762899749458E+000  0.370069626249702E+000  0.175167474000840E+000 -0.698471632011826E+001 -0.991216358921074E+001
  0.100000000000000E+001  0.198030480515403E+002  0.751004866785655E+002  0.191381931535821E+000  0.774806971525498E+000  0.338110969386811E-001 -0.698471632011826E+001 -0.990152402577017E+001
  0.100000000000000E+001  0.197868221952016E+002  0.711894706888378E+002  0.171439326096989E+000  0.342186287407282E+000  0.486374386495729E+000 -0.698471632011826E+001 -0.989341109760078E+001
  0.100000000000000E+001  0.197743424166450E+002  0.634324371826046E+002  0.611574064191814E+000  0.780304562150255E+000 -0.391878626342069E+000 -0.698471632011826E+001 -0.988717120832248E+001
  0.100000000000000E+001  0.197558690962184E+002  0.817957200636955E+002  0.352868603042975E+000  0.101962572836089E+001 -0.372494331403861E+000 -0.698471632011826E+001 -0.987793454810918E+001
  0.100000000000000E+001  0.197388735021947E+002  0.623251187648168E+002  0.154873460322505E+000  0.485070876347150E+000  0.360055663330345E+000 -0.698471632011826E+001 -0.986943675109736E+001
  0.100000000000000E+001  0.197220850890930E+002  0.600636119902735E+002  0.677225890661636E+000  0.833238471549006E+000 -0.510464362210642E+000 -0.698471632011826E+001 -0.986104254454650E+001
  0.100000000000000E+001  0.197127414052048E+002  0.655792834946867E+002  0.247978552729255E+000  0.252460604064427E+000  0.499560843206318E+000 -0.698471632011826E+001 -0.985637070260241E+001
  0.100000000000000E+001  0.196714961206310E+002  0.658391188966672E+002  0.101525480402300E+000  0.573185966983738E-001  0.841155922899327E+000 -0.698471632011826E+001 -0.983574806031549E+001
  0.100000000000000E+001  0.196626102751566E+002  0.789402134958928E+002  0.289384770440579E+000  0.957250398076970E+000 -0.246635168517549E+000 -0.698471632011826E+001 -0.983130513757831E+001
  0.100000000000000E+001  0.196223036289603E+002  0.610068918016386E+002  0.115942652873186E+000  0.369606162717300E+000  0.514451184409514E+000 -0.698471632011826E+001 -0.981115181448017E+001
  0.100000000000000E+001  0.196012261883989E+002  0.554577699178944E+002  0.112261820016515E+000 -0.280890620442186E+000  0.116862880042567E+001 -0.698471632011826E+001 -0.980061309419944E+001
  0.100000000000000E+001  0.195961992588431E+002  0.605506163943730E+002  0.608713435291266E+000  0.704836347502140E+000 -0.313549782793406E+000 -0.698471632011826E+001 -0.979809962942153E+001
  0.100000000000000E+001  0.195088987761382E+002  0.553659864124536E+002  0.491386992856989E+000  0.448603824315695E+000  0.600091828273166E-001 -0.698471632011826E+001 -0.975444938806911E+001
  0.100000000000000E+001  0.194947765143404E+002  0.532523113594796E+002  0.465664415053465E-001 -0.324942982977924E+000  0.127837654147258E+001 -0.698471632011826E+001 -0.974738825717018E+001
  0.100000000000000E+001  0.194438121844729E+002  0.623653169721669E+002  0.173984091193958E-001 -0.176932744664287E+000  0.115953433554489E+001 -0.698471632011826E+001 -0.972190609223645E+001
  0.100000000000000E+001  0.194370769789547E+002  0.571695073741244E+002  0.268247377726785E+000  0.424075946698751E+000  0.307676675574464E+000 -0.698471632011826E+001 -0.971853848947735E+001
  0.100000000000000E+001  0.194263248796217E+002  0.783673103666619E+002  0.223852552326664E+000  0.696939701676215E+000  0.792077459971208E-001 -0.698471632011826E+001 -0.971316243981088E+001
  0.100000000000000E+001  0.194176444497949E+002  0.701467910082079E+002  0.479781335043747E+000  0.117957605556627E+001 -0.659357390610020E+000 -0.698471632011826E+001 -0.970882222489747E+001
  0.100000000000000E+001  0.194080901731806E+002  0.668031890408125E+002  0.708530082781762E+000  0.107833818184182E+001 -0.786868264623579E+000 -0.698471632011826E+001 -0.970404508659030E+001
  0.100000000000000E+001  0.193730475191998E+002  0.592381614712230E+002  0.215975496963578E+000  0.453114612285795E+000  0.330909890750628E+000 -0.698471632011826E+001 -0.968652375959988E+001
  0.100000000000000E+001  0.193609502766001E+002  0.551436730494239E+002  0.100613779167703E+000 -0.286421372225653E+000  0.118580759305795E+001 -0.698471632011826E+001 -0.968047513830003E+001
  0.100000000000000E+001  0.193551355096245E+002  0.565438043069254E+002  0.474358323375497E+000  0.386600003513961E+000  0.139041673110542E+000 -0.698471632011826E+001 -0.967756775481223E+001
  0.100000000000000E+001  0.193041196354957E+002  0.567066606850808E+002  0.563220847790196E+000  0.608483271573760E+000 -0.171704119363955E+000 -0.698471632011826E+001 -0.965205981774785E+001
  0.100000000000000E+001  0.192753348337272E+002  0.700351085269789E+002  0.660816485841410E+000  0.108556746683934E+001 -0.746383952680754E+000 -0.698471632011826E+001 -0.963766741686359E+001
  0.100000000000000E+001  0.192376907954523E+002  0.586022581166458E+002  0.467129822905138E+000  0.772824178961448E+000 -0.239954001866586E+000 -0.698471632011826E+001 -0.961884539772616E+001
  0.100000000000000E+001  0.192232413708138E+002  0.656971732552992E+002  0.800146524790166E+000  0.127511328302195E+001 -0.107525980781212E+001 -0.698471632011826E+001 -0.961162068540689E+001
  0.100000000000000E+001  0.192115042400039E+002  0.591483088166623E+002  0.568771104547792E+000  0.919621623176650E+000 -0.488392727724442E+000 -0.698471632011826E+001 -0.960575212000196E+001
  0.100000000000000E+001  0.191847759220096E+002  0.545428590296729E+002  0.277239081244077E+000  0.311292206650862E-001  0.691631698090837E+000 -0.698471632011826E+001 -0.959238796100479E+001
  0.100000000000000E+001  0.191539710324515E+002  0.671446167556626E+002  0.229907434956983E+000  0.296013655934211E+000  0.474078909108806E+000 -0.698471632011826E+001 -0.957698551622577E+001
  0.100000000000000E+001  0.191292878890859E+002  0.736135654955498E+002  0.496528610254188E+000  0.124870184560191E+001 -0.745230455856095E+000 -0.698471632011826E+001 -0.956464394454295E+001
  0.100000000000000E+001  0.191272147933036E+002  0.632020242666613E+002  0.466522209877561E+000  0.536913340222517E+000 -0.343555010007768E-002 -0.698471632011826E+001 -0.956360739665178E+001
  0.100000000000000E+001  0.191154510985835E+002  0.686313411395409E+002  0.152765841199162E+000  0.243637687659681E+000  0.603596471141157E+000 -0.698471632011826E+001 -0.955772554929174E+001
  0.100000000000000E+001  0.191071199912449E+002  0.545188435256634E+002  0.312152728582529E+000  0.206250915961434E+000  0.481596355456037E+000 -0.698471632011826E+001 -0.955355999562243E+001
  0.100000000000000E+001  0.190921613393904E+002  0.618223705253728E+002  0.719786042864091E+000  0.119114743385817E+001 -0.910933476722257E+000 -0.698471632011826E+001 -0.954608066969520E+001
  0.100000000000000E+001  0.190050357080458E+002  0.544456551487377E+002  0.230064289997242E+000  0.946530822712242E-001  0.675282627731534E+000 -0.698471632011826E+001 -0.950251785402290E+001
  0.100000000000000E+001  0.189793256226954E+002  0.551074299727580E+002  0.537179187411821E-001 -0.319736113408142E+000  0.126601819466696E+001 -0.698471632011826E+001 -0.948966281134772E+001
  0.100000000000000E+001  0.189610117739074E+002  0.804079047725330E+002  0.559109875564751E+000  0.134126072444896E+001 -0.900370600013709E+000 -0.698471632011826E+001 -0.948050588695370E+001
  0.100000000000000E+001  0.189552114378832E+002  0.638661029002835E+002  0.283867398605411E+000  0.269312186984084E+000  0.446820414410504E+000 -0.698471632011826E+001 -0.947760571894158E+001
  0.100000000000000E+001  0.189497807907837E+002  0.542888558854449E+002  0.458559496268711E-001 -0.297498768107343E+000  0.125164281848047E+001 -0.698471632011826E+001 -0.947489039539187E+001
  0.100000000000000E+001  0.189406987645650E+002  0.713153712914894E+002  0.590338049901454E+000  0.133787561063148E+001 -0.928213660532935E+000 -0.698471632011826E+001 -0.947034938228250E+001
  0.100000000000000E+001  0.189215204491338E+002  0.575716186316799E+002  0.485620307421367E+000  0.705470808771604E+000 -0.191091116192972E+000 -0.698471632011826E+001 -0.946076022456688E+001
  0.100000000000000E+001  0.186309609806760E+002  0.691107085748156E+002  0.142149809726368E+000  0.261797242173653E+000  0.596052948099978E+000 -0.698471632011826E+001 -0.931548049033798E+001
  0.100000000000000E+001  0.188694631888213E+002  0.767424072607843E+002  0.210607252850126E+000  0.630444037618352E+000  0.158948709531522E+000 -0.698471632011826E+001 -0.943473159441065E+001
  0.100000000000000E+001  0.188114220672775E+002  0.577101877187535E+002  0.282411566721787E+000  0.449034148819812E+000  0.268554284458401E+000 -0.698471632011826E+001 -0.940571103363874E+001
  0.100000000000000E+001  0.187745868376194E+002  0.645466422743058E+002  0.597814305571092E+000  0.118095373321473E+001 -0.778768038785824E+000 -0.698471632011826E+001 -0.938729341880972E+001
  0.100000000000000E+001  0.187410891479660E+002  0.775608178905288E+002  0.280393966760137E+000  0.916548793269106E+000 -0.196942760029243E+000 -0.698471632011826E+001 -0.937054457398302E+001
  0.100000000000000E+001  0.187172182344273E+002  0.675852134926720E+002  0.246460487290766E+000  0.347007081581502E+000  0.406532431127732E+000 -0.698471632011826E+001 -0.935860911721364E+001
  0.100000000000000E+001  0.187137395051335E+002  0.565439818401162E+002  0.323087412859793E+000  0.145044655765468E+000  0.531867931374738E+000 -0.698471632011826E+001 -0.935686975256674E+001
  0.100000000000000E+001  0.186974385664071E+002  0.554000210882210E+002  0.215811311604571E+000  0.160278147348286E+000  0.623910541047143E+000 -0.698471632011826E+001 -0.934871928320354E+001
  0.100000000000000E+001  0.186829021730562E+002  0.691563065701941E+002  0.359424185822720E+000  0.567091902383368E+000  0.734839117939118E-001 -0.698471632011826E+001 -0.934145108652813E+001
  0.100000000000000E+001  0.186819917616839E+002  0.762478657170805E+002  0.666947109472786E+000  0.132097289298731E+001 -0.987920002460092E+000 -0.698471632011826E+001 -0.934099588084194E+001
  0.100000000000000E+001  0.186739958528491E+002  0.564536868049394E+002  0.463656764427755E+000  0.448702789098583E+000  0.876404464736613E-001 -0.698471632011826E+001 -0.933699792642457E+001
  0.100000000000000E+001  0.186677732850880E+002  0.728164975566178E+002  0.383952522766593E+000  0.723315320570713E+000 -0.107267843337307E+000 -0.698471632011826E+001 -0.933388664254402E+001
  0.100000000000000E+001  0.186393992521526E+002  0.703385152662318E+002  0.551906396963279E+000  0.916823828621655E+000 -0.468730225584934E+000 -0.698471632011826E+001 -0.931969962607630E+001
  0.100000000000000E+001  0.185820434076362E+002  0.673922706226001E+002  0.524575897714538E+000  0.781384511122194E+000 -0.305960408836732E+000 -0.698471632011826E+001 -0.929102170381812E+001
  0.100000000000000E+001  0.185595157485610E+002  0.742165698617983E+002  0.740953046170699E+000  0.148742623015896E+001 -0.122837927632966E+001 -0.698471632011826E+001 -0.927975787428052E+001
  0.100000000000000E+001  0.185534912952087E+002  0.739827320194385E+002  0.198026361313757E+000  0.513645792074843E+000  0.288327846611399E+000 -0.698471632011826E+001 -0.927674564760434E+001
  0.100000000000000E+001  0.185389739117807E+002  0.580764651867292E+002  0.122070675994361E+000  0.204546716440149E+000  0.673382607565490E+000 -0.698471632011826E+001 -0.926948695589037E+001
  0.100000000000000E+001  0.185334524347717E+002  0.612949943845267E+002  0.707507582013733E+000  0.104314235126188E+001 -0.750649933275611E+000 -0.698471632011826E+001 -0.926672621738583E+001
  0.100000000000000E+001  0.185195331613980E+002  0.737471462591824E+002  0.746683025390722E+000  0.148474390689108E+001 -0.123142693228180E+001 -0.698471632011826E+001 -0.925976658069899E+001
  0.100000000000000E+001  0.185187794270816E+002  0.619510315190197E+002  0.531751097453557E-001 -0.109010005941444E+000  0.105583489619609E+001 -0.698471632011826E+001 -0.925938971354079E+001
  0.100000000000000E+001  0.185116049867403E+002  0.640387510741288E+002  0.638797808780768E+000  0.899405867008341E+000 -0.538203675789109E+000 -0.698471632011826E+001 -0.925580249337013E+001
  0.100000000000000E+001  0.184992770982989E+002  0.596346756590925E+002  0.109814070469230E-001 -0.241194889557427E+000  0.123021348251050E+001 -0.698471632011826E+001 -0.924963854914947E+001
  0.100000000000000E+001  0.184958431480148E+002  0.643001749894508E+002  0.515753285301453E+000  0.676620690218840E+000 -0.192373975520293E+000 -0.698471632011826E+001 -0.924792157400742E+001
  0.100000000000000E+001  0.184940692862325E+002  0.762737934887605E+002  0.191232603778552E+000  0.728095955401121E+000  0.806714408203270E-001 -0.698471632011826E+001 -0.924703464311627E+001
  0.100000000000000E+001  0.184870600509098E+002  0.662976983424927E+002  0.672513245976079E+000  0.130750590151191E+001 -0.980019147487992E+000 -0.698471632011826E+001 -0.924353002545491E+001
  0.100000000000000E+001  0.184843415605793E+002  0.682565132060614E+002  0.725499847095072E+000  0.140671254480496E+001 -0.113221239190003E+001 -0.698471632011826E+001 -0.924217078028964E+001
  0.100000000000000E+001  0.184711606691162E+002  0.684758193103530E+002  0.507155253299637E+000  0.116423960338105E+001 -0.671394856680689E+000 -0.698471632011826E+001 -0.923558033455811E+001
  0.100000000000000E+001  0.184631326056137E+002  0.564321914671032E+002  0.163983693590275E+000  0.157168022083277E+000  0.678848284326448E+000 -0.698471632011826E+001 -0.923156630280687E+001
  0.100000000000000E+001  0.184475520233177E+002  0.644094955801843E+002  0.193733787752418E+000  0.171121414518089E+000  0.635144797729493E+000 -0.698471632011826E+001 -0.922377601165883E+001
  0.100000000000000E+001  0.184250273848932E+002  0.622855531357626E+002  0.118516355894950E+000 -0.627267878448157E-002  0.887756322889531E+000 -0.698471632011826E+001 -0.921251369244659E+001
  0.100000000000000E+001  0.184087047259075E+002  0.686591059346884E+002  0.516737079511773E+000  0.117967314436665E+001 -0.696410223878420E+000 -0.698471632011826E+001 -0.920435236295373E+001
  0.100000000000000E+001  0.183936827369744E+002  0.612095564026860E+002  0.676844256844078E+000  0.950921631200841E+000 -0.627765888044919E+000 -0.698471632011826E+001 -0.919684136848722E+001
  0.100000000000000E+001  0.183887535551218E+002  0.716684679355349E+002  0.721902472788337E+000  0.146327237251547E+001 -0.118517484530380E+001 -0.698471632011826E+001 -0.919437677756089E+001
  0.100000000000000E+001  0.183569424705557E+002  0.795203774762252E+002  0.330660320413008E+000  0.962198022365823E+000 -0.292858342778830E+000 -0.698471632011826E+001 -0.917847123527786E+001
  0.100000000000000E+001  0.183406883708247E+002  0.615709665580459E+002  0.539363324458784E+000  0.978033865819011E+000 -0.517397190277795E+000 -0.698471632011826E+001 -0.917034418541237E+001
  0.100000000000000E+001  0.182989036759784E+002  0.626878552096383E+002  0.725269152773764E+000  0.112147175344583E+001 -0.846740906219596E+000 -0.698471632011826E+001 -0.914945183798921E+001
  0.100000000000000E+001  0.182935529866713E+002  0.670174876080766E+002  0.249258922810247E+000  0.344105777893905E+000  0.406635299295848E+000 -0.698471632011826E+001 -0.914677649333566E+001
  0.100000000000000E+001  0.182703894877167E+002  0.600219437489973E+002  0.617177365998533E+000  0.950723959524026E+000 -0.567901325522560E+000 -0.698471632011826E+001 -0.913519474385833E+001
  0.100000000000000E+001  0.182667545631430E+002  0.578048698319607E+002  0.217470997149241E+000  0.161209003558129E-001  0.766408102494946E+000 -0.698471632011826E+001 -0.913337728157149E+001
  0.100000000000000E+001  0.182559608099874E+002  0.648655638811097E+002  0.641640352394409E+000  0.937437631229895E+000 -0.579077983624305E+000 -0.698471632011826E+001 -0.912798040499370E+001
  0.100000000000000E+001  0.182377331182680E+002  0.672855199588210E+002  0.242341137059775E-002  0.482115734138917E-001  0.949365015215511E+000 -0.698471632011826E+001 -0.911886655913400E+001
  0.100000000000000E+001  0.182298914503927E+002  0.564558684535509E+002  0.364345546034642E+000  0.279036167825081E+000  0.356618286140276E+000 -0.698471632011826E+001 -0.911494572519637E+001
  0.100000000000000E+001  0.182228704273677E+002  0.614695425129180E+002  0.293830273641255E+000  0.633494415735166E+000  0.726753106235797E-001 -0.698471632011826E+001 -0.911143521368383E+001
  0.100000000000000E+001  0.182097400030011E+002  0.738764457653380E+002  0.486413981598220E+000  0.929260442124700E+000 -0.415674423722920E+000 -0.698471632011826E+001 -0.910487000150055E+001
  0.100000000000000E+001  0.182057487622940E+002  0.680438808495900E+002  0.758827781726951E+000  0.129252612320257E+001 -0.105135390492952E+001 -0.698471632011826E+001 -0.910287438114701E+001
  0.100000000000000E+001  0.181915159009957E+002  0.586184598995374E+002  0.492432098966345E+000  0.525592194860376E+000 -0.180242938267215E-001 -0.698471632011826E+001 -0.909575795049786E+001
  0.100000000000000E+001  0.181662241842393E+002  0.558504882763335E+002  0.190386018282758E+000  0.108302325585767E+000  0.701311656131475E+000 -0.698471632011826E+001 -0.908311209211964E+001
  0.100000000000000E+001  0.181482011878596E+002  0.684163544060117E+002  0.146892479777870E+000  0.579710709034841E+000  0.273396811187289E+000 -0.698471632011826E+001 -0.907410059392982E+001
  0.100000000000000E+001  0.181282341478190E+002  0.646015910553060E+002  0.485523713398442E-001 -0.236707432613370E-002  0.953814702986289E+000 -0.698471632011826E+001 -0.906411707390951E+001
  0.100000000000000E+001  0.181240483235005E+002  0.709321898000280E+002  0.501645694773455E+000  0.864319296608533E+000 -0.365964991381988E+000 -0.698471632011826E+001 -0.906202416175024E+001
  0.100000000000000E+001  0.181215669657564E+002  0.625036296723524E+002  0.522140067486676E+000  0.990535885723594E+000 -0.512675953210269E+000 -0.698471632011826E+001 -0.906078348287821E+001
  0.100000000000000E+001  0.181143278765307E+002  0.603724100264876E+002  0.212472267412152E+000  0.453297520346088E+000  0.334230212241760E+000 -0.698471632011826E+001 -0.905716393826535E+001
  0.100000000000000E+001  0.181074261651448E+002  0.755341859697045E+002  0.318336249547124E+000  0.965072708685506E+000 -0.283408958232630E+000 -0.698471632011826E+001 -0.905371308257239E+001
  0.100000000000000E+001  0.180802786770086E+002  0.596020832678957E+002  0.213726796251115E+000  0.416601090924630E+000  0.369672112824255E+000 -0.698471632011826E+001 -0.904013933850431E+001
  0.100000000000000E+001  0.180654978817499E+002  0.751010933137921E+002  0.614014499502449E+000  0.119687309782342E+001 -0.810887597325869E+000 -0.698471632011826E+001 -0.903274894087496E+001
  0.100000000000000E+001  0.180246747429874E+002  0.754980661732413E+002  0.181883039242995E+000  0.589043130470970E+000  0.229073830286035E+000 -0.698471632011826E+001 -0.901233737149372E+001
  0.100000000000000E+001  0.180191021579068E+002  0.687564884850691E+002  0.750054183333003E+000  0.130198031981689E+001 -0.105203450314989E+001 -0.698471632011826E+001 -0.900955107895338E+001
  0.100000000000000E+001  0.180182622998965E+002  0.737452742094370E+002  0.168230675067695E+000  0.492008350288135E+000  0.339760974644170E+000 -0.698471632011826E+001 -0.900913114994827E+001
  0.100000000000000E+001  0.180102930406867E+002  0.701111442113953E+002  0.740904927726860E+000  0.131602132230067E+001 -0.105692625002753E+001 -0.698471632011826E+001 -0.900514652034336E+001
  0.100000000000000E+001  0.180064240341812E+002  0.711909684488686E+002  0.355761991064465E-001  0.280623332316502E+000  0.683800468577052E+000 -0.698471632011826E+001 -0.900321201709058E+001
  0.100000000000000E+001  0.180011928950866E+002  0.730560542559611E+002  0.356480214114453E+000  0.708264939147906E+000 -0.647451532623593E-001 -0.698471632011826E+001 -0.900059644754331E+001
  0.100000000000000E+001  0.179933017663056E+002  0.586984257105236E+002  0.553593643407281E+000  0.739013498283212E+000 -0.292607141690493E+000 -0.698471632011826E+001 -0.899665088315279E+001
  0.100000000000000E+001  0.179927366948296E+002  0.704320910589956E+002  0.669973759621927E+000  0.138533379352263E+001 -0.105530755314455E+001 -0.698471632011826E+001 -0.899636834741480E+001
  0.100000000000000E+001  0.179892232622658E+002  0.626208038269356E+002  0.518101633675710E+000  0.655480088724322E+000 -0.173581722400032E+000 -0.698471632011826E+001 -0.899461163113292E+001
  0.100000000000000E+001  0.179882295544369E+002  0.580786473841858E+002  0.106151569410894E-001 -0.248351288026122E+000  0.123773613108503E+001 -0.698471632011826E+001 -0.899411477721845E+001
  0.100000000000000E+001  0.179805099008340E+002  0.569657461920422E+002  0.258092283616912E+000  0.964278484665342E-001  0.645479867916554E+000 -0.698471632011826E+001 -0.899025495041700E+001
  0.100000000000000E+001  0.179757457217664E+002  0.558641513240571E+002  0.129073959540496E+000 -0.419121457172360E-001  0.912838186176740E+000 -0.698471632011826E+001 -0.898787286088320E+001
  0.100000000000000E+001  0.179694337118421E+002  0.704424194766984E+002  0.503273850698114E+000  0.118571710551167E+001 -0.688990956209786E+000 -0.698471632011826E+001 -0.898471685592103E+001
  0.100000000000000E+001  0.179641253430842E+002  0.772724005210314E+002  0.565813556552108E+000  0.118910112818512E+001 -0.754914684737231E+000 -0.698471632011826E+001 -0.898206267154208E+001
  0.100000000000000E+001  0.179496459433525E+002  0.716291680146689E+002  0.299789119029317E+000  0.580866248507395E+000  0.119344632463289E+000 -0.698471632011826E+001 -0.897482297167625E+001
  0.100000000000000E+001  0.179472789830807E+002  0.561367829553966E+002  0.804443960673161E-001 -0.843721686889634E-001  0.100392777262165E+001 -0.698471632011826E+001 -0.897363949154035E+001
  0.100000000000000E+001  0.179303048671660E+002  0.593223030754990E+002  0.576086844064353E+000  0.760621492277805E+000 -0.336708336342157E+000 -0.698471632011826E+001 -0.896515243358300E+001
  0.100000000000000E+001  0.179299606232234E+002  0.597574842370595E+002  0.210879621977848E+000  0.705857125763467E-001  0.718534665445805E+000 -0.698471632011826E+001 -0.896498031161168E+001
  0.100000000000000E+001  0.179182053439899E+002  0.561376776131326E+002  0.750463608438975E-001 -0.112744243866257E+000  0.103769788302236E+001 -0.698471632011826E+001 -0.895910267199494E+001
  0.100000000000000E+001  0.178942688167276E+002  0.761377536670145E+002  0.229857470006396E+000  0.786910033228771E+000 -0.167675032351667E-001 -0.698471632011826E+001 -0.894713440836380E+001
  0.100000000000000E+001  0.178903938412260E+002  0.626406073204983E+002  0.283865556029910E+000  0.266996436154826E+000  0.449138007815263E+000 -0.698471632011826E+001 -0.894519692061300E+001
  0.100000000000000E+001  0.178875795527324E+002  0.643748725776543E+002  0.608953483729509E+000  0.115488003591521E+001 -0.763833519644716E+000 -0.698471632011826E+001 -0.894378977636621E+001
  0.100000000000000E+001  0.178654143545829E+002  0.617964063369764E+002  0.642684567630540E+000  0.105524381152470E+001 -0.697928379155244E+000 -0.698471632011826E+001 -0.893270717729147E+001
  0.100000000000000E+001  0.178630799158675E+002  0.771786818755177E+002  0.524685846488007E+000  0.111576847301987E+001 -0.640454319507872E+000 -0.698471632011826E+001 -0.893153995793373E+001
  0.100000000000000E+001  0.178549538355408E+002  0.626465279985264E+002  0.232229550432111E+000  0.568834816674148E+000  0.198935632893742E+000 -0.698471632011826E+001 -0.892747691777041E+001
  0.100000000000000E+001  0.178509825670281E+002  0.789000239426625E+002  0.516699736158565E+000  0.125747952036203E+001 -0.774179256520592E+000 -0.698471632011826E+001 -0.892549128351403E+001
  0.100000000000000E+001  0.178360809279805E+002  0.568411992667439E+002  0.121756089185155E+000 -0.100685439984618E+000  0.978929350799463E+000 -0.698471632011826E+001 -0.891804046399026E+001
  0.100000000000000E+001  0.178293397552663E+002  0.715542429160351E+002  0.146907046859180E+000  0.609828259669144E+000  0.243264693471676E+000 -0.698471632011826E+001 -0.891466987763317E+001
  0.100000000000000E+001  0.178282707512677E+002  0.791708387128866E+002  0.414326794089073E+000  0.103299078615344E+001 -0.447317580242510E+000 -0.698471632011826E+001 -0.891413537563384E+001
  0.100000000000000E+001  0.178272155039509E+002  0.577823079968671E+002  0.461775505184658E-001  0.258251232543660E-002  0.951239937156098E+000 -0.698471632011826E+001 -0.891360775197545E+001
  0.100000000000000E+001  0.178130555055816E+002  0.704685866395312E+002  0.518698286796479E+000  0.887936011299558E+000 -0.406634298096036E+000 -0.698471632011826E+001 -0.890652775279079E+001
  0.100000000000000E+001  0.178076667224470E+002  0.619991816446479E+002  0.437651588116661E+000  0.503898751398139E+000  0.584496604852006E-001 -0.698471632011826E+001 -0.890383336122351E+001
  0.100000000000000E+001  0.178038823253344E+002  0.725336151426836E+002  0.412622458192830E+000  0.108296512066201E+001 -0.495587578854837E+000 -0.698471632011826E+001 -0.890194116266721E+001
  0.100000000000000E+001  0.177786472100745E+002  0.721784018031239E+002  0.692307383489461E+000  0.127462442624604E+001 -0.966931809735501E+000 -0.698471632011826E+001 -0.888932360503727E+001
  0.100000000000000E+001  0.177692119138315E+002  0.562582627201346E+002  0.163335665025450E+000  0.403385427764986E-001  0.796325792198051E+000 -0.698471632011826E+001 -0.888460595691577E+001
  0.100000000000000E+001  0.177569298629939E+002  0.695548152549224E+002  0.615988921299033E-001  0.408837900744433E+000  0.529563207125664E+000 -0.698471632011826E+001 -0.887846493149693E+001
  0.100000000000000E+001  0.177541161001702E+002  0.756101161044796E+002  0.199250377084298E+000  0.713118112140483E+000  0.876315107752191E-001 -0.698471632011826E+001 -0.887705805008511E+001
  0.100000000000000E+001  0.177302024709236E+002  0.623528526199465E+002  0.623120696025689E+000  0.877459378747408E+000 -0.500580074773096E+000 -0.698471632011826E+001 -0.886510123546178E+001
  0.100000000000000E+001  0.177187448348436E+002  0.624215884684565E+002  0.666931391847135E+000  0.997340468216700E+000 -0.664271860063835E+000 -0.698471632011826E+001 -0.885937241742180E+001
  0.100000000000000E+001  0.177119113503357E+002  0.761979515391526E+002  0.646856445094094E+000  0.133447023245820E+001 -0.981326677552298E+000 -0.698471632011826E+001 -0.885595567516784E+001
  0.100000000000000E+001  0.177111785258665E+002  0.627226636128242E+002  0.373298904491437E+000  0.418672729426078E+000  0.208028366082485E+000 -0.698471632011826E+001 -0.885558926293327E+001
  0.100000000000000E+001  0.176981537811472E+002  0.620287783729099E+002  0.645109404487501E+000  0.105461138063353E+001 -0.699720785121034E+000 -0.698471632011826E+001 -0.884907689057359E+001
  0.100000000000000E+001  0.176704837570517E+002  0.593031943981607E+002  0.165496051194250E+000  0.659053452733271E-002  0.827913414278417E+000 -0.698471632011826E+001 -0.883524187852587E+001
  0.100000000000000E+001  0.176610036784353E+002  0.705589031336772E+002  0.166025762884084E+000  0.377150118185913E+000  0.456824118930003E+000 -0.698471632011826E+001 -0.883050183921763E+001
  0.100000000000000E+001  0.176529414538160E+002  0.638378429838514E+002  0.703051287845826E+000  0.112905664150536E+001 -0.832107929351183E+000 -0.698471632011826E+001 -0.882647072690802E+001
  0.100000000000000E+001  0.176400909175159E+002  0.764121043330214E+002  0.640669596974018E+000  0.133933503559682E+001 -0.980004632570835E+000 -0.698471632011826E+001 -0.882004545875797E+001
  0.100000000000000E+001  0.176339315785541E+002  0.676989718474041E+002  0.945649921887631E-001  0.450093490637278E+000  0.455341517173959E+000 -0.698471632011826E+001 -0.881696578927706E+001
  0.100000000000000E+001  0.176116375884489E+002  0.633390919202944E+002  0.172549933742089E+000  0.136506383697496E+000  0.690943682560415E+000 -0.698471632011826E+001 -0.880581879422443E+001
  0.100000000000000E+001  0.176116264922010E+002  0.681524807158992E+002  0.990347080010323E-001  0.465687536304243E+000  0.435277755694725E+000 -0.698471632011826E+001 -0.880581324610052E+001
  0.100000000000000E+001  0.175771239144275E+002  0.591624457492732E+002  0.174884629659288E+000  0.231488026234361E-001  0.801966567717276E+000 -0.698471632011826E+001 -0.878856195721377E+001
  0.100000000000000E+001  0.175598839176524E+002  0.654349170907347E+002  0.344568650982137E+000  0.828156915242451E+000 -0.172725566224587E+000 -0.698471632011826E+001 -0.877994195882619E+001
  0.100000000000000E+001  0.175575671102476E+002  0.634153340998684E+002  0.658612940964601E+000  0.990172633608554E+000 -0.648785574573156E+000 -0.698471632011826E+001 -0.877878355512381E+001
  0.100000000000000E+001  0.175467808435593E+002  0.660990707059860E+002  0.360253988475559E+000  0.504374385284326E+000  0.135371626240115E+000 -0.698471632011826E+001 -0.877339042177963E+001
  0.100000000000000E+001  0.175450000653942E+002  0.571789417069434E+002  0.173217333993134E+000  0.767369217693847E-002  0.819108973829928E+000 -0.698471632011826E+001 -0.877250003269712E+001
  0.100000000000000E+001  0.175366852297834E+002  0.588947185225809E+002  0.485447411670172E+000  0.580250471437000E+000 -0.656978831071724E-001 -0.698471632011826E+001 -0.876834261489170E+001
  0.100000000000000E+001  0.175123705754676E+002  0.576696362267639E+002  0.356243048438438E+000  0.325940150982450E+000  0.317816800579112E+000 -0.698471632011826E+001 -0.875618528773380E+001
  0.100000000000000E+001  0.175051973098405E+002  0.594795608896290E+002  0.526067354187315E+000  0.673867551520797E+000 -0.199934905708113E+000 -0.698471632011826E+001 -0.875259865492027E+001
  0.100000000000000E+001  0.175015935412454E+002  0.681437735805403E+002  0.173437783212855E+000  0.604494245155710E+000  0.222067971631435E+000 -0.698471632011826E+001 -0.875079677062270E+001
  0.100000000000000E+001  0.174851000101010E+002  0.630819440800449E+002  0.138924135202083E+000  0.876189075402776E-001  0.773456957257640E+000 -0.698471632011826E+001 -0.874255000505052E+001
  0.100000000000000E+001  0.174798986766629E+002  0.609510875663819E+002  0.359722351728032E-001 -0.109014382217293E+000  0.107304214704449E+001 -0.698471632011826E+001 -0.873994933833145E+001
  0.100000000000000E+001  0.174640720039653E+002  0.670011383403595E+002  0.702778571149943E+000  0.129989122268489E+001 -0.100266979383484E+001 -0.698471632011826E+001 -0.873203600198268E+001
  0.100000000000000E+001  0.174595021687079E+002  0.647994478644684E+002  0.148299495694282E+000  0.480235766775138E+000  0.371464737530580E+000 -0.698471632011826E+001 -0.872975108435395E+001
  0.100000000000000E+001  0.174514123022615E+002  0.663220000706127E+002  0.693862158072938E+000  0.127210577429980E+001 -0.965967932372742E+000 -0.698471632011826E+001 -0.872570615113076E+001
  0.100000000000000E+001  0.174478506791306E+002  0.670699450586200E+002  0.320848610771352E+000  0.831148705081123E+000 -0.151997315852475E+000 -0.698471632011826E+001 -0.872392533956532E+001
  0.100000000000000E+001  0.174412712927374E+002  0.671630797449651E+002  0.393488540394475E-001  0.316731504151136E+000  0.643919641809416E+000 -0.698471632011826E+001 -0.872063564636870E+001
  0.100000000000000E+001  0.174394561993221E+002  0.632212654485743E+002  0.536215387416763E+000  0.100918993855104E+001 -0.545405325967802E+000 -0.698471632011826E+001 -0.871972809966106E+001
  0.100000000000000E+001  0.174387449679485E+002  0.647185520264135E+002  0.132287733217391E-002 -0.134884525778718E-001  0.101216557524570E+001 -0.698471632011826E+001 -0.871937248397425E+001
  0.100000000000000E+001  0.174279046425696E+002  0.761243410301066E+002  0.453486762373554E+000  0.976415780079665E+000 -0.429902542453219E+000 -0.698471632011826E+001 -0.871395232128478E+001
  0.100000000000000E+001  0.174257050220806E+002  0.629183498808358E+002  0.587815015241289E+000  0.828397894409759E+000 -0.416212909651048E+000 -0.698471632011826E+001 -0.871285251104028E+001
  0.100000000000000E+001  0.174194026926608E+002  0.592928186013852E+002  0.516649036651289E+000  0.721504397075047E+000 -0.238153433726336E+000 -0.698471632011826E+001 -0.870970134633040E+001
  0.100000000000000E+001  0.174099835608066E+002  0.604807471310197E+002  0.534584300591099E+000  0.854593871796602E+000 -0.389178172387701E+000 -0.698471632011826E+001 -0.870499178040331E+001
  0.100000000000000E+001  0.174056393275137E+002  0.704695499100584E+002  0.691480240254374E+000  0.123952344320509E+001 -0.931003683459467E+000 -0.698471632011826E+001 -0.870281966375686E+001
  0.100000000000000E+001  0.174030860880810E+002  0.596859439714479E+002  0.280740502304525E+000  0.491778456302325E+000  0.227481041393150E+000 -0.698471632011826E+001 -0.870154304404049E+001
  0.100000000000000E+001  0.173932254005116E+002  0.685817843968162E+002  0.902485964171586E-001  0.227779136840149E+000  0.681972266742692E+000 -0.698471632011826E+001 -0.869661270025581E+001
  0.100000000000000E+001  0.173816969809075E+002  0.636434099830360E+002  0.178564507273533E+000  0.496078155370308E+000  0.325357337356159E+000 -0.698471632011826E+001 -0.869084849045377E+001
  0.100000000000000E+001  0.173750115903657E+002  0.605288225101072E+002  0.581391420263129E+000  0.844832605886544E+000 -0.426224026149673E+000 -0.698471632011826E+001 -0.868750579518284E+001
  0.100000000000000E+001  0.173649017573543E+002  0.581969205011291E+002  0.362312543031125E+000  0.490486282406535E+000  0.147201174562339E+000 -0.698471632011826E+001 -0.868245087867714E+001
  0.100000000000000E+001  0.173455807385500E+002  0.700459434037237E+002  0.274667964092320E+000  0.511002520649020E+000  0.214329515258660E+000 -0.698471632011826E+001 -0.867279036927498E+001
  0.100000000000000E+001  0.173379136830966E+002  0.584461406963183E+002  0.252999814647878E+000  0.150810429144927E+000  0.596189756207195E+000 -0.698471632011826E+001 -0.866895684154829E+001
  0.100000000000000E+001  0.173350938289642E+002  0.767668792771620E+002  0.470925085813059E+000  0.103188057881098E+001 -0.502805664624039E+000 -0.698471632011826E+001 -0.866754691448213E+001
  0.100000000000000E+001  0.173204291730154E+002  0.635062130615448E+002  0.483871878070310E+000  0.645547179679343E+000 -0.129419057749654E+000 -0.698471632011826E+001 -0.866021458650769E+001
  0.100000000000000E+001  0.173153766469205E+002  0.784509368475704E+002  0.501980691960372E+000  0.120296679633049E+001 -0.704947488290859E+000 -0.698471632011826E+001 -0.865768832346025E+001
  0.100000000000000E+001  0.173150657161902E+002  0.608302622444422E+002  0.139810939923751E+000  0.297886531194176E-001  0.830400406956831E+000 -0.698471632011826E+001 -0.865753285809511E+001
  0.100000000000000E+001  0.173149881473682E+002  0.691475246942343E+002  0.109992201487674E+000  0.490449480719397E+000  0.399558317792929E+000 -0.698471632011826E+001 -0.865749407368410E+001
  0.100000000000000E+001  0.173035733765324E+002  0.573950541204452E+002  0.260444455720254E+000  0.263868777105670E+000  0.475686767174076E+000 -0.698471632011826E+001 -0.865178668826621E+001
  0.100000000000000E+001  0.173002153300031E+002  0.616854397443249E+002  0.234979027043521E+000  0.514331543808081E+000  0.250689429148398E+000 -0.698471632011826E+001 -0.865010766500154E+001
  0.100000000000000E+001  0.172925115430395E+002  0.761008808688569E+002  0.298703462458857E+000  0.766819117479322E+000 -0.655225799381784E-001 -0.698471632011826E+001 -0.864625577151975E+001
  0.100000000000000E+001  0.172871289142474E+002  0.694536035545717E+002  0.242746891926558E+000  0.449107637675121E+000  0.308145470398321E+000 -0.698471632011826E+001 -0.864356445712368E+001
  0.100000000000000E+001  0.172828500821338E+002  0.596332752681208E+002  0.262625001147486E+000  0.185620670387915E+000  0.551754328464599E+000 -0.698471632011826E+001 -0.864142504106688E+001
  0.100000000000000E+001  0.172799686663004E+002  0.675154014744194E+002  0.604086969089699E+000  0.975403649731748E+000 -0.579490618821448E+000 -0.698471632011826E+001 -0.863998433315022E+001
  0.100000000000000E+001  0.172602267468232E+002  0.594443441258519E+002  0.451041844131302E+000  0.685499243173675E+000 -0.136541087304977E+000 -0.698471632011826E+001 -0.863011337341158E+001
  0.100000000000000E+001  0.172575609684837E+002  0.607763543198127E+002  0.520369025329374E+000  0.672428360848708E+000 -0.192797386178082E+000 -0.698471632011826E+001 -0.862878048424184E+001
  0.100000000000000E+001  0.172460601487377E+002  0.696985902271445E+002  0.396411250197299E+000  0.682502212418895E+000 -0.789134626161938E-001 -0.698471632011826E+001 -0.862303007436884E+001
  0.100000000000000E+001  0.172284098883272E+002  0.576790355285730E+002  0.270483437495794E+000  0.302993077450205E+000  0.426523485054001E+000 -0.698471632011826E+001 -0.861420494416358E+001
  0.100000000000000E+001  0.172227548639191E+002  0.608786768252967E+002  0.447525415740904E+000  0.777556805455990E+000 -0.225082221196893E+000 -0.698471632011826E+001 -0.861137743195954E+001
  0.100000000000000E+001  0.172210718687228E+002  0.574225699537385E+002  0.222160554641631E+000  0.196395412197004E+000  0.581444033161364E+000 -0.698471632011826E+001 -0.861053593436139E+001
  0.100000000000000E+001  0.172194616039895E+002  0.628775548172015E+002  0.389408935972023E-001  0.201110422768677E+000  0.759948683634121E+000 -0.698471632011826E+001 -0.860973080199476E+001
  0.100000000000000E+001  0.172193244405353E+002  0.629238324201786E+002  0.634106783167847E+000  0.958505037489378E+000 -0.592611820657225E+000 -0.698471632011826E+001 -0.860966222026764E+001
  0.100000000000000E+001  0.172154422515236E+002  0.631758134691142E+002  0.634208385036899E+000  0.958445808977810E+000 -0.592654194014709E+000 -0.698471632011826E+001 -0.860772112576179E+001
  0.100000000000000E+001  0.172087074116271E+002  0.775406888184337E+002  0.533252866571514E+000  0.118304572568211E+001 -0.716298592253624E+000 -0.698471632011826E+001 -0.860435370581354E+001
  0.100000000000000E+001  0.172079340196860E+002  0.647138439762550E+002  0.529176277316463E+000  0.104962105248191E+001 -0.578797329798376E+000 -0.698471632011826E+001 -0.860396700984302E+001
  0.100000000000000E+001  0.171751933349191E+002  0.686632327005368E+002  0.665427179562590E+000  0.113983325494129E+001 -0.805260434503884E+000 -0.698471632011826E+001 -0.858759666745954E+001
  0.100000000000000E+001  0.171577126915276E+002  0.679013701892555E+002  0.642609434637456E+000  0.126929233535658E+001 -0.911901769994037E+000 -0.698471632011826E+001 -0.857885634576380E+001
  0.100000000000000E+001  0.171544813282922E+002  0.586640148754924E+002  0.738665640254075E-001  0.534430947827604E-001  0.872690341191832E+000 -0.698471632011826E+001 -0.857724066414611E+001
  0.100000000000000E+001  0.171423903990572E+002  0.704222843679873E+002  0.482040335643569E+000  0.846041180784372E+000 -0.328081516427940E+000 -0.698471632011826E+001 -0.857119519952860E+001
  0.100000000000000E+001  0.171317569392173E+002  0.747993482690070E+002  0.212491560817711E+000  0.715985548300223E+000  0.715228908820658E-001 -0.698471632011826E+001 -0.856587846960867E+001
  0.100000000000000E+001  0.171313757492969E+002  0.658506709576945E+002  0.139522317871576E+000  0.196244350687333E+000  0.664233331441091E+000 -0.698471632011826E+001 -0.856568787464846E+001
  0.100000000000000E+001  0.171220552686694E+002  0.733172595483484E+002  0.151446338561555E+000  0.577803119130330E+000  0.270750542308115E+000 -0.698471632011826E+001 -0.856102763433473E+001
  0.100000000000000E+001  0.171125574567084E+002  0.656093733842800E+002  0.449634566304900E+000  0.650724830041880E+000 -0.100359396346780E+000 -0.698471632011826E+001 -0.855627872835422E+001
  0.100000000000000E+001  0.171115010763985E+002  0.577559958516395E+002  0.295999065156780E+000  0.303526946714586E+000  0.400473988128634E+000 -0.698471632011826E+001 -0.855575053819927E+001
  0.100000000000000E+001  0.171086338882615E+002  0.689698340118152E+002  0.608858294859598E+000  0.103254370733862E+001 -0.641402002198218E+000 -0.698471632011826E+001 -0.855431694413073E+001
  0.100000000000000E+001  0.170982932466679E+002  0.698597305314968E+002  0.743610703809831E-001  0.401612251978682E+000  0.524026677640335E+000 -0.698471632011826E+001 -0.854914662333394E+001
  0.100000000000000E+001  0.170955382044865E+002  0.654045705889351E+002  0.113457002719931E+000  0.417619762431875E+000  0.468923234848194E+000 -0.698471632011826E+001 -0.854776910224325E+001
  0.100000000000000E+001  0.170932376118410E+002  0.604174298453740E+002  0.470402197568573E+000  0.579635723652842E+000 -0.500379212214150E-001 -0.698471632011826E+001 -0.854661880592051E+001
  0.100000000000000E+001  0.170776074308785E+002  0.604194612217408E+002  0.168315067243515E+000  0.332312494636183E+000  0.499372438120303E+000 -0.698471632011826E+001 -0.853880371543926E+001
  0.100000000000000E+001  0.170689082497382E+002  0.613261621404292E+002  0.425542499641866E+000  0.766195831357106E+000 -0.191738330998973E+000 -0.698471632011826E+001 -0.853445412486911E+001
  0.100000000000000E+001  0.170388306102784E+002  0.728051443465951E+002  0.177664135672670E+000  0.508324471662280E+000  0.314011392665050E+000 -0.698471632011826E+001 -0.851941530513918E+001
  0.100000000000000E+001  0.170373746109041E+002  0.602209516507473E+002  0.525780823823923E+000  0.760756266687161E+000 -0.286537090511084E+000 -0.698471632011826E+001 -0.851868730545206E+001
  0.100000000000000E+001  0.170214626346782E+002  0.680252873336038E+002  0.699714365142669E+000  0.123405768910352E+001 -0.933772054246190E+000 -0.698471632011826E+001 -0.851073131733910E+001
  0.100000000000000E+001  0.170091033576293E+002  0.612054392773466E+002  0.523887315189824E+000  0.704440249203824E+000 -0.228327564393648E+000 -0.698471632011826E+001 -0.850455167881467E+001
  0.100000000000000E+001  0.169957188235715E+002  0.659956338130654E+002  0.687837505126962E+000  0.119691103673140E+001 -0.884748541858363E+000 -0.698471632011826E+001 -0.849785941178576E+001
  0.100000000000000E+001  0.169937067476931E+002  0.613710057193647E+002  0.580515352549254E-001  0.167255153530475E+000  0.774693311214600E+000 -0.698471632011826E+001 -0.849685337384656E+001
  0.100000000000000E+001  0.169854918169715E+002  0.631456637866097E+002  0.288198867968279E+000  0.645417802519971E+000  0.663833295117501E-001 -0.698471632011826E+001 -0.849274590848576E+001
  0.100000000000000E+001  0.169613609253861E+002  0.761199214184960E+002  0.554558627080270E+000  0.117241136489381E+001 -0.726969991974078E+000 -0.698471632011826E+001 -0.848068046269307E+001
  0.100000000000000E+001  0.169609894050435E+002  0.685230537380815E+002  0.673040361886470E-001  0.369752942455020E+000  0.562943021356333E+000 -0.698471632011826E+001 -0.848049470252176E+001
  0.100000000000000E+001  0.169569773936514E+002  0.628847289234560E+002  0.103837454931138E+000  0.316080214973364E+000  0.580082330095498E+000 -0.698471632011826E+001 -0.847848869682569E+001
  0.100000000000000E+001  0.169456675872963E+002  0.593886750043062E+002  0.454616547277083E+000  0.626161508068827E+000 -0.807780553459096E-001 -0.698471632011826E+001 -0.847283379364817E+001
  0.100000000000000E+001  0.169406940943890E+002  0.756131552383456E+002  0.490151560439503E+000  0.119804506456044E+001 -0.688196624999940E+000 -0.698471632011826E+001 -0.847034704719449E+001
  0.100000000000000E+001  0.169324637320972E+002  0.708479714984592E+002  0.330962182574880E+000  0.631144574402318E+000  0.378932430228019E-001 -0.698471632011826E+001 -0.846623186604862E+001
  0.100000000000000E+001  0.169225725927242E+002  0.638057262906192E+002  0.588306952561998E+000  0.106034341191686E+001 -0.648650364478859E+000 -0.698471632011826E+001 -0.846128629636208E+001
  0.100000000000000E+001  0.169213038476777E+002  0.710054569725162E+002  0.684288433358775E+000  0.133878043508055E+001 -0.102306886843933E+001 -0.698471632011826E+001 -0.846065192383885E+001
  0.100000000000000E+001  0.169193057665104E+002  0.582711954229075E+002  0.232157571502015E+000  0.169000585113560E+000  0.598841843384425E+000 -0.698471632011826E+001 -0.845965288325519E+001
  0.100000000000000E+001  0.169156243887281E+002  0.751646989423136E+002  0.621017715350476E+000  0.128903991150506E+001 -0.910057626855531E+000 -0.698471632011826E+001 -0.845781219436405E+001
  0.100000000000000E+001  0.169066076234246E+002  0.690861449650641E+002  0.621297099582163E+000  0.107050153557962E+001 -0.691798635161788E+000 -0.698471632011826E+001 -0.845330381171232E+001
  0.100000000000000E+001  0.169062063975692E+002  0.716292189957003E+002  0.169820527523661E+000  0.456207284002071E+000  0.373972188474268E+000 -0.698471632011826E+001 -0.845310319878458E+001
  0.100000000000000E+001  0.168997575474222E+002  0.602804711532517E+002  0.485860763952840E+000  0.637190813747377E+000 -0.123051577700217E+000 -0.698471632011826E+001 -0.844987877371113E+001
  0.100000000000000E+001  0.168955878503654E+002  0.754639270789076E+002  0.366931598826926E+000  0.100806773740541E+001 -0.374999336232337E+000 -0.698471632011826E+001 -0.844779392518270E+001
  0.100000000000000E+001  0.168829281344968E+002  0.615528746970602E+002  0.180576794265365E+000  0.130367728923207E+000  0.689055476811428E+000 -0.698471632011826E+001 -0.844146406724839E+001
  0.100000000000000E+001  0.168654830524424E+002  0.612332654695069E+002  0.224394941712800E+000  0.186626060446055E+000  0.588978997841145E+000 -0.698471632011826E+001 -0.843274152622119E+001
  0.100000000000000E+001  0.168630020418072E+002  0.769925045956958E+002  0.327437031133752E+000  0.885845030509158E+000 -0.213282061642909E+000 -0.698471632011826E+001 -0.843150102090360E+001
  0.100000000000000E+001  0.168606054959084E+002  0.604230345961697E+002  0.491316174065006E+000  0.757432678415949E+000 -0.248748852480955E+000 -0.698471632011826E+001 -0.843030274795420E+001
  0.100000000000000E+001  0.168595066162818E+002  0.665548467485568E+002  0.641007163032496E+000  0.105254531452529E+001 -0.693552477557781E+000 -0.698471632011826E+001 -0.842975330814091E+001
  0.100000000000000E+001  0.168395845447804E+002  0.617623641158453E+002  0.577193255351780E+000  0.885364925362785E+000 -0.462558180714565E+000 -0.698471632011826E+001 -0.841979227239019E+001
  0.100000000000000E+001  0.168332816473593E+002  0.624861992200970E+002  0.591993820547201E+000  0.971435053322534E+000 -0.563428873869734E+000 -0.698471632011826E+001 -0.841664082367965E+001
  0.100000000000000E+001  0.168228259591277E+002  0.710908907816073E+002  0.406931411716569E+000  0.102744367056495E+001 -0.434375082281517E+000 -0.698471632011826E+001 -0.841141297956386E+001
  0.100000000000000E+001  0.168198618890342E+002  0.635509650628374E+002  0.574073578745032E+000  0.102871547209791E+001 -0.602789050842947E+000 -0.698471632011826E+001 -0.840993094451711E+001
  0.100000000000000E+001  0.168086593485658E+002  0.681861674065824E+002  0.367245532241269E+000  0.911119897629728E+000 -0.278365429870997E+000 -0.698471632011826E+001 -0.840432967428291E+001
  0.100000000000000E+001  0.168002852733269E+002  0.772883953047881E+002  0.464544855645152E+000  0.107651960033902E+001 -0.541064455984169E+000 -0.698471632011826E+001 -0.840014263666346E+001
  0.100000000000000E+001  0.167890595664573E+002  0.668604553714930E+002  0.676901380170193E-001  0.171346008705530E+000  0.760963853277451E+000 -0.698471632011826E+001 -0.839452978322865E+001
  0.100000000000000E+001  0.167842444684093E+002  0.774264855695891E+002  0.383845207589752E+000  0.100379938535812E+001 -0.387644592947872E+000 -0.698471632011826E+001 -0.839212223420463E+001
  0.100000000000000E+001  0.167814264649810E+002  0.740016369251464E+002  0.288961229148623E+000  0.861496108695905E+000 -0.150457337844529E+000 -0.698471632011826E+001 -0.839071323249048E+001
  0.100000000000000E+001  0.167692446570170E+002  0.639745293903226E+002  0.588381559802504E+000  0.105766842860033E+001 -0.646049988402839E+000 -0.698471632011826E+001 -0.838462232850852E+001
  0.100000000000000E+001  0.167648253612706E+002  0.776493611984221E+002  0.452629932422198E+000  0.110256217195763E+001 -0.555192104379832E+000 -0.698471632011826E+001 -0.838241268063529E+001
  0.100000000000000E+001  0.167596833800925E+002  0.731457891087740E+002  0.543972438162538E+000  0.105236155282667E+001 -0.596333990989209E+000 -0.698471632011826E+001 -0.837984169004623E+001
  0.100000000000000E+001  0.167590696128550E+002  0.708619942517448E+002  0.251903964013514E+000  0.766222456894353E+000 -0.181264209078678E-001 -0.698471632011826E+001 -0.837953480642752E+001
  0.100000000000000E+001  0.167553739622349E+002  0.621410223355904E+002  0.252008117401041E+000  0.536809399267828E+000  0.211182483331130E+000 -0.698471632011826E+001 -0.837768698111743E+001
  0.100000000000000E+001  0.167424932023521E+002  0.696824704789486E+002  0.305082347951972E+000  0.839528529199709E+000 -0.144610877151681E+000 -0.698471632011826E+001 -0.837124660117603E+001
  0.100000000000000E+001  0.167349914674902E+002  0.670829236334250E+002  0.669608913243793E+000  0.115136122982698E+001 -0.820970143070777E+000 -0.698471632011826E+001 -0.836749573374511E+001
  0.100000000000000E+001  0.167056089604773E+002  0.691011211833735E+002  0.671617241332305E+000  0.128624506106351E+001 -0.957862302395814E+000 -0.698471632011826E+001 -0.835280448023867E+001
  0.100000000000000E+001  0.166855744969244E+002  0.732786907448846E+002  0.313750785818214E+000  0.699571917304798E+000 -0.133227031230121E-001 -0.698471632011826E+001 -0.834278724846219E+001
  0.100000000000000E+001  0.166847911674049E+002  0.678715240123217E+002  0.106891050931850E+000  0.253776234740691E+000  0.639332714327459E+000 -0.698471632011826E+001 -0.834239558370244E+001
  0.100000000000000E+001  0.166811303641417E+002  0.745913252672731E+002  0.223178550211841E+000  0.675875064267880E+000  0.100946385520278E+000 -0.698471632011826E+001 -0.834056518207084E+001
  0.100000000000000E+001  0.166603115627945E+002  0.597697243761097E+002  0.411927832815747E+000  0.605393246076657E+000 -0.173210788924036E-001 -0.698471632011826E+001 -0.833015578139724E+001
  0.100000000000000E+001  0.166470018196115E+002  0.609769038249887E+002  0.515344952580375E+000  0.779502364579047E+000 -0.294847317159423E+000 -0.698471632011826E+001 -0.832350090980574E+001
  0.100000000000000E+001  0.166413271964959E+002  0.718550146067678E+002  0.200962525734834E+000  0.511101317150176E+000  0.287936157114990E+000 -0.698471632011826E+001 -0.832066359824796E+001
  0.100000000000000E+001  0.166175575163861E+002  0.654010440934502E+002  0.650227968962942E+000  0.109604122107056E+001 -0.746269190033498E+000 -0.698471632011826E+001 -0.830877875819303E+001
  0.100000000000000E+001  0.166074305741131E+002  0.686297506544605E+002  0.487349416050354E+000  0.820693701581071E+000 -0.308043117631425E+000 -0.698471632011826E+001 -0.830371528705653E+001
  0.100000000000000E+001  0.166073195267191E+002  0.597537034520265E+002  0.176255384112961E+000  0.270640475547249E+000  0.553104140339790E+000 -0.698471632011826E+001 -0.830365976335956E+001
  0.100000000000000E+001  0.166073095958964E+002  0.725258775672682E+002  0.597927287914127E+000  0.114319973382337E+001 -0.741127021737493E+000 -0.698471632011826E+001 -0.830365479794819E+001
  0.100000000000000E+001  0.166066869692689E+002  0.706806815830074E+002  0.160804943200179E+000  0.579756571080511E+000  0.259438485719311E+000 -0.698471632011826E+001 -0.830334348463446E+001
  0.100000000000000E+001  0.166033032084182E+002  0.633633381167142E+002  0.715686677691564E-001  0.634514669776731E-001  0.864979865253170E+000 -0.698471632011826E+001 -0.830165160420908E+001
  0.100000000000000E+001  0.165805663304890E+002  0.689547998380126E+002  0.959432333178094E-001  0.297834064864408E+000  0.606222701817783E+000 -0.698471632011826E+001 -0.829028316524453E+001
  0.100000000000000E+001  0.165736633242505E+002  0.652837343506141E+002  0.195074783159072E-001  0.101895294152816E+000  0.878597227531277E+000 -0.698471632011826E+001 -0.828683166212526E+001
  0.100000000000000E+001  0.165720529373415E+002  0.649917649848497E+002  0.145844265676022E+000  0.445136243404537E+000  0.409019490919441E+000 -0.698471632011826E+001 -0.828602646867073E+001
  0.100000000000000E+001  0.165702543770802E+002  0.597918820305412E+002  0.300959655107786E+000  0.467774868952039E+000  0.231265475940175E+000 -0.698471632011826E+001 -0.828512718854012E+001
  0.100000000000000E+001  0.165700161721740E+002  0.590615321866487E+002  0.263752423959670E+000  0.256532615161582E+000  0.479714960878748E+000 -0.698471632011826E+001 -0.828500808608703E+001
  0.100000000000000E+001  0.165507119164038E+002  0.609657770718623E+002  0.443157321821672E+000  0.727845710605245E+000 -0.171003032426918E+000 -0.698471632011826E+001 -0.827535595820188E+001
  0.100000000000000E+001  0.165480705018891E+002  0.616860313831602E+002  0.158517839223992E+000  0.345264793662976E+000  0.496217367113031E+000 -0.698471632011826E+001 -0.827403525094458E+001
  0.100000000000000E+001  0.165319113515649E+002  0.675198984225224E+002  0.153253303831524E+000  0.298770434893844E+000  0.547976261274632E+000 -0.698471632011826E+001 -0.826595567578244E+001
  0.100000000000000E+001  0.165270712092476E+002  0.722909419083984E+002  0.344796378894711E+000  0.713799360315753E+000 -0.585957392104641E-001 -0.698471632011826E+001 -0.826353560462380E+001
  0.100000000000000E+001  0.164995752288834E+002  0.714625805063660E+002  0.138246609317690E+000  0.509007854749345E+000  0.352745535932965E+000 -0.698471632011826E+001 -0.824978761444172E+001
  0.100000000000000E+001  0.164959254261617E+002  0.653518466131808E+002  0.443713238597978E+000  0.933679120340551E+000 -0.377392358938529E+000 -0.698471632011826E+001 -0.824796271308083E+001
  0.100000000000000E+001  0.164662789684857E+002  0.656667126830966E+002  0.154795767872095E+000  0.240577333450329E+000  0.604626898677576E+000 -0.698471632011826E+001 -0.823313948424287E+001
  0.100000000000000E+001  0.164656042098937E+002  0.700608795004763E+002  0.641798624816680E+000  0.117283909391448E+001 -0.814637718731164E+000 -0.698471632011826E+001 -0.823280210494684E+001
  0.100000000000000E+001  0.164620223855503E+002  0.594992138409576E+002  0.127760915027795E+000  0.124553051276218E+000  0.747686033695988E+000 -0.698471632011826E+001 -0.823101119277516E+001
  0.100000000000000E+001  0.164570310127958E+002  0.662823632072802E+002  0.498313115361918E+000  0.781556341539954E+000 -0.279869456901872E+000 -0.698471632011826E+001 -0.822851550639789E+001
  0.100000000000000E+001  0.164537418010696E+002  0.614290088888332E+002  0.212631082090461E+000  0.200554650003756E+000  0.586814267905783E+000 -0.698471632011826E+001 -0.822687090053482E+001
  0.100000000000000E+001  0.164303525408736E+002  0.748378296201743E+002  0.304110719693120E+000  0.872096577768785E+000 -0.176207297461905E+000 -0.698471632011826E+001 -0.821517627043681E+001
  0.100000000000000E+001  0.164277041312066E+002  0.737231890642695E+002  0.345978927962589E+000  0.770414928241050E+000 -0.116393856203639E+000 -0.698471632011826E+001 -0.821385206560331E+001
  0.100000000000000E+001  0.164255387722162E+002  0.620796750540624E+002  0.542761692180638E+000  0.837180078970629E+000 -0.379941771151267E+000 -0.698471632011826E+001 -0.821276938610808E+001
  0.100000000000000E+001  0.164174965495308E+002  0.708849676256959E+002  0.198986849246660E+000  0.481594485884789E+000  0.319418664868551E+000 -0.698471632011826E+001 -0.820874827476541E+001
  0.100000000000000E+001  0.164130081887602E+002  0.712700780628161E+002  0.245885470887928E+000  0.550719977289716E+000  0.203394551822356E+000 -0.698471632011826E+001 -0.820650409438012E+001
  0.100000000000000E+001  0.164123332844260E+002  0.735346908542309E+002  0.604958726294192E+000  0.121167930250542E+001 -0.816638028799608E+000 -0.698471632011826E+001 -0.820616664221302E+001
  0.100000000000000E+001  0.164074811212812E+002  0.615566387601643E+002  0.380730627551345E+000  0.474098671158752E+000  0.145170701289902E+000 -0.698471632011826E+001 -0.820374056064058E+001
  0.100000000000000E+001  0.163872529517144E+002  0.617842677492619E+002  0.472443654863510E-001  0.981736597740008E-001  0.854581974739648E+000 -0.698471632011826E+001 -0.819362647585720E+001
  0.100000000000000E+001  0.163809472285760E+002  0.643119627212809E+002  0.586166799329854E+000  0.103941689344162E+001 -0.625583692771478E+000 -0.698471632011826E+001 -0.819047361428798E+001
  0.100000000000000E+001  0.163806455323001E+002  0.691435535266204E+002  0.337165879712774E+000  0.870264163980207E+000 -0.207430043692981E+000 -0.698471632011826E+001 -0.819032276615004E+001
  0.100000000000000E+001  0.163752662133450E+002  0.635517241363453E+002  0.573184744289438E+000  0.893327766161471E+000 -0.466512510450909E+000 -0.698471632011826E+001 -0.818763310667248E+001
  0.100000000000000E+001  0.163630837094243E+002  0.624911947354095E+002  0.151268259674400E+000  0.148145290258474E+000  0.700586450067126E+000 -0.698471632011826E+001 -0.818154185471213E+001
  0.100000000000000E+001  0.163587937277723E+002  0.666642831286945E+002  0.284456062080463E+000  0.451597011867755E+000  0.263946926051782E+000 -0.698471632011826E+001 -0.817939686388614E+001
  0.100000000000000E+001  0.163574452969895E+002  0.759542331900292E+002  0.511801738875055E+000  0.112652747014284E+001 -0.638329209017897E+000 -0.698471632011826E+001 -0.817872264849474E+001
  0.100000000000000E+001  0.163544736564554E+002  0.674190376273871E+002  0.286272860469183E+000  0.477775299716889E+000  0.235951839813928E+000 -0.698471632011826E+001 -0.817723682822769E+001
  0.100000000000000E+001  0.163453613580349E+002  0.734184752486585E+002  0.373807365252022E+000  0.988267592974266E+000 -0.362074958226288E+000 -0.698471632011826E+001 -0.817268067901743E+001
  0.100000000000000E+001  0.163314633832372E+002  0.623751153422365E+002  0.475159199786880E+000  0.834471552558257E+000 -0.309630752345137E+000 -0.698471632011826E+001 -0.816573169161862E+001
  0.100000000000000E+001  0.163296851450986E+002  0.602062064814743E+002  0.329230619193993E+000  0.513054551685383E+000  0.157714829120624E+000 -0.698471632011826E+001 -0.816484257254930E+001
  0.100000000000000E+001  0.163185002463845E+002  0.646055350704071E+002  0.361497195879608E-001  0.114292645072635E+000  0.849557635339404E+000 -0.698471632011826E+001 -0.815925012319227E+001
  0.100000000000000E+001  0.162962621606489E+002  0.650137344942395E+002  0.469946950854369E+000  0.707146860391327E+000 -0.177093811245696E+000 -0.698471632011826E+001 -0.814813108032447E+001
  0.100000000000000E+001  0.162803725039050E+002  0.746369666979544E+002  0.263130985948874E+000  0.742424384961751E+000 -0.555537091062419E-002 -0.698471632011826E+001 -0.814018625195252E+001
  0.100000000000000E+001  0.162772605729991E+002  0.663300689156538E+002  0.814756200943691E-001  0.325580967444492E+000  0.592943412461138E+000 -0.698471632011826E+001 -0.813863028649953E+001
  0.100000000000000E+001  0.162753088679099E+002  0.755390230110659E+002  0.357576761033092E+000  0.871449248996007E+000 -0.229026010029099E+000 -0.698471632011826E+001 -0.813765443395496E+001
  0.100000000000000E+001  0.162659960040867E+002  0.755325025499751E+002  0.542673358510447E+000  0.118456445069035E+001 -0.727237809200801E+000 -0.698471632011826E+001 -0.813299800204334E+001
  0.100000000000000E+001  0.162581659981756E+002  0.730616360938052E+002  0.327457412469101E+000  0.728435164279500E+000 -0.558925767486006E-001 -0.698471632011826E+001 -0.812908299908778E+001
  0.100000000000000E+001  0.162563932105491E+002  0.742072381264541E+002  0.544174488344441E+000  0.111679301855373E+001 -0.660967506898174E+000 -0.698471632011826E+001 -0.812819660527455E+001
  0.100000000000000E+001  0.162560557694036E+002  0.598530354430994E+002  0.204336227586003E+000  0.200101117579313E+000  0.595562654834683E+000 -0.698471632011826E+001 -0.812802788470182E+001
  0.100000000000000E+001  0.162291188971995E+002  0.727847573481117E+002  0.224786089831301E+000  0.601855371720212E+000  0.173358538448487E+000 -0.698471632011826E+001 -0.811455944859974E+001
  0.100000000000000E+001  0.162135643361698E+002  0.626219386344798E+002  0.162535096822641E+000  0.372966109897654E+000  0.464498793279704E+000 -0.698471632011826E+001 -0.810678216808488E+001
  0.100000000000000E+001  0.162103894216483E+002  0.753774549741897E+002  0.514711958796805E+000  0.118783858042493E+001 -0.702550539221736E+000 -0.698471632011826E+001 -0.810519471082413E+001
  0.100000000000000E+001  0.162001089342829E+002  0.685074770752192E+002  0.102505867842930E+000  0.396419592976838E+000  0.501074539180232E+000 -0.698471632011826E+001 -0.810005446714145E+001
  0.100000000000000E+001  0.162000674652184E+002  0.631880670651792E+002  0.110880265669271E+000  0.131390660440945E+000  0.757729073889783E+000 -0.698471632011826E+001 -0.810003373260919E+001
  0.100000000000000E+001  0.161865712975120E+002  0.670815159287403E+002  0.621178684769819E+000  0.107322891130405E+001 -0.694407596073869E+000 -0.698471632011826E+001 -0.809328564875600E+001
  0.100000000000000E+001  0.161749662284480E+002  0.651806087171260E+002  0.888688522436953E-001  0.309001167364687E+000  0.602129980391618E+000 -0.698471632011826E+001 -0.808748311422400E+001
  0.100000000000000E+001  0.161596731066668E+002  0.734176558340839E+002  0.224552602600210E+000  0.672244443849633E+000  0.103202953550157E+000 -0.698471632011826E+001 -0.807983655333342E+001
  0.100000000000000E+001  0.161576543338730E+002  0.732108288592859E+002  0.240079812275673E+000  0.642232679077987E+000  0.117687508646341E+000 -0.698471632011826E+001 -0.807882716693651E+001
  0.100000000000000E+001  0.161564575046733E+002  0.714385414441941E+002  0.160809592898711E+000  0.514499871750192E+000  0.324690535351097E+000 -0.698471632011826E+001 -0.807822875233663E+001
  0.100000000000000E+001  0.161544467720348E+002  0.617043714692403E+002  0.339970845862378E+000  0.614510998023330E+000  0.455181561142920E-001 -0.698471632011826E+001 -0.807722338601742E+001
  0.100000000000000E+001  0.161488592495932E+002  0.675894893118581E+002  0.347551708998837E+000  0.844296580365087E+000 -0.191848289363925E+000 -0.698471632011826E+001 -0.807442962479660E+001
  0.100000000000000E+001  0.161384710428369E+002  0.671454380570342E+002  0.289059173657490E+000  0.738486314344796E+000 -0.275454880022858E-001 -0.698471632011826E+001 -0.806923552141844E+001
  0.100000000000000E+001  0.161243385166578E+002  0.710695688069880E+002  0.622066993676035E+000  0.125227996283311E+001 -0.874346956509148E+000 -0.698471632011826E+001 -0.806216925832889E+001
  0.100000000000000E+001  0.161103532854428E+002  0.620165836362451E+002  0.332928803111992E+000  0.421068702239253E+000  0.246002494648755E+000 -0.698471632011826E+001 -0.805517664272139E+001
  0.100000000000000E+001  0.161098494887068E+002  0.751486618527429E+002  0.382217364874798E+000  0.994533112683555E+000 -0.376750477558354E+000 -0.698471632011826E+001 -0.805492474435339E+001
  0.100000000000000E+001  0.161059832847181E+002  0.657582490131973E+002  0.231064860663999E+000  0.360668854379997E+000  0.408266284956004E+000 -0.698471632011826E+001 -0.805299164235906E+001
  0.100000000000000E+001  0.161030228209149E+002  0.696387433632184E+002  0.292992027690631E+000  0.796141261583166E+000 -0.891332892737976E-001 -0.698471632011826E+001 -0.805151141045746E+001
  0.100000000000000E+001  0.160921993335600E+002  0.633182665062688E+002  0.589182095804400E-001  0.151789098376260E+000  0.789292692043300E+000 -0.698471632011826E+001 -0.804609966678000E+001
  0.100000000000000E+001  0.160861201876172E+002  0.656152272134259E+002  0.583210583416101E+000  0.963165189648752E+000 -0.546375773064853E+000 -0.698471632011826E+001 -0.804306009380858E+001
  0.100000000000000E+001  0.160809271806058E+002  0.616210291183092E+002  0.374320169373795E+000  0.649706576291407E+000 -0.240267456652025E-001 -0.698471632011826E+001 -0.804046359030289E+001
  0.100000000000000E+001  0.160735959214128E+002  0.623026728660866E+002  0.477580863074275E+000  0.805519936585598E+000 -0.283100799659873E+000 -0.698471632011826E+001 -0.803679796070639E+001
  0.100000000000000E+001  0.160707824156853E+002  0.603003254964509E+002  0.173573035096588E+000  0.221144949752675E+000  0.605282015150737E+000 -0.698471632011826E+001 -0.803539120784266E+001
  0.100000000000000E+001  0.160526390210421E+002  0.607130142217273E+002  0.390573712790527E+000  0.554502135530211E+000  0.549241516792622E-001 -0.698471632011826E+001 -0.802631951052105E+001
  0.100000000000000E+001  0.160504450457469E+002  0.605445494936192E+002  0.175489382442019E+000  0.189371766465262E+000  0.635138851092718E+000 -0.698471632011826E+001 -0.802522252287344E+001
  0.100000000000000E+001  0.160437232661844E+002  0.649316155515094E+002  0.110571376568349E+000  0.195191500288443E+000  0.694237123143209E+000 -0.698471632011826E+001 -0.802186163309218E+001
  0.100000000000000E+001  0.160417627396358E+002  0.638735176313218E+002  0.328957804140694E+000  0.694446910980124E+000 -0.234047151208188E-001 -0.698471632011826E+001 -0.802088136981791E+001
  0.100000000000000E+001  0.160408235465258E+002  0.674161251025882E+002  0.970694437426762E-001  0.356846526117057E+000  0.546084030140266E+000 -0.698471632011826E+001 -0.802041177326292E+001
  0.100000000000000E+001  0.160369505560472E+002  0.688740567208286E+002  0.478886957032634E+000  0.837203246512938E+000 -0.316090203545572E+000 -0.698471632011826E+001 -0.801847527802362E+001
  0.100000000000000E+001  0.160311003672336E+002  0.614190647933934E+002  0.116757904245598E+000  0.130604679059131E+000  0.752637416695271E+000 -0.698471632011826E+001 -0.801555018361679E+001
  0.100000000000000E+001  0.160287448701944E+002  0.754035843379053E+002  0.474558655138315E+000  0.105717270952262E+001 -0.531731364660937E+000 -0.698471632011826E+001 -0.801437243509718E+001
  0.100000000000000E+001  0.160245531505730E+002  0.683631408539498E+002  0.206565541530588E+000  0.613859334279927E+000  0.179575124189485E+000 -0.698471632011826E+001 -0.801227657528651E+001
  0.100000000000000E+001  0.160231490920992E+002  0.613654488797530E+002  0.406135737332120E+000  0.560758447272513E+000  0.331058153953671E-001 -0.698471632011826E+001 -0.801157454604959E+001
  0.100000000000000E+001  0.160215761239776E+002  0.606526826442972E+002  0.162486925367743E+000  0.229514487086634E+000  0.607998587545624E+000 -0.698471632011826E+001 -0.801078806198880E+001
  0.100000000000000E+001  0.160066654643828E+002  0.601910296410554E+002  0.242847578241640E+000  0.312323912188937E+000  0.444828509569423E+000 -0.698471632011826E+001 -0.800333273219141E+001
  0.100000000000000E+001  0.160028088056828E+002  0.614336769297064E+002  0.109373028078748E+000  0.143482752775669E+000  0.747144219145583E+000 -0.698471632011826E+001 -0.800140440284138E+001
  0.100000000000000E+001  0.159993987809278E+002  0.722239017330801E+002  0.216491507622207E+000  0.587119948352465E+000  0.196388544025328E+000 -0.698471632011826E+001 -0.799969939046388E+001
  0.100000000000000E+001  0.159892249078682E+002  0.648124936032528E+002  0.559306085139445E+000  0.906593120395580E+000 -0.465899205535025E+000 -0.698471632011826E+001 -0.799461245393412E+001
  0.100000000000000E+001  0.159886069532651E+002  0.650787503425237E+002  0.408910193264101E+000  0.618722574933869E+000 -0.276327681979698E-001 -0.698471632011826E+001 -0.799430347663254E+001
  0.100000000000000E+001  0.159854429957364E+002  0.673877018144244E+002  0.465091775331562E+000  0.100321980872842E+001 -0.468311584059978E+000 -0.698471632011826E+001 -0.799272149786822E+001
  0.100000000000000E+001  0.159841013231032E+002  0.727776772893567E+002  0.581303323312189E+000  0.123322185852754E+001 -0.814525181839728E+000 -0.698471632011826E+001 -0.799205066155159E+001
  0.100000000000000E+001  0.159751819955537E+002  0.643644126485704E+002  0.555247011570592E+000  0.897273052181345E+000 -0.452520063751937E+000 -0.698471632011826E+001 -0.798759099777683E+001
  0.100000000000000E+001  0.159669886366903E+002  0.628718325988844E+002  0.192206800788898E+000  0.238959866658190E+000  0.568833332552912E+000 -0.698471632011826E+001 -0.798349431834513E+001
  0.100000000000000E+001  0.159606601096352E+002  0.689637105692997E+002  0.612425335186167E+000  0.111469061017323E+001 -0.727115945359401E+000 -0.698471632011826E+001 -0.798033005481760E+001
  0.100000000000000E+001  0.159539871793025E+002  0.682832330699428E+002  0.278545432783457E+000  0.511741703208678E+000  0.209712864007865E+000 -0.698471632011826E+001 -0.797699358965124E+001
  0.100000000000000E+001  0.159434970906598E+002  0.738979050187706E+002  0.342149691357996E+000  0.917745340262276E+000 -0.259895031620272E+000 -0.698471632011826E+001 -0.797174854532992E+001
  0.100000000000000E+001  0.159375650261143E+002  0.756035018749163E+002  0.385646595686588E+000  0.968068903754811E+000 -0.353715499441399E+000 -0.698471632011826E+001 -0.796878251305717E+001
  0.100000000000000E+001  0.159308784607050E+002  0.612165072104624E+002  0.401421022485373E+000  0.575100126239389E+000  0.234788512752386E-001 -0.698471632011826E+001 -0.796543923035250E+001
  0.100000000000000E+001  0.159113515174238E+002  0.622899314547888E+002  0.449682926469321E+000  0.659402830406959E+000 -0.109085756876281E+000 -0.698471632011826E+001 -0.795567575871191E+001
  0.100000000000000E+001  0.159009596175214E+002  0.691520424248730E+002  0.134236202369216E+000  0.450386563171671E+000  0.415377234459113E+000 -0.698471632011826E+001 -0.795047980876068E+001
  0.100000000000000E+001  0.158770861309060E+002  0.690590280255723E+002  0.397415952076099E+000  0.715024532685562E+000 -0.112440484761661E+000 -0.698471632011826E+001 -0.793854306545300E+001
  0.100000000000000E+001  0.158685100489804E+002  0.653088434684474E+002  0.105879642867373E+000  0.221268018231280E+000  0.672852338901347E+000 -0.698471632011826E+001 -0.793425502449019E+001
  0.100000000000000E+001  0.158645062805082E+002  0.657597269845745E+002  0.440511356741615E+000  0.696167775318308E+000 -0.136679132059924E+000 -0.698471632011826E+001 -0.793225314025409E+001
  0.100000000000000E+001  0.158635514226996E+002  0.668017903050765E+002  0.247469026521547E+000  0.427207550840843E+000  0.325323422637610E+000 -0.698471632011826E+001 -0.793177571134979E+001
  0.100000000000000E+001  0.158559416254131E+002  0.682247333671927E+002  0.498843597714946E+000  0.106289806724701E+001 -0.561741664961958E+000 -0.698471632011826E+001 -0.792797081270654E+001
  0.100000000000000E+001  0.158491701362637E+002  0.632001483870496E+002  0.491095617168171E+000  0.852160380464301E+000 -0.343255997632471E+000 -0.698471632011826E+001 -0.792458506813183E+001
  0.100000000000000E+001  0.158410435668560E+002  0.724717660408824E+002  0.519305383214575E+000  0.116426352251008E+001 -0.683568905724656E+000 -0.698471632011826E+001 -0.792052178342801E+001
  0.100000000000000E+001  0.158051811151687E+002  0.739565546594106E+002  0.287083394906192E+000  0.769636912337921E+000 -0.567203072441137E-001 -0.698471632011826E+001 -0.790259055758437E+001
  0.100000000000000E+001  0.157856047880440E+002  0.734216642169536E+002  0.363329713444774E+000  0.944934395270542E+000 -0.308264108715316E+000 -0.698471632011826E+001 -0.789280239402201E+001
  0.100000000000000E+001  0.157855737119314E+002  0.733437835073288E+002  0.283538973424626E+000  0.719266789162230E+000 -0.280576258685550E-002 -0.698471632011826E+001 -0.789278685596571E+001
  0.100000000000000E+001  0.157792849697167E+002  0.742383800574721E+002  0.507552886253732E+000  0.115160238573192E+001 -0.659155271985648E+000 -0.698471632011826E+001 -0.788964248485833E+001
  0.100000000000000E+001  0.157530166805184E+002  0.660486104198094E+002  0.335825475673570E+000  0.538459310005221E+000  0.125715214321209E+000 -0.698471632011826E+001 -0.787650834025919E+001
  0.100000000000000E+001  0.157443989997942E+002  0.612944895681567E+002  0.236755581564971E+000  0.384375580016308E+000  0.378868838418721E+000 -0.698471632011826E+001 -0.787219949989711E+001
  0.100000000000000E+001  0.157428208788416E+002  0.621616445874206E+002  0.438652412635093E+000  0.707776878828449E+000 -0.146429291463542E+000 -0.698471632011826E+001 -0.787141043942081E+001
  0.100000000000000E+001  0.157372991071944E+002  0.718504736231722E+002  0.510713430384726E+000  0.114147005428361E+001 -0.652183484668335E+000 -0.698471632011826E+001 -0.786864955359718E+001
  0.100000000000000E+001  0.157355686307000E+002  0.729167472062170E+002  0.562059175275431E+000  0.119347642069467E+001 -0.755535595970102E+000 -0.698471632011826E+001 -0.786778431534998E+001
  0.100000000000000E+001  0.157214385042279E+002  0.648408182634161E+002  0.991568129245601E-001  0.232258338201715E+000  0.668584848873724E+000 -0.698471632011826E+001 -0.786071925211395E+001
  0.100000000000000E+001  0.157112424179108E+002  0.647174668923657E+002  0.178079485734155E+000  0.448814990484681E+000  0.373105523781163E+000 -0.698471632011826E+001 -0.785562120895542E+001
  0.100000000000000E+001  0.157047855202721E+002  0.645057566874126E+002  0.416744290239696E+000  0.636676795007008E+000 -0.534210852467043E-001 -0.698471632011826E+001 -0.785239276013605E+001
  0.100000000000000E+001  0.156997573822487E+002  0.637966225174233E+002  0.506316940799956E+000  0.812991550211416E+000 -0.319308491011372E+000 -0.698471632011826E+001 -0.784987869112433E+001
  0.100000000000000E+001  0.156968726949253E+002  0.668110626138719E+002  0.579598152307190E+000  0.101645288515908E+001 -0.596051037466266E+000 -0.698471632011826E+001 -0.784843634746265E+001
  0.100000000000000E+001  0.156834483113567E+002  0.643868268806922E+002  0.131077953216773E+000  0.233804018987227E+000  0.635118027796000E+000 -0.698471632011826E+001 -0.784172415567837E+001
  0.100000000000000E+001  0.156834244903446E+002  0.649264870544175E+002  0.177540854077781E+000  0.452728629217381E+000  0.369730516704838E+000 -0.698471632011826E+001 -0.784171224517232E+001
  0.100000000000000E+001  0.156824508788902E+002  0.616986329613948E+002  0.214693913575132E+000  0.367164754194726E+000  0.418141332230142E+000 -0.698471632011826E+001 -0.784122543944508E+001
  0.100000000000000E+001  0.156752642501160E+002  0.629382300908318E+002  0.433825712809558E+000  0.652601554018727E+000 -0.864272668282842E-001 -0.698471632011826E+001 -0.783763212505800E+001
  0.100000000000000E+001  0.156711435134140E+002  0.618719953190764E+002  0.261813660710228E+000  0.349535529074138E+000  0.388650810215634E+000 -0.698471632011826E+001 -0.783557175670701E+001
  0.100000000000000E+001  0.156606031567087E+002  0.622003009751621E+002  0.351073152842997E+000  0.496025360054711E+000  0.152901487102292E+000 -0.698471632011826E+001 -0.783030157835434E+001
  0.100000000000000E+001  0.156599110525463E+002  0.629032082639580E+002  0.180095139098316E+000  0.372663513922307E+000  0.447241346979377E+000 -0.698471632011826E+001 -0.782995552627316E+001
  0.100000000000000E+001  0.156567066009446E+002  0.740617384069222E+002  0.522068055829645E+000  0.113833491607532E+001 -0.660402971904969E+000 -0.698471632011826E+001 -0.782835330047232E+001
  0.100000000000000E+001  0.156556710994287E+002  0.729326813770335E+002  0.549055017337140E+000  0.117803438363043E+001 -0.727089400967569E+000 -0.698471632011826E+001 -0.782783554971435E+001
  0.100000000000000E+001  0.156525079330412E+002  0.625604335382258E+002  0.163160683681192E+000  0.234240734767595E+000  0.602598581551213E+000 -0.698471632011826E+001 -0.782625396652059E+001
  0.100000000000000E+001  0.156493819452660E+002  0.616983862159734E+002  0.335153291111219E+000  0.474171935171078E+000  0.190674773717703E+000 -0.698471632011826E+001 -0.782469097263302E+001
  0.100000000000000E+001  0.156478534250758E+002  0.686695439694883E+002  0.283386606235696E+000  0.545901471196847E+000  0.170711922567457E+000 -0.698471632011826E+001 -0.782392671253792E+001
  0.100000000000000E+001  0.156406747706044E+002  0.643496055906432E+002  0.240928381546754E+000  0.362587208880147E+000  0.396484409573099E+000 -0.698471632011826E+001 -0.782033738530218E+001
  0.100000000000000E+001  0.156318090097117E+002  0.622621380683045E+002  0.318091517008251E+000  0.570338758968868E+000  0.111569724022881E+000 -0.698471632011826E+001 -0.781590450485585E+001
  0.100000000000000E+001  0.156305548813832E+002  0.626316498882331E+002  0.184383234411119E+000  0.258918828921983E+000  0.556697936666898E+000 -0.698471632011826E+001 -0.781527744069158E+001
  0.100000000000000E+001  0.156094882735004E+002  0.625903840360520E+002  0.218627441073594E+000  0.424161273460741E+000  0.357211285465665E+000 -0.698471632011826E+001 -0.780474413675021E+001
  0.100000000000000E+001  0.156031507234251E+002  0.694938262066291E+002  0.168844868854057E+000  0.509743218495392E+000  0.321411912650551E+000 -0.698471632011826E+001 -0.780157536171256E+001
  0.100000000000000E+001  0.155815675885183E+002  0.697682614164631E+002  0.253182876314497E+000  0.548421253201991E+000  0.198395870483512E+000 -0.698471632011826E+001 -0.779078379425913E+001
  0.100000000000000E+001  0.155500462092189E+002  0.648573215864932E+002  0.521618343669488E+000  0.937279022941620E+000 -0.458897366611109E+000 -0.698471632011826E+001 -0.777502310460944E+001
  0.100000000000000E+001  0.155489141051243E+002  0.637725392603314E+002  0.495120019675583E+000  0.820935398433269E+000 -0.316055418108853E+000 -0.698471632011826E+001 -0.777445705256216E+001
  0.100000000000000E+001  0.155464538646245E+002  0.686309867472147E+002  0.195931354636688E+000  0.568083187879491E+000  0.235985457483821E+000 -0.698471632011826E+001 -0.777322693231227E+001
  0.100000000000000E+001  0.155449208886824E+002  0.735475379861288E+002  0.460015219230649E+000  0.107808793727106E+001 -0.538103156501706E+000 -0.698471632011826E+001 -0.777246044434122E+001
  0.100000000000000E+001  0.155438076824338E+002  0.710122245870498E+002  0.541173844815204E+000  0.104521345846617E+001 -0.586387303281372E+000 -0.698471632011826E+001 -0.777190384121688E+001
  0.100000000000000E+001  0.155393251485023E+002  0.679949396378619E+002  0.260985361893120E+000  0.682886436239384E+000  0.561282018674962E-001 -0.698471632011826E+001 -0.776966257425113E+001
  0.100000000000000E+001  0.155329996166592E+002  0.743112810159550E+002  0.428547826129297E+000  0.102782812607405E+001 -0.456375952203350E+000 -0.698471632011826E+001 -0.776649980832962E+001
  0.100000000000000E+001  0.155323388778946E+002  0.630666010829567E+002  0.182452487428177E+000  0.274918413399655E+000  0.542629099172168E+000 -0.698471632011826E+001 -0.776616943894732E+001
  0.100000000000000E+001  0.155311997493622E+002  0.654663367413723E+002  0.523463740253056E+000  0.878261871536449E+000 -0.401725611789505E+000 -0.698471632011826E+001 -0.776559987468112E+001
  0.100000000000000E+001  0.155219642275261E+002  0.662830123225886E+002  0.232931832649600E+000  0.588619306915996E+000  0.178448860434404E+000 -0.698471632011826E+001 -0.776098211376304E+001
  0.100000000000000E+001  0.155081135769546E+002  0.683592513785529E+002  0.185002287849455E+000  0.429734706847360E+000  0.385263005303184E+000 -0.698471632011826E+001 -0.775405678847731E+001
  0.100000000000000E+001  0.155040738051553E+002  0.667691688074670E+002  0.141367537704531E+000  0.341086421325955E+000  0.517546040969514E+000 -0.698471632011826E+001 -0.775203690257767E+001
  0.100000000000000E+001  0.155018970846252E+002  0.621511518081460E+002  0.357437453305427E+000  0.534886580687647E+000  0.107675966006926E+000 -0.698471632011826E+001 -0.775094854231260E+001
  0.100000000000000E+001  0.154684802958538E+002  0.662296793291855E+002  0.315618553382954E+000  0.528792233160303E+000  0.155589213456743E+000 -0.698471632011826E+001 -0.773424014792692E+001
  0.100000000000000E+001  0.154576506120143E+002  0.620220000085078E+002  0.247113037471761E+000  0.408656536392669E+000  0.344230426135571E+000 -0.698471632011826E+001 -0.772882530600713E+001
  0.100000000000000E+001  0.154573921765936E+002  0.697603615716881E+002  0.577104591166189E+000  0.111132539974121E+001 -0.688429990907398E+000 -0.698471632011826E+001 -0.772869608829683E+001
  0.100000000000000E+001  0.154570425640765E+002  0.628322257516789E+002  0.177236560638671E+000  0.286500191442348E+000  0.536263247918982E+000 -0.698471632011826E+001 -0.772852128203826E+001
  0.100000000000000E+001  0.154379183090021E+002  0.635707934518051E+002  0.192749087882700E+000  0.406062790891749E+000  0.401188121225551E+000 -0.698471632011826E+001 -0.771895915450103E+001
  0.100000000000000E+001  0.154356940614274E+002  0.664365783109323E+002  0.287365042740317E+000  0.683825634514366E+000  0.288093227453166E-001 -0.698471632011826E+001 -0.771784703071370E+001
  0.100000000000000E+001  0.154325882770955E+002  0.684101539041266E+002  0.164068854505456E+000  0.469231490256082E+000  0.366699655238462E+000 -0.698471632011826E+001 -0.771629413854774E+001
  0.100000000000000E+001  0.154319033958612E+002  0.710044314095277E+002  0.245201485639466E+000  0.601861455781932E+000  0.152937058578603E+000 -0.698471632011826E+001 -0.771595169793058E+001
  0.100000000000000E+001  0.154304801880317E+002  0.638073742990508E+002  0.477840852367621E+000  0.800393817870357E+000 -0.278234670237978E+000 -0.698471632011826E+001 -0.771524009401587E+001
  0.100000000000000E+001  0.154138940637329E+002  0.717060071619005E+002  0.263516527036433E+000  0.653944315881702E+000  0.825391570818643E-001 -0.698471632011826E+001 -0.770694703186646E+001
  0.100000000000000E+001  0.154083870876204E+002  0.641886477589703E+002  0.268293841506791E+000  0.414827952314141E+000  0.316878206179068E+000 -0.698471632011826E+001 -0.770419354381019E+001
  0.100000000000000E+001  0.154050527737518E+002  0.643368685510515E+002  0.421449230799585E+000  0.802808467174740E+000 -0.224257697974324E+000 -0.698471632011826E+001 -0.770252638687589E+001
  0.100000000000000E+001  0.154045625947774E+002  0.723362325574840E+002  0.338866618974430E+000  0.874410657453507E+000 -0.213277276427938E+000 -0.698471632011826E+001 -0.770228129738868E+001
  0.100000000000000E+001  0.154041256556719E+002  0.633358744159757E+002  0.163919705177190E+000  0.298964382549381E+000  0.537115912273429E+000 -0.698471632011826E+001 -0.770206282783594E+001
  0.100000000000000E+001  0.153865684328815E+002  0.683350010886044E+002  0.168602742141723E+000  0.475523509048547E+000  0.355873748809731E+000 -0.698471632011826E+001 -0.769328421644074E+001
  0.100000000000000E+001  0.153859472679158E+002  0.668844230313455E+002  0.532172482431443E+000  0.102443886820267E+001 -0.556611350634115E+000 -0.698471632011826E+001 -0.769297363395792E+001
  0.100000000000000E+001  0.153782831498511E+002  0.647687386580303E+002  0.144505664165273E+000  0.324854020970353E+000  0.530640314864374E+000 -0.698471632011826E+001 -0.768914157492556E+001
  0.100000000000000E+001  0.153764342546018E+002  0.668972010615850E+002  0.490508345247558E+000  0.985986825607882E+000 -0.476495170855440E+000 -0.698471632011826E+001 -0.768821712730092E+001
  0.100000000000000E+001  0.153744353280393E+002  0.630050436293729E+002  0.216310216787819E+000  0.412926548354887E+000  0.370763234857294E+000 -0.698471632011826E+001 -0.768721766401967E+001
  0.100000000000000E+001  0.153591930937625E+002  0.640822176718287E+002  0.165956622176461E+000  0.357330155990902E+000  0.476713221832637E+000 -0.698471632011826E+001 -0.767959654688125E+001
  0.100000000000000E+001  0.153587950294632E+002  0.707908885742669E+002  0.225045264785798E+000  0.593490033789620E+000  0.181464701424582E+000 -0.698471632011826E+001 -0.767939751473159E+001
  0.100000000000000E+001  0.153587199806291E+002  0.633815594411201E+002  0.441508084974629E+000  0.739177653281386E+000 -0.180685738256015E+000 -0.698471632011826E+001 -0.767935999031456E+001
  0.100000000000000E+001  0.153562084476694E+002  0.737415121400998E+002  0.453182686811413E+000  0.100365234515867E+001 -0.456835031970086E+000 -0.698471632011826E+001 -0.767810422383470E+001
  0.100000000000000E+001  0.153536475935179E+002  0.701874897689274E+002  0.221342439762726E+000  0.554188334047167E+000  0.224469226190107E+000 -0.698471632011826E+001 -0.767682379675896E+001
  0.100000000000000E+001  0.153488444107296E+002  0.682282307341369E+002  0.474854281111074E+000  0.100599928933763E+001 -0.480853570448699E+000 -0.698471632011826E+001 -0.767442220536481E+001
  0.100000000000000E+001  0.153438997532078E+002  0.711156425493993E+002  0.237994535130864E+000  0.618527609796919E+000  0.143477855072218E+000 -0.698471632011826E+001 -0.767194987660390E+001
  0.100000000000000E+001  0.153339558682291E+002  0.707211606071521E+002  0.399540880612140E+000  0.952953512174754E+000 -0.352494392786894E+000 -0.698471632011826E+001 -0.766697793411455E+001
  0.100000000000000E+001  0.153004847396024E+002  0.692716208009638E+002  0.341789188332914E+000  0.835190357879927E+000 -0.176979546212841E+000 -0.698471632011826E+001 -0.765024236980120E+001
  0.100000000000000E+001  0.152969387021848E+002  0.633262374561506E+002  0.254582546631779E+000  0.494102019734147E+000  0.251315433634073E+000 -0.698471632011826E+001 -0.764846935109238E+001
  0.100000000000000E+001  0.152877922053896E+002  0.633575316597164E+002  0.311428580599828E+000  0.588984462628969E+000  0.995869567712029E-001 -0.698471632011826E+001 -0.764389610269480E+001
  0.100000000000000E+001  0.152840973160763E+002  0.624799772049409E+002  0.286048258105129E+000  0.456910006750279E+000  0.257041735144592E+000 -0.698471632011826E+001 -0.764204865803813E+001
  0.100000000000000E+001  0.152731565471374E+002  0.660327118816406E+002  0.501853946567294E+000  0.865002923644392E+000 -0.366856870211686E+000 -0.698471632011826E+001 -0.763657827356870E+001
  0.100000000000000E+001  0.152720769517730E+002  0.731603708531262E+002  0.362113207189948E+000  0.902000994632314E+000 -0.264114201822262E+000 -0.698471632011826E+001 -0.763603847588652E+001
  0.100000000000000E+001  0.152679557878560E+002  0.637575998718616E+002  0.410342140123249E+000  0.741363085285424E+000 -0.151705225408673E+000 -0.698471632011826E+001 -0.763397789392801E+001
  0.100000000000000E+001  0.152588108697055E+002  0.733614307900092E+002  0.474910547042907E+000  0.105519493138986E+001 -0.530105478432765E+000 -0.698471632011826E+001 -0.762940543485274E+001
  0.100000000000000E+001  0.152457109705435E+002  0.668507584707063E+002  0.236726883367313E+000  0.454198651295371E+000  0.309074465337316E+000 -0.698471632011826E+001 -0.762285548527177E+001
  0.100000000000000E+001  0.152388603469218E+002  0.690181410071319E+002  0.447303419326562E+000  0.829276727548816E+000 -0.276580146875378E+000 -0.698471632011826E+001 -0.761943017346090E+001
  0.100000000000000E+001  0.152336009436744E+002  0.724358794659752E+002  0.342525438428567E+000  0.866912853023218E+000 -0.209438291451784E+000 -0.698471632011826E+001 -0.761680047183720E+001
  0.100000000000000E+001  0.152300920139849E+002  0.673212700871383E+002  0.482167798791381E+000  0.979740682680151E+000 -0.461908481471533E+000 -0.698471632011826E+001 -0.761504600699244E+001
  0.100000000000000E+001  0.152257918503414E+002  0.648175777569074E+002  0.261774706497758E+000  0.570510649895046E+000  0.167714643607196E+000 -0.698471632011826E+001 -0.761289592517068E+001
  0.100000000000000E+001  0.152105859341607E+002  0.722242990335709E+002  0.311762819480219E+000  0.747835066017577E+000 -0.595978854977963E-001 -0.698471632011826E+001 -0.760529296708036E+001
  0.100000000000000E+001  0.152019027342094E+002  0.647568275633034E+002  0.393526090012294E+000  0.769468752114157E+000 -0.162994842126451E+000 -0.698471632011826E+001 -0.760095136710469E+001
  0.100000000000000E+001  0.152007917067811E+002  0.651597103316573E+002  0.466195210124282E+000  0.787205383559373E+000 -0.253400593683655E+000 -0.698471632011826E+001 -0.760039585339058E+001
  0.100000000000000E+001  0.151864057606679E+002  0.667193605859919E+002  0.466434125302398E+000  0.938057523552737E+000 -0.404491648855134E+000 -0.698471632011826E+001 -0.759320288033393E+001
  0.100000000000000E+001  0.151853570824374E+002  0.697980982323275E+002  0.468958276715300E+000  0.102454863853271E+001 -0.493506915248013E+000 -0.698471632011826E+001 -0.759267854121868E+001
  0.100000000000000E+001  0.151573806117732E+002  0.712782297758993E+002  0.314405436612200E+000  0.805316224718359E+000 -0.119721661330559E+000 -0.698471632011826E+001 -0.757869030588659E+001
  0.100000000000000E+001  0.151443992341550E+002  0.694473025861962E+002  0.490480450473011E+000  0.927434953061244E+000 -0.417915403534255E+000 -0.698471632011826E+001 -0.757219961707750E+001
  0.100000000000000E+001  0.151402028043555E+002  0.728637366881144E+002  0.468004845507163E+000  0.101704503436730E+001 -0.485049879874466E+000 -0.698471632011826E+001 -0.757010140217773E+001
  0.100000000000000E+001  0.151324583017868E+002  0.729343713259879E+002  0.465134826355890E+000  0.103339278746339E+001 -0.498527613819279E+000 -0.698471632011826E+001 -0.756622915089342E+001
  0.100000000000000E+001  0.151171820939366E+002  0.665969393340387E+002  0.465781210526376E+000  0.813600772330890E+000 -0.279381982857266E+000 -0.698471632011826E+001 -0.755859104696830E+001
  0.100000000000000E+001  0.151171479955743E+002  0.689775380488655E+002  0.231612261892490E+000  0.534806076302780E+000  0.233581661804731E+000 -0.698471632011826E+001 -0.755857399778714E+001
  0.100000000000000E+001  0.151129863614590E+002  0.647284315547092E+002  0.367008149361391E+000  0.603065838021454E+000  0.299260126171554E-001 -0.698471632011826E+001 -0.755649318072952E+001
  0.100000000000000E+001  0.151030614610590E+002  0.731254141721567E+002  0.396650312152105E+000  0.932632481232093E+000 -0.329282793384198E+000 -0.698471632011826E+001 -0.755153073052952E+001
  0.100000000000000E+001  0.150985343697002E+002  0.662986688093843E+002  0.186222863087764E+000  0.443907702237737E+000  0.369869434674500E+000 -0.698471632011826E+001 -0.754926718485009E+001
  0.100000000000000E+001  0.150849733903792E+002  0.730295126481591E+002  0.435918541440363E+000  0.986118668948476E+000 -0.422037210388838E+000 -0.698471632011826E+001 -0.754248669518962E+001
  0.100000000000000E+001  0.150758768456791E+002  0.666701665980912E+002  0.462339421644189E+000  0.921739784954270E+000 -0.384079206598459E+000 -0.698471632011826E+001 -0.753793842283955E+001
  0.100000000000000E+001  0.150645029889732E+002  0.707447943704295E+002  0.454832337913209E+000  0.101399911356844E+001 -0.468831451481647E+000 -0.698471632011826E+001 -0.753225149448661E+001
  0.100000000000000E+001  0.150506578120314E+002  0.689643511656288E+002  0.219625028943434E+000  0.561430673445324E+000  0.218944297611242E+000 -0.698471632011826E+001 -0.752532890601570E+001
  0.100000000000000E+001  0.150415197501091E+002  0.707136056195490E+002  0.333888389007535E+000  0.827297322682850E+000 -0.161185711690385E+000 -0.698471632011826E+001 -0.752075987505453E+001
  0.100000000000000E+001  0.150116229440842E+002  0.708933548832547E+002  0.490273332272711E+000  0.104985833315516E+001 -0.540131665427867E+000 -0.698471632011826E+001 -0.750581147204209E+001
  0.100000000000000E+001  0.150010853428416E+002  0.707612623296362E+002  0.275840011114451E+000  0.673201458729340E+000  0.509585301562097E-001 -0.698471632011826E+001 -0.750054267142078E+001
  0.100000000000000E+001  0.149836752298271E+002  0.709828499907526E+002  0.502628626476241E+000  0.104934567507029E+001 -0.551974301546535E+000 -0.698471632011826E+001 -0.749183761491356E+001
  0.100000000000000E+001  0.149816092461093E+002  0.641030574697299E+002  0.278309851643428E+000  0.481021340902803E+000  0.240668807453769E+000 -0.698471632011826E+001 -0.749080462305464E+001
  0.100000000000000E+001  0.149813820032862E+002  0.700335767785158E+002  0.507533620855859E+000  0.100207725907272E+001 -0.509610879928577E+000 -0.698471632011826E+001 -0.749069100164312E+001
  0.100000000000000E+001  0.149791289711853E+002  0.649224204446151E+002  0.431437581445499E+000  0.749967855338161E+000 -0.181405436783660E+000 -0.698471632011826E+001 -0.748956448559264E+001
  0.100000000000000E+001  0.149535373489382E+002  0.659941398198302E+002  0.430552015854801E+000  0.752779519771448E+000 -0.183331535626249E+000 -0.698471632011826E+001 -0.747676867446910E+001
  0.100000000000000E+001  0.149526977930984E+002  0.719891657970398E+002  0.373844602148687E+000  0.893034372302808E+000 -0.266878974451495E+000 -0.698471632011826E+001 -0.747634889654919E+001
  0.100000000000000E+001  0.149518022990743E+002  0.639246957118961E+002  0.325233148220628E+000  0.561322411791539E+000  0.113444439987833E+000 -0.698471632011826E+001 -0.747590114953713E+001
  0.100000000000000E+001  0.149513929644015E+002  0.720229601366992E+002  0.407137201523140E+000  0.946933348295143E+000 -0.354070549818283E+000 -0.698471632011826E+001 -0.747569648220077E+001
  0.100000000000000E+001  0.149376848421075E+002  0.645308380556992E+002  0.262610684897142E+000  0.471309394177623E+000  0.266079920925235E+000 -0.698471632011826E+001 -0.746884242105374E+001
  0.100000000000000E+001  0.149351410240927E+002  0.684816171230156E+002  0.239258418941664E+000  0.546562625204317E+000  0.214178955854019E+000 -0.698471632011826E+001 -0.746757051204636E+001
  0.100000000000000E+001  0.149339494287427E+002  0.658371805666873E+002  0.358390988716143E+000  0.742174338167212E+000 -0.100565326883355E+000 -0.698471632011826E+001 -0.746697471437137E+001
  0.100000000000000E+001  0.149130586028932E+002  0.644500217448988E+002  0.258475561186914E+000  0.493686108838324E+000  0.247838329974761E+000 -0.698471632011826E+001 -0.745652930144659E+001
  0.100000000000000E+001  0.149116037656973E+002  0.675449321529852E+002  0.413342723003750E+000  0.755837711819914E+000 -0.169180434823663E+000 -0.698471632011826E+001 -0.745580188284865E+001
  0.100000000000000E+001  0.149108550501724E+002  0.690496064667137E+002  0.377693828596048E+000  0.863439844746521E+000 -0.241133673342569E+000 -0.698471632011826E+001 -0.745542752508618E+001
  0.100000000000000E+001  0.149102957234700E+002  0.650535839333520E+002  0.427434858122138E+000  0.770227840540170E+000 -0.197662698662309E+000 -0.698471632011826E+001 -0.745514786173502E+001
  0.100000000000000E+001  0.149085047285790E+002  0.698110061130004E+002  0.453777280991173E+000  0.889965919367378E+000 -0.343743200358551E+000 -0.698471632011826E+001 -0.745425236428951E+001
  0.100000000000000E+001  0.148914880803544E+002  0.653252816597275E+002  0.338534859068043E+000  0.589869181708537E+000  0.715959592234192E-001 -0.698471632011826E+001 -0.744574404017718E+001
  0.100000000000000E+001  0.148773356793287E+002  0.661965671284942E+002  0.436110205069073E+000  0.776832940418399E+000 -0.212943145487473E+000 -0.698471632011826E+001 -0.743866783966435E+001
  0.100000000000000E+001  0.148749203021090E+002  0.648774893727743E+002  0.254036588168820E+000  0.481995167628155E+000  0.263968244203025E+000 -0.698471632011826E+001 -0.743746015105451E+001
  0.100000000000000E+001  0.148730365506233E+002  0.716355045098162E+002  0.366660832354958E+000  0.870522860359165E+000 -0.237183692714123E+000 -0.698471632011826E+001 -0.743651827531166E+001
  0.100000000000000E+001  0.148662918164185E+002  0.656888628462906E+002  0.310054712129994E+000  0.653156383738430E+000  0.367889041315762E-001 -0.698471632011826E+001 -0.743314590820925E+001
  0.100000000000000E+001  0.148652424898377E+002  0.698406921267944E+002  0.399486388479640E+000  0.801674238579158E+000 -0.201160627058797E+000 -0.698471632011826E+001 -0.743262124491885E+001
  0.100000000000000E+001  0.148611235861812E+002  0.663012196684228E+002  0.397233788383405E+000  0.706572315682609E+000 -0.103806104066014E+000 -0.698471632011826E+001 -0.743056179309060E+001
  0.100000000000000E+001  0.148610387210347E+002  0.673193701305874E+002  0.230835509015402E+000  0.514930752036966E+000  0.254233738947632E+000 -0.698471632011826E+001 -0.743051936051736E+001
  0.100000000000000E+001  0.148544800929521E+002  0.685292733217863E+002  0.247651543250794E+000  0.570140731919916E+000  0.182207724829290E+000 -0.698471632011826E+001 -0.742724004647607E+001
  0.100000000000000E+001  0.148475964087772E+002  0.661589032139958E+002  0.273997104398156E+000  0.520716957597335E+000  0.205285938004509E+000 -0.698471632011826E+001 -0.742379820438862E+001
  0.100000000000000E+001  0.148450661009119E+002  0.704773066806318E+002  0.366894255698656E+000  0.864089009777111E+000 -0.230983265475767E+000 -0.698471632011826E+001 -0.742253305045595E+001
  0.100000000000000E+001  0.148428729423485E+002  0.659127255382440E+002  0.289713662438886E+000  0.623772453120004E+000  0.865138844411107E-001 -0.698471632011826E+001 -0.742143647117426E+001
  0.100000000000000E+001  0.148392096970403E+002  0.663194916340246E+002  0.381064954282228E+000  0.784089287152467E+000 -0.165154241434695E+000 -0.698471632011826E+001 -0.741960484852016E+001
  0.100000000000000E+001  0.148277420487178E+002  0.713594681286324E+002  0.409456334569566E+000  0.934216442345313E+000 -0.343672776914879E+000 -0.698471632011826E+001 -0.741387102435888E+001
  0.100000000000000E+001  0.148109301802668E+002  0.703008600566916E+002  0.458466231232412E+000  0.985580221942307E+000 -0.444046453174719E+000 -0.698471632011826E+001 -0.740546509013340E+001
  0.100000000000000E+001  0.148093231570856E+002  0.664700460582910E+002  0.436749999944767E+000  0.853621891074200E+000 -0.290371891018967E+000 -0.698471632011826E+001 -0.740466157854280E+001
  0.100000000000000E+001  0.147953671542048E+002  0.710552379434938E+002  0.332935460675090E+000  0.772619712911186E+000 -0.105555173586276E+000 -0.698471632011826E+001 -0.739768357710238E+001
  0.100000000000000E+001  0.147879824268730E+002  0.697906409238353E+002  0.436374912858662E+000  0.949906051662547E+000 -0.386280964521209E+000 -0.698471632011826E+001 -0.739399121343648E+001
  0.100000000000000E+001  0.147720637652999E+002  0.679417489173427E+002  0.427793078620002E+000  0.893991222008015E+000 -0.321784300628017E+000 -0.698471632011826E+001 -0.738603188264994E+001
  0.100000000000000E+001  0.147621427102245E+002  0.707845109370272E+002  0.365616653007680E+000  0.854085144749860E+000 -0.219701797757540E+000 -0.698471632011826E+001 -0.738107135511226E+001
  0.100000000000000E+001  0.147358556658226E+002  0.652917086580457E+002  0.299622654338067E+000  0.564957998840960E+000  0.135419346820973E+000 -0.698471632011826E+001 -0.736792783291129E+001
  0.100000000000000E+001  0.147148637192019E+002  0.705027401698617E+002  0.355760121936680E+000  0.828384640692857E+000 -0.184144762629537E+000 -0.698471632011826E+001 -0.735743185960093E+001
  0.100000000000000E+001  0.147133640609619E+002  0.711162029315452E+002  0.382812087241755E+000  0.870078881581691E+000 -0.252890968823445E+000 -0.698471632011826E+001 -0.735668203048095E+001
  0.100000000000000E+001  0.147050607592317E+002  0.698042739187741E+002  0.377868214691624E+000  0.783466412737675E+000 -0.161334627429298E+000 -0.698471632011826E+001 -0.735253037961584E+001
  0.100000000000000E+001  0.146959493446104E+002  0.688019779003055E+002  0.357186147971906E+000  0.806763132226402E+000 -0.163949280198307E+000 -0.698471632011826E+001 -0.734797467230522E+001
  0.100000000000000E+001  0.146917621046953E+002  0.674048062823877E+002  0.440671495863751E+000  0.876399205232608E+000 -0.317070701096359E+000 -0.698471632011826E+001 -0.734588105234765E+001
  0.100000000000000E+001  0.146855754507890E+002  0.684083399800519E+002  0.282669114999672E+000  0.654808574997745E+000  0.625223100025833E-001 -0.698471632011826E+001 -0.734278772539449E+001
  0.100000000000000E+001  0.146559156566126E+002  0.702573875733883E+002  0.364503860689096E+000  0.832773186560111E+000 -0.197277047249207E+000 -0.698471632011826E+001 -0.732795782830631E+001
  0.100000000000000E+001  0.146554302599808E+002  0.670915136514631E+002  0.321430366828332E+000  0.696819155969183E+000 -0.182495227975152E-001 -0.698471632011826E+001 -0.732771512999039E+001
  0.100000000000000E+001  0.146464264097623E+002  0.688808711329908E+002  0.344528592091378E+000  0.711655944607102E+000 -0.561845366984797E-001 -0.698471632011826E+001 -0.732321320488114E+001
  0.100000000000000E+001  0.146077882697844E+002  0.680801984376598E+002  0.326570870786086E+000  0.669087255089275E+000  0.434187412463882E-002 -0.698471632011826E+001 -0.730389413489221E+001
  0.100000000000000E+001  0.146036601044642E+002  0.690662795383282E+002  0.331652746610724E+000  0.709615239893905E+000 -0.412679865046288E-001 -0.698471632011826E+001 -0.730183005223209E+001
  0.100000000000000E+001  0.145980928495742E+002  0.693491301643609E+002  0.322390933967561E+000  0.720887400280998E+000 -0.432783342485592E-001 -0.698471632011826E+001 -0.729904642478709E+001
  0.100000000000000E+001  0.145946593658069E+002  0.683379994992991E+002  0.315868388889294E+000  0.708190782739575E+000 -0.240591716288688E-001 -0.698471632011826E+001 -0.729732968290346E+001
  0.100000000000000E+001  0.145413937340444E+002  0.680121059553345E+002  0.327346267146553E+000  0.684403536339382E+000 -0.117498034859348E-001 -0.698471632011826E+001 -0.727069686702219E+001
  0.100000000000000E+001  0.145402757542902E+002  0.681517296912201E+002  0.414160844469922E+000  0.834679835712530E+000 -0.248840680182452E+000 -0.698471632011826E+001 -0.727013787714509E+001
  0.100000000000000E+001  0.145169303820308E+002  0.689186092664778E+002  0.360099011349947E+000  0.762702579226008E+000 -0.122801590575956E+000 -0.698471632011826E+001 -0.725846519101540E+001
