  0.100000000000000E+001  0.180342967903084E+002  0.710336994372318E+002  0.381939428999344E+000  0.872502784202761E+000  0.618060571000656E+000 -0.583481073706260E+001 -0.901714839515419E+001
  0.100000000000000E+001  0.289922173540953E+002  0.540662654030662E+002  0.543591258488022E+000  0.552910862196322E+000  0.456408741511978E+000 -0.583481073706260E+001 -0.144961086770476E+002
  0.100000000000000E+001  0.125175526249885E+002  0.645306768458295E+002  0.377330025008219E+000  0.926177508028995E+000  0.622669974991781E+000 -0.583481073706260E+001 -0.625877631249425E+001
  0.100000000000000E+001  0.125222790953721E+002  0.741772415955173E+002  0.287932534043641E+000  0.590389342981188E+000  0.712067465956359E+000 -0.583481073706260E+001 -0.626113954768605E+001
  0.100000000000000E+001  0.192723927231851E+002  0.550647505406875E+002  0.541132213702229E+000  0.954776441232775E+000  0.458867786297771E+000 -0.583481073706260E+001 -0.963619636159257E+001
  0.100000000000000E+001  0.125349967805907E+002  0.688472899889532E+002  0.312376534246328E+000  0.500931987044698E+000  0.687623465753672E+000 -0.583481073706260E+001 -0.626749839029536E+001
  0.100000000000000E+001  0.125486035627990E+002  0.640625225178922E+002  0.354948155594600E+000  0.515943756358407E+000  0.645051844405400E+000 -0.583481073706260E+001 -0.627430178139950E+001
  0.100000000000000E+001  0.126176522757735E+002  0.641567597469915E+002  0.321558804543102E+000  0.904182580394162E+000  0.678441195456898E+000 -0.583481073706260E+001 -0.630882613788674E+001
  0.100000000000000E+001  0.126300101584454E+002  0.580228621093557E+002  0.433640571273345E+000  0.680193564839128E+000  0.566359428726655E+000 -0.583481073706260E+001 -0.631500507922269E+001
  0.100000000000000E+001  0.235153226055726E+002  0.594891497011073E+002  0.572944348848753E+000  0.830205276803886E+000  0.427055651151247E+000 -0.583481073706260E+001 -0.117576613027863E+002
  0.100000000000000E+001  0.230963567745228E+002  0.619504690967015E+002  0.536061698825062E+000  0.870890079249742E+000  0.463938301174938E+000 -0.583481073706260E+001 -0.115481783872614E+002
  0.100000000000000E+001  0.126526893251297E+002  0.596030048842969E+002  0.472741340476947E+000  0.698929814989906E+000  0.527258659523053E+000 -0.583481073706260E+001 -0.632634466256487E+001
  0.100000000000000E+001  0.126940523811926E+002  0.631512198459096E+002  0.401406546604856E+000  0.541529754093484E+000  0.598593453395144E+000 -0.583481073706260E+001 -0.634702619059630E+001
  0.100000000000000E+001  0.208661441460686E+002  0.586342022665310E+002  0.537341651464480E+000  0.100071314221438E+001  0.462658348535520E+000 -0.583481073706260E+001 -0.104330720730343E+002
  0.100000000000000E+001  0.127071063534252E+002  0.768934922450551E+002  0.236747494113217E+000  0.690416628362223E+000  0.763252505886783E+000 -0.583481073706260E+001 -0.635355317671261E+001
  0.100000000000000E+001  0.177567992730739E+002  0.539710895301466E+002  0.523943905069012E+000  0.836153836015490E+000  0.476056094930988E+000 -0.583481073706260E+001 -0.887839963653693E+001
  0.100000000000000E+001  0.176049801685275E+002  0.672232298571813E+002  0.427757041616675E+000  0.704406908212615E+000  0.572242958383325E+000 -0.583481073706260E+001 -0.880249008426374E+001
  0.100000000000000E+001  0.170021888490996E+002  0.746482761790776E+002  0.324234134455968E+000  0.892752351644880E+000  0.675765865544032E+000 -0.583481073706260E+001 -0.850109442454981E+001
  0.100000000000000E+001  0.169435007749003E+002  0.675828701930363E+002  0.387996608663733E+000  0.998162208698389E+000  0.612003391336267E+000 -0.583481073706260E+001 -0.847175038745016E+001
  0.100000000000000E+001  0.127382467489529E+002  0.676398973070394E+002  0.375920059550611E+000  0.887983693746868E+000  0.624079940449389E+000 -0.583481073706260E+001 -0.636912337447644E+001
  0.100000000000000E+001  0.163937762661746E+002  0.565668176211231E+002  0.506610814036913E+000  0.891609795266977E+000  0.493389185963087E+000 -0.583481073706260E+001 -0.819688813308731E+001
  0.100000000000000E+001  0.127549701730610E+002  0.620978409808210E+002  0.320758037905056E+000  0.675462309119885E+000  0.679241962094944E+000 -0.583481073706260E+001 -0.637748508653049E+001
  0.100000000000000E+001  0.162514812825592E+002  0.627243878530051E+002  0.368357606279091E+000  0.102499491338106E+001  0.631642393720909E+000 -0.583481073706260E+001 -0.812574064127958E+001
  0.100000000000000E+001  0.161432862180194E+002  0.791799011082135E+002  0.211531057489221E+000  0.779245768870770E+000  0.788468942510779E+000 -0.583481073706260E+001 -0.807164310900970E+001
  0.100000000000000E+001  0.127594846416466E+002  0.679682109462517E+002  0.394239244141911E+000  0.730604730817909E+000  0.605760755858089E+000 -0.583481073706260E+001 -0.637974232082329E+001
  0.100000000000000E+001  0.128240717582680E+002  0.665788937073168E+002  0.410219973637854E+000  0.773884792655092E+000  0.589780026362146E+000 -0.583481073706260E+001 -0.641203587913401E+001
  0.100000000000000E+001  0.128252700307554E+002  0.704481638312555E+002  0.335947094245242E+000  0.555195343032006E+000  0.664052905754758E+000 -0.583481073706260E+001 -0.641263501537772E+001
  0.100000000000000E+001  0.129520929644159E+002  0.642845922198300E+002  0.438186965144838E+000  0.722427897335095E+000  0.561813034855162E+000 -0.583481073706260E+001 -0.647604648220794E+001
  0.100000000000000E+001  0.158400747098787E+002  0.560265350106199E+002  0.436709107455812E+000  0.816349782816318E+000  0.563290892544188E+000 -0.583481073706260E+001 -0.792003735493937E+001
  0.100000000000000E+001  0.129869886401969E+002  0.675441662389335E+002  0.278882481776639E+000  0.910422965458250E+000  0.721117518223361E+000 -0.583481073706260E+001 -0.649349432009844E+001
  0.100000000000000E+001  0.130231996067871E+002  0.647670064787730E+002  0.289309529959980E+000  0.625344175229327E+000  0.710690470040020E+000 -0.583481073706260E+001 -0.651159980339353E+001
  0.100000000000000E+001  0.130530989713839E+002  0.664520702006546E+002  0.305328723287244E+000  0.516773813086230E+000  0.694671276712756E+000 -0.583481073706260E+001 -0.652654948569197E+001
  0.100000000000000E+001  0.130834292663258E+002  0.719347720509097E+002  0.303676423812051E+000  0.928056980755986E+000  0.696323576187949E+000 -0.583481073706260E+001 -0.654171463316289E+001
  0.100000000000000E+001  0.131129026728322E+002  0.672010850201696E+002  0.392319759984388E+000  0.863973941723059E+000  0.607680240015612E+000 -0.583481073706260E+001 -0.655645133641611E+001
  0.100000000000000E+001  0.152587074014984E+002  0.643147402341357E+002  0.427614613577909E+000  0.934037518409648E+000  0.572385386422091E+000 -0.583481073706260E+001 -0.762935370074918E+001
  0.100000000000000E+001  0.131648032460828E+002  0.678337805492520E+002  0.395029506812752E+000  0.806285600029328E+000  0.604970493187247E+000 -0.583481073706260E+001 -0.658240162304138E+001
  0.100000000000000E+001  0.131943503085199E+002  0.663271456057640E+002  0.325996144858376E+000  0.959860604726912E+000  0.674003855141624E+000 -0.583481073706260E+001 -0.659717515425994E+001
  0.100000000000000E+001  0.134191678240135E+002  0.750641018374870E+002  0.259599816936454E+000  0.575263976236075E+000  0.740400183063546E+000 -0.583481073706260E+001 -0.670958391200673E+001
  0.100000000000000E+001  0.150671799415850E+002  0.714642622615561E+002  0.272815926885854E+000  0.994762133063751E+000  0.727184073114146E+000 -0.583481073706260E+001 -0.753358997079252E+001
  0.100000000000000E+001  0.134322446125237E+002  0.594072929180244E+002  0.363055902754628E+000  0.737255948674546E+000  0.636944097245372E+000 -0.583481073706260E+001 -0.671612230626183E+001
  0.100000000000000E+001  0.150215448773674E+002  0.735136921542796E+002  0.212144015032696E+000  0.780253938864086E+000  0.787855984967304E+000 -0.583481073706260E+001 -0.751077243868369E+001
  0.100000000000000E+001  0.134954343515586E+002  0.644796948382756E+002  0.421558198720498E+000  0.881274921665071E+000  0.578441801279502E+000 -0.583481073706260E+001 -0.674771717577931E+001
  0.100000000000000E+001  0.150102352256163E+002  0.559765269644644E+002  0.460472574889675E+000  0.785779283722600E+000  0.539527425110325E+000 -0.583481073706260E+001 -0.750511761280817E+001
  0.100000000000000E+001  0.135206303833033E+002  0.639855239496320E+002  0.320614129571408E+000  0.927114578241973E+000  0.679385870428592E+000 -0.583481073706260E+001 -0.676031519165163E+001
  0.100000000000000E+001  0.135358079354989E+002  0.766971054689831E+002  0.225726459599793E+000  0.677288522993431E+000  0.774273540400207E+000 -0.583481073706260E+001 -0.676790396774946E+001
  0.100000000000000E+001  0.148353008087085E+002  0.732084632054423E+002  0.295289933734567E+000  0.534345211822429E+000  0.704710066265433E+000 -0.583481073706260E+001 -0.741765040435426E+001
  0.100000000000000E+001  0.147715676717587E+002  0.564413147434846E+002  0.456117208783081E+000  0.692283372112547E+000  0.543882791216919E+000 -0.583481073706260E+001 -0.738578383587935E+001
  0.100000000000000E+001  0.147493157284475E+002  0.606182973126334E+002  0.404644007768430E+000  0.957394633562382E+000  0.595355992231570E+000 -0.583481073706260E+001 -0.737465786422375E+001
  0.100000000000000E+001  0.136701000032278E+002  0.637664968024057E+002  0.393542885617345E+000  0.948912743232380E+000  0.606457114382655E+000 -0.583481073706260E+001 -0.683505000161390E+001
  0.100000000000000E+001  0.137639700197459E+002  0.722056663194058E+002  0.346238402569344E+000  0.742862810928789E+000  0.653761597430657E+000 -0.583481073706260E+001 -0.688198500987294E+001
  0.100000000000000E+001  0.923743134669708E+001  0.698544632734995E+002  0.308902064335852E+000  0.834155444349528E+000  0.691097935664148E+000 -0.583481073706260E+001 -0.461871567334854E+001
  0.100000000000000E+001  0.146296644493893E+002  0.563601696060219E+002  0.492732222484939E+000  0.783419540933324E+000  0.507267777515061E+000 -0.583481073706260E+001 -0.731483222469465E+001
  0.100000000000000E+001  0.145523404613989E+002  0.741497148767636E+002  0.314169354555188E+000  0.637217445150154E+000  0.685830645444812E+000 -0.583481073706260E+001 -0.727617023069943E+001
  0.100000000000000E+001  0.145328349189093E+002  0.682622331742895E+002  0.302165072672131E+000  0.995522683967611E+000  0.697834927327869E+000 -0.583481073706260E+001 -0.726641745945467E+001
  0.100000000000000E+001  0.137977120305681E+002  0.594048873954427E+002  0.439475995084839E+000  0.896871970274336E+000  0.560524004915161E+000 -0.583481073706260E+001 -0.689885601528407E+001
  0.100000000000000E+001  0.138811605081054E+002  0.759320104953854E+002  0.269274448661997E+000  0.606508489714833E+000  0.730725551338003E+000 -0.583481073706260E+001 -0.694058025405270E+001
  0.100000000000000E+001  0.142024505661783E+002  0.742798042466251E+002  0.261532110863430E+000  0.545874252015899E+000  0.738467889136570E+000 -0.583481073706260E+001 -0.710122528308915E+001
  0.100000000000000E+001  0.141603082719069E+002  0.781334360615400E+002  0.240935185071441E+000  0.702619338478229E+000  0.759064814928559E+000 -0.583481073706260E+001 -0.708015413595346E+001
  0.100000000000000E+001  0.139189186181340E+002  0.596604955942850E+002  0.473898874486721E+000  0.641304112236618E+000  0.526101125513279E+000 -0.583481073706260E+001 -0.695945930906702E+001
  0.100000000000000E+001  0.139356209323170E+002  0.569376247183092E+002  0.479164820787993E+000  0.707687213525269E+000  0.520835179212007E+000 -0.583481073706260E+001 -0.696781046615850E+001
  0.100000000000000E+001  0.139789365062904E+002  0.640045160664652E+002  0.287973370275911E+000  0.831114729020487E+000  0.712026629724089E+000 -0.583481073706260E+001 -0.698946825314520E+001
  0.100000000000000E+001  0.124025621899612E+002  0.696453181376036E+002  0.245499925534680E+000  0.656767491623772E+000  0.754500074465320E+000 -0.583481073706260E+001 -0.620128109498059E+001
  0.100000000000000E+001  0.123212096950257E+002  0.679705696220198E+002  0.288094933263057E+000  0.529314482007517E+000  0.711905066736943E+000 -0.583481073706260E+001 -0.616060484751285E+001
  0.100000000000000E+001  0.122631616865374E+002  0.636343958376664E+002  0.412657869204859E+000  0.877386352198095E+000  0.587342130795141E+000 -0.583481073706260E+001 -0.613158084326869E+001
  0.100000000000000E+001  0.122191912750340E+002  0.650197921120582E+002  0.363579912908196E+000  0.925522855324281E+000  0.636420087091804E+000 -0.583481073706260E+001 -0.610959563751701E+001
  0.100000000000000E+001  0.121706269530560E+002  0.584351083049521E+002  0.416111195328843E+000  0.761311500617968E+000  0.583888804671157E+000 -0.583481073706260E+001 -0.608531347652800E+001
  0.100000000000000E+001  0.121284273783327E+002  0.659901103877283E+002  0.284699456031499E+000  0.849475634138576E+000  0.715300543968501E+000 -0.583481073706260E+001 -0.606421368916636E+001
  0.100000000000000E+001  0.121273917706469E+002  0.592035156037713E+002  0.413338483190795E+000  0.822242191822653E+000  0.586661516809205E+000 -0.583481073706260E+001 -0.606369588532345E+001
  0.100000000000000E+001  0.120517576063406E+002  0.678504852400869E+002  0.366825567101138E+000  0.562922435996946E+000  0.633174432898862E+000 -0.583481073706260E+001 -0.602587880317030E+001
  0.100000000000000E+001  0.120299222381902E+002  0.596353769869764E+002  0.402605432638096E+000  0.830564685146873E+000  0.597394567361904E+000 -0.583481073706260E+001 -0.601496111909509E+001
  0.100000000000000E+001  0.119891822232368E+002  0.747961577330736E+002  0.293008763003048E+000  0.671165963057718E+000  0.706991236996952E+000 -0.583481073706260E+001 -0.599459111161839E+001
  0.100000000000000E+001  0.119603673324865E+002  0.623633141276757E+002  0.349447726488527E+000  0.571419925052892E+000  0.650552273511473E+000 -0.583481073706260E+001 -0.598018366624323E+001
  0.100000000000000E+001  0.119560172633744E+002  0.686229871753726E+002  0.361719083183196E+000  0.866990841069979E+000  0.638280916816804E+000 -0.583481073706260E+001 -0.597800863168721E+001
  0.100000000000000E+001  0.119489609159903E+002  0.671134044321660E+002  0.294643121749013E+000  0.901627312411340E+000  0.705356878250987E+000 -0.583481073706260E+001 -0.597448045799517E+001
  0.100000000000000E+001  0.119455988861801E+002  0.602869583318031E+002  0.436377448497864E+000  0.836922224556934E+000  0.563622551502136E+000 -0.583481073706260E+001 -0.597279944309007E+001
  0.100000000000000E+001  0.119346203895877E+002  0.623634090419785E+002  0.443569326566284E+000  0.657033747280541E+000  0.556430673433716E+000 -0.583481073706260E+001 -0.596731019479386E+001
  0.100000000000000E+001  0.119343889775407E+002  0.652683914141027E+002  0.311349664422567E+000  0.892527212869257E+000  0.688650335577433E+000 -0.583481073706260E+001 -0.596719448877033E+001
  0.100000000000000E+001  0.119145691956178E+002  0.599368584650602E+002  0.370062531061002E+000  0.690672293725675E+000  0.629937468938998E+000 -0.583481073706260E+001 -0.595728459780892E+001
  0.100000000000000E+001  0.118827707127187E+002  0.749387513188466E+002  0.239743478373371E+000  0.814324164922464E+000  0.760256521626629E+000 -0.583481073706260E+001 -0.594138535635937E+001
  0.100000000000000E+001  0.118324437184679E+002  0.698968597771705E+002  0.341822285154705E+000  0.873259115906131E+000  0.658177714845295E+000 -0.583481073706260E+001 -0.591622185923393E+001
  0.100000000000000E+001  0.118245522091127E+002  0.668208149847129E+002  0.380624930925531E+000  0.867192082531158E+000  0.619375069074469E+000 -0.583481073706260E+001 -0.591227610455634E+001
  0.100000000000000E+001  0.117566393242266E+002  0.667929391708529E+002  0.338178437155585E+000  0.508418290248787E+000  0.661821562844415E+000 -0.583481073706260E+001 -0.587831966211328E+001
  0.100000000000000E+001  0.117513277554518E+002  0.763706007200284E+002  0.249361388567056E+000  0.694225805742500E+000  0.750638611432944E+000 -0.583481073706260E+001 -0.587566387772592E+001
  0.100000000000000E+001  0.116499482372607E+002  0.615054942372090E+002  0.340879819308573E+000  0.666139070563689E+000  0.659120180691427E+000 -0.583481073706260E+001 -0.582497411863037E+001
  0.100000000000000E+001  0.116144172892703E+002  0.659813103638615E+002  0.385380567525202E+000  0.869483889161458E+000  0.614619432474798E+000 -0.583481073706260E+001 -0.580720864463517E+001
  0.100000000000000E+001  0.116126571144252E+002  0.594208098684446E+002  0.427285433251797E+000  0.634801044338351E+000  0.572714566748203E+000 -0.583481073706260E+001 -0.580632855721259E+001
  0.100000000000000E+001  0.116015068086189E+002  0.587892072346855E+002  0.437267347507522E+000  0.678030015189778E+000  0.562732652492478E+000 -0.583481073706260E+001 -0.580075340430947E+001
  0.100000000000000E+001  0.115752589879739E+002  0.694428635601306E+002  0.368113434271154E+000  0.702725840441011E+000  0.631886565728846E+000 -0.583481073706260E+001 -0.578762949398695E+001
  0.100000000000000E+001  0.115044990579557E+002  0.679546762802712E+002  0.312265638609175E+000  0.511092916162769E+000  0.687734361390825E+000 -0.583481073706260E+001 -0.575224952897783E+001
  0.100000000000000E+001  0.115002899035443E+002  0.731457525240693E+002  0.264365846941041E+000  0.867461933501567E+000  0.735634153058959E+000 -0.583481073706260E+001 -0.575014495177217E+001
  0.100000000000000E+001  0.114916921426307E+002  0.610325656972200E+002  0.438138751998270E+000  0.815738393486126E+000  0.561861248001730E+000 -0.583481073706260E+001 -0.574584607131533E+001
  0.100000000000000E+001  0.114243109945428E+002  0.606544840080434E+002  0.366611397667674E+000  0.643479670134383E+000  0.633388602332326E+000 -0.583481073706260E+001 -0.571215549727141E+001
  0.100000000000000E+001  0.114174684577973E+002  0.715652277590413E+002  0.327205350106001E+000  0.831812707312698E+000  0.672794649893999E+000 -0.583481073706260E+001 -0.570873422889866E+001
  0.100000000000000E+001  0.113812908459631E+002  0.608962507019168E+002  0.450739038653132E+000  0.679390075038517E+000  0.549260961346868E+000 -0.583481073706260E+001 -0.569064542298153E+001
  0.100000000000000E+001  0.113750400789377E+002  0.591792579690341E+002  0.448072276844498E+000  0.690568247172029E+000  0.551927723155502E+000 -0.583481073706260E+001 -0.568752003946883E+001
  0.100000000000000E+001  0.113749377290767E+002  0.723261613563209E+002  0.236080795746622E+000  0.749841897477049E+000  0.763919204253378E+000 -0.583481073706260E+001 -0.568746886453836E+001
  0.100000000000000E+001  0.113539371449568E+002  0.743597484476024E+002  0.233050902388415E+000  0.718218147892074E+000  0.766949097611584E+000 -0.583481073706260E+001 -0.567696857247840E+001
  0.100000000000000E+001  0.113283409559395E+002  0.760981505951588E+002  0.249989710276557E+000  0.713222034200158E+000  0.750010289723443E+000 -0.583481073706260E+001 -0.566417047796977E+001
  0.100000000000000E+001  0.113278817566081E+002  0.597413257787445E+002  0.432661891013309E+000  0.799952733901095E+000  0.567338108986691E+000 -0.583481073706260E+001 -0.566394087830404E+001
  0.100000000000000E+001  0.113278058365211E+002  0.726808885255361E+002  0.305895074296002E+000  0.841347376222073E+000  0.694104925703998E+000 -0.583481073706260E+001 -0.566390291826057E+001
  0.100000000000000E+001  0.112791581936911E+002  0.664782009513306E+002  0.326379909188005E+000  0.515279546574921E+000  0.673620090811995E+000 -0.583481073706260E+001 -0.563957909684554E+001
  0.100000000000000E+001  0.112660782930281E+002  0.608616016111550E+002  0.388589865903998E+000  0.594940571944186E+000  0.611410134096002E+000 -0.583481073706260E+001 -0.563303914651404E+001
  0.100000000000000E+001  0.112613455790005E+002  0.705217852266031E+002  0.243909908233323E+000  0.747636700454651E+000  0.756090091766677E+000 -0.583481073706260E+001 -0.563067278950023E+001
  0.100000000000000E+001  0.112608876147027E+002  0.616261914524218E+002  0.354955193576475E+000  0.611597298351841E+000  0.645044806423525E+000 -0.583481073706260E+001 -0.563044380735134E+001
  0.100000000000000E+001  0.112501396810656E+002  0.629585377992518E+002  0.315681363838144E+000  0.715808647256184E+000  0.684318636161856E+000 -0.583481073706260E+001 -0.562506984053282E+001
  0.100000000000000E+001  0.112404337494398E+002  0.714744686887091E+002  0.266118772036044E+000  0.556154170072768E+000  0.733881227963956E+000 -0.583481073706260E+001 -0.562021687471992E+001
  0.100000000000000E+001  0.112208100948461E+002  0.606146448812055E+002  0.452340115134369E+000  0.713262939390301E+000  0.547659884865631E+000 -0.583481073706260E+001 -0.561040504742303E+001
  0.100000000000000E+001  0.112107730646179E+002  0.645562171665176E+002  0.306300250139195E+000  0.827656064337698E+000  0.693699749860805E+000 -0.583481073706260E+001 -0.560538653230896E+001
  0.100000000000000E+001  0.111673234988297E+002  0.590072983692806E+002  0.438871574877155E+000  0.714375957374275E+000  0.561128425122845E+000 -0.583481073706260E+001 -0.558366174941484E+001
  0.100000000000000E+001  0.111545420278584E+002  0.735466560363748E+002  0.296477482719014E+000  0.817617705438535E+000  0.703522517280986E+000 -0.583481073706260E+001 -0.557727101392920E+001
  0.100000000000000E+001  0.111064471095159E+002  0.707885297113402E+002  0.309309650758535E+000  0.882133700158145E+000  0.690690349241465E+000 -0.583481073706260E+001 -0.555322355475797E+001
  0.100000000000000E+001  0.110988867533126E+002  0.671634254479167E+002  0.269361195044417E+000  0.666477798333038E+000  0.730638804955583E+000 -0.583481073706260E+001 -0.554944337665632E+001
  0.100000000000000E+001  0.110953440063705E+002  0.704271709268237E+002  0.351496784179868E+000  0.680633694384135E+000  0.648503215820132E+000 -0.583481073706260E+001 -0.554767200318526E+001
  0.100000000000000E+001  0.110744158291830E+002  0.712280080319239E+002  0.247817967348460E+000  0.626854968060361E+000  0.752182032651540E+000 -0.583481073706260E+001 -0.553720791459151E+001
  0.100000000000000E+001  0.110516497882299E+002  0.698727701471843E+002  0.253112305408244E+000  0.795326139298416E+000  0.746887694591756E+000 -0.583481073706260E+001 -0.552582489411497E+001
  0.100000000000000E+001  0.110401717010492E+002  0.605651310041626E+002  0.442512375303401E+000  0.655930714518302E+000  0.557487624696599E+000 -0.583481073706260E+001 -0.552008585052458E+001
  0.100000000000000E+001  0.110365238807631E+002  0.691797584237797E+002  0.279044248516952E+000  0.873196588194066E+000  0.720955751483048E+000 -0.583481073706260E+001 -0.551826194038153E+001
  0.100000000000000E+001  0.110227659514897E+002  0.699167484270203E+002  0.253685000766036E+000  0.799323311264854E+000  0.746314999233964E+000 -0.583481073706260E+001 -0.551138297574485E+001
  0.100000000000000E+001  0.110225805179566E+002  0.629912432908443E+002  0.383805976581059E+000  0.870884576688120E+000  0.616194023418941E+000 -0.583481073706260E+001 -0.551129025897830E+001
  0.100000000000000E+001  0.110145684888392E+002  0.719050349917345E+002  0.311405934413364E+000  0.578350871895457E+000  0.688594065586636E+000 -0.583481073706260E+001 -0.550728424441962E+001
  0.100000000000000E+001  0.109975050585410E+002  0.639222227314437E+002  0.384126545741110E+000  0.873466840397789E+000  0.615873454258890E+000 -0.583481073706260E+001 -0.549875252927051E+001
  0.100000000000000E+001  0.109799989995383E+002  0.602048891939128E+002  0.447004601656208E+000  0.685364669176722E+000  0.552995398343792E+000 -0.583481073706260E+001 -0.548999949976914E+001
  0.100000000000000E+001  0.109785184214240E+002  0.669875433725061E+002  0.285301787089480E+000  0.581915533985126E+000  0.714698212910520E+000 -0.583481073706260E+001 -0.548925921071199E+001
  0.100000000000000E+001  0.109205951890633E+002  0.700030295218130E+002  0.356801550314037E+000  0.702971350163772E+000  0.643198449685963E+000 -0.583481073706260E+001 -0.546029759453163E+001
  0.100000000000000E+001  0.109008090468345E+002  0.594037339536383E+002  0.407941651456292E+000  0.689863421884295E+000  0.592058348543708E+000 -0.583481073706260E+001 -0.545040452341724E+001
  0.100000000000000E+001  0.108681410586532E+002  0.755718138269132E+002  0.251843482887579E+000  0.745749721638936E+000  0.748156517112420E+000 -0.583481073706260E+001 -0.543407052932662E+001
  0.100000000000000E+001  0.108523265835717E+002  0.697822180894323E+002  0.258560068660390E+000  0.610848771295114E+000  0.741439931339611E+000 -0.583481073706260E+001 -0.542616329178583E+001
  0.100000000000000E+001  0.108256414527784E+002  0.667500942963678E+002  0.365721602327742E+000  0.550740606878595E+000  0.634278397672258E+000 -0.583481073706260E+001 -0.541282072638918E+001
  0.100000000000000E+001  0.108193041996341E+002  0.725148107949902E+002  0.318313563972494E+000  0.775047121097627E+000  0.681686436027506E+000 -0.583481073706260E+001 -0.540965209981706E+001
  0.100000000000000E+001  0.108054361548966E+002  0.621390850228501E+002  0.351704994489900E+000  0.820976636657086E+000  0.648295005510100E+000 -0.583481073706260E+001 -0.540271807744828E+001
  0.100000000000000E+001  0.107998169873082E+002  0.696046510478528E+002  0.253459978455997E+000  0.767860652147061E+000  0.746540021544003E+000 -0.583481073706260E+001 -0.539990849365410E+001
  0.100000000000000E+001  0.107964760383061E+002  0.718617760603005E+002  0.327898977826926E+000  0.654596086896370E+000  0.672101022173074E+000 -0.583481073706260E+001 -0.539823801915305E+001
  0.100000000000000E+001  0.107548316728897E+002  0.679819349541979E+002  0.269270495507763E+000  0.623375790706736E+000  0.730729504492237E+000 -0.583481073706260E+001 -0.537741583644486E+001
  0.100000000000000E+001  0.107534591338626E+002  0.659129097628283E+002  0.283189088821695E+000  0.669888786063201E+000  0.716810911178305E+000 -0.583481073706260E+001 -0.537672956693132E+001
  0.100000000000000E+001  0.107528161864638E+002  0.671766639557371E+002  0.335365439333500E+000  0.891306838575176E+000  0.664634560666500E+000 -0.583481073706260E+001 -0.537640809323192E+001
  0.100000000000000E+001  0.107377347301240E+002  0.666849504858552E+002  0.316580870235271E+000  0.885337999756005E+000  0.683419129764729E+000 -0.583481073706260E+001 -0.536886736506201E+001
  0.100000000000000E+001  0.106496559176856E+002  0.721360427468268E+002  0.244495858798865E+000  0.775484812678846E+000  0.755504141201135E+000 -0.583481073706260E+001 -0.532482795884279E+001
  0.100000000000000E+001  0.106105836095409E+002  0.733619705527279E+002  0.243757632033323E+000  0.645946807888767E+000  0.756242367966677E+000 -0.583481073706260E+001 -0.530529180477047E+001
  0.100000000000000E+001  0.105983461529269E+002  0.750548279921886E+002  0.261326160970505E+000  0.769537827951264E+000  0.738673839029495E+000 -0.583481073706260E+001 -0.529917307646344E+001
  0.100000000000000E+001  0.105885703354887E+002  0.701364285962111E+002  0.298828692911013E+000  0.878552835070111E+000  0.701171307088987E+000 -0.583481073706260E+001 -0.529428516774433E+001
  0.100000000000000E+001  0.105767628533006E+002  0.601100227399866E+002  0.438609473510042E+000  0.739674745121311E+000  0.561390526489958E+000 -0.583481073706260E+001 -0.528838142665030E+001
  0.100000000000000E+001  0.105745590034106E+002  0.677558723709393E+002  0.372235857795702E+000  0.610825255172665E+000  0.627764142204298E+000 -0.583481073706260E+001 -0.528727950170528E+001
  0.100000000000000E+001  0.105291288543685E+002  0.670437878497667E+002  0.290450945969390E+000  0.842458609716803E+000  0.709549054030610E+000 -0.583481073706260E+001 -0.526456442718423E+001
  0.100000000000000E+001  0.104805317035687E+002  0.662886932124499E+002  0.289955858964511E+000  0.604083207153615E+000  0.710044141035489E+000 -0.583481073706260E+001 -0.524026585178435E+001
  0.100000000000000E+001  0.104643590543380E+002  0.601459216481392E+002  0.412757915268074E+000  0.776030912455229E+000  0.587242084731926E+000 -0.583481073706260E+001 -0.523217952716898E+001
  0.100000000000000E+001  0.104541503289633E+002  0.735539673677035E+002  0.270918130890886E+000  0.822424398193502E+000  0.729081869109114E+000 -0.583481073706260E+001 -0.522707516448167E+001
  0.100000000000000E+001  0.104367413286932E+002  0.651247573361864E+002  0.328698335467664E+000  0.864833446682196E+000  0.671301664532336E+000 -0.583481073706260E+001 -0.521837066434660E+001
  0.100000000000000E+001  0.104365194596242E+002  0.633132478471814E+002  0.371938445743699E+000  0.552644362828313E+000  0.628061554256301E+000 -0.583481073706260E+001 -0.521825972981209E+001
  0.100000000000000E+001  0.104280775546878E+002  0.600450057604360E+002  0.391472399964123E+000  0.691288449620966E+000  0.608527600035877E+000 -0.583481073706260E+001 -0.521403877734390E+001
  0.100000000000000E+001  0.103861050301330E+002  0.719184481577869E+002  0.297183353115111E+000  0.845746659119660E+000  0.702816646884889E+000 -0.583481073706260E+001 -0.519305251506649E+001
  0.100000000000000E+001  0.103830910142321E+002  0.698610082860827E+002  0.257104861602787E+000  0.783478265851103E+000  0.742895138397213E+000 -0.583481073706260E+001 -0.519154550711607E+001
  0.100000000000000E+001  0.103594394532526E+002  0.609629682727793E+002  0.437326267778837E+000  0.737508815310284E+000  0.562673732221163E+000 -0.583481073706260E+001 -0.517971972662629E+001
  0.100000000000000E+001  0.103071270763549E+002  0.643492694671978E+002  0.412108678122069E+000  0.646729462177078E+000  0.587891321877931E+000 -0.583481073706260E+001 -0.515356353817744E+001
  0.100000000000000E+001  0.102969559617701E+002  0.682114888241847E+002  0.364687884679690E+000  0.804761196608304E+000  0.635312115320310E+000 -0.583481073706260E+001 -0.514847798088503E+001
  0.100000000000000E+001  0.102505316265211E+002  0.673670382095996E+002  0.275108677138636E+000  0.775933423259003E+000  0.724891322861364E+000 -0.583481073706260E+001 -0.512526581326053E+001
  0.100000000000000E+001  0.102033443040282E+002  0.699469549115013E+002  0.322006748679855E+000  0.853698723374192E+000  0.677993251320145E+000 -0.583481073706260E+001 -0.510167215201408E+001
  0.100000000000000E+001  0.101740618589979E+002  0.697540671840957E+002  0.313539696556106E+000  0.864500658690484E+000  0.686460303443894E+000 -0.583481073706260E+001 -0.508703092949897E+001
  0.100000000000000E+001  0.101675429091188E+002  0.672233277503938E+002  0.316639963511555E+000  0.871967095685465E+000  0.683360036488445E+000 -0.583481073706260E+001 -0.508377145455942E+001
  0.100000000000000E+001  0.101661945790211E+002  0.743726533258880E+002  0.278513129587828E+000  0.759561111164193E+000  0.721486870412172E+000 -0.583481073706260E+001 -0.508309728951056E+001
  0.100000000000000E+001  0.101610748282799E+002  0.694816413344364E+002  0.349254437352102E+000  0.797552886282550E+000  0.650745562647898E+000 -0.583481073706260E+001 -0.508053741413997E+001
  0.100000000000000E+001  0.101536989714449E+002  0.695370570725072E+002  0.343330542077682E+000  0.591470669929467E+000  0.656669457922318E+000 -0.583481073706260E+001 -0.507684948572247E+001
  0.100000000000000E+001  0.101487717709085E+002  0.624120922452945E+002  0.367870908241329E+000  0.827017590308370E+000  0.632129091758671E+000 -0.583481073706260E+001 -0.507438588545425E+001
  0.100000000000000E+001  0.100824676356022E+002  0.685740068891046E+002  0.322586351473703E+000  0.868566064796319E+000  0.677413648526297E+000 -0.583481073706260E+001 -0.504123381780111E+001
  0.100000000000000E+001  0.100722047666257E+002  0.693552909612743E+002  0.305470591154900E+000  0.867097187201690E+000  0.694529408845100E+000 -0.583481073706260E+001 -0.503610238331284E+001
  0.100000000000000E+001  0.100313142648882E+002  0.723674597136962E+002  0.278230696753240E+000  0.572391146127888E+000  0.721769303246760E+000 -0.583481073706260E+001 -0.501565713244409E+001
  0.100000000000000E+001  0.999554737366736E+001  0.696594394533995E+002  0.290216586372457E+000  0.542574414303977E+000  0.709783413627543E+000 -0.583481073706260E+001 -0.499777368683368E+001
  0.100000000000000E+001  0.999014698657715E+001  0.654866281258719E+002  0.305485917394537E+000  0.813722493910696E+000  0.694514082605463E+000 -0.583481073706260E+001 -0.499507349328858E+001
  0.100000000000000E+001  0.996404912967980E+001  0.638080056206036E+002  0.417107148471960E+000  0.735569077673132E+000  0.582892851528040E+000 -0.583481073706260E+001 -0.498202456483990E+001
  0.100000000000000E+001  0.994771086040078E+001  0.623352577345602E+002  0.404829646592186E+000  0.807863067679951E+000  0.595170353407814E+000 -0.583481073706260E+001 -0.497385543020039E+001
  0.100000000000000E+001  0.994369669798438E+001  0.694244989768366E+002  0.342710118940241E+000  0.814915865143757E+000  0.657289881059759E+000 -0.583481073706260E+001 -0.497184834899219E+001
  0.100000000000000E+001  0.993427004702892E+001  0.628856375506310E+002  0.355520173855254E+000  0.821031950950863E+000  0.644479826144746E+000 -0.583481073706260E+001 -0.496713502351446E+001
  0.100000000000000E+001  0.993200422197127E+001  0.632456218441860E+002  0.343379413596484E+000  0.588406935962466E+000  0.656620586403516E+000 -0.583481073706260E+001 -0.496600211098564E+001
  0.100000000000000E+001  0.992265661744947E+001  0.610678147164134E+002  0.373511660102165E+000  0.752858640081967E+000  0.626488339897835E+000 -0.583481073706260E+001 -0.496132830872473E+001
  0.100000000000000E+001  0.990483338790782E+001  0.636497100023985E+002  0.352147122926897E+000  0.837741832498867E+000  0.647852877073103E+000 -0.583481073706260E+001 -0.495241669395391E+001
  0.100000000000000E+001  0.987861526881469E+001  0.639748120387486E+002  0.389373188458325E+000  0.826963459981835E+000  0.610626811541675E+000 -0.583481073706260E+001 -0.493930763440735E+001
  0.100000000000000E+001  0.986913287041409E+001  0.715920768393959E+002  0.308571521900901E+000  0.583841901217842E+000  0.691428478099099E+000 -0.583481073706260E+001 -0.493456643520705E+001
  0.100000000000000E+001  0.986728093411516E+001  0.683085547696486E+002  0.268234321890414E+000  0.755691021060346E+000  0.731765678109586E+000 -0.583481073706260E+001 -0.493364046705758E+001
  0.100000000000000E+001  0.986652043298453E+001  0.739186032054224E+002  0.283429140519043E+000  0.760171967903109E+000  0.716570859480957E+000 -0.583481073706260E+001 -0.493326021649226E+001
  0.100000000000000E+001  0.986060337690097E+001  0.694984330927244E+002  0.273551356797444E+000  0.821889429426336E+000  0.726448643202556E+000 -0.583481073706260E+001 -0.493030168845049E+001
  0.100000000000000E+001  0.985740313231417E+001  0.675592166966015E+002  0.374086212145822E+000  0.771280673595724E+000  0.625913787854178E+000 -0.583481073706260E+001 -0.492870156615709E+001
  0.100000000000000E+001  0.980474925312595E+001  0.640932184095589E+002  0.316110470838812E+000  0.636781570533972E+000  0.683889529161188E+000 -0.583481073706260E+001 -0.490237462656298E+001
  0.100000000000000E+001  0.978782922631175E+001  0.650143746189628E+002  0.362485272890810E+000  0.546186535326456E+000  0.637514727109190E+000 -0.583481073706260E+001 -0.489391461315588E+001
  0.100000000000000E+001  0.977335625032731E+001  0.743482324270296E+002  0.263564614238505E+000  0.753014977132061E+000  0.736435385761495E+000 -0.583481073706260E+001 -0.488667812516365E+001
  0.100000000000000E+001  0.976498277778619E+001  0.606829185994486E+002  0.383942993547310E+000  0.719146196025411E+000  0.616057006452690E+000 -0.583481073706260E+001 -0.488249138889309E+001
  0.100000000000000E+001  0.975163116118136E+001  0.697939344806567E+002  0.317279446396429E+000  0.846656419900935E+000  0.682720553603571E+000 -0.583481073706260E+001 -0.487581558059068E+001
  0.100000000000000E+001  0.973413567714497E+001  0.665373685244877E+002  0.306451090570028E+000  0.837096920351262E+000  0.693548909429972E+000 -0.583481073706260E+001 -0.486706783857249E+001
  0.100000000000000E+001  0.971434068297573E+001  0.735496426086263E+002  0.258151369130598E+000  0.774514616413512E+000  0.741848630869402E+000 -0.583481073706260E+001 -0.485717034148786E+001
  0.100000000000000E+001  0.971356460689244E+001  0.633918338874293E+002  0.323091937791923E+000  0.727108498428751E+000  0.676908062208077E+000 -0.583481073706260E+001 -0.485678230344622E+001
  0.100000000000000E+001  0.966973972303324E+001  0.636597401090490E+002  0.388355130922655E+000  0.821121030172939E+000  0.611644869077345E+000 -0.583481073706260E+001 -0.483486986151662E+001
  0.100000000000000E+001  0.966289383591898E+001  0.643100824514802E+002  0.321545968273940E+000  0.797211772503015E+000  0.678454031726060E+000 -0.583481073706260E+001 -0.483144691795949E+001
  0.100000000000000E+001  0.965478019566563E+001  0.659849786708979E+002  0.378341121674323E+000  0.811287640317023E+000  0.621658878325677E+000 -0.583481073706260E+001 -0.482739009783281E+001
  0.100000000000000E+001  0.964236681567753E+001  0.650660840031657E+002  0.403710525201152E+000  0.689431948349751E+000  0.596289474798848E+000 -0.583481073706260E+001 -0.482118340783876E+001
  0.100000000000000E+001  0.963005696870156E+001  0.693185635637536E+002  0.355068400149255E+000  0.733968803283330E+000  0.644931599850745E+000 -0.583481073706260E+001 -0.481502848435078E+001
  0.100000000000000E+001  0.961998045457290E+001  0.655539062505398E+002  0.372268667663976E+000  0.564398040200882E+000  0.627731332336024E+000 -0.583481073706260E+001 -0.480999022728645E+001
  0.100000000000000E+001  0.959191284605468E+001  0.645217653290296E+002  0.403488008397887E+000  0.639159507338889E+000  0.596511991602113E+000 -0.583481073706260E+001 -0.479595642302734E+001
  0.100000000000000E+001  0.958917777919278E+001  0.690376855647536E+002  0.264021945031867E+000  0.741437142899635E+000  0.735978054968133E+000 -0.583481073706260E+001 -0.479458888959639E+001
  0.100000000000000E+001  0.958203636418273E+001  0.668000385176174E+002  0.364103015614530E+000  0.823969081486418E+000  0.635896984385470E+000 -0.583481073706260E+001 -0.479101818209137E+001
  0.100000000000000E+001  0.957348502704403E+001  0.616002123943027E+002  0.406491220985857E+000  0.778046156957339E+000  0.593508779014143E+000 -0.583481073706260E+001 -0.478674251352202E+001
  0.100000000000000E+001  0.956882842030335E+001  0.713129751904796E+002  0.300297910931487E+000  0.826625199966761E+000  0.699702089068513E+000 -0.583481073706260E+001 -0.478441421015167E+001
  0.100000000000000E+001  0.955960569050451E+001  0.656870200380002E+002  0.311389492712425E+000  0.818948134356399E+000  0.688610507287575E+000 -0.583481073706260E+001 -0.477980284525225E+001
  0.100000000000000E+001  0.949342847460375E+001  0.628394533348054E+002  0.385741315155268E+000  0.582799026700703E+000  0.614258684844732E+000 -0.583481073706260E+001 -0.474671423730188E+001
  0.100000000000000E+001  0.948895640520686E+001  0.703163268290062E+002  0.267552793860889E+000  0.799362954985963E+000  0.732447206139111E+000 -0.583481073706260E+001 -0.474447820260343E+001
  0.100000000000000E+001  0.948649220818436E+001  0.671049172922030E+002  0.322746077820144E+000  0.852051081043599E+000  0.677253922179856E+000 -0.583481073706260E+001 -0.474324610409218E+001
  0.100000000000000E+001  0.946997390257536E+001  0.609149091487757E+002  0.409915604008129E+000  0.656344174372039E+000  0.590084395991871E+000 -0.583481073706260E+001 -0.473498695128768E+001
  0.100000000000000E+001  0.946512122628540E+001  0.676490692045586E+002  0.293020768182030E+000  0.822704446364501E+000  0.706979231817970E+000 -0.583481073706260E+001 -0.473256061314270E+001
  0.100000000000000E+001  0.944689811413069E+001  0.669795663079778E+002  0.281901436996384E+000  0.654932067981589E+000  0.718098563003616E+000 -0.583481073706260E+001 -0.472344905706534E+001
  0.100000000000000E+001  0.938652290864192E+001  0.708436499047361E+002  0.326670936520239E+000  0.775988794736626E+000  0.673329063479761E+000 -0.583481073706260E+001 -0.469326145432096E+001
  0.100000000000000E+001  0.935219169096456E+001  0.651437859775280E+002  0.305081276325684E+000  0.759564454018423E+000  0.694918723674316E+000 -0.583481073706260E+001 -0.467609584548228E+001
  0.100000000000000E+001  0.932211877613380E+001  0.739226897049327E+002  0.279790238299600E+000  0.718051783997363E+000  0.720209761700400E+000 -0.583481073706260E+001 -0.466105938806690E+001
  0.100000000000000E+001  0.931590081324132E+001  0.727852786255148E+002  0.291494995043460E+000  0.777997095869432E+000  0.708505004956540E+000 -0.583481073706260E+001 -0.465795040662066E+001
  0.100000000000000E+001  0.930490240728710E+001  0.647746224241835E+002  0.401700616652737E+000  0.661495555828600E+000  0.598299383347263E+000 -0.583481073706260E+001 -0.465245120364355E+001
  0.100000000000000E+001  0.930315584870257E+001  0.655814695379544E+002  0.377490467435561E+000  0.807408809107149E+000  0.622509532564439E+000 -0.583481073706260E+001 -0.465157792435129E+001
  0.100000000000000E+001  0.929423721206495E+001  0.725383949245906E+002  0.290124164444832E+000  0.602003855782856E+000  0.709875835555168E+000 -0.583481073706260E+001 -0.464711860603247E+001
  0.100000000000000E+001  0.927939591362470E+001  0.685850929110121E+002  0.355937723672123E+000  0.622162632805862E+000  0.644062276327877E+000 -0.583481073706260E+001 -0.463969795681235E+001
  0.100000000000000E+001  0.926653767201030E+001  0.633716113795902E+002  0.332774787223079E+000  0.636743205008222E+000  0.667225212776921E+000 -0.583481073706260E+001 -0.463326883600515E+001
  0.100000000000000E+001  0.925799884600759E+001  0.690477184815781E+002  0.272890031085570E+000  0.782791708766607E+000  0.727109968914430E+000 -0.583481073706260E+001 -0.462899942300380E+001
  0.100000000000000E+001  0.925225865248239E+001  0.649644865555395E+002  0.398942509791953E+000  0.739033923938809E+000  0.601057490208047E+000 -0.583481073706260E+001 -0.462612932624120E+001
  0.100000000000000E+001  0.920341527546113E+001  0.712743247174393E+002  0.267464112633908E+000  0.793357939244044E+000  0.732535887366092E+000 -0.583481073706260E+001 -0.460170763773057E+001
  0.100000000000000E+001  0.919987766966486E+001  0.655404289054629E+002  0.377840569770252E+000  0.585858750501688E+000  0.622159430229748E+000 -0.583481073706260E+001 -0.459993883483243E+001
  0.100000000000000E+001  0.918529081279613E+001  0.627239626802389E+002  0.412721497707162E+000  0.742798978106140E+000  0.587278502292838E+000 -0.583481073706260E+001 -0.459264540639807E+001
  0.100000000000000E+001  0.916573456574425E+001  0.666581476088932E+002  0.376667272594256E+000  0.769542493466573E+000  0.623332727405744E+000 -0.583481073706260E+001 -0.458286728287212E+001
  0.100000000000000E+001  0.916372267150120E+001  0.710326344785558E+002  0.261111634879675E+000  0.625491642236027E+000  0.738888365120325E+000 -0.583481073706260E+001 -0.458186133575060E+001
  0.100000000000000E+001  0.916118336532828E+001  0.702236561610938E+002  0.259789561901588E+000  0.664153241296741E+000  0.740210438098412E+000 -0.583481073706260E+001 -0.458059168266414E+001
  0.100000000000000E+001  0.915845403041612E+001  0.687983387898416E+002  0.353243961389061E+000  0.626737680395412E+000  0.646756038610939E+000 -0.583481073706260E+001 -0.457922701520806E+001
  0.100000000000000E+001  0.915639898183581E+001  0.694068758356527E+002  0.351220481102860E+000  0.690039101621328E+000  0.648779518897140E+000 -0.583481073706260E+001 -0.457819949091791E+001
  0.100000000000000E+001  0.915495895533001E+001  0.649317874316868E+002  0.400518754955592E+000  0.689023728759115E+000  0.599481245044408E+000 -0.583481073706260E+001 -0.457747947766501E+001
  0.100000000000000E+001  0.914658347313730E+001  0.613758945052292E+002  0.374928649880207E+000  0.711990986632901E+000  0.625071350119793E+000 -0.583481073706260E+001 -0.457329173656865E+001
  0.100000000000000E+001  0.913322448132711E+001  0.725851669254435E+002  0.264273307790669E+000  0.774278910472801E+000  0.735726692209331E+000 -0.583481073706260E+001 -0.456661224066356E+001
  0.100000000000000E+001  0.913032200729834E+001  0.654909379806130E+002  0.383605056906906E+000  0.604351208541321E+000  0.616394943093094E+000 -0.583481073706260E+001 -0.456516100364917E+001
  0.100000000000000E+001  0.912607773417314E+001  0.715428914773962E+002  0.265890854241395E+000  0.785560023403122E+000  0.734109145758605E+000 -0.583481073706260E+001 -0.456303886708657E+001
  0.100000000000000E+001  0.912286789169210E+001  0.655341400592876E+002  0.308732471094351E+000  0.602005908811227E+000  0.691267528905649E+000 -0.583481073706260E+001 -0.456143394584605E+001
  0.100000000000000E+001  0.911403295266144E+001  0.634308503986649E+002  0.409816542484586E+000  0.732611871466167E+000  0.590183457515414E+000 -0.583481073706260E+001 -0.455701647633072E+001
  0.100000000000000E+001  0.911086018276735E+001  0.680990404381508E+002  0.366663824267940E+000  0.684572600318574E+000  0.633336175732060E+000 -0.583481073706260E+001 -0.455543009138368E+001
  0.100000000000000E+001  0.910958655976076E+001  0.697655676992272E+002  0.303615457075377E+000  0.832095888912840E+000  0.696384542924623E+000 -0.583481073706260E+001 -0.455479327988038E+001
  0.100000000000000E+001  0.906791877276248E+001  0.655109887278101E+002  0.320052590893267E+000  0.812069060265064E+000  0.679947409106733E+000 -0.583481073706260E+001 -0.453395938638124E+001
  0.100000000000000E+001  0.905380224700366E+001  0.719465302353126E+002  0.286333799683788E+000  0.585594869686298E+000  0.713666200316212E+000 -0.583481073706260E+001 -0.452690112350183E+001
  0.100000000000000E+001  0.903453734115967E+001  0.697700937514261E+002  0.275519103846704E+000  0.589233937671942E+000  0.724480896153296E+000 -0.583481073706260E+001 -0.451726867057984E+001
  0.100000000000000E+001  0.902820942255662E+001  0.677730379695468E+002  0.277537335648720E+000  0.733998094605142E+000  0.722462664351280E+000 -0.583481073706260E+001 -0.451410471127831E+001
  0.100000000000000E+001  0.901999887042547E+001  0.672158054537598E+002  0.320117561098144E+000  0.544433598620220E+000  0.679882438901856E+000 -0.583481073706260E+001 -0.450999943521274E+001
  0.100000000000000E+001  0.901165621847384E+001  0.615504497877575E+002  0.413467020540513E+000  0.681732321399525E+000  0.586532979459487E+000 -0.583481073706260E+001 -0.450582810923692E+001
  0.100000000000000E+001  0.900996453819722E+001  0.730566637419724E+002  0.294935819083742E+000  0.712785191994683E+000  0.705064180916258E+000 -0.583481073706260E+001 -0.450498226909861E+001
  0.100000000000000E+001  0.900200186436532E+001  0.661485178964082E+002  0.355812782117795E+000  0.557152463610236E+000  0.644187217882205E+000 -0.583481073706260E+001 -0.450100093218266E+001
  0.100000000000000E+001  0.900196130245187E+001  0.614978535494537E+002  0.413205117677458E+000  0.687814518606730E+000  0.586794882322542E+000 -0.583481073706260E+001 -0.450098065122594E+001
  0.100000000000000E+001  0.900183318693638E+001  0.688581212461515E+002  0.338291775338252E+000  0.806735054812839E+000  0.661708224661748E+000 -0.583481073706260E+001 -0.450091659346819E+001
  0.100000000000000E+001  0.899971912244913E+001  0.692690476259949E+002  0.296810952909788E+000  0.827725106527517E+000  0.703189047090212E+000 -0.583481073706260E+001 -0.449985956122456E+001
  0.100000000000000E+001  0.899343178886225E+001  0.689356355730082E+002  0.268422360876194E+000  0.664172102394364E+000  0.731577639123806E+000 -0.583481073706260E+001 -0.449671589443113E+001
  0.100000000000000E+001  0.898974634605564E+001  0.644856187850601E+002  0.395753568949205E+000  0.761607153122255E+000  0.604246431050795E+000 -0.583481073706260E+001 -0.449487317302782E+001
  0.100000000000000E+001  0.898401210577764E+001  0.637180979073347E+002  0.335081853264130E+000  0.773115979216367E+000  0.664918146735870E+000 -0.583481073706260E+001 -0.449200605288882E+001
  0.100000000000000E+001  0.898366421488696E+001  0.614139429402598E+002  0.392775879971521E+000  0.739402738510439E+000  0.607224120028479E+000 -0.583481073706260E+001 -0.449183210744348E+001
  0.100000000000000E+001  0.898337690476424E+001  0.734914333639014E+002  0.276859928893693E+000  0.648168381798293E+000  0.723140071106307E+000 -0.583481073706260E+001 -0.449168845238212E+001
  0.100000000000000E+001  0.897038773613321E+001  0.620878947018988E+002  0.357569989832926E+000  0.709030198316908E+000  0.642430010167074E+000 -0.583481073706260E+001 -0.448519386806661E+001
  0.100000000000000E+001  0.894864581892911E+001  0.619760586824460E+002  0.392816168155471E+000  0.763515448144890E+000  0.607183831844529E+000 -0.583481073706260E+001 -0.447432290946455E+001
  0.100000000000000E+001  0.894302519487498E+001  0.627751512477961E+002  0.409722169372807E+000  0.652912395587519E+000  0.590277830627193E+000 -0.583481073706260E+001 -0.447151259743749E+001
  0.100000000000000E+001  0.893954665710912E+001  0.670442555356741E+002  0.284162446183282E+000  0.663294941336980E+000  0.715837553816718E+000 -0.583481073706260E+001 -0.446977332855456E+001
  0.100000000000000E+001  0.893449679189876E+001  0.620223188842167E+002  0.371261899230897E+000  0.633189344698213E+000  0.628738100769103E+000 -0.583481073706260E+001 -0.446724839594938E+001
  0.100000000000000E+001  0.892797875742587E+001  0.644680852501805E+002  0.384608405037933E+000  0.791783513694690E+000  0.615391594962067E+000 -0.583481073706260E+001 -0.446398937871294E+001
  0.100000000000000E+001  0.892753724223608E+001  0.687115328899247E+002  0.348458125448381E+000  0.778814940614174E+000  0.651541874551619E+000 -0.583481073706260E+001 -0.446376862111804E+001
  0.100000000000000E+001  0.891548641425092E+001  0.714079101562086E+002  0.318917149061769E+000  0.740926926853268E+000  0.681082850938231E+000 -0.583481073706260E+001 -0.445774320712546E+001
  0.100000000000000E+001  0.889316523807984E+001  0.664960672161424E+002  0.380852838909714E+000  0.733008812163543E+000  0.619147161090286E+000 -0.583481073706260E+001 -0.444658261903992E+001
  0.100000000000000E+001  0.887863307466036E+001  0.685152356109702E+002  0.347514137006987E+000  0.788091642189937E+000  0.652485862993013E+000 -0.583481073706260E+001 -0.443931653733018E+001
  0.100000000000000E+001  0.887636543503078E+001  0.664873038174791E+002  0.355975431685781E+000  0.563387894025081E+000  0.644024568314219E+000 -0.583481073706260E+001 -0.443818271751539E+001
  0.100000000000000E+001  0.887296441613611E+001  0.622114179062681E+002  0.364440570848316E+000  0.748799690945933E+000  0.635559429151684E+000 -0.583481073706260E+001 -0.443648220806806E+001
  0.100000000000000E+001  0.885877300279288E+001  0.669552713750288E+002  0.284783194623017E+000  0.706180373966202E+000  0.715216805376983E+000 -0.583481073706260E+001 -0.442938650139644E+001
  0.100000000000000E+001  0.885413421102622E+001  0.613829538525473E+002  0.391943686370262E+000  0.664467238560170E+000  0.608056313629738E+000 -0.583481073706260E+001 -0.442706710551311E+001
  0.100000000000000E+001  0.884637975352478E+001  0.726951941481834E+002  0.271875022885648E+000  0.616012907198947E+000  0.728124977114352E+000 -0.583481073706260E+001 -0.442318987676239E+001
  0.100000000000000E+001  0.884234623256756E+001  0.667568446364680E+002  0.379571181749631E+000  0.690093150609750E+000  0.620428818250369E+000 -0.583481073706260E+001 -0.442117311628378E+001
  0.100000000000000E+001  0.882676338143642E+001  0.685596747925769E+002  0.317415060664612E+000  0.828706835705036E+000  0.682584939335388E+000 -0.583481073706260E+001 -0.441338169071821E+001
  0.100000000000000E+001  0.882416266005391E+001  0.652804810786342E+002  0.305571256270350E+000  0.733992467528257E+000  0.694428743729650E+000 -0.583481073706260E+001 -0.441208133002695E+001
  0.100000000000000E+001  0.882215944822619E+001  0.615891030863245E+002  0.390068091606300E+000  0.736483984512960E+000  0.609931908393700E+000 -0.583481073706260E+001 -0.441107972411310E+001
  0.100000000000000E+001  0.882212381091025E+001  0.613669737940838E+002  0.387829856048200E+000  0.678853650587255E+000  0.612170143951800E+000 -0.583481073706260E+001 -0.441106190545512E+001
  0.100000000000000E+001  0.880124336637294E+001  0.719355502180480E+002  0.256538874415559E+000  0.707965956880134E+000  0.743461125584441E+000 -0.583481073706260E+001 -0.440062168318647E+001
  0.100000000000000E+001  0.879692846653999E+001  0.695446200702850E+002  0.285938300338950E+000  0.807897353132298E+000  0.714061699661050E+000 -0.583481073706260E+001 -0.439846423326999E+001
  0.100000000000000E+001  0.879047382041571E+001  0.631329837086326E+002  0.409139919126790E+000  0.707844700498836E+000  0.590860080873210E+000 -0.583481073706260E+001 -0.439523691020785E+001
  0.100000000000000E+001  0.875319905586129E+001  0.668483915762102E+002  0.363877960884837E+000  0.591783650375930E+000  0.636122039115163E+000 -0.583481073706260E+001 -0.437659952793065E+001
  0.100000000000000E+001  0.874553029289630E+001  0.736045587545400E+002  0.268705174211760E+000  0.696462154615573E+000  0.731294825788240E+000 -0.583481073706260E+001 -0.437276514644815E+001
  0.100000000000000E+001  0.874229536031142E+001  0.653428180855768E+002  0.391437707352030E+000  0.723072273544670E+000  0.608562292647970E+000 -0.583481073706260E+001 -0.437114768015571E+001
  0.100000000000000E+001  0.872962053559107E+001  0.616233115512257E+002  0.382972977522707E+000  0.722848550866797E+000  0.617027022477292E+000 -0.583481073706260E+001 -0.436481026779553E+001
  0.100000000000000E+001  0.872588047985609E+001  0.712370531367804E+002  0.303839665738187E+000  0.590063718751790E+000  0.696160334261813E+000 -0.583481073706260E+001 -0.436294023992805E+001
  0.100000000000000E+001  0.870621379600737E+001  0.714344387664016E+002  0.258504449751499E+000  0.672448863317604E+000  0.741495550248501E+000 -0.583481073706260E+001 -0.435310689800369E+001
  0.100000000000000E+001  0.870360323253043E+001  0.703262110201311E+002  0.322926548366292E+000  0.599082876251044E+000  0.677073451633708E+000 -0.583481073706260E+001 -0.435180161626522E+001
  0.100000000000000E+001  0.868802247983979E+001  0.673004316316116E+002  0.364106669416836E+000  0.768460072126502E+000  0.635893330583164E+000 -0.583481073706260E+001 -0.434401123991990E+001
  0.100000000000000E+001  0.868486228979114E+001  0.647309930193460E+002  0.330328193650881E+000  0.587069316742322E+000  0.669671806349119E+000 -0.583481073706260E+001 -0.434243114489557E+001
  0.100000000000000E+001  0.866161029748811E+001  0.657430272271129E+002  0.362921228700160E+000  0.570592355298614E+000  0.637078771299840E+000 -0.583481073706260E+001 -0.433080514874406E+001
  0.100000000000000E+001  0.865150935630861E+001  0.629054096810116E+002  0.359646185754986E+000  0.767380640947905E+000  0.640353814245014E+000 -0.583481073706260E+001 -0.432575467815430E+001
  0.100000000000000E+001  0.864798816306255E+001  0.651276548116278E+002  0.390556877031524E+000  0.644573481083957E+000  0.609443122968476E+000 -0.583481073706260E+001 -0.432399408153127E+001
  0.100000000000000E+001  0.862040940736835E+001  0.701068622830882E+002  0.337479502330879E+000  0.697163905641876E+000  0.662520497669121E+000 -0.583481073706260E+001 -0.431020470368418E+001
  0.100000000000000E+001  0.861244766812628E+001  0.667002392027055E+002  0.364766337485016E+000  0.783687375083774E+000  0.635233662514984E+000 -0.583481073706260E+001 -0.430622383406314E+001
  0.100000000000000E+001  0.860172463373718E+001  0.683379081897401E+002  0.275362965844521E+000  0.667346275721942E+000  0.724637034155479E+000 -0.583481073706260E+001 -0.430086231686859E+001
  0.100000000000000E+001  0.859747817806659E+001  0.692910914685874E+002  0.289048719441725E+000  0.571849885180163E+000  0.710951280558275E+000 -0.583481073706260E+001 -0.429873908903329E+001
  0.100000000000000E+001  0.859439580229664E+001  0.655292447479723E+002  0.338436005547772E+000  0.559908750130876E+000  0.661563994452228E+000 -0.583481073706260E+001 -0.429719790114832E+001
  0.100000000000000E+001  0.859307121631030E+001  0.619286013615757E+002  0.380420474423812E+000  0.734074734534176E+000  0.619579525576188E+000 -0.583481073706260E+001 -0.429653560815515E+001
  0.100000000000000E+001  0.857763903693102E+001  0.708211878749199E+002  0.327231913626887E+000  0.693717613704277E+000  0.672768086373113E+000 -0.583481073706260E+001 -0.428881951846551E+001
  0.100000000000000E+001  0.857136882830821E+001  0.674958702711161E+002  0.369042514039266E+000  0.695242995158583E+000  0.630957485960734E+000 -0.583481073706260E+001 -0.428568441415411E+001
  0.100000000000000E+001  0.857103250211124E+001  0.712362451085852E+002  0.271906594513563E+000  0.603877292791609E+000  0.728093405486437E+000 -0.583481073706260E+001 -0.428551625105562E+001
  0.100000000000000E+001  0.856755303699708E+001  0.692562537774164E+002  0.290398976996055E+000  0.804157400604386E+000  0.709601023003945E+000 -0.583481073706260E+001 -0.428377651849854E+001
  0.100000000000000E+001  0.856442194977009E+001  0.653847500912065E+002  0.333698484714805E+000  0.807580055815417E+000  0.666301515285195E+000 -0.583481073706260E+001 -0.428221097488505E+001
  0.100000000000000E+001  0.856112896956682E+001  0.700168542401902E+002  0.277320438930666E+000  0.593955802852755E+000  0.722679561069334E+000 -0.583481073706260E+001 -0.428056448478341E+001
  0.100000000000000E+001  0.854091490978342E+001  0.621530379997376E+002  0.365824080940752E+000  0.713908978840147E+000  0.634175919059248E+000 -0.583481073706260E+001 -0.427045745489171E+001
  0.100000000000000E+001  0.853637170989280E+001  0.640162382296468E+002  0.385869099903795E+000  0.773812715319418E+000  0.614130900096205E+000 -0.583481073706260E+001 -0.426818585494640E+001
  0.100000000000000E+001  0.853536698259111E+001  0.626217453152249E+002  0.353045881380866E+000  0.665578265350877E+000  0.646954118619134E+000 -0.583481073706260E+001 -0.426768349129556E+001
  0.100000000000000E+001  0.853051005423000E+001  0.616969971431713E+002  0.382523006344856E+000  0.687853035890107E+000  0.617476993655144E+000 -0.583481073706260E+001 -0.426525502711500E+001
  0.100000000000000E+001  0.852888256981463E+001  0.649332342577765E+002  0.346647839648654E+000  0.806626458728228E+000  0.653352160351346E+000 -0.583481073706260E+001 -0.426444128490732E+001
  0.100000000000000E+001  0.852759763523102E+001  0.672187787435277E+002  0.293486982645200E+000  0.770735852382679E+000  0.706513017354800E+000 -0.583481073706260E+001 -0.426379881761551E+001
  0.100000000000000E+001  0.850677571598982E+001  0.631927188316529E+002  0.390464195484545E+000  0.614139989761879E+000  0.609535804515455E+000 -0.583481073706260E+001 -0.425338785799491E+001
  0.100000000000000E+001  0.848890384919193E+001  0.633149791786345E+002  0.340693572872072E+000  0.729627474809542E+000  0.659306427127928E+000 -0.583481073706260E+001 -0.424445192459597E+001
  0.100000000000000E+001  0.848341601275512E+001  0.683274069401674E+002  0.347631089909238E+000  0.775864638042356E+000  0.652368910090762E+000 -0.583481073706260E+001 -0.424170800637756E+001
  0.100000000000000E+001  0.847963886132422E+001  0.671075211718441E+002  0.372135298724684E+000  0.672791417066026E+000  0.627864701275316E+000 -0.583481073706260E+001 -0.423981943066211E+001
  0.100000000000000E+001  0.844928974290850E+001  0.635020079485539E+002  0.393222654217556E+000  0.622687484663267E+000  0.606777345782444E+000 -0.583481073706260E+001 -0.422464487145425E+001
  0.100000000000000E+001  0.844867040291705E+001  0.728121631749670E+002  0.291165297939038E+000  0.678525659137148E+000  0.708834702060962E+000 -0.583481073706260E+001 -0.422433520145852E+001
  0.100000000000000E+001  0.844792899056038E+001  0.713785146697306E+002  0.298240613975752E+000  0.779788522770630E+000  0.701759386024248E+000 -0.583481073706260E+001 -0.422396449528019E+001
  0.100000000000000E+001  0.844059411310343E+001  0.633135327919624E+002  0.379550933741221E+000  0.600584166110714E+000  0.620449066258779E+000 -0.583481073706260E+001 -0.422029705655171E+001
  0.100000000000000E+001  0.843916589995989E+001  0.728787992427816E+002  0.284383069500089E+000  0.726585710479328E+000  0.715616930499911E+000 -0.583481073706260E+001 -0.421958294997995E+001
  0.100000000000000E+001  0.843464665749275E+001  0.705277740371880E+002  0.307524878309355E+000  0.792072228442005E+000  0.692475121690645E+000 -0.583481073706260E+001 -0.421732332874638E+001
  0.100000000000000E+001  0.842798760492258E+001  0.636819483150514E+002  0.353731431432493E+000  0.779040722784483E+000  0.646268568567507E+000 -0.583481073706260E+001 -0.421399380246129E+001
  0.100000000000000E+001  0.841700385170492E+001  0.699064586666926E+002  0.274778154502098E+000  0.609161442407990E+000  0.725221845497902E+000 -0.583481073706260E+001 -0.420850192585246E+001
  0.100000000000000E+001  0.840726872885000E+001  0.669047514263959E+002  0.362917324768585E+000  0.773128955706185E+000  0.637082675231415E+000 -0.583481073706260E+001 -0.420363436442500E+001
  0.100000000000000E+001  0.840098745271629E+001  0.648092451565005E+002  0.355283854383591E+000  0.800757780476783E+000  0.644716145616409E+000 -0.583481073706260E+001 -0.420049372635814E+001
  0.100000000000000E+001  0.839089851358319E+001  0.662848329105666E+002  0.355307344184470E+000  0.800582084814093E+000  0.644692655815530E+000 -0.583481073706260E+001 -0.419544925679159E+001
  0.100000000000000E+001  0.839021956926272E+001  0.722709143586006E+002  0.289404841475456E+000  0.753460861404444E+000  0.710595158524544E+000 -0.583481073706260E+001 -0.419510978463136E+001
  0.100000000000000E+001  0.837813924327526E+001  0.672525223477520E+002  0.296780006906510E+000  0.597173257354142E+000  0.703219993093490E+000 -0.583481073706260E+001 -0.418906962163763E+001
  0.100000000000000E+001  0.837529283157835E+001  0.697200231567109E+002  0.306968341673754E+000  0.804696242237725E+000  0.693031658326246E+000 -0.583481073706260E+001 -0.418764641578918E+001
  0.100000000000000E+001  0.834658521961224E+001  0.698822662267965E+002  0.318901916879439E+000  0.582527840318465E+000  0.681098083120561E+000 -0.583481073706260E+001 -0.417329260980612E+001
  0.100000000000000E+001  0.834295785369720E+001  0.635586618673408E+002  0.360982468443044E+000  0.595729575639037E+000  0.639017531556956E+000 -0.583481073706260E+001 -0.417147892684860E+001
  0.100000000000000E+001  0.834072991818805E+001  0.661811886326330E+002  0.372591950717986E+000  0.613971548716246E+000  0.627408049282014E+000 -0.583481073706260E+001 -0.417036495909403E+001
  0.100000000000000E+001  0.833513450441372E+001  0.680057058250788E+002  0.353050747690389E+000  0.761950094974406E+000  0.646949252309611E+000 -0.583481073706260E+001 -0.416756725220686E+001
  0.100000000000000E+001  0.832275077581610E+001  0.674926830570780E+002  0.356424333526105E+000  0.769981135342434E+000  0.643575666473895E+000 -0.583481073706260E+001 -0.416137538790805E+001
  0.100000000000000E+001  0.831606182036691E+001  0.665812858938498E+002  0.353347266970855E+000  0.797119069451234E+000  0.646652733029145E+000 -0.583481073706260E+001 -0.415803091018346E+001
  0.100000000000000E+001  0.831563183069738E+001  0.692016926543604E+002  0.273168535152741E+000  0.647035881492420E+000  0.726831464847259E+000 -0.583481073706260E+001 -0.415781591534869E+001
  0.100000000000000E+001  0.830323318429408E+001  0.680969646207928E+002  0.330815818757295E+000  0.562616943641282E+000  0.669184181242705E+000 -0.583481073706260E+001 -0.415161659214704E+001
  0.100000000000000E+001  0.830086703144226E+001  0.694453103312572E+002  0.297008694969766E+000  0.567401106929656E+000  0.702991305030234E+000 -0.583481073706260E+001 -0.415043351572113E+001
  0.100000000000000E+001  0.829884654938228E+001  0.669574999032380E+002  0.312514361241325E+000  0.800267798785764E+000  0.687485638758675E+000 -0.583481073706260E+001 -0.414942327469114E+001
  0.100000000000000E+001  0.829698941503061E+001  0.674461803144616E+002  0.343917744003450E+000  0.570706345515035E+000  0.656082255996550E+000 -0.583481073706260E+001 -0.414849470751531E+001
  0.100000000000000E+001  0.828040985144336E+001  0.720078732943637E+002  0.305037896195923E+000  0.681154855104348E+000  0.694962103804077E+000 -0.583481073706260E+001 -0.414020492572168E+001
  0.100000000000000E+001  0.827318142730471E+001  0.668579747008713E+002  0.291726574632133E+000  0.655539124470724E+000  0.708273425367868E+000 -0.583481073706260E+001 -0.413659071365235E+001
  0.100000000000000E+001  0.827071183641067E+001  0.634741762024594E+002  0.359289459359598E+000  0.769439112838423E+000  0.640710540640402E+000 -0.583481073706260E+001 -0.413535591820533E+001
  0.100000000000000E+001  0.826462936940174E+001  0.665362348659721E+002  0.306866616541894E+000  0.778006108304473E+000  0.693133383458106E+000 -0.583481073706260E+001 -0.413231468470087E+001
  0.100000000000000E+001  0.826037246203964E+001  0.652981311823922E+002  0.317002883266162E+000  0.759005244180208E+000  0.682997116733838E+000 -0.583481073706260E+001 -0.413018623101982E+001
  0.100000000000000E+001  0.825482978317220E+001  0.622663721153278E+002  0.387983826387158E+000  0.647330289983810E+000  0.612016173612842E+000 -0.583481073706260E+001 -0.412741489158610E+001
  0.100000000000000E+001  0.824044986377545E+001  0.664698333403125E+002  0.347897927698616E+000  0.565941886456494E+000  0.652102072301384E+000 -0.583481073706260E+001 -0.412022493188773E+001
  0.100000000000000E+001  0.823784967910851E+001  0.640649663481700E+002  0.394513520877177E+000  0.722897191035449E+000  0.605486479122823E+000 -0.583481073706260E+001 -0.411892483955425E+001
  0.100000000000000E+001  0.823313361931124E+001  0.720914638507363E+002  0.288328795163178E+000  0.618795523896083E+000  0.711671204836822E+000 -0.583481073706260E+001 -0.411656680965562E+001
  0.100000000000000E+001  0.822541492333375E+001  0.647638658679422E+002  0.316442658119039E+000  0.678892935174160E+000  0.683557341880961E+000 -0.583481073706260E+001 -0.411270746166687E+001
  0.100000000000000E+001  0.822322865633833E+001  0.724232309821840E+002  0.278406553617263E+000  0.742327867098995E+000  0.721593446382737E+000 -0.583481073706260E+001 -0.411161432816916E+001
  0.100000000000000E+001  0.819889245873273E+001  0.635087737323507E+002  0.347577997095724E+000  0.748878715623573E+000  0.652422002904276E+000 -0.583481073706260E+001 -0.409944622936637E+001
  0.100000000000000E+001  0.819247432724018E+001  0.658336920024370E+002  0.318465799286887E+000  0.780813705824442E+000  0.681534200713113E+000 -0.583481073706260E+001 -0.409623716362009E+001
  0.100000000000000E+001  0.818989256549183E+001  0.620999018486046E+002  0.391805369016042E+000  0.694678844766563E+000  0.608194630983958E+000 -0.583481073706260E+001 -0.409494628274592E+001
  0.100000000000000E+001  0.818904023589005E+001  0.705613613034120E+002  0.265572690149926E+000  0.691543426218841E+000  0.734427309850074E+000 -0.583481073706260E+001 -0.409452011794502E+001
  0.100000000000000E+001  0.817900057725644E+001  0.660533004599068E+002  0.347743836174545E+000  0.565738735546101E+000  0.652256163825455E+000 -0.583481073706260E+001 -0.408950028862822E+001
  0.100000000000000E+001  0.817829817391647E+001  0.665751395969169E+002  0.348014389164083E+000  0.568235454720278E+000  0.651985610835917E+000 -0.583481073706260E+001 -0.408914908695824E+001
  0.100000000000000E+001  0.816613634488664E+001  0.638847876891368E+002  0.360635840996177E+000  0.776359754762049E+000  0.639364159003823E+000 -0.583481073706260E+001 -0.408306817244332E+001
  0.100000000000000E+001  0.816529615691116E+001  0.626343581784481E+002  0.385502672189098E+000  0.634102155071183E+000  0.614497327810902E+000 -0.583481073706260E+001 -0.408264807845558E+001
  0.100000000000000E+001  0.816195149123523E+001  0.700061992764268E+002  0.319605349005982E+000  0.775256532211372E+000  0.680394650994018E+000 -0.583481073706260E+001 -0.408097574561761E+001
  0.100000000000000E+001  0.816146346282292E+001  0.685195535540552E+002  0.278597428992329E+000  0.651189695712699E+000  0.721402571007671E+000 -0.583481073706260E+001 -0.408073173141146E+001
  0.100000000000000E+001  0.815515174641912E+001  0.678558695598900E+002  0.290109647698715E+000  0.760188143439157E+000  0.709890352301285E+000 -0.583481073706260E+001 -0.407757587320956E+001
  0.100000000000000E+001  0.815296627959648E+001  0.671125949193683E+002  0.340346299583693E+000  0.800832761724771E+000  0.659653700416307E+000 -0.583481073706260E+001 -0.407648313979824E+001
  0.100000000000000E+001  0.815256200756889E+001  0.629754843867449E+002  0.383568376348701E+000  0.748260984433530E+000  0.616431623651299E+000 -0.583481073706260E+001 -0.407628100378444E+001
  0.100000000000000E+001  0.813972570687649E+001  0.630907131194954E+002  0.388594939792377E+000  0.628477949626336E+000  0.611405060207623E+000 -0.583481073706260E+001 -0.406986285343825E+001
  0.100000000000000E+001  0.809737873755184E+001  0.683481691398095E+002  0.290034318769267E+000  0.596963777126378E+000  0.709965681230733E+000 -0.583481073706260E+001 -0.404868936877592E+001
  0.100000000000000E+001  0.808529640371779E+001  0.628702955661232E+002  0.365929356242238E+000  0.738413822427807E+000  0.634070643757762E+000 -0.583481073706260E+001 -0.404264820185890E+001
  0.100000000000000E+001  0.807114903998219E+001  0.627987247367736E+002  0.386213821847081E+000  0.734612805636373E+000  0.613786178152919E+000 -0.583481073706260E+001 -0.403557451999110E+001
  0.100000000000000E+001  0.805928203962415E+001  0.683185001473688E+002  0.279476539184228E+000  0.683977668540840E+000  0.720523460815772E+000 -0.583481073706260E+001 -0.402964101981208E+001
  0.100000000000000E+001  0.805709147096958E+001  0.672774820358297E+002  0.298902223493024E+000  0.767680893015111E+000  0.701097776506976E+000 -0.583481073706260E+001 -0.402854573548479E+001
  0.100000000000000E+001  0.805020638056875E+001  0.692088625614726E+002  0.305587752720248E+000  0.796482651450827E+000  0.694412247279752E+000 -0.583481073706260E+001 -0.402510319028438E+001
  0.100000000000000E+001  0.803809848831752E+001  0.673800941856375E+002  0.351381770141868E+000  0.592124470897838E+000  0.648618229858132E+000 -0.583481073706260E+001 -0.401904924415876E+001
  0.100000000000000E+001  0.802921519557780E+001  0.671109309461300E+002  0.306070103467781E+000  0.584630594873089E+000  0.693929896532219E+000 -0.583481073706260E+001 -0.401460759778890E+001
  0.100000000000000E+001  0.802199755613561E+001  0.632118255453060E+002  0.393168277145308E+000  0.648783364165943E+000  0.606831722854692E+000 -0.583481073706260E+001 -0.401099877806781E+001
  0.100000000000000E+001  0.802138521998444E+001  0.678450170045091E+002  0.320872541889295E+000  0.801361173909581E+000  0.679127458110705E+000 -0.583481073706260E+001 -0.401069260999222E+001
  0.100000000000000E+001  0.802084475583435E+001  0.658420650325708E+002  0.361065631520592E+000  0.584482052893542E+000  0.638934368479408E+000 -0.583481073706260E+001 -0.401042237791718E+001
  0.100000000000000E+001  0.801072242380012E+001  0.702404936545133E+002  0.328142481734201E+000  0.653753584830938E+000  0.671857518265799E+000 -0.583481073706260E+001 -0.400536121190006E+001
  0.100000000000000E+001  0.800605144023282E+001  0.719654389666705E+002  0.288878954062510E+000  0.624200236972050E+000  0.711121045937490E+000 -0.583481073706260E+001 -0.400302572011641E+001
  0.100000000000000E+001  0.800400547103263E+001  0.707960691482154E+002  0.288060682463123E+000  0.773808421426242E+000  0.711939317536877E+000 -0.583481073706260E+001 -0.400200273551632E+001
  0.100000000000000E+001  0.799577973528932E+001  0.652626040690580E+002  0.376341345394161E+000  0.614114526113598E+000  0.623658654605839E+000 -0.583481073706260E+001 -0.399788986764466E+001
  0.100000000000000E+001  0.799325326260824E+001  0.669461435843765E+002  0.294649495765273E+000  0.727137606523918E+000  0.705350504234727E+000 -0.583481073706260E+001 -0.399662663130412E+001
  0.100000000000000E+001  0.798750464330000E+001  0.690088882827858E+002  0.300575870885487E+000  0.791824453583399E+000  0.699424129114512E+000 -0.583481073706260E+001 -0.399375232165000E+001
  0.100000000000000E+001  0.797939800383828E+001  0.692686017925751E+002  0.338966377097720E+000  0.636684735757504E+000  0.661033622902280E+000 -0.583481073706260E+001 -0.398969900191914E+001
  0.100000000000000E+001  0.797744940510321E+001  0.625320603479592E+002  0.390131540507744E+000  0.664206776222253E+000  0.609868459492256E+000 -0.583481073706260E+001 -0.398872470255160E+001
  0.100000000000000E+001  0.796631528119907E+001  0.634414141707904E+002  0.357437828601022E+000  0.748993072012015E+000  0.642562171398978E+000 -0.583481073706260E+001 -0.398315764059954E+001
  0.100000000000000E+001  0.794397777921303E+001  0.712383122303334E+002  0.267404009577092E+000  0.661895264695156E+000  0.732595990422908E+000 -0.583481073706260E+001 -0.397198888960651E+001
  0.100000000000000E+001  0.793612136073572E+001  0.724546433244096E+002  0.286094836366286E+000  0.662612796084322E+000  0.713905163633714E+000 -0.583481073706260E+001 -0.396806068036786E+001
  0.100000000000000E+001  0.792562880488003E+001  0.677055712688920E+002  0.334198555609209E+000  0.792036682490720E+000  0.665801444390791E+000 -0.583481073706260E+001 -0.396281440244002E+001
  0.100000000000000E+001  0.792091498429455E+001  0.717224080257477E+002  0.293037856592977E+000  0.621697288895176E+000  0.706962143407023E+000 -0.583481073706260E+001 -0.396045749214728E+001
  0.100000000000000E+001  0.791805491611306E+001  0.662548576735852E+002  0.331469447701934E+000  0.792819346605899E+000  0.668530552298066E+000 -0.583481073706260E+001 -0.395902745805653E+001
  0.100000000000000E+001  0.791793520293603E+001  0.648820804458552E+002  0.322006440662500E+000  0.730256531561995E+000  0.677993559337500E+000 -0.583481073706260E+001 -0.395896760146801E+001
  0.100000000000000E+001  0.790971608815664E+001  0.721513228814755E+002  0.295510786504559E+000  0.671447722476465E+000  0.704489213495441E+000 -0.583481073706260E+001 -0.395485804407832E+001
  0.100000000000000E+001  0.789749490167164E+001  0.716753980387697E+002  0.305019198494435E+000  0.698701732292596E+000  0.694980801505565E+000 -0.583481073706260E+001 -0.394874745083582E+001
  0.100000000000000E+001  0.789255068301362E+001  0.674538007622037E+002  0.351078979200133E+000  0.765540300995420E+000  0.648921020799867E+000 -0.583481073706260E+001 -0.394627534150681E+001
  0.100000000000000E+001  0.788686653749377E+001  0.694660260911022E+002  0.305562023806296E+000  0.787909365880957E+000  0.694437976193704E+000 -0.583481073706260E+001 -0.394343326874688E+001
  0.100000000000000E+001  0.786025458603917E+001  0.707767551299522E+002  0.269654872759521E+000  0.710855194491138E+000  0.730345127240479E+000 -0.583481073706260E+001 -0.393012729301958E+001
  0.100000000000000E+001  0.786003664960072E+001  0.678709049795201E+002  0.336194634693921E+000  0.576357544485462E+000  0.663805365306079E+000 -0.583481073706260E+001 -0.393001832480036E+001
  0.100000000000000E+001  0.785426645931955E+001  0.645007745314455E+002  0.338134520831222E+000  0.757003584575248E+000  0.661865479168778E+000 -0.583481073706260E+001 -0.392713322965978E+001
  0.100000000000000E+001  0.783914659118558E+001  0.681880689039328E+002  0.306928311752924E+000  0.788580092041197E+000  0.693071688247076E+000 -0.583481073706260E+001 -0.391957329559279E+001
  0.100000000000000E+001  0.782670789363414E+001  0.712738794198444E+002  0.302315868191180E+000  0.742820447951803E+000  0.697684131808820E+000 -0.583481073706260E+001 -0.391335394681707E+001
  0.100000000000000E+001  0.779952075590474E+001  0.633443722398831E+002  0.379534912184247E+000  0.736951868278732E+000  0.620465087815753E+000 -0.583481073706260E+001 -0.389976037795237E+001
  0.100000000000000E+001  0.779874240966943E+001  0.668113377572840E+002  0.366864253176500E+000  0.717497063042979E+000  0.633135746823500E+000 -0.583481073706260E+001 -0.389937120483471E+001
  0.100000000000000E+001  0.775826332505931E+001  0.720281898296531E+002  0.295503447286446E+000  0.681631129362563E+000  0.704496552713554E+000 -0.583481073706260E+001 -0.387913166252966E+001
  0.100000000000000E+001  0.774321347447960E+001  0.645371016865658E+002  0.348441550115075E+000  0.594833163034543E+000  0.651558449884925E+000 -0.583481073706260E+001 -0.387160673723980E+001
  0.100000000000000E+001  0.773908908669816E+001  0.697353302050448E+002  0.283518406184938E+000  0.605908240685999E+000  0.716481593815062E+000 -0.583481073706260E+001 -0.386954454334908E+001
  0.100000000000000E+001  0.773386520056881E+001  0.644650699367619E+002  0.347265001955137E+000  0.762261055085140E+000  0.652734998044863E+000 -0.583481073706260E+001 -0.386693260028440E+001
  0.100000000000000E+001  0.772247545878285E+001  0.660648198261219E+002  0.323627967015980E+000  0.774400827586029E+000  0.676372032984019E+000 -0.583481073706260E+001 -0.386123772939142E+001
  0.100000000000000E+001  0.772088200426122E+001  0.635645955286465E+002  0.344631983586701E+000  0.685836821820854E+000  0.655368016413298E+000 -0.583481073706260E+001 -0.386044100213061E+001
  0.100000000000000E+001  0.772082238161419E+001  0.660970005519922E+002  0.374155179225093E+000  0.660797993659817E+000  0.625844820774907E+000 -0.583481073706260E+001 -0.386041119080710E+001
  0.100000000000000E+001  0.771571454400629E+001  0.692849959786290E+002  0.319597336551667E+000  0.774347122561548E+000  0.680402663448333E+000 -0.583481073706260E+001 -0.385785727200315E+001
  0.100000000000000E+001  0.770996090571771E+001  0.688954265798971E+002  0.339929201563128E+000  0.629634286307775E+000  0.660070798436872E+000 -0.583481073706260E+001 -0.385498045285885E+001
  0.100000000000000E+001  0.767402238670155E+001  0.655143833756543E+002  0.312133644927101E+000  0.689779930612147E+000  0.687866355072899E+000 -0.583481073706260E+001 -0.383701119335078E+001
  0.100000000000000E+001  0.766299196617371E+001  0.654169682377559E+002  0.346365020446212E+000  0.776515976677964E+000  0.653634979553788E+000 -0.583481073706260E+001 -0.383149598308686E+001
  0.100000000000000E+001  0.765685283355769E+001  0.632049821190010E+002  0.380278853283962E+000  0.720109898072574E+000  0.619721146716038E+000 -0.583481073706260E+001 -0.382842641677884E+001
  0.100000000000000E+001  0.763958673150480E+001  0.646184688553221E+002  0.382566155067653E+000  0.715824067534771E+000  0.617433844932347E+000 -0.583481073706260E+001 -0.381979336575240E+001
  0.100000000000000E+001  0.761384504910379E+001  0.687728234369740E+002  0.284234087548286E+000  0.729715412062772E+000  0.715765912451714E+000 -0.583481073706260E+001 -0.380692252455190E+001
  0.100000000000000E+001  0.761094401351133E+001  0.633311337467452E+002  0.387782573606599E+000  0.684333183366216E+000  0.612217426393401E+000 -0.583481073706260E+001 -0.380547200675566E+001
  0.100000000000000E+001  0.760433365146665E+001  0.686959282987970E+002  0.339524268262299E+000  0.620483986808080E+000  0.660475731737701E+000 -0.583481073706260E+001 -0.380216682573333E+001
  0.100000000000000E+001  0.760014099384069E+001  0.669867716555087E+002  0.296673290106143E+000  0.707263091166366E+000  0.703326709893857E+000 -0.583481073706260E+001 -0.380007049692035E+001
  0.100000000000000E+001  0.759875661552742E+001  0.688316830663235E+002  0.304074443399351E+000  0.777938286701287E+000  0.695925556600649E+000 -0.583481073706260E+001 -0.379937830776371E+001
  0.100000000000000E+001  0.759721700662550E+001  0.675345718871272E+002  0.290749959057282E+000  0.664265813802015E+000  0.709250040942718E+000 -0.583481073706260E+001 -0.379860850331275E+001
  0.100000000000000E+001  0.758651854586179E+001  0.709923981461258E+002  0.306421373598301E+000  0.629002763433621E+000  0.693578626401699E+000 -0.583481073706260E+001 -0.379325927293089E+001
  0.100000000000000E+001  0.757465629313896E+001  0.699811177286714E+002  0.274317766287245E+000  0.673163151805719E+000  0.725682233712755E+000 -0.583481073706260E+001 -0.378732814656948E+001
  0.100000000000000E+001  0.757425768842545E+001  0.701006149651377E+002  0.287738193393344E+000  0.757068951338199E+000  0.712261806606656E+000 -0.583481073706260E+001 -0.378712884421273E+001
  0.100000000000000E+001  0.757325396924285E+001  0.642507716812129E+002  0.378730914736090E+000  0.731022517239514E+000  0.621269085263910E+000 -0.583481073706260E+001 -0.378662698462142E+001
  0.100000000000000E+001  0.756196952721677E+001  0.669552066911676E+002  0.358504634690462E+000  0.620183703115475E+000  0.641495365309538E+000 -0.583481073706260E+001 -0.378098476360839E+001
  0.100000000000000E+001  0.755564328946499E+001  0.679771853380953E+002  0.290897208620636E+000  0.629198629051140E+000  0.709102791379364E+000 -0.583481073706260E+001 -0.377782164473249E+001
  0.100000000000000E+001  0.754980113000313E+001  0.708489809498855E+002  0.314644001905954E+000  0.686907575976931E+000  0.685355998094046E+000 -0.583481073706260E+001 -0.377490056500156E+001
  0.100000000000000E+001  0.754737040390913E+001  0.665876965129420E+002  0.332639608798098E+000  0.780290544704401E+000  0.667360391201902E+000 -0.583481073706260E+001 -0.377368520195457E+001
  0.100000000000000E+001  0.754621663967009E+001  0.694048490966040E+002  0.304594280538605E+000  0.581949893818004E+000  0.695405719461395E+000 -0.583481073706260E+001 -0.377310831983505E+001
  0.100000000000000E+001  0.754379878535559E+001  0.704707817037949E+002  0.311208002227949E+000  0.615520657464896E+000  0.688791997772051E+000 -0.583481073706260E+001 -0.377189939267780E+001
  0.100000000000000E+001  0.753617126031219E+001  0.712207415832327E+002  0.307075913773906E+000  0.699572453892827E+000  0.692924086226094E+000 -0.583481073706260E+001 -0.376808563015610E+001
  0.100000000000000E+001  0.753188425924483E+001  0.630157734349362E+002  0.367071060671629E+000  0.677679717257468E+000  0.632928939328371E+000 -0.583481073706260E+001 -0.376594212962242E+001
  0.100000000000000E+001  0.752167066214976E+001  0.636285556064650E+002  0.371197201784993E+000  0.731831672064986E+000  0.628802798215007E+000 -0.583481073706260E+001 -0.376083533107488E+001
  0.100000000000000E+001  0.751044831434093E+001  0.674551639438048E+002  0.348775862322815E+000  0.605083914120825E+000  0.651224137677185E+000 -0.583481073706260E+001 -0.375522415717047E+001
  0.100000000000000E+001  0.750367697076314E+001  0.650564864707010E+002  0.334972119955545E+000  0.752888386280775E+000  0.665027880044455E+000 -0.583481073706260E+001 -0.375183848538157E+001
  0.100000000000000E+001  0.749736853579268E+001  0.692113011139704E+002  0.279931588062332E+000  0.653828985288189E+000  0.720068411937668E+000 -0.583481073706260E+001 -0.374868426789634E+001
  0.100000000000000E+001  0.748787513996944E+001  0.658493276455999E+002  0.310733500741387E+000  0.656036887535559E+000  0.689266499258613E+000 -0.583481073706260E+001 -0.374393756998472E+001
  0.100000000000000E+001  0.748518727403737E+001  0.694973799326369E+002  0.332356207348775E+000  0.649591144228583E+000  0.667643792651225E+000 -0.583481073706260E+001 -0.374259363701869E+001
  0.100000000000000E+001  0.746362026037406E+001  0.689990924536533E+002  0.312518810699601E+000  0.580665950996561E+000  0.687481189300399E+000 -0.583481073706260E+001 -0.373181013018703E+001
  0.100000000000000E+001  0.743724033536090E+001  0.668142135676605E+002  0.364529225861798E+000  0.688179877225269E+000  0.635470774138202E+000 -0.583481073706260E+001 -0.371862016768045E+001
  0.100000000000000E+001  0.742471060811007E+001  0.632121456200342E+002  0.372417221690546E+000  0.701001723930989E+000  0.627582778309454E+000 -0.583481073706260E+001 -0.371235530405503E+001
  0.100000000000000E+001  0.741422307243508E+001  0.676115728004894E+002  0.330709390552173E+000  0.774101104714124E+000  0.669290609447827E+000 -0.583481073706260E+001 -0.370711153621754E+001
  0.100000000000000E+001  0.739966749711889E+001  0.636466697026102E+002  0.351618835550020E+000  0.699792267517338E+000  0.648381164449980E+000 -0.583481073706260E+001 -0.369983374855945E+001
  0.100000000000000E+001  0.739966523459969E+001  0.670996634619608E+002  0.326193322447459E+000  0.775442537121021E+000  0.673806677552541E+000 -0.583481073706260E+001 -0.369983261729984E+001
  0.100000000000000E+001  0.738856839156987E+001  0.660409537154015E+002  0.338062478947230E+000  0.769817471528856E+000  0.661937521052770E+000 -0.583481073706260E+001 -0.369428419578493E+001
  0.100000000000000E+001  0.738773782872695E+001  0.640746299822426E+002  0.377888542804782E+000  0.717506329211681E+000  0.622111457195218E+000 -0.583481073706260E+001 -0.369386891436348E+001
  0.100000000000000E+001  0.738296010013352E+001  0.650490921832097E+002  0.347297130394240E+000  0.595388150453867E+000  0.652702869605760E+000 -0.583481073706260E+001 -0.369148005006676E+001
  0.100000000000000E+001  0.736846683204459E+001  0.637418824152822E+002  0.375170987087620E+000  0.638234606852471E+000  0.624829012912380E+000 -0.583481073706260E+001 -0.368423341602229E+001
  0.100000000000000E+001  0.735901308059164E+001  0.649536222876243E+002  0.333152803203622E+000  0.736009300041556E+000  0.666847196796378E+000 -0.583481073706260E+001 -0.367950654029582E+001
  0.100000000000000E+001  0.734912890964406E+001  0.682773259933094E+002  0.304010326916076E+000  0.763950477061742E+000  0.695989673083924E+000 -0.583481073706260E+001 -0.367456445482203E+001
  0.100000000000000E+001  0.734682354855272E+001  0.687642205375530E+002  0.283346036975050E+000  0.674496344179329E+000  0.716653963024950E+000 -0.583481073706260E+001 -0.367341177427636E+001
  0.100000000000000E+001  0.732692525792090E+001  0.633294253758618E+002  0.363567491990598E+000  0.680135873626099E+000  0.636432508009402E+000 -0.583481073706260E+001 -0.366346262896045E+001
  0.100000000000000E+001  0.732490669784899E+001  0.697257426475442E+002  0.290894242463663E+000  0.603647378601719E+000  0.709105757536337E+000 -0.583481073706260E+001 -0.366245334892450E+001
  0.100000000000000E+001  0.730872472853745E+001  0.648527008257374E+002  0.339008197451882E+000  0.740710329222423E+000  0.660991802548118E+000 -0.583481073706260E+001 -0.365436236426873E+001
  0.100000000000000E+001  0.730710943366866E+001  0.664340479420511E+002  0.345368151902836E+000  0.763947920196779E+000  0.654631848097164E+000 -0.583481073706260E+001 -0.365355471683433E+001
  0.100000000000000E+001  0.730154641141659E+001  0.711306971197169E+002  0.277406790749617E+000  0.696484223380824E+000  0.722593209250384E+000 -0.583481073706260E+001 -0.365077320570830E+001
  0.100000000000000E+001  0.729473271936879E+001  0.713109579830603E+002  0.293436348553400E+000  0.715925866975704E+000  0.706563651446600E+000 -0.583481073706260E+001 -0.364736635968439E+001
  0.100000000000000E+001  0.729148372859071E+001  0.657945587356489E+002  0.323849932033688E+000  0.744872825042594E+000  0.676150067966312E+000 -0.583481073706260E+001 -0.364574186429536E+001
  0.100000000000000E+001  0.728366662918663E+001  0.691146641131268E+002  0.281913145683634E+000  0.682586878566769E+000  0.718086854316366E+000 -0.583481073706260E+001 -0.364183331459332E+001
  0.100000000000000E+001  0.724638390838591E+001  0.697186211839133E+002  0.288915298340494E+000  0.740378435118869E+000  0.711084701659506E+000 -0.583481073706260E+001 -0.362319195419296E+001
  0.100000000000000E+001  0.724471389249230E+001  0.692214207651013E+002  0.320012884470511E+000  0.599046607211353E+000  0.679987115529489E+000 -0.583481073706260E+001 -0.362235694624615E+001
  0.100000000000000E+001  0.723752287424420E+001  0.647167627498309E+002  0.373010149381084E+000  0.718820725323704E+000  0.626989850618916E+000 -0.583481073706260E+001 -0.361876143712210E+001
  0.100000000000000E+001  0.721217072844699E+001  0.703886733357086E+002  0.308724437902794E+000  0.729702316430827E+000  0.691275562097206E+000 -0.583481073706260E+001 -0.360608536422349E+001
  0.100000000000000E+001  0.720157473334660E+001  0.664074234866205E+002  0.364817742457796E+000  0.656455798857894E+000  0.635182257542204E+000 -0.583481073706260E+001 -0.360078736667330E+001
  0.100000000000000E+001  0.719821566670681E+001  0.648945892040230E+002  0.375903544261225E+000  0.693804306185611E+000  0.624096455738775E+000 -0.583481073706260E+001 -0.359910783335340E+001
  0.100000000000000E+001  0.717454602584649E+001  0.667341279520445E+002  0.338100260085525E+000  0.762422201232009E+000  0.661899739914475E+000 -0.583481073706260E+001 -0.358727301292324E+001
  0.100000000000000E+001  0.717337203002926E+001  0.700736791228539E+002  0.320450450944642E+000  0.654230325766538E+000  0.679549549055358E+000 -0.583481073706260E+001 -0.358668601501463E+001
  0.100000000000000E+001  0.716753471475790E+001  0.652713642086077E+002  0.359946463336801E+000  0.608201486072958E+000  0.640053536663199E+000 -0.583481073706260E+001 -0.358376735737895E+001
  0.100000000000000E+001  0.716683550057740E+001  0.713198976872939E+002  0.292358995123219E+000  0.701936971636507E+000  0.707641004876781E+000 -0.583481073706260E+001 -0.358341775028870E+001
  0.100000000000000E+001  0.716392406426452E+001  0.654676106969554E+002  0.326499272471626E+000  0.729511812393892E+000  0.673500727528374E+000 -0.583481073706260E+001 -0.358196203213226E+001
  0.100000000000000E+001  0.715792600954435E+001  0.695091535742454E+002  0.297721190046008E+000  0.749911350683145E+000  0.702278809953992E+000 -0.583481073706260E+001 -0.357896300477218E+001
  0.100000000000000E+001  0.715689884946685E+001  0.636520939641830E+002  0.372132785030990E+000  0.691359479477628E+000  0.627867214969010E+000 -0.583481073706260E+001 -0.357844942473342E+001
  0.100000000000000E+001  0.715444864100090E+001  0.709206297073155E+002  0.278949855537799E+000  0.683562875478664E+000  0.721050144462201E+000 -0.583481073706260E+001 -0.357722432050045E+001
  0.100000000000000E+001  0.715384620208316E+001  0.682773315687300E+002  0.299310036686684E+000  0.744706109371592E+000  0.700689963313316E+000 -0.583481073706260E+001 -0.357692310104158E+001
  0.100000000000000E+001  0.714409635818416E+001  0.667608869417183E+002  0.312061628306253E+000  0.739675348869855E+000  0.687938371693747E+000 -0.583481073706260E+001 -0.357204817909208E+001
  0.100000000000000E+001  0.713956907852310E+001  0.692352993056430E+002  0.291271462903757E+000  0.613487701634044E+000  0.708728537096243E+000 -0.583481073706260E+001 -0.356978453926155E+001
  0.100000000000000E+001  0.713126814642021E+001  0.677342324477465E+002  0.349237222118065E+000  0.708034901447532E+000  0.650762777881935E+000 -0.583481073706260E+001 -0.356563407321011E+001
  0.100000000000000E+001  0.712493976098292E+001  0.686934646632051E+002  0.312739069344384E+000  0.759765715173046E+000  0.687260930655616E+000 -0.583481073706260E+001 -0.356246988049146E+001
  0.100000000000000E+001  0.712167903733088E+001  0.672469422038751E+002  0.354137939663887E+000  0.641543228306887E+000  0.645862060336113E+000 -0.583481073706260E+001 -0.356083951866544E+001
  0.100000000000000E+001  0.711676641498250E+001  0.665914554990431E+002  0.314176150835765E+000  0.611087272236875E+000  0.685823849164235E+000 -0.583481073706260E+001 -0.355838320749125E+001
  0.100000000000000E+001  0.711653304393638E+001  0.642576469430248E+002  0.343174031509911E+000  0.656440999229485E+000  0.656825968490089E+000 -0.583481073706260E+001 -0.355826652196819E+001
  0.100000000000000E+001  0.711154457999286E+001  0.700420008676875E+002  0.317604099464503E+000  0.637720265724728E+000  0.682395900535497E+000 -0.583481073706260E+001 -0.355577228999643E+001
  0.100000000000000E+001  0.710632502909002E+001  0.710671533394813E+002  0.291540466702151E+000  0.638278791236782E+000  0.708459533297849E+000 -0.583481073706260E+001 -0.355316251454501E+001
  0.100000000000000E+001  0.710625606058914E+001  0.712224452296238E+002  0.291220244781052E+000  0.647962826405561E+000  0.708779755218948E+000 -0.583481073706260E+001 -0.355312803029457E+001
  0.100000000000000E+001  0.709645227171181E+001  0.653176819762085E+002  0.323069405670963E+000  0.660627309122435E+000  0.676930594329037E+000 -0.583481073706260E+001 -0.354822613585590E+001
  0.100000000000000E+001  0.709168097441749E+001  0.690645565612756E+002  0.285834938280243E+000  0.648515102450453E+000  0.714165061719757E+000 -0.583481073706260E+001 -0.354584048720874E+001
  0.100000000000000E+001  0.708915044941559E+001  0.694243839500852E+002  0.291547681219661E+000  0.613421533484868E+000  0.708452318780339E+000 -0.583481073706260E+001 -0.354457522470780E+001
  0.100000000000000E+001  0.707638319060637E+001  0.696997338045741E+002  0.304534373763413E+000  0.746391175489993E+000  0.695465626236587E+000 -0.583481073706260E+001 -0.353819159530318E+001
  0.100000000000000E+001  0.707316113725343E+001  0.704422410387420E+002  0.312295067057911E+000  0.651351851550742E+000  0.687704932942089E+000 -0.583481073706260E+001 -0.353658056862671E+001
  0.100000000000000E+001  0.706658923538990E+001  0.681396064275472E+002  0.320886175637799E+000  0.587152583931922E+000  0.679113824362201E+000 -0.583481073706260E+001 -0.353329461769495E+001
  0.100000000000000E+001  0.705803440989766E+001  0.670196650366071E+002  0.328090911168645E+000  0.759631110840475E+000  0.671909088831355E+000 -0.583481073706260E+001 -0.352901720494883E+001
  0.100000000000000E+001  0.705521235068360E+001  0.697693812453734E+002  0.316586554907472E+000  0.728027980084473E+000  0.683413445092528E+000 -0.583481073706260E+001 -0.352760617534180E+001
  0.100000000000000E+001  0.705317143539080E+001  0.655540505580168E+002  0.320085373321913E+000  0.688602839394985E+000  0.679914626678087E+000 -0.583481073706260E+001 -0.352658571769540E+001
  0.100000000000000E+001  0.703717397891631E+001  0.642055132691197E+002  0.369040899098572E+000  0.642096172337490E+000  0.630959100901428E+000 -0.583481073706260E+001 -0.351858698945815E+001
  0.100000000000000E+001  0.702431453707558E+001  0.695468413951728E+002  0.307136828923400E+000  0.745388719182528E+000  0.692863171076600E+000 -0.583481073706260E+001 -0.351215726853779E+001
  0.100000000000000E+001  0.701477953933877E+001  0.674576342190846E+002  0.351413210990904E+000  0.700152545073877E+000  0.648586789009096E+000 -0.583481073706260E+001 -0.350738976966939E+001
  0.100000000000000E+001  0.701331932048616E+001  0.703026992759088E+002  0.315143884659502E+000  0.677220706763194E+000  0.684856115340498E+000 -0.583481073706260E+001 -0.350665966024308E+001
  0.100000000000000E+001  0.701241093651922E+001  0.670626517626364E+002  0.333611019757437E+000  0.756285743068932E+000  0.666388980242563E+000 -0.583481073706260E+001 -0.350620546825961E+001
  0.100000000000000E+001  0.700737030859241E+001  0.643349506008102E+002  0.369221196096199E+000  0.642474568236560E+000  0.630778803903801E+000 -0.583481073706260E+001 -0.350368515429621E+001
  0.100000000000000E+001  0.700542533479149E+001  0.691015143872808E+002  0.326704826872220E+000  0.725427969108758E+000  0.673295173127780E+000 -0.583481073706260E+001 -0.350271266739575E+001
  0.100000000000000E+001  0.700352256311223E+001  0.705397746153132E+002  0.294375371545717E+000  0.624342764463072E+000  0.705624628454283E+000 -0.583481073706260E+001 -0.350176128155612E+001
  0.100000000000000E+001  0.699332062740245E+001  0.660822253762921E+002  0.342372799742780E+000  0.750142830918171E+000  0.657627200257220E+000 -0.583481073706260E+001 -0.349666031370123E+001
  0.100000000000000E+001  0.699263351729726E+001  0.698881761231456E+002  0.304923186106293E+000  0.609074463636392E+000  0.695076813893707E+000 -0.583481073706260E+001 -0.349631675864863E+001
  0.100000000000000E+001  0.699155610332773E+001  0.707002797463208E+002  0.286418733776371E+000  0.707548001659432E+000  0.713581266223629E+000 -0.583481073706260E+001 -0.349577805166387E+001
  0.100000000000000E+001  0.697653536336403E+001  0.652601542220262E+002  0.351843461875962E+000  0.608028279726888E+000  0.648156538124038E+000 -0.583481073706260E+001 -0.348826768168202E+001
  0.100000000000000E+001  0.697216840650366E+001  0.673179017603744E+002  0.343369959076183E+000  0.608146829190506E+000  0.656630040923817E+000 -0.583481073706260E+001 -0.348608420325183E+001
  0.100000000000000E+001  0.697155153992072E+001  0.640419424097295E+002  0.355649068757675E+000  0.653747068671056E+000  0.644350931242325E+000 -0.583481073706260E+001 -0.348577576996036E+001
  0.100000000000000E+001  0.697084250885066E+001  0.652133151180596E+002  0.360104358713216E+000  0.728675609933346E+000  0.639895641286784E+000 -0.583481073706260E+001 -0.348542125442533E+001
  0.100000000000000E+001  0.695857904461953E+001  0.656149705713508E+002  0.364806393905159E+000  0.710064849941057E+000  0.635193606094841E+000 -0.583481073706260E+001 -0.347928952230977E+001
  0.100000000000000E+001  0.693128756193497E+001  0.677625986030702E+002  0.340718432986014E+000  0.729843892912602E+000  0.659281567013986E+000 -0.583481073706260E+001 -0.346564378096748E+001
  0.100000000000000E+001  0.692748335925570E+001  0.651093943520552E+002  0.338619145083561E+000  0.621520152361734E+000  0.661380854916439E+000 -0.583481073706260E+001 -0.346374167962785E+001
  0.100000000000000E+001  0.692003583522374E+001  0.687632809700486E+002  0.300199730006739E+000  0.606122981951929E+000  0.699800269993261E+000 -0.583481073706260E+001 -0.346001791761187E+001
  0.100000000000000E+001  0.691638086258773E+001  0.683650281104871E+002  0.329838038047035E+000  0.606767903782370E+000  0.670161961952965E+000 -0.583481073706260E+001 -0.345819043129387E+001
  0.100000000000000E+001  0.688282040554657E+001  0.691493938438884E+002  0.300731883993774E+000  0.605706397990289E+000  0.699268116006226E+000 -0.583481073706260E+001 -0.344141020277328E+001
  0.100000000000000E+001  0.688029393462646E+001  0.659929940243646E+002  0.316179832741815E+000  0.667366745789837E+000  0.683820167258185E+000 -0.583481073706260E+001 -0.344014696731323E+001
  0.100000000000000E+001  0.687948341455033E+001  0.676702508367952E+002  0.347393738869480E+000  0.649413311818393E+000  0.652606261130520E+000 -0.583481073706260E+001 -0.343974170727516E+001
  0.100000000000000E+001  0.687492236533855E+001  0.675091789870348E+002  0.346630676913927E+000  0.712975682107732E+000  0.653369323086073E+000 -0.583481073706260E+001 -0.343746118266927E+001
  0.100000000000000E+001  0.687280374544208E+001  0.667013698343244E+002  0.354480500106733E+000  0.632729757930457E+000  0.645519499893267E+000 -0.583481073706260E+001 -0.343640187272104E+001
  0.100000000000000E+001  0.686307931270916E+001  0.678233753044785E+002  0.311721762792455E+000  0.598454963647643E+000  0.688278237207545E+000 -0.583481073706260E+001 -0.343153965635458E+001
  0.100000000000000E+001  0.685883744441396E+001  0.659839962401312E+002  0.330025109242730E+000  0.736034516636367E+000  0.669974890757270E+000 -0.583481073706260E+001 -0.342941872220698E+001
  0.100000000000000E+001  0.685847895994210E+001  0.672224128652541E+002  0.351392288994045E+000  0.645715449507769E+000  0.648607711005955E+000 -0.583481073706260E+001 -0.342923947997105E+001
  0.100000000000000E+001  0.682769904955535E+001  0.643425088592949E+002  0.351918194952524E+000  0.651828942333400E+000  0.648081805047476E+000 -0.583481073706260E+001 -0.341384952477768E+001
  0.100000000000000E+001  0.682623058173321E+001  0.686579407616550E+002  0.327039688586117E+000  0.729766174032238E+000  0.672960311413883E+000 -0.583481073706260E+001 -0.341311529086660E+001
  0.100000000000000E+001  0.682265910181985E+001  0.644469185209511E+002  0.356072884053207E+000  0.704663454036358E+000  0.643927115946793E+000 -0.583481073706260E+001 -0.341132955090992E+001
  0.100000000000000E+001  0.682242713591944E+001  0.703212455955995E+002  0.286167831339866E+000  0.691551251971392E+000  0.713832168660134E+000 -0.583481073706260E+001 -0.341121356795972E+001
  0.100000000000000E+001  0.681878640327939E+001  0.669954631936885E+002  0.309182522046086E+000  0.715505230930271E+000  0.690817477953914E+000 -0.583481073706260E+001 -0.340939320163969E+001
  0.100000000000000E+001  0.681670907698104E+001  0.659600285083856E+002  0.319287698367859E+000  0.646168264571786E+000  0.680712301632141E+000 -0.583481073706260E+001 -0.340835453849052E+001
  0.100000000000000E+001  0.681480925345607E+001  0.642033878378188E+002  0.363374995560867E+000  0.662952279333321E+000  0.636625004439133E+000 -0.583481073706260E+001 -0.340740462672804E+001
  0.100000000000000E+001  0.681229634646404E+001  0.661732397763430E+002  0.330618936964107E+000  0.604455901541315E+000  0.669381063035893E+000 -0.583481073706260E+001 -0.340614817323202E+001
  0.100000000000000E+001  0.681101898650678E+001  0.667157071666165E+002  0.356861375742502E+000  0.684122178361916E+000  0.643138624257498E+000 -0.583481073706260E+001 -0.340550949325339E+001
  0.100000000000000E+001  0.680828823412867E+001  0.657922007204861E+002  0.339915342429955E+000  0.736812027926209E+000  0.660084657570045E+000 -0.583481073706260E+001 -0.340414411706433E+001
  0.100000000000000E+001  0.679481609818746E+001  0.646676292457778E+002  0.368276169139952E+000  0.673134722307390E+000  0.631723830860048E+000 -0.583481073706260E+001 -0.339740804909373E+001
  0.100000000000000E+001  0.678926863767997E+001  0.679097316579407E+002  0.312231207643150E+000  0.742078297377341E+000  0.687768792356850E+000 -0.583481073706260E+001 -0.339463431883998E+001
  0.100000000000000E+001  0.678782575167175E+001  0.692002920909925E+002  0.294751558718845E+000  0.622392672345168E+000  0.705248441281155E+000 -0.583481073706260E+001 -0.339391287583587E+001
  0.100000000000000E+001  0.678713009446335E+001  0.683784611633887E+002  0.315575256620967E+000  0.744215413606981E+000  0.684424743379033E+000 -0.583481073706260E+001 -0.339356504723167E+001
  0.100000000000000E+001  0.678236441195093E+001  0.664623269485929E+002  0.311530490002111E+000  0.672128784248419E+000  0.688469509997889E+000 -0.583481073706260E+001 -0.339118220597547E+001
  0.100000000000000E+001  0.678194774398910E+001  0.698365803395684E+002  0.293772972498493E+000  0.625238126168695E+000  0.706227027501507E+000 -0.583481073706260E+001 -0.339097387199455E+001
  0.100000000000000E+001  0.677035810619708E+001  0.655118872527152E+002  0.340504245807268E+000  0.613510009143400E+000  0.659495754192732E+000 -0.583481073706260E+001 -0.338517905309854E+001
  0.100000000000000E+001  0.674279915299796E+001  0.669494762068906E+002  0.319862409694444E+000  0.604945867310792E+000  0.680137590305556E+000 -0.583481073706260E+001 -0.337139957649898E+001
  0.100000000000000E+001  0.670627564863883E+001  0.677044291854827E+002  0.330095595989184E+000  0.737992442900650E+000  0.669904404010816E+000 -0.583481073706260E+001 -0.335313782431941E+001
  0.100000000000000E+001  0.670464498229030E+001  0.671379419042068E+002  0.348288766340058E+000  0.706823828578874E+000  0.651711233659942E+000 -0.583481073706260E+001 -0.335232249114515E+001
  0.100000000000000E+001  0.669510812751188E+001  0.646330108682071E+002  0.356851353718544E+000  0.644218985211904E+000  0.643148646281456E+000 -0.583481073706260E+001 -0.334755406375594E+001
  0.100000000000000E+001  0.668796273201318E+001  0.655316950819843E+002  0.348093422206856E+000  0.724328245201454E+000  0.651906577793144E+000 -0.583481073706260E+001 -0.334398136600659E+001
  0.100000000000000E+001  0.668094481454358E+001  0.692388547298892E+002  0.316823074807271E+000  0.619613178991930E+000  0.683176925192729E+000 -0.583481073706260E+001 -0.334047240727179E+001
  0.100000000000000E+001  0.667735547938639E+001  0.684098650282923E+002  0.298756067769720E+000  0.629098159419849E+000  0.701243932230280E+000 -0.583481073706260E+001 -0.333867773969319E+001
  0.100000000000000E+001  0.666910380899379E+001  0.645022096874615E+002  0.356049994604722E+000  0.657716121495039E+000  0.643950005395278E+000 -0.583481073706260E+001 -0.333455190449689E+001
  0.100000000000000E+001  0.664320298022992E+001  0.664866792560133E+002  0.353779786365314E+000  0.701030400396527E+000  0.646220213634686E+000 -0.583481073706260E+001 -0.332160149011496E+001
  0.100000000000000E+001  0.663680686280303E+001  0.670403795602659E+002  0.344365613494336E+000  0.621174335847277E+000  0.655634386505664E+000 -0.583481073706260E+001 -0.331840343140152E+001
  0.100000000000000E+001  0.662572517436769E+001  0.686474557873970E+002  0.332965872979289E+000  0.664515255093484E+000  0.667034127020711E+000 -0.583481073706260E+001 -0.331286258718385E+001
  0.100000000000000E+001  0.660415879653526E+001  0.685365071055417E+002  0.299975770624045E+000  0.713165892133575E+000  0.700024229375956E+000 -0.583481073706260E+001 -0.330207939826763E+001
  0.100000000000000E+001  0.659129916734790E+001  0.660655403825388E+002  0.320627541698324E+000  0.683755158949637E+000  0.679372458301676E+000 -0.583481073706260E+001 -0.329564958367395E+001
  0.100000000000000E+001  0.657423201552335E+001  0.653551025150660E+002  0.358692631185832E+000  0.695076134441080E+000  0.641307368814168E+000 -0.583481073706260E+001 -0.328711600776167E+001
  0.100000000000000E+001  0.657130713100414E+001  0.671008593404526E+002  0.344995541131150E+000  0.629614397080741E+000  0.655004458868850E+000 -0.583481073706260E+001 -0.328565356550207E+001
  0.100000000000000E+001  0.656451834966104E+001  0.664624299215966E+002  0.338061915691625E+000  0.609564331630921E+000  0.661938084308375E+000 -0.583481073706260E+001 -0.328225917483052E+001
  0.100000000000000E+001  0.656250553952343E+001  0.663528507829995E+002  0.344958348923767E+000  0.721961557872002E+000  0.655041651076233E+000 -0.583481073706260E+001 -0.328125276976171E+001
  0.100000000000000E+001  0.655865855500135E+001  0.675574150325906E+002  0.323258330418827E+000  0.604152011513647E+000  0.676741669581173E+000 -0.583481073706260E+001 -0.327932927750068E+001
  0.100000000000000E+001  0.655401849634741E+001  0.703234582262569E+002  0.298348736293486E+000  0.676874490086834E+000  0.701651263706514E+000 -0.583481073706260E+001 -0.327700924817371E+001
  0.100000000000000E+001  0.655382388574418E+001  0.672446401011781E+002  0.325499387995411E+000  0.732824445354558E+000  0.674500612004589E+000 -0.583481073706260E+001 -0.327691194287209E+001
  0.100000000000000E+001  0.655150164049258E+001  0.698594456953984E+002  0.295938361271614E+000  0.699564086996991E+000  0.704061638728386E+000 -0.583481073706260E+001 -0.327575082024629E+001
  0.100000000000000E+001  0.654732916688067E+001  0.688189015248188E+002  0.323763202951394E+000  0.628147997262793E+000  0.676236797048606E+000 -0.583481073706260E+001 -0.327366458344033E+001
  0.100000000000000E+001  0.653931635476935E+001  0.648846379489095E+002  0.345528118137056E+000  0.677537423621038E+000  0.654471881862944E+000 -0.583481073706260E+001 -0.326965817738467E+001
  0.100000000000000E+001  0.652741030701928E+001  0.651276636846909E+002  0.354032797285507E+000  0.697358541050809E+000  0.645967202714493E+000 -0.583481073706260E+001 -0.326370515350964E+001
  0.100000000000000E+001  0.651930815562392E+001  0.680589707267270E+002  0.337665999151721E+000  0.652058392571815E+000  0.662334000848279E+000 -0.583481073706260E+001 -0.325965407781196E+001
  0.100000000000000E+001  0.650903156260737E+001  0.690454026638523E+002  0.297761618122954E+000  0.703909016660372E+000  0.702238381877046E+000 -0.583481073706260E+001 -0.325451578130369E+001
  0.100000000000000E+001  0.648974106942953E+001  0.679913717671500E+002  0.313655493915404E+000  0.611167638939769E+000  0.686344506084596E+000 -0.583481073706260E+001 -0.324487053471476E+001
  0.100000000000000E+001  0.648494405710080E+001  0.684920728078634E+002  0.329926509193554E+000  0.639809898788492E+000  0.670073490806446E+000 -0.583481073706260E+001 -0.324247202855040E+001
  0.100000000000000E+001  0.647024697751995E+001  0.689813644307166E+002  0.315740729134598E+000  0.622283606110807E+000  0.684259270865402E+000 -0.583481073706260E+001 -0.323512348875998E+001
  0.100000000000000E+001  0.646997573809958E+001  0.668430960075537E+002  0.329483807396564E+000  0.725765304670397E+000  0.670516192603436E+000 -0.583481073706260E+001 -0.323498786904979E+001
  0.100000000000000E+001  0.645944033842813E+001  0.694406128379709E+002  0.299665899896445E+000  0.703282137385841E+000  0.700334100103555E+000 -0.583481073706260E+001 -0.322972016921406E+001
  0.100000000000000E+001  0.643708438502369E+001  0.663955983675820E+002  0.344636672864064E+000  0.623964202926323E+000  0.655363327135936E+000 -0.583481073706260E+001 -0.321854219251185E+001
  0.100000000000000E+001  0.642579490940251E+001  0.678359372723733E+002  0.313509515531010E+000  0.719688240286961E+000  0.686490484468990E+000 -0.583481073706260E+001 -0.321289745470126E+001
  0.100000000000000E+001  0.641374254527143E+001  0.669247971724947E+002  0.314309838143326E+000  0.643188829142259E+000  0.685690161856674E+000 -0.583481073706260E+001 -0.320687127263571E+001
  0.100000000000000E+001  0.641371256738858E+001  0.665366037748909E+002  0.318670673888368E+000  0.689733215484679E+000  0.681329326111632E+000 -0.583481073706260E+001 -0.320685628369429E+001
  0.100000000000000E+001  0.640498778777318E+001  0.695180971374567E+002  0.296228904097878E+000  0.683577601500322E+000  0.703771095902122E+000 -0.583481073706260E+001 -0.320249389388659E+001
  0.100000000000000E+001  0.639660794391810E+001  0.683793667786246E+002  0.315539136676623E+000  0.615543407362070E+000  0.684460863323377E+000 -0.583481073706260E+001 -0.319830397195905E+001
  0.100000000000000E+001  0.637554742259494E+001  0.697470182221795E+002  0.307245955996510E+000  0.680579887962756E+000  0.692754044003490E+000 -0.583481073706260E+001 -0.318777371129747E+001
  0.100000000000000E+001  0.637118512410974E+001  0.690376652355286E+002  0.320708245313241E+000  0.688047996347108E+000  0.679291754686759E+000 -0.583481073706260E+001 -0.318559256205487E+001
  0.100000000000000E+001  0.637018470840940E+001  0.671074687866235E+002  0.340311280100908E+000  0.629440039689465E+000  0.659688719899092E+000 -0.583481073706260E+001 -0.318509235420470E+001
  0.100000000000000E+001  0.635936240567745E+001  0.680523939447115E+002  0.327884740620710E+000  0.623994468894339E+000  0.672115259379290E+000 -0.583481073706260E+001 -0.317968120283873E+001
  0.100000000000000E+001  0.635581075929530E+001  0.661891462776915E+002  0.346643316899654E+000  0.701806319867276E+000  0.653356683100346E+000 -0.583481073706260E+001 -0.317790537964765E+001
  0.100000000000000E+001  0.633772062989696E+001  0.684996581814022E+002  0.303125455174227E+000  0.696647380562195E+000  0.696874544825773E+000 -0.583481073706260E+001 -0.316886031494848E+001
  0.100000000000000E+001  0.632092770503117E+001  0.672988649090846E+002  0.339351269948098E+000  0.636480427488005E+000  0.660648730051902E+000 -0.583481073706260E+001 -0.316046385251558E+001
  0.100000000000000E+001  0.631677309942469E+001  0.680146883145431E+002  0.331630891861880E+000  0.697430513812394E+000  0.668369108138120E+000 -0.583481073706260E+001 -0.315838654971235E+001
  0.100000000000000E+001  0.631253409398610E+001  0.671575797579381E+002  0.343058358909029E+000  0.651140992621765E+000  0.656941641090971E+000 -0.583481073706260E+001 -0.315626704699305E+001
  0.100000000000000E+001  0.630718421106136E+001  0.678770303314114E+002  0.322090135319824E+000  0.715681122777607E+000  0.677909864680176E+000 -0.583481073706260E+001 -0.315359210553068E+001
  0.100000000000000E+001  0.629482297666580E+001  0.676195381812573E+002  0.316393462172618E+000  0.622565823568855E+000  0.683606537827382E+000 -0.583481073706260E+001 -0.314741148833290E+001
  0.100000000000000E+001  0.629472432139160E+001  0.674537530295189E+002  0.311059481881061E+000  0.643494372313442E+000  0.688940518118939E+000 -0.583481073706260E+001 -0.314736216069580E+001
  0.100000000000000E+001  0.629397933056872E+001  0.676943102793263E+002  0.321925595029604E+000  0.715356336892157E+000  0.678074404970396E+000 -0.583481073706260E+001 -0.314698966528436E+001
  0.100000000000000E+001  0.628186296662373E+001  0.660707777866300E+002  0.336569627069520E+000  0.633000935539988E+000  0.663430372930480E+000 -0.583481073706260E+001 -0.314093148331186E+001
  0.100000000000000E+001  0.627831583689855E+001  0.687290211701138E+002  0.324190357470637E+000  0.656869149345312E+000  0.675809642529363E+000 -0.583481073706260E+001 -0.313915791844927E+001
  0.100000000000000E+001  0.627769390595113E+001  0.676455923137995E+002  0.308527696104265E+000  0.651324815261688E+000  0.691472303895735E+000 -0.583481073706260E+001 -0.313884695297556E+001
  0.100000000000000E+001  0.627448741626302E+001  0.674336671907560E+002  0.321597540679850E+000  0.712799052759034E+000  0.678402459320150E+000 -0.583481073706260E+001 -0.313724370813151E+001
  0.100000000000000E+001  0.626213038726204E+001  0.673155890208449E+002  0.331962296018486E+000  0.623662508631169E+000  0.668037703981514E+000 -0.583481073706260E+001 -0.313106519363102E+001
  0.100000000000000E+001  0.626131815842191E+001  0.674989458133679E+002  0.310476216343795E+000  0.683950354862283E+000  0.689523783656205E+000 -0.583481073706260E+001 -0.313065907921096E+001
  0.100000000000000E+001  0.621659695251757E+001  0.666281541290161E+002  0.327430378402012E+000  0.699878865688540E+000  0.672569621597988E+000 -0.583481073706260E+001 -0.310829847625878E+001
  0.100000000000000E+001  0.621493443167291E+001  0.687249638554576E+002  0.315040545270827E+000  0.698351284427587E+000  0.684959454729173E+000 -0.583481073706260E+001 -0.310746721583646E+001
  0.100000000000000E+001  0.620291816317342E+001  0.679940495876876E+002  0.330883826718330E+000  0.646798493064792E+000  0.669116173281670E+000 -0.583481073706260E+001 -0.310145908158671E+001
  0.100000000000000E+001  0.619844018874323E+001  0.663286070494166E+002  0.346803298218850E+000  0.663048394026586E+000  0.653196701781150E+000 -0.583481073706260E+001 -0.309922009437162E+001
  0.100000000000000E+001  0.619246330521276E+001  0.668393896898539E+002  0.322581918502364E+000  0.694130354261049E+000  0.677418081497636E+000 -0.583481073706260E+001 -0.309623165260638E+001
  0.100000000000000E+001  0.619045548434097E+001  0.675063587254425E+002  0.320871794329025E+000  0.625997124565571E+000  0.679128205670975E+000 -0.583481073706260E+001 -0.309522774217049E+001
  0.100000000000000E+001  0.619028491229601E+001  0.659446346777558E+002  0.342130691745478E+000  0.684899324211914E+000  0.657869308254522E+000 -0.583481073706260E+001 -0.309514245614801E+001
  0.100000000000000E+001  0.616909568432146E+001  0.686661599934704E+002  0.304249155157300E+000  0.675423736237378E+000  0.695750844842701E+000 -0.583481073706260E+001 -0.308454784216073E+001
  0.100000000000000E+001  0.615912474322537E+001  0.661846767250513E+002  0.342315722553536E+000  0.646850087160148E+000  0.657684277446464E+000 -0.583481073706260E+001 -0.307956237161269E+001
  0.100000000000000E+001  0.615131041755173E+001  0.683129457337591E+002  0.306688967744600E+000  0.652943367866379E+000  0.693311032255400E+000 -0.583481073706260E+001 -0.307565520877587E+001
  0.100000000000000E+001  0.613500274706683E+001  0.666252664828796E+002  0.341942137435887E+000  0.651498786652873E+000  0.658057862564113E+000 -0.583481073706260E+001 -0.306750137353341E+001
  0.100000000000000E+001  0.611236884142234E+001  0.687972733426416E+002  0.309136969333838E+000  0.649229171370975E+000  0.690863030666162E+000 -0.583481073706260E+001 -0.305618442071117E+001
  0.100000000000000E+001  0.609778102493923E+001  0.689528262310496E+002  0.310969306809472E+000  0.663353671033834E+000  0.689030693190528E+000 -0.583481073706260E+001 -0.304889051246962E+001
  0.100000000000000E+001  0.607624954252272E+001  0.675383537576838E+002  0.314205803824396E+000  0.663039250774521E+000  0.685794196175604E+000 -0.583481073706260E+001 -0.303812477126136E+001
  0.100000000000000E+001  0.606938995682339E+001  0.675121947843044E+002  0.331119103189179E+000  0.685251693693115E+000  0.668880896810821E+000 -0.583481073706260E+001 -0.303469497841170E+001
  0.100000000000000E+001  0.605243858849923E+001  0.670593318145334E+002  0.325664000832004E+000  0.688294512502403E+000  0.674335999167996E+000 -0.583481073706260E+001 -0.302621929424962E+001
  0.100000000000000E+001  0.601645101190915E+001  0.678076590048798E+002  0.314924231077298E+000  0.673876584421992E+000  0.685075768922702E+000 -0.583481073706260E+001 -0.300822550595457E+001
  0.100000000000000E+001  0.601483896193911E+001  0.665961279393016E+002  0.335713912600728E+000  0.668062917769642E+000  0.664286087399272E+000 -0.583481073706260E+001 -0.300741948096955E+001
  0.100000000000000E+001  0.600591834008195E+001  0.682934499218647E+002  0.313791409842383E+000  0.672953249788652E+000  0.686208590157617E+000 -0.583481073706260E+001 -0.300295917004098E+001
  0.100000000000000E+001  0.594642166354983E+001  0.676469155579705E+002  0.323134080571955E+000  0.670612763227757E+000  0.676865919428045E+000 -0.583481073706260E+001 -0.297321083177492E+001
