  0.177863632502849E-321  0.149533867658463E+004  0.938131956116352E+002  0.170746075497665E+001 -0.707460754976649E+000 -0.519295685089021E+001 -0.745282871715338E+003
  0.237151510003798E-321  0.149474431931161E+004  0.997504191726431E+002  0.150687187371955E+001 -0.506871873719549E+000 -0.519295685089021E+001 -0.744985693078832E+003
  0.111164770314280E-320  0.149165543357651E+004  0.789102511340601E+002  0.241057936956487E+001 -0.141057936956487E+001 -0.519295685089021E+001 -0.743441250211282E+003
  0.622127461243298E-319  0.148360472450642E+004  0.716555012984271E+002  0.290786122978590E+001 -0.190786122978590E+001 -0.519295685089021E+001 -0.739415895676233E+003
  0.343518902896960E-318  0.148018732286416E+004  0.757698865403875E+002  0.259934137869806E+001 -0.159934137869806E+001 -0.519295685089021E+001 -0.737707194855105E+003
  0.838879000730311E-318  0.147840168672351E+004  0.994081084192604E+002  0.150601887762961E+001 -0.506018877629612E+000 -0.519295685089021E+001 -0.736814376784781E+003
  0.196992372112884E-317  0.147669432187281E+004  0.933788046381396E+002  0.170879361534543E+001 -0.708793615345433E+000 -0.519295685089021E+001 -0.735960694359428E+003
  0.877855938343856E-316  0.146910051425995E+004  0.814257978523459E+002  0.224125372158842E+001 -0.124125372158842E+001 -0.519295685089021E+001 -0.732163790553002E+003
  0.955464565438289E-315  0.146432591377157E+004  0.703036060090427E+002  0.299275965894023E+001 -0.199275965894023E+001 -0.519295685089021E+001 -0.729776490308810E+003
  0.487557342309665E-314  0.146106632311993E+004  0.703378570557992E+002  0.298535864453759E+001 -0.198535864453759E+001 -0.519295685089021E+001 -0.728146694982990E+003
  0.884794307739713E-314  0.145987442854305E+004  0.705664447416152E+002  0.296462659788931E+001 -0.196462659788931E+001 -0.519295685089021E+001 -0.727550747694551E+003
  0.200463607627902E-313  0.145823870330802E+004  0.803630461206996E+002  0.228910835820653E+001 -0.128910835820653E+001 -0.519295685089021E+001 -0.726732885077034E+003
  0.240792401678463E-312  0.145326692824930E+004  0.918492543750147E+002  0.174754608699406E+001 -0.747546086994063E+000 -0.519295685089021E+001 -0.724246997547675E+003
  0.862454214668543E-311  0.144611006425409E+004  0.771553745367764E+002  0.246818903959879E+001 -0.146818903959879E+001 -0.519295685089021E+001 -0.720668565550070E+003
  0.241191340920212E-308  0.143484293669381E+004  0.841499562103111E+002  0.206541653916406E+001 -0.106541653916406E+001 -0.519295685089021E+001 -0.715035001769932E+003
  0.305506251849831E-308  0.143437017733679E+004  0.846825363866618E+002  0.203906840883750E+001 -0.103906840883750E+001 -0.519295685089021E+001 -0.714798622091419E+003
  0.126797093999514E-306  0.142691860120275E+004  0.943270621178954E+002  0.163539472352582E+001 -0.635394723525819E+000 -0.519295685089021E+001 -0.711072834024398E+003
  0.476138424725536E-306  0.142427236020985E+004  0.971714999817050E+002  0.153764812528881E+001 -0.537648125288807E+000 -0.519295685089021E+001 -0.709749713527952E+003
  0.158949037408790E-305  0.142186144000147E+004  0.765256075766652E+002  0.248012373211193E+001 -0.148012373211193E+001 -0.519295685089021E+001 -0.708544253423758E+003
  0.349354832726196E-305  0.142028643102750E+004  0.944494605533179E+002  0.162592354513721E+001 -0.625923545137210E+000 -0.519295685089021E+001 -0.707756748936777E+003
  0.109575282502690E-303  0.141339504324335E+004  0.841009173199050E+002  0.204682935503073E+001 -0.104682935503073E+001 -0.519295685089021E+001 -0.704311055044703E+003
  0.222311539129155E-303  0.141198010743722E+004  0.739979327464839E+002  0.263847081465361E+001 -0.163847081465361E+001 -0.519295685089021E+001 -0.703603587141635E+003
  0.558560629050768E-302  0.140553237036719E+004  0.725374111538641E+002  0.273623886550811E+001 -0.173623886550811E+001 -0.519295685089021E+001 -0.700379718606621E+003
  0.128187528372806E-301  0.140387093800597E+004  0.695673474910209E+002  0.296969709483113E+001 -0.196969709483113E+001 -0.519295685089021E+001 -0.699549002426013E+003
  0.588838486046935E-301  0.140082162266270E+004  0.903142153958920E+002  0.176329854064856E+001 -0.763298540648558E+000 -0.519295685089021E+001 -0.698024344754374E+003
  0.656164360128707E-300  0.139599993372125E+004  0.711973410296488E+002  0.282606670844446E+001 -0.182606670844446E+001 -0.519295685089021E+001 -0.695613500283651E+003
  0.962598912610694E-298  0.138602314230789E+004  0.734115229518617E+002  0.264705490299473E+001 -0.164705490299473E+001 -0.519295685089021E+001 -0.690625104576971E+003
  0.100222357057457E-296  0.138133729301420E+004  0.735565926371688E+002  0.263072165571750E+001 -0.163072165571750E+001 -0.519295685089021E+001 -0.688282179930125E+003
  0.238636314430536E-296  0.137960219419831E+004  0.772002042534222E+002  0.238817815162263E+001 -0.138817815162263E+001 -0.519295685089021E+001 -0.687414630522182E+003
  0.426508870714201E-294  0.136923046888725E+004  0.786249197920350E+002  0.229128334995204E+001 -0.129128334995204E+001 -0.519295685089021E+001 -0.682228767866649E+003
  0.470583157966367E-294  0.136903378984395E+004  0.747415446482413E+002  0.253343619783990E+001 -0.153343619783990E+001 -0.519295685089021E+001 -0.682130428344999E+003
  0.832545600870467E-294  0.136789275922605E+004  0.698743457422336E+002  0.289293812003881E+001 -0.189293812003881E+001 -0.519295685089021E+001 -0.681559913036050E+003
  0.201398387692671E-293  0.136612599508290E+004  0.887644053502804E+002  0.179510984493634E+001 -0.795109844936345E+000 -0.519295685089021E+001 -0.680676530964477E+003
  0.283540439638694E-293  0.136544185551797E+004  0.870585387131840E+002  0.186587448777725E+001 -0.865874487777246E+000 -0.519295685089021E+001 -0.680334461182008E+003
  0.316293723381496E-293  0.136522322245994E+004  0.710923621936842E+002  0.279211630827034E+001 -0.179211630827034E+001 -0.519295685089021E+001 -0.680225144652994E+003
  0.205426825216193E-292  0.136148121506872E+004  0.994187768794778E+002  0.142295980116605E+001 -0.422959801166049E+000 -0.519295685089021E+001 -0.678354140957386E+003
  0.271828578022325E-291  0.135631588138092E+004  0.702188338970458E+002  0.284864747309246E+001 -0.184864747309246E+001 -0.519295685089021E+001 -0.675771474113483E+003
  0.803646696188646E-291  0.135414790518044E+004  0.865308054023129E+002  0.187823859198404E+001 -0.878238591984035E+000 -0.519295685089021E+001 -0.674687486013244E+003
  0.841682418277296E-290  0.134945024893915E+004  0.959808102520985E+002  0.151980359943844E+001 -0.519803599438442E+000 -0.519295685089021E+001 -0.672338657892598E+003
  0.158900162056534E-288  0.134357416191566E+004  0.724344617643019E+002  0.266199830293921E+001 -0.166199830293921E+001 -0.519295685089021E+001 -0.669400614380854E+003
  0.260669172781409E-287  0.133797903978432E+004  0.960826185376828E+002  0.150776746395411E+001 -0.507767463954108E+000 -0.519295685089021E+001 -0.666603053315185E+003
  0.153459109003776E-286  0.133443350544913E+004  0.742774069840709E+002  0.252124004727646E+001 -0.152124004727646E+001 -0.519295685089021E+001 -0.664830286147589E+003
  0.186651001790144E-285  0.132943672239939E+004  0.840360418260804E+002  0.196711609361902E+001 -0.967116093619022E+000 -0.519295685089021E+001 -0.662331894622720E+003
  0.533573257302245E-285  0.132733601079282E+004  0.712010437779916E+002  0.273166107262135E+001 -0.173166107262135E+001 -0.519295685089021E+001 -0.661281538819433E+003
  0.226597255864573E-284  0.132444368488156E+004  0.885296671631037E+002  0.176740820528494E+001 -0.767408205284944E+000 -0.519295685089021E+001 -0.659835375863806E+003
  0.285046595248929E-283  0.131937955785452E+004  0.699704636560377E+002  0.281609216444156E+001 -0.181609216444156E+001 -0.519295685089021E+001 -0.657303312350284E+003
  0.307001420004610E-283  0.131923115842653E+004  0.723311680538890E+002  0.263705836220887E+001 -0.163705836220887E+001 -0.519295685089021E+001 -0.657229112636292E+003
  0.271107665674204E-281  0.131026949073597E+004  0.830391083325876E+002  0.199511961907913E+001 -0.995119619079128E+000 -0.519295685089021E+001 -0.652748278791011E+003
  0.309042675549505E-281  0.131000756404868E+004  0.843291306566474E+002  0.193427798384184E+001 -0.934277983841837E+000 -0.519295685089021E+001 -0.652617315447367E+003
  0.877105992859007E-281  0.130792126711352E+004  0.731462338781689E+002  0.256442300150290E+001 -0.156442300150290E+001 -0.519295685089021E+001 -0.651574166979785E+003
  0.159640951668670E-280  0.130672349813156E+004  0.817016449539866E+002  0.205714971293061E+001 -0.105714971293061E+001 -0.519295685089021E+001 -0.650975282488804E+003
  0.199796741257008E-280  0.130627475150245E+004  0.729316932884840E+002  0.257721198614814E+001 -0.157721198614814E+001 -0.519295685089021E+001 -0.650750909174252E+003
  0.246555121497999E-280  0.130585418144435E+004  0.903016648119570E+002  0.168213186860256E+001 -0.682131868602565E+000 -0.519295685089021E+001 -0.650540624145200E+003
  0.103606114543509E-279  0.130298298973103E+004  0.811619029017460E+002  0.208054504138263E+001 -0.108054504138263E+001 -0.519295685089021E+001 -0.649105028288541E+003
  0.300768989293735E-279  0.130085149744326E+004  0.878105013063261E+002  0.177510844046121E+001 -0.775108440461209E+000 -0.519295685089021E+001 -0.648039282144657E+003
  0.333407868931450E-279  0.130064544928435E+004  0.702616613047155E+002  0.276653110372771E+001 -0.176653110372771E+001 -0.519295685089021E+001 -0.647936258065202E+003
  0.432010832996829E-279  0.130012728109996E+004  0.725534638528612E+002  0.259569258909636E+001 -0.159569258909636E+001 -0.519295685089021E+001 -0.647677173973003E+003
  0.754048621960799E-279  0.129901326872600E+004  0.906947244909543E+002  0.166156657054299E+001 -0.661566570542988E+000 -0.519295685089021E+001 -0.647120167786027E+003
  0.185143019692592E-278  0.129721675503094E+004  0.790920245262735E+002  0.218396023839872E+001 -0.118396023839872E+001 -0.519295685089021E+001 -0.646221910938495E+003
  0.358160315635806E-278  0.129589705085218E+004  0.690672222268261E+002  0.285486880827259E+001 -0.185486880827259E+001 -0.519295685089021E+001 -0.645562058849118E+003
  0.668644186302976E-278  0.129464850812339E+004  0.987294652617864E+002  0.139483803449662E+001 -0.394838034496615E+000 -0.519295685089021E+001 -0.644937787484718E+003
  0.917288018806078E-278  0.129401616922047E+004  0.888162181109363E+002  0.172875874706109E+001 -0.728758747061094E+000 -0.519295685089021E+001 -0.644621618033259E+003
  0.139852199463252E-277  0.129317266976295E+004  0.849148335162471E+002  0.189121362704928E+001 -0.891213627049282E+000 -0.519295685089021E+001 -0.644199868304500E+003
  0.319978879014581E-277  0.129151733207553E+004  0.848331970243532E+002  0.189324054822173E+001 -0.893240548221735E+000 -0.519295685089021E+001 -0.643372199460790E+003
  0.151757772187808E-276  0.128840410057925E+004  0.796747714748441E+002  0.214251213736001E+001 -0.114251213736001E+001 -0.519295685089021E+001 -0.641815583712651E+003
  0.839999138974089E-276  0.128498187013700E+004  0.695485186209729E+002  0.280015619933453E+001 -0.180015619933453E+001 -0.519295685089021E+001 -0.640104468491526E+003
  0.403625265280836E-275  0.128184252791198E+004  0.717761934451177E+002  0.262670302223026E+001 -0.162670302223026E+001 -0.519295685089021E+001 -0.638534797379014E+003
  0.356066580825522E-274  0.127748809602233E+004  0.709747675355941E+002  0.267960541148369E+001 -0.167960541148369E+001 -0.519295685089021E+001 -0.636357581434188E+003
  0.368418139291953E-274  0.127741989441623E+004  0.679833026522935E+002  0.291738289247179E+001 -0.191738289247179E+001 -0.519295685089021E+001 -0.636323480631141E+003
  0.668167314974596E-274  0.127622925427125E+004  0.903692950894101E+002  0.165393026175855E+001 -0.653930261758545E+000 -0.519295685089021E+001 -0.635728160558652E+003
  0.979030865812037E-274  0.127546520515878E+004  0.699102510082755E+002  0.275793163574393E+001 -0.175793163574393E+001 -0.519295685089021E+001 -0.635346136002413E+003
  0.129078921129886E-273  0.127491231329465E+004  0.954840514469715E+002  0.147807758351416E+001 -0.478077583514163E+000 -0.519295685089021E+001 -0.635069690070352E+003
  0.413071555038418E-273  0.127258591964324E+004  0.787088825071066E+002  0.217718702511626E+001 -0.117718702511626E+001 -0.519295685089021E+001 -0.633906493244645E+003
  0.448909707850446E-272  0.126781434758383E+004  0.949004800960207E+002  0.149104752478637E+001 -0.491047524786368E+000 -0.519295685089021E+001 -0.631520707214938E+003
  0.108082385646784E-271  0.126605703340791E+004  0.733257026713307E+002  0.249733060997508E+001 -0.149733060997508E+001 -0.519295685089021E+001 -0.630642050126982E+003
  0.102509803783022E-270  0.126155773387335E+004  0.769607338383439E+002  0.226347925440437E+001 -0.126347925440437E+001 -0.519295685089021E+001 -0.628392400359700E+003
  0.243925049611535E-270  0.125982392874592E+004  0.892346113039877E+002  0.168204506562943E+001 -0.682045065629425E+000 -0.519295685089021E+001 -0.627525497795986E+003
  0.936469260286401E-268  0.124792307698810E+004  0.684054880234875E+002  0.283758290525225E+001 -0.183758290525225E+001 -0.519295685089021E+001 -0.621575071917075E+003
  0.216788382799445E-266  0.124163912664422E+004  0.940100931874091E+002  0.149881071326603E+001 -0.498810713266030E+000 -0.519295685089021E+001 -0.618433096745136E+003
  0.105139406963992E-265  0.123848122551488E+004  0.788522020048542E+002  0.213055342535000E+001 -0.113055342535000E+001 -0.519295685089021E+001 -0.616854146180464E+003
  0.141190173712297E-264  0.123328641417603E+004  0.809051519007739E+002  0.201855015279058E+001 -0.101855015279058E+001 -0.519295685089021E+001 -0.614256740511039E+003
  0.409056414315203E-264  0.123115892348107E+004  0.747108238489762E+002  0.236226421541091E+001 -0.136226421541091E+001 -0.519295685089021E+001 -0.613192995163562E+003
  0.523431517018451E-264  0.123066581723033E+004  0.830869975079133E+002  0.191134537273191E+001 -0.911345372731913E+000 -0.519295685089021E+001 -0.612946442038189E+003
  0.883122181625255E-264  0.122961970251462E+004  0.989264670760464E+002  0.134162851460142E+001 -0.341628514601419E+000 -0.519295685089021E+001 -0.612423384680336E+003
  0.255478453743296E-263  0.122749518330014E+004  0.674519333134134E+002  0.288556729618796E+001 -0.188556729618796E+001 -0.519295685089021E+001 -0.611361125073094E+003
  0.287736938260036E-263  0.122725736614496E+004  0.819707636126958E+002  0.196012784666646E+001 -0.960127846666464E+000 -0.519295685089021E+001 -0.611242216495505E+003
  0.142393402714709E-262  0.122405910192947E+004  0.825551463676486E+002  0.192915876363227E+001 -0.929158763632269E+000 -0.519295685089021E+001 -0.609643084387762E+003
  0.912769765231191E-261  0.121573815173100E+004  0.726024093177276E+002  0.247935412966082E+001 -0.147935412966082E+001 -0.519295685089021E+001 -0.605482609288526E+003
  0.915678093000141E-261  0.121573178932869E+004  0.913898253262214E+002  0.156517397196183E+001 -0.565173971961833E+000 -0.519295685089021E+001 -0.605479428087368E+003
  0.103439257197454E-260  0.121548797978793E+004  0.931819681836785E+002  0.150447015012854E+001 -0.504470150128541E+000 -0.519295685089021E+001 -0.605357523316989E+003
  0.210377193424519E-260  0.121406814473737E+004  0.741162259548530E+002  0.237791545694514E+001 -0.137791545694514E+001 -0.519295685089021E+001 -0.604647605791711E+003
  0.698424623780995E-260  0.121166829437216E+004  0.689437666950540E+002  0.274006673895015E+001 -0.174006673895015E+001 -0.519295685089021E+001 -0.603447680609105E+003
  0.984489963762436E-260  0.121098170148725E+004  0.786286673681231E+002  0.211104708777694E+001 -0.111104708777694E+001 -0.519295685089021E+001 -0.603104384166649E+003
  0.644338503751013E-259  0.120722433027891E+004  0.708571404095215E+002  0.258955806574893E+001 -0.158955806574893E+001 -0.519295685089021E+001 -0.601225698562480E+003
  0.277825785132351E-258  0.120430162003270E+004  0.719553160832621E+002  0.250798426747653E+001 -0.150798426747653E+001 -0.519295685089021E+001 -0.599764343439376E+003
  0.430484229459111E-258  0.120342578714259E+004  0.680258852986746E+002  0.280087193070344E+001 -0.180087193070344E+001 -0.519295685089021E+001 -0.599326426994323E+003
  0.205022675201621E-257  0.120030419716932E+004  0.668409948719721E+002  0.289467903673797E+001 -0.189467903673797E+001 -0.519295685089021E+001 -0.597765632007684E+003
  0.342593855005647E-257  0.119927734703809E+004  0.984179349334099E+002  0.133335119773783E+001 -0.333351197737826E+000 -0.519295685089021E+001 -0.597252206942069E+003
  0.410249573125929E-256  0.119431173677196E+004  0.742758604549016E+002  0.234233578880011E+001 -0.134233578880011E+001 -0.519295685089021E+001 -0.594769401809004E+003
  0.703655838803543E-255  0.118862751922229E+004  0.787508302519323E+002  0.207884423797492E+001 -0.107884423797492E+001 -0.519295685089021E+001 -0.591927293034169E+003
  0.160498311194724E-254  0.118697836093815E+004  0.801325260194147E+002  0.200620133098542E+001 -0.100620133098542E+001 -0.519295685089021E+001 -0.591102713892100E+003
  0.247662076223405E-254  0.118611079733665E+004  0.728474635900334E+002  0.242317379303291E+001 -0.142317379303291E+001 -0.519295685089021E+001 -0.590668932091350E+003
  0.253594726374770E-252  0.117685311255231E+004  0.963511678155736E+002  0.137525300150328E+001 -0.375253001503280E+000 -0.519295685089021E+001 -0.586040089699181E+003
  0.111386056775282E-250  0.116928824272280E+004  0.747695581333938E+002  0.227983280422312E+001 -0.127983280422312E+001 -0.519295685089021E+001 -0.582257654784425E+003
  0.120851522686865E-250  0.116912512162117E+004  0.909260887523721E+002  0.154088197380519E+001 -0.540881973805186E+000 -0.519295685089021E+001 -0.582176094233609E+003
  0.722991672592406E-249  0.116094228144046E+004  0.741672029256289E+002  0.230583019701741E+001 -0.130583019701741E+001 -0.519295685089021E+001 -0.578084674143254E+003
  0.949354463923603E-249  0.116039751236501E+004  0.909027381041705E+002  0.153406073165771E+001 -0.534060731657710E+000 -0.519295685089021E+001 -0.577812289605531E+003
  0.120102921098885E-247  0.115532203837493E+004  0.950318412518314E+002  0.139733952162191E+001 -0.397339521621914E+000 -0.519295685089021E+001 -0.575274552610493E+003
  0.571554514652626E-247  0.115220201674215E+004  0.872162136853202E+002  0.166017920562389E+001 -0.660179205623894E+000 -0.519295685089021E+001 -0.573714541794101E+003
  0.657637021485503E-247  0.115192143019689E+004  0.680157118753944E+002  0.272233523616772E+001 -0.172233523616772E+001 -0.519295685089021E+001 -0.573574248521468E+003
  0.110718867815271E-245  0.114627440757266E+004  0.746872412633066E+002  0.225526304970780E+001 -0.125526304970780E+001 -0.519295685089021E+001 -0.570750737209357E+003
  0.271191912271807E-245  0.114448274263775E+004  0.759796909299963E+002  0.217755419653967E+001 -0.117755419653967E+001 -0.519295685089021E+001 -0.569854904741902E+003
  0.295029786922303E-245  0.114431424345726E+004  0.721864282704125E+002  0.240993772405347E+001 -0.140993772405347E+001 -0.519295685089021E+001 -0.569770655151657E+003
  0.155333119286447E-244  0.114099208198405E+004  0.653391987747664E+002  0.292816371659744E+001 -0.192816371659744E+001 -0.519295685089021E+001 -0.568109574415051E+003
  0.471950296968602E-244  0.113876947856498E+004  0.976860956901951E+002  0.130796361389660E+001 -0.307963613896602E+000 -0.519295685089021E+001 -0.566998272705515E+003
  0.158723944801453E-243  0.113634372273887E+004  0.765284792941895E+002  0.213666122229766E+001 -0.113666122229766E+001 -0.519295685089021E+001 -0.565785394792461E+003
  0.161719160560298E-243  0.113630633322489E+004  0.682095009704712E+002  0.268304545308265E+001 -0.168304545308265E+001 -0.519295685089021E+001 -0.565766700035468E+003
  0.558836871523924E-243  0.113382634051580E+004  0.673494782667917E+002  0.274710632062683E+001 -0.174710632062683E+001 -0.519295685089021E+001 -0.564526703680923E+003
  0.110799820133359E-242  0.113245743524509E+004  0.822441346064776E+002  0.184675571273300E+001 -0.846755712732998E+000 -0.519295685089021E+001 -0.563842251045568E+003
  0.899715327823618E-240  0.111905838835330E+004  0.900457037507778E+002  0.152685281244755E+001 -0.526852812447549E+000 -0.519295685089021E+001 -0.557142727599675E+003
  0.102846434045487E-239  0.111879090110088E+004  0.651297364030282E+002  0.290915872848675E+001 -0.190915872848675E+001 -0.519295685089021E+001 -0.557008983973465E+003
  0.275903017622306E-239  0.111681727615197E+004  0.715355320000835E+002  0.241487483808887E+001 -0.141487483808887E+001 -0.519295685089021E+001 -0.556022171499012E+003
  0.510438327580644E-239  0.111558683534419E+004  0.774973180013509E+002  0.205897822889011E+001 -0.105897822889011E+001 -0.519295685089021E+001 -0.555406951095119E+003
  0.173579272053326E-238  0.111313893601410E+004  0.884818568001090E+002  0.157647021182888E+001 -0.576470211828882E+000 -0.519295685089021E+001 -0.554183001430076E+003
  0.271644692877499E-238  0.111224321493069E+004  0.879216773520917E+002  0.159598684624187E+001 -0.595986846241873E+000 -0.519295685089021E+001 -0.553735140888371E+003
  0.406797347197043E-238  0.111143557451706E+004  0.684569536965666E+002  0.262578172193309E+001 -0.162578172193309E+001 -0.519295685089021E+001 -0.553331320681553E+003
  0.604410934183849E-238  0.111064369616065E+004  0.819043538951508E+002  0.183860177766360E+001 -0.838601777663598E+000 -0.519295685089021E+001 -0.552935381503351E+003
  0.690262364891239E-238  0.111037806127448E+004  0.907063080777965E+002  0.149670399279698E+001 -0.496703992796980E+000 -0.519295685089021E+001 -0.552802564060267E+003
  0.107625939255730E-237  0.110948971123743E+004  0.703066311386582E+002  0.248832403039434E+001 -0.148832403039434E+001 -0.519295685089021E+001 -0.552358389041740E+003
  0.140841018346831E-237  0.110895177116751E+004  0.886510700958056E+002  0.156651729032836E+001 -0.566517290328359E+000 -0.519295685089021E+001 -0.552089419006781E+003
  0.173630245629835E-237  0.110853317859102E+004  0.871169632644959E+002  0.162232401578902E+001 -0.622324015789017E+000 -0.519295685089021E+001 -0.551880122718536E+003
  0.282792186676662E-237  0.110755761000668E+004  0.713594848827321E+002  0.241355660651469E+001 -0.141355660651469E+001 -0.519295685089021E+001 -0.551392338426366E+003
  0.356268375778643E-237  0.110709566599431E+004  0.656022497122449E+002  0.284847324108561E+001 -0.184847324108561E+001 -0.519295685089021E+001 -0.551161366420179E+003
  0.600756182262118E-237  0.110605065628614E+004  0.852936947770982E+002  0.169043438572755E+001 -0.690434385727551E+000 -0.519295685089021E+001 -0.550638861566094E+003
  0.569014692577497E-236  0.110155405192000E+004  0.796536269732478E+002  0.193345237899206E+001 -0.933452378992060E+000 -0.519295685089021E+001 -0.548390559383025E+003
  0.210312889180023E-235  0.109893950150446E+004  0.754067516058988E+002  0.215277966450860E+001 -0.115277966450860E+001 -0.519295685089021E+001 -0.547083284175255E+003
  0.390382533220473E-235  0.109770244001948E+004  0.693335664200680E+002  0.254005747359048E+001 -0.154005747359048E+001 -0.519295685089021E+001 -0.546464753432765E+003
  0.114921392236471E-234  0.109554302736138E+004  0.697790464166264E+002  0.250493841021060E+001 -0.150493841021060E+001 -0.519295685089021E+001 -0.545385047103713E+003
  0.264134708204471E-233  0.108927343541041E+004  0.681493431559869E+002  0.261476079867863E+001 -0.161476079867863E+001 -0.519295685089021E+001 -0.542250251128229E+003
  0.195585390509599E-232  0.108526918955881E+004  0.801922860080990E+002  0.188924438961155E+001 -0.889244389611548E+000 -0.519295685089021E+001 -0.540248128202429E+003
  0.257465507900101E-232  0.108471941216468E+004  0.713619698089126E+002  0.238096410770342E+001 -0.138096410770342E+001 -0.519295685089021E+001 -0.539973239505365E+003
  0.296871452651077E-232  0.108443458523563E+004  0.881319185694234E+002  0.156221352959021E+001 -0.562213529590206E+000 -0.519295685089021E+001 -0.539830826040842E+003
  0.999638368311552E-232  0.108200639652336E+004  0.652343468862901E+002  0.283760574463650E+001 -0.183760574463650E+001 -0.519295685089021E+001 -0.538616731684705E+003
  0.134939221008501E-231  0.108140636457653E+004  0.747816523385177E+002  0.216590972128234E+001 -0.116590972128234E+001 -0.519295685089021E+001 -0.538316715711291E+003
  0.108561272225517E-230  0.107723621384605E+004  0.646144873188036E+002  0.288315854115380E+001 -0.188315854115380E+001 -0.519295685089021E+001 -0.536231640346048E+003
  0.181409695865664E-230  0.107620932734226E+004  0.724563918005510E+002  0.229859918414257E+001 -0.129859918414257E+001 -0.519295685089021E+001 -0.535718197094157E+003
  0.251809227075953E-230  0.107555349978436E+004  0.813549733708136E+002  0.182499959389743E+001 -0.824999593897433E+000 -0.519295685089021E+001 -0.535390283315204E+003
  0.288122987584114E-230  0.107528406845676E+004  0.707089420954023E+002  0.241093946163058E+001 -0.141093946163058E+001 -0.519295685089021E+001 -0.535255567651403E+003
  0.430180851788403E-230  0.107448243190352E+004  0.790973126171886E+002  0.192923533469112E+001 -0.929235334691116E+000 -0.519295685089021E+001 -0.534854749374786E+003
  0.150178351025959E-228  0.106737685575393E+004  0.724860099583315E+002  0.228452977494553E+001 -0.128452977494553E+001 -0.519295685089021E+001 -0.531301961299991E+003
  0.177052729467922E-227  0.106244243756758E+004  0.777485509275591E+002  0.198196574409686E+001 -0.981965744096863E+000 -0.519295685089021E+001 -0.528834752206817E+003
  0.849457135358084E-227  0.105930613779486E+004  0.785966405792951E+002  0.193589970982100E+001 -0.935899709821001E+000 -0.519295685089021E+001 -0.527266602320457E+003
  0.110766839674957E-226  0.105877530767399E+004  0.685153268959111E+002  0.254015958272014E+001 -0.154015958272014E+001 -0.519295685089021E+001 -0.527001187260022E+003
  0.135238655770408E-226  0.105837608049480E+004  0.662369526568233E+002  0.271457381846348E+001 -0.171457381846348E+001 -0.519295685089021E+001 -0.526801573670426E+003
  0.247150157834712E-226  0.105717017041447E+004  0.692269023538296E+002  0.248646704708309E+001 -0.148646704708309E+001 -0.519295685089021E+001 -0.526198618630258E+003
  0.121658275753197E-225  0.105398256019297E+004  0.721160291428143E+002  0.228903481506562E+001 -0.128903481506562E+001 -0.519295685089021E+001 -0.524604813519512E+003
  0.189265937249887E-225  0.105309868618232E+004  0.834823674019539E+002  0.170948824083989E+001 -0.709488240839889E+000 -0.519295685089021E+001 -0.524162876514183E+003
  0.271823049743181E-225  0.105237468978086E+004  0.632115141480507E+002  0.296521958001531E+001 -0.196521958001531E+001 -0.519295685089021E+001 -0.523800878313456E+003
  0.178419700365187E-224  0.104861154491502E+004  0.981840294243462E+002  0.122553165246261E+001 -0.225531652462605E+000 -0.519295685089021E+001 -0.521919305880537E+003
  0.216549487687523E-224  0.104822418399550E+004  0.693612533492546E+002  0.246342858275103E+001 -0.146342858275103E+001 -0.519295685089021E+001 -0.521725625420777E+003
  0.114603750863242E-223  0.104489169094566E+004  0.677184757740545E+002  0.257739136650722E+001 -0.157739136650722E+001 -0.519295685089021E+001 -0.520059378895857E+003
  0.183184173459561E-223  0.104395366789505E+004  0.642440001291965E+002  0.285737448326073E+001 -0.185737448326073E+001 -0.519295685089021E+001 -0.519590367370553E+003
  0.217490038991534E-223  0.104361034590977E+004  0.682014799859930E+002  0.253952030867036E+001 -0.153952030867036E+001 -0.519295685089021E+001 -0.519418706377908E+003
  0.118893042969500E-222  0.104021303324651E+004  0.855282088311295E+002  0.161534264356277E+001 -0.615342643562771E+000 -0.519295685089021E+001 -0.517720050046280E+003
  0.283488230998633E-222  0.103847514060911E+004  0.749990166505762E+002  0.209786311512711E+001 -0.109786311512711E+001 -0.519295685089021E+001 -0.516851103727580E+003
  0.101918321667826E-221  0.103591596819220E+004  0.814606229954078E+002  0.177657878614973E+001 -0.776578786149735E+000 -0.519295685089021E+001 -0.515571517519124E+003
  0.146574838626677E-221  0.103518923935749E+004  0.864460872976979E+002  0.157600365209880E+001 -0.576003652098796E+000 -0.519295685089021E+001 -0.515208153101771E+003
  0.223216875561962E-221  0.103434802397126E+004  0.955697393111888E+002  0.128410400591545E+001 -0.284104005915452E+000 -0.519295685089021E+001 -0.514787545408654E+003
  0.619163900761602E-220  0.102770240141374E+004  0.684221216726025E+002  0.249857710552999E+001 -0.149857710552999E+001 -0.519295685089021E+001 -0.511464734129893E+003
  0.726190110602074E-220  0.102738351777352E+004  0.687358155165207E+002  0.247564357362375E+001 -0.147564357362375E+001 -0.519295685089021E+001 -0.511305292309787E+003
  0.470823412345288E-219  0.102364500506328E+004  0.856961456550937E+002  0.159235131745399E+001 -0.592351317453995E+000 -0.519295685089021E+001 -0.509436035954666E+003
  0.396638879152006E-218  0.101938274859845E+004  0.926951887860410E+002  0.135416252576689E+001 -0.354162525766895E+000 -0.519295685089021E+001 -0.507304907722252E+003
  0.603801957836866E-218  0.101854230856372E+004  0.629889847704947E+002  0.292361651266907E+001 -0.192361651266907E+001 -0.519295685089021E+001 -0.506884687704885E+003
  0.688132065047577E-218  0.101828083953426E+004  0.756693714430551E+002  0.203527656017678E+001 -0.103527656017678E+001 -0.519295685089021E+001 -0.506753953190154E+003
  0.118126650932419E-217  0.101720011617359E+004  0.641791701047985E+002  0.281560214531057E+001 -0.181560214531057E+001 -0.519295685089021E+001 -0.506213591509820E+003
  0.245749184038868E-217  0.101573500801985E+004  0.826083425601147E+002  0.170571715214654E+001 -0.705717152146544E+000 -0.519295685089021E+001 -0.505481037432951E+003
  0.172738944941696E-216  0.101183489777923E+004  0.724038406902336E+002  0.221224523624337E+001 -0.121224523624337E+001 -0.519295685089021E+001 -0.503530982312638E+003
  0.180248153901118E-216  0.101174979164286E+004  0.676886452056677E+002  0.252673174524681E+001 -0.152673174524681E+001 -0.519295685089021E+001 -0.503488429244457E+003
  0.916664542228727E-216  0.100849697754249E+004  0.944894119735991E+002  0.129292019931743E+001 -0.292920199317432E+000 -0.519295685089021E+001 -0.501862022194268E+003
  0.569513789385697E-215  0.100484372453386E+004  0.856940147118375E+002  0.157350323905229E+001 -0.573503239052293E+000 -0.519295685089021E+001 -0.500035395689957E+003
  0.832594556836443E-215  0.100408419693096E+004  0.855740045468863E+002  0.157718757731815E+001 -0.577187577318153E+000 -0.519295685089021E+001 -0.499655631888505E+003
  0.348053137379037E-214  0.100122341001588E+004  0.923291444332036E+002  0.134931325998113E+001 -0.349313259981130E+000 -0.519295685089021E+001 -0.498225238430966E+003
  0.145843894134416E-212  0.993752706304518E+003  0.692121383236204E+002  0.239060841115733E+001 -0.139060841115733E+001 -0.519295685089021E+001 -0.494489886575284E+003
  0.580593352730065E-212  0.990989678762259E+003  0.695261794295892E+002  0.236513609954485E+001 -0.136513609954485E+001 -0.519295685089021E+001 -0.493108372804155E+003
  0.982301838098310E-212  0.989937982703580E+003  0.650321710685995E+002  0.269608040107987E+001 -0.169608040107987E+001 -0.519295685089021E+001 -0.492582524774815E+003
  0.462729286367647E-211  0.986838325404557E+003  0.692326729353416E+002  0.237857848999623E+001 -0.137857848999623E+001 -0.519295685089021E+001 -0.491032696125304E+003
  0.134809719060612E-209  0.980094540817941E+003  0.989266615342966E+002  0.115417524280327E+001 -0.154175242803265E+000 -0.519295685089021E+001 -0.487660803831996E+003
  0.733332388868822E-209  0.976707071283869E+003  0.629701141108629E+002  0.284778162751480E+001 -0.184778162751480E+001 -0.519295685089021E+001 -0.485967069064960E+003
  0.131890291964041E-208  0.975533158312366E+003  0.838856267428771E+002  0.161163469589521E+001 -0.611634695895211E+000 -0.519295685089021E+001 -0.485380112579208E+003
  0.196629226471024E-208  0.974734459510960E+003  0.922588727300135E+002  0.132815960490893E+001 -0.328159604908929E+000 -0.519295685089021E+001 -0.484980763178505E+003
  0.222042214572663E-208  0.974491364184368E+003  0.709239897769711E+002  0.224974846691556E+001 -0.124974846691556E+001 -0.519295685089021E+001 -0.484859215515209E+003
  0.244090120250218E-208  0.974302024218644E+003  0.977980808160095E+002  0.117746623810266E+001 -0.177466238102663E+000 -0.519295685089021E+001 -0.484764545532347E+003
  0.452761916093224E-208  0.973066366391856E+003  0.796905799005905E+002  0.178327805993369E+001 -0.783278059933687E+000 -0.519295685089021E+001 -0.484146716618953E+003
  0.618390410985535E-207  0.967837689055466E+003  0.747577192088539E+002  0.201823119451472E+001 -0.101823119451472E+001 -0.519295685089021E+001 -0.481532377950758E+003
  0.379092256571249E-206  0.964211199658462E+003  0.655525452876072E+002  0.260993313505534E+001 -0.160993313505534E+001 -0.519295685089021E+001 -0.479719133252256E+003
  0.697409684032651E-206  0.962992012811340E+003  0.648389294311627E+002  0.266458304986101E+001 -0.166458304986101E+001 -0.519295685089021E+001 -0.479109539828695E+003
  0.400889611700103E-205  0.959494216451728E+003  0.823419257277327E+002  0.165527963920303E+001 -0.655279639203026E+000 -0.519295685089021E+001 -0.477360641648889E+003
  0.508424804700481E-205  0.959018954009742E+003  0.741768272216248E+002  0.203780807651076E+001 -0.103780807651076E+001 -0.519295685089021E+001 -0.477123010427896E+003
  0.106063134317247E-204  0.957548349432321E+003  0.781028490678414E+002  0.183743324165291E+001 -0.837433241652912E+000 -0.519295685089021E+001 -0.476387708139186E+003
  0.248011076877761E-204  0.955849471659477E+003  0.783660946259978E+002  0.182308794511738E+001 -0.823087945117380E+000 -0.519295685089021E+001 -0.475538269252764E+003
  0.116133883167246E-203  0.952761760911874E+003  0.785346583751495E+002  0.181156177531788E+001 -0.811561775317878E+000 -0.519295685089021E+001 -0.473994413878962E+003
  0.320457145214653E-203  0.950731751183200E+003  0.614826487757424E+002  0.293380241272636E+001 -0.193380241272636E+001 -0.519295685089021E+001 -0.472979409014625E+003
  0.284382816732158E-202  0.946365435554021E+003  0.697100570946075E+002  0.228485769819033E+001 -0.128485769819033E+001 -0.519295685089021E+001 -0.470796251200036E+003
  0.567132769533684E-201  0.940379721046005E+003  0.666580280573686E+002  0.248562244389643E+001 -0.148562244389643E+001 -0.519295685089021E+001 -0.467803393946028E+003
  0.904175433195391E-201  0.939446861111840E+003  0.776660554498156E+002  0.183570341612425E+001 -0.835703416124251E+000 -0.519295685089021E+001 -0.467336963978945E+003
  0.912339407844875E-201  0.939428883764376E+003  0.995199609338087E+002  0.110877763371812E+001 -0.108777633718125E+000 -0.519295685089021E+001 -0.467327975305213E+003
  0.131062897495994E-200  0.938704383052457E+003  0.685626397299402E+002  0.234877504481130E+001 -0.134877504481130E+001 -0.519295685089021E+001 -0.466965724949254E+003
  0.357110091136262E-200  0.936699649509972E+003  0.945375762215893E+002  0.123119991458825E+001 -0.231199914588246E+000 -0.519295685089021E+001 -0.465963358178011E+003
  0.471170273505821E-200  0.936145298648399E+003  0.717550111394165E+002  0.214321047006364E+001 -0.114321047006364E+001 -0.519295685089021E+001 -0.465686182747225E+003
  0.784250696747207E-200  0.935126280264529E+003  0.707211673501064E+002  0.220406378001105E+001 -0.120406378001105E+001 -0.519295685089021E+001 -0.465176673555290E+003
  0.122134995028316E-199  0.934240313650290E+003  0.764358609870270E+002  0.188832956555804E+001 -0.888329565558044E+000 -0.519295685089021E+001 -0.464733690248170E+003
  0.940983753317287E-199  0.930156715801334E+003  0.809831821803894E+002  0.167796374768236E+001 -0.677963747682359E+000 -0.519295685089021E+001 -0.462691891323692E+003
  0.440049738875031E-197  0.922466451650712E+003  0.723301481783539E+002  0.209009306192493E+001 -0.109009306192493E+001 -0.519295685089021E+001 -0.458846759248381E+003
  0.143196518858039E-196  0.920106621102406E+003  0.615571920372268E+002  0.286667257521850E+001 -0.186667257521850E+001 -0.519295685089021E+001 -0.457666843974228E+003
  0.183408396818717E-196  0.919611626305657E+003  0.787646209767098E+002  0.176104594524492E+001 -0.761045945244919E+000 -0.519295685089021E+001 -0.457419346575854E+003
  0.255080744583850E-196  0.918951896710639E+003  0.674552712518459E+002  0.239297817406856E+001 -0.139297817406856E+001 -0.519295685089021E+001 -0.457089481778345E+003
  0.120681189031179E-194  0.911238412085584E+003  0.670155475273653E+002  0.241114470488266E+001 -0.141114470488266E+001 -0.519295685089021E+001 -0.453232739465817E+003
  0.172337906467199E-194  0.910525802375494E+003  0.734377028758241E+002  0.201153683660633E+001 -0.101153683660633E+001 -0.519295685089021E+001 -0.452876434610772E+003
  0.187997935834965E-194  0.910351854653254E+003  0.620276130062188E+002  0.280521516058523E+001 -0.180521516058523E+001 -0.519295685089021E+001 -0.452789460749652E+003
  0.248638680612767E-194  0.909792715098092E+003  0.788066942937809E+002  0.174728384654626E+001 -0.747283846546264E+000 -0.519295685089021E+001 -0.452509890972071E+003
  0.294284440257080E-194  0.909455623052600E+003  0.762932805292267E+002  0.186343737999391E+001 -0.863437379993905E+000 -0.519295685089021E+001 -0.452341344949325E+003
  0.337719384223399E-194  0.909180285966661E+003  0.673009774849143E+002  0.238764774298903E+001 -0.138764774298903E+001 -0.519295685089021E+001 -0.452203676406356E+003
  0.269383177343001E-193  0.905027276799356E+003  0.866572041963073E+002  0.143882476324182E+001 -0.438824763241819E+000 -0.519295685089021E+001 -0.450127171822703E+003
  0.473625907292913E-193  0.903898710863657E+003  0.751488327165764E+002  0.191286995108478E+001 -0.912869951084782E+000 -0.519295685089021E+001 -0.449562888854854E+003
  0.220580090051662E-192  0.900821854549360E+003  0.696230329598883E+002  0.222027852038015E+001 -0.122027852038015E+001 -0.519295685089021E+001 -0.448024460697705E+003
  0.254970180182143E-192  0.900532083051898E+003  0.791100253487887E+002  0.172277913664424E+001 -0.722779136644245E+000 -0.519295685089021E+001 -0.447879574948974E+003
  0.427617370794046E-192  0.899497918643095E+003  0.638415680573934E+002  0.263092856994985E+001 -0.163092856994985E+001 -0.519295685089021E+001 -0.447362492744573E+003
  0.893182328039064E-192  0.898024794778071E+003  0.609144740215387E+002  0.288175149375958E+001 -0.188175149375958E+001 -0.519295685089021E+001 -0.446625930812061E+003
  0.118173523038785E-191  0.897464897904594E+003  0.813814428441727E+002  0.162437514148804E+001 -0.624375141488042E+000 -0.519295685089021E+001 -0.446345982375322E+003
  0.420070097606285E-191  0.894928362868798E+003  0.910935195385857E+002  0.129046963051188E+001 -0.290469630511879E+000 -0.519295685089021E+001 -0.445077714857424E+003
  0.609824078452558E-191  0.894182865022439E+003  0.663641308353137E+002  0.242889660129750E+001 -0.142889660129750E+001 -0.519295685089021E+001 -0.444704965934245E+003
  0.136714404610489E-189  0.887963077465517E+003  0.944870874142574E+002  0.119096588071441E+001 -0.190965880714410E+000 -0.519295685089021E+001 -0.441595072155784E+003
  0.472369589289931E-189  0.885483342274979E+003  0.597240052113100E+002  0.296899733741967E+001 -0.196899733741967E+001 -0.519295685089021E+001 -0.440355204560515E+003
  0.116468166082774E-188  0.883678459537348E+003  0.612187605670770E+002  0.282495782527569E+001 -0.182495782527569E+001 -0.519295685089021E+001 -0.439452763191699E+003
  0.173277498364895E-188  0.882883906811270E+003  0.939987907183119E+002  0.119937609267992E+001 -0.199376092679925E+000 -0.519295685089021E+001 -0.439055486828660E+003
  0.448935523361676E-188  0.880979936949862E+003  0.615865203384307E+002  0.278661769879145E+001 -0.178661769879145E+001 -0.519295685089021E+001 -0.438103501897956E+003
  0.129085978568101E-187  0.878867567951920E+003  0.669820912125780E+002  0.235928815154757E+001 -0.135928815154757E+001 -0.519295685089021E+001 -0.437047317398985E+003
  0.143557247946337E-187  0.878655057525600E+003  0.972760671511693E+002  0.111361562308327E+001 -0.113615623083274E+000 -0.519295685089021E+001 -0.436941062185826E+003
  0.203910453923797E-186  0.873347993239440E+003  0.733674593227981E+002  0.196330016154756E+001 -0.963300161547555E+000 -0.519295685089021E+001 -0.434287530042745E+003
  0.505087931913140E-185  0.866928719872262E+003  0.790763341819141E+002  0.168354928484202E+001 -0.683549284842019E+000 -0.519295685089021E+001 -0.431077893359156E+003
  0.513698624692376E-185  0.866894911425275E+003  0.634609410587470E+002  0.260103148259706E+001 -0.160103148259706E+001 -0.519295685089021E+001 -0.431060989135663E+003
  0.798277782837280E-185  0.866013271674356E+003  0.934912309609488E+002  0.119802467753445E+001 -0.198024677534453E+000 -0.519295685089021E+001 -0.430620169260203E+003
  0.818363254636132E-184  0.861358402130505E+003  0.698326906280416E+002  0.214607710749036E+001 -0.114607710749036E+001 -0.519295685089021E+001 -0.428292734488278E+003
  0.875750107495650E-184  0.861222853190061E+003  0.801978318900606E+002  0.163001875600687E+001 -0.630018756006875E+000 -0.519295685089021E+001 -0.428224960018056E+003
  0.103979974634941E-183  0.860879447915694E+003  0.619984910733948E+002  0.271092834415288E+001 -0.171092834415288E+001 -0.519295685089021E+001 -0.428053257380872E+003
  0.147556248504347E-182  0.855574255489977E+003  0.954739051591056E+002  0.113824827446924E+001 -0.138248274469244E+000 -0.519295685089021E+001 -0.425400661168014E+003
  0.155303680901364E-182  0.855471909524234E+003  0.720286425524189E+002  0.201009764579062E+001 -0.101009764579062E+001 -0.519295685089021E+001 -0.425349488185142E+003
  0.174597297000524E-182  0.855237710063355E+003  0.643917361468247E+002  0.250643599971473E+001 -0.150643599971473E+001 -0.519295685089021E+001 -0.425232388454703E+003
  0.240440756619239E-182  0.854597726937779E+003  0.631160658844529E+002  0.260562660486985E+001 -0.160562660486985E+001 -0.519295685089021E+001 -0.424912396891915E+003
  0.693051959813068E-182  0.852480464438805E+003  0.818531360683489E+002  0.155460106927194E+001 -0.554601069271937E+000 -0.519295685089021E+001 -0.423853765642428E+003
  0.212940265140895E-181  0.850235480839687E+003  0.816211995808899E+002  0.156091293392109E+001 -0.560912933921095E+000 -0.519295685089021E+001 -0.422731273842869E+003
  0.168697195358758E-180  0.846096123286974E+003  0.783839358702068E+002  0.168755358030283E+001 -0.687553580302829E+000 -0.519295685089021E+001 -0.420661595066512E+003
  0.969681111833308E-180  0.842598399482238E+003  0.748523469161838E+002  0.184506696736233E+001 -0.845066967362326E+000 -0.519295685089021E+001 -0.418912733164144E+003
  0.579373378506893E-179  0.839023269554524E+003  0.853624706262473E+002  0.141422651744339E+001 -0.414226517443387E+000 -0.519295685089021E+001 -0.417125168200287E+003
  0.760979891017545E-178  0.833872779777593E+003  0.807073205372742E+002  0.157735069788202E+001 -0.577350697882017E+000 -0.519295685089021E+001 -0.414549923311822E+003
  0.178400940108091E-176  0.827563586292212E+003  0.988629771121948E+002  0.103593179395459E+001 -0.359317939545896E-001 -0.519295685089021E+001 -0.411395326569131E+003
  0.427047826157319E-176  0.825817861247787E+003  0.866287218257815E+002  0.135904567754075E+001 -0.359045677540751E+000 -0.519295685089021E+001 -0.410522464046919E+003
  0.657433157678841E-176  0.824954967076687E+003  0.764496914498859E+002  0.174608738103579E+001 -0.746087381035790E+000 -0.519295685089021E+001 -0.410091016961369E+003
  0.841428590073594E-176  0.824461450972307E+003  0.620479617719825E+002  0.263476781606568E+001 -0.163476781606568E+001 -0.519295685089021E+001 -0.409844258909179E+003
  0.192331324498865E-175  0.822808044019339E+003  0.615606030158367E+002  0.267246719684038E+001 -0.167246719684038E+001 -0.519295685089021E+001 -0.409017555432695E+003
  0.269434704852697E-175  0.822133830928930E+003  0.767493573302601E+002  0.172885696021368E+001 -0.728856960213683E+000 -0.519295685089021E+001 -0.408680448887490E+003
  0.119512680153562E-174  0.819154467948201E+003  0.642498347766174E+002  0.245074885033716E+001 -0.145074885033716E+001 -0.519295685089021E+001 -0.407190767397126E+003
  0.227050757621972E-174  0.817870965711138E+003  0.764309971593636E+002  0.173762620934102E+001 -0.737626209341020E+000 -0.519295685089021E+001 -0.406549016278594E+003
  0.351286986506670E-174  0.816998105870294E+003  0.852450752902436E+002  0.139479463519741E+001 -0.394794635197407E+000 -0.519295685089021E+001 -0.406112586358172E+003
  0.438813335290523E-174  0.816553164663228E+003  0.706934622580957E+002  0.202642417972365E+001 -0.102642417972365E+001 -0.519295685089021E+001 -0.405890115754639E+003
  0.209900068878830E-173  0.813422879603886E+003  0.970940381012749E+002  0.106419103268735E+001 -0.641910326873485E-001 -0.519295685089021E+001 -0.404324973224968E+003
  0.102856197236413E-172  0.810244308789097E+003  0.630062036221778E+002  0.252937166844553E+001 -0.152937166844553E+001 -0.519295685089021E+001 -0.402735687817574E+003
  0.127197303777051E-172  0.809819493619932E+003  0.699267544584021E+002  0.205996588776434E+001 -0.105996588776434E+001 -0.519295685089021E+001 -0.402523280232991E+003
  0.818500156352381E-172  0.806096025352184E+003  0.582414254733695E+002  0.294102448086334E+001 -0.194102448086334E+001 -0.519295685089021E+001 -0.400661546099117E+003
  0.142616316992620E-171  0.804985486489170E+003  0.865997641327220E+002  0.133844554578294E+001 -0.338445545782936E+000 -0.519295685089021E+001 -0.400106276667610E+003
  0.365986064166038E-171  0.803100611828610E+003  0.611903666653693E+002  0.266392255042780E+001 -0.166392255042780E+001 -0.519295685089021E+001 -0.399163839337330E+003
  0.477307766132600E-171  0.802569479352171E+003  0.592869595029955E+002  0.283273238109875E+001 -0.183273238109875E+001 -0.519295685089021E+001 -0.398898273099111E+003
  0.820344879216299E-171  0.801486352669369E+003  0.764193311828747E+002  0.171654453097761E+001 -0.716544530977610E+000 -0.519295685089021E+001 -0.398356709757710E+003
  0.142620158027894E-170  0.800380262438608E+003  0.988035368490331E+002  0.101535903378802E+001 -0.153590337880247E-001 -0.519295685089021E+001 -0.397803664642329E+003
  0.188313175213250E-170  0.799824419350909E+003  0.952539399134506E+002  0.109582589076754E+001 -0.958258907675447E-001 -0.519295685089021E+001 -0.397525743098480E+003
  0.477495966897299E-170  0.797963520728683E+003  0.783222627350348E+002  0.162989780459292E+001 -0.629897804592916E+000 -0.519295685089021E+001 -0.396595293787367E+003
  0.490086441809922E-170  0.797911468581070E+003  0.876449793677664E+002  0.129897329177312E+001 -0.298973291773122E+000 -0.519295685089021E+001 -0.396569267713561E+003
  0.577140354098192E-169  0.792979291000024E+003  0.841812710222050E+002  0.140441540369259E+001 -0.404415403692587E+000 -0.519295685089021E+001 -0.394103178923037E+003
  0.771095460571632E-168  0.787794667424160E+003  0.839086972998150E+002  0.140792596714948E+001 -0.407925967149476E+000 -0.519295685089021E+001 -0.391510867135105E+003
  0.551903508427907E-167  0.783858375143063E+003  0.613111969947447E+002  0.261424115430071E+001 -0.161424115430071E+001 -0.519295685089021E+001 -0.389542720994557E+003
  0.209030938710135E-166  0.781194986865694E+003  0.775008814404116E+002  0.164294739722256E+001 -0.642947397222556E+000 -0.519295685089021E+001 -0.388211026855872E+003
  0.587293857259641E-166  0.779128900805554E+003  0.580124306668397E+002  0.290206700198401E+001 -0.190206700198401E+001 -0.519295685089021E+001 -0.387177983825802E+003
  0.355052801958185E-165  0.775530248193285E+003  0.604746252389769E+002  0.266790300365652E+001 -0.166790300365652E+001 -0.519295685089021E+001 -0.385378657519668E+003
  0.572776500537495E-165  0.774573790047522E+003  0.687706283845812E+002  0.207135276655444E+001 -0.107135276655444E+001 -0.519295685089021E+001 -0.384900428446786E+003
  0.669810276867634E-164  0.769655622033086E+003  0.653352686974650E+002  0.228212950932288E+001 -0.128212950932288E+001 -0.519295685089021E+001 -0.382441344439568E+003
  0.112163012533991E-163  0.768624534289599E+003  0.711823304846996E+002  0.192600424222552E+001 -0.926004242225523E+000 -0.519295685089021E+001 -0.381925800567825E+003
  0.169893746393067E-163  0.767794094413108E+003  0.749771737465117E+002  0.173642351513241E+001 -0.736423515132408E+000 -0.519295685089021E+001 -0.381510580629579E+003
  0.228213122167888E-163  0.767203880976557E+003  0.942421361691354E+002  0.109149949435341E+001 -0.914994943534095E-001 -0.519295685089021E+001 -0.381215473911304E+003
  0.651896108285181E-162  0.760499500255753E+003  0.582393608636507E+002  0.283745371739075E+001 -0.183745371739075E+001 -0.519295685089021E+001 -0.377863283550902E+003
  0.117656561299510E-161  0.759318560715444E+003  0.685748521944230E+002  0.205783162219821E+001 -0.105783162219821E+001 -0.519295685089021E+001 -0.377272813780747E+003
  0.174123489998520E-161  0.758534570961738E+003  0.778733915631468E+002  0.159816724610901E+001 -0.598167246109009E+000 -0.519295685089021E+001 -0.376880818903894E+003
  0.187024404451440E-161  0.758391622255129E+003  0.833043267104164E+002  0.139551981829761E+001 -0.395519818297614E+000 -0.519295685089021E+001 -0.376809344550590E+003
  0.108101296549822E-160  0.754882792858878E+003  0.783615880206526E+002  0.157366685762432E+001 -0.573666857624319E+000 -0.519295685089021E+001 -0.375054929852464E+003
  0.870627708275193E-160  0.750710501385486E+003  0.670719259300630E+002  0.213469321393895E+001 -0.113469321393895E+001 -0.519295685089021E+001 -0.372968784115768E+003
  0.117851187370669E-159  0.750104914700803E+003  0.932950074729682E+002  0.109908717443015E+001 -0.990871744301516E-001 -0.519295685089021E+001 -0.372665990773427E+003
  0.461187183085730E-159  0.747376152114711E+003  0.965159280032163E+002  0.102146315978707E+001 -0.214631597870656E-001 -0.519295685089021E+001 -0.371301609480381E+003
  0.448467472847049E-157  0.738221747428913E+003  0.599259340067478E+002  0.263511624158287E+001 -0.163511624158287E+001 -0.519295685089021E+001 -0.366724407137482E+003
  0.206118802411782E-156  0.735171344125458E+003  0.613633670650481E+002  0.250941341882662E+001 -0.150941341882662E+001 -0.519295685089021E+001 -0.365199205485754E+003
  0.276987436194879E-156  0.734580305255120E+003  0.807954616531251E+002  0.145556987058906E+001 -0.455569870589057E+000 -0.519295685089021E+001 -0.364903686050585E+003
  0.328547567238208E-156  0.734238886294491E+003  0.719630856829278E+002  0.183303593402613E+001 -0.833035934026129E+000 -0.519295685089021E+001 -0.364732976570271E+003
  0.871358977265094E-156  0.732288141480519E+003  0.616166488577078E+002  0.248332417993861E+001 -0.148332417993861E+001 -0.519295685089021E+001 -0.363757604163285E+003
  0.989063860843228E-156  0.732034731750716E+003  0.689737239287525E+002  0.198963191292974E+001 -0.989631912929739E+000 -0.519295685089021E+001 -0.363630899298383E+003
  0.332661465386082E-155  0.729608828661237E+003  0.865261304227443E+002  0.126168110031229E+001 -0.261681100312292E+000 -0.519295685089021E+001 -0.362417947753644E+003
  0.138898163708608E-153  0.722145256935214E+003  0.651502162081991E+002  0.220750886422734E+001 -0.120750886422734E+001 -0.519295685089021E+001 -0.358686161890632E+003
  0.405841052056509E-153  0.720000815822981E+003  0.650986433119209E+002  0.220696382181152E+001 -0.120696382181152E+001 -0.519295685089021E+001 -0.357613941334516E+003
  0.130560246973871E-152  0.717663899242362E+003  0.859614433523586E+002  0.126578023496943E+001 -0.265780234969427E+000 -0.519295685089021E+001 -0.356445483044206E+003
  0.280932456233358E-152  0.716131340265762E+003  0.560460584277114E+002  0.294790559203183E+001 -0.194790559203183E+001 -0.519295685089021E+001 -0.355679203555906E+003
  0.184907233598232E-151  0.712362690103491E+003  0.634628021634971E+002  0.230496426441064E+001 -0.130496426441064E+001 -0.519295685089021E+001 -0.353794878474771E+003
  0.190315035459631E-151  0.712305037061247E+003  0.686546302819540E+002  0.197496663152656E+001 -0.974966631526555E+000 -0.519295685089021E+001 -0.353766051953649E+003
  0.493539735827229E-150  0.705794021688063E+003  0.707102513867818E+002  0.185299501421181E+001 -0.852995014211812E+000 -0.519295685089021E+001 -0.350510544267057E+003
  0.599267913818004E-150  0.705405810902918E+003  0.694068701402044E+002  0.192167706475168E+001 -0.921677064751683E+000 -0.519295685089021E+001 -0.350316438874484E+003
  0.114186333957155E-149  0.704116395005255E+003  0.649741467942944E+002  0.218560616165594E+001 -0.118560616165594E+001 -0.519295685089021E+001 -0.349671730925653E+003
  0.239202969208558E-149  0.702637433379969E+003  0.730353777571072E+002  0.173335881986721E+001 -0.733358819867206E+000 -0.519295685089021E+001 -0.348932250113010E+003
  0.275487847059849E-149  0.702354971219497E+003  0.663535533094315E+002  0.209413308104578E+001 -0.109413308104578E+001 -0.519295685089021E+001 -0.348791019032774E+003
  0.140700387111146E-148  0.699093622633259E+003  0.777209277560121E+002  0.152681541706357E+001 -0.526815417063567E+000 -0.519295685089021E+001 -0.347160344739655E+003
  0.256920023044888E-148  0.697889358379966E+003  0.590406932685283E+002  0.262188170419837E+001 -0.162188170419837E+001 -0.519295685089021E+001 -0.346558212613008E+003
  0.275503012261971E-148  0.697749690939471E+003  0.557456306724908E+002  0.293227648275939E+001 -0.193227648275939E+001 -0.519295685089021E+001 -0.346488378892761E+003
  0.898713014030241E-147  0.690779790367130E+003  0.550240506308629E+002  0.298943237929964E+001 -0.198943237929964E+001 -0.519295685089021E+001 -0.343003428606590E+003
  0.319970339736084E-146  0.688240091085816E+003  0.756314019994514E+002  0.159707496835755E+001 -0.597074968357545E+000 -0.519295685089021E+001 -0.341733578965933E+003
  0.372242913760632E-146  0.687937454421871E+003  0.824933619742345E+002  0.134125261944473E+001 -0.341252619444726E+000 -0.519295685089021E+001 -0.341582260633961E+003
  0.536031808736594E-146  0.687208160684227E+003  0.872900563401756E+002  0.119468035866561E+001 -0.194680358665606E+000 -0.519295685089021E+001 -0.341217613765139E+003
  0.801517363733331E-146  0.686403534420439E+003  0.576225053329087E+002  0.272184748963088E+001 -0.172184748963088E+001 -0.519295685089021E+001 -0.340815300633245E+003
  0.391014103132204E-145  0.683233890248721E+003  0.910070613777552E+002  0.109236596050621E+001 -0.923659605062106E-001 -0.519295685089021E+001 -0.339230478547386E+003
  0.482694651057047E-145  0.682812608983562E+003  0.562565138455691E+002  0.284315021499197E+001 -0.184315021499197E+001 -0.519295685089021E+001 -0.339019837914806E+003
  0.941720630137673E-145  0.681475960186951E+003  0.585809934117595E+002  0.262424196022382E+001 -0.162424196022382E+001 -0.519295685089021E+001 -0.338351513516501E+003
  0.121636813652130E-144  0.680964127985058E+003  0.562255396847892E+002  0.284155133008500E+001 -0.184155133008500E+001 -0.519295685089021E+001 -0.338095597415554E+003
  0.561903442669769E-144  0.677903547270313E+003  0.729897270964205E+002  0.169854786702557E+001 -0.698547867025574E+000 -0.519295685089021E+001 -0.336565307058182E+003
  0.837107275473095E-144  0.677106302862363E+003  0.853453464521832E+002  0.123981668067954E+001 -0.239816680679545E+000 -0.519295685089021E+001 -0.336166684854207E+003
  0.479648565595761E-143  0.673614929772724E+003  0.743407707692456E+002  0.163158581498323E+001 -0.631585814983229E+000 -0.519295685089021E+001 -0.334420998309387E+003
  0.729035384804893E-142  0.668172422408894E+003  0.612242851853776E+002  0.237926916522239E+001 -0.137926916522239E+001 -0.519295685089021E+001 -0.331699744627472E+003
  0.159937358314343E-141  0.666601132306145E+003  0.597421016418739E+002  0.249238874705984E+001 -0.149238874705984E+001 -0.519295685089021E+001 -0.330914099576098E+003
  0.329815423264144E-141  0.665153630413144E+003  0.821182972246442E+002  0.132647274250219E+001 -0.326472742502186E+000 -0.519295685089021E+001 -0.330190348629597E+003
  0.965034248357061E-141  0.663006369579752E+003  0.944073113396523E+002  0.993303576753211E+000  0.669642324678854E-002 -0.519295685089021E+001 -0.329116718212901E+003
  0.129744306717483E-140  0.662414395291794E+003  0.622835574432094E+002  0.228893412814898E+001 -0.128893412814898E+001 -0.519295685089021E+001 -0.328820731068922E+003
  0.340656785389271E-138  0.651273435252321E+003  0.883646154969387E+002  0.112765503915101E+001 -0.127655039151010E+000 -0.519295685089021E+001 -0.323250251049186E+003
  0.450481774024622E-138  0.650714550966228E+003  0.978676822496608E+002  0.909755212036546E+000  0.902447879634536E-001 -0.519295685089021E+001 -0.322970808906139E+003
  0.709367375782512E-138  0.649806439098625E+003  0.895836776143428E+002  0.109468063072642E+001 -0.946806307264250E-001 -0.519295685089021E+001 -0.322516752972338E+003
  0.781448906815510E-138  0.649612886665519E+003  0.950430961910063E+002  0.967145856331019E+000  0.328541436689809E-001 -0.519295685089021E+001 -0.322419976755785E+003
  0.938961722658350E-138  0.649245636775387E+003  0.996133082148071E+002  0.874670335758802E+000  0.125329664241198E+000 -0.519295685089021E+001 -0.322236351810719E+003
  0.279771684948723E-137  0.647062068298982E+003  0.621320217171723E+002  0.226793684208824E+001 -0.126793684208824E+001 -0.519295685089021E+001 -0.321144567572516E+003
  0.984409703068538E-137  0.644545931667662E+003  0.750484394308272E+002  0.155954696039256E+001 -0.559546960392563E+000 -0.519295685089021E+001 -0.319886499256856E+003
  0.188744172398382E-136  0.643244060806397E+003  0.762067501624270E+002  0.151081177160705E+001 -0.510811771607047E+000 -0.519295685089021E+001 -0.319235563826224E+003
  0.811075031235870E-136  0.640328124698735E+003  0.749298322680587E+002  0.155838193684319E+001 -0.558381936843192E+000 -0.519295685089021E+001 -0.317777595772393E+003
  0.196489139780982E-135  0.638558461323310E+003  0.661222286415873E+002  0.199192669795429E+001 -0.991926697954288E+000 -0.519295685089021E+001 -0.316892764084680E+003
  0.433221198316234E-135  0.636977178749938E+003  0.748336004767293E+002  0.155752163718769E+001 -0.557521637187689E+000 -0.519295685089021E+001 -0.316102122797994E+003
  0.635711731882025E-135  0.636210185228628E+003  0.932206702955629E+002  0.994644994592975E+000  0.535500540702549E-002 -0.519295685089021E+001 -0.315718626037339E+003
  0.732278065920461E-135  0.635927355019684E+003  0.894401433032397E+002  0.108407100925685E+001 -0.840710092568457E-001 -0.519295685089021E+001 -0.315577210932867E+003
  0.803217172355870E-135  0.635742425389025E+003  0.657276798274884E+002  0.201019343880299E+001 -0.101019343880299E+001 -0.519295685089021E+001 -0.315484746117538E+003
  0.119250257392746E-134  0.634952056883913E+003  0.844970364113501E+002  0.121732509057599E+001 -0.217325090575994E+000 -0.519295685089021E+001 -0.315089561864982E+003
  0.143158122975830E-134  0.634586605911427E+003  0.786063526303614E+002  0.140849086316450E+001 -0.408490863164505E+000 -0.519295685089021E+001 -0.314906836378739E+003
  0.656964813978573E-134  0.631539244537380E+003  0.977003462000092E+002  0.896374104041094E+000  0.103625895958906E+000 -0.519295685089021E+001 -0.313383155691716E+003
  0.110958578842852E-133  0.630491021338134E+003  0.727545708968734E+002  0.163727688334682E+001 -0.637276883346817E+000 -0.519295685089021E+001 -0.312859044092092E+003
  0.286760837458990E-133  0.628592038175521E+003  0.838423045373918E+002  0.122936260497908E+001 -0.229362604979083E+000 -0.519295685089021E+001 -0.311909552510786E+003
  0.777680854381071E-133  0.626596702820036E+003  0.854772518635017E+002  0.117958751031811E+001 -0.179587510318111E+000 -0.519295685089021E+001 -0.310911884833043E+003
  0.270038793397320E-131  0.619501863646487E+003  0.843887106816577E+002  0.120269564190486E+001 -0.202695641904857E+000 -0.519295685089021E+001 -0.307364465246269E+003
  0.347728442213600E-131  0.618996151228970E+003  0.931054107123860E+002  0.980742800519556E+000  0.192571994804436E-001 -0.519295685089021E+001 -0.307111609037510E+003
  0.413069598638658E-131  0.618651762705402E+003  0.772307532105136E+002  0.143743622503263E+001 -0.437436225032627E+000 -0.519295685089021E+001 -0.306939414775726E+003
  0.528948484942300E-131  0.618157212812031E+003  0.871677149392164E+002  0.112394699321512E+001 -0.123946993215122E+000 -0.519295685089021E+001 -0.306692139829041E+003
  0.204894083713846E-130  0.615448838354731E+003  0.718781443213049E+002  0.165336953519815E+001 -0.653369535198145E+000 -0.519295685089021E+001 -0.305337952600391E+003
  0.279656899752151E-130  0.614826697728800E+003  0.551763226864750E+002  0.277289826537936E+001 -0.177289826537936E+001 -0.519295685089021E+001 -0.305026882287425E+003
  0.481115301263610E-130  0.613741610810460E+003  0.544286511959702E+002  0.284442344045643E+001 -0.184442344045643E+001 -0.519295685089021E+001 -0.304484338828255E+003
  0.644461555407488E-130  0.613156994375672E+003  0.979502570608588E+002  0.875412495010682E+000  0.124587504989318E+000 -0.519295685089021E+001 -0.304192030610861E+003
  0.869532317596842E-130  0.612557913714097E+003  0.831100674011027E+002  0.123241130634569E+001 -0.232411306345693E+000 -0.519295685089021E+001 -0.303892490280074E+003
  0.410026466307723E-129  0.609456211111195E+003  0.760348153181159E+002  0.146997806939861E+001 -0.469978069398614E+000 -0.519295685089021E+001 -0.302341638978623E+003
  0.851869705359662E-129  0.607993787356059E+003  0.618600890305028E+002  0.220471017452828E+001 -0.120471017452828E+001 -0.519295685089021E+001 -0.301610427101055E+003
  0.109877124303824E-128  0.607484758965093E+003  0.670616328905417E+002  0.188132738100734E+001 -0.881327381007338E+000 -0.519295685089021E+001 -0.301355912905572E+003
  0.119518027673730E-128  0.607316549906001E+003  0.963179044672896E+002  0.902195377023398E+000  0.978046229766016E-001 -0.519295685089021E+001 -0.301271808376026E+003
  0.146535982421239E-128  0.606908942320185E+003  0.797650164222550E+002  0.133199283437202E+001 -0.331992834372023E+000 -0.519295685089021E+001 -0.301068004583118E+003
  0.186003209494168E-128  0.606431956486558E+003  0.749674789807771E+002  0.150761887786847E+001 -0.507618877868474E+000 -0.519295685089021E+001 -0.300829511666304E+003
  0.273254689735088E-128  0.605662675764958E+003  0.628909365144620E+002  0.212984022438435E+001 -0.112984022438435E+001 -0.519295685089021E+001 -0.300444871305504E+003
  0.397183255551059E-128  0.604914688794243E+003  0.602939820899717E+002  0.231092054923036E+001 -0.131092054923036E+001 -0.519295685089021E+001 -0.300070877820147E+003
  0.862323128694080E-128  0.603364224224986E+003  0.848271284649998E+002  0.117149154541906E+001 -0.171491545419062E+000 -0.519295685089021E+001 -0.299295645535518E+003
  0.912131688158443E-128  0.603251915595255E+003  0.843092574061161E+002  0.118611904080543E+001 -0.186119040805431E+000 -0.519295685089021E+001 -0.299239491220653E+003
  0.160940027920700E-127  0.602116250561982E+003  0.736795051702702E+002  0.155400354410094E+001 -0.554003544100936E+000 -0.519295685089021E+001 -0.298671658704016E+003
  0.106763657956024E-126  0.598331908797787E+003  0.672120511017519E+002  0.185646836112044E+001 -0.856468361120442E+000 -0.519295685089021E+001 -0.296779487821919E+003
  0.125817660449108E-126  0.598003476533318E+003  0.601797505741484E+002  0.230386431466361E+001 -0.130386431466361E+001 -0.519295685089021E+001 -0.296615271689684E+003
  0.127884821857276E-126  0.597970883913220E+003  0.630032973018272E+002  0.210656119438817E+001 -0.110656119438817E+001 -0.519295685089021E+001 -0.296598975379635E+003
  0.217364796798628E-126  0.596909989905748E+003  0.855519043909921E+002  0.114392212024921E+001 -0.143922120249214E+000 -0.519295685089021E+001 -0.296068528375899E+003
  0.450725750209385E-126  0.595451425848646E+003  0.968992356807077E+002  0.879988506483189E+000  0.120011493516811E+000 -0.519295685089021E+001 -0.295339246347348E+003
  0.100885670354073E-125  0.593839997988453E+003  0.767757009889746E+002  0.141993051766416E+001 -0.419930517664161E+000 -0.519295685089021E+001 -0.294533532417252E+003
  0.103204140019102E-125  0.593794555848998E+003  0.622583794041510E+002  0.214725538300361E+001 -0.114725538300361E+001 -0.519295685089021E+001 -0.294510811347524E+003
  0.133715764740188E-125  0.593276541009508E+003  0.662660032037573E+002  0.189943273622408E+001 -0.899432736224085E+000 -0.519295685089021E+001 -0.294251803927779E+003
  0.314264564317829E-125  0.591567503401064E+003  0.667902755515172E+002  0.186711879954424E+001 -0.867118799544238E+000 -0.519295685089021E+001 -0.293397285123557E+003
  0.573239265358591E-125  0.590365367395154E+003  0.989260360879225E+002  0.837178646913812E+000  0.162821353086188E+000 -0.519295685089021E+001 -0.292796217120602E+003
  0.105131617508349E-124  0.589152377469901E+003  0.542818761065124E+002  0.279105977574218E+001 -0.179105977574218E+001 -0.519295685089021E+001 -0.292189722157976E+003
  0.297724322436863E-124  0.587070467668725E+003  0.541687832555036E+002  0.279654360497677E+001 -0.179654360497677E+001 -0.519295685089021E+001 -0.291148767257388E+003
  0.323613563620925E-124  0.586903703402264E+003  0.553084576011209E+002  0.268529446167178E+001 -0.168529446167178E+001 -0.519295685089021E+001 -0.291065385124157E+003
  0.393329914342676E-124  0.586513506127615E+003  0.597501289895814E+002  0.230982873847747E+001 -0.130982873847747E+001 -0.519295685089021E+001 -0.290870286486833E+003
  0.481770269315160E-124  0.586107868838918E+003  0.696911027471952E+002  0.170794639611069E+001 -0.707946396110688E+000 -0.519295685089021E+001 -0.290667467842484E+003
  0.664954984369123E-124  0.585463364909051E+003  0.767711255496779E+002  0.140833712680038E+001 -0.408337126800376E+000 -0.519295685089021E+001 -0.290345215877551E+003
  0.245369044104575E-123  0.582852106655082E+003  0.575093434792206E+002  0.247910067351730E+001 -0.147910067351730E+001 -0.519295685089021E+001 -0.289039586750567E+003
  0.299225339814116E-123  0.582455239545623E+003  0.751248611219823E+002  0.146627761868648E+001 -0.466277618686479E+000 -0.519295685089021E+001 -0.288841153195837E+003
  0.385298691371210E-123  0.581949595703962E+003  0.545527221251858E+002  0.274428024797367E+001 -0.174428024797367E+001 -0.519295685089021E+001 -0.288588331275006E+003
  0.781905645966912E-123  0.580534165262567E+003  0.584673751749884E+002  0.239510638985775E+001 -0.139510638985775E+001 -0.519295685089021E+001 -0.287880616054309E+003
  0.130977326628769E-122  0.579502414770345E+003  0.747101087353347E+002  0.147816689956271E+001 -0.478166899562711E+000 -0.519295685089021E+001 -0.287364740808198E+003
  0.361987338822327E-122  0.577469244757278E+003  0.631616588003565E+002  0.205395386134922E+001 -0.105395386134922E+001 -0.519295685089021E+001 -0.286348155801664E+003
  0.443676786514563E-122  0.577062270550365E+003  0.560225394598266E+002  0.259334331995053E+001 -0.159334331995053E+001 -0.519295685089021E+001 -0.286144668698208E+003
  0.114485553568786E-121  0.575166395751801E+003  0.926825622466816E+002  0.947287640695146E+000  0.527123593048540E-001 -0.519295685089021E+001 -0.285196731298926E+003
  0.213480335728066E-121  0.573920203594243E+003  0.911701550282459E+002  0.979396707062560E+000  0.206032929374397E-001 -0.519295685089021E+001 -0.284573635220147E+003
  0.293623128055117E-121  0.573282698907125E+003  0.932858629653343E+002  0.932543529944982E+000  0.674564700550179E-001 -0.519295685089021E+001 -0.284254882876588E+003
  0.296946392785295E-121  0.573260189788782E+003  0.826399342676322E+002  0.119888514876395E+001 -0.198885148763953E+000 -0.519295685089021E+001 -0.284243628317416E+003
  0.425359195377251E-121  0.572541425087327E+003  0.910408111635281E+002  0.980909231885278E+000  0.190907681147219E-001 -0.519295685089021E+001 -0.283884245966689E+003
  0.434867384153321E-121  0.572497210801274E+003  0.673471197000715E+002  0.180218481442448E+001 -0.802184814424482E+000 -0.519295685089021E+001 -0.283862138823662E+003
  0.234880174916362E-120  0.569123971876210E+003  0.823211256014815E+002  0.120323684937072E+001 -0.203236849370716E+000 -0.519295685089021E+001 -0.282175519361130E+003
  0.236961573101327E-120  0.569106326878119E+003  0.685928468269884E+002  0.173237056965377E+001 -0.732370569653772E+000 -0.519295685089021E+001 -0.282166696862085E+003
  0.614901257044310E-120  0.567199199461943E+003  0.586485612704576E+002  0.234865542365647E+001 -0.134865542365647E+001 -0.519295685089021E+001 -0.281213133153997E+003
  0.476412946143942E-119  0.563104382646369E+003  0.766002042053638E+002  0.138290175137407E+001 -0.382901751374069E+000 -0.519295685089021E+001 -0.279165724746210E+003
  0.974443434752235E-119  0.561673219726769E+003  0.851619756907338E+002  0.111396448602842E+001 -0.113964486028424E+000 -0.519295685089021E+001 -0.278450143286410E+003
  0.108662967801341E-118  0.561455280377533E+003  0.558131589544997E+002  0.257073155162380E+001 -0.157073155162380E+001 -0.519295685089021E+001 -0.278341173611792E+003
  0.113434062861351E-118  0.561369339036185E+003  0.635577895300802E+002  0.199595581541468E+001 -0.995955815414676E+000 -0.519295685089021E+001 -0.278298202941118E+003
  0.132501667047940E-118  0.561058592030814E+003  0.547847482379233E+002  0.266409508574202E+001 -0.166409508574202E+001 -0.519295685089021E+001 -0.278142829438432E+003
  0.222276832985107E-118  0.560023935283600E+003  0.742754796487883E+002  0.146604114552055E+001 -0.466041145520548E+000 -0.519295685089021E+001 -0.277625501064825E+003
  0.237573419321098E-118  0.559890829065123E+003  0.552539638343129E+002  0.261719655381900E+001 -0.161719655381900E+001 -0.519295685089021E+001 -0.277558947955587E+003
  0.576311776792361E-118  0.558118484897674E+003  0.627310603644137E+002  0.204079737526339E+001 -0.104079737526339E+001 -0.519295685089021E+001 -0.276672775871862E+003
  0.784464829511899E-117  0.552896608819621E+003  0.683757815662538E+002  0.171432576381747E+001 -0.714325763817469E+000 -0.519295685089021E+001 -0.274061837832836E+003
  0.131851195640526E-115  0.547252923964640E+003  0.717794470049150E+002  0.154830385024353E+001 -0.548303850243533E+000 -0.519295685089021E+001 -0.271239995405345E+003
  0.156657514285998E-115  0.546908147956774E+003  0.974609899419631E+002  0.825321735583558E+000  0.174678264416442E+000 -0.519295685089021E+001 -0.271067607401412E+003
  0.346189128331065E-115  0.545322301447746E+003  0.592728063245779E+002  0.224886996513968E+001 -0.124886996513968E+001 -0.519295685089021E+001 -0.270274684146898E+003
  0.107701379575003E-114  0.543052376953534E+003  0.596542196716786E+002  0.221563959429038E+001 -0.121563959429038E+001 -0.519295685089021E+001 -0.269139721899792E+003
  0.591008050882366E-114  0.539647442460968E+003  0.858963961843983E+002  0.106909448521583E+001 -0.690944852158260E-001 -0.519295685089021E+001 -0.267437254653509E+003
  0.689145795687759E-114  0.539340196033743E+003  0.873957223387077E+002  0.103113723549319E+001 -0.311372354931938E-001 -0.519295685089021E+001 -0.267283631439897E+003
  0.910147487647787E-114  0.538783888419110E+003  0.556054329595416E+002  0.252811099365895E+001 -0.152811099365895E+001 -0.519295685089021E+001 -0.267005477632580E+003
  0.103827881577985E-113  0.538520462467927E+003  0.570628443666601E+002  0.240367421517418E+001 -0.140367421517418E+001 -0.519295685089021E+001 -0.266873764656989E+003
  0.610438354628066E-113  0.534977576928091E+003  0.512869955076890E+002  0.294447862141145E+001 -0.194447862141145E+001 -0.519295685089021E+001 -0.265102321887071E+003
  0.691261174275868E-113  0.534728896118508E+003  0.548028801181528E+002  0.258902051158843E+001 -0.158902051158843E+001 -0.519295685089021E+001 -0.264977981482279E+003
  0.341094005080640E-111  0.526931274954548E+003  0.830435679457917E+002  0.113014332186329E+001 -0.130143321863291E+000 -0.519295685089021E+001 -0.261079170900299E+003
  0.438983355013309E-111  0.526426668189241E+003  0.956444411172576E+002  0.840071120574920E+000  0.159928879425080E+000 -0.519295685089021E+001 -0.260826867517646E+003
  0.498517843500928E-111  0.526172312416286E+003  0.574995564914194E+002  0.233690297295642E+001 -0.133690297295642E+001 -0.519295685089021E+001 -0.260699689631168E+003
  0.352892929790958E-110  0.522258091604822E+003  0.843900576277519E+002  0.108784837185939E+001 -0.878483718593868E-001 -0.519295685089021E+001 -0.258742579225436E+003
  0.447508687799309E-110  0.521783029093385E+003  0.547157467476151E+002  0.256050962631381E+001 -0.156050962631381E+001 -0.519295685089021E+001 -0.258505047969718E+003
  0.103885299480330E-109  0.520098676008805E+003  0.904200812944933E+002  0.940100286272446E+000  0.598997137275542E-001 -0.519295685089021E+001 -0.257662871427428E+003
  0.308653309778824E-109  0.517920813466229E+003  0.694748764993698E+002  0.160019241103446E+001 -0.600192411034458E+000 -0.519295685089021E+001 -0.256573940156140E+003
  0.348263671843832E-109  0.517679331069415E+003  0.685440789980571E+002  0.164287137367495E+001 -0.642871373674954E+000 -0.519295685089021E+001 -0.256453198957733E+003
  0.377427212843227E-109  0.517518495337727E+003  0.711288516196983E+002  0.152681335324653E+001 -0.526813353246530E+000 -0.519295685089021E+001 -0.256372781091889E+003
  0.440777345004035E-109  0.517208171087930E+003  0.569435645316556E+002  0.235797814843441E+001 -0.135797814843441E+001 -0.519295685089021E+001 -0.256217618966990E+003
  0.240972329858085E-108  0.513810716398550E+003  0.863305329958516E+002  0.102821095018227E+001 -0.282109501822680E-001 -0.519295685089021E+001 -0.254518891622300E+003
  0.468572182000749E-108  0.512480700304115E+003  0.513040362561663E+002  0.287020294490600E+001 -0.187020294490600E+001 -0.519295685089021E+001 -0.253853883575083E+003
  0.554933953806065E-108  0.512142382415587E+003  0.574601080166615E+002  0.230400785687868E+001 -0.130400785687868E+001 -0.519295685089021E+001 -0.253684724630819E+003
  0.130531878669548E-107  0.510431675482779E+003  0.733596510348634E+002  0.142480628709398E+001 -0.424806287093975E+000 -0.519295685089021E+001 -0.252829371164415E+003
  0.138076115975028E-107  0.510319300242351E+003  0.884298618957562E+002  0.974177668273450E+000  0.258223317265504E-001 -0.519295685089021E+001 -0.252773183544201E+003
  0.270004138042729E-107  0.508978035868696E+003  0.606596103279213E+002  0.206649536165839E+001 -0.106649536165839E+001 -0.519295685089021E+001 -0.252102551357373E+003
  0.354472714873901E-107  0.508433647688438E+003  0.567734023200971E+002  0.234856188646040E+001 -0.134856188646040E+001 -0.519295685089021E+001 -0.251830357267244E+003
  0.701471594735207E-107  0.507068549625543E+003  0.899358531894607E+002  0.936763370839312E+000  0.632366291606875E-001 -0.519295685089021E+001 -0.251147808235797E+003
  0.243901593476482E-106  0.504576210575600E+003  0.715010649443092E+002  0.148950061874921E+001 -0.489500618749215E+000 -0.519295685089021E+001 -0.249901638710825E+003
  0.847738276189327E-105  0.497479426163481E+003  0.711017912548523E+002  0.149407520498706E+001 -0.494075204987056E+000 -0.519295685089021E+001 -0.246353246504766E+003
  0.376649128965819E-104  0.494496771757289E+003  0.563478038104795E+002  0.234554207576789E+001 -0.134554207576789E+001 -0.519295685089021E+001 -0.244861919301670E+003
  0.243525103519658E-103  0.490763789631184E+003  0.690050716538512E+002  0.157296783234877E+001 -0.572967832348769E+000 -0.519295685089021E+001 -0.242995428238617E+003
  0.324782736800041E-103  0.490187916781417E+003  0.850812831566912E+002  0.103131036386755E+001 -0.313103638675503E-001 -0.519295685089021E+001 -0.242707491813734E+003
  0.231895893020626E-102  0.486256482440739E+003  0.549945947240226E+002  0.243511260538331E+001 -0.143511260538331E+001 -0.519295685089021E+001 -0.240741774643395E+003
  0.990857759355525E-102  0.483351917525502E+003  0.560212680084316E+002  0.234154095066989E+001 -0.134154095066989E+001 -0.519295685089021E+001 -0.239289492185776E+003
  0.106253937600375E-101  0.483212225588926E+003  0.683486291789493E+002  0.158892577100034E+001 -0.588925771000337E+000 -0.519295685089021E+001 -0.239219646217488E+003
  0.130735028759941E-101  0.482797544135504E+003  0.580925881106014E+002  0.218112977844818E+001 -0.118112977844818E+001 -0.519295685089021E+001 -0.239012305490777E+003
  0.140063887252561E-101  0.482659692010623E+003  0.555258310240026E+002  0.238019299092133E+001 -0.138019299092133E+001 -0.519295685089021E+001 -0.238943379428337E+003
  0.152714314164301E-101  0.482486751426167E+003  0.634316618324511E+002  0.183769336153375E+001 -0.837693361533747E+000 -0.519295685089021E+001 -0.238856909136109E+003
  0.132588501429884E-100  0.478164218421157E+003  0.547328630886747E+002  0.243435819633874E+001 -0.143435819633874E+001 -0.519295685089021E+001 -0.236695642633604E+003
  0.143733727820186E-100  0.478002794185715E+003  0.567249947910798E+002  0.227128216554165E+001 -0.127128216554165E+001 -0.519295685089021E+001 -0.236614930515883E+003
  0.219816569789017E-100  0.477153132286943E+003  0.563350676689168E+002  0.229949034822620E+001 -0.129949034822620E+001 -0.519295685089021E+001 -0.236190099566497E+003
  0.348812410513363E-100  0.476229650592706E+003  0.998389856293409E+002  0.720058756657440E+000  0.279941243342560E+000 -0.519295685089021E+001 -0.235728358719378E+003
  0.704948849174403E-100  0.474822468645075E+003  0.890419856969976E+002  0.920863671561801E+000  0.791363284381988E-001 -0.519295685089021E+001 -0.235024767745563E+003
  0.104349948246148E-099  0.474038048675604E+003  0.718648083832241E+002  0.142355090015138E+001 -0.423550900151384E+000 -0.519295685089021E+001 -0.234632557760827E+003
  0.371788525234746E-099  0.471496898526572E+003  0.845924716132652E+002  0.102071613085379E+001 -0.207161308537946E-001 -0.519295685089021E+001 -0.233361982686311E+003
  0.711423448855524E-099  0.470199013309655E+003  0.940753879057022E+002  0.814286563797394E+000  0.185713436202606E+000 -0.519295685089021E+001 -0.232713040077853E+003
  0.195047086089564E-097  0.463576726585663E+003  0.529426790375499E+002  0.255063904653430E+001 -0.155063904653430E+001 -0.519295685089021E+001 -0.229401896715857E+003
  0.236324277795156E-097  0.463192798738095E+003  0.990020431128849E+002  0.721593940478922E+000  0.278406059521078E+000 -0.519295685089021E+001 -0.229209932792073E+003
  0.538984379231939E-097  0.461543835399801E+003  0.823207482030647E+002  0.106659037686065E+001 -0.665903768606477E-001 -0.519295685089021E+001 -0.228385451122926E+003
  0.540914756187486E-097  0.461536685180125E+003  0.651092464772011E+002  0.170340140344177E+001 -0.703401403441771E+000 -0.519295685089021E+001 -0.228381876013088E+003
  0.962252151891411E-097  0.460384655521799E+003  0.726691867767652E+002  0.136982979434580E+001 -0.369829794345799E+000 -0.519295685089021E+001 -0.227805861183925E+003
  0.169739476335293E-096  0.459249508853882E+003  0.765049538517753E+002  0.123422019881057E+001 -0.234220198810573E+000 -0.519295685089021E+001 -0.227238287849966E+003
  0.262188252693594E-096  0.458379912857799E+003  0.549063810782394E+002  0.236243473689256E+001 -0.136243473689256E+001 -0.519295685089021E+001 -0.226803489851925E+003
  0.517621412010442E-096  0.457019550172352E+003  0.537496313302537E+002  0.245743340006171E+001 -0.145743340006171E+001 -0.519295685089021E+001 -0.226123308509201E+003
  0.792156387217883E-096  0.456168520730897E+003  0.533831828472783E+002  0.248746450290883E+001 -0.148746450290883E+001 -0.519295685089021E+001 -0.225697793788474E+003
  0.879849361930380E-096  0.455958536966368E+003  0.562374549026845E+002  0.224889840355472E+001 -0.124889840355472E+001 -0.519295685089021E+001 -0.225592801906209E+003
  0.461481984655419E-095  0.452643982173407E+003  0.995060051746069E+002  0.703700527001001E+000  0.296299472998999E+000 -0.519295685089021E+001 -0.223935524509729E+003
  0.120317634721487E-094  0.450727427617229E+003  0.667723518365391E+002  0.160003058866406E+001 -0.600030588664055E+000 -0.519295685089021E+001 -0.222977247231640E+003
  0.304961010260913E-094  0.448867330154330E+003  0.596311452059375E+002  0.199022306476052E+001 -0.990223064760516E+000 -0.519295685089021E+001 -0.222047198500190E+003
  0.358247534463060E-094  0.448545249651750E+003  0.523164405291568E+002  0.256173115172289E+001 -0.156173115172289E+001 -0.519295685089021E+001 -0.221886158248900E+003
  0.871819417635068E-094  0.446766533395592E+003  0.523347385612887E+002  0.255428779566080E+001 -0.155428779566080E+001 -0.519295685089021E+001 -0.220996800120821E+003
  0.101385749768921E-093  0.446464662741878E+003  0.721309222666278E+002  0.136667697118363E+001 -0.366676971183632E+000 -0.519295685089021E+001 -0.220845864793964E+003
  0.137421458041127E-093  0.445856422755483E+003  0.517075266550216E+002  0.261130579418866E+001 -0.161130579418866E+001 -0.519295685089021E+001 -0.220541744800767E+003
  0.176751435470274E-093  0.445353038982361E+003  0.588558620719085E+002  0.203243219729406E+001 -0.103243219729406E+001 -0.519295685089021E+001 -0.220290052914206E+003
  0.262738678994563E-093  0.444560207990345E+003  0.569848845660341E+002  0.216139503976967E+001 -0.116139503976967E+001 -0.519295685089021E+001 -0.219893637418198E+003
  0.274576658838368E-093  0.444472066856528E+003  0.781049701712957E+002  0.116231535526949E+001 -0.162315355269495E+000 -0.519295685089021E+001 -0.219849566851289E+003
  0.276485216117784E-093  0.444458213131584E+003  0.481014054832816E+002  0.299578538963801E+001 -0.199578538963801E+001 -0.519295685089021E+001 -0.219842639988817E+003
  0.447473376778318E-093  0.443495293749369E+003  0.784227732486128E+002  0.115138480582658E+001 -0.151384805826583E+000 -0.519295685089021E+001 -0.219361180297710E+003
  0.796949920351845E-093  0.442340944151546E+003  0.619419326147771E+002  0.183357951190643E+001 -0.833579511906429E+000 -0.519295685089021E+001 -0.218784005498798E+003
  0.114880630528601E-092  0.441609570461066E+003  0.515122256904725E+002  0.261627687435674E+001 -0.161627687435674E+001 -0.519295685089021E+001 -0.218418318653558E+003
  0.895964095435688E-092  0.437501556968578E+003  0.607974407356220E+002  0.188969436988474E+001 -0.889694369884743E+000 -0.519295685089021E+001 -0.216364311907314E+003
  0.271527764966139E-091  0.435284058664389E+003  0.557641988469638E+002  0.222738373666259E+001 -0.122738373666259E+001 -0.519295685089021E+001 -0.215255562755220E+003
  0.299130307400830E-091  0.435090428884501E+003  0.514470509702786E+002  0.260084883845958E+001 -0.160084883845958E+001 -0.519295685089021E+001 -0.215158747865276E+003
  0.658549124539502E-091  0.433512109224681E+003  0.671290855529759E+002  0.154963883552702E+001 -0.549638835527018E+000 -0.519295685089021E+001 -0.214369588035366E+003
  0.675478537898825E-091  0.433461344693367E+003  0.888757001332097E+002  0.877463277195693E+000  0.122536722804307E+000 -0.519295685089021E+001 -0.214344205769709E+003
  0.828073105930221E-091  0.433053984577469E+003  0.713850131539911E+002  0.137183789703699E+001 -0.371837897036990E+000 -0.519295685089021E+001 -0.214140525711760E+003
  0.135630378267208E-090  0.432067150518959E+003  0.494899579330649E+002  0.279132185759162E+001 -0.179132185759162E+001 -0.519295685089021E+001 -0.213647108682505E+003
  0.217249798907027E-089  0.426519751413810E+003  0.570707104122146E+002  0.210606853864598E+001 -0.110606853864598E+001 -0.519295685089021E+001 -0.210873409129930E+003
  0.401781338669779E-089  0.425290031076889E+003  0.967568111622083E+002  0.721971185624650E+000  0.278028814375350E+000 -0.519295685089021E+001 -0.210258548961470E+003
  0.437739237510796E-089  0.425118600320966E+003  0.871206180128251E+002  0.905189580919618E+000  0.948104190803819E-001 -0.519295685089021E+001 -0.210172833583508E+003
  0.701436133286263E-089  0.424175587386186E+003  0.749147177531279E+002  0.123184160148446E+001 -0.231841601484458E+000 -0.519295685089021E+001 -0.209701327116118E+003
  0.213710377164173E-088  0.421947433463570E+003  0.492582809717986E+002  0.277938132032027E+001 -0.177938132032027E+001 -0.519295685089021E+001 -0.208587250154810E+003
  0.364465550106438E-088  0.420879812836368E+003  0.506343172002547E+002  0.263234775888933E+001 -0.163234775888933E+001 -0.519295685089021E+001 -0.208053439841209E+003
  0.611474007182116E-088  0.419844932009710E+003  0.721041201890046E+002  0.132208597592576E+001 -0.322085975925758E+000 -0.519295685089021E+001 -0.207535999427880E+003
  0.871639957446750E-088  0.419135924013235E+003  0.803798274834823E+002  0.106121280569935E+001 -0.612128056993528E-001 -0.519295685089021E+001 -0.207181495429643E+003
  0.938365270057515E-088  0.418988398331029E+003  0.740099056392139E+002  0.125366943151695E+001 -0.253669431516950E+000 -0.519295685089021E+001 -0.207107732588540E+003
  0.121970093384423E-087  0.418463954961886E+003  0.863748305460782E+002  0.913543837243776E+000  0.864561627562237E-001 -0.519295685089021E+001 -0.206845510903968E+003
  0.250626487007563E-087  0.417023579256384E+003  0.474408656497041E+002  0.296782755185589E+001 -0.196782755185589E+001 -0.519295685089021E+001 -0.206125323051217E+003
  0.629905566844225E-087  0.415180366890360E+003  0.886052300547694E+002  0.861843871466361E+000  0.138156128533639E+000 -0.519295685089021E+001 -0.205203716868205E+003
  0.145935020697698E-086  0.413500013615029E+003  0.595127494098411E+002  0.190926593402172E+001 -0.909265934021722E+000 -0.519295685089021E+001 -0.204363540230540E+003
  0.158401601455404E-086  0.413336069353822E+003  0.486587524991984E+002  0.281285821102943E+001 -0.181285821102943E+001 -0.519295685089021E+001 -0.204281568099936E+003
  0.298304343962658E-086  0.412070108025256E+003  0.928898721252072E+002  0.775354709336552E+000  0.224645290663448E+000 -0.519295685089021E+001 -0.203648587435653E+003
  0.145343057112774E-085  0.408902972628524E+003  0.929475476516836E+002  0.770891616542881E+000  0.229108383457119E+000 -0.519295685089021E+001 -0.202065019737287E+003
  0.320741890247148E-085  0.407319892907974E+003  0.770095779632123E+002  0.113965666198995E+001 -0.139656661989954E+000 -0.519295685089021E+001 -0.201273479877012E+003
  0.126260979737635E-084  0.404579294095715E+003  0.563742196329726E+002  0.209470534406072E+001 -0.109470534406072E+001 -0.519295685089021E+001 -0.199903180470883E+003
  0.284758596925717E-084  0.402952712574887E+003  0.677207018277229E+002  0.146342235388972E+001 -0.463422353889717E+000 -0.519295685089021E+001 -0.199089889710469E+003
  0.418206867242945E-084  0.402184043745273E+003  0.844996903339221E+002  0.935516487695195E+000  0.644835123048053E-001 -0.519295685089021E+001 -0.198705555295662E+003
  0.678330416935713E-084  0.401216727141217E+003  0.476192316532008E+002  0.288351122897786E+001 -0.188351122897786E+001 -0.519295685089021E+001 -0.198221896993634E+003
  0.201810632231032E-083  0.399036166387904E+003  0.579846315918643E+002  0.196899774300828E+001 -0.968997743008282E+000 -0.519295685089021E+001 -0.197131616616977E+003
  0.471125561945922E-083  0.397340576686190E+003  0.923960213842701E+002  0.768260101067760E+000  0.231739898932240E+000 -0.519295685089021E+001 -0.196283821766120E+003
  0.127948339735268E-082  0.395342402615655E+003  0.857083277108591E+002  0.899509063971483E+000  0.100490936028517E+000 -0.519295685089021E+001 -0.195284734730853E+003
  0.797430291080906E-082  0.391682866945853E+003  0.984507755611007E+002  0.661720196914030E+000  0.338279803085970E+000 -0.519295685089021E+001 -0.193454966895952E+003
  0.819283773261374E-082  0.391628794766247E+003  0.515445497440822E+002  0.244425359026205E+001 -0.144425359026205E+001 -0.519295685089021E+001 -0.193427930806149E+003
  0.116285823303028E-081  0.390928383294052E+003  0.822948632243317E+002  0.972947550643869E+000  0.270524493561308E-001 -0.519295685089021E+001 -0.193077725070051E+003
  0.165702251546338E-081  0.390220100578078E+003  0.667199337952329E+002  0.148085024081313E+001 -0.480850240813133E+000 -0.519295685089021E+001 -0.192723583712064E+003
  0.218615952714413E-081  0.389665852503305E+003  0.895218046125698E+002  0.813543981347730E+000  0.186456018652270E+000 -0.519295685089021E+001 -0.192446459674678E+003
  0.304768523442475E-081  0.389001380505068E+003  0.540594358941140E+002  0.222242293058360E+001 -0.122242293058360E+001 -0.519295685089021E+001 -0.192114223675559E+003
  0.342454902997748E-081  0.388768205645029E+003  0.523584893717830E+002  0.236234226689626E+001 -0.136234226689626E+001 -0.519295685089021E+001 -0.191997636245540E+003
  0.350044891779854E-080  0.384119192599975E+003  0.500196170778092E+002  0.256165434946614E+001 -0.156165434946614E+001 -0.519295685089021E+001 -0.189673129723013E+003
  0.560219047443085E-080  0.383178659690156E+003  0.645386101565055E+002  0.156489381321211E+001 -0.564893813212111E+000 -0.519295685089021E+001 -0.189202863268103E+003
  0.608287747457342E-080  0.383014019339240E+003  0.547040864791705E+002  0.215406172396731E+001 -0.115406172396731E+001 -0.519295685089021E+001 -0.189120543092645E+003
  0.772138999158589E-080  0.382536986247866E+003  0.461739485575771E+002  0.297877378356605E+001 -0.197877378356605E+001 -0.519295685089021E+001 -0.188882026546958E+003
  0.809271623363098E-080  0.382443046191547E+003  0.552235160310080E+002  0.211356900680754E+001 -0.111356900680754E+001 -0.519295685089021E+001 -0.188835056518799E+003
  0.295898308099304E-079  0.379850113547805E+003  0.665734355371556E+002  0.146582253255879E+001 -0.465822532558795E+000 -0.519295685089021E+001 -0.187538590196928E+003
  0.383131406188303E-079  0.379333389176093E+003  0.508991162994871E+002  0.246054203002233E+001 -0.146054203002233E+001 -0.519295685089021E+001 -0.187280228011072E+003
  0.487568031305768E-079  0.378851285566764E+003  0.914990967823230E+002  0.763850508937300E+000  0.236149491062700E+000 -0.519295685089021E+001 -0.187039176206407E+003
  0.594654462875507E-079  0.378454184226578E+003  0.649965998564074E+002  0.153317480446138E+001 -0.533174804461378E+000 -0.519295685089021E+001 -0.186840625536314E+003
  0.607843206622286E-079  0.378410311301233E+003  0.508134596871746E+002  0.246520076212893E+001 -0.146520076212893E+001 -0.519295685089021E+001 -0.186818689073642E+003
  0.848016566055168E-079  0.377744344888873E+003  0.497939304968632E+002  0.256027975312144E+001 -0.156027975312144E+001 -0.519295685089021E+001 -0.186485705867462E+003
  0.120620592335961E-078  0.377039675007429E+003  0.969615122796177E+002  0.669933475375206E+000  0.330066524624794E+000 -0.519295685089021E+001 -0.186133370926740E+003
  0.122523857333064E-078  0.377008363515448E+003  0.795498203178697E+002  0.102282637679244E+001 -0.228263767924384E-001 -0.519295685089021E+001 -0.186117715180749E+003
  0.213566267904352E-078  0.375897080699334E+003  0.617427594566727E+002  0.168818685106846E+001 -0.688186851068460E+000 -0.519295685089021E+001 -0.185562073772692E+003
  0.269997360918538E-078  0.375428150675822E+003  0.763587273092945E+002  0.110910518387955E+001 -0.109105183879548E+000 -0.519295685089021E+001 -0.185327608760936E+003
  0.422222478125839E-078  0.374533910296041E+003  0.725423297012791E+002  0.122774279555000E+001 -0.227742795549997E+000 -0.519295685089021E+001 -0.184880488571046E+003
  0.108956827461802E-077  0.372637901408109E+003  0.912321399544907E+002  0.761604334177781E+000  0.238395665822219E+000 -0.519295685089021E+001 -0.183932484127080E+003
  0.166920362034105E-077  0.371784771209726E+003  0.863970905811285E+002  0.854894643621745E+000  0.145105356378255E+000 -0.519295685089021E+001 -0.183505919027888E+003
  0.186302791741632E-077  0.371565058333605E+003  0.613662692498422E+002  0.169772742799352E+001 -0.697727427993525E+000 -0.519295685089021E+001 -0.183396062589828E+003
  0.788436534058100E-077  0.368679701031583E+003  0.642247421242151E+002  0.154748028808529E+001 -0.547480288085290E+000 -0.519295685089021E+001 -0.181953383938817E+003
  0.340652809692967E-076  0.365752907062555E+003  0.965603832118164E+002  0.664484785250262E+000  0.335515214749738E+000 -0.519295685089021E+001 -0.180489986954303E+003
  0.436076801674823E-076  0.365258997916062E+003  0.530990232733653E+002  0.222270895029527E+001 -0.122270895029527E+001 -0.519295685089021E+001 -0.180243032381056E+003
  0.154154464042892E-075  0.362733554261013E+003  0.726618379091128E+002  0.120292719376300E+001 -0.202927193763002E+000 -0.519295685089021E+001 -0.178980310553532E+003
  0.376364772933446E-075  0.360948346859232E+003  0.858674501607928E+002  0.852127177968321E+000  0.147872822031679E+000 -0.519295685089021E+001 -0.178087706852641E+003
  0.624203706564710E-075  0.359936510951161E+003  0.886843557196450E+002  0.794222395810599E+000  0.205777604189401E+000 -0.519295685089021E+001 -0.177581788898606E+003
  0.812595666573364E-075  0.359408997185513E+003  0.475081093456030E+002  0.272559010649707E+001 -0.172559010649707E+001 -0.519295685089021E+001 -0.177318032015782E+003
  0.101468688337871E-074  0.358964793777805E+003  0.495181300635186E+002  0.251649469482379E+001 -0.151649469482379E+001 -0.519295685089021E+001 -0.177095930311928E+003
  0.178984505461027E-074  0.357829695820172E+003  0.513443048536749E+002  0.234415633895593E+001 -0.134415633895593E+001 -0.519295685089021E+001 -0.176528381333111E+003
  0.205795323503602E-074  0.357550530101737E+003  0.592926892908983E+002  0.177748490803296E+001 -0.777484908032965E+000 -0.519295685089021E+001 -0.176388798473894E+003
  0.564138115693835E-074  0.355533696086019E+003  0.767309293779139E+002  0.106660683419676E+001 -0.666068341967581E-001 -0.519295685089021E+001 -0.175380381466035E+003
  0.635160543727143E-074  0.355296538717609E+003  0.644970199266588E+002  0.150483665479720E+001 -0.504836654797205E+000 -0.519295685089021E+001 -0.175261802781830E+003
  0.807318229016749E-074  0.354816858448275E+003  0.667019618564567E+002  0.140810576936400E+001 -0.408105769364001E+000 -0.519295685089021E+001 -0.175021962647163E+003
  0.880294842431019E-074  0.354643780501873E+003  0.741736699260186E+002  0.114056116731668E+001 -0.140561167316682E+000 -0.519295685089021E+001 -0.174935423673962E+003
  0.104504566206181E-073  0.354300662582625E+003  0.639051737982249E+002  0.152983204914976E+001 -0.529832049149762E+000 -0.519295685089021E+001 -0.174763864714338E+003
  0.259657221535055E-073  0.352480399350075E+003  0.510636958805135E+002  0.234961849684469E+001 -0.134961849684469E+001 -0.519295685089021E+001 -0.173853733098063E+003
  0.357802580682636E-073  0.351839161347654E+003  0.621876882262924E+002  0.160705749858785E+001 -0.607057498587853E+000 -0.519295685089021E+001 -0.173533114096852E+003
  0.502282351772966E-073  0.351160799284422E+003  0.722695007691364E+002  0.119519852168423E+001 -0.195198521684234E+000 -0.519295685089021E+001 -0.173193933065236E+003
  0.587822422296193E-073  0.350846274316254E+003  0.808968311121886E+002  0.950472669518270E+000  0.495273304817299E-001 -0.519295685089021E+001 -0.173036670581152E+003
  0.681922488996578E-073  0.350549292117258E+003  0.567587674835914E+002  0.191315339236676E+001 -0.913153392366763E+000 -0.519295685089021E+001 -0.172888179481654E+003
  0.429724694292553E-072  0.346867664413421E+003  0.663112928940735E+002  0.140743372762136E+001 -0.407433727621357E+000 -0.519295685089021E+001 -0.171047365629736E+003
  0.449980550081384E-072  0.346775545209466E+003  0.884368444732678E+002  0.782771697341167E+000  0.217228302658833E+000 -0.519295685089021E+001 -0.171001306027758E+003
  0.454119402508674E-072  0.346757233599877E+003  0.901230574750926E+002  0.751382901508291E+000  0.248617098491709E+000 -0.519295685089021E+001 -0.170992150222964E+003
  0.541888335621715E-072  0.346403834014292E+003  0.932072658614895E+002  0.697389042641046E+000  0.302610957358954E+000 -0.519295685089021E+001 -0.170815450430171E+003
  0.959461223670779E-072  0.345261210125897E+003  0.546990921345321E+002  0.203716769716603E+001 -0.103716769716603E+001 -0.519295685089021E+001 -0.170244138485974E+003
  0.199402339326007E-071  0.343798134564486E+003  0.716376028015674E+002  0.120273817260903E+001 -0.202738172609034E+000 -0.519295685089021E+001 -0.169512600705268E+003
  0.246063900749953E-071  0.343377601220361E+003  0.909289452208443E+002  0.732928933265156E+000  0.267071066734844E+000 -0.519295685089021E+001 -0.169302334033206E+003
  0.306356772404801E-071  0.342939283051688E+003  0.451108335468593E+002  0.293225747253640E+001 -0.193225747253640E+001 -0.519295685089021E+001 -0.169083174948869E+003
  0.329593243645928E-071  0.342793065144699E+003  0.972887109281251E+002  0.629321735290880E+000  0.370678264709120E+000 -0.519295685089021E+001 -0.169010065995375E+003
  0.424167556938954E-071  0.342288526625799E+003  0.504742341833754E+002  0.236457290307127E+001 -0.136457290307127E+001 -0.519295685089021E+001 -0.168757796735925E+003
  0.603284765413713E-071  0.341584005076981E+003  0.615690025594865E+002  0.161305786031884E+001 -0.613057860318839E+000 -0.519295685089021E+001 -0.168405535961516E+003
  0.795645562326790E-071  0.341030476116611E+003  0.450380759162163E+002  0.293232446912674E+001 -0.193232446912674E+001 -0.519295685089021E+001 -0.168128771481331E+003
  0.132136489606590E-070  0.340015942755997E+003  0.735953146752455E+002  0.113304100063039E+001 -0.133041000630391E+000 -0.519295685089021E+001 -0.167621504801024E+003
  0.392289060440030E-070  0.337839615622813E+003  0.540023182970209E+002  0.206372664254100E+001 -0.106372664254100E+001 -0.519295685089021E+001 -0.166533341234432E+003
  0.509297047754148E-070  0.337317550682667E+003  0.718763088379489E+002  0.118287634725875E+001 -0.182876347258746E+000 -0.519295685089021E+001 -0.166272308764359E+003
  0.150708049557475E-069  0.335147754333769E+003  0.610848279639269E+002  0.162155815052475E+001 -0.621558150524749E+000 -0.519295685089021E+001 -0.165187410589910E+003
  0.199091577788080E-069  0.334590913553560E+003  0.697572105630563E+002  0.124995417763819E+001 -0.249954177638187E+000 -0.519295685089021E+001 -0.164908990199805E+003
  0.852401913815482E-069  0.331682327080219E+003  0.539360575651367E+002  0.204843881092185E+001 -0.104843881092185E+001 -0.519295685089021E+001 -0.163454696963135E+003
  0.788559123519304E-068  0.327232858413368E+003  0.464065873784943E+002  0.270844305485898E+001 -0.170844305485898E+001 -0.519295685089021E+001 -0.161229962629709E+003
  0.183715417748008E-067  0.325541327163806E+003  0.621967807892683E+002  0.154221441215389E+001 -0.542214412153890E+000 -0.519295685089021E+001 -0.160384197004928E+003
  0.212884053069268E-067  0.325246607667685E+003  0.850483383948112E+002  0.821836279435793E+000  0.178163720564207E+000 -0.519295685089021E+001 -0.160236837256868E+003
  0.226235741401708E-067  0.325124947880773E+003  0.454789326307718E+002  0.280462434824481E+001 -0.180462434824481E+001 -0.519295685089021E+001 -0.160176007363412E+003
  0.250738807937769E-067  0.324919279416103E+003  0.480617945722517E+002  0.252413255317064E+001 -0.152413255317064E+001 -0.519295685089021E+001 -0.160073173131077E+003
  0.293967502344750E-067  0.324601164549129E+003  0.600170146542009E+002  0.164982517989086E+001 -0.649825179890856E+000 -0.519295685089021E+001 -0.159914115697590E+003
  0.344999228028847E-067  0.324281018640240E+003  0.500905836267892E+002  0.233069447950500E+001 -0.133069447950500E+001 -0.519295685089021E+001 -0.159754042743145E+003
  0.454292420728515E-067  0.323730620820663E+003  0.544359802980837E+002  0.198692782859344E+001 -0.986927828593443E+000 -0.519295685089021E+001 -0.159478843833357E+003
  0.737079750233586E-067  0.322762710807888E+003  0.688941595273003E+002  0.125721859885141E+001 -0.257218598851415E+000 -0.519295685089021E+001 -0.158994888826969E+003
  0.146704512767656E-066  0.321386091920005E+003  0.761724495133861E+002  0.102620893636339E+001 -0.262089363633862E-001 -0.519295685089021E+001 -0.158306579383028E+003
  0.160109617721868E-066  0.321211215430286E+003  0.748239891723352E+002  0.106367166080845E+001 -0.636716608084513E-001 -0.519295685089021E+001 -0.158219141138168E+003
  0.291482054028072E-066  0.320012975933776E+003  0.752296425412348E+002  0.105006729803621E+001 -0.500672980362147E-001 -0.519295685089021E+001 -0.157620021389913E+003
  0.595834768844074E-066  0.318583006022823E+003  0.591182814964126E+002  0.168195160721730E+001 -0.681951607217299E+000 -0.519295685089021E+001 -0.156905036434437E+003
  0.102552859933816E-065  0.317497005882489E+003  0.595348492311895E+002  0.165641248048799E+001 -0.656412480487987E+000 -0.519295685089021E+001 -0.156362036364270E+003
  0.242281058777932E-065  0.315777565722802E+003  0.587236227795229E+002  0.169591796451084E+001 -0.695917964510838E+000 -0.519295685089021E+001 -0.155502316284426E+003
  0.357670004328329E-065  0.314998541055757E+003  0.537897215471906E+002  0.200368317541500E+001 -0.100368317541500E+001 -0.519295685089021E+001 -0.155112803950904E+003
  0.392443741208201E-065  0.314812976242231E+003  0.495116982521548E+002  0.234548091010073E+001 -0.134548091010073E+001 -0.519295685089021E+001 -0.155020021544141E+003
  0.711004078344410E-065  0.313624406295417E+003  0.787220678973026E+002  0.947271063989854E+000  0.527289360101464E-001 -0.519295685089021E+001 -0.154425736570734E+003
  0.159387833599165E-064  0.312009911566710E+003  0.715056126242322E+002  0.114745341922353E+001 -0.147453419223532E+000 -0.519295685089021E+001 -0.153618489206380E+003
  0.164856755851831E-064  0.311942438540157E+003  0.501613379155122E+002  0.227696642861664E+001 -0.127696642861664E+001 -0.519295685089021E+001 -0.153584752693104E+003
  0.165424307479969E-064  0.311935564973976E+003  0.985712967770579E+002  0.578270158662192E+000  0.421729841337808E+000 -0.519295685089021E+001 -0.153581315910013E+003
  0.235878589446966E-064  0.311225957998830E+003  0.765716528460271E+002  0.998462902381866E+000  0.153709761813381E-002 -0.519295685089021E+001 -0.153226512422440E+003
  0.325129980793972E-064  0.310584142354580E+003  0.441607397545240E+002  0.289324032734636E+001 -0.189324032734636E+001 -0.519295685089021E+001 -0.152905604600315E+003
  0.332978342332547E-064  0.310536437541489E+003  0.792488802792630E+002  0.929520153474393E+000  0.704798465256071E-001 -0.519295685089021E+001 -0.152881752193770E+003
  0.345165694785490E-064  0.310464543288185E+003  0.563195011672434E+002  0.182131678368327E+001 -0.821316783683270E+000 -0.519295685089021E+001 -0.152845805067118E+003
  0.170550724859522E-063  0.307269356737181E+003  0.432436393285512E+002  0.299330705290218E+001 -0.199330705290218E+001 -0.519295685089021E+001 -0.151248211791616E+003
  0.214525746493348E-063  0.306810562732277E+003  0.559256390318371E+002  0.183457188042617E+001 -0.834571880426166E+000 -0.519295685089021E+001 -0.151018814789164E+003
  0.215366103151498E-063  0.306802743484442E+003  0.464149881913271E+002  0.261526691068121E+001 -0.161526691068121E+001 -0.519295685089021E+001 -0.151014905165246E+003
  0.649683495496154E-063  0.304594451626561E+003  0.712555803269390E+002  0.114121474480203E+001 -0.141214744802030E+000 -0.519295685089021E+001 -0.149910759236306E+003
  0.698087169767984E-063  0.304450734295112E+003  0.439556193108549E+002  0.288765092072288E+001 -0.188765092072288E+001 -0.519295685089021E+001 -0.149838900570581E+003
  0.885032221641429E-063  0.303976174149191E+003  0.983939690609455E+002  0.572186945315871E+000  0.427813054684129E+000 -0.519295685089021E+001 -0.149601620497621E+003
  0.897738198125177E-063  0.303947665281230E+003  0.679542635508596E+002  0.125218581932646E+001 -0.252185819326459E+000 -0.519295685089021E+001 -0.149587366063640E+003
  0.198185542919032E-062  0.302363844714455E+003  0.629587075837144E+002  0.144963782332524E+001 -0.449637823325239E+000 -0.519295685089021E+001 -0.148795455780253E+003
  0.471813031097246E-062  0.300629086496058E+003  0.451721965424719E+002  0.272352892852470E+001 -0.172352892852470E+001 -0.519295685089021E+001 -0.147928076671054E+003
  0.812675175171878E-062  0.299541589086808E+003  0.522096012983390E+002  0.206552567887237E+001 -0.106552567887237E+001 -0.519295685089021E+001 -0.147384327966429E+003
  0.924199138502891E-062  0.299284396936600E+003  0.597351259367251E+002  0.159609499170690E+001 -0.596094991706900E+000 -0.519295685089021E+001 -0.147255731891325E+003
  0.113183471871253E-061  0.298879061589366E+003  0.446851735942715E+002  0.277134160952619E+001 -0.177134160952619E+001 -0.519295685089021E+001 -0.147053064217708E+003
  0.261539910322570E-061  0.297203908097982E+003  0.461957083925051E+002  0.259445602145898E+001 -0.159445602145898E+001 -0.519295685089021E+001 -0.146215487472016E+003
  0.264329025211201E-061  0.297182692613639E+003  0.441926952433934E+002  0.282148313602782E+001 -0.182148313602782E+001 -0.519295685089021E+001 -0.146204879729845E+003
  0.361912543614174E-061  0.296554276702351E+003  0.689809387300850E+002  0.120043974852363E+001 -0.200439748523633E+000 -0.519295685089021E+001 -0.145890671774201E+003
  0.590915104034256E-061  0.295573737164991E+003  0.953764680501043E+002  0.605701578805124E+000  0.394298421194876E+000 -0.519295685089021E+001 -0.145400402005521E+003
  0.824762002936416E-061  0.294906892156321E+003  0.716501733257046E+002  0.111012675620926E+001 -0.110126756209258E+000 -0.519295685089021E+001 -0.145066979501186E+003
  0.166390949232771E-060  0.293503231426631E+003  0.590673717912305E+002  0.161467335097297E+001 -0.614673350972971E+000 -0.519295685089021E+001 -0.144365149136341E+003
  0.273910572128318E-060  0.292506308349144E+003  0.505054990455846E+002  0.217268718601141E+001 -0.117268718601141E+001 -0.519295685089021E+001 -0.143866687597597E+003
  0.288142214186151E-060  0.292405003382157E+003  0.529828966085856E+002  0.198346776732572E+001 -0.983467767325722E+000 -0.519295685089021E+001 -0.143816035114104E+003
  0.320400278048793E-060  0.292192769531163E+003  0.523396323118668E+002  0.202929378209315E+001 -0.102929378209315E+001 -0.519295685089021E+001 -0.143709918188607E+003
  0.513826469497155E-060  0.291248140496245E+003  0.937126376707759E+002  0.625542800307309E+000  0.374457199692691E+000 -0.519295685089021E+001 -0.143237603671148E+003
  0.830683388260759E-060  0.290287414254453E+003  0.628592428589086E+002  0.142401810900417E+001 -0.424018109004173E+000 -0.519295685089021E+001 -0.142757240550252E+003
  0.857931000581643E-060  0.290222864342483E+003  0.488615909512225E+002  0.230381685953702E+001 -0.130381685953702E+001 -0.519295685089021E+001 -0.142724965594267E+003
  0.121236542533844E-059  0.289531254442706E+003  0.940694226872289E+002  0.618105599990179E+000  0.381894400009821E+000 -0.519295685089021E+001 -0.142379160644378E+003
  0.129735893376989E-059  0.289395739922057E+003  0.873041317725305E+002  0.729873269924890E+000  0.270126730075110E+000 -0.519295685089021E+001 -0.142311403384054E+003
  0.130133912490475E-059  0.289389613478496E+003  0.524413962584350E+002  0.201170344059371E+001 -0.101170344059371E+001 -0.519295685089021E+001 -0.142308340162273E+003
  0.214436787564043E-059  0.288390711514667E+003  0.836697715925707E+002  0.798227558441721E+000  0.201772441558279E+000 -0.519295685089021E+001 -0.141808889180359E+003
  0.460112128573280E-059  0.286863801076104E+003  0.504248456856759E+002  0.215720067809201E+001 -0.115720067809201E+001 -0.519295685089021E+001 -0.141045433961077E+003
  0.965001168095823E-059  0.285382482887598E+003  0.530577783367374E+002  0.195335759924557E+001 -0.953357599245570E+000 -0.519295685089021E+001 -0.140304774866824E+003
  0.965140976554016E-059  0.285382193150474E+003  0.509535518543057E+002  0.210927182936653E+001 -0.110927182936653E+001 -0.519295685089021E+001 -0.140304629998262E+003
  0.109944246083840E-058  0.285121624558179E+003  0.465018789406203E+002  0.250644781429757E+001 -0.150644781429757E+001 -0.519295685089021E+001 -0.140174345702115E+003
  0.167373452578609E-058  0.284281116207745E+003  0.807026005768230E+002  0.854863565938745E+000  0.145136434061255E+000 -0.519295685089021E+001 -0.139754091526898E+003
  0.179005720171599E-058  0.284146735802018E+003  0.521605652112446E+002  0.201311921312319E+001 -0.101311921312319E+001 -0.519295685089021E+001 -0.139686901324034E+003
  0.198038245096013E-058  0.283944650987025E+003  0.645475071205600E+002  0.133744644069083E+001 -0.337446440690830E+000 -0.519295685089021E+001 -0.139585858916538E+003
  0.199579333574421E-058  0.283929147686589E+003  0.901730581552292E+002  0.672852264792772E+000  0.327147735207228E+000 -0.519295685089021E+001 -0.139578107266320E+003
  0.664257433735938E-058  0.281524231773712E+003  0.645961310933868E+002  0.132969859226834E+001 -0.329698592268338E+000 -0.519295685089021E+001 -0.138375649309881E+003
  0.157443037170372E-057  0.279798273691046E+003  0.564098771222262E+002  0.172072246726141E+001 -0.720722467261408E+000 -0.519295685089021E+001 -0.137512670268548E+003
  0.167570310713450E-057  0.279673595081939E+003  0.581287195189296E+002  0.162440558852641E+001 -0.624405588526411E+000 -0.519295685089021E+001 -0.137450330963995E+003
  0.509102597209662E-057  0.277451102014290E+003  0.646980337200785E+002  0.131587961260638E+001 -0.315879612606385E+000 -0.519295685089021E+001 -0.136339084430170E+003
  0.606466438742994E-057  0.277101102357427E+003  0.686422648321946E+002  0.117104071266023E+001 -0.171040712660233E+000 -0.519295685089021E+001 -0.136164084601739E+003
  0.622828402983101E-057  0.277047859050775E+003  0.765546501050143E+002  0.940756885199362E+000  0.592431148006380E-001 -0.519295685089021E+001 -0.136137462948413E+003
  0.837728946831683E-057  0.276455011947838E+003  0.795065492683240E+002  0.869258595978260E+000  0.130741404021740E+000 -0.519295685089021E+001 -0.135841039396944E+003
  0.106237792401310E-056  0.275979871140920E+003  0.469953879684703E+002  0.241517334323789E+001 -0.141517334323789E+001 -0.519295685089021E+001 -0.135603468993485E+003
  0.121593474010331E-056  0.275709864352407E+003  0.541806090960663E+002  0.184409671262367E+001 -0.844096712623665E+000 -0.519295685089021E+001 -0.135468465599229E+003
  0.192567174585169E-056  0.274790340849754E+003  0.490820930439143E+002  0.221992857538498E+001 -0.121992857538498E+001 -0.519295685089021E+001 -0.135008703847902E+003
  0.201322562628103E-056  0.274701414131323E+003  0.502557440966928E+002  0.212259084921447E+001 -0.112259084921447E+001 -0.519295685089021E+001 -0.134964240488687E+003
  0.376402696612295E-056  0.273449911809423E+003  0.731595438994773E+002  0.102455147980972E+001 -0.245514798097162E-001 -0.519295685089021E+001 -0.134338489327737E+003
  0.485409608278271E-056  0.272941244777926E+003  0.480876105030734E+002  0.229932261952569E+001 -0.129932261952569E+001 -0.519295685089021E+001 -0.134084155811988E+003
  0.506466134958763E-056  0.272856316032109E+003  0.434856446445635E+002  0.277916960358132E+001 -0.177916960358132E+001 -0.519295685089021E+001 -0.134041691439080E+003
  0.760769044351124E-056  0.272042571309001E+003  0.421041440839097E+002  0.294885968112350E+001 -0.194885968112350E+001 -0.519295685089021E+001 -0.133634819077526E+003
  0.892714292976413E-056  0.271722697775217E+003  0.499384161157266E+002  0.213606252629099E+001 -0.113606252629099E+001 -0.519295685089021E+001 -0.133474882310634E+003
  0.102030656841430E-055  0.271455514116456E+003  0.612843587889922E+002  0.144552236355296E+001 -0.445522363552961E+000 -0.519295685089021E+001 -0.133341290481253E+003
  0.227227392502750E-055  0.269854158276901E+003  0.505565954657364E+002  0.207953295241289E+001 -0.107953295241289E+001 -0.519295685089021E+001 -0.132540612561476E+003
  0.263427186812956E-055  0.269558506769417E+003  0.748998643625291E+002  0.969972099945254E+000  0.300279000547464E-001 -0.519295685089021E+001 -0.132392786807734E+003
  0.471577127056160E-055  0.268393895433730E+003  0.861931657744341E+002  0.721195925713261E+000  0.278804074286739E+000 -0.519295685089021E+001 -0.131810481139890E+003
  0.560302257404050E-055  0.268049108000279E+003  0.758320963145341E+002  0.943187318436328E+000  0.568126815636721E-001 -0.519295685089021E+001 -0.131638087423165E+003
  0.573280101328075E-055  0.268003311906630E+003  0.520670344487282E+002  0.195994352114662E+001 -0.959943521146616E+000 -0.519295685089021E+001 -0.131615189376340E+003
  0.764599062127810E-055  0.267427357577959E+003  0.674166279739503E+002  0.119182222602236E+001 -0.191822226022362E+000 -0.519295685089021E+001 -0.131327212212005E+003
  0.791646671615659E-055  0.267357830426096E+003  0.486908850877496E+002  0.222184725228382E+001 -0.122184725228382E+001 -0.519295685089021E+001 -0.131292448636073E+003
  0.586985605640520E-054  0.263350889986017E+003  0.976182762906435E+002  0.537459721392085E+000  0.462540278607915E+000 -0.519295685089021E+001 -0.129288978416034E+003
  0.591108815397575E-054  0.263336890338726E+003  0.666048965668394E+002  0.121110188404921E+001 -0.211101884049211E+000 -0.519295685089021E+001 -0.129281978592388E+003
  0.617476784546179E-054  0.263249607637420E+003  0.440439207027540E+002  0.266223668388676E+001 -0.166223668388676E+001 -0.519295685089021E+001 -0.129238337241735E+003
  0.766419798534264E-054  0.262817430462291E+003  0.617212205159820E+002  0.140285256221908E+001 -0.402852562219076E+000 -0.519295685089021E+001 -0.129022248654171E+003
  0.994301637920912E-054  0.262296809342667E+003  0.627661205103630E+002  0.135674391237386E+001 -0.356743912373858E+000 -0.519295685089021E+001 -0.128761938094359E+003
  0.178587021728819E-053  0.261125568397049E+003  0.443855852748273E+002  0.261265557576980E+001 -0.161265557576980E+001 -0.519295685089021E+001 -0.128176317621550E+003
  0.472067828822528E-053  0.259181475034483E+003  0.427519853085039E+002  0.279249180721286E+001 -0.179249180721286E+001 -0.519295685089021E+001 -0.127204270940267E+003
  0.544797055534230E-053  0.258894893694974E+003  0.587724059378974E+002  0.152959415025541E+001 -0.529594150255413E+000 -0.519295685089021E+001 -0.127060980270512E+003
  0.142205006854037E-052  0.256976010755895E+003  0.762777944993333E+002  0.912333636585042E+000  0.876663634149576E-001 -0.519295685089021E+001 -0.126101538800973E+003
  0.376144547527512E-052  0.255030603200427E+003  0.751577775287716E+002  0.936725825217186E+000  0.632741747828142E-001 -0.519295685089021E+001 -0.125128835023239E+003
  0.613154680323536E-052  0.254053315734436E+003  0.829511601299841E+002  0.761313087006291E+000  0.238686912993709E+000 -0.519295685089021E+001 -0.124640191290243E+003
  0.618113987116119E-052  0.254037204438039E+003  0.973098605627441E+002  0.530726145365800E+000  0.469273854634200E+000 -0.519295685089021E+001 -0.124632135642045E+003
  0.629188743809513E-052  0.254001687646606E+003  0.824581870100165E+002  0.770966252037105E+000  0.229033747962895E+000 -0.519295685089021E+001 -0.124614377246328E+003
  0.998531574363731E-052  0.253077978660977E+003  0.447429372263820E+002  0.253171589579422E+001 -0.153171589579422E+001 -0.519295685089021E+001 -0.124152522753514E+003
  0.178829244617472E-051  0.251912517203563E+003  0.584690264074208E+002  0.152380066508762E+001 -0.523800665087615E+000 -0.519295685089021E+001 -0.123569792024807E+003
  0.246213298522972E-051  0.251272983568467E+003  0.613554865164281E+002  0.138754435071577E+001 -0.387544350715772E+000 -0.519295685089021E+001 -0.123250025207259E+003
  0.315783154472434E-051  0.250775268507281E+003  0.427797363882833E+002  0.274098920730392E+001 -0.174098920730392E+001 -0.519295685089021E+001 -0.123001167676666E+003
  0.399033914552294E-051  0.250307287198982E+003  0.551129685957936E+002  0.169981061683422E+001 -0.699810616834216E+000 -0.519295685089021E+001 -0.122767177022516E+003
  0.400298110303056E-051  0.250300960932722E+003  0.465911187941785E+002  0.233302194286096E+001 -0.133302194286096E+001 -0.519295685089021E+001 -0.122764013889386E+003
  0.526615987646867E-051  0.249752436809822E+003  0.764139860381434E+002  0.896096603045571E+000  0.103903396954429E+000 -0.519295685089021E+001 -0.122489751827936E+003
  0.119534990161378E-050  0.248112991570885E+003  0.497758470562052E+002  0.205113378673095E+001 -0.105113378673095E+001 -0.519295685089021E+001 -0.121670029208468E+003
  0.169795479919532E-050  0.247411020530312E+003  0.565804067196617E+002  0.160766281464281E+001 -0.607662814642809E+000 -0.519295685089021E+001 -0.121319043688181E+003
  0.197851345391010E-050  0.247105177901577E+003  0.737795637948708E+002  0.957383873990147E+000  0.426161260098530E-001 -0.519295685089021E+001 -0.121166122373814E+003
  0.218771503110893E-050  0.246904154196621E+003  0.761938767667064E+002  0.896261400284582E+000  0.103738599715418E+000 -0.519295685089021E+001 -0.121065610521336E+003
  0.368043077971345E-050  0.245863809855260E+003  0.828980541851701E+002  0.749697590700724E+000  0.250302409299276E+000 -0.519295685089021E+001 -0.120545438350655E+003
  0.924930162158417E-050  0.244020773368720E+003  0.574420193215766E+002  0.155137647307007E+001 -0.551376473070071E+000 -0.519295685089021E+001 -0.119623920107385E+003
  0.926495628039407E-050  0.244017391183460E+003  0.967904725134258E+002  0.525689244663088E+000  0.474310755336912E+000 -0.519295685089021E+001 -0.119622229014755E+003
  0.123305735779799E-049  0.243445705795350E+003  0.598424834284722E+002  0.143302211481737E+001 -0.433022114817373E+000 -0.519295685089021E+001 -0.119336386320700E+003
  0.159127912516898E-049  0.242935622931243E+003  0.568740297988899E+002  0.157748919573311E+001 -0.577489195733106E+000 -0.519295685089021E+001 -0.119081344888647E+003
  0.190719708237944E-049  0.242573429943151E+003  0.504578507439333E+002  0.197646477840371E+001 -0.976464778403708E+000 -0.519295685089021E+001 -0.118900248394601E+003
  0.226014598941980E-049  0.242233840462769E+003  0.584126377078970E+002  0.149713048151326E+001 -0.497130481513264E+000 -0.519295685089021E+001 -0.118730453654410E+003
  0.309801205578235E-049  0.241603178012422E+003  0.639543788191010E+002  0.125604872099805E+001 -0.256048720998053E+000 -0.519295685089021E+001 -0.118415122429236E+003
  0.577734622965467E-049  0.240356810384472E+003  0.572521557490011E+002  0.154949087403892E+001 -0.549490874038917E+000 -0.519295685089021E+001 -0.117791938615261E+003
  0.179405328898345E-048  0.238090574158954E+003  0.765525091682461E+002  0.871748430221643E+000  0.128251569778357E+000 -0.519295685089021E+001 -0.116658820502502E+003
  0.287751991263655E-048  0.237145671529939E+003  0.471013542307317E+002  0.222322534329246E+001 -0.122322534329246E+001 -0.519295685089021E+001 -0.116186369187995E+003
  0.360102507583026E-048  0.236697091996920E+003  0.773054018435795E+002  0.851842943388447E+000  0.148157056611553E+000 -0.519295685089021E+001 -0.115962079421485E+003
  0.816542722844231E-048  0.235059710994515E+003  0.408569482844173E+002  0.288742648523934E+001 -0.188742648523934E+001 -0.519295685089021E+001 -0.115143388920283E+003
  0.820062535202922E-048  0.235051108265743E+003  0.424825280369339E+002  0.268428441178670E+001 -0.168428441178670E+001 -0.519295685089021E+001 -0.115139087555897E+003
  0.963594944548819E-048  0.234728527416717E+003  0.516409469404992E+002  0.186103973413998E+001 -0.861039734139983E+000 -0.519295685089021E+001 -0.114977797131384E+003
  0.100018158638677E-047  0.234653995767561E+003  0.502223896728791E+002  0.196071969436288E+001 -0.960719694362879E+000 -0.519295685089021E+001 -0.114940531306806E+003
  0.134186493907824E-047  0.234066238123438E+003  0.793381032996126E+002  0.802572116165642E+000  0.197427883834358E+000 -0.519295685089021E+001 -0.114646652484744E+003
  0.155095798459983E-047  0.233776613318176E+003  0.512623004806465E+002  0.188312165721876E+001 -0.883121657218762E+000 -0.519295685089021E+001 -0.114501840082113E+003
  0.162274657045890E-047  0.233686118652333E+003  0.879279965793350E+002  0.642126532064653E+000  0.357873467935347E+000 -0.519295685089021E+001 -0.114456592749192E+003
  0.326828135780352E-047  0.232285830371183E+003  0.400435606119692E+002  0.297928904238714E+001 -0.197928904238714E+001 -0.519295685089021E+001 -0.113756448608617E+003
  0.398432719851309E-047  0.231889621978383E+003  0.625869349112156E+002  0.128359751160039E+001 -0.283597511600392E+000 -0.519295685089021E+001 -0.113558344412217E+003
  0.399312033406673E-047  0.231885212979601E+003  0.402788866015703E+002  0.294416064980873E+001 -0.194416064980873E+001 -0.519295685089021E+001 -0.113556139912826E+003
  0.531401061429534E-047  0.231313665217852E+003  0.615608453426241E+002  0.132352282025554E+001 -0.323522820255539E+000 -0.519295685089021E+001 -0.113270366031951E+003
  0.131567068890734E-046  0.229500495590984E+003  0.507363761816657E+002  0.190223382059391E+001 -0.902233820593909E+000 -0.519295685089021E+001 -0.112363781218518E+003
  0.177724718553152E-046  0.228899057436942E+003  0.677648538423436E+002  0.109253285842124E+001 -0.925328584212421E-001 -0.519295685089021E+001 -0.112063062141496E+003
  0.208869831535202E-046  0.228576106608726E+003  0.414350489852880E+002  0.277160345690738E+001 -0.177160345690738E+001 -0.519295685089021E+001 -0.111901586727388E+003
  0.707038284210631E-046  0.226137359464038E+003  0.427445288196410E+002  0.260074535332003E+001 -0.160074535332003E+001 -0.519295685089021E+001 -0.110682213155044E+003
  0.184073025678032E-045  0.224223693792248E+003  0.565712184371933E+002  0.153167065996868E+001 -0.531670659968680E+000 -0.519295685089021E+001 -0.109725380319149E+003
  0.253756180032796E-045  0.223581611137628E+003  0.404814244001205E+002  0.286125631398260E+001 -0.186125631398260E+001 -0.519295685089021E+001 -0.109404338991839E+003
  0.254601473374996E-045  0.223574959961114E+003  0.506687672591745E+002  0.188218364019861E+001 -0.882183640198615E+000 -0.519295685089021E+001 -0.109401013403582E+003
  0.702893873391188E-045  0.221543947071454E+003  0.414587810329928E+002  0.272379555383358E+001 -0.172379555383358E+001 -0.519295685089021E+001 -0.108385506958752E+003
  0.120383092160158E-044  0.220467830536477E+003  0.553257643552755E+002  0.158435902451916E+001 -0.584359024519155E+000 -0.519295685089021E+001 -0.107847448691264E+003
  0.161554504848617E-044  0.219879503567281E+003  0.803678304060445E+002  0.757157978811955E+000  0.242842021188045E+000 -0.519295685089021E+001 -0.107553285206666E+003
  0.297627952937109E-044  0.218657500268521E+003  0.812331032610653E+002  0.738064605555991E+000  0.261935394444009E+000 -0.519295685089021E+001 -0.106942283557286E+003
  0.332371727857456E-044  0.218436680711810E+003  0.492097693943100E+002  0.196494150872424E+001 -0.964941508724243E+000 -0.519295685089021E+001 -0.106831873778930E+003
  0.335966108443456E-044  0.218415168147081E+003  0.549826008112779E+002  0.159573287654471E+001 -0.595732876544708E+000 -0.519295685089021E+001 -0.106821117496566E+003
  0.418811426083329E-044  0.217974347198305E+003  0.425460382667806E+002  0.257387060252247E+001 -0.157387060252247E+001 -0.519295685089021E+001 -0.106600707022178E+003
  0.872012845355976E-044  0.216507580411950E+003  0.701976757531700E+002  0.991745310137436E+000  0.825468986256361E-002 -0.519295685089021E+001 -0.105867323629000E+003
  0.992339917798701E-044  0.216249057306053E+003  0.490014707728769E+002  0.197061345156091E+001 -0.970613451560911E+000 -0.519295685089021E+001 -0.105738062076052E+003
  0.107866512728529E-043  0.216082229596588E+003  0.464280392930482E+002  0.217820949734511E+001 -0.117820949734511E+001 -0.519295685089021E+001 -0.105654648221319E+003
  0.198127874512206E-043  0.214866193229178E+003  0.789776798670987E+002  0.776682322863396E+000  0.223317677136604E+000 -0.519295685089021E+001 -0.105046630037614E+003
  0.379229868660135E-043  0.213567733465704E+003  0.984977683680929E+002  0.467128150931937E+000  0.532871849068063E+000 -0.519295685089021E+001 -0.104397400155877E+003
  0.380240206092752E-043  0.213562412186763E+003  0.656698789720039E+002  0.112359581862918E+001 -0.123595818629179E+000 -0.519295685089021E+001 -0.104394739516407E+003
  0.507891593958510E-043  0.212983482481216E+003  0.452777099865371E+002  0.226561462462514E+001 -0.126561462462514E+001 -0.519295685089021E+001 -0.104105274663633E+003
  0.105348565320695E-042  0.211524299305522E+003  0.522005724824908E+002  0.173181198537305E+001 -0.731811985373054E+000 -0.519295685089021E+001 -0.103375683075786E+003
  0.111787606921279E-042  0.211405646941119E+003  0.622412688875645E+002  0.124053317335049E+001 -0.240533173350489E+000 -0.519295685089021E+001 -0.103316356893585E+003
  0.128359287937650E-042  0.211129181811718E+003  0.415358537547464E+002  0.264727943500729E+001 -0.164727943500729E+001 -0.519295685089021E+001 -0.103178124328884E+003
  0.152648765145251E-042  0.210782569090007E+003  0.538463051083426E+002  0.163105075045000E+001 -0.631050750450003E+000 -0.519295685089021E+001 -0.103004817968029E+003
  0.188314355751298E-042  0.210362623006443E+003  0.517884113333012E+002  0.175294382548039E+001 -0.752943825480386E+000 -0.519295685089021E+001 -0.102794844926247E+003
  0.318059613204802E-042  0.209314370693162E+003  0.739911752984226E+002  0.877612757881641E+000  0.122387242118359E+000 -0.519295685089021E+001 -0.102270718769606E+003
  0.329691876340741E-042  0.209242531328950E+003  0.855958005079600E+002  0.644321887877176E+000  0.355678112122824E+000 -0.519295685089021E+001 -0.102234799087500E+003
  0.119818000472979E-041  0.206661730305893E+003  0.487203593273954E+002  0.194730490770515E+001 -0.947304907705148E+000 -0.519295685089021E+001 -0.100944398575972E+003
  0.143591962382816E-041  0.206299726797846E+003  0.836218114651225E+002  0.673524810972497E+000  0.326475189027503E+000 -0.519295685089021E+001 -0.100763396821948E+003
  0.187921778518674E-041  0.205761626554335E+003  0.439901896779060E+002  0.234864038180384E+001 -0.134864038180384E+001 -0.519295685089021E+001 -0.100494346700193E+003
  0.189141865524558E-041  0.205748683473947E+003  0.428901170009575E+002  0.246139920634847E+001 -0.146139920634847E+001 -0.519295685089021E+001 -0.100487875159999E+003
  0.203323172579741E-041  0.205604084770750E+003  0.431410913230911E+002  0.243405947747816E+001 -0.143405947747816E+001 -0.519295685089021E+001 -0.100415575808400E+003
  0.210046069741119E-041  0.205539024390659E+003  0.695500764150998E+002  0.985339149092159E+000  0.146608509078405E-001 -0.519295685089021E+001 -0.100383045618355E+003
  0.224629421699820E-041  0.205404774103978E+003  0.750344404226668E+002  0.845141770498072E+000  0.154858229501928E+000 -0.519295685089021E+001 -0.100315920475014E+003
  0.236735247372583E-041  0.205299793329372E+003  0.683892619983820E+002  0.101819103630635E+001 -0.181910363063484E-001 -0.519295685089021E+001 -0.100263430087711E+003
  0.386190753745464E-041  0.204321015307242E+003  0.652052007480926E+002  0.111542202172872E+001 -0.115422021728721E+000 -0.519295685089021E+001 -0.997740410766460E+002
  0.908793599709173E-041  0.202609442152675E+003  0.546226058395241E+002  0.155751272977317E+001 -0.557512729773167E+000 -0.519295685089021E+001 -0.989182544993630E+002
  0.102910154419414E-040  0.202360795336673E+003  0.598722348922885E+002  0.130856389519892E+001 -0.308563895198922E+000 -0.519295685089021E+001 -0.987939310913619E+002
  0.186781352677681E-040  0.201168630585933E+003  0.721291803722795E+002  0.906738371397935E+000  0.932616286020652E-001 -0.519295685089021E+001 -0.981978487159916E+002
  0.204050707188772E-040  0.200991770922209E+003  0.669453383506822E+002  0.105123176523944E+001 -0.512317652394354E-001 -0.519295685089021E+001 -0.981094188841295E+002
  0.638856641663438E-040  0.198709147814898E+003  0.416308453307105E+002  0.255482356242806E+001 -0.155482356242806E+001 -0.519295685089021E+001 -0.969681073304743E+002
  0.775768194641885E-040  0.198320800462798E+003  0.619299963647167E+002  0.121492777248804E+001 -0.214927772488045E+000 -0.519295685089021E+001 -0.967739336544245E+002
  0.113748068310006E-039  0.197555365639843E+003  0.762881776910139E+002  0.801606039289164E+000  0.198393960710836E+000 -0.519295685089021E+001 -0.963912162429466E+002
  0.201356770196452E-039  0.196413181169932E+003  0.474892963178928E+002  0.199109161610805E+001 -0.991091616108046E+000 -0.519295685089021E+001 -0.958201240079911E+002
  0.379573749325836E-039  0.195145239969777E+003  0.785710527227771E+002  0.749245429647921E+000  0.250754570352079E+000 -0.519295685089021E+001 -0.951861534079136E+002
  0.540055743170145E-039  0.194439993066789E+003  0.505566651564075E+002  0.176401450438197E+001 -0.764014504381968E+000 -0.519295685089021E+001 -0.948335299564199E+002
  0.599927637262612E-039  0.194229719704675E+003  0.914923993619117E+002  0.532160834879683E+000  0.467839165120317E+000 -0.519295685089021E+001 -0.947283932753629E+002
  0.666010892504896E-039  0.194020725740398E+003  0.651187679121027E+002  0.109124889329266E+001 -0.912488932926583E-001 -0.519295685089021E+001 -0.946238962932243E+002
  0.100714851375341E-038  0.193193581064980E+003  0.791786767546942E+002  0.733570864848735E+000  0.266429135151265E+000 -0.519295685089021E+001 -0.942103239555155E+002
  0.140592286386913E-038  0.192526439373931E+003  0.651639472876101E+002  0.108581854143718E+001 -0.858185414371770E-001 -0.519295685089021E+001 -0.938767531099908E+002
  0.151708792214173E-038  0.192374241920289E+003  0.878399827444292E+002  0.582486943656231E+000  0.417513056343769E+000 -0.519295685089021E+001 -0.938006543831695E+002
  0.220867907678380E-038  0.191623037965429E+003  0.400374825702781E+002  0.269456608437379E+001 -0.169456608437379E+001 -0.519295685089021E+001 -0.934250524057399E+002
  0.224618905170177E-038  0.191589357182687E+003  0.627592081971452E+002  0.116508766853077E+001 -0.165087668530773E+000 -0.519295685089021E+001 -0.934082120143686E+002
  0.344972276258632E-038  0.190731239495185E+003  0.605401731587156E+002  0.124566011554115E+001 -0.245660115541150E+000 -0.519295685089021E+001 -0.929791531706176E+002
  0.499065008884523E-038  0.189992694874265E+003  0.419999064477115E+002  0.245640258266178E+001 -0.145640258266178E+001 -0.519295685089021E+001 -0.926098808601577E+002
  0.521034208627147E-038  0.189906536207146E+003  0.972066466511071E+002  0.452467481100392E+000  0.547532518899608E+000 -0.519295685089021E+001 -0.925668015265985E+002
  0.222655806003538E-037  0.187001743202969E+003  0.431033508370283E+002  0.232308831647165E+001 -0.132308831647165E+001 -0.519295685089021E+001 -0.911144050245096E+002
  0.286290090857658E-037  0.186498986218541E+003  0.470256872662493E+002  0.197616819226333E+001 -0.976168192263331E+000 -0.519295685089021E+001 -0.908630265322958E+002
  0.445909054953152E-037  0.185612767382328E+003  0.783628734101235E+002  0.735559852871926E+000  0.264440147128074E+000 -0.519295685089021E+001 -0.904199171141894E+002
  0.502669331406336E-037  0.185373132297276E+003  0.416590029550667E+002  0.465291462706515E-001  0.953470853729348E+000 -0.519295685089021E+001 -0.903000995716634E+002
  0.600512965956620E-037  0.185017428953017E+003  0.639199968474780E+002  0.110635539129628E+001 -0.106355391296284E+000 -0.519295685089021E+001 -0.901222478995340E+002
  0.611704146580831E-037  0.184980499929446E+003  0.431762037958088E+002  0.230318637379602E+001 -0.130318637379602E+001 -0.519295685089021E+001 -0.901037833877480E+002
  0.110824835942963E-036  0.183791925432862E+003  0.723869334602482E+002  0.862605430513182E+000  0.137394569486818E+000 -0.519295685089021E+001 -0.895094961394564E+002
  0.242954563630289E-036  0.182222078343648E+003  0.676690013012612E+002  0.982918854689710E+000  0.170811453102898E-001 -0.519295685089021E+001 -0.887245725948492E+002
  0.250937284148865E-036  0.182157421145548E+003  0.496639701831327E+002  0.176621217434089E+001 -0.766212174340891E+000 -0.519295685089021E+001 -0.886922439957995E+002
  0.405841344026533E-036  0.181195902623536E+003  0.603899954225774E+002  0.122178457923159E+001 -0.221784579231594E+000 -0.519295685089021E+001 -0.882114847347931E+002
  0.635377727812726E-036  0.180299387895491E+003  0.454912007204801E+002  0.206573352028450E+001 -0.106573352028450E+001 -0.519295685089021E+001 -0.877632273707707E+002
  0.649580249109733E-036  0.180255174466093E+003  0.409105639601394E+002  0.250944428906767E+001 -0.150944428906767E+001 -0.519295685089021E+001 -0.877411206560717E+002
  0.841350914728068E-036  0.179737809569799E+003  0.498645403334546E+002  0.174177407839459E+001 -0.741774078394592E+000 -0.519295685089021E+001 -0.874824382079248E+002
  0.891424633591271E-036  0.179622185443767E+003  0.432979353636419E+002  0.225758119496726E+001 -0.125758119496726E+001 -0.519295685089021E+001 -0.874246261449086E+002
  0.131822875113316E-035  0.178839738714903E+003  0.975137722613130E+002  0.434005882959334E+000  0.565994117040666E+000 -0.519295685089021E+001 -0.870334027804769E+002
  0.143291875133048E-035  0.178672889777638E+003  0.500508025146101E+002  0.114166916167512E-001  0.988583308383249E+000 -0.519295685089021E+001 -0.869499783118445E+002
  0.145546985260092E-035  0.178641659133018E+003  0.538930274450601E+002  0.150360266537684E+001 -0.503602665376835E+000 -0.519295685089021E+001 -0.869343629895343E+002
  0.148046913606890E-035  0.178607598632753E+003  0.498089161658093E+002  0.123875625598282E-001  0.987612437440172E+000 -0.519295685089021E+001 -0.869173327394016E+002
  0.161373633841361E-035  0.178435212280700E+003  0.518514374248535E+002  0.161460300692624E+001 -0.614603006926239E+000 -0.519295685089021E+001 -0.868311395633753E+002
  0.258183887917194E-035  0.177495312897673E+003  0.917885108971576E+002  0.503774109500830E+000  0.496225890499170E+000 -0.519295685089021E+001 -0.863611898718618E+002
  0.944992132634614E-035  0.174900303843075E+003  0.417120590696751E+002  0.238488400014172E+001 -0.138488400014172E+001 -0.519295685089021E+001 -0.850636853445626E+002
  0.200676302925654E-034  0.173394100508072E+003  0.484490655065807E+002  0.180500406728471E+001 -0.805004067284715E+000 -0.519295685089021E+001 -0.843105836770613E+002
  0.233284603377780E-034  0.173092968497700E+003  0.400092169940525E+002  0.817484248679092E-001  0.918251575132091E+000 -0.519295685089021E+001 -0.841600176718752E+002
  0.292448050801953E-034  0.172640912767891E+003  0.995436168074925E+002  0.402446894104329E+000  0.597553105895671E+000 -0.519295685089021E+001 -0.839339898069707E+002
  0.506202275363954E-034  0.171543614175314E+003  0.589164852313904E+002  0.124817573786259E+001 -0.248175737862588E+000 -0.519295685089021E+001 -0.833853405106823E+002
  0.610745923170179E-034  0.171168124791506E+003  0.494082944388735E+002  0.224051798204258E-001  0.977594820179574E+000 -0.519295685089021E+001 -0.831975958187781E+002
  0.107100712641331E-033  0.170044777412683E+003  0.451375105097067E+002  0.203558438714941E+001 -0.103558438714941E+001 -0.519295685089021E+001 -0.826359221293669E+002
  0.149100529138864E-033  0.169383075134208E+003  0.646832812517726E+002  0.103790641013541E+001 -0.379064101354147E-001 -0.519295685089021E+001 -0.823050709901290E+002
  0.179921556402131E-033  0.169007274759234E+003  0.517702246212197E+002  0.155322462487635E-001  0.984467753751237E+000 -0.519295685089021E+001 -0.821171708026423E+002
  0.223800509279433E-033  0.168570806532556E+003  0.547675949964497E+002  0.141976383298978E+001 -0.419763832989782E+000 -0.519295685089021E+001 -0.818989366893032E+002
  0.226253538837222E-033  0.168549004228053E+003  0.797991120869078E+002  0.675886894393472E+000  0.324113105606528E+000 -0.519295685089021E+001 -0.818880355370520E+002
  0.490657048343326E-033  0.167000825859773E+003  0.457319526667454E+002  0.196988820885651E+001 -0.969888208856511E+000 -0.519295685089021E+001 -0.811139463529117E+002
  0.561289673537782E-033  0.166731842426756E+003  0.591125568749214E+002  0.122413381505933E+001 -0.224133815059327E+000 -0.519295685089021E+001 -0.809794546364031E+002
  0.719305101832166E-033  0.166235745456264E+003  0.461038213837663E+002  0.458453064457807E-001  0.954154693554219E+000 -0.519295685089021E+001 -0.807314061511572E+002
  0.805413239552416E-033  0.166009605701982E+003  0.959161212966892E+002  0.435015827918286E+000  0.564984172081714E+000 -0.519295685089021E+001 -0.806183362740161E+002
  0.132563940361026E-032  0.165013016293940E+003  0.465499360932230E+002  0.189598028438531E+001 -0.895980284385311E+000 -0.519295685089021E+001 -0.801200415699952E+002
  0.162923765154373E-032  0.164600581703595E+003  0.674889500258254E+002  0.942846608453628E+000  0.571533915463720E-001 -0.519295685089021E+001 -0.799138242748228E+002
  0.173343021075840E-032  0.164476601665184E+003  0.776805625979600E+002  0.707713789174855E+000  0.292286210825145E+000 -0.519295685089021E+001 -0.798518342556174E+002
  0.225259880663011E-032  0.163952636967830E+003  0.514689109124463E+002  0.157216683082965E+001 -0.572166830829650E+000 -0.519295685089021E+001 -0.795898519069402E+002
  0.281324743538500E-032  0.163508127143488E+003  0.649370137033775E+002  0.101355290065982E+001 -0.135529006598170E-001 -0.519295685089021E+001 -0.793675969947695E+002
  0.419679411936479E-032  0.162708164259722E+003  0.722412457279505E+002  0.818594486254631E+000  0.181405513745369E+000 -0.519295685089021E+001 -0.789676155528864E+002
  0.441944930517863E-032  0.162604775924066E+003  0.443991747553937E+002  0.205186005009073E+001 -0.105186005009073E+001 -0.519295685089021E+001 -0.789159213850582E+002
  0.543535199267328E-032  0.162190957552469E+003  0.994569748963203E+002  0.389137360181712E+000  0.610862639818288E+000 -0.519295685089021E+001 -0.787090121992596E+002
  0.562647792328568E-032  0.162121838806549E+003  0.417485008211161E+002  0.229135471054089E+001 -0.129135471054089E+001 -0.519295685089021E+001 -0.786744528262997E+002
  0.817850955239381E-032  0.161373786262135E+003  0.764121871251372E+002  0.726265230004721E+000  0.273734769995279E+000 -0.519295685089021E+001 -0.783004265540928E+002
  0.108068812441915E-031  0.160816439950594E+003  0.429118719151122E+002  0.217097869152425E+001 -0.117097869152425E+001 -0.519295685089021E+001 -0.780217533983222E+002
  0.117863430834701E-031  0.160642923126746E+003  0.546412375555607E+002  0.139414861397260E+001 -0.394148613972598E+000 -0.519295685089021E+001 -0.779349949863980E+002
  0.209324934766313E-031  0.159494200790627E+003  0.783789862541011E+002  0.684462941797982E+000  0.315537058202018E+000 -0.519295685089021E+001 -0.773606338183389E+002
  0.216812345926525E-031  0.159423911875332E+003  0.790768154467495E+002  0.671435269317856E+000  0.328564730682144E+000 -0.519295685089021E+001 -0.773254893606914E+002
  0.523859684972755E-031  0.157659528560146E+003  0.421927491816511E+002  0.905323465172051E-001  0.909467653482795E+000 -0.519295685089021E+001 -0.764432977030982E+002
  0.117971060190677E-030  0.156035927434014E+003  0.544041822384211E+002  0.138656720363741E+001 -0.386567203637405E+000 -0.519295685089021E+001 -0.756314971400321E+002
  0.244141999663866E-030  0.154581306073839E+003  0.586292635285066E+002  0.938006341206543E-002  0.990619936587935E+000 -0.519295685089021E+001 -0.749041864599448E+002
  0.450862468641622E-030  0.153354481426709E+003  0.487572104279626E+002  0.168184799097442E+001 -0.681847990974418E+000 -0.519295685089021E+001 -0.742907741363799E+002
  0.108108390926608E-029  0.151605367244504E+003  0.494049662320113E+002  0.477849746031334E-001  0.952215025396867E+000 -0.519295685089021E+001 -0.734162170452775E+002
  0.117070777870703E-029  0.151446078549632E+003  0.745027895330113E+002  0.743658506711165E+000  0.256341493288835E+000 -0.519295685089021E+001 -0.733365726978413E+002
  0.140783952400454E-029  0.151077183005956E+003  0.481871219394067E+002  0.170602009954343E+001 -0.706020099543427E+000 -0.519295685089021E+001 -0.731521249260032E+002
  0.323517789537937E-029  0.149413127725010E+003  0.938190954408972E+002  0.435481279164986E+000  0.564518720835014E+000 -0.519295685089021E+001 -0.723200972855303E+002
  0.324599545666249E-029  0.149406451420742E+003  0.461939373525985E+002  0.183204942961043E+001 -0.832049429610432E+000 -0.519295685089021E+001 -0.723167591333962E+002
  0.327743301648706E-029  0.149387174561446E+003  0.416118013013938E+002  0.221194087156469E+001 -0.121194087156469E+001 -0.519295685089021E+001 -0.723071207037480E+002
  0.392946022217768E-029  0.149024291422776E+003  0.408172346016545E+002  0.228724748839381E+001 -0.128724748839381E+001 -0.519295685089021E+001 -0.721256791344132E+002
  0.503151859102908E-029  0.148529851868955E+003  0.721366686149050E+002  0.787697995854499E+000  0.212302004145501E+000 -0.519295685089021E+001 -0.718784593575027E+002
  0.766647281706555E-029  0.147687582275158E+003  0.943226452766224E+002  0.426742311212936E+000  0.573257688787064E+000 -0.519295685089021E+001 -0.714573245606041E+002
  0.913983634353232E-029  0.147336010600011E+003  0.838341971198789E+002  0.568488253890427E+000  0.431511746109573E+000 -0.519295685089021E+001 -0.712815387230308E+002
  0.109205527848000E-028  0.146980002378871E+003  0.734051540980103E+002  0.756490435080217E+000  0.243509564919783E+000 -0.519295685089021E+001 -0.711035346124607E+002
  0.119437651735427E-028  0.146800876760734E+003  0.611839306824191E+002  0.108224926232491E+001 -0.822492623249094E-001 -0.519295685089021E+001 -0.710139718033923E+002
  0.135035279631317E-028  0.146555393595768E+003  0.795611314267529E+002  0.637169201294121E+000  0.362830798705879E+000 -0.519295685089021E+001 -0.708912302209091E+002
  0.147973435952773E-028  0.146372400203870E+003  0.503843676359283E+002  0.154967126924949E+001 -0.549671269249490E+000 -0.519295685089021E+001 -0.707997335249601E+002
  0.206657803020568E-028  0.145704337145885E+003  0.586031362517081E+002  0.117000547524591E+001 -0.170005475245906E+000 -0.519295685089021E+001 -0.704657019959678E+002
  0.229493937331767E-028  0.145494712520974E+003  0.582399679935506E+002  0.118294787098344E+001 -0.182947870983440E+000 -0.519295685089021E+001 -0.703608896835123E+002
  0.276837202298618E-028  0.145119606513407E+003  0.781576080087291E+002  0.659193260467911E+000  0.340806739532089E+000 -0.519295685089021E+001 -0.701733366797286E+002
  0.385024147014991E-028  0.144459853641886E+003  0.433686813357645E+002  0.105665524778712E+000  0.894334475221288E+000 -0.519295685089021E+001 -0.698434602439685E+002
  0.436002994340725E-028  0.144211167523409E+003  0.505039429878058E+002  0.153228224244676E+001 -0.532282242446756E+000 -0.519295685089021E+001 -0.697191171847295E+002
  0.620120410193755E-028  0.143506638407222E+003  0.475123985561065E+002  0.170777254416223E+001 -0.707772544162230E+000 -0.519295685089021E+001 -0.693668526266362E+002
  0.680303686316246E-028  0.143321387153569E+003  0.680703073424631E+002  0.870960361435293E+000  0.129039638564707E+000 -0.519295685089021E+001 -0.692742269998099E+002
  0.117985864449755E-027  0.142220165910597E+003  0.798672435000405E+002  0.623130632600750E+000  0.376869367399250E+000 -0.519295685089021E+001 -0.687236163783237E+002
  0.122361470685207E-027  0.142147336482499E+003  0.523466272564252E+002  0.457665018640512E-001  0.954233498135949E+000 -0.519295685089021E+001 -0.686872016642745E+002
  0.128418871878477E-027  0.142050700844174E+003  0.409090630157916E+002  0.222348977540416E+001 -0.122348977540416E+001 -0.519295685089021E+001 -0.686388838451124E+002
  0.138553368880859E-027  0.141898784387010E+003  0.433381075048199E+002  0.200414170003966E+001 -0.100414170003966E+001 -0.519295685089021E+001 -0.685629256165301E+002
  0.144049998578926E-027  0.141820974656248E+003  0.795068717644652E+002  0.628512003270614E+000  0.371487996729386E+000 -0.519295685089021E+001 -0.685240207511495E+002
  0.144621988117534E-027  0.141813048839910E+003  0.428032623277389E+002  0.204864599292822E+001 -0.104864599292822E+001 -0.519295685089021E+001 -0.685200578429801E+002
  0.542327970905134E-027  0.139169553697971E+003  0.429438824850258E+002  0.201776206425046E+001 -0.101776206425046E+001 -0.519295685089021E+001 -0.671983102720108E+002
  0.791034884137871E-027  0.138414611423365E+003  0.912688491982519E+002  0.449304667389744E+000  0.550695332610256E+000 -0.519295685089021E+001 -0.668208391347076E+002
  0.798007867106310E-027  0.138397058647718E+003  0.545653794369917E+002  0.130512400833247E+001 -0.305124008332471E+000 -0.519295685089021E+001 -0.668120627468845E+002
  0.147002962588763E-026  0.137175219893110E+003  0.654428425580943E+002  0.922781931958822E+000  0.772180680411779E-001 -0.519295685089021E+001 -0.662011433695801E+002
  0.211039236424734E-026  0.136452037231975E+003  0.950549902943680E+002  0.400459491754868E+000  0.599540508245132E+000 -0.519295685089021E+001 -0.658395520390126E+002
  0.213006106847081E-026  0.136433483701707E+003  0.721840760772869E+002  0.757315611064819E+000  0.242684388935181E+000 -0.519295685089021E+001 -0.658302752738789E+002
  0.247774961783675E-026  0.136131083529482E+003  0.668136451434598E+002  0.883181866221323E+000  0.116818133778677E+000 -0.519295685089021E+001 -0.656790751877661E+002
  0.260112132436910E-026  0.136033899740301E+003  0.549755170018252E+002  0.127724717742507E+001 -0.277247177425075E+000 -0.519295685089021E+001 -0.656304832931757E+002
  0.303607634408326E-026  0.135724652990636E+003  0.873891390773425E+002  0.495653096488854E+000  0.504346903511146E+000 -0.519295685089021E+001 -0.654758599183430E+002
  0.749146709363508E-026  0.133918255697619E+003  0.618728602451610E+002  0.101702927215852E+001 -0.170292721585206E-001 -0.519295685089021E+001 -0.645726612718348E+002
  0.105400045076370E-025  0.133235429060050E+003  0.538758346226439E+002  0.131307183865632E+001 -0.313071838656324E+000 -0.519295685089021E+001 -0.642312479530501E+002
  0.119175142853333E-025  0.132989766788052E+003  0.478768408353633E+002  0.162468174247202E+001 -0.624681742472016E+000 -0.519295685089021E+001 -0.641084168170512E+002
  0.139898013927020E-025  0.132669127817213E+003  0.682007013241951E+002  0.838555219271434E+000  0.161444780728566E+000 -0.519295685089021E+001 -0.639480973316320E+002
  0.231409218507513E-025  0.131662579883720E+003  0.909412271855061E+002  0.441990964056145E+000  0.558009035943855E+000 -0.519295685089021E+001 -0.634448233648853E+002
  0.237335329877796E-025  0.131612007117373E+003  0.458566768734423E+002  0.174637123607440E+001 -0.746371236074403E+000 -0.519295685089021E+001 -0.634195369817119E+002
  0.296807469837317E-025  0.131164787829819E+003  0.701627182268166E+002  0.851631840702105E-002  0.991483681592979E+000 -0.519295685089021E+001 -0.631959273379348E+002
  0.310242009397461E-025  0.131076249850831E+003  0.843447018646162E+002  0.530281223939765E+000  0.469718776060235E+000 -0.519295685089021E+001 -0.631516583484405E+002
  0.374431014261520E-025  0.130700140030784E+003  0.621099701350303E+002  0.243606559290448E-001  0.975639344070955E+000 -0.519295685089021E+001 -0.629636034384172E+002
  0.555500807755106E-025  0.129911215061237E+003  0.558254885792690E+002  0.464047482113996E-001  0.953595251788600E+000 -0.519295685089021E+001 -0.625691409536436E+002
  0.633988585551098E-025  0.129646893286778E+003  0.666924786010630E+002  0.867560722180438E+000  0.132439277819562E+000 -0.519295685089021E+001 -0.624369800664143E+002
  0.754357157839541E-025  0.129299223307618E+003  0.717756548634555E+002  0.748184135529621E+000  0.251815864470379E+000 -0.519295685089021E+001 -0.622631450768344E+002
  0.225956551606944E-024  0.127105099539089E+003  0.571796464670398E+002  0.115229552769908E+001 -0.152295527699081E+000 -0.519295685089021E+001 -0.611660831925696E+002
  0.272086791995512E-024  0.126733542794381E+003  0.456695396850828E+002  0.172756455098654E+001 -0.727564550986543E+000 -0.519295685089021E+001 -0.609803048202158E+002
  0.311287966854452E-024  0.126464348157212E+003  0.446222618539716E+002  0.179834310173607E+001 -0.798343101736073E+000 -0.519295685089021E+001 -0.608457075016313E+002
  0.322564081650637E-024  0.126393181363036E+003  0.411067244789663E+002  0.207852242149621E+001 -0.107852242149621E+001 -0.519295685089021E+001 -0.608101241045431E+002
  0.325769842243475E-024  0.126373402748336E+003  0.426245438642256E+002  0.194950239871386E+001 -0.949502398713861E+000 -0.519295685089021E+001 -0.608002347971933E+002
  0.328875771873398E-024  0.126354424828877E+003  0.416670854009859E+002  0.202914866363659E+001 -0.102914866363659E+001 -0.519295685089021E+001 -0.607907458374636E+002
  0.361134085253085E-024  0.126167286368286E+003  0.788945650807028E+002  0.606029166256923E+000  0.393970833743077E+000 -0.519295685089021E+001 -0.606971766071681E+002
  0.397036219277480E-024  0.125977729983690E+003  0.557073642637402E+002  0.522683381777312E-001  0.947731661822269E+000 -0.519295685089021E+001 -0.606023984148700E+002
  0.495288574591140E-024  0.125535503858266E+003  0.679672830863957E+002  0.824139097030904E+000  0.175860902969096E+000 -0.519295685089021E+001 -0.603812853521583E+002
  0.513956262022948E-024  0.125461508664627E+003  0.930652155199363E+002  0.405537750575717E+000  0.594462249424283E+000 -0.519295685089021E+001 -0.603442877553388E+002
  0.724892073080773E-024  0.124773739443501E+003  0.826179063745743E+002  0.543628101725318E+000  0.456371898274682E+000 -0.519295685089021E+001 -0.600004031447757E+002
  0.896088863875577E-024  0.124349705828636E+003  0.867131583932330E+002  0.484029965770420E+000  0.515970034229580E+000 -0.519295685089021E+001 -0.597883863373431E+002
  0.116337693864023E-023  0.123827620583820E+003  0.463365047138919E+002  0.120075830104947E+000  0.879924169895053E+000 -0.519295685089021E+001 -0.595273437149350E+002
  0.120202519522123E-023  0.123762258849699E+003  0.584532086849490E+002  0.109320801568359E+001 -0.932080156835946E-001 -0.519295685089021E+001 -0.594946628478747E+002
  0.181496510482224E-023  0.122938141960573E+003  0.931509662979363E+002  0.533530782054636E-002  0.994664692179454E+000 -0.519295685089021E+001 -0.590826044033119E+002
  0.236880657885548E-023  0.122405501893459E+003  0.651532082801928E+002  0.885583454910417E+000  0.114416545089583E+000 -0.519295685089021E+001 -0.588162843697546E+002
  0.286533408333621E-023  0.122024904539925E+003  0.427135211157020E+002  0.190903252113905E+001 -0.909032521139045E+000 -0.519295685089021E+001 -0.586259856929878E+002
  0.331213948550265E-023  0.121735085742002E+003  0.667913065450817E+002  0.841707329568736E+000  0.158292670431264E+000 -0.519295685089021E+001 -0.584810762940264E+002
  0.341324787963961E-023  0.121674945852915E+003  0.410453377103643E+002  0.193884472667706E+000  0.806115527332294E+000 -0.519295685089021E+001 -0.584510063494826E+002
  0.493705577896416E-023  0.120936736128926E+003  0.566802264642100E+002  0.114561932892963E+001 -0.145619328929634E+000 -0.519295685089021E+001 -0.580819014874882E+002
  0.531363702786683E-023  0.120789721363402E+003  0.722097798136081E+002  0.717324250849971E+000  0.282675749150029E+000 -0.519295685089021E+001 -0.580083941047260E+002
  0.639201094229494E-023  0.120420176602979E+003  0.960113353384728E+002  0.855130811422766E-002  0.991448691885772E+000 -0.519295685089021E+001 -0.578236217245147E+002
  0.813624805996018E-023  0.119937616148730E+003  0.542315470738421E+002  0.685251754996644E-001  0.931474824500336E+000 -0.519295685089021E+001 -0.575823414973902E+002
  0.122207785817436E-022  0.119123999112769E+003  0.945068454142323E+002  0.377914168975281E+000  0.622085831024719E+000 -0.519295685089021E+001 -0.571755329794098E+002
  0.194530652852326E-022  0.118194265131931E+003  0.741739806536453E+002  0.672052624463671E+000  0.327947375536329E+000 -0.519295685089021E+001 -0.567106659889910E+002
  0.222764782995851E-022  0.117923211769616E+003  0.437291269434686E+002  0.180136877901466E+001 -0.801368779014658E+000 -0.519295685089021E+001 -0.565751393078335E+002
  0.332187247790900E-022  0.117124047011041E+003  0.502811092252706E+002  0.140293664999168E+001 -0.402936649991684E+000 -0.519295685089021E+001 -0.561755569285459E+002
  0.401900918133995E-022  0.116743033457766E+003  0.506281176348966E+002  0.138374589046038E+001 -0.383745890460378E+000 -0.519295685089021E+001 -0.559850501519084E+002
  0.430305946984787E-022  0.116606451709031E+003  0.880652779442444E+002  0.451429780275373E+000  0.548570219724627E+000 -0.519295685089021E+001 -0.559167592775407E+002
  0.521554231412026E-022  0.116221818109166E+003  0.689027562706137E+002  0.775774791898014E+000  0.224225208101986E+000 -0.519295685089021E+001 -0.557244424776082E+002
  0.535306942310885E-022  0.116169764016989E+003  0.457709888876271E+002  0.165068598823579E+001 -0.650685988235790E+000 -0.519295685089021E+001 -0.556984154315197E+002
  0.541139896198613E-022  0.116148088962467E+003  0.798743901130155E+002  0.568064578614595E+000  0.431935421385405E+000 -0.519295685089021E+001 -0.556875779042589E+002
  0.712115453913487E-022  0.115598964524360E+003  0.471482886716111E+002  0.156305646580538E+001 -0.563056465805381E+000 -0.519295685089021E+001 -0.554130156852054E+002
  0.104331094937871E-021  0.114835135548906E+003  0.432526993960257E+002  0.181254775372695E+001 -0.812547753726950E+000 -0.519295685089021E+001 -0.550311011974783E+002
  0.142771977197775E-021  0.114207776858576E+003  0.672654417113068E+002  0.807623872811824E+000  0.192376127188176E+000 -0.519295685089021E+001 -0.547174218523132E+002
  0.175394033326090E-021  0.113796204319982E+003  0.879448068909252E+002  0.447606587613495E+000  0.552393412386505E+000 -0.519295685089021E+001 -0.545116355830163E+002
  0.342930551327853E-021  0.112455218538846E+003  0.609252636788188E+002  0.495387728236802E-001  0.950461227176320E+000 -0.519295685089021E+001 -0.538411426924482E+002
  0.523036027034306E-021  0.111610973749580E+003  0.499311709234714E+002  0.138951924007068E+001 -0.389519240070679E+000 -0.519295685089021E+001 -0.534190202978154E+002
  0.706281531358481E-021  0.111010246588380E+003  0.426873012816171E+002  0.182384703862625E+001 -0.823847038626249E+000 -0.519295685089021E+001 -0.531186567172153E+002
  0.946700421514951E-021  0.110424309046888E+003  0.428587182116815E+002  0.180649187083189E+001 -0.806491870831889E+000 -0.519295685089021E+001 -0.528256879464693E+002
  0.967120323786605E-021  0.110381628608274E+003  0.631823638270814E+002  0.447043354919738E-001  0.955295664508026E+000 -0.519295685089021E+001 -0.528043477271623E+002
  0.189584724183687E-020  0.109035432221815E+003  0.486139565113984E+002  0.144119885813030E+001 -0.441198858130297E+000 -0.519295685089021E+001 -0.521312495339329E+002
  0.242133062247196E-020  0.108546129419574E+003  0.491095616428574E+002  0.127179789419683E+000  0.872820210580317E+000 -0.519295685089021E+001 -0.518865981328120E+002
  0.257769374643892E-020  0.108420973680805E+003  0.758958028504137E+002  0.616465451720788E+000  0.383534548279212E+000 -0.519295685089021E+001 -0.518240202634280E+002
  0.326413873811081E-020  0.107948772002192E+003  0.596961492850932E+002  0.990696469505088E+000  0.930353049491162E-002 -0.519295685089021E+001 -0.515879194241213E+002
  0.371036754145533E-020  0.107692502006706E+003  0.699305656708791E+002  0.313349214855685E-001  0.968665078514432E+000 -0.519295685089021E+001 -0.514597844263783E+002
  0.381024885801613E-020  0.107639374877546E+003  0.496043808383198E+002  0.124598502200247E+000  0.875401497799753E+000 -0.519295685089021E+001 -0.514332208617983E+002
  0.442096861583597E-020  0.107342046253816E+003  0.583456774608107E+002  0.103110521829375E+001 -0.311052182937472E-001 -0.519295685089021E+001 -0.512845565499331E+002
  0.553113636793425E-020  0.106893977313861E+003  0.531050854999442E+002  0.122107387866958E+001 -0.221073878669580E+000 -0.519295685089021E+001 -0.510605220799557E+002
  0.749032188664795E-020  0.106287540341434E+003  0.409671547554518E+002  0.191576246867051E+001 -0.915762468670513E+000 -0.519295685089021E+001 -0.507573035937424E+002
  0.884924323395609E-020  0.105954099995534E+003  0.641077899988169E+002  0.859001700587276E+000  0.140998299412724E+000 -0.519295685089021E+001 -0.505905834207923E+002
  0.931873130541229E-020  0.105850710898881E+003  0.517952382284385E+002  0.109791908577704E+000  0.890208091422296E+000 -0.519295685089021E+001 -0.505388888724657E+002
  0.932251240678621E-020  0.105849899557860E+003  0.496771034008529E+002  0.127941995542744E+000  0.872058004457256E+000 -0.519295685089021E+001 -0.505384832019553E+002
  0.225716371299587E-019  0.104081375637959E+003  0.611765124587092E+002  0.931758109875185E+000  0.682418901248153E-001 -0.519295685089021E+001 -0.496542212420046E+002
  0.226578490848073E-019  0.104073751225968E+003  0.529665547568239E+002  0.121233793880673E+001 -0.212337938806735E+000 -0.519295685089021E+001 -0.496504090360093E+002
  0.276287258021774E-019  0.103677051842865E+003  0.692217374665519E+002  0.372033882765709E-001  0.962796611723429E+000 -0.519295685089021E+001 -0.494520593444577E+002
  0.296032845473617E-019  0.103538993246463E+003  0.982532902995255E+002  0.246062722028347E-001  0.975393727797165E+000 -0.519295685089021E+001 -0.493830300462567E+002
  0.580899341624732E-019  0.102190779088421E+003  0.540288747477888E+002  0.116066772501390E+001 -0.160667725013897E+000 -0.519295685089021E+001 -0.487089229672358E+002
  0.930921553163238E-019  0.101247584045889E+003  0.733770157416884E+002  0.643115871029243E+000  0.356884128970757E+000 -0.519295685089021E+001 -0.482373254459699E+002
  0.957756769385131E-019  0.101190746368546E+003  0.849187534086721E+002  0.225897224983221E-001  0.977410277501678E+000 -0.519295685089021E+001 -0.482089066072983E+002
  0.105905414253508E-018  0.100989671130895E+003  0.641933331857418E+002  0.839665412492940E+000  0.160334587507060E+000 -0.519295685089021E+001 -0.481083689884726E+002
  0.124006652785425E-018  0.100674093454364E+003  0.941854957118527E+002  0.347818367534312E+000  0.652181632465688E+000 -0.519295685089021E+001 -0.479505801502073E+002
  0.314313552876733E-018  0.988139817582796E+002  0.416260300370456E+002  0.263003164365898E+000  0.736996835634102E+000 -0.519295685089021E+001 -0.470205243021651E+002
  0.361361523449728E-018  0.985350060712552E+002  0.506732794222038E+002  0.135491235037266E+000  0.864508764962734E+000 -0.519295685089021E+001 -0.468810364586529E+002
  0.368383027300131E-018  0.984965174218257E+002  0.471707071392675E+002  0.144892982285734E+001 -0.448929822857343E+000 -0.519295685089021E+001 -0.468617921339381E+002
  0.511113242971810E-018  0.978415815333583E+002  0.407430894305894E+002  0.185363094748264E+001 -0.853630947482639E+000 -0.519295685089021E+001 -0.465343241897044E+002
  0.524158739025502E-018  0.977911747346536E+002  0.655698300054363E+002  0.795184747534350E+000  0.204815252465650E+000 -0.519295685089021E+001 -0.465091207903520E+002
  0.671549697097063E-018  0.972955878410774E+002  0.400578665468484E+002  0.190179246435319E+001 -0.901792464353187E+000 -0.519295685089021E+001 -0.462613273435640E+002
  0.737667601255603E-018  0.971077772490164E+002  0.915504756341502E+002  0.370752383773884E+000  0.629247616226116E+000 -0.519295685089021E+001 -0.461674220475334E+002
  0.817572025481834E-018  0.969020858787757E+002  0.489637980974594E+002  0.134815126741599E+001 -0.348151267415991E+000 -0.519295685089021E+001 -0.460645763624131E+002
  0.866923713276696E-018  0.967848619184684E+002  0.465262790067840E+002  0.147147982272551E+001 -0.471479822725514E+000 -0.519295685089021E+001 -0.460059643822595E+002
  0.888144319937022E-018  0.967364953812096E+002  0.545152044505456E+002  0.111517694762309E+001 -0.115176947623094E+000 -0.519295685089021E+001 -0.459817811136301E+002
  0.932673126455410E-018  0.966386543003209E+002  0.840021902718644E+002  0.464319211914851E+000  0.535680788085149E+000 -0.519295685089021E+001 -0.459328605731857E+002
  0.118152334734960E-017  0.961656441712833E+002  0.409815707570882E+002  0.181928501245341E+001 -0.819285012453409E+000 -0.519295685089021E+001 -0.456963555086669E+002
  0.152994706177203E-017  0.956487870584087E+002  0.743408118453236E+002  0.610656362531992E+000  0.389343637468008E+000 -0.519295685089021E+001 -0.454379269522296E+002
  0.163603752604120E-017  0.955146989765312E+002  0.617559741478883E+002  0.882886580719286E+000  0.117113419280714E+000 -0.519295685089021E+001 -0.453708829112909E+002
  0.199115618512608E-017  0.951218223925753E+002  0.535843118626553E+002  0.114150384441235E+001 -0.141503844412350E+000 -0.519295685089021E+001 -0.451744446193129E+002
  0.246110879466883E-017  0.946980293718494E+002  0.953200521596324E+002  0.310739520498281E-001  0.968926047950172E+000 -0.519295685089021E+001 -0.449625481089499E+002
  0.299222339040929E-017  0.943072198879320E+002  0.790768976666473E+002  0.529757436014468E+000  0.470242563985532E+000 -0.519295685089021E+001 -0.447671433669913E+002
  0.322984951218115E-017  0.941543822367358E+002  0.442813424983473E+002  0.157986737050937E+001 -0.579867370509372E+000 -0.519295685089021E+001 -0.446907245413932E+002
  0.323915318100368E-017  0.941486294642122E+002  0.663766386881491E+002  0.562614201808951E-001  0.943738579819105E+000 -0.519295685089021E+001 -0.446878481551314E+002
  0.396480710127229E-017  0.937443389206609E+002  0.878552923742830E+002  0.408057442762100E+000  0.591942557237900E+000 -0.519295685089021E+001 -0.444857028833557E+002
  0.407308515047557E-017  0.936904518586609E+002  0.949147945148975E+002  0.325945250852750E+000  0.674054749147250E+000 -0.519295685089021E+001 -0.444587593523557E+002
  0.513737775670896E-017  0.932261677572728E+002  0.464352676658517E+002  0.145055476998806E+001 -0.450554769988062E+000 -0.519295685089021E+001 -0.442266173016616E+002
  0.574878669180576E-017  0.930012756828767E+002  0.406493581869464E+002  0.181263391476648E+001 -0.812633914766478E+000 -0.519295685089021E+001 -0.441141712644636E+002
  0.912507724479788E-017  0.920772005984901E+002  0.415894966898116E+002  0.173592057288965E+001 -0.735920572889647E+000 -0.519295685089021E+001 -0.436521337222703E+002
  0.112213350885401E-016  0.916636195579940E+002  0.530763811003323E+002  0.114223174800056E+001 -0.142231748000558E+000 -0.519295685089021E+001 -0.434453432020223E+002
  0.134524152662018E-016  0.913009360004787E+002  0.991604904673932E+002  0.388228068998904E-001  0.961177193100110E+000 -0.519295685089021E+001 -0.432640014232646E+002
  0.156027064754179E-016  0.910043645452793E+002  0.944481187187404E+002  0.344431431039592E-001  0.965556856896041E+000 -0.519295685089021E+001 -0.431157156956649E+002
  0.185323741182055E-016  0.906602150176480E+002  0.418487940871892E+002  0.170450031728156E+001 -0.704500317281564E+000 -0.519295685089021E+001 -0.429436409318493E+002
  0.224907011567967E-016  0.902730494439908E+002  0.431136537215335E+002  0.161852628677933E+001 -0.618526286779332E+000 -0.519295685089021E+001 -0.427500581450206E+002
  0.261928786792579E-016  0.899682781923504E+002  0.949819748935882E+002  0.317545996378555E+000  0.682454003621445E+000 -0.519295685089021E+001 -0.425976725192005E+002
  0.369734882334462E-016  0.892788510845628E+002  0.885398333425267E+002  0.389996357438378E+000  0.610003642561622E+000 -0.519295685089021E+001 -0.422529589653067E+002
  0.530746354047363E-016  0.885558550514608E+002  0.422243453756654E+002  0.165946060973472E+001 -0.659460609734721E+000 -0.519295685089021E+001 -0.418914609487556E+002
  0.547209445385721E-016  0.884947602587829E+002  0.543249379751175E+002  0.107966294887644E+001 -0.796629488764438E-001 -0.519295685089021E+001 -0.418609135524167E+002
  0.588635531693371E-016  0.883488091128524E+002  0.904726541001082E+002  0.354638073974501E-001  0.964536192602550E+000 -0.519295685089021E+001 -0.417879379794515E+002
  0.871130846295387E-016  0.875648391318350E+002  0.986699463684791E+002  0.272841718845208E+000  0.727158281154792E+000 -0.519295685089021E+001 -0.413959529889428E+002
  0.122869095473522E-015  0.868770142793263E+002  0.812072967128243E+002  0.392820272009586E-001  0.960717972799041E+000 -0.519295685089021E+001 -0.410520405626884E+002
  0.124332232829463E-015  0.868533387683242E+002  0.733973265511050E+002  0.602529343846831E+000  0.397470656153169E+000 -0.519295685089021E+001 -0.410402028071874E+002
  0.180559975188935E-015  0.861071273375271E+002  0.551450394342470E+002  0.103909407979854E+001 -0.390940797985417E-001 -0.519295685089021E+001 -0.406670970917888E+002
  0.252628694295757E-015  0.854354117292187E+002  0.445536663211521E+002  0.149127072156224E+001 -0.491270721562237E+000 -0.519295685089021E+001 -0.403312392876346E+002
  0.255496857122444E-015  0.854128331103672E+002  0.454336687749569E+002  0.144336077217626E+001 -0.443360772176256E+000 -0.519295685089021E+001 -0.403199499782089E+002
  0.348265511811292E-015  0.847933230200429E+002  0.420380210991926E+002  0.163487323608457E+001 -0.634873236084565E+000 -0.519295685089021E+001 -0.400101949330467E+002
  0.351433946890629E-015  0.847752097761535E+002  0.476053088494618E+002  0.133002288645171E+001 -0.330022886451711E+000 -0.519295685089021E+001 -0.400011383111020E+002
  0.375294404882813E-015  0.846438317324341E+002  0.494216459451801E+002  0.124741719554404E+001 -0.247417195544037E+000 -0.519295685089021E+001 -0.399354492892423E+002
  0.400377589181895E-015  0.845144371781213E+002  0.420148745135398E+002  0.316827536848846E+000  0.683172463151154E+000 -0.519295685089021E+001 -0.398707520120859E+002
  0.409937154756922E-015  0.844672455939843E+002  0.561127697360146E+002  0.122269807840999E+000  0.877730192159001E+000 -0.519295685089021E+001 -0.398471562200174E+002
  0.469838548356683E-015  0.841944750846124E+002  0.892459543424470E+002  0.370230193321174E+000  0.629769806678826E+000 -0.519295685089021E+001 -0.397107709653315E+002
  0.618838257823563E-015  0.836435654424868E+002  0.517938945634861E+002  0.114499626225602E+001 -0.144996262256023E+000 -0.519295685089021E+001 -0.394353161442686E+002
  0.622588801560832E-015  0.836314807851729E+002  0.444392302229967E+002  0.148202645812309E+001 -0.482026458123094E+000 -0.519295685089021E+001 -0.394292738156117E+002
  0.637318033090939E-015  0.835847157317250E+002  0.541660879170658E+002  0.105884080613469E+001 -0.588408061346919E-001 -0.519295685089021E+001 -0.394058912888878E+002
  0.834966263589242E-015  0.830444706854272E+002  0.738574144698587E+002  0.583535020464484E+000  0.416464979535516E+000 -0.519295685089021E+001 -0.391357687657388E+002
  0.105989691364226E-014  0.825673994655302E+002  0.426084071514733E+002  0.157764330302359E+001 -0.577643303023593E+000 -0.519295685089021E+001 -0.388972331557903E+002
  0.121227900128156E-014  0.822987386492928E+002  0.853043378743392E+002  0.414209173998089E+000  0.585790826001911E+000 -0.519295685089021E+001 -0.387629027476716E+002
  0.131080977262772E-014  0.821424525831921E+002  0.766832677883943E+002  0.535015724897764E+000  0.464984275102236E+000 -0.519295685089021E+001 -0.386847597146213E+002
  0.132786959715781E-014  0.821165910671149E+002  0.405806946443833E+002  0.170221205137434E+001 -0.702212051374335E+000 -0.519295685089021E+001 -0.386718289565827E+002
  0.169120544940210E-014  0.816328596530800E+002  0.707297314183286E+002  0.619476885842307E-001  0.938052311415769E+000 -0.519295685089021E+001 -0.384299632495652E+002
  0.174176555586800E-014  0.815739441976385E+002  0.740380848441923E+002  0.549307608373016E-001  0.945069239162698E+000 -0.519295685089021E+001 -0.384005055218445E+002
  0.256917497351392E-014  0.807965731189789E+002  0.619535399356465E+002  0.818930737561637E+000  0.181069262438363E+000 -0.519295685089021E+001 -0.380118199825147E+002
  0.260858406832550E-014  0.807661276266188E+002  0.491616372668621E+002  0.123200641632091E+001 -0.232006416320913E+000 -0.519295685089021E+001 -0.379965972363346E+002
  0.303569065192761E-014  0.804628648476831E+002  0.896807299593958E+002  0.445399621781887E-001  0.955460037821811E+000 -0.519295685089021E+001 -0.378449658468668E+002
  0.405243827496002E-014  0.798851052834316E+002  0.510524509705877E+002  0.180847641246888E+000  0.819152358753112E+000 -0.519295685089021E+001 -0.375560860647411E+002
  0.419234497642163E-014  0.798172222945049E+002  0.498277550683908E+002  0.119788962436169E+001 -0.197889624361687E+000 -0.519295685089021E+001 -0.375221445702777E+002
  0.446919982114638E-014  0.796893240064141E+002  0.592747723041633E+002  0.111347815002847E+000  0.888652184997153E+000 -0.519295685089021E+001 -0.374581954262323E+002
  0.559976560624114E-014  0.792382932880844E+002  0.459781918218837E+002  0.136491286204474E+001 -0.364912862044736E+000 -0.519295685089021E+001 -0.372326800670675E+002
  0.631822144593358E-014  0.789968672662160E+002  0.819905005652749E+002  0.449554657932051E+000  0.550445342067949E+000 -0.519295685089021E+001 -0.371119670561332E+002
  0.677225434279273E-014  0.788580747266218E+002  0.488169325833067E+002  0.123306784978494E+001 -0.233067849784937E+000 -0.519295685089021E+001 -0.370425707863361E+002
  0.752728150561861E-014  0.786466748601628E+002  0.484256314120276E+002  0.124821248247132E+001 -0.248212482471319E+000 -0.519295685089021E+001 -0.369368708531067E+002
  0.759263955731613E-014  0.786293841723325E+002  0.453011977903228E+002  0.139325587766674E+001 -0.393255877666744E+000 -0.519295685089021E+001 -0.369282255091915E+002
  0.883720744988445E-014  0.783258009149409E+002  0.891924342875044E+002  0.357270469860873E+000  0.642729530139127E+000 -0.519295685089021E+001 -0.367764338804957E+002
  0.929609012359551E-014  0.782245549798747E+002  0.577144975664940E+002  0.919990665288045E+000  0.800093347119551E-001 -0.519295685089021E+001 -0.367258109129626E+002
  0.102629802200061E-013  0.780266562350567E+002  0.406504012658348E+002  0.165134241131025E+001 -0.651342411310249E+000 -0.519295685089021E+001 -0.366268615405536E+002
  0.140507988571052E-013  0.773983842651172E+002  0.472847112471575E+002  0.128887913057340E+001 -0.288879130573400E+000 -0.519295685089021E+001 -0.363127255555839E+002
  0.145335750256296E-013  0.773308197862530E+002  0.401140429139934E+002  0.167793809874286E+001 -0.677938098742855E+000 -0.519295685089021E+001 -0.362789433161517E+002
  0.146751130768050E-013  0.773114366275808E+002  0.677708124147468E+002  0.770091359880776E-001  0.922990864011922E+000 -0.519295685089021E+001 -0.362692517368156E+002
  0.170330280298811E-013  0.770134342007596E+002  0.682469189630455E+002  0.666336164625437E+000  0.333663835374563E+000 -0.519295685089021E+001 -0.361202505234050E+002
  0.182691270919336E-013  0.768733175876995E+002  0.667414127195222E+002  0.695959677193110E+000  0.304040322806890E+000 -0.519295685089021E+001 -0.360501922168750E+002
  0.209068329732669E-013  0.766035906856407E+002  0.566319310608225E+002  0.136427742429951E+000  0.863572257570049E+000 -0.519295685089021E+001 -0.359153287658456E+002
  0.249709459519332E-013  0.762483167955345E+002  0.426951365679615E+002  0.150921744051440E+001 -0.509217440514399E+000 -0.519295685089021E+001 -0.357376918207925E+002
  0.315218187330960E-013  0.757823828412616E+002  0.437501224774037E+002  0.318396678795722E+000  0.681603321204278E+000 -0.519295685089021E+001 -0.355047248436561E+002
  0.323455303402367E-013  0.757307910783166E+002  0.460687342432939E+002  0.133110012368129E+001 -0.331100123681295E+000 -0.519295685089021E+001 -0.354789289621835E+002
  0.413962968809510E-013  0.752373599107367E+002  0.587490660704661E+002  0.876776972700686E+000  0.123223027299314E+000 -0.519295685089021E+001 -0.352322133783936E+002
  0.415130473891153E-013  0.752317272242712E+002  0.512621884303633E+002  0.111190441450066E+001 -0.111904414500657E+000 -0.519295685089021E+001 -0.352293970351608E+002
  0.429065327312645E-013  0.751656945848401E+002  0.458485819983409E+002  0.276534828101293E+000  0.723465171898707E+000 -0.519295685089021E+001 -0.351963807154453E+002
  0.631053043971236E-013  0.743941331110381E+002  0.498701846903912E+002  0.213484820236598E+000  0.786515179763402E+000 -0.519295685089021E+001 -0.348105999785443E+002
  0.642158061596701E-013  0.743592440052435E+002  0.456630627284188E+002  0.133832426371929E+001 -0.338324263719295E+000 -0.519295685089021E+001 -0.347931554256470E+002
  0.669518125086246E-013  0.742757964810746E+002  0.452156371871590E+002  0.293287763931297E+000  0.706712236068703E+000 -0.519295685089021E+001 -0.347514316635625E+002
  0.102519611894078E-012  0.734236345381017E+002  0.419708058720486E+002  0.377509819073433E+000  0.622490180926567E+000 -0.519295685089021E+001 -0.343253506920761E+002
  0.109909592359366E-012  0.732844264893270E+002  0.408699839577117E+002  0.158202483844930E+001 -0.582024838449305E+000 -0.519295685089021E+001 -0.342557466676887E+002
  0.123345981763891E-012  0.730537562366496E+002  0.693609779046504E+002  0.631324497019665E+000  0.368675502980335E+000 -0.519295685089021E+001 -0.341404115413501E+002
  0.153974620342752E-012  0.726101671980319E+002  0.887029401098110E+002  0.349051998729683E+000  0.650948001270317E+000 -0.519295685089021E+001 -0.339186170220412E+002
  0.189645379542713E-012  0.721934309602329E+002  0.699342602617476E+002  0.617844807722739E+000  0.382155192277261E+000 -0.519295685089021E+001 -0.337102489031417E+002
  0.195379466903012E-012  0.721338554663430E+002  0.925940353437076E+002  0.303154376280547E+000  0.696845623719453E+000 -0.519295685089021E+001 -0.336804611561967E+002
  0.219056170628623E-012  0.719050864021218E+002  0.877315486629093E+002  0.556640524006087E-001  0.944335947599391E+000 -0.519295685089021E+001 -0.335660766240862E+002
  0.325105058314310E-012  0.711154459968672E+002  0.501303393560060E+002  0.112539293984022E+001 -0.125392939840223E+000 -0.519295685089021E+001 -0.331712564214588E+002
  0.414045989602039E-012  0.706317886624559E+002  0.960028107449823E+002  0.261131268498211E+000  0.738868731501789E+000 -0.519295685089021E+001 -0.329294277542532E+002
  0.569635949003990E-012  0.699937478281101E+002  0.636531888954636E+002  0.734323875505248E+000  0.265676124494752E+000 -0.519295685089021E+001 -0.326104073370803E+002
  0.599045980353984E-012  0.698930660556996E+002  0.903272310433844E+002  0.593438758759479E-001  0.940656124124052E+000 -0.519295685089021E+001 -0.325600664508751E+002
  0.820542461297566E-012  0.692638114503456E+002  0.402846047455307E+002  0.460470217401705E+000  0.539529782598295E+000 -0.519295685089021E+001 -0.322454391481981E+002
  0.829646591516443E-012  0.692417431362355E+002  0.922758744629253E+002  0.617114917552922E-001  0.938288508244708E+000 -0.519295685089021E+001 -0.322344049911430E+002
  0.884009471713911E-012  0.691148072153804E+002  0.955268544065190E+002  0.262354910440247E+000  0.737645089559753E+000 -0.519295685089021E+001 -0.321709370307155E+002
  0.967364307698775E-012  0.689345924405032E+002  0.670507579430705E+002  0.942283085151346E-001  0.905771691484865E+000 -0.519295685089021E+001 -0.320808296432768E+002
  0.109012733880838E-011  0.686956431837688E+002  0.964547176484596E+002  0.684612474372470E-001  0.931538752562753E+000 -0.519295685089021E+001 -0.319613550149096E+002
  0.114265946245776E-011  0.686015153971657E+002  0.502610326226950E+002  0.228872873980274E+000  0.771127126019726E+000 -0.519295685089021E+001 -0.319142911216081E+002
  0.132746664240085E-011  0.683016875204271E+002  0.441719656043332E+002  0.135129523299317E+001 -0.351295232993171E+000 -0.519295685089021E+001 -0.317643771832388E+002
  0.153503058533265E-011  0.680111315995160E+002  0.673738327945614E+002  0.650338409537545E+000  0.349661590462455E+000 -0.519295685089021E+001 -0.316190992227833E+002
  0.183296177028632E-011  0.676563659872398E+002  0.929012492598100E+002  0.649578843380886E-001  0.935042115661911E+000 -0.519295685089021E+001 -0.314417164166452E+002
  0.186318365242494E-011  0.676236588805425E+002  0.442208551978687E+002  0.134200979237039E+001 -0.342009792370394E+000 -0.519295685089021E+001 -0.314253628632965E+002
  0.255670415334797E-011  0.669907942339336E+002  0.909544118376941E+002  0.308359727791068E+000  0.691640272208932E+000 -0.519295685089021E+001 -0.311089305399921E+002
  0.351442444942633E-011  0.663544806706280E+002  0.907785750978162E+002  0.652684382519074E-001  0.934731561748093E+000 -0.519295685089021E+001 -0.307907737583393E+002
  0.375079727309200E-011  0.662242953647082E+002  0.416630680459133E+002  0.145165981590708E+001 -0.451659815907080E+000 -0.519295685089021E+001 -0.307256811053794E+002
  0.563150833623455E-011  0.654114775782112E+002  0.788538059414760E+002  0.455013973349539E+000  0.544986026650461E+000 -0.519295685089021E+001 -0.303192722121309E+002
  0.615132830752050E-011  0.652348961248742E+002  0.402677147279564E+002  0.151203094034636E+001 -0.512030940346360E+000 -0.519295685089021E+001 -0.302309814854624E+002
  0.780319271413004E-011  0.647591662672529E+002  0.888598548169672E+002  0.669133853009110E-001  0.933086614699089E+000 -0.519295685089021E+001 -0.299931165566517E+002
  0.860814450988673E-011  0.645628146295194E+002  0.992593164387978E+002  0.203968116713091E+000  0.796031883286909E+000 -0.519295685089021E+001 -0.298949407377850E+002
  0.954556405973925E-011  0.643560791113568E+002  0.505643440975578E+002  0.106034768251812E+001 -0.603476825181224E-001 -0.519295685089021E+001 -0.297915729787037E+002
  0.958333821083354E-011  0.643481802367303E+002  0.408672458582912E+002  0.477551128505865E+000  0.522448871494135E+000 -0.519295685089021E+001 -0.297876235413904E+002
  0.978549281073260E-011  0.643064302848399E+002  0.469389583346714E+002  0.119293515199497E+001 -0.192935151994969E+000 -0.519295685089021E+001 -0.297667485654452E+002
  0.107272675210119E-010  0.641226544791181E+002  0.481821100855151E+002  0.114348144784874E+001 -0.143481447848739E+000 -0.519295685089021E+001 -0.296748606625843E+002
  0.119109696123669E-010  0.639133126284513E+002  0.961638220537747E+002  0.239817174040135E+000  0.760182825959865E+000 -0.519295685089021E+001 -0.295701897372509E+002
  0.129833818314418E-010  0.637408917736849E+002  0.650876421318779E+002  0.677945027046661E+000  0.322054972953339E+000 -0.519295685089021E+001 -0.294839793098677E+002
  0.129926766411009E-010  0.637394604849363E+002  0.671501083258093E+002  0.637935361550393E+000  0.362064638449607E+000 -0.519295685089021E+001 -0.294832636654934E+002
  0.188043994522268E-010  0.630000505000429E+002  0.407799558655455E+002  0.145387669860017E+001 -0.453876698600167E+000 -0.519295685089021E+001 -0.291135586730467E+002
  0.207969287523627E-010  0.627986215724564E+002  0.549477036205611E+002  0.914007868599665E+000  0.859921314003349E-001 -0.519295685089021E+001 -0.290128442092535E+002
  0.240838179394321E-010  0.625051518914446E+002  0.425876059085257E+002  0.136021850704080E+001 -0.360218507040802E+000 -0.519295685089021E+001 -0.288661093687475E+002
  0.254422620144162E-010  0.623954089114333E+002  0.997790514860311E+002  0.960277385378424E-001  0.903972261462158E+000 -0.519295685089021E+001 -0.288112378787419E+002
  0.287478034166621E-010  0.621511094889420E+002  0.925124137784461E+002  0.745647814619216E-001  0.925435218538078E+000 -0.519295685089021E+001 -0.286890881674963E+002
  0.293245970220552E-010  0.621113789064802E+002  0.754767428703864E+002  0.820143014943387E-001  0.917985698505661E+000 -0.519295685089021E+001 -0.286692228762654E+002
  0.312292124760338E-010  0.619855243036510E+002  0.444865273875336E+002  0.127015936002065E+001 -0.270159360020648E+000 -0.519295685089021E+001 -0.286062955748508E+002
  0.366163990488464E-010  0.616672398087903E+002  0.536922619180794E+002  0.208641145770104E+000  0.791358854229896E+000 -0.519295685089021E+001 -0.284471533274204E+002
  0.409157482899183E-010  0.614452021463902E+002  0.438702768762188E+002  0.129036185094187E+001 -0.290361850941871E+000 -0.519295685089021E+001 -0.283361344962204E+002
  0.439575029423529E-010  0.613017855618479E+002  0.463497991957768E+002  0.334670785431815E+000  0.665329214568185E+000 -0.519295685089021E+001 -0.282644262039492E+002
  0.468449597679013E-010  0.611745453706569E+002  0.420558372902555E+002  0.459684203021806E+000  0.540315796978194E+000 -0.519295685089021E+001 -0.282008061083537E+002
  0.539955830977145E-010  0.608904277143293E+002  0.652849074068250E+002  0.118498832294736E+000  0.881501167705264E+000 -0.519295685089021E+001 -0.280587472801899E+002
  0.569210976372409E-010  0.607849000980047E+002  0.450526585471340E+002  0.369988196252041E+000  0.630011803747959E+000 -0.519295685089021E+001 -0.280059834720276E+002
  0.635935318020097E-010  0.605632086838979E+002  0.524038297795726E+002  0.229375447444298E+000  0.770624552555702E+000 -0.519295685089021E+001 -0.278951377649742E+002
  0.640383402564039E-010  0.605492682707991E+002  0.423507599483175E+002  0.134605733013796E+001 -0.346057330137955E+000 -0.519295685089021E+001 -0.278881675584248E+002
  0.677738399058321E-010  0.604358796550071E+002  0.984684984713399E+002  0.953484833332403E-001  0.904651516666760E+000 -0.519295685089021E+001 -0.278314732505288E+002
  0.823621213621425E-010  0.600459809337585E+002  0.742386914901044E+002  0.504829759549367E+000  0.495170240450633E+000 -0.519295685089021E+001 -0.276365238899045E+002
  0.905004277874203E-010  0.598575230565386E+002  0.788824881260264E+002  0.437461926634764E+000  0.562538073365236E+000 -0.519295685089021E+001 -0.275422949512945E+002
  0.126826307337933E-009  0.591825952285870E+002  0.414651516034709E+002  0.136691671340276E+001 -0.366916713402759E+000 -0.519295685089021E+001 -0.272048310373188E+002
  0.148515145716570E-009  0.588668583229949E+002  0.590617030431136E+002  0.785336896406514E+000  0.214663103593486E+000 -0.519295685089021E+001 -0.270469625845227E+002
  0.150510307067711E-009  0.588401690771064E+002  0.611201123556113E+002  0.738494634606714E+000  0.261505365393286E+000 -0.519295685089021E+001 -0.270336179615784E+002
  0.155788727084202E-009  0.587712306602431E+002  0.472568152159800E+002  0.328346630561442E+000  0.671653369438558E+000 -0.519295685089021E+001 -0.269991487531468E+002
  0.162458004222154E-009  0.586873931461665E+002  0.533735845687164E+002  0.223671250514008E+000  0.776328749485992E+000 -0.519295685089021E+001 -0.269572299961085E+002
  0.168194914130472E-009  0.586179851917031E+002  0.479833742520218E+002  0.110170199071843E+001 -0.101701990718427E+000 -0.519295685089021E+001 -0.269225260188768E+002
  0.176816416637326E-009  0.585180082114409E+002  0.996035266941686E+002  0.169020620969839E+000  0.830979379030161E+000 -0.519295685089021E+001 -0.268725375287457E+002
  0.248087656141215E-009  0.578406679399981E+002  0.402999408116848E+002  0.139813642953311E+001 -0.398136429533114E+000 -0.519295685089021E+001 -0.265338673930243E+002
  0.311715867017434E-009  0.573840480312943E+002  0.533432290964840E+002  0.229163704030826E+000  0.770836295969174E+000 -0.519295685089021E+001 -0.263055574386724E+002
  0.339174946733449E-009  0.572152001291457E+002  0.404950121106876E+002  0.137927748827324E+001 -0.379277488273241E+000 -0.519295685089021E+001 -0.262211334875981E+002
  0.384770433523180E-009  0.569629384520316E+002  0.527887124786728E+002  0.936104905572878E+000  0.638950944271223E-001 -0.519295685089021E+001 -0.260950026490410E+002
  0.385747106998150E-009  0.569578682287248E+002  0.448845575690915E+002  0.119736429648035E+001 -0.197364296480348E+000 -0.519295685089021E+001 -0.260924675373877E+002
  0.463438262113716E-009  0.565908858581718E+002  0.976098426844336E+002  0.192688480177233E+000  0.807311519822767E+000 -0.519295685089021E+001 -0.259089763521111E+002
  0.465265773670137E-009  0.565830146146114E+002  0.916147786634008E+002  0.269887250269178E+000  0.730112749730822E+000 -0.519295685089021E+001 -0.259050407303309E+002
  0.716452077751678E-009  0.557196094893465E+002  0.784538567539686E+002  0.429791034143935E+000  0.570208965856065E+000 -0.519295685089021E+001 -0.254733381676985E+002
  0.719585209971725E-009  0.557108823143120E+002  0.541492542269902E+002  0.889432642439398E+000  0.110567357560602E+000 -0.519295685089021E+001 -0.254689745801813E+002
  0.761637728385810E-009  0.555972901706499E+002  0.969280992592745E+002  0.104664458987381E+000  0.895335541012619E+000 -0.519295685089021E+001 -0.254121785083502E+002
  0.785116714879092E-009  0.555365674355835E+002  0.909148077572595E+002  0.274713708073991E+000  0.725286291926009E+000 -0.519295685089021E+001 -0.253818171408170E+002
  0.869973654074308E-009  0.553313063547599E+002  0.421998782788170E+002  0.506233836915305E+000  0.493766163084695E+000 -0.519295685089021E+001 -0.252791866004052E+002
  0.881305142593825E-009  0.553054243611437E+002  0.934090036484327E+002  0.243818531049602E+000  0.756181468950398E+000 -0.519295685089021E+001 -0.252662456035971E+002
  0.950034707039718E-009  0.551552351764871E+002  0.409704657945163E+002  0.132534966934793E+001 -0.325349669347927E+000 -0.519295685089021E+001 -0.251911510112688E+002
  0.959462564615865E-009  0.551354856134452E+002  0.479909226182238E+002  0.106822394788461E+001 -0.682239478846063E-001 -0.519295685089021E+001 -0.251812762297478E+002
  0.107648662274700E-008  0.549053164315729E+002  0.501942994447934E+002  0.996367550146540E+000  0.363244985346012E-002 -0.519295685089021E+001 -0.250661916388117E+002
  0.116438586653492E-008  0.547483340641600E+002  0.626045802540402E+002  0.686664415381952E+000  0.313335584618048E+000 -0.519295685089021E+001 -0.249877004551053E+002
  0.118082696595566E-008  0.547202916305786E+002  0.480814888087128E+002  0.106118401280645E+001 -0.611840128064494E-001 -0.519295685089021E+001 -0.249736792383146E+002
  0.133056102959292E-008  0.544815202937266E+002  0.943784602755745E+002  0.228423837328773E+000  0.771576162671227E+000 -0.519295685089021E+001 -0.248542935698886E+002
  0.174227778125936E-008  0.539423350001673E+002  0.475120755365899E+002  0.107191375421511E+001 -0.719137542151060E-001 -0.519295685089021E+001 -0.245847009231089E+002
  0.209112588476922E-008  0.535773164102773E+002  0.408262847848272E+002  0.587242406961464E+000  0.412757593038536E+000 -0.519295685089021E+001 -0.244021916281639E+002
  0.217253895506328E-008  0.535009286358676E+002  0.950517815240740E+002  0.215256459767956E+000  0.784743540232044E+000 -0.519295685089021E+001 -0.243639977409590E+002
  0.232030226338072E-008  0.533693267275659E+002  0.909844570120531E+002  0.266410735132847E+000  0.733589264867153E+000 -0.519295685089021E+001 -0.242981967868082E+002
  0.240685861512325E-008  0.532960768177641E+002  0.554774445761566E+002  0.838460405204396E+000  0.161539594795604E+000 -0.519295685089021E+001 -0.242615718319073E+002
  0.287023939495011E-008  0.529439307754944E+002  0.461650007043178E+002  0.110539603868170E+001 -0.105396038681703E+000 -0.519295685089021E+001 -0.240854988107725E+002
  0.300360255389628E-008  0.528530968147861E+002  0.938166432207364E+002  0.100149688875403E+000  0.899850311124597E+000 -0.519295685089021E+001 -0.240400818304183E+002
  0.310470974379655E-008  0.527868811923151E+002  0.560119099240137E+002  0.821867527955122E+000  0.178132472044878E+000 -0.519295685089021E+001 -0.240069740191828E+002
  0.377666315832778E-008  0.523950399389889E+002  0.824423204617174E+002  0.366720462832525E+000  0.633279537167475E+000 -0.519295685089021E+001 -0.238110533925197E+002
  0.594525735802846E-008  0.514875340157615E+002  0.514646264743445E+002  0.284424389292329E+000  0.715575610707671E+000 -0.519295685089021E+001 -0.233573004309060E+002
  0.793231896136813E-008  0.509108308101857E+002  0.404524603375267E+002  0.644211962408572E+000  0.355788037591428E+000 -0.519295685089021E+001 -0.230689488281181E+002
  0.951797899898855E-008  0.505463565813407E+002  0.560608601444851E+002  0.222094737872056E+000  0.777905262127944E+000 -0.519295685089021E+001 -0.228867117136956E+002
  0.979502063994439E-008  0.504889733366571E+002  0.647161609251669E+002  0.624905668454103E+000  0.375094331545897E+000 -0.519295685089021E+001 -0.228580200913538E+002
  0.101320320860617E-007  0.504213178559518E+002  0.675940978878647E+002  0.573826347257431E+000  0.426173652742569E+000 -0.519295685089021E+001 -0.228241923510012E+002
  0.103551616333515E-007  0.503777514459614E+002  0.741478230763415E+002  0.470996696586170E+000  0.529003303413830E+000 -0.519295685089021E+001 -0.228024091460060E+002
  0.123509961434833E-007  0.500252482154043E+002  0.810433350367591E+002  0.969710506729388E-001  0.903028949327061E+000 -0.519295685089021E+001 -0.226261575307274E+002
  0.132303207615416E-007  0.498876992081345E+002  0.731149795058307E+002  0.112640864935324E+000  0.887359135064676E+000 -0.519295685089021E+001 -0.225573830270925E+002
  0.135602245154634E-007  0.498384399747039E+002  0.401983036758223E+002  0.677152773898288E+000  0.322847226101712E+000 -0.519295685089021E+001 -0.225327534103772E+002
  0.140879573678270E-007  0.497620809637183E+002  0.748106749252819E+002  0.108292021438967E+000  0.891707978561033E+000 -0.519295685089021E+001 -0.224945739048844E+002
  0.145610632792782E-007  0.496960195187791E+002  0.874321748890990E+002  0.967083432277430E-001  0.903291656772257E+000 -0.519295685089021E+001 -0.224615431824148E+002
  0.145960416495849E-007  0.496912209097030E+002  0.759850029758332E+002  0.442296981357023E+000  0.557703018642977E+000 -0.519295685089021E+001 -0.224591438778767E+002
  0.149668334204346E-007  0.496410483584390E+002  0.528425155695250E+002  0.270731494757662E+000  0.729268505242338E+000 -0.519295685089021E+001 -0.224340576022448E+002
  0.240501564270646E-007  0.486924386522804E+002  0.430718056550858E+002  0.114466962346547E+001 -0.144669623465471E+000 -0.519295685089021E+001 -0.219597527491655E+002
  0.266233784424505E-007  0.484891422166195E+002  0.918956490900774E+002  0.235565099110951E+000  0.764434900889049E+000 -0.519295685089021E+001 -0.218581045313350E+002
  0.287173030215076E-007  0.483377219861609E+002  0.738378648112657E+002  0.114214543251237E+000  0.885785456748763E+000 -0.519295685089021E+001 -0.217823944161057E+002
  0.335609961102696E-007  0.480259925285642E+002  0.635951088002832E+002  0.162149750891171E+000  0.837850249108829E+000 -0.519295685089021E+001 -0.216265296873074E+002
  0.339559902118106E-007  0.480025910925999E+002  0.475903362078061E+002  0.390899949689588E+000  0.609100050310412E+000 -0.519295685089021E+001 -0.216148289693252E+002
  0.406601656747531E-007  0.476422238881709E+002  0.555686833681646E+002  0.796470058592408E+000  0.203529941407592E+000 -0.519295685089021E+001 -0.214346453671107E+002
  0.448501139591030E-007  0.474460693950379E+002  0.459007363340803E+002  0.104484977933284E+001 -0.448497793328413E-001 -0.519295685089021E+001 -0.213365681205442E+002
  0.478614890010015E-007  0.473160992666441E+002  0.873806824896884E+002  0.287931712306090E+000  0.712068287693910E+000 -0.519295685089021E+001 -0.212715830563473E+002
  0.614000319798652E-007  0.468179009418340E+002  0.407861582278316E+002  0.116147255846175E+001 -0.161472558461752E+000 -0.519295685089021E+001 -0.210224838939423E+002
  0.751968490075830E-007  0.464125029966634E+002  0.946651716586764E+002  0.140260957236993E+000  0.859739042763007E+000 -0.519295685089021E+001 -0.208197849213569E+002
  0.754470873763406E-007  0.464058584916158E+002  0.461135650767117E+002  0.102474627991387E+001 -0.247462799138725E-001 -0.519295685089021E+001 -0.208164626688332E+002
  0.794799951261586E-007  0.463017109411054E+002  0.642164717527284E+002  0.612640852816620E+000  0.387359147183380E+000 -0.519295685089021E+001 -0.207643888935779E+002
  0.801009749109532E-007  0.462861456034830E+002  0.498852516342276E+002  0.923756348075920E+000  0.762436519240799E-001 -0.519295685089021E+001 -0.207566062247667E+002
  0.823273148628480E-007  0.462313157609169E+002  0.543963802946902E+002  0.812760574815978E+000  0.187239425184022E+000 -0.519295685089021E+001 -0.207291913034837E+002
  0.850932566159252E-007  0.461652260703620E+002  0.630702345790284E+002  0.171795452431945E+000  0.828204547568055E+000 -0.519295685089021E+001 -0.206961464582063E+002
  0.961740503007743E-007  0.459204025060492E+002  0.942330785647911E+002  0.137624607360306E+000  0.862375392639694E+000 -0.519295685089021E+001 -0.205737346760498E+002
  0.133257207367392E-006  0.452681593525408E+002  0.495904270707641E+002  0.920404085480037E+000  0.795959145199632E-001 -0.519295685089021E+001 -0.202476130992956E+002
  0.150781541374069E-006  0.450210575670283E+002  0.909247233499395E+002  0.232151515317294E+000  0.767848484682706E+000 -0.519295685089021E+001 -0.201240622065394E+002
  0.173891865592063E-006  0.447358543660047E+002  0.559962083103888E+002  0.765244056273494E+000  0.234755943726506E+000 -0.519295685089021E+001 -0.199814606060276E+002
  0.188413744925908E-006  0.445754410227025E+002  0.419722395458116E+002  0.663726279337696E+000  0.336273720662304E+000 -0.519295685089021E+001 -0.199012539343765E+002
  0.203006460908090E-006  0.444262460424918E+002  0.402415963920770E+002  0.108577309105789E+001 -0.857730910578911E-001 -0.519295685089021E+001 -0.198266564442712E+002
  0.203826094818464E-006  0.444181873460303E+002  0.471812678902852E+002  0.433506010656680E+000  0.566493989343320E+000 -0.519295685089021E+001 -0.198226270960404E+002
  0.247218508392695E-006  0.440321764639904E+002  0.464929232411006E+002  0.460046734241551E+000  0.539953265758449E+000 -0.519295685089021E+001 -0.196296216550204E+002
  0.250350620485621E-006  0.440069968193384E+002  0.433686469226692E+002  0.104915041854200E+001 -0.491504185420037E-001 -0.519295685089021E+001 -0.196170318326944E+002
  0.252375584982972E-006  0.439908848647453E+002  0.416468676494550E+002  0.698928769312112E+000  0.301071230687888E+000 -0.519295685089021E+001 -0.196089758553979E+002
  0.255681497687433E-006  0.439648566133806E+002  0.403189388731957E+002  0.106594075106345E+001 -0.659407510634542E-001 -0.519295685089021E+001 -0.195959617297156E+002
  0.260254640389499E-006  0.439294005781427E+002  0.847199232191081E+002  0.307409976872193E+000  0.692590023127807E+000 -0.519295685089021E+001 -0.195782337120966E+002
  0.272094102150241E-006  0.438404257133254E+002  0.756775830816598E+002  0.120708455790533E+000  0.879291544209467E+000 -0.519295685089021E+001 -0.195337462796880E+002
  0.275622323819283E-006  0.438146585805198E+002  0.767841968574310E+002  0.408322211127805E+000  0.591677788872195E+000 -0.519295685089021E+001 -0.195208627132852E+002
  0.281004893091267E-006  0.437759774891927E+002  0.425506792744208E+002  0.643597447894229E+000  0.356402552105771E+000 -0.519295685089021E+001 -0.195015221676216E+002
  0.292690785184734E-006  0.436811991462189E+002  0.639227186669490E+002  0.603634667836916E+000  0.396365332163084E+000 -0.519295685089021E+001 -0.194541329961347E+002
  0.294328236587428E-006  0.436567522918579E+002  0.753837940514807E+002  0.426624082116669E+000  0.573375917883331E+000 -0.519295685089021E+001 -0.194419095689542E+002
  0.293185607224664E-006  0.436512426370872E+002  0.402093153729684E+002  0.104559279588583E+001 -0.455927958858269E-001 -0.519295685089021E+001 -0.194391547415689E+002
  0.300602898161761E-006  0.435879850750218E+002  0.401240977605828E+002  0.103735843785820E+001 -0.373584378581995E-001 -0.519295685089021E+001 -0.194075259605362E+002
  0.307328432713321E-006  0.435304422483565E+002  0.401456900412455E+002  0.860091584396359E+000  0.139908415603641E+000 -0.519295685089021E+001 -0.193787545472035E+002
  0.321053236692611E-006  0.434297732296584E+002  0.437010529754342E+002  0.103095674357470E+001 -0.309567435747007E-001 -0.519295685089021E+001 -0.193284200378545E+002
  0.326976302061542E-006  0.433799226607454E+002  0.408340083721525E+002  0.104901237864334E+001 -0.490123786433427E-001 -0.519295685089021E+001 -0.193034947533979E+002
  0.343471235321567E-006  0.432682022339513E+002  0.421589997529466E+002  0.104773464980648E+001 -0.477346498064846E-001 -0.519295685089021E+001 -0.192476345400009E+002
  0.371401600562274E-006  0.430985519679994E+002  0.788128202763688E+002  0.116590077960300E+000  0.883409922039700E+000 -0.519295685089021E+001 -0.191628094070250E+002
  0.399189510782687E-006  0.429409582624607E+002  0.401096190733372E+002  0.956578829493983E+000  0.434211705060173E-001 -0.519295685089021E+001 -0.190840125542556E+002
  0.429414484902887E-006  0.427816964784875E+002  0.671293251065598E+002  0.156679756883874E+000  0.843320243116126E+000 -0.519295685089021E+001 -0.190043816622690E+002
  0.446188157607199E-006  0.426917711463861E+002  0.504351707168787E+002  0.359516221760254E+000  0.640483778239746E+000 -0.519295685089021E+001 -0.189594189962183E+002
  0.470662724023220E-006  0.425716800378864E+002  0.501903183355420E+002  0.876131382895316E+000  0.123868617104684E+000 -0.519295685089021E+001 -0.188993734419685E+002
  0.503068929779958E-006  0.424252200616129E+002  0.817166905955674E+002  0.338828119009615E+000  0.661171880990385E+000 -0.519295685089021E+001 -0.188261434538317E+002
  0.532945524754581E-006  0.422965469443107E+002  0.927018975310610E+002  0.153240608187454E+000  0.846759391812546E+000 -0.519295685089021E+001 -0.187618068951806E+002
  0.552167572320642E-006  0.422123931403264E+002  0.410700637214601E+002  0.812347058766403E+000  0.187652941233597E+000 -0.519295685089021E+001 -0.187197299931885E+002
  0.569818296996386E-006  0.421361721357766E+002  0.421582488942295E+002  0.709569245543950E+000  0.290430754456050E+000 -0.519295685089021E+001 -0.186816194909135E+002
  0.604193355619745E-006  0.420057295721494E+002  0.545609990898329E+002  0.283549249436631E+000  0.716450750563369E+000 -0.519295685089021E+001 -0.186163982091000E+002
  0.641528534181741E-006  0.418725217035710E+002  0.792344108972866E+002  0.368144826959592E+000  0.631855173040408E+000 -0.519295685089021E+001 -0.185497942748108E+002
  0.689582911608474E-006  0.417147660672980E+002  0.410886540504824E+002  0.961195524975579E+000  0.388044750244213E-001 -0.519295685089021E+001 -0.184709164566742E+002
  0.796103330687872E-006  0.414141928799624E+002  0.509477697389858E+002  0.357283478543839E+000  0.642716521456161E+000 -0.519295685089021E+001 -0.183206298630065E+002
  0.800439742695496E-006  0.413900392641690E+002  0.442312928606075E+002  0.592521363675333E+000  0.407478636324667E+000 -0.519295685089021E+001 -0.183085530551097E+002
  0.919894797065638E-006  0.410985540637928E+002  0.443779356827497E+002  0.589983767987127E+000  0.410016232012873E+000 -0.519295685089021E+001 -0.181628104549217E+002
  0.998336933854045E-006  0.409216019465202E+002  0.464373631552091E+002  0.933530619642477E+000  0.664693803575234E-001 -0.519295685089021E+001 -0.180743343962854E+002
  0.106438948797701E-005  0.407801811918025E+002  0.575521703880297E+002  0.703176095437373E+000  0.296823904562627E+000 -0.519295685089021E+001 -0.180036240189265E+002
  0.112470060698656E-005  0.406566611282639E+002  0.415733244409394E+002  0.865797732992358E+000  0.134202267007642E+000 -0.519295685089021E+001 -0.179418639871572E+002
  0.120220308134492E-005  0.405100942396408E+002  0.454455853705014E+002  0.546638054759288E+000  0.453361945240712E+000 -0.519295685089021E+001 -0.178685805428457E+002
  0.126744720462907E-005  0.403911070986935E+002  0.417361316475177E+002  0.879095335505074E+000  0.120904664494926E+000 -0.519295685089021E+001 -0.178090869723720E+002
  0.128578511704993E-005  0.403490885825777E+002  0.529024776486553E+002  0.793465327508472E+000  0.206534672491528E+000 -0.519295685089021E+001 -0.177880777143141E+002
  0.131644351238890E-005  0.402886709495065E+002  0.469957297154451E+002  0.912618181009214E+000  0.873818189907861E-001 -0.519295685089021E+001 -0.177578688977785E+002
  0.142166362224447E-005  0.401215939456529E+002  0.725639646196503E+002  0.450151429553532E+000  0.549848570446468E+000 -0.519295685089021E+001 -0.176743303958517E+002
  0.148372195536255E-005  0.400228528307197E+002  0.483821861941385E+002  0.882317914171660E+000  0.117682085828340E+000 -0.519295685089021E+001 -0.176249598383851E+002
  0.153533132813825E-005  0.399411788630387E+002  0.425901465903005E+002  0.927541160618646E+000  0.724588393813541E-001 -0.519295685089021E+001 -0.175841228545446E+002
  0.167826204858670E-005  0.397498646648613E+002  0.421893172814561E+002  0.831485344960716E+000  0.168514655039284E+000 -0.519295685089021E+001 -0.174884657554559E+002
  0.170326839000751E-005  0.397069951303113E+002  0.501042433333205E+002  0.392367059416393E+000  0.607632940583607E+000 -0.519295685089021E+001 -0.174670309881809E+002
  0.185378665207329E-005  0.395243432478650E+002  0.896108064857348E+002  0.139368595050249E+000  0.860631404949751E+000 -0.519295685089021E+001 -0.173757050469578E+002
  0.201808744636985E-005  0.393412144263260E+002  0.440610973259546E+002  0.925119852598987E+000  0.748801474010126E-001 -0.519295685089021E+001 -0.172841406361882E+002
  0.202445164371381E-005  0.393216281079270E+002  0.526436637716880E+002  0.335836157433484E+000  0.664163842566516E+000 -0.519295685089021E+001 -0.172743474769887E+002
  0.204463718170312E-005  0.392884960508202E+002  0.450924788877467E+002  0.585959253094389E+000  0.414040746905611E+000 -0.519295685089021E+001 -0.172577814484353E+002
  0.204438941219689E-005  0.392754493404331E+002  0.502422577497303E+002  0.835660695104275E+000  0.164339304895725E+000 -0.519295685089021E+001 -0.172512580932418E+002
  0.211770481721869E-005  0.391916928552829E+002  0.500206185965950E+002  0.399374397196285E+000  0.600625602803715E+000 -0.519295685089021E+001 -0.172093798506667E+002
  0.215221743716127E-005  0.391460721539600E+002  0.503448926776936E+002  0.832005873071772E+000  0.167994126928228E+000 -0.519295685089021E+001 -0.171865695000052E+002
  0.237985839369493E-005  0.389316984471280E+002  0.739852623180117E+002  0.424779802551261E+000  0.575220197448739E+000 -0.519295685089021E+001 -0.170793826465893E+002
  0.255113473527028E-005  0.387794148277954E+002  0.824588360780023E+002  0.126433121448078E+000  0.873566878551922E+000 -0.519295685089021E+001 -0.170032408369230E+002
  0.269531238243845E-005  0.386561740321955E+002  0.478608939481321E+002  0.870481543363056E+000  0.129518456636944E+000 -0.519295685089021E+001 -0.169416204391230E+002
  0.291817378950203E-005  0.384839971536019E+002  0.431343631990499E+002  0.857264344242175E+000  0.142735655757825E+000 -0.519295685089021E+001 -0.168555319998262E+002
  0.360987704132543E-005  0.380452766579301E+002  0.457896161733177E+002  0.573390703959229E+000  0.426609296040771E+000 -0.519295685089021E+001 -0.166361717519903E+002
  0.366732673164440E-005  0.380004090235725E+002  0.674184282926849E+002  0.514967805153146E+000  0.485032194846854E+000 -0.519295685089021E+001 -0.166137379348115E+002
  0.392623799588219E-005  0.378506824805040E+002  0.815889791077990E+002  0.129772997376834E+000  0.870227002623166E+000 -0.519295685089021E+001 -0.165388746632773E+002
  0.393390573512482E-005  0.378334913078085E+002  0.436304960937701E+002  0.844444341252985E+000  0.155555658747015E+000 -0.519295685089021E+001 -0.165302790769295E+002
  0.396258569740886E-005  0.378056742064091E+002  0.554274512175016E+002  0.719119186154733E+000  0.280880813845267E+000 -0.519295685089021E+001 -0.165163705262298E+002
  0.404834493360883E-005  0.377495623746702E+002  0.525387063167561E+002  0.773160218606137E+000  0.226839781393863E+000 -0.519295685089021E+001 -0.164883146103604E+002
  0.407799112690696E-005  0.377216805750750E+002  0.817885334952401E+002  0.130171649577544E+000  0.869828350422456E+000 -0.519295685089021E+001 -0.164743737105628E+002
  0.417999041421951E-005  0.376589825756786E+002  0.471730201507497E+002  0.514500257087911E+000  0.485499742912089E+000 -0.519295685089021E+001 -0.164430247108646E+002
  0.532014566691663E-005  0.371633100288554E+002  0.874734964826013E+002  0.141728786790896E+000  0.858271213209103E+000 -0.519295685089021E+001 -0.161951884374530E+002
  0.568977834694669E-005  0.370156797263000E+002  0.569060768046311E+002  0.684742524102729E+000  0.315257475897271E+000 -0.519295685089021E+001 -0.161213732861753E+002
  0.599819501758075E-005  0.368968160388042E+002  0.893675180903959E+002  0.196634312041701E+000  0.803365687958299E+000 -0.519295685089021E+001 -0.160619414424274E+002
  0.602060627965373E-005  0.368760682101882E+002  0.750270218156349E+002  0.400809118888254E+000  0.599190881111746E+000 -0.519295685089021E+001 -0.160515675281193E+002
  0.598593105699087E-005  0.368743312710846E+002  0.890588423329365E+002  0.204638815500392E+000  0.795361184499608E+000 -0.519295685089021E+001 -0.160506990585676E+002
  0.607537601017222E-005  0.368313782056453E+002  0.843262236997018E+002  0.279481374983519E+000  0.720518625016481E+000 -0.519295685089021E+001 -0.160292225258479E+002
  0.605173001079814E-005  0.368258885174590E+002  0.653954785135546E+002  0.539478827271616E+000  0.460521172728384E+000 -0.519295685089021E+001 -0.160264776817548E+002
  0.663644901263038E-005  0.366281337323818E+002  0.555150184927699E+002  0.706434650412347E+000  0.293565349587653E+000 -0.519295685089021E+001 -0.159276002892162E+002
  0.680576169322722E-005  0.365644595908189E+002  0.806270428027881E+002  0.134748538613781E+000  0.865251461386219E+000 -0.519295685089021E+001 -0.158957632184347E+002
  0.702266154866584E-005  0.364884250595362E+002  0.886986863228950E+002  0.208468967868635E+000  0.791531032131365E+000 -0.519295685089021E+001 -0.158577459527933E+002
  0.714507222431192E-005  0.364405747030344E+002  0.477643447085022E+002  0.831381003268337E+000  0.168618996731663E+000 -0.519295685089021E+001 -0.158338207745424E+002
  0.744996240362828E-005  0.363437134852290E+002  0.870192504359132E+002  0.237976477155808E+000  0.762023522844192E+000 -0.519295685089021E+001 -0.157853901656398E+002
  0.744591255534451E-005  0.363315119084865E+002  0.818253630365346E+002  0.309678172506579E+000  0.690321827493421E+000 -0.519295685089021E+001 -0.157792893772685E+002
  0.771633086349330E-005  0.362468753375115E+002  0.482274915789735E+002  0.822489131898374E+000  0.177510868101626E+000 -0.519295685089021E+001 -0.157369710917810E+002
  0.774089754171682E-005  0.362272289160073E+002  0.852058096185599E+002  0.139043060989264E+000  0.860956939010736E+000 -0.519295685089021E+001 -0.157271478810289E+002
  0.788359402980474E-005  0.361774073251657E+002  0.446178843251254E+002  0.751018950685610E+000  0.248981049314390E+000 -0.519295685089021E+001 -0.157022370856081E+002
  0.796771508224194E-005  0.361428905060297E+002  0.839024216998854E+002  0.281390643044519E+000  0.718609356955481E+000 -0.519295685089021E+001 -0.156849786760401E+002
  0.796290999915708E-005  0.361308079227117E+002  0.484000098948165E+002  0.487801793772208E+000  0.512198206227792E+000 -0.519295685089021E+001 -0.156789373843811E+002
  0.795173613834009E-005  0.361203272849285E+002  0.490443620149313E+002  0.809949849649604E+000  0.190050150350396E+000 -0.519295685089021E+001 -0.156736970654895E+002
  0.811511908131675E-005  0.360663610233391E+002  0.459804954914282E+002  0.609383988123259E+000  0.390616011876741E+000 -0.519295685089021E+001 -0.156467139346948E+002
  0.828031847477117E-005  0.360127668264766E+002  0.503434766706385E+002  0.422807130573647E+000  0.577192869426353E+000 -0.519295685089021E+001 -0.156199168362636E+002
  0.836058846287310E-005  0.359801829727971E+002  0.449918630777392E+002  0.698773819945631E+000  0.301226180054369E+000 -0.519295685089021E+001 -0.156036249094238E+002
  0.863411251002123E-005  0.359025096610083E+002  0.468160459127105E+002  0.825482844494347E+000  0.174517155505653E+000 -0.519295685089021E+001 -0.155647882535294E+002
  0.858573725483820E-005  0.359004576962435E+002  0.595724902518349E+002  0.628652383779618E+000  0.371347616220382E+000 -0.519295685089021E+001 -0.155637622711470E+002
  0.965787554716313E-005  0.356518259435475E+002  0.450877832542336E+002  0.776807550460678E+000  0.223192449539322E+000 -0.519295685089021E+001 -0.154394463947990E+002
  0.103826142736752E-004  0.354938188552062E+002  0.829976146291167E+002  0.139047041401594E+000  0.860952958598406E+000 -0.519295685089021E+001 -0.153604428506284E+002
  0.104235271318285E-004  0.354726642246708E+002  0.499303225530170E+002  0.442182619804390E+000  0.557817380195610E+000 -0.519295685089021E+001 -0.153498655353607E+002
  0.103931957315070E-004  0.354652034191190E+002  0.809185409826288E+002  0.316976716687839E+000  0.683023283312161E+000 -0.519295685089021E+001 -0.153461351325847E+002
  0.114769425192944E-004  0.352535369558719E+002  0.487390647281729E+002  0.487925524759499E+000  0.512074475240501E+000 -0.519295685089021E+001 -0.152403019009612E+002
  0.117847077069253E-004  0.351873224512231E+002  0.595814434173490E+002  0.622849575043714E+000  0.377150424956286E+000 -0.519295685089021E+001 -0.152071946486368E+002
  0.122938209950053E-004  0.350894452776422E+002  0.758671889123890E+002  0.380714125304220E+000  0.619285874695780E+000 -0.519295685089021E+001 -0.151582560618464E+002
  0.126895622053384E-004  0.350127901843623E+002  0.866023543527416E+002  0.234614171720484E+000  0.765385828279516E+000 -0.519295685089021E+001 -0.151199285152064E+002
  0.126613760957660E-004  0.350039484485027E+002  0.457598327447523E+002  0.670277240790645E+000  0.329722759209355E+000 -0.519295685089021E+001 -0.151155076472766E+002
  0.128974716705147E-004  0.349537089821305E+002  0.812784874963064E+002  0.140674566116151E+000  0.859325433883849E+000 -0.519295685089021E+001 -0.150903879140905E+002
  0.131130478233918E-004  0.349072669888140E+002  0.543473376946561E+002  0.334905861844087E+000  0.665094138155913E+000 -0.519295685089021E+001 -0.150671669174322E+002
  0.134593778343130E-004  0.348418412068185E+002  0.544771156102661E+002  0.332841872028809E+000  0.667158127971191E+000 -0.519295685089021E+001 -0.150344540264345E+002
  0.134974392813411E-004  0.348229043518900E+002  0.456790388033896E+002  0.697062254931579E+000  0.302937745068421E+000 -0.519295685089021E+001 -0.150249855989703E+002
  0.134888333513426E-004  0.348108908676307E+002  0.458107157475157E+002  0.677424991428440E+000  0.322575008571560E+000 -0.519295685089021E+001 -0.150189788568406E+002
  0.137364519566895E-004  0.347612200979275E+002  0.463046842042716E+002  0.630264603673721E+000  0.369735396326279E+000 -0.519295685089021E+001 -0.149941434719890E+002
  0.160261531088606E-004  0.344395931505771E+002  0.605917249884513E+002  0.243287885028837E+000  0.756712114971163E+000 -0.519295685089021E+001 -0.148333299983138E+002
  0.165918904742242E-004  0.343569198786264E+002  0.705382519439562E+002  0.168449804903660E+000  0.831550195096340E+000 -0.519295685089021E+001 -0.147919933623384E+002
  0.180411212909688E-004  0.341761515568376E+002  0.567037880007924E+002  0.662203857510739E+000  0.337796142489261E+000 -0.519295685089021E+001 -0.147016092014440E+002
  0.182939214207772E-004  0.341350321247033E+002  0.594761625959559E+002  0.616003767213584E+000  0.383996232786416E+000 -0.519295685089021E+001 -0.146810494853769E+002
  0.187744815704826E-004  0.340698835539826E+002  0.860140182900938E+002  0.154412099652342E+000  0.845587900347658E+000 -0.519295685089021E+001 -0.146484752000166E+002
  0.253887074748294E-004  0.334529826624467E+002  0.570566165373519E+002  0.297143765929757E+000  0.702856234070243E+000 -0.519295685089021E+001 -0.143400247542486E+002
  0.289683898693386E-004  0.331758920901434E+002  0.868254490109772E+002  0.170825416863743E+000  0.829174583136257E+000 -0.519295685089021E+001 -0.142014794680970E+002
  0.296254231070259E-004  0.331177477038000E+002  0.564808909193982E+002  0.655254789309168E+000  0.344745210690832E+000 -0.519295685089021E+001 -0.141724072749252E+002
  0.298540267817594E-004  0.330890849186531E+002  0.627934329923265E+002  0.227406571707087E+000  0.772593428292913E+000 -0.519295685089021E+001 -0.141580758823518E+002
  0.298124357472805E-004  0.330785840689818E+002  0.481545371753872E+002  0.747050858743639E+000  0.252949141256361E+000 -0.519295685089021E+001 -0.141528254575162E+002
  0.311902035179562E-004  0.329749380989795E+002  0.836888607374138E+002  0.264844777959435E+000  0.735155222040565E+000 -0.519295685089021E+001 -0.141010024725150E+002
  0.320286139751312E-004  0.329085977449931E+002  0.780101413630450E+002  0.341078724425910E+000  0.658921275574090E+000 -0.519295685089021E+001 -0.140678322955218E+002
  0.318173571873431E-004  0.329085441107473E+002  0.535552582991371E+002  0.697839833623616E+000  0.302160166376384E+000 -0.519295685089021E+001 -0.140678054783989E+002
  0.318109107730474E-004  0.328956602800512E+002  0.582904242098222E+002  0.282098420738270E+000  0.717901579261730E+000 -0.519295685089021E+001 -0.140613635630509E+002
  0.333880093233079E-004  0.327855962021732E+002  0.552029586901839E+002  0.335413626253645E+000  0.664586373746355E+000 -0.519295685089021E+001 -0.140063315241118E+002
  0.335626976270279E-004  0.327618702620346E+002  0.581559478905635E+002  0.625151894298401E+000  0.374848105701599E+000 -0.519295685089021E+001 -0.139944685540426E+002
  0.364746488188927E-004  0.325821767650224E+002  0.504607114852824E+002  0.464772977718451E+000  0.535227022281549E+000 -0.519295685089021E+001 -0.139046218055365E+002
  0.381187511533993E-004  0.324807099776793E+002  0.513962521676468E+002  0.719277972536452E+000  0.280722027463548E+000 -0.519295685089021E+001 -0.138538884118649E+002
  0.409784781253308E-004  0.323227395166609E+002  0.606479921785639E+002  0.582227097912105E+000  0.417772902087895E+000 -0.519295685089021E+001 -0.137749031813557E+002
  0.414115339875812E-004  0.322884255599186E+002  0.849648775476160E+002  0.239130788153257E+000  0.760869211846743E+000 -0.519295685089021E+001 -0.137577462029845E+002
  0.413221034157571E-004  0.322794602590730E+002  0.833112554032205E+002  0.155572493753654E+000  0.844427506246346E+000 -0.519295685089021E+001 -0.137532635525617E+002
  0.444723969907744E-004  0.321192288618330E+002  0.592229193834769E+002  0.602516649247844E+000  0.397483350752156E+000 -0.519295685089021E+001 -0.136731478539417E+002
  0.493866123120927E-004  0.318963184218598E+002  0.855958685516578E+002  0.171125829487421E+000  0.828874170512579E+000 -0.519295685089021E+001 -0.135616926339551E+002
  0.515199643359273E-004  0.317984493205798E+002  0.479501760100428E+002  0.663427972674596E+000  0.336572027325404E+000 -0.519295685089021E+001 -0.135127580833151E+002
  0.569805789300489E-004  0.315836780357579E+002  0.712566396663995E+002  0.176565403288263E+000  0.823434596711737E+000 -0.519295685089021E+001 -0.134053724409042E+002
  0.613709138286152E-004  0.314219379152863E+002  0.515130626160038E+002  0.445897452180988E+000  0.554102547819012E+000 -0.519295685089021E+001 -0.133245023806684E+002
  0.674474046991956E-004  0.312198246343628E+002  0.641965202427229E+002  0.224233503141296E+000  0.775766496858704E+000 -0.519295685089021E+001 -0.132234457402066E+002
  0.675081245378554E-004  0.312047358496289E+002  0.486555516304724E+002  0.599042987199405E+000  0.400957012800595E+000 -0.519295685089021E+001 -0.132159013478397E+002
  0.698410127339303E-004  0.311234998481131E+002  0.534359823946625E+002  0.674438776005255E+000  0.325561223994745E+000 -0.519295685089021E+001 -0.131752833470818E+002
  0.700115062078238E-004  0.311053343811949E+002  0.852909064929966E+002  0.178073127392487E+000  0.821926872607513E+000 -0.519295685089021E+001 -0.131662006136227E+002
  0.720736497199453E-004  0.310339874836866E+002  0.517614284130438E+002  0.689703463984177E+000  0.310296536015823E+000 -0.519295685089021E+001 -0.131305271648686E+002
  0.732549824338641E-004  0.309881828858801E+002  0.775406591746608E+002  0.336046215726197E+000  0.663953784273803E+000 -0.519295685089021E+001 -0.131076248659653E+002
  0.843052282533381E-004  0.306938985653661E+002  0.713464155613742E+002  0.180136039021877E+000  0.819863960978123E+000 -0.519295685089021E+001 -0.129604827057083E+002
  0.845120794768307E-004  0.306757082922534E+002  0.683886436199142E+002  0.195808335516905E+000  0.804191664483095E+000 -0.519295685089021E+001 -0.129513875691519E+002
  0.934068070250342E-004  0.304622797140202E+002  0.554730713777523E+002  0.351295312463251E+000  0.648704687536749E+000 -0.519295685089021E+001 -0.128446732800354E+002
  0.943448179984477E-004  0.304290063801859E+002  0.568531967048931E+002  0.324335224023381E+000  0.675664775976619E+000 -0.519295685089021E+001 -0.128280366131182E+002
  0.970719235341099E-004  0.303587256220588E+002  0.686251126312985E+002  0.195911420199961E+000  0.804088579800039E+000 -0.519295685089021E+001 -0.127928962340547E+002
  0.982397743348682E-004  0.303215185689413E+002  0.663206397047522E+002  0.483023665450156E+000  0.516976334549844E+000 -0.519295685089021E+001 -0.127742927074959E+002
  0.100797604336920E-003  0.302568226404245E+002  0.531183824102685E+002  0.663963123234727E+000  0.336036876765273E+000 -0.519295685089021E+001 -0.127419447432375E+002
  0.101570780961880E-003  0.302282509230495E+002  0.492640042917788E+002  0.616599314804651E+000  0.383400685195349E+000 -0.519295685089021E+001 -0.127276588845500E+002
  0.101918353646628E-003  0.302081295706524E+002  0.626781875449139E+002  0.534264312254526E+000  0.465735687745474E+000 -0.519295685089021E+001 -0.127175982083515E+002
  0.107460501724647E-003  0.300889378533584E+002  0.499365769382913E+002  0.660533493673285E+000  0.339466506326715E+000 -0.519295685089021E+001 -0.126580023497044E+002
  0.107523246719200E-003  0.300744813309071E+002  0.807467848644053E+002  0.164189575485459E+000  0.835810424514541E+000 -0.519295685089021E+001 -0.126507740884788E+002
  0.109905731833663E-003  0.300173603608660E+002  0.509888607899728E+002  0.669386445066229E+000  0.330613554933771E+000 -0.519295685089021E+001 -0.126222136034582E+002
  0.109207279402831E-003  0.300168218609382E+002  0.848866344884590E+002  0.196354858259698E+000  0.803645141740302E+000 -0.519295685089021E+001 -0.126219443534944E+002
  0.111384343659071E-003  0.299640546681627E+002  0.745779145961969E+002  0.171653793666981E+000  0.828346206333019E+000 -0.519295685089021E+001 -0.125955607571066E+002
  0.112471827475293E-003  0.299313335989544E+002  0.503881092039464E+002  0.526264516712727E+000  0.473735483287273E+000 -0.519295685089021E+001 -0.125792002225025E+002
  0.114479605570340E-003  0.298826566695207E+002  0.529594384169083E+002  0.422526562688706E+000  0.577473437311294E+000 -0.519295685089021E+001 -0.125548617577856E+002
  0.113866020145622E-003  0.298801159730588E+002  0.845906586758432E+002  0.188355492979333E+000  0.811644507020667E+000 -0.519295685089021E+001 -0.125535914095547E+002
  0.114733021131096E-003  0.298516561303383E+002  0.498832112459884E+002  0.646140705113319E+000  0.353859294886681E+000 -0.519295685089021E+001 -0.125393614881944E+002
  0.116334045365508E-003  0.298106512846165E+002  0.570511807323424E+002  0.610564973694150E+000  0.389435026305850E+000 -0.519295685089021E+001 -0.125188590653335E+002
  0.116175170573057E-003  0.298000954210265E+002  0.763259885196240E+002  0.344637204297577E+000  0.655362795702423E+000 -0.519295685089021E+001 -0.125135811335385E+002
  0.116447798988762E-003  0.297821184315350E+002  0.543616073848842E+002  0.384639650617594E+000  0.615360349382406E+000 -0.519295685089021E+001 -0.125045926387927E+002
  0.117157209952465E-003  0.297566821212125E+002  0.818830989241500E+002  0.168325493099855E+000  0.831674506900145E+000 -0.519295685089021E+001 -0.124918744836315E+002
  0.119495924056521E-003  0.297038619261867E+002  0.688914908457605E+002  0.197561822743763E+000  0.802438177256237E+000 -0.519295685089021E+001 -0.124654643861186E+002
  0.118897142111959E-003  0.297006198310146E+002  0.507152015150440E+002  0.658036119888854E+000  0.341963880111146E+000 -0.519295685089021E+001 -0.124638433385326E+002
  0.123455728751327E-003  0.296120830399594E+002  0.504016719735395E+002  0.649777529656744E+000  0.350222470343256E+000 -0.519295685089021E+001 -0.124195749430049E+002
  0.123398663395286E-003  0.295997186349632E+002  0.558799484337502E+002  0.623169737309701E+000  0.376830262690299E+000 -0.519295685089021E+001 -0.124133927405068E+002
  0.134236868580872E-002  0.244080879241154E+002  0.839535042042473E+002  0.189852886617078E+000  0.810147113382922E+000 -0.519295685089021E+001 -0.122040439620577E+002
  0.172004742715244E-002  0.239122556542513E+002  0.837859775514636E+002  0.208444152215552E+000  0.791555847784448E+000 -0.519295685089021E+001 -0.119561278271257E+002
  0.316793554943670E-002  0.226907991239899E+002  0.819313953706319E+002  0.190803545913144E+000  0.809196454086856E+000 -0.519295685089021E+001 -0.113453995619950E+002
  0.319406927174098E-002  0.226743679077097E+002  0.796441314579865E+002  0.180585240104313E+000  0.819414759895687E+000 -0.519295685089021E+001 -0.113371839538549E+002
  0.330269175198194E-002  0.226074837461872E+002  0.824484023436087E+002  0.200445029101250E+000  0.799554970898750E+000 -0.519295685089021E+001 -0.113037418730936E+002
  0.392385444091680E-002  0.222628104900984E+002  0.813646410983182E+002  0.191685041872585E+000  0.808314958127415E+000 -0.519295685089021E+001 -0.111314052450492E+002
  0.477543659725036E-002  0.218699885755294E+002  0.802720274835009E+002  0.262888554227866E+000  0.737111445772134E+000 -0.519295685089021E+001 -0.109349942877647E+002
  0.522297405986960E-002  0.216908254171484E+002  0.816022051928512E+002  0.228756601729077E+000  0.771243398270923E+000 -0.519295685089021E+001 -0.108454127085742E+002
  0.605554333409110E-002  0.213950111707785E+002  0.814571564874275E+002  0.221125742671707E+000  0.778874257328293E+000 -0.519295685089021E+001 -0.106975055853893E+002
  0.646202793073927E-002  0.212650730035961E+002  0.812173406848142E+002  0.229350288959550E+000  0.770649711040450E+000 -0.519295685089021E+001 -0.106325365017981E+002
  0.661877822057373E-002  0.212171377948132E+002  0.812577222517201E+002  0.224248685265566E+000  0.775751314734434E+000 -0.519295685089021E+001 -0.106085688974066E+002
  0.772488420460607E-002  0.209080657170405E+002  0.803095426138867E+002  0.247996875057868E+000  0.752003124942132E+000 -0.519295685089021E+001 -0.104540328585203E+002
  0.960499334824825E-002  0.204723931756131E+002  0.805056643629284E+002  0.224564478837088E+000  0.775435521162912E+000 -0.519295685089021E+001 -0.102361965878065E+002
  0.143484723510995E-001  0.196696724226547E+002  0.788648344270953E+002  0.210881680651648E+000  0.789118319348352E+000 -0.519295685089021E+001 -0.983483621132734E+001
  0.144087696942695E-001  0.196612853274750E+002  0.795624263455768E+002  0.234514930602838E+000  0.765485069397162E+000 -0.519295685089021E+001 -0.983064266373749E+001
  0.173011510574128E-001  0.192954133141915E+002  0.791512185474594E+002  0.229255073903367E+000  0.770744926096633E+000 -0.519295685089021E+001 -0.964770665709577E+001
