#        weight    minuslogpost              h0              wm              wl              wk   minuslogprior minuslogprior__0            chi2    chi2__lnlike
 1.4821969e-323       762.68817       72.510883         2.90615      -1.8448649    -0.061285119       6.9847163        6.9847163       1511.4069       1511.4069
  6.916919e-323       761.04942       81.165591       1.9419043      -1.8734916      0.93158731       6.9847163        6.9847163       1508.1294       1508.1294
  1.136351e-322       760.51002       73.117581       2.2000424      -2.8398604        1.639818       6.9847163        6.9847163       1507.0506       1507.0506
 2.1732466e-319       752.97242       86.759068       1.9896357      -1.0156123     0.025976602       6.9847163        6.9847163       1491.9754       1491.9754
 9.0008879e-319       751.55132       90.528816       1.5545784      -1.2737343      0.71915595       6.9847163        6.9847163       1489.1332       1489.1332
 1.0285903e-318       751.41787       84.513881       1.7878437      -1.6069085      0.81906489       6.9847163        6.9847163       1488.8663       1488.8663
 2.3248704e-316       745.99722       97.279338      0.67524306      -1.9773542       2.3021111       6.9847163        6.9847163        1478.025        1478.025
 2.4798904e-316       745.93267       87.920196       2.5570877      0.06320575      -1.6202934       6.9847163        6.9847163       1477.8959       1477.8959
 8.7629362e-315       742.36777       74.018741       2.9592376      -1.3249493     -0.63428829       6.9847163        6.9847163       1470.7661       1470.7661
 2.1145531e-314       741.48687       96.475104       1.1859442      -1.2408628       1.0549186       6.9847163        6.9847163       1469.0043       1469.0043
 4.5097742e-314       740.72947       79.120806       2.9376785     -0.47053884      -1.4671396       6.9847163        6.9847163       1467.4895       1467.4895
 3.2373753e-313       738.75837        75.69666       1.9546345      -2.6053719       1.6507374       6.9847163        6.9847163       1463.5473       1463.5473
 1.0135138e-312       737.61712       75.350237       2.1639493      -2.3270593         1.16311       6.9847163        6.9847163       1461.2648       1461.2648
 6.5141282e-312       735.75657        97.05367       2.6827429        1.215808      -2.8985509       6.9847163        6.9847163       1457.5437       1457.5437
 4.6098148e-311       733.79977       80.894191        2.700108     -0.55031501       -1.149793       6.9847163        6.9847163       1453.6301       1453.6301
  5.299998e-310       731.35767       71.046101       2.7010146      -2.2643284      0.56331379       6.9847163        6.9847163       1448.7459       1448.7459
 1.1751831e-309       730.56137       81.857811       1.4233898      -2.4295293       2.0061395       6.9847163        6.9847163       1447.1533       1447.1533
 1.9079395e-309       730.07677       91.102397       1.2975263      -1.5245924       1.2270661       6.9847163        6.9847163       1446.1841       1446.1841
 7.5219159e-309       728.70497       93.338861       1.9528857     -0.26713272     -0.68575297       6.9847163        6.9847163       1443.4405       1443.4405
 9.9713698e-309       728.42307        80.87755       1.2412066      -2.8419784       2.6007717       6.9847163        6.9847163       1442.8767       1442.8767
 1.2940649e-308       728.16242       88.303552       2.2199665     -0.35401966      -0.8659468       6.9847163        6.9847163       1442.3554       1442.3554
  6.894918e-308       726.48942       99.141263      0.16047714      -2.5354452       3.3749681       6.9847163        6.9847163       1439.0094       1439.0094
 1.0033029e-307       726.11432       96.245907      0.54380855      -2.1916433       2.6478348       6.9847163        6.9847163       1438.2592       1438.2592
 5.2409297e-307       724.46112       87.724832       1.0499141      -2.2466282       2.1967141       6.9847163        6.9847163       1434.9528       1434.9528
 1.5197793e-306       723.39647       95.325255       1.5222036     -0.74562088      0.22341728       6.9847163        6.9847163       1432.8235       1432.8235
 3.6864423e-306       722.51037       72.134785         2.74646      -1.9039685      0.15750847       6.9847163        6.9847163       1431.0513       1431.0513
 1.5544615e-305       721.07132       92.207794       2.9250701       1.2306663      -3.1557364       6.9847163        6.9847163       1428.1732       1428.1732
 3.8801764e-305       720.15657       99.540878      0.50344141      -1.9607017       2.4572602       6.9847163        6.9847163       1426.3437       1426.3437
 4.6738325e-305       719.97047       75.651039       2.2875631      -1.9658886      0.67832558       6.9847163        6.9847163       1425.9715       1425.9715
 1.3987009e-304       718.87432        73.26071       2.2596161      -2.4398025       1.1801864       6.9847163        6.9847163       1423.7792       1423.7792
 3.0196537e-304       718.10472       92.292025      0.82817989      -2.0843794       2.2561995       6.9847163        6.9847163         1422.24         1422.24
 8.0080656e-304       717.12942        94.78229      0.63150664      -2.1509964       2.5194897       6.9847163        6.9847163       1420.2894       1420.2894
 1.6623981e-303       716.39902       91.911335        1.024576      -1.8105273       1.7859513       6.9847163        6.9847163       1418.8286       1418.8286
  7.546709e-303       714.88617       88.103435       1.4484578        -1.53812       1.0896622       6.9847163        6.9847163       1415.8029       1415.8029
 1.0295043e-302       714.57562       92.680874      0.96598536      -1.8194301       1.8534448       6.9847163        6.9847163       1415.1818       1415.1818
 9.4548353e-302       712.35817        80.71815       2.7834965     -0.32161975      -1.4618768       6.9847163        6.9847163       1410.7469       1410.7469
 1.2323141e-301       712.09322       94.110698       1.0918503      -1.4812693        1.389419       6.9847163        6.9847163        1410.217        1410.217
 3.4580528e-300       708.75882       86.625112       1.2741011      -1.9491904       1.6750893       6.9847163        6.9847163       1403.5482       1403.5482
  1.024526e-298       705.37012       90.839023       1.3559135      -1.3531622      0.99724868       6.9847163        6.9847163       1396.7708       1396.7708
 4.5459302e-298       703.88012       85.174516       1.3309426      -2.0078186        1.676876       6.9847163        6.9847163       1393.7908       1393.7908
 8.8112855e-298       703.21832       96.859764       1.2188527      -1.0107462      0.79189347       6.9847163        6.9847163       1392.4672       1392.4672
 9.1819479e-298       703.17712       76.961362       1.4915452      -2.9043613        2.412816       6.9847163        6.9847163       1392.3848       1392.3848
 2.3653264e-296       699.92827       78.346771       2.6739911     -0.78032286     -0.89366826       6.9847163        6.9847163       1385.8871       1385.8871
 2.1576643e-295       697.71757       81.725474       2.0229261      -1.3245171        0.301591       6.9847163        6.9847163       1381.4657       1381.4657
 2.6547601e-293       692.90507       78.623367       2.8669971     -0.38310228      -1.4838949       6.9847163        6.9847163       1371.8407       1371.8407
 4.8671705e-293       692.29892       95.818956       1.7521084     -0.21771038     -0.53439797       6.9847163        6.9847163       1370.6284       1370.6284
 7.1686661e-292       689.60912       92.489343       2.7571685       1.1175781      -2.8747466       6.9847163        6.9847163       1365.2488       1365.2488
 8.6856451e-292       689.41717       78.454344       2.8051536     -0.48879423      -1.3163594       6.9847163        6.9847163       1364.8649       1364.8649
  1.868794e-291       688.65097       81.358933       2.9708992      0.20578479       -2.176684       6.9847163        6.9847163       1363.3325       1363.3325
  2.083094e-290       686.23982       91.300128       1.9295042     -0.31933774      -0.6101665       6.9847163        6.9847163       1358.5102       1358.5102
 1.0280062e-289       684.64347       96.592103       1.6320854      -0.3132814     -0.31880405       6.9847163        6.9847163       1355.3175       1355.3175
 1.6766918e-289       684.15427       72.989648        2.118629      -2.4824377       1.3638086       6.9847163        6.9847163       1354.3391       1354.3391
  2.518506e-289       683.74742       77.019332        2.265714      -1.5486194      0.28290537       6.9847163        6.9847163       1353.5254       1353.5254
 3.9537616e-289       683.29642        95.86144       1.8221929    -0.067377102     -0.75481576       6.9847163        6.9847163       1352.6234       1352.6234
 6.0666994e-289       682.86827         85.4443       1.6262463      -1.4079392      0.78169294       6.9847163        6.9847163       1351.7671       1351.7671
  1.086309e-288       682.28572       93.491962       1.4015246     -0.93238003      0.53085543       6.9847163        6.9847163        1350.602        1350.602
 1.5866302e-286       677.30172       75.864492       2.8390685     -0.77134635      -1.0677221       6.9847163        6.9847163        1340.634        1340.634
 2.2586502e-286       676.94857       98.423757       2.7857913       1.7261861      -3.5119773       6.9847163        6.9847163       1339.9277       1339.9277
 7.0126325e-286       675.81562       92.115917        2.748578       1.1283648      -2.8769428       6.9847163        6.9847163       1337.6618       1337.6618
 1.2772263e-284       672.91347       93.552862      0.75728052      -1.8886319       2.1313513       6.9847163        6.9847163       1331.8575       1331.8575
 1.4672504e-284       672.77477       85.745066       1.1718762      -2.0360746       1.8641985       6.9847163        6.9847163       1331.5801       1331.5801
 1.7909473e-284       672.57542       90.902006       2.0841899    -0.050856008      -1.0333339       6.9847163        6.9847163       1331.1814       1331.1814
  2.582078e-284       672.20957       94.288863       1.4243942     -0.78477171      0.36037753       6.9847163        6.9847163       1330.4497       1330.4497
 7.5730579e-284       671.13357       74.752899       2.5470361      -1.3924792     -0.15455683       6.9847163        6.9847163       1328.2977       1328.2977
 8.3477458e-284       671.03617         76.8795       2.8095251     -0.61509296      -1.1944321       6.9847163        6.9847163       1328.1029       1328.1029
 3.1884275e-282       667.39347       83.249369       2.3993154     -0.36107462      -1.0382408       6.9847163        6.9847163       1320.8175       1320.8175
 3.5454813e-282       667.28732       76.272602       2.3733995      -1.3938737     0.020474234       6.9847163        6.9847163       1320.6052       1320.6052
 4.6829127e-282       667.00907       96.204292      0.54093441      -1.9702084        2.429274       6.9847163        6.9847163       1320.0487       1320.0487
 2.0309216e-281       665.54192       81.286815       1.5637892      -1.9360457       1.3722564       6.9847163        6.9847163       1317.1144       1317.1144
 2.7536715e-281       665.23747       87.397676       1.3266091       -1.574079       1.2474699       6.9847163        6.9847163       1316.5055       1316.5055
 3.3989101e-280       662.72437       76.172711       2.2935143      -1.5096311      0.21611682       6.9847163        6.9847163       1311.4793       1311.4793
 3.9928569e-280       662.56332       91.258893       1.6775909     -0.61982896    -0.057761898       6.9847163        6.9847163       1311.1572       1311.1572
 1.5659084e-279       661.19677       71.252056       2.9413367      -1.3305394     -0.61079728       6.9847163        6.9847163       1308.4241       1308.4241
 6.6214719e-279       659.75492       99.743236       1.6534028     0.057814449     -0.71121729       6.9847163        6.9847163       1305.5404       1305.5404
 5.2032705e-278       657.69337       93.333201        1.157679      -1.2253333       1.0676543       6.9847163        6.9847163       1301.4173       1301.4173
 8.3502152e-278       657.22037       76.949762       2.4767393      -1.0573579     -0.41938142       6.9847163        6.9847163       1300.4713       1300.4713
 1.7438459e-277       656.48397       85.060167       1.2013534        -1.98827       1.7869166       6.9847163        6.9847163       1298.9985       1298.9985
 6.6170191e-277       655.15042       84.858308       2.1115762     -0.56613988      -0.5454363       6.9847163        6.9847163       1296.3314       1296.3314
 2.8070421e-275       651.40277       74.901715       1.7136801      -2.5701241        1.856444       6.9847163        6.9847163       1288.8361       1288.8361
 1.7302904e-274       649.58402       72.666279       2.7681672      -1.2604542       -0.507713       6.9847163        6.9847163       1285.1986       1285.1986
 6.1223398e-274       648.32037       89.143683       2.4815871      0.52725945      -2.0088465       6.9847163        6.9847163       1282.6713       1282.6713
  2.543285e-273       646.89627        89.26472       1.9018905      -0.3869242     -0.51496632       6.9847163        6.9847163       1279.8231       1279.8231
 1.1304027e-272       645.40457       70.514929       2.3759937      -2.2746743      0.89868059       6.9847163        6.9847163       1276.8397       1276.8397
 1.6212944e-272       645.04392       73.847065        1.982889      -2.2807208       1.2978319       6.9847163        6.9847163       1276.1184       1276.1184
 7.3803206e-272       643.52832       88.683246       1.8332069     -0.53892135     -0.29428554       6.9847163        6.9847163       1273.0872       1273.0872
  2.225509e-271       642.42457        73.98788       2.6375113      -1.1879475      -0.4495638       6.9847163        6.9847163       1270.8797       1270.8797
 1.3607101e-270       640.61397       90.247264      0.37007131      -2.6491923        3.279121       6.9847163        6.9847163       1267.2585       1267.2585
 1.3606999e-270       640.61397       80.494309       1.3903931      -2.1764673       1.7860741       6.9847163        6.9847163       1267.2585       1267.2585
 6.0778403e-270       639.11732       95.739257      0.88170078      -1.3746667        1.492966       6.9847163        6.9847163       1264.2652       1264.2652
 6.5274648e-269       636.74337       77.121216       2.1826916      -1.3771455      0.19445383       6.9847163        6.9847163       1259.5173       1259.5173
  6.717182e-269       636.71472       74.980816       2.0252563       -1.966556      0.94129963       6.9847163        6.9847163         1259.46         1259.46
 1.9789745e-268       635.63422       72.732219        2.682783      -1.2895822     -0.39320078       6.9847163        6.9847163        1257.299        1257.299
 2.2428232e-268       635.50907       79.215019       1.2987021      -2.4661661        2.167464       6.9847163        6.9847163       1257.0487       1257.0487
 1.7199504e-267       633.47192       85.576309       2.2192719      -0.2017951      -1.0174768       6.9847163        6.9847163       1252.9744       1252.9744
 3.3280868e-267       632.81182       94.776998       1.9373604      0.22990759       -1.167268       6.9847163        6.9847163       1251.6542       1251.6542
 1.6102026e-266       631.23527       74.355403       1.5964845       -2.715034       2.1185496       6.9847163        6.9847163       1248.5011       1248.5011
 4.0374238e-266       630.31602       76.555249       2.5242884     -0.87361186     -0.65067656       6.9847163        6.9847163       1246.6626       1246.6626
 7.7575406e-266       629.66297       84.484887       2.3649191    -0.070826774      -1.2940923       6.9847163        6.9847163       1245.3565       1245.3565
 1.0508822e-265       629.35942       91.729022        2.087034      0.22172343      -1.3087574       6.9847163        6.9847163       1244.7494       1244.7494
 5.1211247e-265       627.77567       90.420683       2.8460735         1.34552      -3.1915934       6.9847163        6.9847163       1241.5819       1241.5819
 2.6490145e-264       626.13227       92.731773       2.6133437       1.1799457      -2.7932894       6.9847163        6.9847163       1238.2951       1238.2951
 9.1998423e-264       624.88727       84.946117        1.190162      -1.8595406       1.6693786       6.9847163        6.9847163       1235.8051       1235.8051
 1.3310344e-263       624.51792       79.638188       2.5490315     -0.35152525      -1.1975062       6.9847163        6.9847163       1235.0664       1235.0664
 2.7150874e-262       621.50247        73.73134       1.7748144      -2.4731369       1.6983226       6.9847163        6.9847163       1229.0355       1229.0355
 5.4680438e-262       620.80237       96.517759      0.23100975      -2.2349243       3.0039145       6.9847163        6.9847163       1227.6353       1227.6353
   1.33668e-261       619.90852       70.075612       2.5786062      -1.8457847      0.26717851       6.9847163        6.9847163       1225.8476       1225.8476
 1.4313762e-261       619.84007       70.750331       2.7777372       -1.391156     -0.38658113       6.9847163        6.9847163       1225.7107       1225.7107
 1.5130168e-260       617.48202       89.243185       1.2464006      -1.2880392       1.0416386       6.9847163        6.9847163       1220.9946       1220.9946
  2.012046e-260       617.19697       91.604819       0.3716068      -2.4170107       3.0454039       6.9847163        6.9847163       1220.4245       1220.4245
 3.8280262e-260       616.55377       88.551224       1.6482262      -0.7192532     0.071026995       6.9847163        6.9847163       1219.1381       1219.1381
 7.3437605e-260       615.90227       98.320627     0.025036515      -2.3902514       3.3652149       6.9847163        6.9847163       1217.8351       1217.8351
 1.8752928e-259       614.96477       94.357919      0.98000713      -1.2368717       1.2568646       6.9847163        6.9847163       1215.9601       1215.9601
 2.9749243e-259       614.50332       77.436041       2.4775463     -0.71807834     -0.75946797       6.9847163        6.9847163       1215.0372       1215.0372
 5.3362002e-259       613.91902        68.28795       2.7450449      -1.8965691      0.15152425       6.9847163        6.9847163       1213.8686       1213.8686
 1.7420735e-258       612.73587       75.008987       1.3348085      -2.8987236       2.5639151       6.9847163        6.9847163       1211.5023       1211.5023
 2.3152694e-258       612.45142       80.293919        1.034116      -2.6011925       2.5670765       6.9847163        6.9847163       1210.9334       1210.9334
  3.337871e-258       612.08562       69.394362       2.9454719      -1.3271194     -0.61835258       6.9847163        6.9847163       1210.2018       1210.2018
 4.3608081e-256       607.21312         99.2442       2.7833223       2.0565115      -3.8398338       6.9847163        6.9847163       1200.4568       1200.4568
 5.7202389e-256       606.94177       91.106402       1.9402908     0.030024289     -0.97031509       6.9847163        6.9847163       1199.9141       1199.9141
 1.5825376e-255       605.92417       74.873416       2.6055046     -0.84827877     -0.75722582       6.9847163        6.9847163       1197.8789       1197.8789
 2.0247038e-255       605.67777       99.312941      0.56241294      -1.4670187       1.9046058       6.9847163        6.9847163       1197.3861       1197.3861
  1.533861e-254       603.65282        75.24124       2.9798393       -0.163868      -1.8159713       6.9847163        6.9847163       1193.3362       1193.3362
 1.6523418e-254       603.57842       77.528239        1.980634      -1.4357125      0.45507855       6.9847163        6.9847163       1193.1874       1193.1874
 2.5954103e-254       603.12687       78.644022       1.6482611      -1.8042066       1.1559455       6.9847163        6.9847163       1192.2843       1192.2843
 3.0504869e-253       600.66272       88.154383       2.6602837      0.94813992      -2.6084236       6.9847163        6.9847163        1187.356        1187.356
 4.6246724e-253       600.24662       79.060195        1.821439       -1.455515      0.63407603       6.9847163        6.9847163       1186.5238       1186.5238
 1.2008549e-251       596.98982       77.450313       2.5473183     -0.49401888      -1.0532994       6.9847163        6.9847163       1180.0102       1180.0102
 6.8273262e-251       595.25192        80.57815       1.4628872      -1.7949469       1.3320597       6.9847163        6.9847163       1176.5344       1176.5344
  6.874397e-250       592.94247       72.486892       2.9225668      -0.6410148       -1.281552       6.9847163        6.9847163       1171.9155       1171.9155
 1.5937893e-249       592.10157       89.458266      0.31461018      -2.5882389       3.2736287       6.9847163        6.9847163       1170.2337       1170.2337
 2.2213472e-249       591.76957       89.644916      0.58561973      -2.1549722       2.5693525       6.9847163        6.9847163       1169.5697       1169.5697
 5.3183853e-249       590.89652       72.574911       2.8957641     -0.65491925      -1.2408449       6.9847163        6.9847163       1167.8236       1167.8236
 5.3386046e-249       590.89272       76.668954       2.1797993      -1.1623907    -0.017408591       6.9847163        6.9847163        1167.816        1167.816
 2.7941664e-248       589.23757       72.073959       2.5412598       -1.307138     -0.23412179       6.9847163        6.9847163       1164.5057       1164.5057
 8.4720847e-248       588.12832       86.470054       1.8411903     -0.48445338     -0.35673693       6.9847163        6.9847163       1162.2872       1162.2872
 1.2388639e-247       587.74832       93.597947      0.14984505      -2.4555959       3.3057509       6.9847163        6.9847163       1161.5272       1161.5272
 6.0499254e-247       586.16247       89.185769        1.035332      -1.4773857       1.4420537       6.9847163        6.9847163       1158.3555       1158.3555
  4.371753e-246       584.18477       66.892834       2.9408336      -1.6358295     -0.30500408       6.9847163        6.9847163       1154.4001       1154.4001
  6.884098e-246       583.73072       82.574105       2.6949555      0.49109893      -2.1860544       6.9847163        6.9847163        1153.492        1153.492
 8.7125393e-246       583.49517       86.560738       2.0771928     -0.07433134      -1.0028614       6.9847163        6.9847163       1153.0209       1153.0209
 3.8187395e-245       582.01742       75.703682       2.5825084     -0.59836328     -0.98414516       6.9847163        6.9847163       1150.0654       1150.0654
 1.8386642e-244       580.44572        94.22039      0.85868581       -1.292032       1.4333462       6.9847163        6.9847163        1146.922        1146.922
 2.6721609e-244       580.07187       74.227008       2.6482454     -0.70798904     -0.94025632       6.9847163        6.9847163       1146.1743       1146.1743
 1.4497674e-243       578.38077       86.217672        2.788837       1.0759957      -2.8648326       6.9847163        6.9847163       1142.7921       1142.7921
 8.7294872e-243       576.58547       72.740243       2.4579096      -1.2366501     -0.22125953       6.9847163        6.9847163       1139.2015       1139.2015
 1.7844736e-242       575.87047       80.949465      0.80496508      -2.6665594       2.8615943       6.9847163        6.9847163       1137.7715       1137.7715
 6.1454739e-242       574.63387       87.460969       1.2962962      -1.1800436      0.88374742       6.9847163        6.9847163       1135.2983       1135.2983
  1.452572e-241       573.77367       89.638484      0.52483321      -2.1657357       2.6409025       6.9847163        6.9847163       1133.5779       1133.5779
 7.0201768e-241       572.19822       90.368452       2.4678472      0.97657266      -2.4444198       6.9847163        6.9847163        1130.427        1130.427
 7.2601105e-240       569.86202       99.030305       1.9188047      0.76963998      -1.6884447       6.9847163        6.9847163       1125.7546       1125.7546
  7.705209e-240       569.80252       88.404673      0.86514969      -1.7376683       1.8725186       6.9847163        6.9847163       1125.6356       1125.6356
 9.0938765e-240       569.63682       76.747948       2.9934083      0.30911697      -2.3025253       6.9847163        6.9847163       1125.3042       1125.3042
 1.2938981e-239       569.28417       78.698572       2.5474853     -0.15004303      -1.3974423       6.9847163        6.9847163       1124.5989       1124.5989
   1.35603e-239       569.23727       90.237977       1.5018113     -0.57290729     0.071096007       6.9847163        6.9847163       1124.5051       1124.5051
 1.9548507e-239       568.87152        90.52455       1.4805435     -0.57950537     0.098961905       6.9847163        6.9847163       1123.7736       1123.7736
 7.5482589e-239       567.52052       76.246579       2.8467063    0.0087977535      -1.8555041       6.9847163        6.9847163       1121.0716       1121.0716
 3.2998466e-238       566.04537       90.198971       2.5619346       1.1448972      -2.7068318       6.9847163        6.9847163       1118.1213       1118.1213
 3.4068165e-238       566.01347       71.228913        1.605961      -2.7845215       2.1785606       6.9847163        6.9847163       1118.0575       1118.0575
 4.6878824e-238       565.69427        84.01967      0.91177441      -2.0896165       2.1778421       6.9847163        6.9847163       1117.4191       1117.4191
 9.0457093e-237       562.73437       61.372257       2.9060447      -2.8508119      0.94476721       6.9847163        6.9847163       1111.4993       1111.4993
 2.8875963e-235       559.27107       90.065517      0.56496809      -1.9988907       2.4339226       6.9847163        6.9847163       1104.5727       1104.5727
 3.8200907e-235       558.99122       91.667865      0.49420297      -1.9676572       2.4734542       6.9847163        6.9847163        1104.013        1104.013
 5.4892272e-234       556.32612       66.425316       2.8517094      -1.6459555     -0.20575395       6.9847163        6.9847163       1098.6828       1098.6828
 6.5912157e-234       556.14317       78.255075       2.7846365      0.26004398      -2.0446804       6.9847163        6.9847163       1098.3169       1098.3169
 6.8976939e-234       556.09772       90.360047      0.79517169       -1.604384       1.8092123       6.9847163        6.9847163        1098.226        1098.226
 7.4792635e-234       556.01677       84.056211       1.3935726      -1.2815673       0.8879947       6.9847163        6.9847163       1098.0641       1098.0641
 1.3382414e-233       555.43497       89.144193       2.6615213       1.2649711      -2.9264924       6.9847163        6.9847163       1096.9005       1096.9005
 1.8407187e-233       555.11617       84.888518       1.3551481      -1.2491525      0.89400442       6.9847163        6.9847163       1096.2629       1096.2629
 9.7581692e-233       553.44822       89.764792       2.8581921        1.658019      -3.5162111       6.9847163        6.9847163        1092.927        1092.927
  4.247434e-232       551.97742        91.35735       2.5490069       1.2901865      -2.8391934       6.9847163        6.9847163       1089.9854       1089.9854
 7.0091443e-232       551.47652       67.342182       2.6077375      -1.8079302      0.20019273       6.9847163        6.9847163       1088.9836       1088.9836
 9.2573804e-232       551.19832       74.106667       1.9238575      -1.6969121      0.77305456       6.9847163        6.9847163       1088.4272       1088.4272
 1.5342386e-231       550.69312       93.918069     0.073348841      -2.3877935       3.3144446       6.9847163        6.9847163       1087.4168       1087.4168
 2.1310874e-231       550.36452       79.275895       2.1425863     -0.61570739     -0.52687894       6.9847163        6.9847163       1086.7596       1086.7596
 8.3912329e-231       548.99397       78.682855       1.3469097      -1.9491998       1.6022901       6.9847163        6.9847163       1084.0185       1084.0185
 1.3608316e-230       548.51047       93.334971       2.7747581       1.8439119      -3.6186699       6.9847163        6.9847163       1083.0515       1083.0515
 2.3480844e-230       547.96497       92.830879       2.3648342       1.1271861      -2.4920202       6.9847163        6.9847163       1081.9605       1081.9605
 6.7632063e-230       546.90707       86.166321       2.3479137      0.50975365      -1.8576674       6.9847163        6.9847163       1079.8447       1079.8447
 3.1188333e-229       545.37852       70.938741       2.9895646     -0.45090434      -1.5386603       6.9847163        6.9847163       1076.7876       1076.7876
 7.8141088e-228       542.15747       68.253836       1.9807773      -2.5577349       1.5769576       6.9847163        6.9847163       1070.3455       1070.3455
 1.5351765e-227       541.48217        91.84341       2.1143973      0.66878955      -1.7831868       6.9847163        6.9847163       1068.9949       1068.9949
 1.5810614e-227       541.45272       98.965213       1.0212168     -0.54108205      0.51986523       6.9847163        6.9847163        1068.936        1068.936
 2.0232309e-227       541.20612       86.725312       2.2740753      0.47368624      -1.7477615       6.9847163        6.9847163       1068.4428       1068.4428
 2.2209731e-227       541.11287        84.55284      0.43632279      -2.6366678        3.200345       6.9847163        6.9847163       1068.2563       1068.2563
  4.001614e-227       540.52412        77.07451       2.8436528      0.29698931      -2.1406422       6.9847163        6.9847163       1067.0788       1067.0788
  6.477236e-227       540.04252       88.828588       1.1292396      -1.1464234       1.0171839       6.9847163        6.9847163       1066.1156       1066.1156
 1.3624184e-226       539.29897       91.104634      0.85268655       -1.375423       1.5227364       6.9847163        6.9847163       1064.6285       1064.6285
 3.1950641e-226       538.44662       92.075497       2.2142663      0.86353364         -2.0778       6.9847163        6.9847163       1062.9238       1062.9238
 3.7138067e-226       538.29617       87.744605       1.9825006      0.11381042       -1.096311       6.9847163        6.9847163       1062.6229       1062.6229
 9.6823836e-226       537.33792       84.375468       1.6746873     -0.70417279     0.029485539       6.9847163        6.9847163       1060.7064       1060.7064
 3.9232745e-225       535.93872       63.210041       2.7353224      -2.3893849      0.65406248       6.9847163        6.9847163        1057.908        1057.908
 2.2758231e-224       534.18072       95.930851       1.5203296     0.061961294     -0.58229086       6.9847163        6.9847163        1054.392        1054.392
 2.6726852e-224       534.01997       83.456703       2.0073641     -0.25170766     -0.75565647       6.9847163        6.9847163       1054.0705       1054.0705
 3.0032248e-224       533.90337       96.358907      0.27569835      -1.8305003        2.554802       6.9847163        6.9847163       1053.8373       1053.8373
 4.7965162e-224       533.43517       97.124109       1.7932944      0.58273802      -1.3760324       6.9847163        6.9847163       1052.9009       1052.9009
 2.0084233e-223       532.00312       70.602584       1.9963241      -2.0189357       1.0226116       6.9847163        6.9847163       1050.0368       1050.0368
 4.4769779e-223       531.20152       87.775566       1.2813134     -0.96138133      0.68006791       6.9847163        6.9847163       1048.4336       1048.4336
 2.6435363e-222       529.42577       65.205664       2.1480702      -2.8144422        1.666372       6.9847163        6.9847163       1044.8821       1044.8821
 3.1898267e-222       529.23792       75.421259        1.574653      -1.9083747       1.3337217       6.9847163        6.9847163       1044.5064       1044.5064
 4.3619583e-222       528.92497       86.186494        0.227337      -2.7280124       3.5006754       6.9847163        6.9847163       1043.8805       1043.8805
 9.0301623e-222       528.19732       97.814264      0.19624376      -1.8267286       2.6304848       6.9847163        6.9847163       1042.4252       1042.4252
 1.5345474e-221       527.66707       92.719826     0.023531063      -2.4569373       3.4334063       6.9847163        6.9847163       1041.3647       1041.3647
 2.0283606e-221       527.38807       69.518528       2.3888373      -1.5449367      0.15609939       6.9847163        6.9847163       1040.8067       1040.8067
 4.7338121e-221       526.54057       83.083526        1.712638      -0.7218843    0.0092462815       6.9847163        6.9847163       1039.1117       1039.1117
 1.4245375e-220       525.43887       91.393433       1.4465806     -0.36159435     -0.08498625       6.9847163        6.9847163       1036.9083       1036.9083
 1.8758312e-220       525.16367       96.236944       1.2568066     -0.29394393     0.037137311       6.9847163        6.9847163       1036.3579       1036.3579
 2.0344256e-219       522.77992       83.064442      0.29030877      -2.9195031       3.6291943       6.9847163        6.9847163       1031.5904       1031.5904
  2.898121e-219       522.42607       79.805358      0.72404678      -2.6218434       2.8977966       6.9847163        6.9847163       1030.8827       1030.8827
  6.209707e-219       521.66402       84.416591       2.1284432      0.11084027      -1.2392835       6.9847163        6.9847163       1029.3586       1029.3586
 6.5699776e-219       521.60762        89.23787       1.2302325     -0.86448588      0.63425339       6.9847163        6.9847163       1029.2458       1029.2458
 1.1442242e-218       521.05282       69.234744       2.7652054     -0.93437314     -0.83083224       6.9847163        6.9847163       1028.1362       1028.1362
 1.0906114e-217       518.79822        59.71393        2.849022      -2.9502929        1.101271       6.9847163        6.9847163        1023.627        1023.627
 1.7059805e-217       518.35082       78.688509       2.7738435      0.53548334      -2.3093268       6.9847163        6.9847163       1022.7322       1022.7322
 2.4844377e-217       517.97492       75.421764       1.6472777      -1.7180064       1.0707287       6.9847163        6.9847163       1021.9804       1021.9804
 4.3429122e-217       517.41642       85.258078       1.0841624      -1.4396651       1.3555027       6.9847163        6.9847163       1020.8634       1020.8634
 5.8619806e-217       517.11647       67.133095       2.2268184      -2.1766621      0.94984361       6.9847163        6.9847163       1020.2635       1020.2635
 6.5807012e-217       517.00082       75.255041       2.4916164     -0.37750491      -1.1141115       6.9847163        6.9847163       1020.0322       1020.0322
 1.1891717e-216       516.40912       99.656693       2.6336355       2.1970012      -3.8306368       6.9847163        6.9847163       1018.8488       1018.8488
  3.702109e-216       515.27347       87.361257        2.186331      0.52299936      -1.7093304       6.9847163        6.9847163       1016.5775       1016.5775
 4.0412734e-216       515.18582       73.185825       2.0046066      -1.4580635      0.45345687       6.9847163        6.9847163       1016.4022       1016.4022
 1.7918894e-215       513.69652       88.984433       1.0476949      -1.1336012       1.0859063       6.9847163        6.9847163       1013.4236       1013.4236
 6.2346437e-215       512.44967       74.314728       2.4026133     -0.62687083      -0.7757425       6.9847163        6.9847163       1010.9299       1010.9299
 6.4810085e-215       512.41092        66.39148       2.2724166      -2.2125765      0.94015995       6.9847163        6.9847163       1010.8524       1010.8524
 7.1069154e-215       512.31872       64.889285       2.9583092      -1.4154657     -0.54284349       6.9847163        6.9847163        1010.668        1010.668
 1.1747815e-214       511.81612       94.106098      0.58017323      -1.4376076       1.8574343       6.9847163        6.9847163       1009.6628       1009.6628
 3.2366573e-214       510.80267       66.649622       2.5889338      -1.6337665     0.044832629       6.9847163        6.9847163       1007.6359       1007.6359
 1.1279454e-213       509.55422       68.707469       1.5416814      -2.9072488       2.3655673       6.9847163        6.9847163        1005.139        1005.139
 2.7841735e-213       508.65067       97.887805        2.784297       2.3690716      -4.1533686       6.9847163        6.9847163       1003.3319       1003.3319
 4.5457431e-212       505.85785       72.132536       2.2959163      -1.0857659     -0.21015045       6.9847163        6.9847163       997.74626       997.74626
 4.7654914e-212       505.81063        88.98883       1.6612244     -0.12967271     -0.53155169       6.9847163        6.9847163       997.65183       997.65183
 5.4766938e-212       505.67153       71.961598       1.9239271      -1.7101912      0.78626409       6.9847163        6.9847163       997.37362       997.37362
 2.1820476e-211       504.28919       68.619255       2.2241803      -1.7898205      0.56564019       6.9847163        6.9847163       994.60894       994.60894
 2.2838277e-211       504.24359       59.418551       2.9897847      -2.6462426      0.65645783       6.9847163        6.9847163       994.51775       994.51775
 2.5413449e-211       504.13676       75.081732       2.5246677     -0.26010839      -1.2645593       6.9847163        6.9847163       994.30408       994.30408
 2.9562333e-211       503.98553       97.542318       2.7335654       2.2795087      -4.0130741       6.9847163        6.9847163       994.00163       994.00163
 4.0730713e-211       503.66505       87.090826      0.66559826      -1.8442398       2.1786415       6.9847163        6.9847163       993.36066       993.36066
 4.2251882e-211       503.62839       94.687438      0.23305277      -1.8880264       2.6549736       6.9847163        6.9847163       993.28734       993.28734
 6.1385259e-211       503.25486        78.33448      0.58360968       -2.902965       3.3193554       6.9847163        6.9847163       992.54029       992.54029
 7.0626893e-211       503.11462       73.226991       1.5870975      -2.0317657       1.4446683       6.9847163        6.9847163       992.25981       992.25981
  8.961741e-211       502.87648       61.882671       2.9776258      -1.9972684     0.019642612       6.9847163        6.9847163       991.78353       991.78353
 1.0984849e-210       502.67293       63.447698       2.5057123      -2.3875169      0.88180455       6.9847163        6.9847163       991.37643       991.37643
 2.0300077e-210       502.05882       74.614145       2.2462767     -0.76456813     -0.48170857       6.9847163        6.9847163       990.14821       990.14821
 4.8569515e-210       501.18645       84.113574       2.2827496      0.44199976      -1.7247494       6.9847163        6.9847163       988.40347       988.40347
 3.4465521e-209        499.2269        62.64953       2.9241481       -1.860622    -0.063526096       6.9847163        6.9847163       984.48437       984.48437
 1.4362303e-208       497.79967       80.988577       2.8628161        1.083744      -2.9465601       6.9847163        6.9847163       981.62991       981.62991
 1.9553664e-208       497.49111       85.853765       2.3470531      0.73680623      -2.0838594       6.9847163        6.9847163       981.01279       981.01279
 2.5192009e-208       497.23775        90.41934       1.9765246      0.53587101      -1.5123956       6.9847163        6.9847163       980.50607       980.50607
 3.7478497e-208       496.84051         88.4295       2.4683352       1.1729941      -2.6413294       6.9847163        6.9847163       979.71159       979.71159
 5.5807921e-208       496.44237       87.125744       1.9926716      0.28421825      -1.2768899       6.9847163        6.9847163        978.9153        978.9153
 9.6541544e-208        495.8943       84.669691       1.4249523     -0.84884761      0.42389534       6.9847163        6.9847163       977.81917       977.81917
 1.3352176e-207       495.57001       66.705599       2.7799782      -1.1784047     -0.60157348       6.9847163        6.9847163       977.17059       977.17059
 6.0069358e-207       494.06619       70.803342       1.5669482      -2.3799931        1.813045       6.9847163        6.9847163       974.16295       974.16295
 2.0023707e-206       492.86219       84.146397       2.8681375       1.4581988      -3.3263363       6.9847163        6.9847163       971.75494       971.75494
 3.0186422e-206       492.45171       95.698465       2.2154646       1.3401051      -2.5555696       6.9847163        6.9847163       970.93399       970.93399
  3.439782e-206       492.32112       76.369874       2.3510106     -0.28706365       -1.063947       6.9847163        6.9847163        970.6728        970.6728
 5.5613382e-206       491.84068       81.054922      0.85305308       -2.097621       2.2445679       6.9847163        6.9847163       969.71193       969.71193
 1.6384258e-205        490.7602       90.263383       2.3556077        1.171676      -2.5272837       6.9847163        6.9847163       967.55097       967.55097
 9.1494914e-204       486.73765       69.628909       2.4958938      -1.0279902     -0.46790358       6.9847163        6.9847163       959.50587       959.50587
 1.0403262e-203       486.60924        69.81853       2.3658464      -1.2057434     -0.16010298       6.9847163        6.9847163       959.24904       959.24904
 1.3667924e-203        486.3363       68.424052       1.9948864      -2.0469161       1.0520297       6.9847163        6.9847163       958.70317       958.70317
 2.8881529e-202       483.28556       88.367176      0.30921456      -2.1755185       2.8663039       6.9847163        6.9847163       952.60169       952.60169
 2.8139929e-201       481.00899       66.310802       2.6960086      -1.2654297     -0.43057885       6.9847163        6.9847163       948.04855       948.04855
 3.8747911e-201       480.68911       77.989717       1.4575923      -1.4386285      0.98103625       6.9847163        6.9847163       947.40878       947.40878
   6.10814e-201       480.23398       76.622933      0.61388604      -2.9264884       3.3126023       6.9847163        6.9847163       946.49852       946.49852
 6.3175568e-201       480.20026       95.154052       1.7797454       0.6492631      -1.4290085       6.9847163        6.9847163       946.43109       946.43109
 2.4751967e-200       478.83469        79.68055       2.1540056     -0.11303479      -1.0409709       6.9847163        6.9847163       943.69995       943.69995
 1.5075731e-198       474.72534       93.924496       1.7655276      0.56513445       -1.330662       6.9847163        6.9847163       935.48124       935.48124
  2.078441e-198       474.40423       78.355417      0.62628795      -2.6546332       3.0283453       6.9847163        6.9847163       934.83902       934.83902
 4.7671511e-198       473.57409       93.311535       1.4591751     0.038854269     -0.49802939       6.9847163        6.9847163       933.17875       933.17875
 1.4704559e-197       472.44768       81.169394       0.5881272      -2.3818295       2.7937023       6.9847163        6.9847163       930.92593       930.92593
 2.7160669e-197       471.83407       77.944395      0.78859755      -2.4364731       2.6478756       6.9847163        6.9847163       929.69871       929.69871
 1.2765217e-196       470.28653        79.15265        2.339105      0.18033733      -1.5194424       6.9847163        6.9847163       926.60363       926.60363
 5.0146229e-196       468.91832       80.128996       1.0371604      -1.7778799       1.7407195       6.9847163        6.9847163        923.8672        923.8672
 7.8368042e-196       468.47184       89.761409       2.4638817       1.4196568      -2.8835385       6.9847163        6.9847163       922.97424       922.97424
  1.007914e-195       468.22021       61.971334       2.6672607      -2.1303229      0.46306221       6.9847163        6.9847163       922.47098       922.47098
 1.2591947e-195       467.99761       98.994264       2.4197859       1.9961577      -3.4159436       6.9847163        6.9847163       922.02579       922.02579
 8.1967028e-195       466.12435       83.283574        2.528987      0.96015073      -2.4891378       6.9847163        6.9847163       918.27927       918.27927
  1.237492e-194       465.71242       64.075728         2.60966      -1.7250733      0.11541336       6.9847163        6.9847163        917.4554        917.4554
 1.2679458e-194        465.6881       86.733615      0.51606575      -1.9128337       2.3967679       6.9847163        6.9847163       917.40677       917.40677
 2.0418734e-194       465.21163       68.672573        1.759192      -2.2059503       1.4467583       6.9847163        6.9847163       916.45383       916.45383
 3.7088347e-194       464.61479       93.641254       1.0948328     -0.47006274      0.37522995       6.9847163        6.9847163       915.26014       915.26014
 4.4751821e-194       464.42696       79.176074      0.67352479       -2.423353       2.7498282       6.9847163        6.9847163       914.88448       914.88448
 1.4484671e-192       460.94982        97.84858      0.46164178       -1.152174       1.6905322       6.9847163        6.9847163       907.93021       907.93021
 1.7046927e-191       458.48436       87.979758       1.7215151      0.11627115     -0.83778625       6.9847163        6.9847163       902.99929       902.99929
 7.2532673e-191       457.03629       78.682154       1.7234268     -0.78423004     0.060803248       6.9847163        6.9847163       900.10315       900.10315
  2.268449e-190       455.89607        77.26794       2.4172687      0.17761734       -1.594886       6.9847163        6.9847163        897.8227        897.8227
 5.3355161e-190       455.04077       72.682379       2.2430783     -0.71012376     -0.53295457       6.9847163        6.9847163       896.11211       896.11211
 1.8162325e-189       453.81582       70.951698       1.5171011      -2.1255718       1.6084707       6.9847163        6.9847163        893.6622        893.6622
 3.2854495e-189       453.22308       75.958902       2.2205354     -0.28809446     -0.93244094       6.9847163        6.9847163       892.47672       892.47672
 4.5187948e-189       452.90433       84.108005       2.1991021      0.57389607      -1.7729982       6.9847163        6.9847163       891.83922       891.83922
 7.9644045e-189       452.33759       62.346189       2.0060317      -2.9523232       1.9462916       6.9847163        6.9847163       890.70575       890.70575
 1.1801474e-188       451.94435        72.66413       2.0649471     -0.97791052    -0.087036551       6.9847163        6.9847163       889.91926       889.91926
 7.3278322e-188       450.11831       69.534955       2.1643824      -1.2854397       0.1210573       6.9847163        6.9847163       886.26719       886.26719
  1.001183e-187       449.80622       91.808589       2.3655464       1.5058341      -2.8713805       6.9847163        6.9847163       885.64301       885.64301
  1.009335e-187       449.79812       81.730737       2.8858661       1.4947356      -3.3806017       6.9847163        6.9847163        885.6268        885.6268
 1.1256999e-187         449.689       68.544169        1.743745      -2.1240939       1.3803489       6.9847163        6.9847163       885.40856       885.40856
 1.1948778e-187       449.62936       97.288039        2.649622       2.3581253      -4.0077473       6.9847163        6.9847163       885.28929       885.28929
 2.0454183e-187       449.09181       95.953443       2.8582907        2.633297      -4.4915878       6.9847163        6.9847163       884.21418       884.21418
 2.9329585e-187        448.7314       85.628284       2.4138596       1.0893967      -2.5032563       6.9847163        6.9847163       883.49336       883.49336
 2.9618408e-187        448.7216       85.052907       2.8646282       1.7904127      -3.6550409       6.9847163        6.9847163       883.47376       883.47376
 4.0884815e-187       448.39924       80.397008       1.7535526     -0.49220009     -0.26135247       6.9847163        6.9847163       882.82904       882.82904
 6.5303146e-187       447.93095         78.4506       1.0112526      -1.8783373       1.8670846       6.9847163        6.9847163       881.89247       881.89247
 1.9587937e-186        446.8325       93.939009      0.81464399     -0.80511413      0.99047015       6.9847163        6.9847163       879.69556       879.69556
 2.3786124e-186       446.63831       81.319386       1.2618469      -1.1651575      0.90331057       6.9847163        6.9847163       879.30718       879.30718
 4.3253699e-186       446.04032        75.68987       1.0787034       -2.094154       2.0154506       6.9847163        6.9847163       878.11121       878.11121
 7.1491681e-186       445.53782        77.44029       2.9678482       1.1809762      -3.1488244       6.9847163        6.9847163       877.10621       877.10621
 1.4674549e-184       442.51612       72.071537       1.0925594      -2.5408657       2.4483063       6.9847163        6.9847163       871.06281       871.06281
 4.4444026e-184         441.408       89.221929      0.10919879      -2.2016999       3.0925011       6.9847163        6.9847163       868.84657       868.84657
 6.7507814e-184          440.99       94.230105       1.3339191     0.050087259     -0.38400636       6.9847163        6.9847163       868.01056       868.01056
 2.2855681e-183       439.77045       71.657885       2.5699464      -0.2105987      -1.3593477       6.9847163        6.9847163       865.57146       865.57146
 7.0757462e-183        438.6404       70.287405       2.1519959      -1.0919743    -0.060021527       6.9847163        6.9847163       863.31136       863.31136
  2.387865e-182       437.42408       64.479262       1.6559099      -2.9104735       2.2545636       6.9847163        6.9847163       860.87872       860.87872
 2.5211596e-182       437.36976       81.192445        2.750968       1.2891255      -3.0400935       6.9847163        6.9847163       860.77009       860.77009
 7.1594092e-182       436.32605       84.177246       2.0694738      0.46285364      -1.5323275       6.9847163        6.9847163       858.68267       858.68267
 8.2657971e-182       436.18235       77.791436       2.1368069     -0.08693775      -1.0498692       6.9847163        6.9847163       858.39527       858.39527
 2.1604158e-181       435.22159       89.919229       2.2071962       1.1748492      -2.3820453       6.9847163        6.9847163       856.47375       856.47375
 3.2309298e-181       434.81912       64.291617       2.9515421     -0.82092715       -1.130615       6.9847163        6.9847163       855.66881       855.66881
 3.6767648e-181       434.68986       85.678661       2.7034285        1.654479      -3.3579075       6.9847163        6.9847163       855.41029       855.41029
  5.765085e-181       434.24007       80.134037       2.1596317      0.22226231       -1.381894       6.9847163        6.9847163       854.51071       854.51071
 8.4236357e-181       433.86086       59.904012       2.2337183      -2.9722414       1.7385232       6.9847163        6.9847163       853.75228       853.75228
 1.6884574e-180        433.1655       87.109499       2.2571617       1.0436634      -2.3008251       6.9847163        6.9847163       852.36156       852.36156
  1.922696e-180       433.03558       78.496773      0.93114863      -1.9034872       1.9723386       6.9847163        6.9847163       852.10173       852.10173
 7.8041434e-180       431.63465       79.731407      0.68393858      -2.1431905       2.4592519       6.9847163        6.9847163       849.29987       849.29987
 1.6238511e-179       430.90193        70.80519        1.870446      -1.4045714      0.53412543       6.9847163        6.9847163       847.83442       847.83442
 2.8654963e-179       430.33398       69.104915       1.6475166      -2.0235136        1.375997       6.9847163        6.9847163       846.69853       846.69853
 6.4842801e-179       429.51735       94.434008       2.8266772       2.5694212      -4.3960984       6.9847163        6.9847163       845.06526       845.06526
 6.5240977e-179       429.51123       63.698806       2.1048896      -2.2730706        1.168181       6.9847163        6.9847163       845.05302       845.05302
 1.0633115e-178       429.02275       78.180019        1.282364      -1.3626135       1.0802495       6.9847163        6.9847163       844.07607       844.07607
 2.6246194e-178        428.1192       90.414869      0.72967991      -1.0994637       1.3697838       6.9847163        6.9847163       842.26897       842.26897
 2.7775904e-177       425.75997       90.320577       1.3785951    -0.082574742     -0.29602039       6.9847163        6.9847163        837.5505        837.5505
 9.6242865e-177       424.51727        96.83975       2.4675813       2.1333224      -3.6009038       6.9847163        6.9847163        835.0651        835.0651
 1.3073569e-176       424.21096       87.997015       2.7492317       1.9862848      -3.7355165       6.9847163        6.9847163       834.45249       834.45249
 7.8408316e-176       422.41962       93.460329      0.91954699     -0.56532066      0.64577367       6.9847163        6.9847163       830.86981       830.86981
 3.6332588e-175       420.88626       79.600437       1.5627257       -0.711408      0.14868228       6.9847163        6.9847163       827.80308       827.80308
 8.1855798e-175       420.07401       82.467718      0.93176058      -1.4121844       1.4804238       6.9847163        6.9847163       826.17859       826.17859
 1.6056656e-174       419.40026         72.6659        2.882061      0.60942547      -2.4914865       6.9847163        6.9847163       824.83108       824.83108
  1.653125e-174       419.37113       78.418805      0.93171787      -1.8238051       1.8920872       6.9847163        6.9847163       824.77283       824.77283
 6.9005835e-174        417.9422       55.308141       2.9282185      -2.9263712      0.99815267       6.9847163        6.9847163       821.91496       821.91496
 6.9113688e-174       417.94063       77.813438       1.3999444      -1.1459734      0.74602896       6.9847163        6.9847163       821.91183       821.91183
 3.1785457e-173       416.41479       65.287826       1.8942028      -2.1736726       1.2794698       6.9847163        6.9847163       818.86015       818.86015
 6.2797335e-172       413.43131       78.099799       1.7638076     -0.50441544     -0.25939218       6.9847163        6.9847163       812.89318       812.89318
 4.8075672e-171       411.39585       61.432828       2.6493117      -1.6899135     0.040601854       6.9847163        6.9847163       808.82227       808.82227
 1.1480645e-170       410.52538       73.692188       2.2823302     -0.17494564      -1.1073845       6.9847163        6.9847163       807.08133       807.08133
 1.3018731e-170       410.39965        91.47613       1.5852636      0.40302555     -0.98828914       6.9847163        6.9847163       806.82987       806.82987
 1.8173658e-170       410.06607       75.563749      0.38460039      -2.9405163       3.5559159       6.9847163        6.9847163       806.16271       806.16271
 2.8177181e-170       409.62754       79.788422       2.8383743       1.4669268      -3.3053011       6.9847163        6.9847163       805.28564       805.28564
 3.6107834e-170       409.37953       84.329594       1.9155408      0.37981772      -1.2953585       6.9847163        6.9847163       804.78963       804.78963
 8.1452655e-170       408.56603       91.738398       2.6365926       2.1600632      -3.7966557       6.9847163        6.9847163       803.16262       803.16262
 1.9019519e-169         407.718       78.354855       1.0492384      -1.5718367       1.5225983       6.9847163        6.9847163       801.46656       801.46656
 2.3617095e-168       405.19891       90.624369       2.8573768        2.477069      -4.3344459       6.9847163        6.9847163       796.42838       796.42838
 4.2567542e-168       404.60978       91.845629       1.2375557    -0.094756825      -0.1427989       6.9847163        6.9847163       795.25013       795.25013
 4.4273358e-168       404.57049       69.866503      0.95926799       -2.781195       2.8219271       6.9847163        6.9847163       795.17154       795.17154
 5.6035239e-168       404.33489       57.704966        2.497109      -2.7703274       1.2732185       6.9847163        6.9847163       794.70035       794.70035
 7.2504751e-168       404.07722       98.815934      0.20729856      -1.2457608       2.0384623       6.9847163        6.9847163       794.18501       794.18501
 9.4246414e-168       403.81496       89.004192       1.3027558     -0.19075539     -0.11200043       6.9847163        6.9847163       793.66048       793.66048
 1.0238911e-167        403.7321       56.760916        2.786088      -2.5485155      0.76242747       6.9847163        6.9847163       793.49476       793.49476
 1.8840076e-167       403.12231       88.882077       2.4493145       1.6631171      -3.1124316       6.9847163        6.9847163       792.27518       792.27518
 9.7662376e-167       401.47677       67.443694       1.1025074      -2.9158027       2.8132953       6.9847163        6.9847163       788.98411       788.98411
 1.5637608e-166       401.00603       85.243986       2.2329265       1.0242043      -2.2571308       6.9847163        6.9847163       788.04262       788.04262
  5.040104e-164       395.23052       65.391909       2.6374707     -0.74523048     -0.89224026       6.9847163        6.9847163       776.49161       776.49161
   1.29161e-163       394.28948       89.761341      0.57723751      -1.2153259       1.6380884       6.9847163        6.9847163       774.60952       774.60952
 1.9215058e-163       393.89226       86.818495       2.9231795       2.3590139      -4.2821934       6.9847163        6.9847163       773.81508       773.81508
 4.3747569e-163       393.06952       74.087101       1.5466052      -1.1824432      0.63583799       6.9847163        6.9847163        772.1696        772.1696
  5.027004e-162       390.62795       98.174575        1.619255      0.96303865      -1.5822936       6.9847163        6.9847163       767.28647       767.28647
 5.0703364e-162       390.61937       88.811477       1.7306537      0.54438149      -1.2750352       6.9847163        6.9847163        767.2693        767.2693
 1.9418556e-160       386.97396       61.521863       2.9869626      -0.8491508      -1.1378118       6.9847163        6.9847163       759.97849       759.97849
 2.7361655e-160       386.63105       94.067821       2.0230301       1.3956275      -2.4186576       6.9847163        6.9847163       759.29267       759.29267
 3.4205692e-160        386.4078       70.964103        2.087038     -0.67567303     -0.41136502       6.9847163        6.9847163       758.84617       758.84617
 9.6531678e-160       385.37033       63.773343        1.761277      -2.3756816       1.6144046       6.9847163        6.9847163       756.77122       756.77122
 9.6875776e-160       385.36676        57.80489       2.5149696      -2.4838354      0.96886583       6.9847163        6.9847163       756.76409       756.76409
 1.6638564e-159       384.82589        59.80219       2.3410789      -2.2721791      0.93110024       6.9847163        6.9847163       755.68234       755.68234
 1.7351125e-159       384.78395       68.229728       1.1999857       -2.488887       2.2889013       6.9847163        6.9847163       755.59846       755.59846
  7.099477e-159         383.375        70.80538       1.7802564      -1.1690797      0.38882322       6.9847163        6.9847163       752.78057       752.78057
 1.1322707e-158       382.90821       76.924635       2.2692844       0.3923371      -1.6616215       6.9847163        6.9847163       751.84699       751.84699
 1.2397317e-158       382.81755       77.369486      0.73743799       -2.000815        2.263377       6.9847163        6.9847163       751.66566       751.66566
 1.2878924e-158       382.77943        96.05989        2.388158       2.1439719      -3.5321299       6.9847163        6.9847163       751.58943       751.58943
  3.651894e-158        381.7372       68.791129       1.7337248      -1.5256106      0.79188584       6.9847163        6.9847163       749.50496       749.50496
 4.4301921e-158       381.54399       78.645138       1.8045112      -0.1705949     -0.63391629       6.9847163        6.9847163       749.11855       749.11855
  1.288039e-157       380.47674       91.583919       1.7413111      0.80676164      -1.5480728       6.9847163        6.9847163       746.98404       746.98404
 3.0239976e-157       379.62327       79.424272      0.57074743      -2.0229847       2.4522372       6.9847163        6.9847163       745.27711       745.27711
 9.2963255e-157       378.50023       92.152058       2.9455417        2.884305      -4.8298467       6.9847163        6.9847163       743.03103       743.03103
 1.3516998e-156       378.12591       94.256978       1.7218639      0.95674913       -1.678613       6.9847163        6.9847163       742.28238       742.28238
  3.930497e-156       377.05851       68.377415       0.8524089      -2.9458193       3.0934104       6.9847163        6.9847163       740.14758       740.14758
 6.0968067e-156        376.6195       69.043595       2.7466726      0.21151174      -1.9581844       6.9847163        6.9847163       739.26957       739.26957
 1.8040955e-155       375.53463       85.751138       2.4829255       1.6278228      -3.1107483       6.9847163        6.9847163       737.09982       737.09982
 9.6281806e-154       371.55741        90.04374       1.9558484         1.09607      -2.0519184       6.9847163        6.9847163       729.14538       729.14538
 2.5826893e-153       370.57068       83.778488       2.6531623       1.7807437       -3.433906       6.9847163        6.9847163       727.17193       727.17193
 4.0984619e-153        370.1089       89.077703       1.6307879      0.50970831      -1.1404962       6.9847163        6.9847163       726.24837       726.24837
 7.3090902e-153       369.53039        77.13802       1.5705727     -0.62347169     0.052899008       6.9847163        6.9847163       725.09135       725.09135
 9.6189194e-153       369.25578       54.847512       2.9603018      -2.3558443      0.39554245       6.9847163        6.9847163       724.54213       724.54213
 1.9389304e-152       368.55479       65.834469       1.0375131      -2.9914588       2.9539457       6.9847163        6.9847163       723.14014       723.14014
 9.9168189e-152       366.92269       64.742345       1.8983267      -1.7933163       0.8949896       6.9847163        6.9847163       719.87595       719.87595
  6.544473e-151       365.03572       72.470072      0.62572422      -2.6244261       2.9987019       6.9847163        6.9847163         716.102         716.102
 7.4128987e-151       364.91112       65.200121       1.1910091      -2.8237488       2.6327397       6.9847163        6.9847163       715.85281       715.85281
 1.8401058e-150       364.00194       75.704692       2.9618612         1.55077      -3.5126312       6.9847163        6.9847163       714.03444       714.03444
 2.6005774e-150       363.65603       64.603734       2.7983333     -0.31160527       -1.486728       6.9847163        6.9847163       713.34262       713.34262
 3.8915717e-150       363.25295       62.925763       2.6885598     -0.80226256     -0.88629727       6.9847163        6.9847163       712.53646       712.53646
 8.0397262e-150       362.52736       65.463583       1.8754319      -1.6615136      0.78608165       6.9847163        6.9847163       711.08529       711.08529
 1.4374736e-149       361.94628       75.286667       1.5413502     -0.82067486      0.27932467       6.9847163        6.9847163       709.92313       709.92313
 1.4478379e-149        361.9391       74.461225       1.0289483      -1.7273164        1.698368       6.9847163        6.9847163       709.90877       709.90877
 6.5347989e-149       360.43203       55.667079       2.4721495      -2.8049184       1.3327689       6.9847163        6.9847163       706.89462       706.89462
 1.8519371e-148       359.39035        85.54038       0.6596403      -1.2214587       1.5618184       6.9847163        6.9847163       704.81127       704.81127
 2.2848819e-148       359.18027        58.70589       2.6392432      -1.7391787     0.099935518       6.9847163        6.9847163       704.39111       704.39111
 4.7995635e-148       358.43807       58.154808       2.4503208      -2.1718765      0.72155568       6.9847163        6.9847163        702.9067        702.9067
 8.3013023e-148       357.89018       84.184137      0.86787414     -0.99904562       1.1311715       6.9847163        6.9847163       701.81092       701.81092
   8.50348e-148       357.86612       65.576328       2.0318569      -1.3442966      0.31243977       6.9847163        6.9847163        701.7628        701.7628
 1.0530565e-147       357.65231       74.103755       0.9456788      -1.8682716       1.9225928       6.9847163        6.9847163       701.33518       701.33518
 1.0635363e-147       357.64241       98.787246       1.3622403      0.72667473       -1.088915       6.9847163        6.9847163       701.31538       701.31538
 1.5652545e-147       357.25596       89.148462      0.86199138     -0.63138548      0.76939409       6.9847163        6.9847163       700.54248       700.54248
 5.7888947e-147       355.94806        97.62162       1.4581621       0.8256625      -1.2838246       6.9847163        6.9847163       697.92668       697.92668
 6.2703323e-147       355.86818       74.463702       2.5446921      0.76581399      -2.3105061       6.9847163        6.9847163       697.76692       697.76692
  6.475602e-147       355.83596       78.919521      0.41625215      -2.1566461       2.7403939       6.9847163        6.9847163       697.70248       697.70248
 1.1341912e-145       352.97292       66.799216       2.2366854     -0.76349225     -0.47319313       6.9847163        6.9847163        691.9764        691.9764
 2.2120229e-145       352.30493       89.710052       1.9568421       1.1755172      -2.1323593       6.9847163        6.9847163       690.64042       690.64042
 9.9891291e-145       350.79733       85.550841       1.5250259      0.18551305     -0.71053892       6.9847163        6.9847163       687.62523       687.62523
 2.0330006e-144       350.08674       74.337207       2.2959809      0.38291896      -1.6788998       6.9847163        6.9847163       686.20404       686.20404
 3.1973526e-144       349.63393       65.569899       1.7528325      -1.7170528      0.96422034       6.9847163        6.9847163       685.29842       685.29842
 6.1624999e-144       348.97777       79.936521       2.0286312      0.53501189      -1.5636431       6.9847163        6.9847163        683.9861        683.9861
 7.1799612e-144       348.82495        54.25868       2.6668367      -2.7254561       1.0586194       6.9847163        6.9847163       683.68047       683.68047
 3.2061809e-143       347.32858       69.545916       2.2238149     -0.32371338     -0.90010148       6.9847163        6.9847163       680.68772       680.68772
 8.6845645e-143       346.33212       86.861489        1.740613      0.65564984      -1.3962629       6.9847163        6.9847163        678.6948        678.6948
 2.4732293e-142       345.28556       63.164538       2.4271135     -0.99864837     -0.42846513       6.9847163        6.9847163       676.60168       676.60168
 2.7399283e-142       345.18314       87.829548       2.0525293       1.2410583      -2.2935876       6.9847163        6.9847163       676.39685       676.39685
   3.56663e-142       344.91945       76.783222       1.1057231      -1.2273254       1.1216023       6.9847163        6.9847163       675.86947       675.86947
 5.5756649e-142       344.47266        95.20236        2.091761       1.7782905      -2.8700515       6.9847163        6.9847163       674.97589       674.97589
 8.0141036e-142       344.10988       84.883194      0.31404121      -1.7156396       2.4015984       6.9847163        6.9847163       674.25032       674.25032
 1.5537763e-141        343.4478       90.734711      0.79155076     -0.56398329      0.77243254       6.9847163        6.9847163       672.92617       672.92617
  1.675024e-141       343.37266       88.160454        1.410751      0.23530149     -0.64605246       6.9847163        6.9847163       672.77589       672.77589
 2.2004254e-141       343.09984       98.643609      0.21829783      -0.9809286       1.7626308       6.9847163        6.9847163       672.23025       672.23025
 1.5685834e-140       341.13573        83.42104       2.6440215       1.9190826      -3.5631041       6.9847163        6.9847163       668.30203       668.30203
 1.7072835e-140         341.051       86.546818       2.1889482       1.3973786      -2.5863268       6.9847163        6.9847163       668.13257       668.13257
 2.1382612e-140       340.82592        82.52161       1.9594712      0.70356446      -1.6630357       6.9847163        6.9847163        667.6824        667.6824
  2.636922e-140        340.6163       87.007625       2.2629222           1.557      -2.8199222       6.9847163        6.9847163       667.26316       667.26316
 6.4079109e-140       339.72838       79.056718        2.098964      0.62927172      -1.7282357       6.9847163        6.9847163       665.48732       665.48732
  7.580898e-140       339.56028       92.764152       1.5694623      0.80606662      -1.3755289       6.9847163        6.9847163       665.15112       665.15112
 2.1584935e-139       338.51391       75.080825      0.12714629      -2.8805536       3.7534074       6.9847163        6.9847163       663.05839       663.05839
 1.8000092e-138       336.39294       73.878338       1.1042001      -1.4853192        1.381119       6.9847163        6.9847163       658.81645       658.81645
 2.4897776e-138       336.06855       93.725289      0.91081759     -0.16050617      0.24968858       6.9847163        6.9847163       658.16766       658.16766
 2.8610695e-138       335.92954       71.284313       2.0950014     -0.20531283     -0.88968852       6.9847163        6.9847163       657.88965       657.88965
 3.2064101e-138       335.81558        63.24778       1.8180267      -1.8764656       1.0584389       6.9847163        6.9847163       657.66173       657.66173
 3.5228643e-138       335.72146       57.208751       2.1539251      -2.5998968       1.4459717       6.9847163        6.9847163       657.47349       657.47349
 3.6740376e-138       335.67944       86.829712       2.4969424       1.9676991      -3.4646415       6.9847163        6.9847163       657.38945       657.38945
 6.1344052e-138       335.16682       61.454815       2.1533509      -1.6636806      0.51032979       6.9847163        6.9847163       656.36421       656.36421
 1.9002544e-137       334.03617       59.582023       2.1984239      -1.9628303      0.76440639       6.9847163        6.9847163        654.1029        654.1029
  1.993075e-137       333.98847       79.138465       2.3275721       1.0543071      -2.3818792       6.9847163        6.9847163       654.00751       654.00751
  2.829327e-137       333.63811       60.206146        1.772251      -2.5173795       1.7451285       6.9847163        6.9847163       653.30679       653.30679
 2.1065972e-136        331.6305        69.29341       1.0526749      -2.1042672       2.0515923       6.9847163        6.9847163       649.29156       649.29156
 2.1486589e-136       331.61072       94.592345       1.7908325       1.3094291      -2.1002616       6.9847163        6.9847163       649.25201       649.25201
 2.1519239e-136        331.6092        73.37957       0.4023056      -2.6003371       3.1980315       6.9847163        6.9847163       649.24897       649.24897
 6.2478132e-136       330.54333       58.318923       2.8846877      -1.0687333     -0.81595439       6.9847163        6.9847163       647.11723       647.11723
 1.0708245e-135       330.00455       61.322286        1.923566       -2.005609        1.082043       6.9847163        6.9847163       646.03967       646.03967
 3.1996147e-135       328.90995       76.888577      0.75936577       -1.645902       1.8865363       6.9847163        6.9847163       643.85047       643.85047
 8.2219465e-135       327.96617       59.338897       2.6489346      -1.2017183     -0.44721634       6.9847163        6.9847163       641.96291       641.96291
 2.5454917e-134       326.83607        81.19195       2.7070959       1.9309804      -3.6380763       6.9847163        6.9847163       639.70271       639.70271
 6.4962881e-134       325.89917        58.78659       1.6806844      -2.8775369       2.1968526       6.9847163        6.9847163        637.8289        637.8289
  8.961281e-134       325.57749       86.178307      0.81815171     -0.73805831      0.91990659       6.9847163        6.9847163       637.18554       637.18554
  1.047324e-133       325.42157       91.769945       2.7296757        2.768673      -4.4983487       6.9847163        6.9847163       636.87371       636.87371
 1.3599876e-133       325.16033       59.924129       1.7315807      -2.5429453       1.8113646       6.9847163        6.9847163       636.35123       636.35123
 2.2731975e-133       324.64662       66.441419      0.71574236      -2.9849049       3.2691625       6.9847163        6.9847163       635.32381       635.32381
  2.812507e-133       324.43373       93.632418       0.6333722     -0.53800385      0.90463165       6.9847163        6.9847163       634.89803       634.89803
 8.4069215e-133       323.33875       91.849079       2.5128111       2.4038171      -3.9166282       6.9847163        6.9847163       632.70807       632.70807
 2.5582674e-132       322.22589       80.606844       1.4405947     -0.17936959     -0.26122507       6.9847163        6.9847163       630.48235       630.48235
 6.6770115e-132       321.26656       74.542068       1.1827757       -1.172161      0.98938526       6.9847163        6.9847163       628.56368       628.56368
 2.0367389e-131       320.15129       70.872586      0.61713358      -2.4804985       2.8633649       6.9847163        6.9847163       626.33315       626.33315
 2.2884288e-131       320.03477       52.193475       2.9809343      -2.3968576      0.41592332       6.9847163        6.9847163       626.10011       626.10011
 5.6675545e-131       319.12789       99.573366       1.8711786       1.7580443      -2.6292229       6.9847163        6.9847163       624.28634       624.28634
 7.6985155e-131       318.82161       74.370046       1.4843365     -0.69262759      0.20829112       6.9847163        6.9847163       623.67379       623.67379
 1.0387985e-130       318.52199        78.93429       1.9440851       0.5093913      -1.4534764       6.9847163        6.9847163       623.07455       623.07455
 1.0639878e-130       318.49803         97.4879      0.40480519     -0.65098577       1.2461806       6.9847163        6.9847163       623.02662       623.02662
 3.7337851e-130       317.24264       73.477881       1.2178716      -1.2035266      0.98565495       6.9847163        6.9847163       620.51584       620.51584
  1.140661e-129       316.12586       56.074182       2.4773011      -2.0905069      0.61320586       6.9847163        6.9847163       618.28229       618.28229
  1.152126e-129       316.11586       90.247223      0.67413678     -0.63582978      0.96169301       6.9847163        6.9847163       618.26229       618.26229
 1.8844743e-129       315.62382       98.108219     0.046748325      -1.1430006       2.0962523       6.9847163        6.9847163        617.2782        617.2782
 3.5682954e-129       314.98539       68.027669       2.1843703     -0.31091232     -0.87345793       6.9847163        6.9847163       616.00134       616.00134
 7.3014236e-129        314.2694       55.439771       2.3166348      -2.4894025       1.1727676       6.9847163        6.9847163       614.56937       614.56937
 1.1958783e-128       313.77601       67.756515       2.9269022      0.90238557      -2.8292878       6.9847163        6.9847163       613.58258       613.58258
 1.3474603e-128       313.65666       57.698798       2.4259303      -1.7547357      0.32880541       6.9847163        6.9847163       613.34389       613.34389
 1.8853849e-128       313.32075       71.560002      0.62420156      -2.3277917       2.7035901       6.9847163        6.9847163       612.67207       612.67207
 2.8689423e-128       312.90095       75.608244       1.9408851      0.22121527      -1.1621004       6.9847163        6.9847163       611.83246       611.83246
 3.6169121e-128       312.66926       55.824058       2.3313503       -2.345524       1.0141737       6.9847163        6.9847163       611.36909       611.36909
 7.9460196e-128       311.88222       69.647015       1.4153094      -1.3094436      0.89413417       6.9847163        6.9847163         609.795         609.795
 9.8999785e-128       311.66236       69.054654       2.2600181    -0.014742661      -1.2452754       6.9847163        6.9847163       609.35528       609.35528
 1.1181092e-127       311.54066       68.338255      0.89919064      -2.2995604       2.4003698       6.9847163        6.9847163       609.11188       609.11188
 2.0182065e-127       310.95009       77.854579       2.7000642       1.7259295      -3.4259938       6.9847163        6.9847163       607.93074       607.93074
 7.5846633e-127       309.62618       74.522399       1.1077482      -1.2043125       1.0965643       6.9847163        6.9847163       605.28292       605.28292
 1.0291296e-126       309.32101       60.643484       2.9679924     -0.17551007      -1.7924823       6.9847163        6.9847163       604.67258       604.67258
 2.1389861e-126       308.58938       85.989685      0.30216885      -1.4466544       2.1444855       6.9847163        6.9847163       603.20933       603.20933
 2.3055101e-126       308.51441       83.922173       2.5697388       2.0417043       -3.611443       6.9847163        6.9847163       603.05939       603.05939
 3.7770904e-126       308.02076       75.308242       2.4754907       1.1130516      -2.5885423       6.9847163        6.9847163       602.07208       602.07208
 5.4145055e-126       307.66064       77.166774       2.8848992       2.0028599      -3.8877592       6.9847163        6.9847163       601.35184       601.35184
 1.2193639e-125        306.8488       86.577675      0.21379959      -1.5291913       2.3153917       6.9847163        6.9847163       599.72816       599.72816
 1.6487475e-125       306.54711       82.908945      0.65573546      -1.1227253       1.4669899       6.9847163        6.9847163       599.12479       599.12479
  2.338888e-125       306.19746       73.995703       1.4939061     -0.62031812      0.12641206       6.9847163        6.9847163       598.42548       598.42548
 3.0255571e-125       305.94003        68.01493       1.5180131      -1.3106342      0.79262103       6.9847163        6.9847163       597.91063       597.91063
 4.0231497e-125       305.65506       75.478685       2.6785781       1.4931289       -3.171707       6.9847163        6.9847163       597.34069       597.34069
 8.2961823e-125       304.93134       88.294919       1.7799567        1.050353      -1.8303098       6.9847163        6.9847163       595.89324       595.89324
 1.7217694e-124        304.2012       52.070491       2.5481035      -2.8994237       1.3513202       6.9847163        6.9847163       594.43296       594.43296
 7.4476791e-124       302.73665       86.598308      0.42528585      -1.1832081       1.7579223       6.9847163        6.9847163       591.50386       591.50386
 7.4498276e-124       302.73635       78.356572      0.30603807      -2.0207752       2.7147371       6.9847163        6.9847163       591.50327       591.50327
 9.8906619e-124       302.45295       91.353922       1.4138581      0.66098965      -1.0748478       6.9847163        6.9847163       590.93647       590.93647
 2.0853113e-123       301.70705       77.140766     0.095355085      -2.4488828       3.3535278       6.9847163        6.9847163       589.44466       589.44466
 2.3489426e-123         301.588         70.9092       1.4942649     -0.93542698      0.44116208       6.9847163        6.9847163       589.20656       589.20656
 2.4939226e-123       301.52811       99.571974       1.6693323       1.5052253      -2.1745576       6.9847163        6.9847163       589.08678       589.08678
  4.878339e-123       300.85715       57.614867       2.3348502      -1.7571498      0.42229962       6.9847163        6.9847163       587.74487       587.74487
 5.0581718e-123       300.82095       52.826734       2.3657904      -2.9222941       1.5565037       6.9847163        6.9847163       587.67247       587.67247
 7.8425875e-123       300.38239       72.398991      0.89322269       -1.703242       1.8100193       6.9847163        6.9847163       586.79534       586.79534
 5.5635232e-122       298.42314       58.776559       2.6982269      -0.8723602     -0.82586671       6.9847163        6.9847163       582.87685       582.87685
 1.1612726e-121       297.68727        80.13589       2.9903286       2.5406594      -4.5309879       6.9847163        6.9847163       581.40511       581.40511
 3.6202591e-121       296.55025       64.107462       2.4098798     -0.34657343      -1.0633064       6.9847163        6.9847163       579.13106       579.13106
 5.9218293e-121       296.05814       90.255032       0.5553696     -0.71232008       1.1569505       6.9847163        6.9847163       578.14685       578.14685
 1.1375782e-120        295.4053       69.995997       1.0836828      -1.6478917       1.5642088       6.9847163        6.9847163       576.84117       576.84117
 1.5389844e-120       295.10308        55.36662       1.9308515      -2.8687011       1.9378496       6.9847163        6.9847163       576.23673       576.23673
 1.6193639e-120       295.05217       73.446383       1.6909233     -0.27416787     -0.41675539       6.9847163        6.9847163        576.1349        576.1349
 3.2483039e-120       294.35607       86.806086        2.492783       2.2090937      -3.7018767       6.9847163        6.9847163        574.7427        574.7427
 6.4345392e-120       293.67253        95.36392       2.4985088       2.7448075      -4.2433164       6.9847163        6.9847163       573.37562       573.37562
 3.6987566e-119       291.92363       52.453798        2.696389      -2.3441606      0.64777165       6.9847163        6.9847163       569.87782       569.87782
 4.0306481e-119        291.8377       66.686599       1.4882441      -1.4111401      0.92289604       6.9847163        6.9847163       569.70596       569.70596
 8.1739653e-119       291.13066       79.708831      0.65609508      -1.2833932       1.6272982       6.9847163        6.9847163       568.29189       568.29189
 1.1060485e-118       290.82824       96.045647      0.54077957     -0.39010133      0.84932176       6.9847163        6.9847163       567.68705       567.68705
 1.3935732e-118       290.59716       55.254625       2.9806706      -1.0976185     -0.88305211       6.9847163        6.9847163       567.22489       567.22489
 3.6291695e-118       289.64003       73.390869      0.75328268      -1.7257642       1.9724816       6.9847163        6.9847163       565.31062       565.31062
 6.4707526e-118       289.06175       79.427715       2.1754478       1.1411345      -2.3165823       6.9847163        6.9847163       564.15406       564.15406
 8.0577368e-118        288.8424       77.732666       2.8898872       2.2121403      -4.1020275       6.9847163        6.9847163       563.71536       563.71536
  1.224653e-117        288.4238       76.876285       2.3144483       1.1489493      -2.4633976       6.9847163        6.9847163       562.87816       562.87816
 1.5318167e-117       288.19999       61.776058       2.0679682      -1.2121922        0.144224       6.9847163        6.9847163       562.43055       562.43055
 2.5900485e-117       287.67478       79.076803       2.0596027      0.92835482      -1.9879575       6.9847163        6.9847163       561.38012       561.38012
 4.7102287e-117       287.07672       77.120404       2.6059317       1.6761436      -3.2820753       6.9847163        6.9847163         560.184         560.184
 1.7401294e-116       285.76991       73.259225       1.0023871      -1.3184286       1.3160415       6.9847163        6.9847163       557.57038       557.57038
 2.7703495e-116       285.30489        77.18572       2.6531029       1.7769933      -3.4300962       6.9847163        6.9847163       556.64034       556.64034
 6.6101827e-116       284.43525       58.408444       1.9154278      -2.0604872       1.1450595       6.9847163        6.9847163       554.90107       554.90107
 8.1273914e-116       284.22863        81.98278     0.097115895       -1.907326       2.8102101       6.9847163        6.9847163       554.48782       554.48782
 2.3457309e-115       283.16868       92.093443        2.377469       2.4073241      -3.7847931       6.9847163        6.9847163       552.36793       552.36793
 4.1900262e-115       282.58857       60.446918       2.0552085      -1.4086526      0.35344408       6.9847163        6.9847163       551.20771       551.20771
 5.1151583e-115       282.38907       52.710475       2.8807447      -1.8111177    -0.069627056       6.9847163        6.9847163        550.8087        550.8087
 7.2558234e-115       282.03947       98.661027       1.8181194       1.7985715      -2.6166909       6.9847163        6.9847163       550.10951       550.10951
 8.2811736e-115        281.9073       76.142805       1.3318659     -0.47587488      0.14400902       6.9847163        6.9847163       549.84516       549.84516
  1.139408e-114       281.58818       59.733734        2.472562     -0.84327966      -0.6292823       6.9847163        6.9847163       549.20693       549.20693
 1.3107782e-114       281.44807       54.026772       2.5698767      -1.9591149      0.38923826       6.9847163        6.9847163       548.92671       548.92671
 2.1123892e-114       280.97088       67.534407      0.43262138      -2.8550358       3.4224144       6.9847163        6.9847163       547.97232       547.97232
 2.4103938e-114        280.8389       67.265225       2.3293754      0.15006925      -1.4794446       6.9847163        6.9847163       547.70837       547.70837
 4.4666534e-114       280.22206       53.930275       2.5063828      -2.0707824      0.56439962       6.9847163        6.9847163       546.47468       546.47468
 6.9017177e-114       279.78692       53.006564       2.3149112      -2.6265969       1.3116857       6.9847163        6.9847163       545.60441       545.60441
 7.2309601e-114       279.74033       75.999877       2.1203779      0.80886857      -1.9292465       6.9847163        6.9847163       545.51122       545.51122
 1.5978425e-113       278.94745       91.597149       1.2021321      0.46101627     -0.66314839       6.9847163        6.9847163       543.92547       543.92547
 1.7826376e-113       278.83802       64.599502       2.6813761      0.37549021      -2.0568663       6.9847163        6.9847163        543.7066        543.7066
 2.8120231e-113        278.3822       81.532881     0.026064643      -2.0116693       2.9856046       6.9847163        6.9847163       542.79497       542.79497
 1.0953821e-112       277.02242       72.297389       2.4239113      0.95947897      -2.3833903       6.9847163        6.9847163       540.07541       540.07541
 2.0052168e-112       276.41777       84.694204       1.5469983      0.59905579      -1.1460541       6.9847163        6.9847163        538.8661        538.8661
 2.0557908e-112       276.39286       67.580059      0.40526055      -2.8479081       3.4426476       6.9847163        6.9847163       538.81629       538.81629
 2.6486779e-112       276.13947       67.204345       1.6087975     -0.99283827      0.38404077       6.9847163        6.9847163        538.3095        538.3095
 3.3992018e-112       275.88998       67.057435       1.3621524      -1.4067822       1.0446298       6.9847163        6.9847163       537.81053       537.81053
 5.3127573e-112       275.44341       61.023026       1.5355059      -2.0628022       1.5272962       6.9847163        6.9847163       536.91739       536.91739
 1.8092594e-111       274.21802       57.675399       2.7952708     -0.62382203      -1.1714488       6.9847163        6.9847163        534.4666        534.4666
 2.8427374e-111       273.76617       79.076742      0.87083721      -0.8834429       1.0126057       6.9847163        6.9847163        533.5629        533.5629
 3.3399789e-111       273.60497       86.055038        0.632974     -0.73246415       1.0994901       6.9847163        6.9847163       533.24051       533.24051
 1.2061126e-110       272.32095       66.289217       2.3722997      0.17267883      -1.5449785       6.9847163        6.9847163       530.67247       530.67247
 4.9063929e-110       270.91782       72.698024         1.20602     -0.93469498      0.72867502       6.9847163        6.9847163        527.8662        527.8662
 5.6811439e-110        270.7712       76.824694      0.34029004       -1.879534        2.539244       6.9847163        6.9847163       527.57296       527.57296
 1.1210855e-109       270.09147       68.469056       0.8373859      -1.9990746       2.1616887       6.9847163        6.9847163       526.21351       526.21351
 2.9649885e-109        269.1189       56.964852       2.6964638     -0.87156904     -0.82489472       6.9847163        6.9847163       524.26836       524.26836
 3.3567266e-109       268.99481       65.622513       2.4662749      0.27025356      -1.7365285       6.9847163        6.9847163       524.02018       524.02018
 1.2818087e-108       267.65491       70.337247       1.7228979     -0.33732813     -0.38556976       6.9847163        6.9847163       521.34039       521.34039
 1.5865492e-108       267.44163       95.594257       1.3561552      0.97179569      -1.3279508       6.9847163        6.9847163       520.91382       520.91382
 7.3737748e-108       265.90525       67.050811      0.76683096      -2.2537803       2.4869494       6.9847163        6.9847163       517.84107       517.84107
 9.3708157e-108       265.66558       78.922574       1.1771114     -0.35721164      0.18010028       6.9847163        6.9847163       517.36173       517.36173
 1.4569513e-107       265.22426       84.986531     0.041019814      -1.6530135       2.6119937       6.9847163        6.9847163       516.47908       516.47908
 1.8303473e-107        264.9961       66.304986      0.68269796      -2.4774974       2.7947995       6.9847163        6.9847163       516.02276       516.02276
 1.9709281e-107       264.92209       84.389171      0.48028949      -1.0264389       1.5461494       6.9847163        6.9847163       515.87475       515.87475
 4.5616461e-107       264.08292       73.721431       2.0032731      0.51780951      -1.5210826       6.9847163        6.9847163        514.1964        514.1964
 4.7232005e-107       264.04812       86.953023       1.3271286      0.46924522     -0.79637379       6.9847163        6.9847163        514.1268        514.1268
 1.0282816e-106       263.27013       66.578582       2.0090979     -0.29709269      -0.7120052       6.9847163        6.9847163       512.57082       512.57082
 1.1768493e-106       263.13517        76.03657       2.6960663       1.9212199      -3.6172862       6.9847163        6.9847163       512.30091       512.30091
 2.2278816e-106       262.49697         82.9313       2.6184961        2.364563      -3.9830591       6.9847163        6.9847163        511.0245        511.0245
 4.3451995e-106       261.82894       55.168386        2.654316      -1.2413702     -0.41294575       6.9847163        6.9847163       509.68844       509.68844
 8.9998693e-106       261.10081       71.723376      0.69472979      -1.7613316       2.0666018       6.9847163        6.9847163       508.23218       508.23218
  9.198876e-106       261.07893       78.141376      0.26229142       -1.811837       2.5495456       6.9847163        6.9847163       508.18843       508.18843
 1.2050431e-105       260.80891       62.482674        1.854645      -1.1275772       0.2729322       6.9847163        6.9847163       507.64839       507.64839
 1.2915011e-105       260.73963       60.868251       1.0330156      -2.7200578       2.6870422       6.9847163        6.9847163       507.50982       507.50982
 1.9550319e-105       260.32502       79.636449      0.20233707       -1.773817         2.57148       6.9847163        6.9847163       506.68061       506.68061
 2.4603595e-105       260.09512       54.345342       2.7004912      -1.3343006     -0.36619054       6.9847163        6.9847163        506.2208        506.2208
 2.6094185e-105        260.0363        71.44827       1.5134183     -0.48420699    -0.029211276       6.9847163        6.9847163       506.10316       506.10316
 3.3285863e-105       259.79288       59.917368       2.7988716     0.014099117      -1.8129707       6.9847163        6.9847163       505.61632       505.61632
 3.4831374e-105        259.7475       86.021837      0.90981505     -0.22279037      0.31297532       6.9847163        6.9847163       505.52556       505.52556
 9.4631624e-105       258.74802       63.047552       2.3144662     -0.25628441      -1.0581818       6.9847163        6.9847163       503.52661       503.52661
 1.1574641e-104       258.54661       86.975212       1.5640199       0.8846052      -1.4486251       6.9847163        6.9847163       503.12378       503.12378
 1.3105808e-104       258.42238        84.92279      0.28517269       -1.247349       1.9621763       6.9847163        6.9847163       502.87532       502.87532
 1.5693622e-104       258.24217       47.569192       2.9774352      -2.8485859      0.87115074       6.9847163        6.9847163       502.51491       502.51491
 2.0478301e-104       257.97606       59.297481       1.2672137      -2.5960973       2.3288836       6.9847163        6.9847163       501.98269       501.98269
 2.5512608e-104       257.75626       79.519813      0.79449219      -0.8543203       1.0598281       6.9847163        6.9847163       501.54308       501.54308
 4.4136877e-104       257.20813       59.327165       1.1189224      -2.8178813        2.698959       6.9847163        6.9847163       500.44683       500.44683
 6.7130158e-104        256.7888       58.378754       1.8480384       -1.817149      0.96911059       6.9847163        6.9847163       499.60816       499.60816
 1.7903884e-103       255.80783       60.514873       2.2478889      -0.7518786     -0.49601027       6.9847163        6.9847163       497.64622       497.64622
 6.0019574e-103       254.59817       70.652646       1.6410416     -0.31698081     -0.32406083       6.9847163        6.9847163       495.22691       495.22691
 8.3902224e-103       254.26319       72.524219      0.30238978      -2.2257331       2.9233434       6.9847163        6.9847163       494.55694       494.55694
 1.1722764e-102       253.92873       99.628319      0.23849208     -0.50850252       1.2700104       6.9847163        6.9847163       493.88802       493.88802
 9.1369073e-102       251.87535       60.990033        1.127344      -2.4429549       2.3156109       6.9847163        6.9847163       489.78126       489.78126
 2.0549129e-101       251.06485       72.805844       2.8278825       1.9379018      -3.7657843       6.9847163        6.9847163       488.16027       488.16027
 2.6465191e-101       250.81184       72.497092      0.56632186      -1.7918723       2.2255504       6.9847163        6.9847163       487.65425       487.65425
  2.650544e-101       250.81032       74.394508       1.4970125      -0.1335052     -0.36350728       6.9847163        6.9847163       487.65121       487.65121
 4.6111906e-101       250.25661       51.492086       2.5684253      -2.1383858      0.56996046       6.9847163        6.9847163       486.54378       486.54378
 5.8648453e-101       250.01611       59.118871       2.6080436     -0.32815847      -1.2798851       6.9847163        6.9847163       486.06279       486.06279
 7.1857314e-101       249.81299       71.727904      0.74614426      -1.5833591       1.8372148       6.9847163        6.9847163       485.65654       485.65654
   1.05525e-100       249.42873       77.473589       2.2619202       1.4150562      -2.6769764       6.9847163        6.9847163       484.88802       484.88802
 1.4973369e-100       249.07882       89.247361        1.625006       1.1739974      -1.7990034       6.9847163        6.9847163        484.1882        484.1882
 3.5107416e-100       248.22668       69.607241     0.084146342      -2.8270052       3.7428589       6.9847163        6.9847163       482.48392       482.48392
 3.5828119e-100       248.20635       51.226151       2.2696184      -2.6733113       1.4036929       6.9847163        6.9847163       482.44327       482.44327
 4.0975171e-100       248.07212       89.589115      0.98592147      0.17693141     -0.16285288       6.9847163        6.9847163        482.1748        482.1748
 4.7228951e-100       247.93008       61.919596      0.69923269      -2.9205378       3.2213051       6.9847163        6.9847163       481.89072       481.89072
 7.3576285e-100       247.48677        56.46939       2.1212708      -1.6283235      0.50705263       6.9847163        6.9847163        481.0041        481.0041
     4.9097e-99        245.5887       55.608114       2.8606852     -0.55007003      -1.3106152       6.9847163        6.9847163       477.20797       477.20797
  5.9901298e-99        245.3898       54.062036       1.7597654      -2.7290961       1.9693308       6.9847163        6.9847163       476.81017       476.81017
  7.4638913e-99       245.16984        88.45079       0.6467666     -0.39743077      0.75066417       6.9847163        6.9847163       476.37025       476.37025
  1.3415548e-98        244.5835       73.219775       2.1048262       0.8020832      -1.9069094       6.9847163        6.9847163       475.19757       475.19757
    1.36408e-98       244.56685       79.099988      0.85705862     -0.69629385      0.83923523       6.9847163        6.9847163       475.16427       475.16427
  1.9692834e-98       244.19967         72.9807      0.50412328      -1.7835755       2.2794522       6.9847163        6.9847163        474.4299        474.4299
  3.2543078e-98       243.69735       65.382424       2.2437909      0.13477797      -1.3785688       6.9847163        6.9847163       473.42527       473.42527
  3.9647698e-98       243.49988       83.714445       0.3901422      -1.0747703       1.6846281       6.9847163        6.9847163       473.03033       473.03033
  4.9434685e-98       243.27927        63.12102       1.9405542     -0.68628023     -0.25427401       6.9847163        6.9847163        472.5891        472.5891
  5.6328275e-98       243.14872       53.318925        1.968665      -2.5323461       1.5636811       6.9847163        6.9847163       472.32801       472.32801
  6.0026476e-98       243.08513       59.691353       1.3361487      -2.2253947        1.889246       6.9847163        6.9847163       472.20083       472.20083
  7.9637369e-98       242.80243       55.732329       2.5265502       -1.044039     -0.48251118       6.9847163        6.9847163       471.63543       471.63543
  1.0933022e-97       242.48554       95.139161       1.8010495       1.8049415      -2.6059909       6.9847163        6.9847163       471.00165       471.00165
  1.1987802e-97       242.39344       48.658982       2.9205365      -2.2557363       0.3351998       6.9847163        6.9847163       470.81745       470.81745
  2.2170156e-97       241.77858        68.76293       1.2399375      -1.0588679      0.81893043       6.9847163        6.9847163       469.58773       469.58773
   2.277176e-97       241.75181       89.465171       2.1920008       2.1811206      -3.3731213       6.9847163        6.9847163       469.53418       469.53418
  2.5629112e-97        241.6336       82.813388       1.9712927       1.3923466      -2.3636393       6.9847163        6.9847163       469.29777       469.29777
  4.3998256e-97       241.09318       96.081432       1.1190553      0.74826741     -0.86732275       6.9847163        6.9847163       468.21693       468.21693
  5.6719446e-97       240.83922       71.213669      0.40870909      -2.0835197       2.6748106       6.9847163        6.9847163         467.709         467.709
  9.5741428e-97       240.31568       77.028315       1.9980131       1.0059684      -2.0039815       6.9847163        6.9847163       466.66192       466.66192
  1.8514678e-96       239.65618       64.346431      0.68669643      -2.4804437       2.7937473       6.9847163        6.9847163       465.34293       465.34293
  2.4222058e-96       239.38749       79.056852       0.8732741     -0.63694978      0.76367569       6.9847163        6.9847163       464.80554       464.80554
  2.7699548e-96       239.25333       62.309412       2.1849987     -0.35891492     -0.82608375       6.9847163        6.9847163       464.53722       464.53722
   5.034766e-96       238.65579       65.382426       2.9660556       1.4221217      -3.3881773       6.9847163        6.9847163       463.34215       463.34215
  5.9098341e-96       238.49555       55.785738       1.9537242      -1.9184974      0.96477318       6.9847163        6.9847163       463.02166       463.02166
    1.19738e-95       237.78944       58.436314       2.5927641      -0.3162712      -1.2764929       6.9847163        6.9847163       461.60944       461.60944
  1.6313104e-95        237.4802       68.052583       1.0422357      -1.4158314       1.3735957       6.9847163        6.9847163       460.99096       460.99096
  1.6646134e-95       237.45999       66.031317        1.153623      -1.4900964       1.3364734       6.9847163        6.9847163       460.95054       460.95054
  2.5649925e-95       237.02763       74.166576       1.2300836      -0.4699916      0.23990801       6.9847163        6.9847163       460.08582       460.08582
  2.6039626e-95       237.01255       76.020524       2.3523533       1.5438618      -2.8962151       6.9847163        6.9847163       460.05566       460.05566
  3.3571496e-95       236.75849       64.229228       1.7606221     -0.74635276    -0.014269291       6.9847163        6.9847163       459.54754       459.54754
  4.7025476e-95       236.42147       81.108439      0.59979156     -0.88748191       1.2876904       6.9847163        6.9847163       458.87351       458.87351
  9.4792278e-95       235.72048       63.017812       1.1432264      -1.9064059       1.7631794       6.9847163        6.9847163       457.47152       457.47152
  1.0522909e-94       235.61602       60.706856       1.5036109      -1.6879504       1.1843395       6.9847163        6.9847163       457.26261       457.26261
  3.4412367e-94       234.43116       72.077906       1.7656161      0.21713944     -0.98275556       6.9847163        6.9847163       454.89288       454.89288
  3.7524175e-94       234.34459        70.98725     0.062480316      -2.5808937       3.5184134       6.9847163        6.9847163       454.71975       454.71975
  4.6493644e-94       234.13026       62.447368       1.8770942     -0.78560565    -0.091488526       6.9847163        6.9847163       454.29109       454.29109
  8.3381487e-94       233.54615       58.706368       2.0827395      -1.0605904    -0.022149073       6.9847163        6.9847163       453.12287       453.12287
  1.1990693e-93       233.18286       80.302077       2.1887896       1.6403909      -2.8291804       6.9847163        6.9847163       452.39628       452.39628
  2.0923602e-93       232.62612       65.100409      0.51509234      -2.5691547       3.0540623       6.9847163        6.9847163        451.2828        451.2828
  2.6667109e-93       232.38356       99.904771      0.80568568      0.46242088     -0.26810656       6.9847163        6.9847163       450.79768       450.79768
  1.0735679e-92       230.99083        72.58468       2.9891949       2.3921195      -4.3813144       6.9847163        6.9847163       448.01223       448.01223
  2.1870215e-92       230.27928       93.181747      0.53705351     -0.23368674      0.69663324       6.9847163        6.9847163       446.58913       446.58913
  2.3331914e-92       230.21459       50.033199       2.2311105      -2.7534947       1.5223842       6.9847163        6.9847163       446.45974       446.45974
  2.3669385e-92       230.20022        72.31711       1.8542245       0.4243027      -1.2785272       6.9847163        6.9847163       446.43101       446.43101
  2.9361457e-92       229.98473       74.815887       2.7126729       2.1227867      -3.8354596       6.9847163        6.9847163       446.00002       446.00002
   4.379339e-92       229.58493       77.235045       0.5520527      -1.2087341       1.6566814       6.9847163        6.9847163       445.20042       445.20042
  4.7745346e-92       229.49853       87.806009       1.2204767      0.55590785     -0.77638459       6.9847163        6.9847163       445.02762       445.02762
  5.0109721e-92       229.45019       87.712833       1.9958123        1.822548      -2.8183604       6.9847163        6.9847163       444.93095       444.93095
  5.9277753e-92       229.28217       92.078617      0.29021809     -0.65606761       1.3658495       6.9847163        6.9847163       444.59491       444.59491
  6.0913512e-92       229.25496       57.977073       2.9209244       0.2759029      -2.1968273       6.9847163        6.9847163       444.54048       444.54048
  6.9107671e-92       229.12874        74.97503       2.4874686       1.7508551      -3.2383237       6.9847163        6.9847163       444.28804       444.28804
   3.259666e-91       227.57762        77.11707       1.3612132     0.071477476     -0.43269072       6.9847163        6.9847163        441.1858        441.1858
  3.4316528e-91        227.5262       52.142854        2.866335      -1.0684572     -0.79787783       6.9847163        6.9847163       441.08296       441.08296
  3.8570881e-91       227.40932       56.907881       1.7344009      -1.8871528       1.1527519       6.9847163        6.9847163       440.84921       440.84921
   5.969334e-91        226.9726       83.640323      0.80854129     -0.32771628      0.51917499       6.9847163        6.9847163       439.97577       439.97577
  1.0070633e-90       226.44961       74.571212      0.95222465     -0.78653627      0.83431162       6.9847163        6.9847163       438.92979       438.92979
  1.2668846e-90       226.22009       80.930643      0.23152018      -1.3927234       2.1612032       6.9847163        6.9847163       438.47075       438.47075
  2.5073314e-90       225.53743         86.0725       1.1202138      0.32093986     -0.44115369       6.9847163        6.9847163       437.10543       437.10543
  6.1588913e-90       224.63876        54.15943       2.3882354      -1.3419119    -0.046323462       6.9847163        6.9847163       435.30808       435.30808
   7.078391e-90       224.49961       52.785477       2.6235312      -1.2666013     -0.35692993       6.9847163        6.9847163       435.02978       435.02978
  1.3283691e-89       223.87011       79.553831       2.2735184       1.8008872      -3.0744056       6.9847163        6.9847163       433.77079       433.77079
  1.2462469e-88       221.63135       46.557662       2.7452371      -2.8272462       1.0820091       6.9847163        6.9847163       429.29326       429.29326
  2.3449841e-88        220.9992       97.590666      0.70905616      0.27422156     0.016722277       6.9847163        6.9847163       428.02897       428.02897
  9.6669954e-88       219.58276       51.566533       2.2159487      -2.1674599      0.95151128       6.9847163        6.9847163       425.19609       425.19609
   9.872843e-88       219.56169       57.034862       1.8320228      -1.5900067      0.75798389       6.9847163        6.9847163       425.15395       425.15395
  1.0442334e-87       219.50562       97.424426       0.4221329     -0.16193855      0.73980565       6.9847163        6.9847163        425.0418        425.0418
  1.0699003e-87       219.48133       92.792115      0.15116741     -0.77542394       1.6242565       6.9847163        6.9847163       424.99322       424.99322
  1.2279616e-87       219.34354       96.506386       1.5053346       1.4988062      -2.0041408       6.9847163        6.9847163       424.71764       424.71764
  1.2308969e-87       219.34115        88.19928     0.052451104      -1.1592161        2.106765       6.9847163        6.9847163       424.71287       424.71287
  1.9206728e-87       218.89622       46.474517       2.7636075      -2.7650934       1.0014859       6.9847163        6.9847163       423.82301       423.82301
  2.7254268e-87       218.54627       83.866958       2.2340531       2.0715805      -3.3056336       6.9847163        6.9847163       423.12311       423.12311
  6.4425578e-87       217.68597       87.610914       2.2278377       2.2936499      -3.5214876       6.9847163        6.9847163        421.4025        421.4025
   2.315618e-86       216.40664       72.254474      0.18870323      -2.1000594       2.9113562       6.9847163        6.9847163       418.84384       418.84384
  5.2069107e-86       215.59633       72.441264       2.8169229        2.219487      -4.0364099       6.9847163        6.9847163       417.22322       417.22322
  6.6247759e-86        215.3555       75.851682       0.5121507      -1.2726356       1.7604849       6.9847163        6.9847163       416.74156       416.74156
  8.0826578e-86       215.15659       90.172097       1.1000713      0.57595423     -0.67602556       6.9847163        6.9847163       416.34375       416.34375
  1.5314168e-85       214.51754       60.376469       2.2977917     -0.16434705      -1.1334447       6.9847163        6.9847163       415.06564       415.06564
  3.7471726e-85       213.62272       86.566211       1.0822761      0.36420904     -0.44648518       6.9847163        6.9847163       413.27601       413.27601
  4.0650828e-85        213.5413       67.844862       2.7261023       1.5926372      -3.3187395       6.9847163        6.9847163       413.11316       413.11316
   7.578258e-85       212.91844       66.874856       2.0612217      0.35126763      -1.4124894       6.9847163        6.9847163       411.86745       411.86745
  9.1522086e-85       212.72973       52.526751       2.2352044      -1.7773083      0.54210385       6.9847163        6.9847163       411.49002       411.49002
  9.7830694e-85       212.66307       62.344222       2.8082352       1.0313762      -2.8396114       6.9847163        6.9847163       411.35671       411.35671
  1.1027196e-84       212.54336       78.658536      0.32749907       -1.313166       1.9856669       6.9847163        6.9847163       411.11729       411.11729
  1.1654145e-84       212.48807        68.07798       2.4950732       1.2297295      -2.7248027       6.9847163        6.9847163        411.0067        411.0067
  1.5955176e-84       212.17394       92.525672       2.3848903       2.8797522      -4.2646426       6.9847163        6.9847163       410.37845       410.37845
  1.9238068e-84       211.98683       60.674852      0.64574076       -2.767255       3.1215143       6.9847163        6.9847163       410.00423       410.00423
  2.3777064e-84         211.775        47.82421       2.4370231      -2.7120296       1.2750065       6.9847163        6.9847163       409.58057       409.58057
   2.613833e-84       211.68033       53.231006        2.505633       -1.141409     -0.36422402       6.9847163        6.9847163       409.39122       409.39122
    3.32562e-84       211.43948       82.663809      0.56865562     -0.65785459        1.089199       6.9847163        6.9847163       408.90953       408.90953
  3.6308512e-84       211.35168       54.404617       1.8169304      -2.0217076       1.2047772       6.9847163        6.9847163       408.73392       408.73392
  4.3275258e-84       211.17615       45.982166       2.6241219      -2.9990816       1.3749597       6.9847163        6.9847163       408.38286       408.38286
  5.0014938e-84        211.0314       89.480979      0.61387721      -0.1929358      0.57905858       6.9847163        6.9847163       408.09337       408.09337
  8.7139863e-84       210.47621       84.104274       2.5309222       2.6747234      -4.2056457       6.9847163        6.9847163       406.98299       406.98299
  1.0963222e-83       210.24659        80.78235       2.6519922       2.6704827       -4.322475       6.9847163        6.9847163       406.52375       406.52375
  1.1605934e-83       210.18963       63.724513        1.178205      -1.4574135       1.2792085       6.9847163        6.9847163       406.40982       406.40982
  1.3034611e-83       210.07353       83.437623       1.0238862      0.10973068     -0.13361691       6.9847163        6.9847163       406.17763       406.17763
  1.4156579e-83       209.99097       69.902505      0.74751501      -1.4101479       1.6626329       6.9847163        6.9847163        406.0125        406.0125
  1.8215941e-83       209.73885       85.082751       1.9867705       1.7841644      -2.7709349       6.9847163        6.9847163       405.50826       405.50826
  1.2128789e-82       207.84297       60.313586       1.9553939     -0.65760337     -0.29779056       6.9847163        6.9847163       401.71651       401.71651
  4.1754787e-82       206.60675       55.051246       2.7754699      -0.2033825      -1.5720874       6.9847163        6.9847163       399.24406       399.24406
  4.4199849e-82       206.54983       81.806983      0.42181662     -0.90486978       1.4830532       6.9847163        6.9847163       399.13023       399.13023
  9.0561177e-82       205.83253       63.263812      0.66213384      -2.2882261       2.6260923       6.9847163        6.9847163       397.69563       397.69563
  1.0074529e-81       205.72596       70.046449        2.373722        1.303252       -2.676974       6.9847163        6.9847163       397.48248       397.48248
  1.1970913e-81       205.55349       50.708266       1.7361966      -2.9261928       2.1899961       6.9847163        6.9847163       397.13755       397.13755
  4.6779751e-81       204.19052       56.949583       1.5669811      -1.8161095       1.2491283       6.9847163        6.9847163        394.4116        394.4116
  6.4660255e-81       203.86682       91.863591     0.072396258     -0.84966651       1.7772702       6.9847163        6.9847163       393.76421       393.76421
  1.9093046e-80       202.78406       57.773235       2.8317433       0.4730216      -2.3047649       6.9847163        6.9847163       391.59869       391.59869
  2.2246633e-80       202.63119       75.425392       0.7946206     -0.76452114      0.96990054       6.9847163        6.9847163       391.29295       391.29295
  2.5676193e-80       202.48783       83.519692      0.70181969     -0.33748804      0.63566835       6.9847163        6.9847163       391.00622       391.00622
  5.4636679e-80       201.73268       83.016331       1.3487225      0.65935476      -1.0080773       6.9847163        6.9847163       389.49593       389.49593
  5.8124773e-80       201.67079       76.029078       2.4432159       2.0071988      -3.4504146       6.9847163        6.9847163       389.37215       389.37215
  1.0071061e-79       201.12113       76.809645      0.68255105     -0.81757076       1.1350197       6.9847163        6.9847163       388.27283       388.27283
  1.4781497e-79       200.73743       74.571725        1.498977        0.305253     -0.80422997       6.9847163        6.9847163       387.50542       387.50542
  1.9894837e-79       200.44034       62.231799       1.8441141     -0.46220913     -0.38190497       6.9847163        6.9847163       386.91125       386.91125
  3.5896456e-79       199.85017       66.936698       2.8742603       1.9041937      -3.7784539       6.9847163        6.9847163        385.7309        385.7309
  4.3535543e-79       199.65722       67.081749       1.6594947     -0.14758925     -0.51190548       6.9847163        6.9847163       385.34501       385.34501
  9.8112849e-79       198.84468       68.379497        2.923736       2.1684344      -4.0921704       6.9847163        6.9847163       383.71993       383.71993
  1.1469287e-78       198.68854       49.386908       2.3120838      -2.1926367      0.88055288       6.9847163        6.9847163       383.40765       383.40765
  1.3400945e-78       198.53289       83.357225       1.9280069       1.6597615      -2.5877684       6.9847163        6.9847163       383.09635       383.09635
  5.0999829e-78       197.19639       69.345654       1.6989623      0.18493034     -0.88389263       6.9847163        6.9847163       380.42335       380.42335
  1.1965526e-77        196.3436        71.86497       1.5810919      0.24265391     -0.82374585       6.9847163        6.9847163       378.71777       378.71777
  2.3469413e-77       195.66994       49.125211       2.6780021      -1.5868242    -0.091177917       6.9847163        6.9847163       377.37044       377.37044
  2.4343073e-77       195.63339       81.386899       1.0605886      0.13953157     -0.20012017       6.9847163        6.9847163       377.29734       377.29734
   3.058643e-77       195.40508       60.896461       1.4894971      -1.1715983      0.68210124       6.9847163        6.9847163       376.84072       376.84072
  3.2150781e-77       195.35519       61.591786        2.688008      0.94019194      -2.6281999       6.9847163        6.9847163       376.74095       376.74095
  4.4671106e-77       195.02631       62.229062       1.2245187      -1.4057625       1.1812437       6.9847163        6.9847163       376.08318       376.08318
  5.4229524e-77        194.8324       79.496368       2.4121954       2.2753353      -3.6875308       6.9847163        6.9847163       375.69537       375.69537
  6.1896025e-77       194.70018       92.722008       1.5556246       1.5525858      -2.1082105       6.9847163        6.9847163       375.43092       375.43092
  7.9271584e-77       194.45275         57.8109       1.4741844      -1.6729977       1.1988133       6.9847163        6.9847163       374.93606       374.93606
  1.2640953e-76        193.9861       72.329054       1.5693129      0.28733144     -0.85664439       6.9847163        6.9847163       374.00277       374.00277
  1.8123918e-76       193.62581       89.831611       2.2863771       2.6862965      -3.9726735       6.9847163        6.9847163       373.28219       373.28219
   2.091929e-76       193.48237       96.827148       2.0515276       2.5899999      -3.6415275       6.9847163        6.9847163       372.99531       372.99531
  4.0795528e-76       192.81447       87.635431       1.7386003       1.6223958      -2.3609961       6.9847163        6.9847163       371.65951       371.65951
  4.4805667e-76       192.72071       81.274332       1.1724622       0.3316102     -0.50407242       6.9847163        6.9847163       371.47199       371.47199
  9.2187534e-76       191.99922       49.643341       2.0547521      -2.4190647       1.3643126       6.9847163        6.9847163       370.02901       370.02901
  1.1898418e-75       191.74406       70.650183       1.2232511     -0.40659023      0.18333914       6.9847163        6.9847163       369.51868       369.51868
  2.0867566e-75       191.18226       89.113702       2.0400149       2.2254118      -3.2654266       6.9847163        6.9847163       368.39509       368.39509
  8.8562588e-75       189.73675       59.491822      0.86094561      -2.3201216        2.459176       6.9847163        6.9847163       365.50407       365.50407
  1.3248756e-74       189.33398       75.413147       1.8147543      0.99266773      -1.8074221       6.9847163        6.9847163       364.69852       364.69852
  1.4066429e-74       189.27408       61.535386       1.8871603     -0.34634304     -0.54081731       6.9847163        6.9847163       364.57873       364.57873
  1.4945825e-74       189.21345       57.504909       2.0798298     -0.64915234     -0.43067742       6.9847163        6.9847163       364.45746       364.45746
  1.7617839e-74       189.04897        68.66105       1.1839212     -0.63866297      0.45474179       6.9847163        6.9847163        364.1285        364.1285
   4.605387e-74       188.08806       57.132143       1.6170398      -1.4629187       0.8458789       6.9847163        6.9847163       362.20669       362.20669
  4.8452489e-74        188.0373       55.741982       2.3791304     -0.44232559     -0.93680484       6.9847163        6.9847163       362.10516       362.10516
  5.4573272e-74       187.91833       52.316885       1.5064317      -2.5929115       2.0864798       6.9847163        6.9847163       361.86722       361.86722
  8.0483316e-74       187.52982       72.286076       1.0088657     -0.55981512       0.5509494       6.9847163        6.9847163       361.09021       361.09021
   8.906307e-74       187.42853       72.766329       1.3614397     0.048042965     -0.40948263       6.9847163        6.9847163       360.88762       360.88762
   9.795237e-74        187.3334       63.775382      0.78364464      -1.8118704       2.0282257       6.9847163        6.9847163       360.69736       360.69736
  1.0251647e-73       187.28786       64.271941      0.23848537       -2.601486       3.3630006       6.9847163        6.9847163       360.60628       360.60628
  1.7962494e-73         186.727       79.369654       1.0380309      0.03794151    -0.075972369       6.9847163        6.9847163       359.48457       359.48457
  2.6795119e-73       186.32707       59.821331      0.40087904      -2.9492454       3.5483664       6.9847163        6.9847163        358.6847        358.6847
  2.9889574e-73       186.21778        64.09426       1.6514009     -0.36089884     -0.29050203       6.9847163        6.9847163       358.46612       358.46612
  3.7854092e-73       185.98155       64.869481       2.4594812       1.0967152      -2.5561964       6.9847163        6.9847163       357.99367       357.99367
  5.4377316e-73       185.61935       73.385449       2.2342923       1.5733911      -2.8076834       6.9847163        6.9847163       357.26926       357.26926
  5.4939175e-73       185.60906       67.077168     0.067280585      -2.5182727       3.4509922       6.9847163        6.9847163       357.24869       357.24869
  7.8040426e-73       185.25807       61.357005       2.4508136      0.63334491      -2.0841585       6.9847163        6.9847163        356.5467        356.5467
   9.328496e-73       185.07963       58.379117      0.64815389      -2.7697594       3.1216055       6.9847163        6.9847163       356.18983       356.18983
  1.8701465e-72       184.38411       62.029961       0.6924418      -2.1484251       2.4559833       6.9847163        6.9847163       354.79878       354.79878
  2.2635767e-72       184.19318       93.154849       1.6619303       1.8118519      -2.4737822       6.9847163        6.9847163       354.41692       354.41692
   6.317572e-72       183.16679       82.745473      0.11998351      -1.1370644       2.0170809       6.9847163        6.9847163       352.36414       352.36414
  6.3531971e-72       183.16116       59.352581       1.1922013      -1.7209345       1.5287332       6.9847163        6.9847163       352.35289       352.35289
  7.6915699e-72          182.97       61.396612       1.5218165     -0.88558918      0.36377269       6.9847163        6.9847163       351.97056       351.97056
  1.0845057e-71       182.62641       60.105607       2.9085491       1.2869975      -3.1955466       6.9847163        6.9847163       351.28338       351.28338
  1.5191481e-71       182.28938       83.472057       2.1563911       2.1832416      -3.3396327       6.9847163        6.9847163       350.60933       350.60933
  1.6205482e-71       182.22477       78.185209       1.2703456      0.36402655     -0.63437215       6.9847163        6.9847163        350.4801        350.4801
  1.7334504e-71       182.15742       47.145049       2.9797469      -1.3494953     -0.63025163       6.9847163        6.9847163        350.3454        350.3454
  2.2248767e-71       181.90783        60.76881       2.3725973       0.4616653      -1.8342625       6.9847163        6.9847163       349.84623       349.84623
  4.0358668e-71       181.31231       45.836982       2.9484149      -1.7942401     -0.15417481       6.9847163        6.9847163       348.65519       348.65519
  6.8868294e-71       180.77793       62.290393       1.1177753      -1.3912473        1.273472       6.9847163        6.9847163       347.58642       347.58642
  7.4518504e-71       180.69908       73.668173       1.3110888      0.10369727     -0.41478605       6.9847163        6.9847163       347.42872       347.42872
  8.4352914e-71       180.57511       77.436131      0.16723137      -1.3962749       2.2290435       6.9847163        6.9847163       347.18079       347.18079
  1.1687401e-70       180.24902       62.772629      0.26408131      -2.6684467       3.4043654       6.9847163        6.9847163       346.52861       346.52861
  1.1900864e-70       180.23092       80.375211    0.0062804272      -1.4343361       2.4280557       6.9847163        6.9847163       346.49241       346.49241
   1.863185e-70       179.78267       68.706582       1.4023525     -0.18546721     -0.21688527       6.9847163        6.9847163        345.5959        345.5959
  2.5669492e-70       179.46224       67.806609       2.2922215       1.2136196      -2.5058411       6.9847163        6.9847163       344.95504       344.95504
  2.6099075e-70       179.44564       76.783915     0.028895744       -1.643273       2.6143773       6.9847163        6.9847163       344.92184       344.92184
  2.9993813e-70       179.30654       62.844882       2.4909568      0.98311075      -2.4740676       6.9847163        6.9847163       344.64365       344.64365
  1.3141268e-69        177.8292       53.073212       2.8156737    -0.047087195      -1.7685865       6.9847163        6.9847163       341.68896       341.68896
  2.2988346e-69       177.26996       58.104575        1.487719      -1.3522549      0.86453593       6.9847163        6.9847163       340.57049       340.57049
   4.745708e-69       176.54513       50.489284        2.328878      -1.4373923      0.10851432       6.9847163        6.9847163       339.12082       339.12082
  5.3519077e-69       176.42492       80.925446      0.24141275      -1.0168374       1.7754247       6.9847163        6.9847163        338.8804        338.8804
   5.409159e-69       176.41427       54.586069          1.8621      -1.3369852      0.47488521       6.9847163        6.9847163        338.8591        338.8591
  6.3727613e-69       176.25034       59.287958       1.4453841      -1.2233894      0.77800528       6.9847163        6.9847163       338.53124       338.53124
  9.0401297e-69       175.90069        42.07999      0.23993942        1.601059     -0.84099846       6.9847163        6.9847163       337.83195       337.83195
  9.8257059e-69       175.81736       61.396623       1.4602354     -0.89239966      0.43216426       6.9847163        6.9847163       337.66529       337.66529
  1.0719696e-68       175.73029       48.491993       2.5883679      -1.4906698    -0.097698056       6.9847163        6.9847163       337.49114       337.49114
    1.98947e-68       175.11191       85.744164      0.50606139     -0.32724209      0.82118069       6.9847163        6.9847163       336.25439       336.25439
   2.647161e-68       174.82629       58.922877       2.3271586      0.21239386      -1.5395525       6.9847163        6.9847163       335.68315       335.68315
  2.7550772e-68       174.78633       56.453353       2.5635197      0.21608794      -1.7796076       6.9847163        6.9847163       335.60323       335.60323
  2.9249466e-68       174.72651        81.09038       2.5810456       2.8732598      -4.4543054       6.9847163        6.9847163       335.48358       335.48358
  4.1355407e-68       174.38016       96.601282      0.48619203      0.13567035      0.37813762       6.9847163        6.9847163       334.79089       334.79089
  5.5310529e-68        174.0894       80.566613       1.9487639       1.7102519      -2.6590158       6.9847163        6.9847163       334.20937       334.20937
   7.578268e-68       173.77449       64.140183       1.2792378     -0.81296472      0.53372692       6.9847163        6.9847163       333.57955       333.57955
  1.0639871e-67       173.43517        61.16464       1.0527551      -1.5519002       1.4991451       6.9847163        6.9847163       332.90091       332.90091
  1.1843947e-67       173.32797       77.053183       1.8722715        1.351847      -2.2241185       6.9847163        6.9847163        332.6865        332.6865
  1.5793928e-67       173.04015       76.367912         2.56158        2.515771       -4.077351       6.9847163        6.9847163       332.11087       332.11087
  4.5311753e-67       171.98622       57.326005       2.3390667     0.023155931      -1.3622226       6.9847163        6.9847163         330.003         330.003
  6.4323111e-67       171.63586       49.225147        1.548684       -2.951017        2.402333       6.9847163        6.9847163       329.30229       329.30229
  1.6504618e-66       170.69356       72.794589      0.44265726      -1.2470455       1.8043883       6.9847163        6.9847163       327.41768       327.41768
  2.0669302e-66       170.46855       97.196258       1.1457333       1.2049046      -1.3506379       6.9847163        6.9847163       326.96766       326.96766
    3.16387e-66       170.04281       83.837745       0.4111281      -0.5404634       1.1293353       6.9847163        6.9847163       326.11619       326.11619
  3.3353878e-66       169.99002        80.48454      0.39208877     -0.76657647       1.3744877       6.9847163        6.9847163        326.0106        326.0106
  4.3291235e-66       169.72924       89.790971      0.92639509      0.55758034     -0.48397543       6.9847163        6.9847163       325.48905       325.48905
  6.2769515e-66       169.35773       62.916141       2.5605014       1.2464527      -2.8069541       6.9847163        6.9847163       324.74602       324.74602
  9.2016845e-66       168.97523       55.668264       1.4914979      -1.6268025       1.1353046       6.9847163        6.9847163       323.98102       323.98102
  1.5541527e-65       168.45109       52.453785       2.9306254      0.20046506      -2.1310905       6.9847163        6.9847163       322.93275       322.93275
  2.0583214e-65       168.17013       55.425341       1.0209103      -2.4211838       2.4002735       6.9847163        6.9847163       322.37083       322.37083
  2.8684736e-65       167.83824       97.131863       1.0989415       1.1421583      -1.2410998       6.9847163        6.9847163       321.70705       321.70705
  4.1763995e-65       167.46257       63.730591       1.3659727     -0.64355473      0.27758206       6.9847163        6.9847163       320.95571       320.95571
  5.4488355e-65       167.19663       67.988221       2.7218048       2.1351631      -3.8569679       6.9847163        6.9847163       320.42382       320.42382
  1.1967843e-64        166.4098       54.606883       2.1523716     -0.67573493     -0.47663663       6.9847163        6.9847163       318.85016       318.85016
  1.8822444e-64       165.95698       71.607529        1.365847      0.16123186     -0.52707884       6.9847163        6.9847163       317.94452       317.94452
  2.8227418e-64       165.55173       48.996503       2.5199752      -1.2526715     -0.26730365       6.9847163        6.9847163       317.13402       317.13402
  3.9146939e-64       165.22471       62.278695       2.9063352       1.8401159      -3.7464511       6.9847163        6.9847163       316.47998       316.47998
  4.1879195e-64       165.15723       56.491721       1.4836897      -1.4370483      0.95335864       6.9847163        6.9847163       316.34503       316.34503
   5.784296e-64        164.8343         57.9653       2.5602558      0.61970224       -2.179958       6.9847163        6.9847163       315.69916       315.69916
  5.8367153e-64       164.82527       73.266207        2.671382       2.5576071      -4.2289891       6.9847163        6.9847163        315.6811        315.6811
  5.9133842e-64       164.81222       69.358103       2.1219845       1.2370502      -2.3590346       6.9847163        6.9847163         315.655         315.655
  6.4120481e-64       164.73126       85.235857       0.5950651      -0.1464015      0.55133641       6.9847163        6.9847163       315.49308       315.49308
  8.4438314e-64       164.45601        74.28334       1.5495913      0.69057559      -1.2401669       6.9847163        6.9847163       314.94258       314.94258
  8.8069096e-64        164.4139       59.765731       2.3374641      0.50868638      -1.8461505       6.9847163        6.9847163       314.85837       314.85837
  2.1477094e-63       163.52245       58.973846       1.0797142      -1.6809702        1.601256       6.9847163        6.9847163       313.07547       313.07547
  2.1849921e-63       163.50524        53.87179       2.1153179     -0.82525959      -0.2900583       6.9847163        6.9847163       313.04105       313.04105
  2.8324207e-63       163.24572       63.444559       2.3533177       1.0318493      -2.3851669       6.9847163        6.9847163       312.52201       312.52201
  3.6679863e-63       162.98721       67.061932       1.2883896     -0.35261554     0.064225925       6.9847163        6.9847163       312.00498       312.00498
  3.8485985e-63       162.93915       58.546505       1.3964989      -1.2216666      0.82516771       6.9847163        6.9847163       311.90886       311.90886
   1.591719e-62       161.51946       70.230239       2.6664188       2.3195625      -3.9859813       6.9847163        6.9847163       309.06948       309.06948
  1.6088965e-62       161.50872       78.941615       1.5613181       1.0591468      -1.6204649       6.9847163        6.9847163         309.048         309.048
  2.6644701e-62       161.00427       44.908444       2.7197772      -1.9745314      0.25475421       6.9847163        6.9847163        308.0391        308.0391
  3.8036743e-62       160.64831       91.894782      0.56967571      0.15274369       0.2775806       6.9847163        6.9847163       307.32718       307.32718
  5.3433618e-62       160.30842        53.46054       2.0820574     -0.90241235     -0.17964504       6.9847163        6.9847163        306.6474        306.6474
  7.7146292e-62       159.94115        59.39337       2.8209773       1.3713506      -3.1923279       6.9847163        6.9847163       305.91287       305.91287
  8.7635011e-62       159.81367        90.17696       2.1586519       2.7193532       -3.878005       6.9847163        6.9847163       305.65791       305.65791
  9.4928261e-62       159.73373        74.66947       1.2993321       0.3537682     -0.65310029       6.9847163        6.9847163       305.49803       305.49803
   1.448174e-61       159.31138       70.163084       2.7434024       2.4824953      -4.2258978       6.9847163        6.9847163       304.65333       304.65333
  1.4987167e-61       159.27707       68.659779       2.9586465       2.7456896      -4.7043361       6.9847163        6.9847163       304.58471       304.58471
   5.063212e-61       158.05969       63.089995      0.86877292      -1.4018313       1.5330584       6.9847163        6.9847163       302.14994       302.14994
  6.2416814e-61       157.85043       65.872956       2.6290551       1.8643148      -3.4933699       6.9847163        6.9847163       301.73143       301.73143
  7.2053282e-61       157.70686       62.753925       2.9370651       2.0669991      -4.0040642       6.9847163        6.9847163       301.44429       301.44429
  9.3562101e-61       157.44565        62.53329       1.8252103      0.10005085     -0.92526112       6.9847163        6.9847163       300.92186       300.92186
  1.8115575e-60       156.78492       52.298961       1.1067059      -2.6792461       2.5725402       6.9847163        6.9847163        299.6004        299.6004
  1.9544999e-60       156.70897       71.427648       2.5014653       2.1802886       -3.681754       6.9847163        6.9847163        299.4485        299.4485
  4.2771913e-60       155.92581       82.346749      0.21252734     -0.82112261       1.6085953       6.9847163        6.9847163       297.88218       297.88218
  1.4728558e-59       154.68931       72.113632       1.4290153      0.41792463     -0.84693995       6.9847163        6.9847163       295.40918       295.40918
  2.4833549e-59       154.16691       49.680343       2.9444343    -0.097688653      -1.8467457       6.9847163        6.9847163       294.36438       294.36438
  2.4906965e-59       154.16395       60.820704       2.3656558      0.85259323       -2.218249       6.9847163        6.9847163       294.35846       294.35846
  2.6528456e-59       154.10088       46.888862       2.0111782      -2.4123776       1.4011995       6.9847163        6.9847163       294.23233       294.23233
  3.1382335e-59       153.93286       88.736618      0.36139166     -0.25887882      0.89748716       6.9847163        6.9847163       293.89628       293.89628
  3.8338495e-59       153.73264       57.844983       1.5132269     -0.99526872      0.48204187       6.9847163        6.9847163       293.49585       293.49585
  4.6970363e-59       153.52959       91.500897       1.9035323       2.3595158      -3.2630481       6.9847163        6.9847163       293.08974       293.08974
  1.2819062e-58       152.52558       77.788049       0.5466299     -0.55970476       1.0130749       6.9847163        6.9847163       291.08173       291.08173
  1.3818001e-58       152.45055       48.493119        2.081753      -1.8332232      0.75147014       6.9847163        6.9847163       290.93166       290.93166
  3.1483178e-58       151.62706       49.580329       1.2366695      -2.9567184       2.7200489       6.9847163        6.9847163       289.28468       289.28468
  3.5234277e-58        151.5145       82.485085       1.7452307       1.6593668      -2.4045975       6.9847163        6.9847163       289.05956       289.05956
  3.9825984e-58       151.39199        68.58163     0.084231517      -1.9712895        2.887058       6.9847163        6.9847163       288.81455       288.81455
  6.1226577e-58       150.96194       99.894424       1.9928164       2.8898075      -3.8826239       6.9847163        6.9847163       287.95444       287.95444
  9.8574256e-58        150.4857       48.353253       1.6920101      -2.4768792       1.7848692       6.9847163        6.9847163       287.00197       287.00197
  1.3601597e-57       150.16374       54.161877       1.4012177      -1.7225534       1.3213356       6.9847163        6.9847163       286.35805       286.35805
   1.630445e-57       149.98249       56.824924      0.75966918       2.3234083      -2.0830775       6.9847163        6.9847163       285.99554       285.99554
   1.964843e-57       149.79593       81.106939       2.2740341       2.5310399      -3.8050739       6.9847163        6.9847163       285.62242       285.62242
  2.3047231e-57       149.63638       81.893232       2.3281894       2.6811662      -4.0093556       6.9847163        6.9847163       285.30333       285.30333
  3.3240098e-57       149.27018       55.557342      0.68454064      -2.6257786        2.941238       6.9847163        6.9847163       284.57092       284.57092
  4.8688703e-57       148.88848       54.814888       2.5913013      0.42896742      -2.0202687       6.9847163        6.9847163       283.80753       283.80753
  5.9993482e-57       148.67969       74.970563       1.0702023      0.10804754     -0.17824985       6.9847163        6.9847163       283.38995       283.38995
  7.2076493e-57        148.4962       52.763447       1.8944022      -1.1315204      0.23711818       6.9847163        6.9847163       283.02296       283.02296
  7.7039916e-57        148.4296       62.695283       2.5719905       1.5331948      -3.1051853       6.9847163        6.9847163       282.88977       282.88977
  1.3678867e-56        147.8555        75.99105       1.6830241       1.1900708      -1.8730948       6.9847163        6.9847163       281.74156       281.74156
  1.4028376e-56       147.83026       50.760901       1.8639437      -1.5754142      0.71147046       6.9847163        6.9847163       281.69108       281.69108
   1.941505e-56        147.5053       63.409831      0.85116011      -1.2578963       1.4067362       6.9847163        6.9847163       281.04116       281.04116
  7.3352696e-56       146.17606        52.26665       2.3770691     -0.36099237      -1.0160768       6.9847163        6.9847163       278.38269       278.38269
  9.5191405e-56       145.91546       64.852778       1.4574796     -0.10019153     -0.35728807       6.9847163        6.9847163       277.86148       277.86148
  1.3360398e-55       145.57646       67.898146       2.4238344       1.8564061      -3.2802404       6.9847163        6.9847163       277.18349       277.18349
  1.3417584e-55        145.5722       59.295912      0.60882214      -2.1252497       2.5164276       6.9847163        6.9847163       277.17496       277.17496
  1.4828864e-55       145.47218       61.304842       2.0338235      0.46944843      -1.5032719       6.9847163        6.9847163       276.97493       276.97493
  1.9271676e-55       145.21013       76.176858       2.4235513       2.5332646      -3.9568159       6.9847163        6.9847163       276.45082       276.45082
  3.2478773e-55       144.68818       46.954946      0.30350301       1.6442116     -0.94771464       6.9847163        6.9847163       275.40692       275.40692
  5.0436464e-55       144.24804        98.47716       1.5153571       2.0110955      -2.5264526       6.9847163        6.9847163       274.52665       274.52665
  1.0156875e-54       143.54803       50.857606       1.0712502      -2.7759976       2.7047474       6.9847163        6.9847163       273.12662       273.12662
  1.6268518e-54       143.07694       51.313584        2.373836     -0.49386732     -0.87996863       6.9847163        6.9847163       272.18445       272.18445
  1.8100297e-54       142.97024       59.330378       2.9152662       1.8114156      -3.7266818       6.9847163        6.9847163       271.97105       271.97105
  1.9673067e-54       142.88693       97.834552       1.5321331       2.0261307      -2.5582638       6.9847163        6.9847163       271.80442       271.80442
  2.7859634e-54       142.53899       61.737934       1.9695491      0.45464313      -1.4241923       6.9847163        6.9847163       271.10855       271.10855
  2.8523035e-54       142.51546       50.611574        2.874288      0.24754257      -2.1218306       6.9847163        6.9847163       271.06148       271.06148
   2.871588e-54       142.50872       50.662293       1.7551094      -1.6678745      0.91276512       6.9847163        6.9847163       271.04801       271.04801
  6.2424017e-54       141.73223       58.472545       2.6139739       1.1668242      -2.7807981       6.9847163        6.9847163       269.49502       269.49502
   1.114313e-53       141.15276        85.77843       1.6274606       1.7101185      -2.3375791       6.9847163        6.9847163       268.33609       268.33609
  1.3786035e-53       140.93993       53.194256      0.69771609         2.22579      -1.9235061       6.9847163        6.9847163       267.91043       267.91043
  1.8341331e-53       140.65443       61.178266      0.69854252      -1.6699943       1.9714518       6.9847163        6.9847163       267.33942       267.33942
  4.2483463e-53       139.81447       65.115424      0.07085244      -2.1962982       3.1254457       6.9847163        6.9847163       265.65951       265.65951
  5.2255026e-53       139.60746       46.827603        1.872597      -2.3080845       1.4354874       6.9847163        6.9847163       265.24548       265.24548
  8.9291585e-53       139.07168       79.037982      0.74634122    -0.058317052      0.31197583       6.9847163        6.9847163       264.17393       264.17393
   2.335711e-52       138.11011       63.830733     0.073838081       -2.305933       3.2320949       6.9847163        6.9847163       262.25078       262.25078
   3.070239e-52       137.83667       45.362039       2.3990451      -1.7688591      0.36981402       6.9847163        6.9847163        261.7039        261.7039
  3.1450063e-52        137.8126       72.361698       2.6004978       2.6669067      -4.2674045       6.9847163        6.9847163       261.65577       261.65577
  3.9772318e-52       137.57783       60.813296       1.9663894      0.41040277      -1.3767922       6.9847163        6.9847163       261.18623       261.18623
  4.2708205e-52       137.50661       68.848927          2.8672        2.886009       -4.753209       6.9847163        6.9847163       261.04379       261.04379
  5.5718495e-52       137.24069       62.690014      0.70371884       2.2378523      -1.9415711       6.9847163        6.9847163       260.51194       260.51194
  5.8827041e-52        137.1864       55.828453       1.3546636      -1.2933884       0.9387248       6.9847163        6.9847163       260.40337       260.40337
  7.0339921e-52       137.00767       85.627097       1.0759369      0.82515306     -0.90108998       6.9847163        6.9847163        260.0459        260.0459
  1.0215588e-51       136.63451       85.659842      0.80774558      0.40461671      -0.2123623       6.9847163        6.9847163       259.29958       259.29958
   1.613249e-51       136.17759       68.363453       1.5803543      0.55602645      -1.1363807       6.9847163        6.9847163       258.38574       258.38574
  2.5033459e-51        135.7382       48.847274       2.9658095      0.17633738      -2.1421469       6.9847163        6.9847163       257.50697       257.50697
  3.8436473e-51       135.30941       73.957333      0.37666065       1.7746688      -1.1513294       6.9847163        6.9847163       256.64939       256.64939
  4.5630428e-51       135.13784       59.741187        1.483987     -0.49647211     0.012485137       6.9847163        6.9847163       256.30625       256.30625
  5.5611177e-51       134.94004        51.82699        1.326397      -1.9896437       1.6632467       6.9847163        6.9847163       255.91064       255.91064
  7.8983218e-51       134.58919       69.985164        1.087278    -0.098190965     0.010912965       6.9847163        6.9847163       255.20894       255.20894
  8.6185065e-51       134.50192       94.715084       1.0166308       1.1183318      -1.1349626       6.9847163        6.9847163        255.0344        255.0344
  1.1104064e-50       134.24853       54.463856       1.6431324     -0.98183124      0.33869883       6.9847163        6.9847163       254.52762       254.52762
  1.1384146e-50       134.22361       51.221524       1.0140557       -2.604045       2.5899893       6.9847163        6.9847163       254.47779       254.47779
  1.4554386e-50       133.97794       42.595086       2.4737937      -2.3927879      0.91899415       6.9847163        6.9847163       253.98644       253.98644
  1.9946795e-50       133.66276       70.637969      0.84271381     -0.42696629      0.58425248       6.9847163        6.9847163       253.35609       253.35609
  2.3676905e-50       133.49134        61.02194      0.27356798      -2.2553371       2.9817692       6.9847163        6.9847163       253.01324       253.01324
  2.7540358e-50       133.34018       73.815601        1.127257      0.26610553     -0.39336256       6.9847163        6.9847163       252.71092       252.71092
  3.9996359e-50       132.96704       70.818491      0.48560028     -0.96543761       1.4798373       6.9847163        6.9847163       251.96465       251.96465
   9.936588e-50       132.05703       66.100019       1.9998735       1.1138152      -2.1136886       6.9847163        6.9847163       250.14462       250.14462
  1.0410496e-49       132.01044       46.081644       1.6415978      -2.7001658        2.058568       6.9847163        6.9847163       250.05144       250.05144
  1.4100959e-49         131.707       47.543665       2.5345852     -0.79519861     -0.73938662       6.9847163        6.9847163       249.44457       249.44457
  1.4533492e-49       131.67679       58.569256       2.4221292       1.0093247       -2.431454       6.9847163        6.9847163       249.38415       249.38415
  6.2949637e-49       130.21091       86.339236      0.50222068     0.010483292      0.48729603       6.9847163        6.9847163       246.45239       246.45239
  8.8458557e-49       129.87071       74.191551       1.8246002       1.4872294      -2.3118296       6.9847163        6.9847163       245.77199       245.77199
  1.6670465e-48       129.23702        49.04127       1.1849757      -2.6720965       2.4871208       6.9847163        6.9847163       244.50461       244.50461
  1.7425627e-48       129.19272       85.306502       1.7009403       1.9093054      -2.6102457       6.9847163        6.9847163       244.41601       244.41601
  1.8542049e-48       129.13062       48.321582       1.1934378      -2.8175352       2.6240973       6.9847163        6.9847163       244.29181       244.29181
  2.7761805e-48         128.727       49.347932       1.8077218      -1.5571664      0.74944463       6.9847163        6.9847163       243.48457       243.48457
  5.2664316e-48       128.08672       60.275823       2.2606681       1.0016158       -2.262284       6.9847163        6.9847163       242.20401       242.20401
  5.3240475e-48       128.07585       78.607978        1.779039       1.7042863      -2.4833252       6.9847163        6.9847163       242.18226       242.18226
  6.5296704e-48       127.87172       71.541885       2.5600769       2.6513337      -4.2114107       6.9847163        6.9847163       241.77401       241.77401
  1.2253538e-47       127.24226       40.315954       2.8988697      -2.2556731      0.35680343       6.9847163        6.9847163       240.51509       240.51509
   1.549217e-47       127.00775       46.985332       2.0510292      -1.6468785      0.59584926       6.9847163        6.9847163       240.04606       240.04606
  1.5516707e-47       127.00616       85.775812       1.0207808      0.81854689     -0.83932773       6.9847163        6.9847163       240.04289       240.04289
  2.7380566e-47       126.43824       59.130462        1.750449    0.0078003146     -0.75824931       6.9847163        6.9847163       238.90705       238.90705
  3.0852172e-47       126.31887       60.402898      0.60112369       2.0736973       -1.674821       6.9847163        6.9847163        238.6683        238.6683
  5.9754055e-47       125.65784       40.565765       2.7637981      -2.3400132      0.57621516       6.9847163        6.9847163       237.34625       237.34625
  8.5670218e-47       125.29758       70.137279      0.76937141     -0.49128043      0.72190901       6.9847163        6.9847163       236.62572       236.62572
  1.2718899e-46       124.90241       97.155727       1.7979574       2.6046167      -3.4025741       6.9847163        6.9847163       235.83538       235.83538
  1.5645409e-46       124.69532       61.628515      0.43610021      -1.8053236       2.3692234       6.9847163        6.9847163        235.4212        235.4212
  1.6977547e-46        124.6136       46.701599       1.5432781      -2.5132624       1.9699843       6.9847163        6.9847163       235.25777       235.25777
  1.8471121e-46       124.52928       48.860169       1.2077354      -2.5657601       2.3580246       6.9847163        6.9847163       235.08913       235.08913
  1.8731912e-46       124.51526       67.011727      0.47797432      -1.1992852       1.7213108       6.9847163        6.9847163       235.06109       235.06109
  2.0117446e-46        124.4439       57.683683       1.6050252     -0.39234212     -0.21268309       6.9847163        6.9847163       234.91837       234.91837
  2.1006485e-46       124.40066       54.450544      0.89363031      -2.0335175       2.1398872       6.9847163        6.9847163       234.83189       234.83189
  2.8976097e-46       124.07902       52.852582       2.6087854      0.61161781      -2.2204033       6.9847163        6.9847163        234.1886        234.1886
  2.9888711e-46       124.04802       89.280995       1.1177135       1.1451056      -1.2628191       6.9847163        6.9847163        234.1266        234.1266
  8.2315617e-46       123.03494       45.954525       0.6522309       2.0795552      -1.7317861       6.9847163        6.9847163       232.10044       232.10044
  9.0980849e-46       122.93485       88.616997       1.8103961       2.3039425      -3.1143386       6.9847163        6.9847163       231.90026       231.90026
  9.5643655e-46       122.88487       41.414642       2.1611554      -2.9789394        1.817784       6.9847163        6.9847163        231.8003        231.8003
  1.0522273e-45       122.78942       65.402536        0.522238      -1.2558099       1.7335719       6.9847163        6.9847163        231.6094        231.6094
  1.1429833e-45       122.70668       62.978001      0.85687263     -0.96507195       1.1081993       6.9847163        6.9847163       231.44392       231.44392
   1.670397e-45       122.32726       76.813171       1.1911843      0.66916967     -0.86035393       6.9847163        6.9847163       230.68509       230.68509
  2.7244279e-45       121.83807       58.291756      0.74267456       2.2521363      -1.9948108       6.9847163        6.9847163        229.7067        229.7067
  4.6950499e-45       121.29381       51.283157       1.4963778      -1.5268506       1.0304729       6.9847163        6.9847163       228.61819       228.61819
   4.699983e-45       121.29276       63.613436      0.72981161       2.2432496      -1.9730612       6.9847163        6.9847163       228.61609       228.61609
  5.0831833e-45       121.21438       41.344612       1.0259737       2.5364667      -2.5624403       6.9847163        6.9847163       228.45933       228.45933
  5.1549155e-45       121.20037        50.24262       2.7880786      0.51156206      -2.2996407       6.9847163        6.9847163       228.43131       228.43131
  5.6813443e-45       121.10314       43.547994      0.62972154       2.0191542      -1.6488758       6.9847163        6.9847163       228.23684       228.23684
  5.7007574e-45       121.09973       75.852655        1.644658       1.3774485      -2.0221065       6.9847163        6.9847163       228.23002       228.23002
  6.8344041e-45       120.91835       77.077863       1.8558375       1.8188357      -2.6746732       6.9847163        6.9847163       227.86727       227.86727
   7.486198e-45       120.82726       71.812764       2.4715522       2.5953946      -4.0669468       6.9847163        6.9847163       227.68509       227.68509
   8.889237e-45       120.65548       63.766171      0.10923572      -2.0280885       2.9188528       6.9847163        6.9847163       227.34153       227.34153
   1.082751e-44       120.45823       62.903121      0.35081796       1.6947094      -1.0455274       6.9847163        6.9847163       226.94703       226.94703
  1.7931343e-44       119.95378       56.426561      0.94352033      -1.5768015       1.6332812       6.9847163        6.9847163       225.93812       225.93812
  1.8738119e-44       119.90976       87.817529        1.070388       1.0393765      -1.1097645       6.9847163        6.9847163       225.85009       225.85009
  2.1113257e-44       119.79042       41.843105        2.197034      -2.6660337       1.4689997       6.9847163        6.9847163        225.6114        225.6114
  2.4912242e-44       119.62497       96.128291       1.9622261       2.9456114      -3.9078376       6.9847163        6.9847163        225.2805        225.2805
  2.7995694e-44       119.50827         75.7735       1.3355528       0.8704527      -1.2060055       6.9847163        6.9847163       225.04711       225.04711
  3.2731901e-44       119.35198       79.165005       1.1495885      0.76278333     -0.91237182       6.9847163        6.9847163       224.73452       224.73452
  5.6550814e-44       118.80519       51.581541      0.76542738      -2.6186513        2.853224       6.9847163        6.9847163       223.64094       223.64094
  5.9469189e-44       118.75487       49.688875       2.4735543     -0.10238855      -1.3711658       6.9847163        6.9847163        223.5403        223.5403
  1.0998581e-43       118.13997        42.22353       1.9861185      -2.8476663       1.8615478       6.9847163        6.9847163       222.31051       222.31051
  1.6009068e-43       117.76458       48.060383       2.0184662      -1.2149532      0.19648698       6.9847163        6.9847163       221.55973       221.55973
  2.2125152e-43       117.44103       67.075121      0.84140867     -0.53447359      0.69306491       6.9847163        6.9847163       220.91262       220.91262
  2.2537146e-43       117.42258       79.121377      0.85215638      0.30129953     -0.15345591       6.9847163        6.9847163       220.87572       220.87572
  2.8551683e-43       117.18602       67.349513      0.71263393     -0.71252549      0.99989156       6.9847163        6.9847163       220.40261       220.40261
  5.6959607e-43        116.4954       57.964263      0.11677654      -2.6209914       3.5042149       6.9847163        6.9847163       219.02136       219.02136
  5.9299705e-43       116.45514       64.357841       2.0667652       1.2801094      -2.3468746       6.9847163        6.9847163       218.94084       218.94084
  7.3477197e-43       116.24077       86.325101       1.8800582       2.3885298       -3.268588       6.9847163        6.9847163        218.5121        218.5121
   8.256319e-43       116.12417       93.294003       1.9282417       2.7855741      -3.7138159       6.9847163        6.9847163       218.27891       218.27891
   1.112696e-42       115.82578       43.105048       2.4880911      -1.6274865      0.13939539       6.9847163        6.9847163       217.68213       217.68213
  1.2839043e-42       115.68266       58.581973       0.7779518      -1.4862108        1.708259       6.9847163        6.9847163       217.39589       217.39589
  1.4803138e-42       115.54031       69.195516       1.7127725       1.0954176      -1.8081901       6.9847163        6.9847163       217.11119       217.11119
  1.5069716e-42       115.52246       67.666407       1.5128988      0.63531929      -1.1482181       6.9847163        6.9847163       217.07549       217.07549
  1.5931054e-42       115.46689       82.102253       1.2860218       1.1710053      -1.4570271       6.9847163        6.9847163       216.96434       216.96434
  1.9496211e-42       115.26493       51.520817       1.1103446      -1.9930026        1.882658       6.9847163        6.9847163       216.56043       216.56043
  1.9731357e-42       115.25294       85.405448       2.1474163       2.8728423      -4.0202587       6.9847163        6.9847163       216.53645       216.53645
   2.548623e-42       114.99701       61.687355       1.6262021      0.27393637      -0.9001385       6.9847163        6.9847163       216.02459       216.02459
   2.636183e-42       114.96323       83.711389      0.40709056     -0.13762707      0.73053651       6.9847163        6.9847163       215.95703       215.95703
   2.658476e-42       114.95482       54.260461       2.4069592       0.6762135      -2.0831727       6.9847163        6.9847163        215.9402        215.9402
  6.2811542e-42       114.09502       62.998556       2.3735592       1.7317608        -3.10532       6.9847163        6.9847163        214.2206        214.2206
   6.320675e-42       114.08874       75.610369      0.59075241     -0.27819058      0.68743817       6.9847163        6.9847163       214.20805       214.20805
  6.7895502e-42       114.01719       67.671112       2.7557801       2.9172191      -4.6729992       6.9847163        6.9847163       214.06494       214.06494
  9.8441967e-42       113.64568       85.417871       1.3443076       2.9500857      -3.2943933       6.9847163        6.9847163       213.32193       213.32193
  1.0181131e-41       113.61203       65.540564       1.7249161      0.83718277      -1.5620989       6.9847163        6.9847163       213.25463       213.25463
   1.610089e-41       113.15369        57.54443       2.5604694       1.4580826       -3.018552       6.9847163        6.9847163       212.33795       212.33795
  1.9877419e-41       112.94299       63.452466       1.4538952      0.19467211     -0.64856728       6.9847163        6.9847163       211.91654       211.91654
  1.9878983e-41        112.9429       47.097829        1.947111      -1.4286483      0.48153726       6.9847163        6.9847163       211.91637       211.91637
  3.3032572e-41       112.43507        80.09126        1.528898       1.5046901      -2.0335881       6.9847163        6.9847163       210.90071       210.90071
   1.779077e-40        110.7513       56.854285      0.40680635      -2.2153352       2.8085289       6.9847163        6.9847163       207.53317       207.53317
  2.6866717e-40       110.33909       71.615722       2.1554531       2.1225381      -3.2779912       6.9847163        6.9847163       206.70875       206.70875
  2.7012176e-40       110.33369       63.200477       1.2615269     -0.11116801     -0.15035887       6.9847163        6.9847163       206.69795       206.69795
   3.245685e-40       110.15007        71.69065       2.3887047       2.5722248      -3.9609295       6.9847163        6.9847163        206.3307        206.3307
   3.413972e-40       110.09952       48.849187       2.9914428      0.88710701      -2.8785499       6.9847163        6.9847163        206.2296        206.2296
  4.2638554e-40       109.87722       54.919525       2.4523727      0.96332243      -2.4156951       6.9847163        6.9847163       205.78501       205.78501
  4.2658713e-40       109.87675       51.195299        2.219154    -0.052403908      -1.1667501       6.9847163        6.9847163       205.78406       205.78406
  4.9172678e-40       109.73465       62.001759       2.8336426       2.5788285      -4.4124711       6.9847163        6.9847163       205.49986       205.49986
  7.8275857e-40       109.26975       65.285257      0.52984565      -1.0784839       1.5486383       6.9847163        6.9847163       204.57006       204.57006
  1.0430618e-39       108.98265       69.286431       2.2060219        2.060661      -3.2666828       6.9847163        6.9847163       203.99587       203.99587
  1.1362926e-39       108.89704       85.585984       1.4464857       1.6545882      -2.1010739       6.9847163        6.9847163       203.82464       203.82464
   1.732214e-39       108.47541       71.928029       0.6001361     -0.44143561      0.84129951       6.9847163        6.9847163       202.98139       202.98139
  2.2855759e-39       108.19819       60.829263       1.3284544     -0.21026689     -0.11818751       6.9847163        6.9847163       202.42695       202.42695
   4.591476e-39       107.50061       80.468676       1.8877934       2.2035974      -3.0913908       6.9847163        6.9847163       201.03178       201.03178
  4.7374924e-39        107.4693       62.269488       2.7851066       2.5545088      -4.3396154       6.9847163        6.9847163       200.96917       200.96917
  4.7665318e-39       107.46319       65.666075     0.048689682      -1.7643786       2.7156889       6.9847163        6.9847163       200.95695       200.95695
  5.0150248e-39       107.41237       61.799923      0.61230711      -1.2565441        1.644237       6.9847163        6.9847163       200.85531       200.85531
  5.8895334e-39       107.25163       58.548917      0.23684629      -2.2071706       2.9703243       6.9847163        6.9847163       200.53383       200.53383
  6.3218193e-39        107.1808       55.154165       1.1733723      -1.1472539      0.97388155       6.9847163        6.9847163       200.39217       200.39217
  1.5408662e-38       106.28988        46.51836       2.7034323    -0.043711258       -1.659721       6.9847163        6.9847163       198.61033       198.61033
  1.6225595e-38       106.23822       97.621176      0.94998951       2.4902785       -2.440268       6.9847163        6.9847163       198.50701       198.50701
  1.6250114e-38       106.23672       91.248113      0.34345125      0.14232642      0.51422233       6.9847163        6.9847163         198.504         198.504
  2.3113115e-38       105.88442       52.560408      0.58151269      -2.4753386       2.8938259       6.9847163        6.9847163        197.7994        197.7994
   2.573187e-38       105.77709       58.258746       2.7116493       1.9790032      -3.6906525       6.9847163        6.9847163       197.58474       197.58474
  5.3399325e-38       105.04701       48.584951      0.58519926       1.9198235      -1.5050228       6.9847163        6.9847163       196.12459       196.12459
  7.1855565e-38       104.75015       45.778965       1.5184859       -2.239541        1.721055       6.9847163        6.9847163       195.53087       195.53087
  8.2822488e-38       104.60812       78.445368       1.9198367       2.1856043       -3.105441       6.9847163        6.9847163        195.2468        195.2468
  9.7016109e-38       104.44994       40.230497       2.9856956      -1.2650551     -0.72064053       6.9847163        6.9847163       194.93044       194.93044
   1.745583e-37       103.86255       79.424764       0.4594017     -0.17106356      0.71166186       6.9847163        6.9847163       193.75567       193.75567
  2.1222937e-37       103.66715       43.300897      0.11598904       1.1370241     -0.25301318       6.9847163        6.9847163       193.36486       193.36486
   2.196664e-37        103.6327       79.742471      0.93454188       0.5902914     -0.52483328       6.9847163        6.9847163       193.29597       193.29597
   2.244291e-37       103.61126       47.167621       2.0766597     -0.93383194     -0.14282775       6.9847163        6.9847163       193.25308       193.25308
  2.3187953e-37        103.5786        70.75371       2.5739233       2.9792817       -4.553205       6.9847163        6.9847163       193.18776       193.18776
  3.6182001e-37       103.13366       41.371754       2.9159451     -0.95690293     -0.95904218       6.9847163        6.9847163       192.29789       192.29789
  4.3024587e-37       102.96045       88.737131       1.0595023       1.1868643      -1.2463666       6.9847163        6.9847163       191.95147       191.95147
  8.1386901e-37       102.32302       55.686368      0.33257585      -2.3365599        3.003984       6.9847163        6.9847163        190.6766        190.6766
  9.6243569e-37       102.15535       61.258124      0.20560724      -1.8698958       2.6642885       6.9847163        6.9847163       190.34126       190.34126
  2.1709016e-36       101.34191       46.836405       2.9658781      0.66199582      -2.6278739       6.9847163        6.9847163       188.71439       188.71439
  2.2549432e-36       101.30394       68.252861       1.8404837       1.4294563        -2.26994       6.9847163        6.9847163       188.63844       188.63844
  2.4600294e-36       101.21688        46.16807       2.4864801     -0.36313542      -1.1233446       6.9847163        6.9847163       188.46433       188.46433
  2.7503113e-36       101.10534       56.460659       2.0452471      0.62759336      -1.6728405       6.9847163        6.9847163       188.24125       188.24125
  3.8909072e-36       100.75841       55.888405       2.2422022       0.9104128       -2.152615       6.9847163        6.9847163       187.54739       187.54739
  4.4899583e-36       100.61522       55.293107      0.49267093      -2.1041089        2.611438       6.9847163        6.9847163         187.261         187.261
  5.0287124e-36        100.5019       74.880175        2.183676        2.524398       -3.708074       6.9847163        6.9847163       187.03436       187.03436
   7.044835e-36       100.16476       73.717721       2.4447196       2.9862141      -4.4309337       6.9847163        6.9847163       186.36009       186.36009
  7.7543419e-36       100.06881       46.050081       2.9667094      0.52446796      -2.4911773       6.9847163        6.9847163       186.16818       186.16818
  8.3365576e-36       99.996406       67.238969       2.4651011       2.5267124      -3.9918136       6.9847163        6.9847163       186.02338       186.02338
   1.114187e-35       99.706346       69.731915       1.7574241       1.4138544      -2.1712785       6.9847163        6.9847163       185.44326       185.44326
  1.2012649e-35       99.631096       57.015622     0.070745833      -2.5227692       3.4520234       6.9847163        6.9847163       185.29276       185.29276
  1.2399605e-35       99.599391       46.761027       2.5279764     -0.10636298      -1.4216134       6.9847163        6.9847163       185.22935       185.22935
  1.3665232e-35       99.502201       58.501448       1.3621854     -0.26674568    -0.095439706       6.9847163        6.9847163       185.03497       185.03497
  1.5028376e-35       99.407116       48.645421       1.7881312      -1.0154229      0.22729167       6.9847163        6.9847163        184.8448        184.8448
  1.7784374e-35       99.238736       55.691494       2.8122938       1.9798592       -3.792153       6.9847163        6.9847163       184.50804       184.50804
   2.209209e-35       99.021836       48.052114       1.2313691      -2.0653748       1.8340057       6.9847163        6.9847163       184.07424       184.07424
  2.3142948e-35       98.975366       62.513006       2.5637216       2.3038252      -3.8675468       6.9847163        6.9847163        183.9813        183.9813
  3.2212211e-35       98.644711       49.644766       1.0033654       2.4669076       -2.470273       6.9847163        6.9847163       183.31999       183.31999
   7.886282e-35       97.749346       50.085167      0.68762116       2.0408949      -1.7285161       6.9847163        6.9847163       181.52926       181.52926
    1.04641e-34       97.466521        77.53923       1.8432914       2.0773477      -2.9206391       6.9847163        6.9847163       180.96361       180.96361
  1.2559716e-34       97.283976       70.191698      0.20076658      -1.0483907       1.8476242       6.9847163        6.9847163       180.59852       180.59852
   1.621197e-34       97.028721       55.607621       2.3304705       1.1121655      -2.4426359       6.9847163        6.9847163       180.08801       180.08801
  1.9746084e-34       96.831516       65.927945      0.52367409     -0.86575862       1.3420845       6.9847163        6.9847163        179.6936        179.6936
   2.501862e-34       96.594851       60.318902       2.1100775       1.2760663      -2.3861438       6.9847163        6.9847163       179.22027       179.22027
  2.9091749e-34       96.444016       90.984096       1.8635564       2.7601139      -3.6236703       6.9847163        6.9847163        178.9186        178.9186
  2.9973552e-34       96.414156       53.830883       2.3895713      0.98817605      -2.3777473       6.9847163        6.9847163       178.85888       178.85888
   3.293828e-34       96.319836       43.280562       2.8096332     -0.33378274      -1.4758505       6.9847163        6.9847163       178.67024       178.67024
  3.7694549e-34       96.184956       60.137281      0.11218692       -2.037291       2.9251041       6.9847163        6.9847163       178.40048       178.40048
  1.4402694e-33       94.844471       57.274413       1.3290844      -0.3802125     0.051128066       6.9847163        6.9847163       175.71951       175.71951
  1.4678291e-33       94.825516       93.335298       1.3798967       2.9370795      -3.3169763       6.9847163        6.9847163        175.6816        175.6816
  1.6145633e-33       94.730236       57.909493       1.2353888     -0.46016216       0.2247734       6.9847163        6.9847163       175.49104       175.49104
  2.2115536e-33       94.415606       92.724288      0.91103654       1.1526285      -1.0636651       6.9847163        6.9847163       174.86178       174.86178
   2.535814e-33       94.278786        82.64828     0.091678463     -0.48168011       1.3900016       6.9847163        6.9847163       174.58814       174.58814
  2.7674188e-33       94.191386       67.299243      0.61551049     -0.57773062      0.96222013       6.9847163        6.9847163       174.41334       174.41334
   3.690658e-33       93.903496       95.366456       1.7617721       2.7561384      -3.5179105       6.9847163        6.9847163       173.83756       173.83756
  3.9734919e-33       93.829656       53.775156        2.508831       1.2615367      -2.7703676       6.9847163        6.9847163       173.68988       173.68988
  4.0191491e-33       93.818231       44.510877      0.78828235       2.0843143      -1.8725966       6.9847163        6.9847163       173.66703       173.66703
  4.4006602e-33       93.727546       40.554017       2.2692293      -2.0108627      0.74163345       6.9847163        6.9847163       173.48566       173.48566
  4.7132147e-33       93.658931       58.488669       2.1822875       1.2638399      -2.4461274       6.9847163        6.9847163       173.34843       173.34843
  8.9900656e-33       93.013181       91.958025     0.068677883       1.1900926     -0.25877046       6.9847163        6.9847163       172.05693       172.05693
   9.243035e-33       92.985431       76.727205       1.9225111       2.2328162      -3.1553274       6.9847163        6.9847163       172.00143       172.00143
  1.1093287e-32       92.802961       78.846067       2.0869859       2.6724812      -3.7594671       6.9847163        6.9847163       171.63649       171.63649
  1.4303289e-32       92.548811       40.134634        2.459632      -1.7589735      0.29934146       6.9847163        6.9847163       171.12819       171.12819
  1.5762674e-32       92.451656        89.22122      0.22096529   -0.0091610676      0.78819578       6.9847163        6.9847163       170.93388       170.93388
  1.7165897e-32       92.366376       77.211844       1.2611119       1.1059379      -1.3670498       6.9847163        6.9847163       170.76332       170.76332
  2.2282354e-32       92.105506       96.322811      0.18123735      0.17272581      0.64603684       6.9847163        6.9847163       170.24158       170.24158
  3.2359717e-32       91.732386       69.800648      0.98721999      0.22680397     -0.21402397       6.9847163        6.9847163       169.49534       169.49534
  3.8583879e-32       91.556466       43.645842       1.4095439       2.8537184      -3.2632623       6.9847163        6.9847163        169.1435        169.1435
  5.0609001e-32       91.285171       90.905831       1.3143316       1.7819758      -2.0963075       6.9847163        6.9847163       168.60091       168.60091
  5.1753363e-32       91.262811       47.162839      0.72841067      -2.8663067        3.137896       6.9847163        6.9847163       168.55619       168.55619
  7.1774532e-32       90.935771       97.935563      0.25387183       1.4914681     -0.74533996       6.9847163        6.9847163       167.90211       167.90211
  1.3894736e-31       90.275206       51.648799       1.2104748      -1.2458388       1.0353639       6.9847163        6.9847163       166.58098       166.58098
  2.0189134e-31       89.901571       43.970596       1.6305327      -2.0262894       1.3957567       6.9847163        6.9847163       165.83371       165.83371
   3.900189e-31       89.243106       74.107239     0.098359433     -0.85945486       1.7610954       6.9847163        6.9847163       164.51678       164.51678
  4.0764005e-31       89.198916       50.548351       1.1661471        2.628161      -2.7943081       6.9847163        6.9847163        164.4284        164.4284
  4.7831989e-31       89.039021       59.963972      0.90450473     -0.68142452      0.77691978       6.9847163        6.9847163       164.10861       164.10861
  5.5894409e-31       88.883251       46.427217       2.4935192     0.093288206      -1.5868074       6.9847163        6.9847163       163.79707       163.79707
  7.4221558e-31       88.599661       54.738979       2.6530713       1.7992437       -3.452315       6.9847163        6.9847163       163.22989       163.22989
  9.5053448e-31       88.352276       69.329465     0.013308555      -1.2812248       2.2679162       6.9847163        6.9847163       162.73512       162.73512
  9.5613586e-31       88.346401       84.016418      0.56664147      0.34424404     0.089114489       6.9847163        6.9847163       162.72337       162.72337
  1.5880865e-30       87.839016        52.48499      0.49990369      -2.2261513       2.7262476       6.9847163        6.9847163        161.7086        161.7086
  1.7214975e-30       87.758351       41.701235       2.8800289     -0.31036072      -1.5696682       6.9847163        6.9847163       161.54727       161.54727
   2.443788e-30       87.407996       62.217918      0.54686081      -1.0112717       1.4644108       6.9847163        6.9847163       160.84656       160.84656
  3.6595115e-30       87.004216       56.180326       2.3270101        1.401438      -2.7284481       6.9847163        6.9847163         160.039         160.039
  3.7784917e-30       86.972221       86.354044       1.0261705       1.1744362      -1.2006067       6.9847163        6.9847163       159.97501       159.97501
  4.5354297e-30       86.789626       69.316159      0.83956735     0.019226908      0.14120575       6.9847163        6.9847163       159.60982       159.60982
  7.9977879e-30       86.222381       61.211593      0.90604745     -0.50940637      0.60335892       6.9847163        6.9847163       158.47533       158.47533
  8.1273481e-30       86.206311       40.670235       2.7302633     -0.82736728     -0.90289597       6.9847163        6.9847163       158.44319       158.44319
  8.3380077e-30       86.180721       92.298933      0.87965992       1.1512126      -1.0308725       6.9847163        6.9847163       158.39201       158.39201
  1.3488794e-29       85.699686       62.713887       2.4633662       2.3877982      -3.8511644       6.9847163        6.9847163       157.42994       157.42994
  1.3818659e-29       85.675526       70.336349       1.1717491       0.6411673     -0.81291642       6.9847163        6.9847163       157.38162       157.38162
   1.535927e-29       85.569826       66.412312      0.27445538       1.4761121     -0.75056747       6.9847163        6.9847163       157.17022       157.17022
  1.8706843e-29       85.372656       62.145464       1.2679964        2.800668      -3.0686644       6.9847163        6.9847163       156.77588       156.77588
  2.8665646e-29       84.945846       62.351304       2.2437759       1.9396078      -3.1833838       6.9847163        6.9847163       155.92226       155.92226
  3.0490938e-29       84.884116       50.213833      0.35140626       1.4705068     -0.82191307       6.9847163        6.9847163        155.7988        155.7988
  3.3180731e-29       84.799576       45.097659        1.191955      -2.3423515       2.1503964       6.9847163        6.9847163       155.62972       155.62972
  3.7237256e-29       84.684236       67.068777        2.387187         2.63141       -4.018597       6.9847163        6.9847163       155.39904       155.39904
  3.8508526e-29       84.650666       68.907659       1.7629601       1.5752243      -2.3381844       6.9847163        6.9847163        155.3319        155.3319
    4.43747e-29       84.508876       70.722727       1.3617897      0.99869791      -1.3604876       6.9847163        6.9847163       155.04832       155.04832
  6.1898695e-29       84.176046       52.646173       1.5677806     -0.34850675     -0.21927383       6.9847163        6.9847163       154.38266       154.38266
  6.2129122e-29       84.172331       84.633032      0.16591776     -0.19662036       1.0307026       6.9847163        6.9847163       154.37523       154.37523
  6.4523803e-29       84.134511       78.681388       1.7688731       2.1588785      -2.9277516       6.9847163        6.9847163       154.29959       154.29959
  6.7427627e-29       84.090491       67.801955       0.8463529    -0.037889192      0.19153629       6.9847163        6.9847163       154.21155       154.21155
  1.0682906e-28       83.630316       51.627632       2.6611357       1.5017653      -3.1629011       6.9847163        6.9847163        153.2912        153.2912
   1.332384e-28       83.409406       47.182338       2.8532048       1.1083667      -2.9615715       6.9847163        6.9847163       152.84938       152.84938
  1.4250963e-28       83.342136       45.918119        1.235816      -2.0458849       1.8100689       6.9847163        6.9847163       152.71484       152.71484
  1.5492703e-28       83.258591        40.28929        1.568813       2.8908751      -3.4596881       6.9847163        6.9847163       152.54775       152.54775
  3.1562794e-28       82.546981       58.252943       1.9796232       1.0962805      -2.0759038       6.9847163        6.9847163       151.12453       151.12453
  3.1922917e-28       82.535636        84.03142       1.7566816       2.4045408      -3.1612224       6.9847163        6.9847163       151.10184       151.10184
  3.3350895e-28       82.491876       66.122991       1.9268548       1.7055706      -2.6324254       6.9847163        6.9847163       151.01432       151.01432
  3.5975191e-28       82.416131       91.198663      0.96517552       1.2832972      -1.2484728       6.9847163        6.9847163       150.86283       150.86283
  3.6910629e-28       82.390461       50.471131       2.1037725      0.31675549       -1.420528       6.9847163        6.9847163       150.81149       150.81149
  3.8191953e-28       82.356336       61.945568      0.70802864     -0.69758351      0.98955487       6.9847163        6.9847163       150.74324       150.74324
  5.4304065e-28       82.004361       42.857265       1.2751015       -2.635296       2.3601945       6.9847163        6.9847163       150.03929       150.03929
  6.0421788e-28       81.897611        45.89103       1.3086623      -1.8826235       1.5739612       6.9847163        6.9847163       149.82579       149.82579
  6.7700188e-28       81.783871       56.556325      0.52294808      -1.5298594       2.0069113       6.9847163        6.9847163       149.59831       149.59831
  1.4384038e-27       81.030256       50.987985       1.4480244       2.9165089      -3.3645333       6.9847163        6.9847163       148.09108       148.09108
  1.5892372e-27       80.930536       43.222142       1.5174373      -2.0905554       1.5731181       6.9847163        6.9847163       147.89164       147.89164
  1.8156327e-27       80.797356       42.123482       2.6435375      -0.3452298      -1.2983077       6.9847163        6.9847163       147.62528       147.62528
  2.0060933e-27       80.697601       69.379323      0.95294846      0.28643999     -0.23938846       6.9847163        6.9847163       147.42577       147.42577
  3.4712844e-27       80.149266       46.017587       1.9487896     -0.68849246     -0.26029717       6.9847163        6.9847163        146.3291        146.3291
  3.5108532e-27       80.137931       48.880239       1.9793241      -0.1031072      -0.8762169       6.9847163        6.9847163       146.30643       146.30643
  8.7414346e-27       79.225716       50.136382       1.0790424      -1.4267765       1.3477342       6.9847163        6.9847163         144.482         144.482
  1.2772812e-26       78.846471       88.158304      0.74171987      0.85509254     -0.59681242       6.9847163        6.9847163       143.72351       143.72351
  1.3263541e-26       78.808771        46.07804       1.4122852       2.7890076      -3.2012928       6.9847163        6.9847163       143.64811       143.64811
  1.5307221e-26       78.665466       82.172327       1.7115466       2.2824697      -2.9940163       6.9847163        6.9847163        143.3615        143.3615
  1.7614707e-26       78.525056       55.236199       1.9072629      0.71572772      -1.6229906       6.9847163        6.9847163       143.08068       143.08068
  1.8127131e-26       78.496381       50.604651       2.8863407       1.9520803      -3.8384211       6.9847163        6.9847163       143.02333       143.02333
  2.2329621e-26       78.287876        45.50808      0.42217703       1.4437367     -0.86591374       6.9847163        6.9847163       142.60632       142.60632
  2.6676787e-26       78.109996       50.689655       1.6569826     -0.32557351     -0.33140913       6.9847163        6.9847163       142.25056       142.25056
  3.0650045e-26       77.971156       62.817468       1.8536547       1.3882044      -2.2418591       6.9847163        6.9847163       141.97288       141.97288
  3.5458371e-26       77.825431       46.970446      0.67692319      -2.5997324       2.9228092       6.9847163        6.9847163       141.68143       141.68143
   3.731087e-26       77.774506       88.010247       1.1082578        1.451254      -1.5595118       6.9847163        6.9847163       141.57958       141.57958
     4.2201e-26       77.651346       90.660732      0.85739598       2.3211063      -2.1785023       6.9847163        6.9847163       141.33326       141.33326
  5.0487435e-26       77.472066       49.826363       0.1524821      -2.9385189       3.7860368       6.9847163        6.9847163        140.9747        140.9747
  5.1576935e-26       77.450716       66.147009      0.43900092     -0.70750408       1.2685032       6.9847163        6.9847163         140.932         140.932
  5.7278748e-26       77.345861       67.733386      0.37780866     -0.68875662        1.310948       6.9847163        6.9847163       140.72229       140.72229
  6.1179036e-26       77.279986       47.881539      0.78503031      -2.2385487       2.4535184       6.9847163        6.9847163       140.59054       140.59054
  6.3540583e-26       77.242111       61.931226      0.71703744     -0.59901731      0.88197987       6.9847163        6.9847163       140.51479       140.51479
   8.752501e-26       76.921866       48.623197      0.46581367      -2.6209094       3.1550957       6.9847163        6.9847163        139.8743        139.8743
  9.0395454e-26       76.889596       63.969875       1.1378064      0.26163938     -0.39944577       6.9847163        6.9847163       139.80976       139.80976
  9.9542457e-26       76.793206       40.435095      0.83718868       1.8777734      -1.7149621       6.9847163        6.9847163       139.61698       139.61698
  1.0662085e-25       76.724511       58.342225        2.204727       1.6487918      -2.8535188       6.9847163        6.9847163       139.47959       139.47959
  1.1646596e-25       76.636191       46.637146       2.7968488       1.1367254      -2.9335742       6.9847163        6.9847163       139.30295       139.30295
  1.4998117e-25       76.383281        67.22724      0.93853476       2.3857118      -2.3242465       6.9847163        6.9847163       138.79713       138.79713
   1.577244e-25       76.332941       60.919856       2.6325346       2.7955478      -4.4280824       6.9847163        6.9847163       138.69645       138.69645
  1.7452515e-25       76.231721       56.440367       1.9223899        0.934288      -1.8566779       6.9847163        6.9847163       138.49401       138.49401
  1.8057284e-25       76.197656       71.174178         2.30353       2.9409944      -4.2445243       6.9847163        6.9847163       138.42588       138.42588
   1.818168e-25       76.190791       55.605587      0.55955691      -1.4666429        1.907086       6.9847163        6.9847163       138.41215       138.41215
  1.9840582e-25       76.103476       54.798708      0.79991524       2.1154881      -1.9154033       6.9847163        6.9847163       138.23752       138.23752
   2.042571e-25       76.074411       51.037405       2.2597998      0.86876573      -2.1285655       6.9847163        6.9847163       138.17939       138.17939
  3.0321276e-25       75.679356       44.089756       2.1933164     -0.49610445       -0.697212       6.9847163        6.9847163       137.38928       137.38928
   3.155807e-25       75.639376       80.937622       1.4399107       1.7679638      -2.2078745       6.9847163        6.9847163       137.30932       137.30932
  3.4821122e-25       75.540981       40.056472       1.5519386      -2.6574755       2.1055369       6.9847163        6.9847163       137.11253       137.11253
  3.6937952e-25       75.481966       47.441216      0.51060429      -2.7146326       3.2040283       6.9847163        6.9847163        136.9945        136.9945
  5.5624249e-25       75.072586        71.39572       2.2566178       2.8719025      -4.1285203       6.9847163        6.9847163       136.17574       136.17574
  6.2905225e-25       74.949576       58.890611       1.9392409       1.2483813      -2.1876222       6.9847163        6.9847163       135.92972       135.92972
  1.0705992e-24       74.417816       40.648281      0.79921229       1.8010305      -1.6002427       6.9847163        6.9847163        134.8662        134.8662
  1.1347921e-24       74.359586       42.162886       1.2424817      -2.5749312       2.3324495       6.9847163        6.9847163       134.74974       134.74974
  1.2703966e-24       74.246706       40.383513       2.8467528     -0.13633746      -1.7104153       6.9847163        6.9847163       134.52398       134.52398
  1.3083794e-24       74.217246       68.573727      0.69139049    -0.097242403      0.40585191       6.9847163        6.9847163       134.46506       134.46506
  1.3488515e-24       74.186781       45.708867      0.54364676      -2.9496396       3.4059928       6.9847163        6.9847163       134.40413       134.40413
  1.7604924e-24       73.920441        54.29927       1.4554262    -0.082452421      -0.3729738       6.9847163        6.9847163       133.87145       133.87145
  2.7494022e-24       73.474651       56.743475      0.28239102      -1.7226284       2.4402373       6.9847163        6.9847163       132.97987       132.97987
  2.9791516e-24       73.394396       42.914056      0.53828234       1.4942734      -1.0325558       6.9847163        6.9847163       132.81936       132.81936
  3.1453457e-24       73.340111       49.063411      0.59112508      -2.2437626       2.6526375       6.9847163        6.9847163       132.71079       132.71079
  3.4949144e-24       73.234726       54.707661       2.9013505       2.7736511      -4.6750017       6.9847163        6.9847163       132.50002       132.50002
  4.2933132e-24       73.028976       82.287793      0.21929724     -0.10733608      0.88803885       6.9847163        6.9847163       132.08852       132.08852
  4.8096705e-24       72.915406       78.978639       0.9462336      0.88120971     -0.82744332       6.9847163        6.9847163       131.86138       131.86138
  4.8193518e-24       72.913396       86.286132       0.7138202      0.79857561     -0.51239581       6.9847163        6.9847163       131.85736       131.85736
  1.0307828e-23       72.153131       40.075091       1.5372972      -2.5253122        1.988015       6.9847163        6.9847163       130.33683       130.33683
  1.6937904e-23       71.656481       51.605639      0.33463007      -2.2313151       2.8966851       6.9847163        6.9847163       129.34353       129.34353
  1.7649092e-23       71.615351       77.832638      0.96821765       2.4312611      -2.3994788       6.9847163        6.9847163       129.26127       129.26127
    1.83667e-23       71.575496       44.888401      0.95455112      -2.3452442       2.3906931       6.9847163        6.9847163       129.18156       129.18156
  2.2745192e-23       71.361681       58.520758     0.083738169      -1.8055159       2.7217777       6.9847163        6.9847163       128.75393       128.75393
  2.3218379e-23       71.341091        65.02661       0.8473851    -0.046441437      0.19905634       6.9847163        6.9847163       128.71275       128.71275
  2.4769893e-23       71.276406       78.195441        1.115564       1.1432015      -1.2587656       6.9847163        6.9847163       128.58338       128.58338
  3.1720698e-23       71.029066        47.32564      0.62826579      -2.4081206       2.7798548       6.9847163        6.9847163        128.0887        128.0887
  3.3712846e-23       70.968156       42.321991       2.6364818      0.12433859      -1.7608204       6.9847163        6.9847163       127.96688       127.96688
  4.0067053e-23       70.795481       54.183218       1.3897818     -0.13462532     -0.25515648       6.9847163        6.9847163       127.62153       127.62153
  4.2517437e-23       70.736121       45.876387       1.7745657     -0.70415803    -0.070407652       6.9847163        6.9847163       127.50281       127.50281
  4.3311319e-23       70.717621       56.413217      0.43581348       1.5772119      -1.0130254       6.9847163        6.9847163       127.46581       127.46581
  6.1469046e-23       70.367501       88.700731      0.60358335      0.73262431     -0.33620766       6.9847163        6.9847163       126.76557       126.76557
  7.1075558e-23       70.222291       41.030117      0.94136241       1.9493497      -1.8907121       6.9847163        6.9847163       126.47515       126.47515
   7.179025e-23       70.212286       51.280349        1.351801       2.7249066      -3.0767076       6.9847163        6.9847163       126.45514       126.45514
  7.7186482e-23       70.139811       93.880123      0.23032684      0.33830972      0.43136345       6.9847163        6.9847163       126.31019       126.31019
  8.1905729e-23       70.080466       45.390102        1.476925       -1.298818      0.82189301       6.9847163        6.9847163        126.1915        126.1915
  8.8996701e-23       69.997436       61.127318      0.45388862       1.6457479      -1.0996365       6.9847163        6.9847163       126.02544       126.02544
   1.214161e-22       69.686811       68.934998       1.2537166      0.91178553      -1.1655021       6.9847163        6.9847163       125.40419       125.40419
  1.2547221e-22       69.653951       96.952334       1.4735752       2.8861539      -3.3597291       6.9847163        6.9847163       125.33847       125.33847
  1.6337675e-22       69.389976       61.285854       1.2136398       0.3019928     -0.51563259       6.9847163        6.9847163       124.81052       124.81052
  1.6997202e-22       69.350401       56.321854       2.0131488         1.25233      -2.2654788       6.9847163        6.9847163       124.73137       124.73137
  1.7177557e-22       69.339846       46.986153       1.2818373      -1.3168438       1.0350066       6.9847163        6.9847163       124.71026       124.71026
  1.8559536e-22       69.262466       56.313479       2.4293939       2.0653467      -3.4947406       6.9847163        6.9847163        124.5555        124.5555
  2.1332542e-22       69.123216       93.514045       1.6574308       2.8279515      -3.4853823       6.9847163        6.9847163         124.277         124.277
  2.4858472e-22       68.970251       91.092423      0.50074289       1.8117735      -1.3125164       6.9847163        6.9847163       123.97107       123.97107
  2.9129998e-22       68.811681       56.389555      0.38031428      -1.5084228       2.1281086       6.9847163        6.9847163       123.65393       123.65393
  3.0293824e-22       68.772506       94.340189       1.5190299        2.503781      -3.0228109       6.9847163        6.9847163       123.57558       123.57558
  3.5699773e-22       68.608306       97.275493       1.5188601        2.883065      -3.4019251       6.9847163        6.9847163       123.24718       123.24718
  4.3766055e-22       68.404591       54.058951       2.7562147       2.5272651      -4.2834798       6.9847163        6.9847163       122.83975       122.83975
  4.4391324e-22       68.390406       44.837418       1.8453408     -0.69241254     -0.15292822       6.9847163        6.9847163       122.81138       122.81138
  4.5119921e-22       68.374126       59.644929      0.17459864      -1.4998757        2.325277       6.9847163        6.9847163       122.77882       122.77882
  1.0040672e-21       67.574221       82.283681       1.5788033       2.1753867        -2.75419       6.9847163        6.9847163       121.17901       121.17901
  1.0041217e-21       67.574166       72.590549       1.0410827      0.79334167     -0.83442435       6.9847163        6.9847163        121.1789        121.1789
  1.2976356e-21       67.317736       58.519916      0.15188941      -1.6203097       2.4684203       6.9847163        6.9847163       120.66604       120.66604
  1.3034622e-21       67.313256       82.179746       1.4074244        1.858495      -2.2659194       6.9847163        6.9847163       120.65708       120.65708
  1.3222557e-21       67.298941       95.277265       1.3104064       2.1343817       -2.444788       6.9847163        6.9847163       120.62845       120.62845
  1.7059874e-21       67.044136         47.4556        1.430898     -0.90344913       0.4725511       6.9847163        6.9847163       120.11884       120.11884
  1.9259767e-21       66.922846       47.490003      0.38191274        1.314048     -0.69596073       6.9847163        6.9847163       119.87626       119.87626
  2.1859576e-21       66.796226       59.674397       2.0473561       1.7076097      -2.7549658       6.9847163        6.9847163       119.62302       119.62302
  2.3402984e-21       66.728001       55.028935       2.4927569       2.1273999      -3.6201568       6.9847163        6.9847163       119.48657       119.48657
  2.8398012e-21       66.534546       47.590234       1.5663864     -0.62670045     0.060314016       6.9847163        6.9847163       119.09966       119.09966
  2.9573216e-21       66.493996       62.614848        0.200398      -1.1715419       1.9711439       6.9847163        6.9847163       119.01856       119.01856
  3.0049297e-21       66.478026        62.17679      0.18997042        1.225454     -0.41542439       6.9847163        6.9847163       118.98662       118.98662
  5.5839905e-21       65.858376       45.412379       1.4732818      -1.1487979      0.67551607       6.9847163        6.9847163       117.74732       117.74732
   5.699585e-21       65.837886       41.589093       1.7716936      -1.4275532      0.65585969       6.9847163        6.9847163       117.70634       117.70634
  5.9164947e-21       65.800536        43.43615       2.8755067       1.1066029      -2.9821096       6.9847163        6.9847163       117.63164       117.63164
  6.2814657e-21       65.740676       57.544389       2.1134578       1.6600818      -2.7735396       6.9847163        6.9847163       117.51192       117.51192
   6.690766e-21       65.677551       53.427851       2.6927934       2.4022681      -4.0950616       6.9847163        6.9847163       117.38567       117.38567
   7.533263e-21       65.558951       45.069199       1.9615161     -0.32650132     -0.63501475       6.9847163        6.9847163       117.14847       117.14847
  7.8682718e-21       65.515441       65.578163     0.042464393      -1.1741109       2.1316465       6.9847163        6.9847163       117.06145       117.06145
  8.2125504e-21       65.472616       55.380144       2.8011669       2.9344242      -4.7355911       6.9847163        6.9847163        116.9758        116.9758
   9.009895e-21       65.379956       42.693189       2.4872644      0.18368131      -1.6709457       6.9847163        6.9847163       116.79048       116.79048
  1.6065731e-20       64.801591       51.067813       2.8971731       2.5836865      -4.4808596       6.9847163        6.9847163       115.63375       115.63375
  1.7297871e-20       64.727696       40.681548       1.5089996      -2.0692065        1.560207       6.9847163        6.9847163       115.48596       115.48596
  1.9741916e-20       64.595536       71.392163      0.95999466      0.63652744     -0.59652211       6.9847163        6.9847163       115.22164       115.22164
  2.1852898e-20       64.493946       47.183369      0.83165673       1.9223978      -1.7540546       6.9847163        6.9847163       115.01846       115.01846
  2.2539823e-20       64.462996       51.395693       1.0500869     -0.89693027      0.84684334       6.9847163        6.9847163       114.95656       114.95656
  3.6640844e-20       63.977116        40.28212       1.0626193       -2.916088       2.8534687       6.9847163        6.9847163        113.9848        113.9848
  5.0576836e-20       63.654786       58.933055      0.01063335      0.88682158      0.10254507       6.9847163        6.9847163       113.34014       113.34014
  5.1050153e-20       63.645471       52.677977         1.04817       2.3158824      -2.3640525       6.9847163        6.9847163       113.32151       113.32151
  5.9159007e-20       63.498051       58.946038      0.01912065      -1.7083998       2.6892792       6.9847163        6.9847163       113.02667       113.02667
   6.527729e-20       63.399636       60.212369       1.6747218       1.1367801      -1.8115019       6.9847163        6.9847163       112.82984       112.82984
  6.8277707e-20       63.354696       54.229694      0.45070588      -1.5098372       2.0591313       6.9847163        6.9847163       112.73996       112.73996
  8.1608091e-20       63.176351       53.143676      0.55382286      -1.4654966       1.9116737       6.9847163        6.9847163       112.38327       112.38327
   9.803979e-20       62.992906       92.136903     0.071580757      0.12363295      0.80478629       6.9847163        6.9847163       112.01638       112.01638
  1.0280443e-19       62.945451       48.330153       2.2041117      0.78578944      -1.9899011       6.9847163        6.9847163       111.92147       111.92147
  1.2691064e-19       62.734796       62.739203       1.6396814       1.2880024      -1.9276838       6.9847163        6.9847163       111.50016       111.50016
  1.4588288e-19       62.595476       43.103162       2.3741452      0.18576314      -1.5599083       6.9847163        6.9847163       111.22152       111.22152
  1.9753951e-19       62.292341       52.223357       2.8621874       2.7972222      -4.6594097       6.9847163        6.9847163       110.61525       110.61525
  2.2375887e-19       62.167711       72.507299      0.77778573       2.1331203       -1.910906       6.9847163        6.9847163       110.36599       110.36599
  2.5593759e-19       62.033346       70.706781      0.64200992      0.12286102      0.23512906       6.9847163        6.9847163       110.09726       110.09726
  2.7349372e-19       61.967001       41.248639       2.5866687      0.21897198      -1.8056407       6.9847163        6.9847163       109.96457       109.96457
   2.951928e-19       61.890651       53.052744        1.253425     -0.27588093     0.022455967       6.9847163        6.9847163       109.81187       109.81187
  3.1791344e-19       61.816501       70.470162       1.3800473       1.3382694      -1.7183168       6.9847163        6.9847163       109.66357       109.66357
  3.2635602e-19       61.790291       41.810478      0.78949514      -2.9102392        3.120744       6.9847163        6.9847163       109.61115       109.61115
  3.2865835e-19       61.783261       40.324486       1.5133907       -2.009762       1.4963713       6.9847163        6.9847163       109.59709       109.59709
  3.4761272e-19       61.727191       41.721628       1.4480321      -1.7875962       1.3395641       6.9847163        6.9847163       109.48495       109.48495
  3.5270561e-19       61.712646       51.756083       2.1732461       1.2471453      -2.4203914       6.9847163        6.9847163       109.45586       109.45586
  3.7569932e-19       61.649491       52.397193        2.841438       2.8022988      -4.6437369       6.9847163        6.9847163       109.32955       109.32955
  3.9880731e-19       61.589801       52.080347       2.0323567       1.0202007      -2.0525573       6.9847163        6.9847163       109.21017       109.21017
  4.0036166e-19       61.585911       59.246031       1.9024313       1.5177096      -2.4201409       6.9847163        6.9847163       109.20239       109.20239
  4.0419153e-19       61.576391        52.89312      0.35054843       1.3250157     -0.67556413       6.9847163        6.9847163       109.18335       109.18335
  4.0988603e-19       61.562401        44.04212       1.6799791       2.8317761      -3.5117552       6.9847163        6.9847163       109.15537       109.15537
  7.3392287e-19       60.979876       95.056269     0.075854762       0.2351739      0.68897134       6.9847163        6.9847163       107.99032       107.99032
  1.0222776e-18       60.648491       48.895263      0.88974014        1.999113      -1.8888531       6.9847163        6.9847163       107.32755       107.32755
  1.2753729e-18       60.427286       48.800081      0.68892422       1.7189526      -1.4078769       6.9847163        6.9847163       106.88514       106.88514
  1.4079839e-18       60.328366       66.150958       2.1701001       2.6453138       -3.815414       6.9847163        6.9847163        106.6873        106.6873
  1.4349124e-18       60.309421       46.749688       1.1088138       2.2220127      -2.3308264       6.9847163        6.9847163       106.64941       106.64941
  1.4959602e-18       60.267756       83.519865      0.35910985      0.27988261      0.36100753       6.9847163        6.9847163       106.56608       106.56608
  1.8059982e-18       60.079411       68.975663      0.41332449     -0.30478528      0.89146079       6.9847163        6.9847163       106.18939       106.18939
  1.9918388e-18       59.981466       48.462227       2.9856916       2.6401145      -4.6258061       6.9847163        6.9847163        105.9935        105.9935
  2.0976735e-18       59.929696       54.040204      0.59959783      -1.2063599       1.6067621       6.9847163        6.9847163       105.88996       105.88996
   2.748977e-18       59.659296       75.144321      0.98244302       2.3908306      -2.3732736       6.9847163        6.9847163       105.34916       105.34916
  3.4216343e-18       59.440406       45.119853       2.2628809      0.50863457      -1.7715154       6.9847163        6.9847163       104.91138       104.91138
  3.7815307e-18       59.340396       42.003921       1.0945514      -2.2356731       2.1411217       6.9847163        6.9847163       104.71136       104.71136
  4.4065988e-18       59.187421       49.517425       1.2076078     -0.72439763      0.51678986       6.9847163        6.9847163       104.40541       104.40541
  4.5874908e-18       59.147191       68.771123      0.71115727      0.16677336      0.12206937       6.9847163        6.9847163       104.32495       104.32495
  4.9177633e-18       59.077671       49.668384      0.10425149      -2.5244979       3.4202464       6.9847163        6.9847163       104.18591       104.18591
  4.9240118e-18       59.076401       49.847498       1.9493872      0.65826752      -1.6076547       6.9847163        6.9847163       104.18337       104.18337
  5.8456836e-18       58.904821       50.944373      0.28373992      -2.0603466       2.7766066       6.9847163        6.9847163       103.84021       103.84021
  6.1812708e-18       58.849001       52.272966      0.35545573       1.2941794     -0.64963512       6.9847163        6.9847163       103.72857       103.72857
  6.3691662e-18       58.819056        57.20429      0.30097584      -1.3341181       2.0331422       6.9847163        6.9847163       103.66868       103.66868
  6.9788765e-18       58.727636       40.872801       1.8074465      -1.1899548      0.38250835       6.9847163        6.9847163       103.48584       103.48584
  1.9378965e-17       57.706336       52.002592       1.5622823       0.2624606     -0.82474291       6.9847163        6.9847163       101.44324       101.44324
  3.3016354e-17       57.173521         42.5322       0.8010659       1.6097985      -1.4108644       6.9847163        6.9847163       100.37761       100.37761
  3.9731058e-17       56.988391       90.280382      0.18447766       1.2663309     -0.45080854       6.9847163        6.9847163       100.00735       100.00735
  4.1532037e-17        56.94406       82.836012       1.7705264       2.8455033      -3.6160297       6.9847163        6.9847163       99.918687       99.918687
  4.4999972e-17       56.863863       55.141545        1.212297     0.011244661      -0.2235417       6.9847163        6.9847163       99.758293       99.758293
  6.3525297e-17       56.519087       51.019569       1.9755739      0.94889343      -1.9244674       6.9847163        6.9847163       99.068741       99.068741
  6.4911906e-17       56.497494       96.319917       1.3975283       2.7089512      -3.1064795       6.9847163        6.9847163       99.025555       99.025555
  8.4507578e-17       56.233684       77.629711       1.8911863       2.8693474      -3.7605337       6.9847163        6.9847163       98.497935       98.497935
  8.9421243e-17       56.177166       54.814585       1.3947938      0.31480993     -0.70960377       6.9847163        6.9847163         98.3849         98.3849
  1.8572817e-16        55.44624        68.29154        1.502091       1.5422368      -2.0443279       6.9847163        6.9847163       96.923048       96.923048
  1.8948654e-16       55.426207       49.810402       1.6013146       0.1350597     -0.73637429       6.9847163        6.9847163       96.882981       96.882981
   2.016999e-16       55.363744       47.344436       2.4403846       1.4265862      -2.8669708       6.9847163        6.9847163       96.758055       96.758055
  2.0896574e-16       55.328355       47.661787       2.7681247       2.2269879      -3.9951126       6.9847163        6.9847163       96.687277       96.687277
  2.2297933e-16       55.263445       98.083338      0.46843237      0.92885064     -0.39728301       6.9847163        6.9847163       96.557458       96.557458
  2.3133487e-16       55.226658       78.499262      0.63390483      0.56651316     -0.20041799       6.9847163        6.9847163       96.483884       96.483884
  2.5726022e-16       55.120437       46.144521       2.4183484       1.2013785      -2.6197269       6.9847163        6.9847163       96.271441       96.271441
  3.0246635e-16       54.958555        43.60885       1.4609243      -1.0668929      0.60596866       6.9847163        6.9847163       95.947677       95.947677
  3.0802264e-16       54.940351       68.932032        1.922604       2.4186574      -3.3412615       6.9847163        6.9847163        95.91127        95.91127
  3.1873402e-16       54.906167       44.066856       2.1833316      0.37655561      -1.5598872       6.9847163        6.9847163       95.842902       95.842902
  3.3545333e-16       54.855042       40.101321       2.9858586       1.2542989      -3.2401575       6.9847163        6.9847163       95.740652       95.740652
  3.7892422e-16       54.733189       78.028911      0.33692994     0.096622855      0.56644721       6.9847163        6.9847163       95.496945       95.496945
  3.8536206e-16       54.716342       87.577057       1.6218226       2.8009821      -3.4228047       6.9847163        6.9847163       95.463251       95.463251
  4.6057096e-16       54.538057       57.882797       2.1365612       2.0605929      -3.1971541       6.9847163        6.9847163       95.106682       95.106682
   4.988413e-16       54.458236       83.578581       1.5460202       2.3586937      -2.9047139       6.9847163        6.9847163        94.94704        94.94704
  7.0297211e-16       54.115207       46.729421      0.87710733       1.8291975      -1.7063048       6.9847163        6.9847163       94.260982       94.260982
  9.5324244e-16       53.810656        57.06925      0.18916918      -1.4082865       2.2191173       6.9847163        6.9847163       93.651879       93.651879
  1.0088112e-15       53.753997       40.835397       2.6036371      0.65268023      -2.2563174       6.9847163        6.9847163       93.538562       93.538562
  1.4553197e-15       53.387544       46.433474       2.8805292       2.4480077      -4.3285369       6.9847163        6.9847163       92.805655       92.805655
  1.5063262e-15       53.353095       53.347326      0.20498565        -1.74495       2.5399643       6.9847163        6.9847163       92.736758       92.736758
  1.6670002e-15       53.251744       45.663637      0.69724758       1.5311666      -1.2284142       6.9847163        6.9847163       92.534055       92.534055
  1.6771212e-15       53.245691       60.051181      0.80687444     -0.15419075      0.34731631       6.9847163        6.9847163       92.521949       92.521949
  2.0002557e-15       53.069495       96.288767       0.4477334      0.87263786     -0.32037127       6.9847163        6.9847163       92.169557       92.169557
  2.2901828e-15       52.934137       90.221187       1.5229864       2.7494064      -3.2723928       6.9847163        6.9847163       91.898842       91.898842
  2.3252619e-15       52.918937       53.459108       2.3717863       2.1937591      -3.5655454       6.9847163        6.9847163       91.868441       91.868441
  2.5332244e-15       52.833276       48.036246       1.7516319       2.8809857      -3.6326177       6.9847163        6.9847163        91.69712        91.69712
  2.6254408e-15       52.797521       50.396196       2.5435617       2.2277546      -3.7713163       6.9847163        6.9847163       91.625609       91.625609
  2.7256683e-15       52.760056       85.780785       0.9098379       1.2999064      -1.2097443       6.9847163        6.9847163        91.55068        91.55068
  3.4412598e-15       52.526932       93.811209       1.3555008       2.3769116      -2.7324123       6.9847163        6.9847163       91.084431       91.084431
  4.9281018e-15       52.167815       53.139332      0.54264408      -1.1926348       1.6499907       6.9847163        6.9847163       90.366198       90.366198
  5.0971825e-15       52.134082       48.704704       2.2840027       1.4447597      -2.7287624       6.9847163        6.9847163       90.298731       90.298731
   5.466347e-15       52.064159       56.573085       1.6674132       1.0886235      -1.7560367       6.9847163        6.9847163       90.158886       90.158886
   5.629084e-15       52.034823        43.76664       1.4141491     -0.98890091      0.57475183       6.9847163        6.9847163       90.100213       90.100213
   6.216765e-15       51.935519       50.493733       1.8384273       0.7863256      -1.6247529       6.9847163        6.9847163       89.901606       89.901606
  7.8088273e-15       51.707514       61.377565       1.4038189      0.99939788      -1.4032168       6.9847163        6.9847163       89.445596       89.445596
  8.2056261e-15        51.65795        50.50706       2.4727674       2.1319707      -3.6047381       6.9847163        6.9847163       89.346467       89.346467
  8.6732177e-15       51.602529        43.75415       0.8541497       1.6331413       -1.487291       6.9847163        6.9847163       89.235626       89.235626
  8.9327537e-15       51.573044       51.132174       1.4253554      0.10895774      -0.5343131       6.9847163        6.9847163       89.176656       89.176656
  1.2539426e-14       51.233891        42.10126       1.1690267      -1.7021773       1.5331506       6.9847163        6.9847163        88.49835        88.49835
  1.3416052e-14       51.166317       78.195316        1.287056       1.6971732      -1.9842292       6.9847163        6.9847163       88.363202       88.363202
   1.376603e-14       51.140565       59.276618       1.5555422       1.1314072      -1.6869493       6.9847163        6.9847163       88.311698       88.311698
  1.4088654e-14       51.117399        55.73346       1.0852115  -0.00057353064    -0.084637969       6.9847163        6.9847163       88.265366       88.265366
  1.5548387e-14       51.018813       48.422141      0.15693422      0.79854485     0.044520933       6.9847163        6.9847163       88.068193       88.068193
   1.605157e-14       50.986962        51.22036       2.2809439       1.8128687      -3.0938126       6.9847163        6.9847163       88.004492       88.004492
  1.8832777e-14       50.827171       48.851417       2.4618913        1.927134      -3.3890253       6.9847163        6.9847163       87.684909       87.684909
  2.0301864e-14       50.752056       59.403932       2.0133697       2.0520139      -3.0653836       6.9847163        6.9847163        87.53468        87.53468
  2.1232157e-14       50.707253       44.084929       2.9318002        2.381568      -4.3133682       6.9847163        6.9847163       87.445073       87.445073
  2.1829358e-14       50.679514       80.881989      0.24514273      0.12255643      0.63230084       6.9847163        6.9847163       87.389595       87.389595
  2.2675995e-14       50.641463       99.644541     0.050801346      0.98443267     -0.03523402       6.9847163        6.9847163       87.313493       87.313493
  2.4734863e-14       50.554556       52.225329       2.5094963       2.5149897      -4.0244861       6.9847163        6.9847163       87.139679       87.139679
  2.4982326e-14       50.544601       69.608653       1.7562699       2.2076479      -2.9639178       6.9847163        6.9847163        87.11977        87.11977
  2.8872426e-14       50.399883       44.651404      0.13055399      -2.9582393       3.8276853       6.9847163        6.9847163       86.830333       86.830333
  2.9604984e-14       50.374826       43.052732      0.72453763      -2.2525721       2.5280345       6.9847163        6.9847163        86.78022        86.78022
  3.5469815e-14       50.194087       48.482998       0.9883919     -0.93936438      0.95097248       6.9847163        6.9847163       86.418742       86.418742
  4.2542683e-14       50.012262       47.908816       1.4340262       2.4879418      -2.9219681       6.9847163        6.9847163       86.055091       86.055091
   4.316768e-14       49.997678       40.070721       1.8474617       2.5497753       -3.397237       6.9847163        6.9847163       86.025923       86.025923
  5.6167484e-14       49.734431       43.492912      0.86567236      -1.9004466       2.0347743       6.9847163        6.9847163        85.49943        85.49943
   5.674446e-14       49.724212        41.35292       2.1435929      0.06700765      -1.2106006       6.9847163        6.9847163       85.478991       85.478991
  5.7996862e-14       49.702381       94.953966      0.47803383       1.6978685      -1.1759023       6.9847163        6.9847163       85.435329       85.435329
  5.9340793e-14       49.679473       45.925073       2.9116773       2.9173351      -4.8290124       6.9847163        6.9847163       85.389513       85.389513
  6.6092479e-14       49.571714       43.221112       2.0681387      0.27854615      -1.3466849       6.9847163        6.9847163       85.173996       85.173996
  6.7343613e-14       49.552962       48.740093         2.66191       2.5246271      -4.1865371       6.9847163        6.9847163       85.136491       85.136491
  6.8453657e-14       49.536612       40.037449       2.8221601       1.3029198      -3.1250798       6.9847163        6.9847163       85.103792       85.103792
  7.0412232e-14       49.508402        98.58703       0.7582637       1.4440042      -1.2022679       6.9847163        6.9847163       85.047372       85.047372
  7.1359742e-14       49.495035       43.312263      0.38936896      0.91879268     -0.30816164       6.9847163        6.9847163       85.020638       85.020638
  7.6309133e-14       49.427977        42.85074       2.1431363      0.37193241      -1.5150687       6.9847163        6.9847163       84.886522       84.886522
  7.8065636e-14        49.40522       55.429232       2.0060379       1.7337612      -2.7397991       6.9847163        6.9847163       84.841007       84.841007
  7.8433177e-14       49.400523       74.325473        1.646244       2.2509998      -2.8972438       6.9847163        6.9847163       84.831613       84.831613
  8.5434651e-14       49.315018       44.822589        2.937717       2.7913029      -4.7290199       6.9847163        6.9847163       84.660603       84.660603
  1.0200865e-13       49.137712       46.549265      0.85034542       1.7033202      -1.5536656       6.9847163        6.9847163       84.305991       84.305991
  1.0347144e-13       49.123474       56.571189       2.4293097       2.9755541      -4.4048638       6.9847163        6.9847163       84.277515       84.277515
   1.084901e-13        49.07611       60.350942       1.0267818        2.265542      -2.2923238       6.9847163        6.9847163       84.182788       84.182788
  1.1122827e-13       49.051185       85.211208      0.73499393       1.0404978     -0.77549174       6.9847163        6.9847163       84.132937       84.132937
  1.5011607e-13       48.751361        65.07805       1.7643107       1.9974591      -2.7617697       6.9847163        6.9847163       83.533289       83.533289
  1.6544019e-13       48.654159       45.988068        1.353109       2.2972473      -2.6503564       6.9847163        6.9847163       83.338886       83.338886
  1.6689813e-13       48.645386       40.612486       2.7397387       1.3110672      -3.0508059       6.9847163        6.9847163       83.321339       83.321339
  2.2932127e-13       48.327646       55.069299     0.030020633       -1.707929       2.6779083       6.9847163        6.9847163       82.685859       82.685859
  2.3583934e-13       48.299618       53.344935        2.297953       2.2259267      -3.5238797       6.9847163        6.9847163       82.629804       82.629804
  2.6673526e-13       48.176513       53.338122      0.74663195       1.7602534      -1.5068854       6.9847163        6.9847163       82.383593       82.383593
  2.9005042e-13       48.092715       93.667838       1.1412898       1.9955247      -2.1368145       6.9847163        6.9847163       82.215997       82.215997
  3.0542026e-13       48.041081       43.893428       1.6891636     -0.26318348     -0.42598011       6.9847163        6.9847163       82.112729       82.112729
  3.3877175e-13       47.937443       82.567699      0.10980811       1.0841647     -0.19397281       6.9847163        6.9847163       81.905453       81.905453
  3.6875297e-13       47.852643       90.990194       1.3950208        2.465608      -2.8606288       6.9847163        6.9847163       81.735853       81.735853
  6.4488166e-13       47.293702       43.220067       1.2456927      -1.1605437      0.91485104       6.9847163        6.9847163       80.617972       80.617972
   7.333484e-13       47.165149       41.206655       1.5319742       2.2065698      -2.7385441       6.9847163        6.9847163       80.360865       80.360865
   7.464428e-13        47.14745       49.091196       2.2731426       1.7245706      -2.9977132       6.9847163        6.9847163       80.325468       80.325468
  8.5782746e-13       47.008366       62.300816      0.90054119       2.1114121      -2.0119533       6.9847163        6.9847163         80.0473         80.0473
  9.1588414e-13        46.94288       46.538348       2.5723664       2.1287164      -3.7010828       6.9847163        6.9847163       79.916327       79.916327
  9.6942096e-13        46.88607       40.571358       1.9453619     -0.30582469     -0.63953722       6.9847163        6.9847163       79.802708       79.802708
  1.4436745e-12       46.487822       57.668643     0.082828284       -1.345925       2.2630967       6.9847163        6.9847163       79.006212       79.006212
  1.4905298e-12       46.455883       62.140067      0.60738188     -0.18409336      0.57671148       6.9847163        6.9847163       78.942333       78.942333
  1.6145797e-12       46.375939       42.360279       2.6039283       1.5352377       -3.139166       6.9847163        6.9847163       78.782446       78.782446
  1.6635962e-12       46.346033       84.206655      0.36806767      0.47414226      0.15779007       6.9847163        6.9847163       78.722633       78.722633
  2.2900295e-12       46.026449       62.094419      0.45756808     -0.41760784      0.96003976       6.9847163        6.9847163       78.083466       78.083466
  2.3358328e-12       46.006645       71.506001       1.2311648       1.3917562       -1.622921       6.9847163        6.9847163       78.043858       78.043858
  3.0185945e-12       45.750223       58.422103      0.21278276       -1.064888       1.8521052       6.9847163        6.9847163       77.531014       77.531014
   3.067851e-12       45.734037       40.065314       2.9503915       2.2335487      -4.1839401       6.9847163        6.9847163       77.498641       77.498641
  3.3351669e-12       45.650492        49.17051       1.9738922       2.9589465      -3.9328388       6.9847163        6.9847163       77.331551       77.331551
  3.3576198e-12       45.643782       44.757374       1.3064212     -0.71842348      0.41200227       6.9847163        6.9847163       77.318132       77.318132
  3.6791529e-12       45.552331       48.797524      0.39078581      -1.7361326       2.3453468       6.9847163        6.9847163        77.13523        77.13523
  4.9779222e-12       45.250001       40.480567       2.8611626       2.0635723      -3.9247349       6.9847163        6.9847163        76.53057        76.53057
  5.3398082e-12       45.179825       67.207294       1.4232993       2.7361102      -3.1594095       6.9847163        6.9847163       76.390217       76.390217
  5.4380878e-12       45.161587       44.004671       2.7639787       2.5921702      -4.3561489       6.9847163        6.9847163       76.353741       76.353741
  5.4690916e-12       45.155901       47.577583       1.3336227     -0.25055208    -0.083070616       6.9847163        6.9847163        76.34237        76.34237
   6.333103e-12       45.009224       59.266819       2.0768407       2.4096832      -3.4865239       6.9847163        6.9847163       76.049016       76.049016
   6.481742e-12       44.986025       92.707789      0.84972029       1.4921067      -1.3418269       6.9847163        6.9847163       76.002618       76.002618
  7.7687526e-12       44.804904       45.398978       1.5819635       2.4308062      -3.0127697       6.9847163        6.9847163       75.640376       75.640376
  8.1076844e-12       44.762202       58.769456       1.3059067       0.8052197      -1.1111264       6.9847163        6.9847163       75.554971       75.554971
  8.5107459e-12       44.713685       48.328431       1.6610517      0.47630809      -1.1373598       6.9847163        6.9847163       75.457937       75.457937
   1.239834e-11       44.337451       45.055563       1.4890793       2.3035341      -2.7926134       6.9847163        6.9847163        74.70547        74.70547
  1.2483784e-11       44.330584       52.648769       2.4091607       2.9916946      -4.4008554       6.9847163        6.9847163       74.691735       74.691735
  1.5644798e-11       44.104876       59.955294      0.14302001      -1.0168303       1.8738103       6.9847163        6.9847163       74.240319       74.240319
  1.7073995e-11       44.017457       59.235284        1.484317       1.1872694      -1.6715865       6.9847163        6.9847163       74.065482       74.065482
  1.7933947e-11       43.968319       65.127735      0.35677246     -0.34305399      0.98628153       6.9847163        6.9847163       73.967205       73.967205
  1.8668857e-11       43.928157        72.82149       1.4134289       1.8267391       -2.240168       6.9847163        6.9847163       73.886882       73.886882
  1.8794002e-11       43.921477       93.950363       1.2777138       2.4193608      -2.6970746       6.9847163        6.9847163       73.873521       73.873521
    1.88065e-11       43.920811       45.283032       1.8801219      0.54890438      -1.4290263       6.9847163        6.9847163        73.87219        73.87219
  1.8892812e-11       43.916233       41.854603        0.330508      0.61921914     0.050272863       6.9847163        6.9847163       73.863033       73.863033
  1.9835623e-11       43.867534       41.899665      0.46874772      -2.5792279       3.1104801       6.9847163        6.9847163       73.765636       73.765636
  2.0603138e-11        43.82957       43.393476       2.2542999       1.0771918      -2.3314917       6.9847163        6.9847163       73.689708       73.689708
  2.9474122e-11       43.471502       54.373081       2.1489809       2.2224722      -3.3714532       6.9847163        6.9847163       72.973571       72.973571
  3.0031045e-11       43.452782       51.715757       1.4055991      0.42010522      -0.8257043       6.9847163        6.9847163       72.936132       72.936132
  3.0670715e-11       43.431706       41.165125       1.6152923       -0.613781   -0.0015113154       6.9847163        6.9847163        72.89398        72.89398
  3.1340008e-11       43.410118       57.935932      0.13308482      0.88926297     -0.02234779       6.9847163        6.9847163       72.850804       72.850804
  3.3410985e-11       43.346129       40.135845        2.776092       2.0416996      -3.8177915       6.9847163        6.9847163       72.722826       72.722826
   3.753315e-11        43.22979       70.320442        1.058158       1.0839506      -1.1421085       6.9847163        6.9847163       72.490147       72.490147
  3.8209051e-11       43.211942       46.559175      0.71170079       1.4008277      -1.1125285       6.9847163        6.9847163       72.454451       72.454451
  3.8446844e-11       43.205737       48.746316      0.47146925      -1.5228149       2.0513456       6.9847163        6.9847163       72.442042       72.442042
  5.0361014e-11       42.935797       74.939874       1.1199445        1.398619      -1.5185635       6.9847163        6.9847163       71.902161       71.902161
  5.5039035e-11       42.846971       40.936304       2.3634323      0.99593534      -2.3593677       6.9847163        6.9847163        71.72451        71.72451
  5.6758278e-11       42.816213       57.066916       1.3694095       2.5319706      -2.9013801       6.9847163        6.9847163       71.662993       71.662993
  5.7957827e-11       42.795298        74.34011       0.2432435       1.2392957     -0.48253919       6.9847163        6.9847163       71.621164       71.621164
  6.3869351e-11       42.698175       63.765718       2.0036315       2.7444142      -3.7480457       6.9847163        6.9847163       71.426917       71.426917
  8.3065002e-11       42.435391       44.041878        2.124168       2.7399474      -3.8641153       6.9847163        6.9847163       70.901349       70.901349
  1.1605832e-10       42.100921       47.930324        1.557122       2.4478024      -3.0049244       6.9847163        6.9847163        70.23241        70.23241
  1.1770454e-10       42.086837       49.132274       1.8821012        1.140551      -2.0226522       6.9847163        6.9847163       70.204241       70.204241
  1.1803869e-10       42.084001       58.477409       1.9003478       2.0452014      -2.9455492       6.9847163        6.9847163        70.19857        70.19857
  1.1875856e-10       42.077921       46.659063       1.0674445     -0.71466412      0.64721961       6.9847163        6.9847163        70.18641        70.18641
  1.2660255e-10       42.013962       60.516554        1.855157        2.097161       -2.952318       6.9847163        6.9847163       70.058491       70.058491
  1.3007478e-10       41.986905       67.779205       1.5712962         1.93521      -2.5065062       6.9847163        6.9847163       70.004377       70.004377
  1.3644157e-10       41.939118       43.535005      0.13509523       -2.756381       3.6212858       6.9847163        6.9847163       69.908803       69.908803
  1.4117136e-10       41.905039        66.54839       1.6726779       2.8932106      -3.5658885       6.9847163        6.9847163       69.840646       69.840646
  1.4247587e-10       41.895842       68.343676      0.03743305     -0.60837551       1.5709425       6.9847163        6.9847163       69.822251       69.822251
  1.6077579e-10       41.775003       74.971061      0.83483117       2.0932983      -1.9281294       6.9847163        6.9847163       69.580574       69.580574
  1.6992978e-10       41.719629        44.79526      0.73900539       1.3132288      -1.0522342       6.9847163        6.9847163       69.469825       69.469825
  1.8780223e-10       41.619625       49.055732       2.4070131       2.7455901      -4.1526032       6.9847163        6.9847163       69.269817       69.269817
  2.1867875e-10       41.467411       46.889806        1.178121       1.9707773      -2.1488983       6.9847163        6.9847163       68.965389       68.965389
  2.2900423e-10       41.421274        78.08209       1.5644182       2.4586024      -3.0230206       6.9847163        6.9847163       68.873115       68.873115
  2.4033948e-10       41.372962       45.898566       2.4003606       2.0799158      -3.4802764       6.9847163        6.9847163       68.776491       68.776491
  2.6302726e-10       41.282757       70.906189      0.53437658        1.649239      -1.1836156       6.9847163        6.9847163       68.596081       68.596081
  2.7131453e-10       41.251735       49.123098        1.591028       0.5906002      -1.1816282       6.9847163        6.9847163       68.534038       68.534038
  2.7929893e-10       41.222732       41.395244        2.369253       2.5988105      -3.9680635       6.9847163        6.9847163       68.476031       68.476031
  2.8004979e-10       41.220046       62.250865       1.1567338       2.3604354      -2.5171692       6.9847163        6.9847163        68.47066        68.47066
  2.9025601e-10       41.184251       50.433682       1.3990756      0.36609822     -0.76517384       6.9847163        6.9847163        68.39907        68.39907
  3.6816368e-10       40.946487       45.282102      0.67541464      -1.5351249       1.8597103       6.9847163        6.9847163       67.923541       67.923541
  4.3529651e-10       40.778987       60.392685        1.561724       1.5118732      -2.0735972       6.9847163        6.9847163       67.588541       67.588541
  4.6446334e-10       40.714132       62.746359       1.8935239        2.412664      -3.3061878       6.9847163        6.9847163       67.458831       67.458831
  4.7425144e-10       40.693277       40.037995       1.4831307       1.8230431      -2.3061738       6.9847163        6.9847163       67.417121       67.417121
  4.9795942e-10       40.644496       64.987159       0.7923435      0.41428963     -0.20663313       6.9847163        6.9847163       67.319559       67.319559
  5.5891743e-10       40.529013       52.695971      0.68234454     -0.65425708      0.97191254       6.9847163        6.9847163       67.088593       67.088593
  5.6020873e-10       40.526704        52.78147        2.241174       2.6219093      -3.8630833       6.9847163        6.9847163       67.083976       67.083976
  5.8768536e-10       40.478822       60.338789      0.61465292       1.6258545      -1.2405074       6.9847163        6.9847163       66.988212       66.988212
  7.9516981e-10       40.176459       58.043283        1.886572       2.0639073      -2.9504792       6.9847163        6.9847163       66.383485       66.383485
  8.0599277e-10        40.16294       57.540109       1.5600503       1.3293887       -1.889439       6.9847163        6.9847163       66.356447       66.356447
  8.3557285e-10       40.126897       41.328241       1.1402197       1.5340516      -1.6742713       6.9847163        6.9847163       66.284361       66.284361
   8.471135e-10       40.113179       48.208093      0.40953054      -1.5692411       2.1597106       6.9847163        6.9847163       66.256926       66.256926
  8.7133328e-10        40.08499       44.407625      0.20939406      0.49781754       0.2927884       6.9847163        6.9847163       66.200547       66.200547
  9.1689194e-10       40.034025        59.12141      0.44109187       1.3464738     -0.78756566       6.9847163        6.9847163       66.098617       66.098617
  9.3014336e-10       40.019676       45.939457       2.2915956       1.8977591      -3.1893547       6.9847163        6.9847163       66.069919       66.069919
  1.2326276e-09        39.73811       46.525285       1.9653759       1.1554609      -2.1208368       6.9847163        6.9847163       65.506788       65.506788
  1.4391668e-09       39.583194       60.519056      0.37521814     -0.50777768       1.1325595       6.9847163        6.9847163       65.196956       65.196956
  1.5698756e-09       39.496263        78.62505      0.28876467      0.25388022      0.45735511       6.9847163        6.9847163       65.023093       65.023093
  1.6641266e-09       39.437958       43.409919     0.068757593      -2.7584212       3.6896636       6.9847163        6.9847163       64.906484       64.906484
  1.7021196e-09       39.415385       42.764949       1.1266891       1.6038182      -1.7305073       6.9847163        6.9847163       64.861337       64.861337
  2.1930921e-09       39.161947       54.619081       2.1414622       2.7501617      -3.8916239       6.9847163        6.9847163       64.354461       64.354461
  2.2411344e-09       39.140276       66.212032      0.38833136     -0.13682684      0.74849548       6.9847163        6.9847163        64.31112        64.31112
  2.2476499e-09       39.137374       44.072683      0.43801722      -2.0251832        2.587166       6.9847163        6.9847163       64.305315       64.305315
  2.3046606e-09       39.112325       86.886604      0.47452778      0.80707381     -0.28160159       6.9847163        6.9847163       64.255218       64.255218
  2.4072261e-09       39.068784       57.165094      0.43553964     -0.63756963         1.20203       6.9847163        6.9847163       64.168136       64.168136
  2.5444008e-09       39.013364        57.67277       0.5585314     -0.39863791      0.84010652       6.9847163        6.9847163       64.057295       64.057295
  2.9421315e-09       38.868125       43.848394        2.368491       2.0681342      -3.4366252       6.9847163        6.9847163       63.766817       63.766817
  2.9955513e-09       38.850131       40.555268      0.44315104       -2.575369       3.1322179       6.9847163        6.9847163       63.730829       63.730829
  3.0460663e-09       38.833408       45.932184        1.363739       2.0555726      -2.4193117       6.9847163        6.9847163       63.697384       63.697384
  3.1861761e-09       38.788437        57.55932      0.28520704     -0.83961117       1.5544041       6.9847163        6.9847163       63.607442       63.607442
  3.7740863e-09       38.619101       44.883563       1.2264451     -0.48412557      0.25768051       6.9847163        6.9847163       63.268769       63.268769
  4.1968329e-09       38.512928       57.223876      0.33028466       1.1204471     -0.45073173       6.9847163        6.9847163       63.056424       63.056424
  4.2561553e-09       38.498893       49.894401       1.3671246        2.240219      -2.6073436       6.9847163        6.9847163       63.028353       63.028353
   4.327731e-09       38.482215       40.682071       1.7327817    -0.089665182     -0.64311656       6.9847163        6.9847163       62.994998       62.994998
  4.6282003e-09       38.415091        44.70088       2.2059621       1.6537919       -2.859754       6.9847163        6.9847163       62.860749       62.860749
  4.6495456e-09        38.41049        41.59718       2.0856646       2.3044974       -3.390162       6.9847163        6.9847163       62.851547       62.851547
  4.7815818e-09       38.382487       74.262191       1.1573685       2.4350965      -2.5924649       6.9847163        6.9847163       62.795542       62.795542
  5.2592335e-09       38.287273       56.108392       0.4456558     -0.68071326       1.2350575       6.9847163        6.9847163       62.605114       62.605114
  5.7324296e-09        38.20112       80.215969        1.179114       1.7869147      -1.9660287       6.9847163        6.9847163       62.432807       62.432807
  7.1523219e-09       37.979822       62.325013       1.4406761       2.6089067      -3.0495827       6.9847163        6.9847163       61.990211       61.990211
  7.2957803e-09       37.959962       57.435754      0.28674223     -0.82355286       1.5368106       6.9847163        6.9847163       61.950492       61.950492
  7.3214503e-09        37.95645       48.089969     0.061134824      -2.0625952       3.0014604       6.9847163        6.9847163       61.943468       61.943468
  8.2452182e-09       37.837626       81.566735     0.020195348    0.0011526617      0.97865199       6.9847163        6.9847163       61.705819       61.705819
  8.7110911e-09       37.782662       56.299443      0.53480061     -0.50586651       0.9710659       6.9847163        6.9847163       61.595892       61.595892
  1.0321131e-08       37.613066       57.862666       1.1235856       2.1934987      -2.3170843       6.9847163        6.9847163       61.256699       61.256699
  1.0511157e-08       37.594822       42.839852       1.7189019       0.2843185      -1.0032204       6.9847163        6.9847163       61.220211       61.220211
  1.0773023e-08       37.570213       40.734349       2.1385046      0.98339772      -2.1219023       6.9847163        6.9847163       61.170994       61.170994
  1.1456155e-08       37.508732       56.937339       1.0376376       0.4024755     -0.44011315       6.9847163        6.9847163       61.048031       61.048031
  1.1548635e-08       37.500691       93.728957       1.0858267       2.0686653       -2.154492       6.9847163        6.9847163        61.03195        61.03195
  1.2364865e-08         37.4324       56.323348      0.22550403       0.9224638     -0.14796783       6.9847163        6.9847163       60.895367       60.895367
  1.3825524e-08       37.320743        81.68772       1.4301389       2.4481624      -2.8783012       6.9847163        6.9847163       60.672053       60.672053
  1.7229383e-08       37.100643       62.332631       1.5102228       1.6467515      -2.1569743       6.9847163        6.9847163       60.231853       60.231853
  1.8225237e-08       37.044451       51.864743          2.1005       2.3918351       -3.492335       6.9847163        6.9847163        60.11947        60.11947
  2.1922516e-08       36.859745       91.066501      0.91002748       2.1788127      -2.0888402       6.9847163        6.9847163       59.750057       59.750057
  2.3425241e-08       36.793444       64.164691      0.16030487     -0.55033191        1.390027       6.9847163        6.9847163       59.617456       59.617456
  2.4212601e-08       36.760385       58.920046      0.64946163     -0.09950944      0.45004781       6.9847163        6.9847163       59.551338       59.551338
   2.433227e-08       36.755455       80.577162        1.319086       2.1121018      -2.4311878       6.9847163        6.9847163       59.541478       59.541478
  2.9518886e-08       36.562229       65.742861       1.1840573       2.3749198      -2.5589771       6.9847163        6.9847163       59.155025       59.155025
  3.0127775e-08       36.541812       70.708578      0.26500479       1.1940913     -0.45909612       6.9847163        6.9847163       59.114191       59.114191
  3.4312208e-08       36.411758       43.894518       2.2124954       2.0279686       -3.240464       6.9847163        6.9847163       58.854083       58.854083
   3.557785e-08       36.375535       42.862479      0.53815193      0.75657632     -0.29472825       6.9847163        6.9847163       58.781638       58.781638
  3.5753117e-08       36.370621       47.711846      0.52466781      -1.2737103       1.7490425       6.9847163        6.9847163        58.77181        58.77181
  3.6974828e-08       36.337021       93.836742       0.4353901      0.97565377     -0.41104386       6.9847163        6.9847163        58.70461        58.70461
  3.7381671e-08       36.326078       71.546471      0.12243553      0.96644698    -0.088882504       6.9847163        6.9847163       58.682724       58.682724
  4.2070902e-08       36.207903       81.229848       1.4239187       2.5057718      -2.9296905       6.9847163        6.9847163       58.446373       58.446373
   4.827072e-08       36.070434       43.211396       2.1489405       2.1562483      -3.3051887       6.9847163        6.9847163       58.171435       58.171435
    4.88372e-08       36.058766       54.649917       1.8881304       2.0298968      -2.9180272       6.9847163        6.9847163         58.1481         58.1481
  5.0436813e-08       36.026537       43.022951      0.20791514       -2.398677       3.1907618       6.9847163        6.9847163       58.083642       58.083642
  5.2579874e-08       35.984926       49.991326      0.03324989      0.39816074      0.56858938       6.9847163        6.9847163       58.000419       58.000419
  5.2832859e-08       35.980126       99.982561      0.42317922       1.5089602      -0.9321394       6.9847163        6.9847163       57.990819       57.990819
  5.6326855e-08       35.916087       93.613218      0.76104345       1.9938009      -1.7548444       6.9847163        6.9847163       57.862742       57.862742
  6.2538257e-08       35.811481       41.444731        1.534516       1.7548512      -2.2893672       6.9847163        6.9847163       57.653529       57.653529
  6.3697444e-08       35.793114       42.681968       1.0215122       1.3365491      -1.3580613       6.9847163        6.9847163       57.616796       57.616796
  6.8374175e-08       35.722263       47.836103       1.7122562       1.0087102      -1.7209663       6.9847163        6.9847163       57.475094       57.475094
  6.8847529e-08       35.715365       57.929102        1.866852       2.2685134      -3.1353654       6.9847163        6.9847163       57.461297       57.461297
  7.0200422e-08       35.695905       45.205821        1.419848       1.9529499      -2.3727979       6.9847163        6.9847163       57.422377       57.422377
  7.7077393e-08       35.602449       43.778757      0.86124386        1.221757      -1.0830009       6.9847163        6.9847163       57.235465       57.235465
    7.98221e-08       35.567459       62.131271      0.83049117       1.8879226      -1.7184137       6.9847163        6.9847163       57.165485       57.165485
  9.2065763e-08       35.424755       52.949143       1.6267997       1.3073021      -1.9341019       6.9847163        6.9847163       56.880078       56.880078
  9.7909155e-08       35.363219       81.812609       0.8609144       1.3226289      -1.1835433       6.9847163        6.9847163       56.757005       56.757005
  9.9612753e-08       35.345968       52.977835      0.68361693       1.4585619      -1.1421788       6.9847163        6.9847163       56.722504       56.722504
  1.0561933e-07       35.287418        40.41684       1.5646977     -0.19897345      -0.3657242       6.9847163        6.9847163       56.605403       56.605403
  1.0744264e-07       35.270301       74.068732      0.45272817      0.39627256      0.15099927       6.9847163        6.9847163        56.57117        56.57117
  1.1409648e-07       35.210215       64.297892       1.1490862       2.2993115      -2.4483977       6.9847163        6.9847163       56.450997       56.450997
  1.2130767e-07       35.148929       43.135237       1.9583268       2.1055264      -3.0638532       6.9847163        6.9847163       56.328425       56.328425
  1.3123376e-07       35.070279        66.64296      0.48303658       1.4689745     -0.95201107       6.9847163        6.9847163       56.171125       56.171125
   1.324042e-07       35.061399       88.300704      0.92380844       2.1791522      -2.1029606       6.9847163        6.9847163       56.153366       56.153366
  1.3258944e-07       35.060001       49.051535       2.0148767       2.0027621      -3.0176388       6.9847163        6.9847163        56.15057        56.15057
  1.3652179e-07       35.030774        53.18169       1.7048107        1.520132      -2.2249427       6.9847163        6.9847163       56.092116       56.092116
  1.4050756e-07       35.001997       62.463536       1.7668897       2.6973202      -3.4642099       6.9847163        6.9847163       56.034562       56.034562
  1.6233243e-07       34.857613       64.815081       1.0089931       2.1423339      -2.1513269       6.9847163        6.9847163       55.745793       55.745793
  1.6961877e-07       34.813706       50.762809       1.7427991       1.4175564      -2.1603555       6.9847163        6.9847163       55.657979       55.657979
  1.7391251e-07       34.788707        68.01753      0.12748508     -0.35220303        1.224718       6.9847163        6.9847163       55.607981       55.607981
  1.9695997e-07       34.664258       47.382229      0.56855834       1.0388911      -0.6074494       6.9847163        6.9847163       55.359084       55.359084
  2.1203642e-07       34.590501       40.596181       1.1351039     -0.99511633      0.86001244       6.9847163        6.9847163       55.211569       55.211569
  2.3866217e-07        34.47221       43.838313      0.63123167       -1.464015       1.8327834       6.9847163        6.9847163       54.974988       54.974988
  2.4992836e-07       34.426084       76.963668       0.7816428       1.0432311     -0.82487394       6.9847163        6.9847163       54.882736       54.882736
  2.7225179e-07       34.340532       90.776795       0.2003952       1.1439768     -0.34437204       6.9847163        6.9847163       54.711631       54.711631
  3.7760784e-07       34.013403       92.550599      0.52017384       1.1005862     -0.62076005       6.9847163        6.9847163       54.057373       54.057373
  3.8477337e-07       33.994605       46.113129     0.021298197      -2.1813454       3.1600472       6.9847163        6.9847163       54.019777       54.019777
   4.564373e-07       33.823807       43.186388     0.040529764      -2.5233464       3.4828166       6.9847163        6.9847163       53.678182       53.678182
  4.8223684e-07       33.768824       42.262064       1.9856297        1.763638      -2.7492677       6.9847163        6.9847163       53.568215       53.568215
  5.5501946e-07       33.628255       43.566391       1.3396782     -0.10545349     -0.23422467       6.9847163        6.9847163       53.287078       53.287078
  6.1198821e-07       33.530546       83.822446      0.87323335       2.1036201      -1.9768535       6.9847163        6.9847163       53.091659       53.091659
  8.1948683e-07        33.23858       76.452885       1.1787051       2.4007544      -2.5794595       6.9847163        6.9847163       52.507728       52.507728
  8.3122896e-07       33.224353       49.300192       1.7694081       2.3267881      -3.0961962       6.9847163        6.9847163       52.479274       52.479274
  8.5474243e-07       33.196459       41.135781       0.9134315      -1.2293282       1.3158967       6.9847163        6.9847163       52.423485       52.423485
   8.860964e-07       33.155445       73.077681      0.80503901      0.96133769     -0.76637671       6.9847163        6.9847163       52.341458       52.341458
  8.8946684e-07       33.146662       56.521254       1.4147731        1.234759      -1.6495321       6.9847163        6.9847163       52.323891       52.323891
  9.7164199e-07       33.053309       92.426871      0.84750852        1.646537      -1.4940455       6.9847163        6.9847163       52.137186       52.137186
  1.1218373e-06       32.904585       46.885338      0.36407419       0.6710514    -0.035125584       6.9847163        6.9847163       51.839738       51.839738
  1.2492962e-06       32.791985       44.891586       1.0610662       1.4323063      -1.4933725       6.9847163        6.9847163       51.614538       51.614538
   1.256423e-06       32.781309       53.715938      0.79693427    -0.096882243      0.29994797       6.9847163        6.9847163       51.593186       51.593186
  1.8008722e-06       32.416319       61.732977      0.63087906       0.1611709      0.20795004       6.9847163        6.9847163       50.863206       50.863206
  1.8589072e-06       32.379615       50.082913       1.0312806     0.042229001    -0.073509614       6.9847163        6.9847163       50.789797       50.789797
  1.9102123e-06       32.347402       58.058699      0.41927463     -0.40493112      0.98565648       6.9847163        6.9847163       50.725371       50.725371
  1.9159826e-06       32.339397       44.064245       1.3683433      0.11627006     -0.48461334       6.9847163        6.9847163       50.709362       50.709362
  2.4600736e-06       32.084449       57.147641       1.6125877       2.4868684      -3.0994561       6.9847163        6.9847163       50.199466       50.199466
  2.8566463e-06       31.930005       46.559791      0.53364164      0.85837452     -0.39201616       6.9847163        6.9847163       49.890577       49.890577
  3.1082936e-06       31.840591       57.909253       1.6287163       1.8664074      -2.4951238       6.9847163        6.9847163        49.71175        49.71175
  3.3449521e-06       31.762226       40.713799       1.4652997     0.011693354     -0.47699308       6.9847163        6.9847163       49.555019       49.555019
  3.4633867e-06       31.722444       40.199622       1.5348911      0.13265412     -0.66754519       6.9847163        6.9847163       49.475455       49.475455
  4.0570298e-06       31.559252       68.351699       1.1583716       2.3021762      -2.4605477       6.9847163        6.9847163       49.149071       49.149071
  4.1997868e-06       31.519681       67.540731      0.69946682      0.58898017     -0.28844699       6.9847163        6.9847163        49.06993        49.06993
  4.2164407e-06       31.510737       55.558349        1.755415       2.1210435      -2.8764586       6.9847163        6.9847163       49.052041       49.052041
  4.3319579e-06       31.478721       62.312425       1.4323712       1.6858504      -2.1182216       6.9847163        6.9847163       48.988009       48.988009
  4.3500151e-06       31.469573       58.043201        1.562543       2.4581605      -3.0207034       6.9847163        6.9847163       48.969714       48.969714
  4.5990536e-06       31.408915       73.521816      0.20577245       1.0686555     -0.27442792       6.9847163        6.9847163       48.848397       48.848397
  4.6326825e-06       31.396641       83.524477      0.71765139       1.2014001     -0.91905151       6.9847163        6.9847163        48.82385        48.82385
  4.9496783e-06       31.325467       73.266722      0.62817508       1.7074744      -1.3356495       6.9847163        6.9847163       48.681502       48.681502
  5.2198932e-06       31.267325       53.475899       1.5992342       1.5307759      -2.1300101       6.9847163        6.9847163       48.565218       48.565218
  5.2234455e-06       31.261658       67.040226      0.31635568    -0.037574328      0.72121865       6.9847163        6.9847163       48.553884       48.553884
  6.1421186e-06       31.094657       75.607256        0.521725       1.5725929      -1.0943179       6.9847163        6.9847163       48.219882       48.219882
  7.0815273e-06       30.947351       48.087224      0.29057828      0.57392689      0.13549483       6.9847163        6.9847163       47.925269       47.925269
  7.6076621e-06       30.870697       54.713515      0.85420808      0.15063168   -0.0048397552       6.9847163        6.9847163       47.771961       47.771961
  7.6616876e-06       30.858633        60.05425       1.2754536       1.2635571      -1.5390107       6.9847163        6.9847163       47.747833       47.747833
  7.8823155e-06       30.825255       44.098842      0.22101605      -1.9142279       2.6932119       6.9847163        6.9847163       47.681078       47.681078
  7.9628526e-06       30.810102       72.427643       1.4672115       2.4186406      -2.8858521       6.9847163        6.9847163       47.650772       47.650772
  8.2349879e-06       30.771511       45.279428        1.183286     -0.01553037     -0.16775564       6.9847163        6.9847163       47.573589       47.573589
  8.4288889e-06        30.74325       58.695914       1.3355652       1.3112949      -1.6468602       6.9847163        6.9847163       47.517067       47.517067
  8.8285117e-06       30.691941       47.251872      0.82944709     -0.49788887      0.66844178       6.9847163        6.9847163       47.414449       47.414449
  8.7875178e-06       30.691608        40.08003      0.45434088      0.11280623      0.43285289       6.9847163        6.9847163       47.413783       47.413783
  9.3922656e-06       30.620065       57.224704       1.4858638       1.5511219      -2.0369857       6.9847163        6.9847163       47.270698       47.270698
  9.7647497e-06       30.576186       69.357136      0.19599133    -0.098047402      0.90205607       6.9847163        6.9847163       47.182939       47.182939
  1.0351015e-05       30.512892       90.208692       0.5147365       1.0829134     -0.59764988       6.9847163        6.9847163       47.056352       47.056352
   1.127198e-05       30.422669        62.61348       1.5339116       1.9921163      -2.5260279       6.9847163        6.9847163       46.875906       46.875906
  1.1397493e-05       30.406608       56.306953       1.3309241       2.2076388      -2.5385628       6.9847163        6.9847163       46.843784       46.843784
   1.345935e-05        30.23534       67.007811       1.5493711       2.3988064      -2.9481775       6.9847163        6.9847163       46.501248       46.501248
  1.3576759e-05       30.221668       96.575025      0.11661197       0.7998051     0.083582925       6.9847163        6.9847163       46.473903       46.473903
  1.5453964e-05       30.087174       59.415622      0.58042188     0.011971277      0.40760684       6.9847163        6.9847163       46.204915       46.204915
   1.677006e-05       30.000457       65.395776       1.5670626       2.4003234      -2.9673861       6.9847163        6.9847163       46.031481       46.031481
  1.7465414e-05       29.954841       58.077982      0.57317188    -0.076430158      0.50325828       6.9847163        6.9847163        45.94025        45.94025
  1.7866623e-05       29.927143        87.88825      0.17461014      0.54356208      0.28182778       6.9847163        6.9847163       45.884853       45.884853
  2.1885268e-05       29.719276       58.331282      0.97730199      0.64528885     -0.62259084       6.9847163        6.9847163       45.469119       45.469119
  2.4820206e-05       29.588444       46.756495     0.024044133      -1.8688101        2.844766       6.9847163        6.9847163       45.207455       45.207455
  2.8463014e-05       29.446509       54.886082       1.6113123       1.8106128      -2.4219251       6.9847163        6.9847163       44.923585       44.923585
  2.8638415e-05       29.435378       70.085378      0.90092423       1.0868367     -0.98776097       6.9847163        6.9847163       44.901323       44.901323
  3.1160632e-05       29.345983       54.067874       1.6325478       1.8392286      -2.4717764       6.9847163        6.9847163       44.722534       44.722534
   3.588117e-05       29.199939       46.584088      0.48479692      -1.0890109       1.6042139       6.9847163        6.9847163       44.430445       44.430445
   3.644376e-05       29.179393       52.487029       1.5202258       1.4263687      -1.9465945       6.9847163        6.9847163       44.389354       44.389354
  4.5810419e-05       28.945664        90.72267      0.98104085       1.9643061      -1.9453469       6.9847163        6.9847163       43.921896       43.921896
  4.7505682e-05       28.904339       40.891299       1.2927559      0.89682115      -1.1895771       6.9847163        6.9847163       43.839246       43.839246
  5.6258651e-05       28.730241       42.353617      0.83890799     -0.82976929      0.99086131       6.9847163        6.9847163        43.49105        43.49105
  5.6787664e-05       28.715894       65.526592     0.091514167     -0.38727229       1.2957581       6.9847163        6.9847163       43.462356       43.462356
  5.7773694e-05       28.693693       57.848565      0.18589438     -0.67146746       1.4855731       6.9847163        6.9847163       43.417953       43.417953
  7.0711008e-05       28.486637       46.897495       1.1253973       1.4437532      -1.5691504       6.9847163        6.9847163       43.003842       43.003842
  7.5382163e-05       28.417681       43.324139       1.4443448       1.2110399      -1.6553847       6.9847163        6.9847163       42.865929       42.865929
  7.5235851e-05       28.414636       58.942312        1.320981       1.3999536      -1.7209346       6.9847163        6.9847163       42.859839       42.859839
  7.9575573e-05       28.353569       55.939784       1.4209686       1.4580602      -1.8790288       6.9847163        6.9847163       42.737705       42.737705
  8.1837019e-05       28.320558        76.35537      0.54158023       0.7465034     -0.28808363       6.9847163        6.9847163       42.671684       42.671684
  8.3613011e-05       28.294102       50.812524      0.24030412      -1.0750639       1.8347597       6.9847163        6.9847163       42.618772       42.618772
  9.5582409e-05       28.155325       40.924751       1.2244887    -0.010052108      -0.2144366       6.9847163        6.9847163       42.341217       42.341217
  9.8612043e-05       28.119132       75.262933       1.1122805       2.2502738      -2.3625543       6.9847163        6.9847163       42.268832       42.268832
  9.8594513e-05       28.114322       42.405564       1.3515323      0.45233843     -0.80387071       6.9847163        6.9847163       42.259212       42.259212
  9.8314851e-05       28.112175       47.738403        1.548893       1.3735019       -1.922395       6.9847163        6.9847163       42.254918       42.254918
  9.8207619e-05       28.108279       92.509979      0.75147187       1.8881931      -1.6396649       6.9847163        6.9847163       42.247126       42.247126
  9.8557373e-05       28.099737       91.763218      0.63987726       1.3638458      -1.0037231       6.9847163        6.9847163       42.230041       42.230041
  0.00010220796       28.058378       42.539287        1.355142      0.48263348     -0.83777547       6.9847163        6.9847163       42.147324       42.147324
  0.00010419927       28.034096       53.688587      0.29346927     -0.75649264       1.4630234       6.9847163        6.9847163       42.098759       42.098759
  0.00011506436       27.929921       57.329236       1.3611116       1.4252032      -1.7863148       6.9847163        6.9847163        41.89041        41.89041
  0.00011893388       27.891858       54.373317      0.62464976     -0.15138781      0.52673805       6.9847163        6.9847163       41.814283       41.814283
  0.00012343186       27.849749       44.208597      0.16058067    -0.012499642      0.85191897       6.9847163        6.9847163       41.730065       41.730065
  0.00013096354       27.785531       55.443652       1.3980296       1.4130881      -1.8111177       6.9847163        6.9847163        41.60163        41.60163
  0.00013761492       27.731004       53.302931      0.61720155     -0.23003604      0.61283449       6.9847163        6.9847163       41.492575       41.492575
  0.00015084547        27.63422       53.034691       1.4548573       2.0264147       -2.481272       6.9847163        6.9847163       41.299007       41.299007
   0.0001517023       27.623567       63.684283      0.47130714      0.13567539      0.39301747       6.9847163        6.9847163       41.277702       41.277702
  0.00015258251       27.612795       55.028352      0.87465229      0.34344906     -0.21810135       6.9847163        6.9847163       41.256157       41.256157
  0.00015530814       27.590102        45.87553       0.9976749        1.176974      -1.1746488       6.9847163        6.9847163       41.210771       41.210771
  0.00015464198       27.589413       43.601755      0.33318784      0.15996602      0.50684614       6.9847163        6.9847163       41.209393       41.209393
  0.00015860522       27.559119       49.326884       1.2502461      0.71280712     -0.96305326       6.9847163        6.9847163       41.148806       41.148806
  0.00016247427       27.530031       62.821089      0.95142295        1.915973       -1.867396       6.9847163        6.9847163       41.090629       41.090629
  0.00016274571       27.523374        83.93996         1.07582       2.1974091       -2.273229       6.9847163        6.9847163       41.077315       41.077315
  0.00016555519       27.501271       49.005406      0.75943082     -0.28314737      0.52371655       6.9847163        6.9847163       41.033109       41.033109
   0.0001663759       27.491338       42.404182      0.30699954      -1.7102182       2.4032186       6.9847163        6.9847163       41.013244       41.013244
  0.00016592991       27.489035       69.867333      0.31331631       1.1561452     -0.46946148       6.9847163        6.9847163       41.008637       41.008637
  0.00016674917       27.479122       47.498898       1.5021846       1.3409189      -1.8431035       6.9847163        6.9847163       40.988811       40.988811
  0.00018915978       27.348033       43.447688       0.2725481      -1.6480369       2.3754888       6.9847163        6.9847163       40.726633       40.726633
  0.00019377479       27.318941        81.04209        1.171403       2.2341798      -2.4055828       6.9847163        6.9847163       40.668449       40.668449
   0.0001990462       27.287113       42.141787        1.309414      0.59662571     -0.90603973       6.9847163        6.9847163       40.604794       40.604794
  0.00021628539       27.199063       59.541801       1.0881298       1.0147953      -1.1029251       6.9847163        6.9847163       40.428694       40.428694
   0.0002197477       27.178195       69.797843       1.3789638        2.310712      -2.6896757       6.9847163        6.9847163       40.386957       40.386957
  0.00022386235       27.154656       45.056599       1.3879493       1.2392116      -1.6271609       6.9847163        6.9847163       40.339879       40.339879
  0.00023370482       27.106641       41.175939       1.2091368      0.54771173     -0.75684851       6.9847163        6.9847163       40.243849       40.243849
  0.00024878939       27.039105       55.711406       1.5251024       2.0519497      -2.5770522       6.9847163        6.9847163       40.108778       40.108778
  0.00025337783       27.015842       66.675997       1.3746763       1.9864764      -2.3611527       6.9847163        6.9847163       40.062252       40.062252
  0.00026026658        26.98403       40.916164        1.086207     -0.14529715     0.059090174       6.9847163        6.9847163       39.998628       39.998628
  0.00026593015       26.957516       88.554404      0.13598962       0.5777546      0.28625579       6.9847163        6.9847163       39.945599       39.945599
  0.00029365632       26.853351       45.238498      0.95271596     -0.15762685      0.20491089       6.9847163        6.9847163        39.73727        39.73727
   0.0002928583       26.851086       56.825809       1.1250061      0.95726386        -1.08227       6.9847163        6.9847163       39.732739       39.732739
  0.00030701641       26.798885       55.813178       1.3014414       1.2757981      -1.5772395       6.9847163        6.9847163       39.628338       39.628338
  0.00032236829       26.745105       74.577747       1.1613465       2.2542316      -2.4155781       6.9847163        6.9847163       39.520777       39.520777
   0.0003441928        26.67461       86.879259     0.053599166      0.77378291      0.17261793       6.9847163        6.9847163       39.379787       39.379787
  0.00035925256       26.626798       53.895331      0.20457421     -0.82524679       1.6206726       6.9847163        6.9847163       39.284164       39.284164
   0.0003771078       26.573306       68.644663      0.35043144       1.1847623     -0.53519375       6.9847163        6.9847163       39.177179       39.177179
  0.00040760218       26.490558       60.549211        1.018037      0.96067961     -0.97871657       6.9847163        6.9847163       39.011683       39.011683
  0.00041252839       26.473557       54.064391      0.98436224      0.54310407     -0.52746631       6.9847163        6.9847163       38.977681       38.977681
  0.00042249963       26.444686       40.551954      0.66107103       -1.094728        1.433657       6.9847163        6.9847163       38.919939       38.919939
  0.00044135037       26.396047       90.624537      0.30775803      0.87219847     -0.17995649       6.9847163        6.9847163       38.822662       38.822662
  0.00044032331       26.393389        52.88829      0.31845153     -0.70057911       1.3821276       6.9847163        6.9847163       38.817346       38.817346
  0.00047182621         26.3193       43.714109       1.2157356      0.47793191     -0.69366755       6.9847163        6.9847163       38.669168       38.669168
  0.00052101062       26.215153       68.224279       1.1279019       2.1634545      -2.2913564       6.9847163        6.9847163       38.460874       38.460874
  0.00051895899       26.214112       94.408207      0.53554489        1.315772     -0.85131688       6.9847163        6.9847163       38.458791       38.458791
  0.00053161752       26.185025       53.448554      0.56983138       1.0968759     -0.66670726       6.9847163        6.9847163       38.400617       38.400617
  0.00053468867       26.174276       70.329792     0.081725144      0.76078342      0.15749143       6.9847163        6.9847163        38.37912        38.37912
  0.00060216008        26.05045       51.498889      0.30978521     -0.79746059       1.4876754       6.9847163        6.9847163       38.131468       38.131468
  0.00060626575       26.038668       47.155745       1.3668699       1.2583323      -1.6252022       6.9847163        6.9847163       38.107903       38.107903
   0.0006210094       26.009653       56.096177      0.98160251      0.67889845     -0.66050096       6.9847163        6.9847163       38.049873       38.049873
  0.00063772407       25.978105       40.413426      0.73131932     -0.87172664       1.1404073       6.9847163        6.9847163       37.986778       37.986778
  0.00064282131       25.965156       41.955648      0.65657518     -0.92791744       1.2713423       6.9847163        6.9847163        37.96088        37.96088
  0.00066320441       25.928952       46.488786       1.3352033       1.1000223      -1.4352256       6.9847163        6.9847163       37.888472       37.888472
    0.000694034       25.878527       53.794877     0.036031244      0.30686814      0.65710062       6.9847163        6.9847163       37.787622       37.787622
  0.00073461837        25.81671       64.770328       0.4965409      0.27872639      0.22473271       6.9847163        6.9847163       37.663987       37.663987
   0.0007398442       25.804633        50.91025       1.4247741       1.5521255      -1.9768996       6.9847163        6.9847163       37.639834       37.639834
  0.00074257306       25.795965       73.122908       1.0877201       1.6465592      -1.7342793       6.9847163        6.9847163       37.622497       37.622497
  0.00087906922       25.622235       51.324294       1.2232457       1.6685639      -1.8918095       6.9847163        6.9847163       37.275037       37.275037
  0.00090381726       25.589483       57.439257       1.4429854       1.9077611      -2.3507464       6.9847163        6.9847163       37.209534       37.209534
  0.00099828366       25.485085       42.284582      0.61583749      0.19602983      0.18813268       6.9847163        6.9847163       37.000738       37.000738
   0.0010166294       25.461888       48.876823      0.57142291     -0.50553838      0.93411547       6.9847163        6.9847163       36.954343       36.954343
   0.0010896496       25.387537       46.626875     0.074832102    -0.058528318      0.98369622       6.9847163        6.9847163       36.805641       36.805641
   0.0011085277       25.365373       44.527023      0.53710584      0.38050189     0.082392272       6.9847163        6.9847163       36.761313       36.761313
   0.0011226409       25.347734       52.577823      0.28500503     -0.72689403        1.441889       6.9847163        6.9847163       36.726035       36.726035
   0.0012015036       25.274857       40.539715      0.79760077     -0.53063391      0.73303314       6.9847163        6.9847163       36.580281       36.580281
   0.0012118993       25.261254       57.554349      0.82362015      0.49942649     -0.32304664       6.9847163        6.9847163       36.553075       36.553075
   0.0012995556       25.186433        49.29037      0.10582193      0.16623328      0.72794479       6.9847163        6.9847163       36.403433       36.403433
   0.0013018652       25.179669       40.860287      0.23963509      -1.7365127       2.4968776       6.9847163        6.9847163       36.389906       36.389906
   0.0013599903       25.131003       45.593355      0.19630851      -1.3989937       2.2026852       6.9847163        6.9847163       36.292573       36.292573
   0.0013900612       25.104144       41.083495      0.34490505     -0.33330153      0.98839648       6.9847163        6.9847163       36.238856       36.238856
   0.0014603223       25.049848       42.431031      0.13980711       -1.767608       2.6278009       6.9847163        6.9847163       36.130263       36.130263
   0.0015378371        24.99314       40.770388      0.84387896     -0.19472924      0.35085028       6.9847163        6.9847163       36.016848       36.016848
   0.0015451678       24.983398       90.022276      0.11431293      0.81695113     0.068735949       6.9847163        6.9847163       35.997363       35.997363
   0.0015649891       24.965664       41.571005      0.89954205     -0.11845658      0.21891453       6.9847163        6.9847163       35.961895       35.961895
   0.0015585441       24.964803       46.925703      0.35475041      -1.0025047       1.6477543       6.9847163        6.9847163       35.960173       35.960173
   0.0015808576         24.9456       50.368214       1.0893976       1.4575186      -1.5469163       6.9847163        6.9847163       35.921767       35.921767
   0.0015942509       24.932176       54.944058       1.3898982       1.6794495      -2.0693476       6.9847163        6.9847163       35.894919       35.894919
   0.0016451842        24.89574       44.192073     0.021146503      -1.8002388       2.7790923       6.9847163        6.9847163       35.822048       35.822048
    0.001711317       24.851342       41.411004      0.42653224      -1.2837552       1.8572229       6.9847163        6.9847163       35.733251       35.733251
   0.0017244744       24.838695       51.262048       1.3478509       1.5382839      -1.8861349       6.9847163        6.9847163       35.707957       35.707957
   0.0017927914       24.794856       73.068129      0.61907847      0.83332765     -0.45240612       6.9847163        6.9847163       35.620279       35.620279
   0.0017931873       24.789647       45.662823      0.12112541      -1.4940365       2.3729111       6.9847163        6.9847163       35.609862       35.609862
   0.0018101829       24.775226       52.860381      0.80151062      0.21886863    -0.020379243       6.9847163        6.9847163        35.58102        35.58102
    0.001902252       24.720629       51.414763      0.59528724     -0.24249639      0.64720915       6.9847163        6.9847163       35.471825       35.471825
   0.0019328306       24.699694       69.724024      0.85408412       1.8645816      -1.7186658       6.9847163        6.9847163       35.429956       35.429956
   0.0019323523       24.694953       79.048581       0.8276079        1.917882      -1.7454899       6.9847163        6.9847163       35.420474       35.420474
   0.0021411062       24.587381         65.0629      0.12699598      0.73519762       0.1378064       6.9847163        6.9847163        35.20533        35.20533
   0.0021456361        24.58028        44.87999       1.1012395      0.66789986     -0.76913934       6.9847163        6.9847163       35.191128       35.191128
   0.0022081822        24.54656       47.747397       1.1240574        1.197448      -1.3215054       6.9847163        6.9847163       35.123687       35.123687
   0.0026742052       24.350089       53.045472      0.53593449     -0.22320607      0.68727158       6.9847163        6.9847163       34.730746       34.730746
    0.002664439       24.348761       70.520045      0.47855197      0.52674238   -0.0052943526       6.9847163        6.9847163       34.728089       34.728089
   0.0027103942       24.326673       60.139523       1.3569443       1.9947931      -2.3517375       6.9847163        6.9847163       34.683913       34.683913
    0.002701974       24.324796       51.199325      0.91105792      0.36256151     -0.27361942       6.9847163        6.9847163        34.68016        34.68016
   0.0027976787       24.285002       48.281329      0.19119028      0.18613664      0.62267308       6.9847163        6.9847163       34.600571       34.600571
   0.0028865623       24.248738       82.875107      0.98724645       1.8426473      -1.8298937       6.9847163        6.9847163       34.528043       34.528043
   0.0028836897       24.244746       45.089282      0.32823459      -1.1307733       1.8025387       6.9847163        6.9847163       34.520059       34.520059
   0.0029490532       24.217345       42.827391      0.51298483     -0.92837527       1.4153904       6.9847163        6.9847163       34.465257       34.465257
   0.0029720019       24.204605       77.581477        1.061599       2.1186919       -2.180291       6.9847163        6.9847163       34.439778       34.439778
   0.0031597005       24.138377       92.638914      0.62216341       1.6477672      -1.2699306       6.9847163        6.9847163       34.307321       34.307321
   0.0032052392        24.11908       40.754615      0.60574615     -0.71922847       1.1134823       6.9847163        6.9847163       34.268727       34.268727
    0.003318402       24.079396       44.199329      0.95227851      0.21697285     -0.16925136       6.9847163        6.9847163       34.189359       34.189359
    0.003396829       24.051049       41.988639      0.34763936       -0.306292      0.95865264       6.9847163        6.9847163       34.132666       34.132666
   0.0034556555       24.028891       51.004306       1.1148254      0.82037608     -0.93520145       6.9847163        6.9847163        34.08835        34.08835
   0.0035759775       23.989678       81.447129      0.53564095      0.98763774     -0.52327868       6.9847163        6.9847163       34.009923       34.009923
   0.0037327452       23.941784       53.978042      0.74325212      0.22255831     0.034189571       6.9847163        6.9847163       33.914136       33.914136
   0.0038100804       23.916291       54.723364      0.20514354      0.55286699      0.24198948       6.9847163        6.9847163       33.863149       33.863149
   0.0039086378       23.885764       40.304907      0.53209936     -0.75752395       1.2254246       6.9847163        6.9847163       33.802096       33.802096
   0.0039605446       23.867585       51.033552      0.55351712     -0.28924466      0.73572754       6.9847163        6.9847163       33.765737       33.765737
    0.004124913       23.821933       52.277669       1.2820183       1.4713708       -1.753389       6.9847163        6.9847163       33.674434       33.674434
   0.0045088138       23.727956       71.587532       1.0372609       1.5589168      -1.5961777       6.9847163        6.9847163        33.48648        33.48648
   0.0046193246       23.698755       49.878418       1.0867266       0.7440021     -0.83072865       6.9847163        6.9847163       33.428077       33.428077
   0.0047295934       23.670176       62.184626      0.32548207      0.97297528     -0.29845735       6.9847163        6.9847163        33.37092        33.37092
   0.0048508733        23.63987       48.324966      0.74769666      0.87663065     -0.62432731       6.9847163        6.9847163       33.310307       33.310307
   0.0048450718       23.636078       41.479247     0.014805038     -0.85624352       1.8414385       6.9847163        6.9847163       33.302724       33.302724
   0.0049401008       23.611667       52.152718     0.038241679      0.16051906      0.80123926       6.9847163        6.9847163       33.253902       33.253902
   0.0049375036       23.607205       42.083066      0.67185221     -0.13285614      0.46100393       6.9847163        6.9847163       33.244978       33.244978
   0.0049496339       23.599765       49.654932      0.13481423      0.16473424      0.70045154       6.9847163        6.9847163       33.230097       33.230097
   0.0049281522       23.599127       80.691872       1.0576976       1.9994667      -2.0571643       6.9847163        6.9847163       33.228821       33.228821
   0.0049143692        23.59694        62.67362        1.085479       1.3147052      -1.4001842       6.9847163        6.9847163       33.224447       33.224447
    0.005543115       23.471559       44.486859      0.12573386      -1.4588882       2.3331543       6.9847163        6.9847163       32.973686       32.973686
   0.0055362393       23.467812       45.995642      0.26727737     0.051112972      0.68160965       6.9847163        6.9847163       32.966192       32.966192
   0.0055555959       23.459334       53.830803       1.2515522       1.6295902      -1.8811425       6.9847163        6.9847163       32.949236       32.949236
   0.0057075001       23.427372       49.857352       0.2177158     -0.91556408       1.6978483       6.9847163        6.9847163       32.885311       32.885311
   0.0057732406       23.410931       52.526514      0.98877202      0.66219869     -0.65097071       6.9847163        6.9847163        32.85243        32.85243
    0.006075482       23.354916       64.226974      0.15256179      0.73641278      0.11102543       6.9847163        6.9847163         32.7404         32.7404
   0.0061767263       23.333401       62.423924        1.276637       1.7987495      -2.0753864       6.9847163        6.9847163        32.69737        32.69737
   0.0062374234       23.318636       51.294447      0.76446384      0.15284141     0.082694754       6.9847163        6.9847163       32.667839       32.667839
   0.0064168632       23.285286       55.535593        1.163998       1.7184635      -1.8824615       6.9847163        6.9847163       32.601139       32.601139
   0.0065940063       23.253067       67.406104       1.2374598       1.9083059      -2.1457656       6.9847163        6.9847163       32.536701       32.536701
   0.0066066609       23.246162       48.037014      0.36953968     -0.76372349       1.3941838       6.9847163        6.9847163       32.522891       32.522891
   0.0065788479       23.245393       42.735636      0.69504314     -0.10000987      0.40496672       6.9847163        6.9847163       32.521354       32.521354
   0.0068049903       23.206608       77.745534      0.42920853        1.348301     -0.77750949       6.9847163        6.9847163       32.443784       32.443784
   0.0069021888       23.187439       75.593568       1.1374232       2.0200315      -2.1574547       6.9847163        6.9847163       32.405445       32.405445
    0.007144282       23.147977       54.273577      0.58663902        1.053757     -0.64039601       6.9847163        6.9847163       32.326522       32.326522
   0.0073809095       23.110405       40.888915       0.3638087      -1.0423876       1.6785789       6.9847163        6.9847163       32.251378       32.251378
   0.0073979944       23.103106       83.729131      0.54405587       1.0883133     -0.63236914       6.9847163        6.9847163       32.236779       32.236779
   0.0081449285       23.001932       91.603666       0.2866338       1.0025002     -0.28913397       6.9847163        6.9847163       32.034431       32.034431
   0.0082184954       22.987953       49.959909      0.87385899      0.33353255     -0.20739155       6.9847163        6.9847163       32.006473       32.006473
   0.0086908199       22.927085       72.127507     0.047714642    -0.009211175      0.96149653       6.9847163        6.9847163       31.884737       31.884737
    0.008718908        22.91887        41.22522       0.3774619     -0.95370538       1.5762435       6.9847163        6.9847163       31.868308       31.868308
   0.0087400887       22.911456        42.25395      0.15668194       -1.465755       2.3090731       6.9847163        6.9847163        31.85348        31.85348
    0.008749811       22.905357       50.840061      0.35669817     -0.58317181       1.2264736       6.9847163        6.9847163       31.841282       31.841282
   0.0089545548        22.87724       40.551222     0.080106751      -1.0948572       2.0147504       6.9847163        6.9847163       31.785047       31.785047
   0.0091948057       22.845775       67.260863      0.47052868       1.2793312     -0.74985988       6.9847163        6.9847163       31.722118       31.722118
   0.0098151321       22.775502       46.033074      0.80783291      0.56962824     -0.37746115       6.9847163        6.9847163       31.581571       31.581571
    0.010030003       22.748858       85.246419      0.82445321       1.6317617      -1.4562149       6.9847163        6.9847163       31.528284       31.528284
    0.010095012       22.737411       41.255394      0.31448939     -0.76645387       1.4519645       6.9847163        6.9847163       31.505389       31.505389
    0.010072385       22.734666       49.492957      0.92243391      0.45015159      -0.3725855       6.9847163        6.9847163         31.4999         31.4999
    0.010394324       22.698217       58.535565       1.0359025       1.7324321      -1.7683346       6.9847163        6.9847163       31.427002       31.427002
     0.01038279       22.694339       52.962195      0.56895503      0.94212632     -0.51108135       6.9847163        6.9847163       31.419246       31.419246
    0.011217555       22.612021       89.504663      0.19721995      0.90412967     -0.10134963       6.9847163        6.9847163        31.25461        31.25461
    0.011221117       22.606716       63.229048      0.47592257       1.1982543     -0.67417683       6.9847163        6.9847163          31.244          31.244
    0.011421656       22.584015       40.265005     0.062919384      -1.5323221       2.4694027       6.9847163        6.9847163       31.198598       31.198598
    0.012116698       22.519954       41.501354      0.24018129     -0.79996505       1.5597838       6.9847163        6.9847163       31.070476       31.070476
    0.012796413       22.460387       71.412075      0.42097151       1.2610357     -0.68200723       6.9847163        6.9847163       30.951341       30.951341
    0.013697842       22.387325       52.258408      0.70888759      0.16418941        0.126923       6.9847163        6.9847163       30.805218       30.805218
    0.014203906        22.34606       50.579724       1.0553939      0.88999353     -0.94538739       6.9847163        6.9847163       30.722687       30.722687
     0.01433606       22.331811       63.379943      0.31123591      0.94866207     -0.25989798       6.9847163        6.9847163        30.69419        30.69419
    0.015035777       22.279169       64.071864       1.1764408       1.9689099      -2.1453507       6.9847163        6.9847163       30.588906       30.588906
    0.015758094        22.22726       48.639903      0.72245457     0.034883024       0.2426624       6.9847163        6.9847163       30.485087       30.485087
    0.015720109       22.224686       73.543708      0.70624144       1.0615951     -0.76783657       6.9847163        6.9847163       30.479939       30.479939
    0.016112401       22.195049       78.254596       0.1515179      0.87469387    -0.026211774       6.9847163        6.9847163       30.420666       30.420666
     0.01761813       22.100723       89.925776      0.72457889       1.6809434      -1.4055223       6.9847163        6.9847163       30.232013       30.232013
    0.017654257       22.093686       49.265247      0.41065696     -0.52211648       1.1114595       6.9847163        6.9847163        30.21794        30.21794
    0.017976432       22.070614       69.983954      0.73459561       0.9929601      -0.7275557       6.9847163        6.9847163       30.171796       30.171796
     0.01795917       22.066587       51.192573      0.99830362       1.2042234      -1.2025271       6.9847163        6.9847163       30.163742       30.163742
    0.017970422       22.060974       84.683086      0.67959923       1.7069374      -1.3865366       6.9847163        6.9847163       30.152516       30.152516
    0.018581172       22.022565       80.889934      0.24809424       1.0507361     -0.29883036       6.9847163        6.9847163       30.075697       30.075697
    0.019037126       21.993335       67.084862       1.1440945       1.9979849      -2.1420794       6.9847163        6.9847163       30.017238       30.017238
    0.019181933        21.98077       42.177199      0.27543646     -0.91643961       1.6410032       6.9847163        6.9847163       29.992107       29.992107
    0.019922265       21.937913       45.462209      0.35850256     -0.79333222       1.4348297       6.9847163        6.9847163       29.906393       29.906393
    0.020019338       21.928065       45.610566      0.73139234      0.15185516       0.1167525       6.9847163        6.9847163       29.886697       29.886697
    0.020371055        21.90566        84.68216      0.78861941       1.8221853      -1.6108047       6.9847163        6.9847163       29.841888       29.841888
    0.020781202       21.880739       60.278686       1.1203711        1.403078      -1.5234492       6.9847163        6.9847163       29.792046       29.792046
    0.020751512       21.877181       68.234797       0.9600997       1.3536209      -1.3137206       6.9847163        6.9847163        29.78493        29.78493
    0.021508767       21.836352       56.824724      0.44156538      0.92277123     -0.36433661       6.9847163        6.9847163       29.703272       29.703272
    0.022018189       21.807956       46.421766      0.71063998     0.029508779      0.25985124       6.9847163        6.9847163        29.64648        29.64648
    0.021927232       21.807109       61.330739       1.0354117       1.2513649      -1.2867766       6.9847163        6.9847163       29.644785       29.644785
    0.021884899       21.804053       73.158919      0.83778177       1.2942012      -1.1319829       6.9847163        6.9847163       29.638674       29.638674
    0.021793491       21.803251       69.344006      0.57957477      0.71657444     -0.29614921       6.9847163        6.9847163        29.63707        29.63707
    0.022397715       21.770917       84.856608      0.13938558      0.60726026      0.25335416       6.9847163        6.9847163       29.572401       29.572401
    0.022855441       21.745698       67.494826      0.90453077       1.2236472       -1.128178       6.9847163        6.9847163       29.521964       29.521964
    0.024078047         21.6886       67.587059      0.72611661       1.6092612      -1.3353778       6.9847163        6.9847163       29.407768       29.407768
    0.024040532       21.685172       44.227527      0.10212655      -1.2893164       2.1871899       6.9847163        6.9847163       29.400911       29.400911
    0.024070665       21.678931       76.730572      0.86945959       1.8859691      -1.7554287       6.9847163        6.9847163        29.38843        29.38843
    0.024185449       21.669187       65.781401      0.98608276       1.3249749      -1.3110576       6.9847163        6.9847163       29.368941       29.368941
    0.024093004       21.668028       89.604445      0.37821817       1.0708384     -0.44905654       6.9847163        6.9847163       29.366624       29.366624
     0.02516615       21.619462       49.872601      0.48080062     -0.32230655      0.84150593       6.9847163        6.9847163       29.269492       29.269492
    0.025292057       21.609485        46.47219      0.24656233    -0.077755337      0.83119301       6.9847163        6.9847163       29.249537       29.249537
    0.026512645       21.557365       43.040945      0.27612174     -0.67204569        1.395924       6.9847163        6.9847163       29.145298       29.145298
    0.026421636       21.555817       55.940142       1.1096895       1.5565743      -1.6662638       6.9847163        6.9847163       29.142201       29.142201
    0.026775511       21.537525        49.48697      0.82078624      0.36966709     -0.19045333       6.9847163        6.9847163       29.105617       29.105617
    0.026966281       21.525437       55.493007      0.71201956       1.2037635     -0.91578308       6.9847163        6.9847163       29.081442       29.081442
    0.027596795       21.497337       48.607206      0.09196275      -1.0588673       1.9669046       6.9847163        6.9847163       29.025242       29.025242
    0.027664388       21.489904       79.496141     0.077812445      0.34515748      0.57703007       6.9847163        6.9847163       29.010376       29.010376
    0.027774013       21.480962       49.743327      0.40616278      0.44189219      0.15194503       6.9847163        6.9847163       28.992491       28.992491
    0.027686336       21.479135       67.812486      0.64439694       1.5030035      -1.1474004       6.9847163        6.9847163       28.988838       28.988838
    0.027878298       21.467239       49.953205      0.73181519      0.83435441      -0.5661696       6.9847163        6.9847163       28.965045       28.965045
    0.028227092       21.449817       50.706042     0.058707251     -0.98501046       1.9263032       6.9847163        6.9847163       28.930202       28.930202
    0.028455893       21.436757       67.322761      0.88165197       1.1860926      -1.0677445       6.9847163        6.9847163       28.904082       28.904082
    0.028992347       21.413092        43.38543      0.29446304     -0.78296489       1.4885018       6.9847163        6.9847163       28.856752       28.856752
    0.030066078        21.37174       52.170641      0.11618013     -0.80220759       1.6860275       6.9847163        6.9847163       28.774047       28.774047
    0.030468301       21.353463       70.684994      0.71098368      0.99923426     -0.71021794       6.9847163        6.9847163       28.737493       28.737493
    0.030652448        21.34245       48.036966      0.79883369      0.36272871      -0.1615624       6.9847163        6.9847163       28.715467       28.715467
    0.030552899       21.340715       50.421814      0.20579634      0.20620014      0.58800352       6.9847163        6.9847163       28.711998       28.711998
    0.031076981       21.318719        69.82598        1.047219       1.6241916      -1.6714107       6.9847163        6.9847163       28.668006       28.668006
    0.033455383       21.239987       60.302952      0.23256913     -0.18777307      0.95520394       6.9847163        6.9847163       28.510541       28.510541
    0.033399435       21.236672       79.358335      0.98043394         1.91525      -1.8956839       6.9847163        6.9847163       28.503912       28.503912
    0.034745456       21.192176       70.680549       1.1154286       1.9417111      -2.0571396       6.9847163        6.9847163       28.414919       28.414919
    0.034899207       21.182773       57.814388      0.56434659      0.24241568      0.19323772       6.9847163        6.9847163       28.396113       28.396113
    0.034752543       21.181997        86.00919       0.7431426       1.5586159      -1.3017585       6.9847163        6.9847163       28.394561       28.394561
    0.034968445       21.170815       67.729235      0.43369947       0.4416415      0.12465903       6.9847163        6.9847163       28.372198       28.372198
    0.040160716       21.027385       75.899767      0.22177126      0.42041332      0.35781542       6.9847163        6.9847163       28.085337       28.085337
     0.04251509       20.965428       46.453604      0.37175225     -0.59162162       1.2198694       6.9847163        6.9847163       27.961423       27.961423
    0.042877344       20.951956          51.899      0.38940626      0.54835404     0.062239696       6.9847163        6.9847163       27.934479       27.934479
    0.043767736       20.926415       55.331268      0.71936218       1.1739046     -0.89326679       6.9847163        6.9847163       27.883397       27.883397
    0.044714203       20.900033       46.023289      0.17674023     -0.30444603       1.1277058       6.9847163        6.9847163       27.830633       27.830633
    0.046698252       20.851629       43.571601     0.021662297     -0.95539602       1.9337337       6.9847163        6.9847163       27.733826       27.733826
    0.046843957       20.843527       50.972295      0.87736801      0.95927139      -0.8366394       6.9847163        6.9847163       27.717621       27.717621
    0.048683613       20.800018       85.947006      0.15444126      0.77845227     0.067106466       6.9847163        6.9847163       27.630604       27.630604
    0.048458278        20.79967       72.543461       0.6665711       1.0032094      -0.6697805       6.9847163        6.9847163       27.629908       27.629908
    0.051646002       20.730974       47.895141      0.69068379      0.21756386     0.091752351       6.9847163        6.9847163       27.492515       27.492515
    0.052049704       20.718199       61.386934       1.0924362       1.4784892      -1.5709255       6.9847163        6.9847163       27.466966       27.466966
    0.053804149        20.68006        52.56201      0.93785414      0.85578279     -0.79363693       6.9847163        6.9847163       27.390688       27.390688
    0.054460909       20.662941       65.126082      0.75607313       1.5664293      -1.3225024       6.9847163        6.9847163       27.356449       27.356449
    0.055456478       20.639837       47.064972      0.18979714     -0.87480369       1.6850065       6.9847163        6.9847163       27.310242       27.310242
    0.056587365       20.614663       65.602743      0.49359664      0.47540874     0.030994616       6.9847163        6.9847163       27.259893       27.259893
    0.056811545       20.605721       45.569091      0.34580763     -0.56035678       1.2145491       6.9847163        6.9847163        27.24201        27.24201
    0.058529385       20.570944       57.778173      0.98602852       1.5306288      -1.5166574       6.9847163        6.9847163       27.172456       27.172456
    0.059853331       20.543588       58.165623        1.035417       1.2436201      -1.2790371       6.9847163        6.9847163       27.117744       27.117744
    0.060042037       20.535453       75.923498      0.58919824       1.5163108       -1.105509       6.9847163        6.9847163       27.101474       27.101474
    0.061023382       20.514253       88.785126       0.5317115       1.4469852     -0.97869671       6.9847163        6.9847163       27.059074       27.059074
    0.063067954        20.47631       89.783876      0.52357206       1.3788619     -0.90243396       6.9847163        6.9847163       26.983188       26.983188
    0.063164723       20.469789       81.629045      0.12046869      0.51191283      0.36761849       6.9847163        6.9847163       26.970146       26.970146
    0.063129322       20.465363       53.769576      0.98726607       1.1937839        -1.18105       6.9847163        6.9847163       26.961293       26.961293
    0.063235117       20.458701       50.087488      0.10823471    -0.021397964      0.91316326       6.9847163        6.9847163        26.94797        26.94797
    0.063027005        20.45701       88.481098      0.50591695       1.4133032      -0.9192202       6.9847163        6.9847163       26.944587       26.944587
    0.063661611       20.442004       84.587973      0.42277148       1.0013944     -0.42416591       6.9847163        6.9847163       26.914576       26.914576
    0.063812212       20.434654       48.353747      0.61736551      0.06210333      0.32053116       6.9847163        6.9847163       26.899875       26.899875
    0.064351866       20.421244       45.443739      0.34097741     -0.39605823       1.0550808       6.9847163        6.9847163       26.873056       26.873056
    0.064439794       20.414891       47.300725      0.49866018      0.15415321      0.34718661       6.9847163        6.9847163        26.86035        26.86035
    0.064231259       20.413145       54.287817      0.21291574     -0.47135668       1.2584409       6.9847163        6.9847163       26.856858       26.856858
    0.065341611       20.391019       46.371041      0.20978459     -0.28598615       1.0762016       6.9847163        6.9847163       26.812605       26.812605
    0.066382983       20.370219       62.672307     0.014247413      0.39155293      0.59419966       6.9847163        6.9847163       26.771006       26.771006
    0.066567335       20.362459        80.84502      0.22431254      0.97084614     -0.19515868       6.9847163        6.9847163       26.755485       26.755485
    0.069206639       20.318589        75.08675      0.34410958      0.58910583     0.066784591       6.9847163        6.9847163       26.667745       26.667745
    0.071078503       20.286912       46.528875      0.21888658      -0.7775191       1.5586325       6.9847163        6.9847163       26.604392       26.604392
    0.072828893       20.257598       68.768676     0.039704843      0.54725758      0.41303757       6.9847163        6.9847163       26.545763       26.545763
    0.077280988       20.193274       74.674243      0.91655002       1.8666283      -1.7831783       6.9847163        6.9847163       26.417116       26.417116
    0.078160094       20.176976       68.331137      0.29292785      0.96797443     -0.26090228       6.9847163        6.9847163        26.38452        26.38452
    0.080860691        20.13802       55.455365      0.52271241      0.12414666      0.35314093       6.9847163        6.9847163       26.306607       26.306607
    0.082940901       20.107631       52.409735      0.35049161      0.47913465      0.17037373       6.9847163        6.9847163        26.24583        26.24583
    0.083604383       20.094677       79.019635     0.059516019      0.35959872      0.58088526       6.9847163        6.9847163       26.219921       26.219921
    0.085987347       20.061584       55.783686      0.95654122       1.3379013      -1.2944425       6.9847163        6.9847163       26.153736       26.153736
    0.086672245       20.048664       80.951947      0.53471191       1.0717902     -0.60650209       6.9847163        6.9847163       26.127895       26.127895
    0.087131716       20.038389       85.838481       0.2106335      0.87737483    -0.088008332       6.9847163        6.9847163       26.107346       26.107346
    0.086992476       20.035001       60.618216      0.16774337      0.58273442      0.24952221       6.9847163        6.9847163       26.100569       26.100569
    0.089491732       20.001689       49.100413      0.13684787     -0.81176601       1.6749181       6.9847163        6.9847163       26.033945       26.033945
    0.094592528       19.941269       45.115388     0.013971819     -0.89174984        1.877778       6.9847163        6.9847163       25.913105       25.913105
    0.094225789       19.940165       51.526996      0.60194651       0.7083503     -0.31029681       6.9847163        6.9847163       25.910898       25.910898
    0.094663487       19.930544       60.274385      0.54722468      0.38145409     0.071321223       6.9847163        6.9847163       25.891655       25.891655
    0.096482032       19.906527       57.329512       1.0175815        1.419307      -1.4368885       6.9847163        6.9847163       25.843622       25.843622
    0.099233186       19.873425       73.512192      0.22306557      0.37511887      0.40181556       6.9847163        6.9847163       25.777417       25.777417
      0.0993179       19.867584       75.757952      0.89508656        1.570015      -1.4651016       6.9847163        6.9847163       25.765735       25.765735
     0.10044799       19.851282       49.352827      0.47394873      0.33740232      0.18864895       6.9847163        6.9847163       25.733131       25.733131
     0.10256718       19.825416        47.41219      0.20210326     -0.71840009       1.5162968       6.9847163        6.9847163         25.6814         25.6814
     0.10264726       19.819648       57.752936     0.025163671      0.23993745      0.73489888       6.9847163        6.9847163       25.669864       25.669864
     0.11598008       19.692541       64.151826      0.93342893       1.2644034      -1.1978323       6.9847163        6.9847163        25.41565        25.41565
     0.11593622       19.687932       49.220093      0.62381668      0.33531906     0.040864254       6.9847163        6.9847163       25.406431       25.406431
     0.11767793       19.668032       52.591324      0.83484288      0.76627995     -0.60112283       6.9847163        6.9847163       25.366632       25.366632
     0.12030175       19.640993       69.633142       1.0025425       1.8382307      -1.8407732       6.9847163        6.9847163       25.312554       25.312554
      0.1246603       19.600416         78.8698      0.18079935      0.86712875      -0.0479281       6.9847163        6.9847163         25.2314         25.2314
     0.12430235       19.598305       48.768877       0.2391387    -0.039633393       0.8004947       6.9847163        6.9847163       25.227177       25.227177
     0.12816359       19.562727       71.029124      0.21724063      0.86932131    -0.086561939       6.9847163        6.9847163       25.156021       25.156021
     0.12942062       19.547978       63.199122      0.19357889      0.68199046      0.12443065       6.9847163        6.9847163       25.126524       25.126524
     0.13435789       19.505552       56.219578      0.94826196       1.2794866      -1.2277485       6.9847163        6.9847163       25.041672       25.041672
     0.13878607       19.468137       54.071066      0.37897881      -0.1393481      0.76036929       6.9847163        6.9847163       24.966842       24.966842
     0.13877977       19.463195       78.493051      0.86261186       1.6207307      -1.4833426       6.9847163        6.9847163       24.956958       24.956958
      0.1423134       19.433065       52.186161      0.58193343      0.69736593     -0.27929936       6.9847163        6.9847163       24.896697       24.896697
     0.14582502       19.403701       52.418239      0.23936743      0.27566091      0.48497166       6.9847163        6.9847163        24.83797        24.83797
     0.14965651       19.372779       86.118184      0.38266872       1.0441432     -0.42681194       6.9847163        6.9847163       24.776125       24.776125
     0.15070359       19.360818       70.620513     0.099178382      0.11817688      0.78264474       6.9847163        6.9847163       24.752204       24.752204
     0.15423144       19.332692       50.135241      0.25465747     -0.49204845        1.237391       6.9847163        6.9847163       24.695952       24.695952
     0.16312488       19.271643       59.133178      0.10905922     -0.33688779       1.2278286       6.9847163        6.9847163       24.573853       24.573853
     0.16490149       19.255823       70.826208     0.066895649      0.59417052      0.33893383       6.9847163        6.9847163       24.542213       24.542213
     0.17393803       19.197484       79.895665     0.041914498       0.4481494       0.5099361       6.9847163        6.9847163       24.425536       24.425536
     0.17667936       19.176859       55.569899      0.46535682     0.093409553      0.44123362       6.9847163        6.9847163       24.384286       24.384286
     0.17890141       19.159373        72.33756     0.020537599       0.5181128       0.4613496       6.9847163        6.9847163       24.349314       24.349314
     0.18016595       19.147342       87.278759      0.46070342       1.2290404     -0.68974379       6.9847163        6.9847163       24.325252       24.325252
     0.18189904       19.132781       59.303435      0.31382199      0.73353629    -0.047358283       6.9847163        6.9847163        24.29613        24.29613
     0.18264514       19.123701        56.25075      0.92317152       1.1806655       -1.103837       6.9847163        6.9847163       24.277969       24.277969
       0.184796       19.107005       64.480171         0.66208       1.3838908      -1.0459708       6.9847163        6.9847163       24.244578       24.244578
     0.18532463       19.099161       76.224669     0.072057344      0.63615868      0.29178398       6.9847163        6.9847163        24.22889        24.22889
     0.18470941         19.0975       51.778624      0.63873825      0.66062618     -0.29936442       6.9847163        6.9847163       24.225567       24.225567
     0.18625392       19.084185       56.296571      0.56084403      0.29935468      0.13980129       6.9847163        6.9847163       24.198937       24.198937
      0.1886166       19.066591       72.934488      0.78494894        1.289486      -1.0744349       6.9847163        6.9847163        24.16375        24.16375
     0.18945466       19.057171       52.139887      0.36979328     -0.19184312      0.82204984       6.9847163        6.9847163        24.14491        24.14491
     0.19085259       19.044832       59.674042      0.40340778      0.87635983     -0.27976761       6.9847163        6.9847163       24.120231       24.120231
     0.19227428       19.032423       79.700808       0.7226543       1.6668316      -1.3894859       6.9847163        6.9847163       24.095413       24.095413
      0.1923223       19.027186       66.568939      0.97056601       1.7294613      -1.7000273       6.9847163        6.9847163       24.084939       24.084939
     0.19201314       19.023807       74.907767      0.71666647       1.2274452     -0.94411164       6.9847163        6.9847163       24.078181       24.078181
     0.19206391       19.018554       60.967089      0.87562268       1.0831144     -0.95873704       6.9847163        6.9847163       24.067676       24.067676
     0.19296193       19.008902       65.136467      0.84733348       1.6044145      -1.4517479       6.9847163        6.9847163       24.048372       24.048372
      0.1980755        18.97776       73.338362      0.26322593      0.45582821      0.28094586       6.9847163        6.9847163       23.986087       23.986087
      0.1980021       18.973142       50.883369       0.5282692      0.11389116      0.35783964       6.9847163        6.9847163       23.976852       23.976852
     0.19813356       18.967492       50.807268     0.044104808     -0.18119762       1.1370928       6.9847163        6.9847163       23.965551       23.965551
     0.20083176       18.948978        73.95716      0.46327938      0.77605846     -0.23933783       6.9847163        6.9847163       23.928523       23.928523
     0.20064279       18.944932       85.389918      0.28757857      0.98141277     -0.26899133       6.9847163        6.9847163       23.920431       23.920431
       0.200271       18.941798       56.151075      0.16681548     -0.36221502       1.1953995       6.9847163        6.9847163       23.914164       23.914164
     0.19990718       18.938629       59.700368      0.86697913       1.0337789       -0.900758       6.9847163        6.9847163       23.907826       23.907826
     0.20152398       18.925586       50.021532     0.015023621     -0.30444104       1.2894174       6.9847163        6.9847163        23.88174        23.88174
       0.203122         18.9127       67.613901      0.98983626       1.5854928      -1.5753291       6.9847163        6.9847163       23.855968       23.855968
     0.20652932       18.891078       73.894017      0.53472492        1.381073     -0.91579796       6.9847163        6.9847163       23.812723       23.812723
     0.21558401       18.843181       65.297721       0.4783868       1.1498252       -0.628212       6.9847163        6.9847163        23.71693        23.71693
     0.22597726        18.79111       60.171034       0.8087135        0.932589      -0.7413025       6.9847163        6.9847163       23.612788       23.612788
     0.22962829       18.770096       83.049814      0.45146182       1.3069816     -0.75844343       6.9847163        6.9847163       23.570759       23.570759
      0.2297336       18.764649       57.214582      0.79869627      0.83231769     -0.63101397       6.9847163        6.9847163       23.559866       23.559866
     0.22918754       18.762041       75.231037      0.61899386       1.0761516     -0.69514541       6.9847163        6.9847163        23.55465        23.55465
     0.23007313       18.753198       71.376038      0.25795589      0.38840677      0.35363734       6.9847163        6.9847163       23.536963       23.536963
     0.23007572       18.748198       69.058096      0.98632755       1.7326193      -1.7189468       6.9847163        6.9847163       23.526964       23.526964
     0.24170208       18.693913       79.100525      0.84343983        1.719248      -1.5626878       6.9847163        6.9847163       23.418394       23.418394
     0.24690152       18.667643       54.804927      0.19077269     -0.36188636       1.1711137       6.9847163        6.9847163       23.365853       23.365853
     0.24964424       18.651607       79.605841      0.74233324       1.6709698      -1.4133031       6.9847163        6.9847163       23.333782       23.333782
     0.25663177       18.619014       56.677237      0.85876357       1.0098177     -0.86858129       6.9847163        6.9847163       23.268596       23.268596
      0.2696123       18.564685       70.690929      0.53100277      0.79178178     -0.32278455       6.9847163        6.9847163       23.159937       23.159937
     0.29502244       18.469631       56.835926      0.65082436      0.53787236     -0.18869673       6.9847163        6.9847163       22.969829       22.969829
     0.30908331       18.418084       51.553084      0.25818157       0.1434688      0.59834963       6.9847163        6.9847163       22.866735       22.866735
     0.30887955       18.413756       68.036105      0.86286291       1.6569805      -1.5198434       6.9847163        6.9847163       22.858079       22.858079
     0.32247689       18.365688       71.936939      0.80508576       1.6685441      -1.4736298       6.9847163        6.9847163       22.761943       22.761943
     0.32459145       18.354165       57.846032      0.13548087      0.35972525      0.50479388       6.9847163        6.9847163       22.738897       22.738897
      0.3344668       18.319206       52.901351      0.48432407      0.53780535    -0.022129419       6.9847163        6.9847163        22.66898        22.66898
     0.33383734       18.316102       61.734633      0.79667966       1.4076582      -1.2043379       6.9847163        6.9847163       22.662772       22.662772
     0.33826025       18.297953       56.635059      0.79275269       1.1118311      -0.9045838       6.9847163        6.9847163       22.626474       22.626474
     0.34427196        18.27535       85.540953      0.43256556       1.1706907     -0.60325626       6.9847163        6.9847163       22.581267       22.581267
     0.34541355       18.267052       57.647512      0.86375381       1.1727542       -1.036508       6.9847163        6.9847163       22.564671       22.564671
     0.34589202        18.26068       58.506249      0.84578593       1.0366627     -0.88244858       6.9847163        6.9847163       22.551928       22.551928
     0.34525392       18.257538       57.358538      0.80487465       1.1699347      -0.9748093       6.9847163        6.9847163       22.545644       22.545644
     0.35020571        18.23831       80.433171      0.44502494      0.97839945     -0.42342439       6.9847163        6.9847163       22.507188       22.507188
     0.35079403       18.231645       66.216242       0.2450325        0.795014    -0.040046502       6.9847163        6.9847163       22.493857       22.493857
      0.3510497       18.225929        58.62167      0.87123878       1.1241327     -0.99537146       6.9847163        6.9847163       22.482425       22.482425
     0.35081184       18.221619       80.345537      0.61177932       1.2457944     -0.85757369       6.9847163        6.9847163       22.473805       22.473805
     0.35411681       18.207255       64.824787      0.95988271       1.5250457      -1.4849284       6.9847163        6.9847163       22.445077       22.445077
     0.36155488        18.18148       59.605547      0.16252878      0.46711584      0.37035538       6.9847163        6.9847163       22.393527       22.393527
     0.36142646       18.176848       64.260278      0.29558849      0.82724513     -0.12283362       6.9847163        6.9847163       22.384263       22.384263
      0.3623281       18.169369       85.049803      0.37969857       1.0944264     -0.47412498       6.9847163        6.9847163       22.369305       22.369305
     0.36060863       18.169138       83.462965      0.26319427      0.89217213      -0.1553664       6.9847163        6.9847163       22.368843       22.368843
     0.35924477        18.16794       50.574961      0.26181892     -0.28764075       1.0258218       6.9847163        6.9847163       22.366447       22.366447
     0.36961296       18.134499       51.505517      0.29621574     -0.22187679      0.92566105       6.9847163        6.9847163       22.299566       22.299566
     0.37215553       18.122656       49.524273      0.12531396     -0.48334342       1.3580295       6.9847163        6.9847163        22.27588        22.27588
     0.39079151       18.068807       75.977304      0.79730882       1.6830154      -1.4803242       6.9847163        6.9847163       22.168181       22.168181
     0.40095839       18.038136       54.185269      0.28952263      0.37056344      0.33991393       6.9847163        6.9847163       22.106839       22.106839
     0.40267035       18.028888       55.426235      0.21216121      0.33763604      0.45020276       6.9847163        6.9847163       22.088343       22.088343
      0.4026753       18.023887       57.675275      0.81409427       1.1572788     -0.97137306       6.9847163        6.9847163       22.078342       22.078342
     0.40361691       18.016565       65.176857      0.41391793      0.43619399      0.14988808       6.9847163        6.9847163       22.063697       22.063697
     0.41439838       17.985216        49.97771     0.078059602      -0.3798753       1.3018157       6.9847163        6.9847163       22.000999       22.000999
     0.42149091       17.963257       65.036817       0.3922618      0.39909196      0.20864624       6.9847163        6.9847163       21.957082       21.957082
     0.42903662       17.940526       53.844997      0.53754433      0.63299154     -0.17053587       6.9847163        6.9847163        21.91162        21.91162
     0.42761861       17.938849       51.568621      0.12536422     -0.49441147       1.3690472       6.9847163        6.9847163       21.908266       21.908266
     0.42747483       17.934197       73.335055      0.16512402      0.36164059       0.4732354       6.9847163        6.9847163       21.898962       21.898962
     0.42674852       17.930911       54.484198      0.60580005      0.75219125      -0.3579913       6.9847163        6.9847163       21.892389       21.892389
     0.42479689       17.930506       51.458614     0.057594235     -0.60567045       1.5480762       6.9847163        6.9847163        21.89158        21.89158
     0.42405152       17.927276       50.439522     0.089914735     -0.29936492       1.2094502       6.9847163        6.9847163       21.885119       21.885119
     0.42207012       17.926972         53.8684      0.42765138     0.086917917      0.48543071       6.9847163        6.9847163       21.884511       21.884511
      0.4304734       17.902269       72.732094      0.42433105      0.71331089     -0.13764194       6.9847163        6.9847163       21.835106       21.835106
     0.42961365       17.899282       57.148704      0.41597197       0.1597375      0.42429053       6.9847163        6.9847163       21.829131       21.829131
     0.43207431       17.888583       57.713957      0.33740039     0.046826524      0.61577309       6.9847163        6.9847163       21.807733       21.807733
     0.43182562       17.884171       50.741676      0.15446477     -0.42930838       1.2748436       6.9847163        6.9847163        21.79891        21.79891
     0.43433725       17.873384       51.170641      0.28065359     -0.19295244      0.91229885       6.9847163        6.9847163       21.777335       21.777335
     0.43476553        17.86741       69.047556       0.6243801        1.397464      -1.0218441       6.9847163        6.9847163       21.765388       21.765388
     0.44481668       17.839568       69.049227       0.9053704        1.654179      -1.5595494       6.9847163        6.9847163       21.709703       21.709703
     0.44319462       17.838233       81.960957       0.5363384       1.3962151     -0.93255351       6.9847163        6.9847163       21.707034       21.707034
     0.44312514       17.833402       49.973982     0.017632443     -0.57366438       1.5560319       6.9847163        6.9847163       21.697372       21.697372
     0.44853733       17.816275       73.475608      0.18949058      0.40358361      0.40692581       6.9847163        6.9847163       21.663118       21.663118
     0.44729044       17.814071       74.652926      0.66631632       1.1784264     -0.84474274       6.9847163        6.9847163        21.65871        21.65871
     0.44989967       17.803268       64.204671      0.83806142       1.1943071      -1.0323686       6.9847163        6.9847163       21.637103       21.637103
     0.47112152       17.752189       60.301302       0.5647884      0.53781757     -0.10260597       6.9847163        6.9847163       21.534945       21.534945
     0.47763872       17.733463         81.8112      0.32349224      0.88256998     -0.20606221       6.9847163        6.9847163       21.497493       21.497493
     0.47526954       17.733448       66.256581      0.85680003       1.5665376      -1.4233377       6.9847163        6.9847163       21.497463       21.497463
     0.48440225       17.709427       59.886376     0.056355998     -0.29035722       1.2340012       6.9847163        6.9847163       21.449421       21.449421
     0.48559758       17.701974       62.895389      0.66646868      0.81135356     -0.47782224       6.9847163        6.9847163       21.434516       21.434516
     0.49154981       17.684804       50.929912        0.220067     -0.23556773       1.0155007       6.9847163        6.9847163       21.400176       21.400176
     0.49594353       17.670918       74.104069      0.66973811       1.5222101      -1.1919482       6.9847163        6.9847163       21.372403       21.372403
     0.49948543       17.658814       51.226779     0.010116035     -0.62762462       1.6175086       6.9847163        6.9847163       21.348195       21.348195
     0.49773613       17.657334       74.445789      0.66300405       1.5173601      -1.1803642       6.9847163        6.9847163       21.345236       21.345236
     0.49590047       17.656041       76.504564      0.10020201      0.42298536      0.47681263       6.9847163        6.9847163        21.34265        21.34265
     0.49781866       17.647193       73.119498      0.13178382      0.32442099      0.54379519       6.9847163        6.9847163       21.324954       21.324954
     0.49568184       17.646508       69.623753      0.89536383       1.6390029      -1.5343667       6.9847163        6.9847163       21.323583       21.323583
     0.49323399        17.64647       58.070422      0.75588016       1.1168852      -0.8727654       6.9847163        6.9847163       21.323508       21.323508
     0.49587615        17.63614       60.718399      0.37999044      0.24149951      0.37851005       6.9847163        6.9847163       21.302848       21.302848
      0.4941355       17.634669       55.756778     0.083523825     -0.40667898       1.3231552       6.9847163        6.9847163       21.299906       21.299906
      0.4932124       17.631551       60.818783      0.50439329      0.45549898     0.040107736       6.9847163        6.9847163        21.29367        21.29367
     0.50040849       17.612079        50.72798      0.11179044     -0.33777842        1.225988       6.9847163        6.9847163       21.254726       21.254726
      0.5045067       17.598936       77.943573      0.77931285       1.6307061      -1.4100189       6.9847163        6.9847163       21.228439       21.228439
     0.50339364       17.596157       65.959085     0.087590962      0.49772203        0.414687       6.9847163        6.9847163       21.222881       21.222881
     0.50137826       17.595181       73.216641        0.459968      0.79645927     -0.25642727       6.9847163        6.9847163       21.220929       21.220929
      0.5004733          17.592       57.669482      0.54803576      0.89800553     -0.44604129       6.9847163        6.9847163       21.214567       21.214567
     0.49834772       17.591269        60.49527      0.24241987      0.60073936      0.15684076       6.9847163        6.9847163       21.213105       21.213105
     0.49808023       17.586817       51.728325      0.26130446     0.030670539        0.708025       6.9847163        6.9847163       21.204202       21.204202
     0.50194621       17.574098       69.739907      0.58884205      0.89844531     -0.48728737       6.9847163        6.9847163       21.178764       21.178764
     0.50057831       17.571839       80.788572      0.30516928      0.82783486     -0.13300414       6.9847163        6.9847163       21.174246       21.174246
     0.51097864       17.546289       68.929632      0.57635448      0.85235422      -0.4287087       6.9847163        6.9847163       21.123145       21.123145
     0.52630155       17.511754       76.167154      0.38894777      0.78570446     -0.17465222       6.9847163        6.9847163       21.054076       21.054076
     0.52876428       17.502098        83.42679      0.53128871       1.2709803     -0.80226898       6.9847163        6.9847163       21.034764       21.034764
     0.53153875       17.491878        80.51852      0.48721168       1.0785538     -0.56576545       6.9847163        6.9847163       21.014323       21.014323
     0.53965743       17.471732       56.047087       0.3463328     0.041508427      0.61215878       6.9847163        6.9847163       20.974031       20.974031
     0.55122111       17.445542       81.456395      0.30227743      0.99954352     -0.30182095       6.9847163        6.9847163       20.921652       20.921652
     0.54848411       17.445532       51.514199     0.021140618     -0.55903998       1.5378994       6.9847163        6.9847163       20.921632       20.921632
     0.54669763       17.443808       71.610334      0.56725689      0.92674833     -0.49400522       6.9847163        6.9847163       20.918183       20.918183
     0.54829164       17.435908       68.268825       0.1393411      0.16562353      0.69503537       6.9847163        6.9847163       20.902384       20.902384
     0.54758995       17.432202       81.999132      0.53894617       1.2206965     -0.75964265       6.9847163        6.9847163       20.894971       20.894971
     0.54914257       17.424383       56.996452    0.0042738396     0.042892775      0.95283339       6.9847163        6.9847163       20.879333       20.879333
     0.54658395       17.424066       54.359096      0.49260681      0.29793572      0.20945747       6.9847163        6.9847163       20.878699       20.878699
     0.55541028       17.403059       69.378964      0.47220965      0.70016952     -0.17237917       6.9847163        6.9847163       20.836685       20.836685
     0.55314025       17.402166       63.582155      0.81389349       1.4247984      -1.2386919       6.9847163        6.9847163         20.8349         20.8349
     0.55290945       17.397596       65.799311      0.26136895      0.25147818      0.48715287       6.9847163        6.9847163        20.82576        20.82576
     0.55820578       17.383076       58.289146      0.67993275      0.74462736     -0.42456011       6.9847163        6.9847163       20.796719       20.796719
     0.56215845       17.371032        55.51043      0.43270078      0.59649503    -0.029195809       6.9847163        6.9847163       20.772632       20.772632
     0.55988323         17.3701       58.407355      0.31280521      0.60693616     0.080258627       6.9847163        6.9847163       20.770768       20.770768
     0.56716069       17.352198       67.286126      0.88242467       1.5560046      -1.4384292       6.9847163        6.9847163       20.734963       20.734963
     0.56557194       17.350015       62.430172      0.19941245     0.038458409      0.76212914       6.9847163        6.9847163       20.730598       20.730598
     0.56526961       17.345563       52.678258     0.046763512     -0.50936608       1.4626026       6.9847163        6.9847163       20.721693       20.721693
     0.57809226       17.318144       60.820569      0.62034153      0.68837463     -0.30871616       6.9847163        6.9847163       20.666856       20.666856
     0.57839765       17.312628       65.236871      0.11244027     0.021658395      0.86590134       6.9847163        6.9847163       20.655824       20.655824
     0.58282753       17.300011       83.046098      0.38257866       1.0580988     -0.44067747       6.9847163        6.9847163        20.63059        20.63059
     0.58486529       17.291534       61.907349      0.40645096      0.34732319      0.24622585       6.9847163        6.9847163       20.613635       20.613635
      0.5843208       17.287478       60.844481      0.78910573       1.2679208      -1.0570265       6.9847163        6.9847163       20.605523       20.605523
     0.58985065       17.273071        56.04339      0.22750973     -0.13861725      0.91110752       6.9847163        6.9847163       20.576709       20.576709
     0.59656058       17.256772       62.399596      0.48791319      0.50278493    0.0093018808       6.9847163        6.9847163       20.544111       20.544111
     0.60497391        17.23778       60.259708      0.35454288      0.74401863    -0.098561509       6.9847163        6.9847163       20.506127       20.506127
     0.60234362        17.23715       51.992631      0.13952595     -0.17765369       1.0381277       6.9847163        6.9847163       20.504867       20.504867
     0.60264459       17.231662       62.475511      0.85063081       1.2857985      -1.1364293       6.9847163        6.9847163       20.493892       20.493892
     0.60486889        17.22299       59.612592      0.18604322       0.4563985      0.35755828       6.9847163        6.9847163       20.476548       20.476548
     0.60315577        17.22084       59.856671      0.74203574       1.1771337     -0.91916948       6.9847163        6.9847163       20.472247       20.472247
     0.60530446       17.212296       61.936944      0.84232968       1.2957506      -1.1380803       6.9847163        6.9847163        20.45516        20.45516
     0.60581002       17.206473       67.492621      0.64230911      0.93995549     -0.58226461       6.9847163        6.9847163       20.443514       20.443514
     0.60362659       17.205096        60.94216      0.34476935      0.21888741      0.43634323       6.9847163        6.9847163        20.44076        20.44076
     0.60938261       17.190619       71.244474      0.13380169      0.64996879      0.21622952       6.9847163        6.9847163       20.411805       20.411805
     0.60844615       17.187169       72.027744      0.78171866       1.3553646      -1.1370832       6.9847163        6.9847163       20.404906       20.404906
     0.62223895       17.159765       73.268544      0.75710453       1.3447864      -1.1018909       6.9847163        6.9847163       20.350098       20.350098
     0.61919714       17.159679        73.49434      0.74918377        1.335486      -1.0846698       6.9847163        6.9847163       20.349925       20.349925
     0.62099866       17.151786       70.914437      0.35319112      0.57597455     0.070834325       6.9847163        6.9847163       20.334139       20.334139
     0.62851468       17.134768       71.507992      0.44000398       0.7294516     -0.16945558       6.9847163        6.9847163       20.300103       20.300103
     0.63434828       17.120541       80.469234      0.67502978       1.4641255      -1.1391553       6.9847163        6.9847163        20.27165        20.27165
     0.64471748       17.099339       70.426963       0.1664715      0.29701899      0.53650951       6.9847163        6.9847163       20.229246       20.229246
     0.64257313       17.097684       76.375738       0.1780691      0.53203465      0.28989626       6.9847163        6.9847163       20.225935       20.225935
     0.63987142        17.09691         76.5916      0.70633652       1.3560886      -1.0624252       6.9847163        6.9847163       20.224387       20.224387
     0.64338287        17.08645        76.49201      0.49955965       1.3012206      -0.8007803       6.9847163        6.9847163       20.203467       20.203467
     0.64076336       17.085542       65.644023      0.82891704       1.4743004      -1.3032174       6.9847163        6.9847163       20.201651       20.201651
     0.64462546       17.074545       63.442597      0.46722402      0.51277212     0.020003855       6.9847163        6.9847163       20.179657       20.179657
     0.64897374       17.062835       75.350747      0.38390441       1.1170588     -0.50096321       6.9847163        6.9847163       20.156237       20.156237
     0.64862114        17.05839       61.538584      0.74140492       1.2529656     -0.99437049       6.9847163        6.9847163       20.147348       20.147348
     0.65544417       17.042938       77.108968       0.1547744      0.54458522      0.30064039       6.9847163        6.9847163       20.116444       20.116444
     0.66127863       17.029089       53.725773      0.19058344     0.077849464      0.73156709       6.9847163        6.9847163       20.088746       20.088746
     0.67148594       17.008784       80.704605      0.61660307       1.3424551     -0.95905816       6.9847163        6.9847163       20.048135       20.048135
     0.67024311       17.005648       55.513787      0.12963831      0.13059169         0.73977       6.9847163        6.9847163       20.041864       20.041864
     0.67635349       16.991586        56.81687      0.46834477      0.33100345      0.20065178       6.9847163        6.9847163       20.013739       20.013739
     0.68594849       16.972512       70.781575      0.82460411       1.5759359        -1.40054       6.9847163        6.9847163       19.975591       19.975591
     0.69059989       16.960765       57.582223      0.31457628     0.079142112      0.60628161       6.9847163        6.9847163       19.952098       19.952098
     0.68935206       16.957587       70.406927      0.18856642      0.72911855     0.082315036       6.9847163        6.9847163       19.945741       19.945741
      0.6983691       16.939604       56.396783     0.093481006     -0.30295224       1.2094712       6.9847163        6.9847163       19.909775       19.909775
     0.70419919       16.926303       55.778189      0.09846778     -0.31161544       1.2131477       6.9847163        6.9847163       19.883173       19.883173
     0.70529322       16.919762       61.994655      0.28429109      0.68746035     0.028248565       6.9847163        6.9847163       19.870092       19.870092
     0.71292348       16.904015       79.782495      0.57613057       1.2335643     -0.80969488       6.9847163        6.9847163       19.838597       19.838597
     0.71445602        16.89688       59.135021       0.4547629      0.37006963      0.17516747       6.9847163        6.9847163       19.824327       19.824327
     0.71682159       16.888587       66.924142      0.16672774       0.6278002      0.20547206       6.9847163        6.9847163       19.807741       19.807741
     0.71493057        16.88624       75.100487      0.19138193      0.77480697     0.033811097       6.9847163        6.9847163       19.803048       19.803048
     0.71716849       16.878127       71.189471      0.17143933      0.34218629      0.48637439       6.9847163        6.9847163       19.786822       19.786822
     0.71625525       16.874414        58.82432      0.72188078      0.98687714     -0.70875792       6.9847163        6.9847163       19.779396       19.779396
     0.71449545       16.871887       63.432437      0.61157406      0.78030456     -0.39187863       6.9847163        6.9847163       19.774342       19.774342
     0.71703703       16.863349       74.794345      0.77206948       1.4617734      -1.2338428       6.9847163        6.9847163       19.757265       19.757265
     0.71396768       16.862651        81.79572       0.3528686       1.0196257     -0.37249433       6.9847163        6.9847163       19.755869       19.755869
     0.71138046       16.861293       63.211239      0.55885029      0.67790919     -0.23675948       6.9847163        6.9847163       19.753154       19.753154
     0.71291338       16.854153       62.325119      0.15487346      0.48507088      0.36005566       6.9847163        6.9847163       19.738874       19.738874
     0.71534653       16.845759       60.063612      0.67722589      0.83323847     -0.51046436       6.9847163        6.9847163       19.722085       19.722085
     0.71512073       16.841087       65.579283      0.24797855       0.2524606      0.49956084       6.9847163        6.9847163       19.712741       19.712741
     0.72355835       16.824369       66.393751      0.13843779      0.56401927      0.29754293       6.9847163        6.9847163       19.679306       19.679306
     0.72277534       16.820464       65.839119      0.10152548     0.057318597      0.84115592       6.9847163        6.9847163       19.671496       19.671496
     0.72238181       16.816021       78.940213      0.28938477       0.9572504     -0.24663517       6.9847163        6.9847163        19.66261        19.66261
     0.73342079       16.795868       61.006892      0.11594265      0.36960616      0.51445118       6.9847163        6.9847163       19.622304       19.622304
     0.73750346       16.785329        55.45777      0.11226182     -0.28089062       1.1686288       6.9847163        6.9847163       19.601226       19.601226
     0.73568145       16.782816       60.550616      0.60871344      0.70483635     -0.31354978       6.9847163        6.9847163       19.596199       19.596199
     0.74082618       16.770859       60.844214      0.73479883      0.99513388     -0.72993271       6.9847163        6.9847163       19.572286       19.572286
     0.76087749       16.739166       55.365986      0.49138699      0.44860382     0.060009183       6.9847163        6.9847163       19.508899       19.508899
     0.76245688       16.732105       53.252311     0.046566442     -0.32494298       1.2783765       6.9847163        6.9847163       19.494777       19.494777
     0.77793527       16.707019       55.999109      0.31317732     0.068094681        0.618728       6.9847163        6.9847163       19.444606       19.444606
     0.77437212       16.706622       62.365317     0.017398409     -0.17693274       1.1595343       6.9847163        6.9847163       19.443812       19.443812
     0.77311908       16.703255       57.169507      0.26824738      0.42407595      0.30767668       6.9847163        6.9847163       19.437077       19.437077
     0.77341951       16.697879        78.36731      0.22385255       0.6969397     0.079207746       6.9847163        6.9847163       19.426325       19.426325
      0.7729194       16.693538       70.146791      0.47978134       1.1795761     -0.65935739       6.9847163        6.9847163       19.417644       19.417644
     0.77275602       16.688761       66.803189      0.70853008       1.0783382     -0.78686826       6.9847163        6.9847163        19.40809        19.40809
     0.78250254        16.67124       59.238161       0.2159755      0.45311461      0.33090989       6.9847163        6.9847163       19.373048       19.373048
     0.78333327       16.665191       55.143673      0.10061378     -0.28642137       1.1858076       6.9847163        6.9847163        19.36095        19.36095
     0.78170551       16.662284       56.543804      0.47435832          0.3866      0.13904167       6.9847163        6.9847163       19.355136       19.355136
     0.79791213       16.636776       56.706661      0.56322085      0.60848327     -0.17170412       6.9847163        6.9847163        19.30412        19.30412
     0.80545218       16.622384       70.035109      0.66081649       1.0855675     -0.74638395       6.9847163        6.9847163       19.275335       19.275335
     0.80456612       16.618496       67.712564      0.47791803       1.1248569     -0.60277495       6.9847163        6.9847163        19.26756        19.26756
     0.81260958       16.603562       58.602258      0.46712982      0.77282418       -0.239954       6.9847163        6.9847163       19.237691       19.237691
     0.81442956       16.596337       65.697173      0.80014652       1.2751133      -1.0752598       6.9847163        6.9847163       19.223241       19.223241
     0.81514701       16.590468       59.148309       0.5687711      0.91962162     -0.48839273       6.9847163        6.9847163       19.211504       19.211504
     0.82200385       16.577104       54.542859      0.27723908     0.031129221       0.6916317       6.9847163        6.9847163       19.184776       19.184776
      0.8306101       16.561702       67.144617      0.22990743      0.29601366      0.47407891       6.9847163        6.9847163       19.153971       19.153971
     0.83674053        16.54936       73.613565      0.49652861       1.2487018     -0.74523046       6.9847163        6.9847163       19.129288       19.129288
     0.83344151       16.548324       63.202024      0.46652221      0.53691334   -0.0034355501       6.9847163        6.9847163       19.127215       19.127215
      0.8341872       16.542442       68.631341      0.15276584      0.24363769      0.60359647       6.9847163        6.9847163       19.115451       19.115451
     0.83350137       16.538276       54.518844      0.31215273      0.20625092      0.48159636       6.9847163        6.9847163        19.10712        19.10712
     0.83558128       16.530797       61.822371      0.71978604       1.1911474     -0.91093348       6.9847163        6.9847163       19.092161       19.092161
     0.86844339       16.487234       54.445655      0.23006429     0.094653082      0.67528263       6.9847163        6.9847163       19.005036       19.005036
     0.87530282       16.474379        55.10743     0.053717919     -0.31973611       1.2660182       6.9847163        6.9847163       18.979326       18.979326
     0.87895991       16.465222       80.407905      0.55910988       1.3412607      -0.9003706       6.9847163        6.9847163       18.961012       18.961012
     0.87712755       16.462322       63.866103       0.2838674      0.26931219      0.44682041       6.9847163        6.9847163       18.955211       18.955211
     0.87513679       16.459607       54.288856      0.04585595     -0.29749877       1.2516428       6.9847163        6.9847163       18.949781       18.949781
     0.87474609       16.455066       71.315371      0.59033805       1.3378756     -0.92821366       6.9847163        6.9847163       18.940699       18.940699
     0.87878106       16.445476       57.571619      0.48562031      0.70547081     -0.19109112       6.9847163        6.9847163        18.92152        18.92152
       0.874711        16.44513       67.541209      0.04249032     0.072340153      0.88516953       6.9847163        6.9847163       18.920828       18.920828
     0.88417596        16.42938       62.174633      0.74271629       1.1961584     -0.93887472       6.9847163        6.9847163       18.889328       18.889328
     0.88855921       16.419448       76.742407      0.21060725      0.63044404      0.15894871       6.9847163        6.9847163       18.869463       18.869463
      0.9101722       16.390427       57.710188      0.28241157      0.44903415      0.26855428       6.9847163        6.9847163       18.811422       18.811422
     0.92247878        16.37201       64.546642      0.59781431       1.1809537     -0.77876804       6.9847163        6.9847163       18.774587       18.774587
      0.9333924       16.355261       77.560818      0.28039397      0.91654879     -0.19694276       6.9847163        6.9847163       18.741089       18.741089
     0.93989964       16.343325       67.585213      0.24646049      0.34700708      0.40653243       6.9847163        6.9847163       18.717218       18.717218
     0.93685163       16.341586       56.543982      0.32308741      0.14504466      0.53186793       6.9847163        6.9847163        18.71374        18.71374
     0.93981999       16.333436       55.400021      0.21581131      0.16027815      0.62391054       6.9847163        6.9847163       18.697439       18.697439
     0.94196537       16.326167       69.156307      0.35942419       0.5670919     0.073483912       6.9847163        6.9847163       18.682902       18.682902
     0.93770572       16.325712       76.247866      0.66694711       1.3209729        -0.98792       6.9847163        6.9847163       18.681992       18.681992
     0.93677824       16.321714       56.453687      0.46365676      0.44870279     0.087640446       6.9847163        6.9847163       18.673996       18.673996
     0.93502272       16.318603       72.816498      0.38395252      0.72331532     -0.10726784       6.9847163        6.9847163       18.667773       18.667773
     0.94366412       16.304416       70.338515       0.5519064      0.91682383     -0.46873023       6.9847163        6.9847163       18.639399       18.639399
     0.94293929       16.300197       69.110709      0.14214981      0.26179724      0.59605295       6.9847163        6.9847163       18.630961       18.630961
     0.94018448       16.298135       63.313957      0.47973831      0.58034422    -0.060082534       6.9847163        6.9847163       18.626838       18.626838
     0.93693394        16.29661        60.79285      0.58497725       0.7128642     -0.29784146       6.9847163        6.9847163       18.623788       18.623788
     0.93483909       16.293862       79.141437      0.30867826      0.94967538     -0.25835364       6.9847163        6.9847163       18.618291       18.618291
     0.93422634       16.289529       72.192553     0.022823852      0.33035516      0.64682099       6.9847163        6.9847163       18.609626       18.609626
     0.93330608       16.285528       76.492598      0.26327446      0.68709372     0.049631814       6.9847163        6.9847163       18.601623       18.601623
     0.93779881       16.275738       67.392271       0.5245759      0.78138451     -0.30596041       6.9847163        6.9847163       18.582043       18.582043
     0.94370274       16.264474        74.21657      0.74095305       1.4874262      -1.2283793       6.9847163        6.9847163       18.559516       18.559516
     0.94184094       16.261462       73.982732      0.19802636      0.51364579      0.28832785       6.9847163        6.9847163       18.553491       18.553491
     0.94398196       16.254203       58.076465      0.12207068      0.20454672      0.67338261       6.9847163        6.9847163       18.538974       18.538974
     0.94188318       16.251442       61.294994      0.70750758       1.0431424     -0.75064993       6.9847163        6.9847163       18.533452       18.533452
     0.94374202       16.244483       73.747146      0.74668303       1.4847439      -1.2314269       6.9847163        6.9847163       18.519533       18.519533
     0.93940075       16.244106       61.951032      0.05317511     -0.10901001       1.0558349       6.9847163        6.9847163       18.518779       18.518779
     0.93808621       16.240519       64.038751      0.63879781      0.89940587     -0.53820368       6.9847163        6.9847163       18.511605       18.511605
     0.93919043       16.234355       59.634676     0.010981407     -0.24119489       1.2302135       6.9847163        6.9847163       18.499277       18.499277
     0.93612376       16.232638       64.300175      0.51575329      0.67662069     -0.19237398       6.9847163        6.9847163       18.495843       18.495843
     0.93229294       16.231751       76.273793       0.1912326      0.72809596     0.080671441       6.9847163        6.9847163       18.494069       18.494069
     0.93091098       16.228246       66.297698      0.67251325       1.3075059     -0.98001915       6.9847163        6.9847163        18.48706        18.48706
     0.92753948       16.226887       68.256513      0.72549985       1.4067125      -1.1322124       6.9847163        6.9847163       18.484342       18.484342
      0.9290279       16.220297       68.475819      0.50715525       1.1642396     -0.67139486       6.9847163        6.9847163       18.471161       18.471161
     0.92812392       16.216283       56.432191      0.16398369      0.15716802      0.67884828       6.9847163        6.9847163       18.463133       18.463133
      0.9307284       16.208492       64.409496      0.19373379      0.17112141       0.6351448       6.9847163        6.9847163       18.447552       18.447552
     0.93658734        16.19723       62.285553      0.11851636   -0.0062726788      0.88775632       6.9847163        6.9847163       18.425027       18.425027
     0.93956459       16.189069       68.659106      0.51673708       1.1796731     -0.69641022       6.9847163        6.9847163       18.408705       18.408705
     0.94193853       16.181558       61.209556      0.67684426      0.95092163     -0.62776589       6.9847163        6.9847163       18.393683       18.393683
      0.9395646       16.179093       71.668468      0.72190247       1.4632724      -1.1851748       6.9847163        6.9847163       18.388754       18.388754
     0.94987991       16.163187       79.520377      0.33066032      0.96219802     -0.29285834       6.9847163        6.9847163       18.356942       18.356942
     0.95286676        16.15506       61.570967      0.53936332      0.97803387     -0.51739719       6.9847163        6.9847163       18.340688       18.340688
     0.96814211       16.134168       62.687855      0.72526915       1.1214718     -0.84674091       6.9847163        6.9847163       18.298904       18.298904
     0.96590664       16.131493       67.017488      0.24925892      0.34410578       0.4066353       6.9847163        6.9847163       18.293553       18.293553
     0.97229708       16.119911       60.021944      0.61717737      0.95072396     -0.56790133       6.9847163        6.9847163       18.270389       18.270389
      0.9692197       16.118094        57.80487        0.217471       0.0161209       0.7664081       6.9847163        6.9847163       18.266755       18.266755
     0.96961651       16.112697       64.865564      0.64164035      0.93743763     -0.57907798       6.9847163        6.9847163       18.255961       18.255961
     0.97362571       16.103583        67.28552    0.0024234114     0.048211573      0.94936502       6.9847163        6.9847163       18.237733       18.237733
     0.97258769       16.099662       56.455868      0.36434555      0.27903617      0.35661829       6.9847163        6.9847163       18.229891       18.229891
      0.9711527       16.096151       61.469543      0.29383027      0.63349442     0.072675311       6.9847163        6.9847163        18.22287        18.22287
     0.96714767       16.095296       77.597985      0.26999593      0.87328502     -0.14328095       6.9847163        6.9847163       18.221159       18.221159
     0.96784587       16.089586       73.876446      0.48641398      0.92926044     -0.41567442       6.9847163        6.9847163        18.20974        18.20974
     0.96495496       16.087591       68.043881      0.75882778       1.2925261      -1.0513539       6.9847163        6.9847163       18.205749       18.205749
     0.96701095       16.080474        58.61846       0.4924321      0.52559219    -0.018024294       6.9847163        6.9847163       18.191516       18.191516
     0.97444505       16.067828       55.850488      0.19038602      0.10830233      0.70131166       6.9847163        6.9847163       18.166224       18.166224
     0.97837457       16.058817       68.416354      0.14689248      0.57971071      0.27339681       6.9847163        6.9847163       18.148201       18.148201
     0.98327425       16.048833       64.601591     0.048552371   -0.0023670743       0.9538147       6.9847163        6.9847163       18.128234       18.128234
     0.98043215        16.04674        70.93219      0.50164569       0.8643193     -0.36596499       6.9847163        6.9847163       18.124048       18.124048
     0.97676597         16.0455        62.50363      0.52214007      0.99053589     -0.51267595       6.9847163        6.9847163       18.121567       18.121567
     0.97543018        16.04188        60.37241      0.21247227      0.45329752      0.33423021       6.9847163        6.9847163       18.114328       18.114328
      0.9739324       16.038429       75.534186      0.31833625      0.96507271     -0.28340896       6.9847163        6.9847163       18.107426       18.107426
     0.98233127       16.024856       59.602083       0.2137268      0.41660109      0.36967211       6.9847163        6.9847163       18.080279       18.080279
     0.98469401       16.017465       75.101093       0.6140145       1.1968731      -0.8108876       6.9847163        6.9847163       18.065498       18.065498
      1.0000002       15.997054       75.498066      0.18188304      0.58904313      0.22907383       6.9847163        6.9847163       18.024675       18.024675
     0.99780087       15.994267       68.756488      0.75005418       1.3019803      -1.0520345       6.9847163        6.9847163       18.019102       18.019102
      0.9932537       15.993847       73.745274      0.16823068      0.49200835      0.33976097       6.9847163        6.9847163       18.018262       18.018262
     0.99225855       15.989863       70.111144      0.74090493       1.3160213      -1.0569263       6.9847163        6.9847163       18.010293       18.010293
     0.98923327       15.987928       71.190968     0.035576199      0.28062333      0.68380047       6.9847163        6.9847163       18.006424       18.006424
     0.98689011       15.985313       73.056054      0.35648021      0.70826494    -0.064745153       6.9847163        6.9847163       18.001193       18.001193
     0.98586183       15.981367       58.698426      0.55359364       0.7390135     -0.29260714       6.9847163        6.9847163       17.993302       17.993302
     0.98123474       15.981085       70.432091      0.66997376       1.3853338      -1.0553076       6.9847163        6.9847163       17.992737       17.992737
     0.97806966       15.979328       62.620804      0.51810163      0.65548009     -0.17358172       6.9847163        6.9847163       17.989223       17.989223
     0.97368681       15.978831       58.078647     0.010615157     -0.24835129       1.2377361       6.9847163        6.9847163        17.98823        17.98823
     0.97258939       15.974971       56.965746      0.25809228     0.096427848      0.64547987       6.9847163        6.9847163        17.98051        17.98051
     0.97005865       15.972589       55.864151      0.12907396    -0.041912146      0.91283819       6.9847163        6.9847163       17.975746       17.975746
     0.96828358       15.969433       70.442419      0.50327385       1.1857171     -0.68899096       6.9847163        6.9847163       17.969434       17.969434
     0.96602734       15.966779       77.272401      0.56581356       1.1891011     -0.75491468       6.9847163        6.9847163       17.964125       17.964125
     0.96820496       15.959539       71.629168      0.29978912      0.58086625      0.11934463       6.9847163        6.9847163       17.949646       17.949646
     0.96452932       15.958356       56.136783     0.080444396    -0.084372169       1.0039278       6.9847163        6.9847163       17.947279       17.947279
     0.96791062       15.949869       59.322303      0.57608684      0.76062149     -0.33670834       6.9847163        6.9847163       17.930305       17.930305
     0.96326093       15.949697       59.757484      0.21087962     0.070585713      0.71853467       6.9847163        6.9847163       17.929961       17.929961
     0.96411871       15.943819       56.137678     0.075046361     -0.11274424       1.0376979       6.9847163        6.9847163       17.918205       17.918205
      0.9708725       15.931851       76.137754      0.22985747      0.78691003    -0.016767503       6.9847163        6.9847163       17.894269       17.894269
     0.96791532       15.929913       62.640607      0.28386556      0.26699644      0.44913801       6.9847163        6.9847163       17.890394       17.890394
     0.96445599       15.928506       64.374873      0.60895348         1.15488     -0.76383352       6.9847163        6.9847163        17.88758        17.88758
     0.97035236       15.917423       61.796406      0.64268457       1.0552438     -0.69792838       6.9847163        6.9847163       17.865414       17.865414
     0.96665237       15.916256       77.178682      0.52468585       1.1157685     -0.64045432       6.9847163        6.9847163        17.86308        17.86308
     0.96575911       15.912193       62.646528      0.23222955      0.56883482      0.19893563       6.9847163        6.9847163       17.854954       17.854954
     0.96286482       15.910208       78.900024      0.51669974       1.2574795     -0.77417926       6.9847163        6.9847163       17.850983       17.850983
     0.96523955       15.902757       56.841199      0.12175609     -0.10068544      0.97892935       6.9847163        6.9847163       17.836081       17.836081
     0.96367958       15.899386       71.554243      0.14690705      0.60982826      0.24326469       6.9847163        6.9847163        17.82934        17.82934
     0.95939829       15.898852       79.170839      0.41432679       1.0329908     -0.44731758       6.9847163        6.9847163       17.828271       17.828271
      0.9551285       15.898324       57.782308     0.046177551    0.0025825123      0.95123994       6.9847163        6.9847163       17.827216       17.827216
     0.95712916       15.891244       70.468587      0.51869829      0.88793601      -0.4066343       6.9847163        6.9847163       17.813056       17.813056
     0.95493732        15.88855       61.999182      0.43765159      0.50389875      0.05844966       6.9847163        6.9847163       17.807667       17.807667
     0.95198555       15.886657       72.533615      0.41262246       1.0829651     -0.49558758       6.9847163        6.9847163       17.803882       17.803882
     0.95927748        15.87404       72.178402      0.69230738       1.2746244     -0.96693181       6.9847163        6.9847163       17.778647       17.778647
     0.95901813       15.869322       56.258263      0.16333567     0.040338543      0.79632579       6.9847163        6.9847163       17.769212       17.769212
     0.96012498       15.863181       69.554815     0.061598892       0.4088379      0.52956321       6.9847163        6.9847163        17.75693        17.75693
     0.95669325       15.861774       75.610116      0.19925038      0.71311811     0.087631511       6.9847163        6.9847163       17.754116       17.754116
     0.96338495       15.849817       62.352853       0.6231207      0.87745938     -0.50058007       6.9847163        6.9847163       17.730202       17.730202
     0.96409887       15.844089       62.421588      0.66693139      0.99734047     -0.66427186       6.9847163        6.9847163       17.718745       17.718745
     0.96258565       15.840672       76.197952      0.64685645       1.3344702     -0.98132668       6.9847163        6.9847163       17.711911       17.711911
     0.95814768       15.840306       62.722664       0.3732989      0.41867273      0.20802837       6.9847163        6.9847163       17.711179       17.711179
     0.95960933       15.833793       62.028778       0.6451094       1.0546114     -0.69972079       6.9847163        6.9847163       17.698154       17.698154
     0.96813712       15.819958       59.303194      0.16549605    0.0065905345      0.82791341       6.9847163        6.9847163       17.670484       17.670484
     0.96789753       15.815218       70.558903      0.16602576      0.37715012      0.45682412       6.9847163        6.9847163       17.661004       17.661004
     0.96697273       15.811187       63.837843      0.70305129       1.1290566     -0.83210793       6.9847163        6.9847163       17.652941       17.652941
     0.96836397       15.804762       76.412104       0.6406696        1.339335     -0.98000463       6.9847163        6.9847163       17.640091       17.640091
     0.96651774       15.801682       67.698972     0.094564992      0.45009349      0.45534152       6.9847163        6.9847163       17.633932       17.633932
     0.97248933       15.790535       63.339092      0.17254993      0.13650638      0.69094368       6.9847163        6.9847163       17.611638       17.611638
     0.96765742       15.790529       68.152481     0.099034708      0.46568754      0.43527776       6.9847163        6.9847163       17.611626       17.611626
     0.97959661       15.773278       59.162446      0.17488463     0.023148803      0.80196657       6.9847163        6.9847163       17.577124       17.577124
     0.98316142       15.764658       65.434917      0.34456865      0.82815692     -0.17272557       6.9847163        6.9847163       17.559884       17.559884
     0.97940445         15.7635       63.415334      0.65861294      0.99017263     -0.64878557       6.9847163        6.9847163       17.557567       17.557567
     0.97980177       15.758107       66.099071      0.36025399      0.50437439      0.13537163       6.9847163        6.9847163       17.546781       17.546781
     0.97579509       15.757216       57.178942      0.17321733    0.0076736922      0.81910897       6.9847163        6.9847163          17.545          17.545
     0.97498588       15.753059       58.894719      0.48544741      0.58025047    -0.065697883       6.9847163        6.9847163       17.536685       17.536685
     0.98200145       15.740902       57.669636      0.35624305      0.32594015       0.3178168       6.9847163        6.9847163       17.512371       17.512371
     0.98062672       15.737315       59.479561      0.52606735      0.67386755     -0.19993491       6.9847163        6.9847163       17.505197       17.505197
     0.97750726       15.735513       68.143774      0.17343778      0.60449425      0.22206797       6.9847163        6.9847163       17.501594       17.501594
     0.98069837       15.727266       63.081944      0.13892414     0.087618908      0.77345696       6.9847163        6.9847163         17.4851         17.4851
     0.97836085       15.724666       60.951088     0.035972235     -0.10901438       1.0730421       6.9847163        6.9847163       17.479899       17.479899
     0.98122703       15.716752       67.001138      0.70277857       1.2998912      -1.0026698       6.9847163        6.9847163       17.464072       17.464072
     0.97857872       15.714467       64.799448       0.1482995      0.48023577      0.37146474       6.9847163        6.9847163       17.459502       17.459502
     0.97765674       15.710422          66.322      0.69386216       1.2721058     -0.96596793       6.9847163        6.9847163       17.451412       17.451412
     0.97452716       15.708642       67.069945      0.32084861      0.83114871     -0.15199732       6.9847163        6.9847163       17.447851       17.447851
     0.97287397       15.705352        67.16308     0.039348854       0.3167315      0.64391964       6.9847163        6.9847163       17.441271       17.441271
     0.96891225       15.704444       63.221265      0.53621539       1.0091899     -0.54540533       6.9847163        6.9847163       17.439456       17.439456
     0.96443518       15.704089       64.718552    0.0013228773    -0.013488453       1.0121656       6.9847163        6.9847163       17.438745       17.438745
      0.9648525       15.698669       76.124341      0.45348676      0.97641578     -0.42990254       6.9847163        6.9847163       17.427905       17.427905
      0.9611087       15.697569        62.91835      0.58781502      0.82839789     -0.41621291       6.9847163        6.9847163       17.425705       17.425705
     0.95934536       15.694418       59.292819      0.51664904       0.7215044     -0.23815343       6.9847163        6.9847163       17.419403       17.419403
     0.95907825       15.689708       60.480747       0.5345843      0.85459387     -0.38917817       6.9847163        6.9847163       17.409984       17.409984
     0.95638231       15.687536        70.46955      0.69148024       1.2395234     -0.93100368       6.9847163        6.9847163       17.405639       17.405639
     0.95283935       15.686259       59.685944       0.2807405      0.49177846      0.22748104       6.9847163        6.9847163       17.403086       17.403086
     0.95278533       15.681329       68.581784     0.090248596      0.22777914      0.68197227       6.9847163        6.9847163       17.393225       17.393225
     0.95352561       15.675565        63.64341      0.17856451      0.49607816      0.32535734       6.9847163        6.9847163       17.381697       17.381697
     0.95195802       15.672222       60.528823      0.58139142      0.84483261     -0.42622403       6.9847163        6.9847163       17.375012       17.375012
     0.95202216       15.667167       58.196921      0.36231254      0.49048628      0.14720117       6.9847163        6.9847163       17.364902       17.364902
     0.95648182       15.657507       70.045943      0.27466796      0.51100252      0.21432952       6.9847163        6.9847163       17.345581       17.345581
     0.95537819       15.653673       58.446141      0.25299981      0.15081043      0.59618976       6.9847163        6.9847163       17.337914       17.337914
     0.95196632       15.652263       76.766879      0.47092509       1.0318806     -0.50280566       6.9847163        6.9847163       17.335094       17.335094
     0.95420157       15.644931       63.506213      0.48387188      0.64554718     -0.12941906       6.9847163        6.9847163       17.320429       17.320429
     0.95185591       15.642405       78.450937      0.50198069       1.2029668     -0.70494749       6.9847163        6.9847163       17.315377       17.315377
     0.94726709       15.642249       60.830262      0.13981094     0.029788653      0.83040041       6.9847163        6.9847163       17.315066       17.315066
     0.94259088        15.64221       69.147525       0.1099922      0.49044948      0.39955832       6.9847163        6.9847163       17.314988       17.314988
     0.94327011       15.636503       57.395054      0.26044446      0.26386878      0.47568677       6.9847163        6.9847163       17.303573       17.303573
     0.94015444       15.634824        61.68544      0.23497903      0.51433154      0.25068943       6.9847163        6.9847163       17.300215       17.300215
     0.93635419       15.633886       59.293932     0.071224959    -0.093801641       1.0225767       6.9847163        6.9847163        17.29834        17.29834
     0.93441482       15.630972       76.100881      0.29870346      0.76681912     -0.06552258       6.9847163        6.9847163       17.292512       17.292512
     0.93227212       15.628281       69.453604      0.24274689      0.44910764      0.30814547       6.9847163        6.9847163       17.287129       17.287129
      0.9296202       15.626141       59.633275        0.262625      0.18562067      0.55175433       6.9847163        6.9847163        17.28285        17.28285
      0.9263293       15.624701       67.515401      0.60408697      0.97540365     -0.57949062       6.9847163        6.9847163       17.279969       17.279969
     0.93086402        15.61483       59.444344      0.45104184      0.68549924     -0.13654109       6.9847163        6.9847163       17.260227       17.260227
     0.92746824       15.613497       60.776354      0.52036903      0.67242836     -0.19279739       6.9847163        6.9847163       17.257561       17.257561
     0.92817558       15.607746        69.69859      0.39641125      0.68250221    -0.078913463       6.9847163        6.9847163        17.24606        17.24606
     0.93174438       15.598921       57.679036      0.27048344      0.30299308      0.42652349       6.9847163        6.9847163        17.22841        17.22841
     0.92973442       15.596094       60.878677      0.44752542      0.77755681     -0.22508222       6.9847163        6.9847163       17.222755       17.222755
     0.92588721       15.595252        57.42257      0.22216055      0.19639541      0.58144403       6.9847163        6.9847163       17.221072       17.221072
     0.92202286       15.594447       62.877555     0.038940894      0.20111042      0.75994868       6.9847163        6.9847163       17.219462       17.219462
     0.91749952       15.594378       62.923832      0.63410678      0.95850504     -0.59261182       6.9847163        6.9847163       17.219324       17.219324
     0.91470775       15.592437       63.175813      0.63420839      0.95844581     -0.59265419       6.9847163        6.9847163       17.215442       17.215442
     0.91322747        15.58907       77.540689      0.53325287       1.1830457     -0.71629859       6.9847163        6.9847163       17.208707       17.208707
     0.90903505       15.588683       64.713844      0.52917628       1.0496211     -0.57879733       6.9847163        6.9847163       17.207934       17.207934
     0.91944198       15.572313       68.663233      0.66542718       1.1398333     -0.80526043       6.9847163        6.9847163       17.175193       17.175193
     0.92289893       15.563573        67.90137      0.64260943       1.2692923     -0.91190177       6.9847163        6.9847163       17.157713       17.157713
     0.91979228       15.561957       58.664015     0.073866564     0.053443095      0.87269034       6.9847163        6.9847163       17.154481       17.154481
     0.92076633       15.555911       70.422284      0.48204034      0.84604118     -0.32808152       6.9847163        6.9847163        17.14239        17.14239
     0.92106902       15.550595       74.799348      0.21249156      0.71598555     0.071522891       6.9847163        6.9847163       17.131757       17.131757
     0.91666083       15.550404       65.850671      0.13952232      0.19624435      0.66423333       6.9847163        6.9847163       17.131376       17.131376
     0.91636131       15.545744        73.31726      0.15144634      0.57780312      0.27075054       6.9847163        6.9847163       17.122055       17.122055
     0.91614266       15.540995       65.609373      0.44963457      0.65072483      -0.1003594       6.9847163        6.9847163       17.112557       17.112557
     0.91206635       15.540467       57.755996      0.29599907      0.30352695      0.40047399       6.9847163        6.9847163       17.111501       17.111501
     0.90883022       15.539033       68.969834      0.60885829       1.0325437       -0.641402       6.9847163        6.9847163       17.108634       17.108634
      0.9089968       15.533863       69.859731      0.07436107      0.40161225      0.52402668       6.9847163        6.9847163       17.098293       17.098293
     0.90572077       15.532485       65.404571        0.113457      0.41761976      0.46892323       6.9847163        6.9847163       17.095538       17.095538
     0.90225196       15.531335        60.41743       0.4704022      0.57963572    -0.050037921       6.9847163        6.9847163       17.093238       17.093238
     0.90480718        15.52352       60.419461      0.16831507      0.33231249      0.49937244       6.9847163        6.9847163       17.077607       17.077607
     0.90422969        15.51917       61.326162       0.4255425      0.76619583     -0.19173833       6.9847163        6.9847163       17.068908       17.068908
     0.91336464       15.504132       72.805144      0.17766414      0.50832447      0.31401139       6.9847163        6.9847163       17.038831       17.038831
      0.9094824       15.503404       60.220952      0.52578082      0.76075627     -0.28653709       6.9847163        6.9847163       17.037375       17.037375
     0.91218616       15.495448       68.025287      0.69971437       1.2340577     -0.93377205       6.9847163        6.9847163       17.021463       17.021463
     0.90924945       15.493685        67.10244      0.13098451      0.48711351      0.38190198       6.9847163        6.9847163       17.017937       17.017937
     0.90873057       15.489268       61.205439      0.52388732      0.70444025     -0.22832756       6.9847163        6.9847163       17.009103       17.009103
     0.91028103       15.482576       65.995634      0.68783751        1.196911     -0.88474854       6.9847163        6.9847163       16.995719       16.995719
     0.90666395        15.48157       61.371006     0.058051535      0.16725515      0.77469331       6.9847163        6.9847163       16.993707       16.993707
     0.90586591       15.477462       63.145664      0.28819887       0.6454178      0.06638333       6.9847163        6.9847163       16.985492       16.985492
     0.90214191       15.476594       73.342719       0.1957414      0.68171898      0.12253962       6.9847163        6.9847163       16.983756       16.983756
     0.90776193       15.465397       76.119921      0.55455863       1.1724114     -0.72696999       6.9847163        6.9847163       16.961361       16.961361
     0.90341351       15.465211       68.523054     0.067304036      0.36975294      0.56294302       6.9847163        6.9847163       16.960989       16.960989
     0.90072396       15.463205       62.884729      0.10383745      0.31608021      0.58008233       6.9847163        6.9847163       16.956977       16.956977
     0.90132482        15.45755       59.388675      0.45461655      0.62616151    -0.080778055       6.9847163        6.9847163       16.945668       16.945668
     0.89907361       15.455063       75.613155      0.49015156       1.1980451     -0.68819662       6.9847163        6.9847163       16.940694       16.940694
     0.89828963       15.450948       70.847971      0.33096218      0.63114457     0.037893243       6.9847163        6.9847163       16.932464       16.932464
     0.89825238       15.446003       63.805726      0.58830695       1.0603434     -0.64865036       6.9847163        6.9847163       16.922573       16.922573
     0.89435018       15.445368       71.005457      0.68428843       1.3387804      -1.0230689       6.9847163        6.9847163       16.921304       16.921304
     0.89079017       15.444369       58.271195      0.23215757      0.16900059      0.59884184       6.9847163        6.9847163       16.919306       16.919306
     0.88799228       15.442528       75.164699      0.62101772       1.2890399     -0.91005763       6.9847163        6.9847163       16.915624       16.915624
     0.88653578       15.439182       62.175042      0.47181087      0.61635668    -0.088167549       6.9847163        6.9847163       16.908931       16.908931
     0.88315026        15.43802       69.086145       0.6212971       1.0705015     -0.69179864       6.9847163        6.9847163       16.906608       16.906608
     0.87893367       15.437819       71.629219      0.16982053      0.45620728      0.37397219       6.9847163        6.9847163       16.906206       16.906206
     0.87738449       15.434595       60.280471      0.48586076      0.63719081     -0.12305158       6.9847163        6.9847163       16.899758       16.899758
      0.8748414        15.43251       75.463927       0.3669316       1.0080677     -0.37499934       6.9847163        6.9847163       16.895588       16.895588
     0.87601651        15.42618       61.552875      0.18057679      0.13036773      0.68905548       6.9847163        6.9847163       16.882928       16.882928
     0.87929499       15.417458       61.233265      0.22439494      0.18662606        0.588979       6.9847163        6.9847163       16.865483       16.865483
     0.87600596       15.416217       76.992505      0.32743703      0.88584503     -0.21328206       6.9847163        6.9847163       16.863002       16.863002
     0.87269325       15.415019       60.423035      0.49131617      0.75743268     -0.24874885       6.9847163        6.9847163       16.860605       16.860605
     0.86882873        15.41447       66.554847      0.64100716       1.0525453     -0.69355248       6.9847163        6.9847163       16.859507       16.859507
      0.8663018       15.412394       73.724895      0.64386169       1.2820873     -0.92594901       6.9847163        6.9847163       16.855356       16.855356
     0.86244533       15.411869       65.204633      0.16505602      0.49912873      0.33581525       6.9847163        6.9847163       16.854305       16.854305
     0.86449406       15.404509       61.762364      0.57719326      0.88536493     -0.46255818       6.9847163        6.9847163       16.839585       16.839585
     0.86290779       15.401357       62.486199      0.59199382      0.97143505     -0.56342887       6.9847163        6.9847163       16.833282       16.833282
     0.86311518       15.396129       71.090891      0.40693141       1.0274437     -0.43437508       6.9847163        6.9847163       16.822826       16.822826
     0.86009482       15.394647       63.550965      0.57407358       1.0287155     -0.60278905       6.9847163        6.9847163       16.819862       16.819862
     0.86062327       15.389046       68.186167      0.36724553       0.9111199     -0.27836543       6.9847163        6.9847163       16.808659       16.808659
     0.85993462       15.384859       77.288395      0.46454486       1.0765196     -0.54106446       6.9847163        6.9847163       16.800285       16.800285
     0.86047208       15.379246       66.860455     0.067690138      0.17134601      0.76096385       6.9847163        6.9847163        16.78906        16.78906
     0.85825579       15.376838       77.426486      0.38384521       1.0037994     -0.38764459       6.9847163        6.9847163       16.784244       16.784244
     0.85518998       15.375429       74.001637      0.28896123      0.86149611     -0.15045734       6.9847163        6.9847163       16.781426       16.781426
     0.85613366       15.369339       63.974529      0.58838156       1.0576684     -0.64604999       6.9847163        6.9847163       16.769245       16.769245
     0.85375871       15.367129       77.649361      0.45262993       1.1025622      -0.5551921       6.9847163        6.9847163       16.764825       16.764825
     0.85055013       15.365906       59.923229       0.2654171      0.23261188      0.50197102       6.9847163        6.9847163        16.76238        16.76238
     0.84746074       15.364558       73.145789      0.54397244       1.0523616     -0.59633399       6.9847163        6.9847163       16.759683       16.759683
     0.84350292       15.364251       70.861994      0.25190396      0.76622246    -0.018126421       6.9847163        6.9847163        16.75907        16.75907
     0.84085871       15.362403       62.141022      0.25200812       0.5368094      0.21118248       6.9847163        6.9847163       16.755374       16.755374
     0.84159439       15.356542       63.126885      0.60050099      0.92296277     -0.52346376       6.9847163        6.9847163       16.743651       16.743651
     0.83789219       15.355963        69.68247      0.30508235      0.83952853     -0.14461088       6.9847163        6.9847163       16.742493       16.742493
     0.83685663       15.352212       67.082924      0.66960891       1.1513612     -0.82097014       6.9847163        6.9847163       16.734991       16.734991
     0.83634432       15.347837       59.823664     0.083931481    -0.011360171      0.92742869       6.9847163        6.9847163       16.726241       16.726241
     0.84081271       15.337521       69.101121      0.67161724       1.2862451      -0.9578623       6.9847163        6.9847163       16.705609       16.705609
     0.84505281       15.327503       73.278691      0.31375079      0.69957192    -0.013322703       6.9847163        6.9847163       16.685574       16.685574
     0.84117755       15.327112       67.871524      0.10689105      0.25377623      0.63933271       6.9847163        6.9847163       16.684791       16.684791
     0.83852644       15.325281       74.591325      0.22317855      0.67587506      0.10094639       6.9847163        6.9847163        16.68113        16.68113
     0.84308432       15.314872       59.769724      0.41192783      0.60539325    -0.017321079       6.9847163        6.9847163       16.660312       16.660312
     0.84449119       15.308217       60.976904      0.51534495      0.77950236     -0.29484732       6.9847163        6.9847163       16.647002       16.647002
     0.84267771        15.30538       71.855015      0.20096253      0.51110132      0.28793616       6.9847163        6.9847163       16.641327       16.641327
     0.84850958       15.293495       65.401044      0.65022797       1.0960412     -0.74626919       6.9847163        6.9847163       16.617558       16.617558
     0.84857443       15.288432       68.629751      0.48734942       0.8206937     -0.30804312       6.9847163        6.9847163       16.607431       16.607431
     0.84439913       15.288376       59.753703      0.17625538      0.27064048      0.55310414       6.9847163        6.9847163        16.60732        16.60732
     0.84020231       15.288371       72.525878      0.59792729       1.1431997     -0.74112702       6.9847163        6.9847163        16.60731        16.60731
     0.83628292        15.28806       70.680682      0.16080494      0.57975657      0.25943849       6.9847163        6.9847163       16.606687       16.606687
     0.83353135       15.286368       63.363338     0.071568668     0.063451467      0.86497987       6.9847163        6.9847163       16.603303       16.603303
     0.83886662       15.274999         68.9548     0.095943233      0.29783406       0.6062227       6.9847163        6.9847163       16.580566       16.580566
     0.83757949       15.271548       65.283734     0.019507478      0.10189529      0.87859723       6.9847163        6.9847163       16.573663       16.573663
     0.83408376       15.270743       64.991765      0.14584427      0.44513624      0.40901949       6.9847163        6.9847163       16.572053       16.572053
     0.83068118       15.269843       59.791882      0.30095966      0.46777487      0.23126548       6.9847163        6.9847163       16.570254       16.570254
     0.82664606       15.269724       59.061532      0.26375242      0.25653262      0.47971496       6.9847163        6.9847163       16.570016       16.570016
      0.8227294       15.269486       65.903205      0.21167473      0.31681131      0.47151395       6.9847163        6.9847163        16.56954        16.56954
     0.82522376       15.261472       64.797325        0.594908      0.93673376     -0.53164177       6.9847163        6.9847163       16.553511       16.553511
     0.82226779       15.260072       60.965777      0.44315732      0.72784571     -0.17100303       6.9847163        6.9847163       16.550712       16.550712
      0.8192586       15.258752       61.686031      0.15851784      0.34526479      0.49621737       6.9847163        6.9847163       16.548071       16.548071
     0.81647902       15.257163       65.329985      0.13570838      0.43386116      0.43043046       6.9847163        6.9847163       16.544893       16.544893
     0.81243697       15.257138       77.026949      0.42643029       1.0269677     -0.45339797       6.9847163        6.9847163       16.544843       16.544843
     0.81363897       15.250672       67.519898       0.1532533      0.29877043      0.54797626       6.9847163        6.9847163       16.531911       16.531911
     0.81155266       15.248252       72.290942      0.34479638      0.71379936    -0.058595739       6.9847163        6.9847163       16.527071       16.527071
     0.81106957        15.24386       63.777979      0.17322274      0.45475482      0.37202244       6.9847163        6.9847163       16.518287       16.518287
     0.80807296       15.242574       75.254865      0.46122317       1.1387864     -0.60000961       6.9847163        6.9847163       16.515715       16.515715
     0.81056752       15.234504       71.462581      0.13824661      0.50900785      0.35274554       6.9847163        6.9847163       16.499575       16.499575
     0.80724907       15.233619        65.17743      0.23279996      0.60383203      0.16336801       6.9847163        6.9847163       16.497805       16.497805
     0.80398809       15.232679       65.351847      0.44371324      0.93367912     -0.37739236       6.9847163        6.9847163       16.495925       16.495925
     0.81193488       15.217856       65.666713      0.15479577      0.24057733       0.6046269       6.9847163        6.9847163       16.466279       16.466279
     0.80816762       15.217518        70.06088      0.64179862       1.1728391     -0.81463772       6.9847163        6.9847163       16.465604       16.465604
     0.80558913       15.215727       59.499214      0.12776092      0.12455305      0.74768603       6.9847163        6.9847163       16.462022       16.462022
     0.80358382       15.213232       66.282363      0.49831312      0.78155634     -0.27986946       6.9847163        6.9847163       16.457031       16.457031
     0.80090158       15.211587       61.429009      0.21263108      0.20055465      0.58681427       6.9847163        6.9847163       16.453742       16.453742
     0.79716091       15.211281       63.753309      0.21225728      0.25808143      0.52966129       6.9847163        6.9847163        16.45313        16.45313
     0.80228035       15.199893        74.83783      0.30411072      0.87209658      -0.1762073       6.9847163        6.9847163       16.430353       16.430353
      0.7993463       15.198568       73.723189      0.34597893      0.77041493     -0.11639386       6.9847163        6.9847163       16.427704       16.427704
     0.79623145       15.197486       62.079675      0.54276169      0.83718008     -0.37994177       6.9847163        6.9847163       16.425539       16.425539
     0.79546232       15.193465       70.884968      0.19898685      0.48159449      0.31941866       6.9847163        6.9847163       16.417497       16.417497
     0.79328267        15.19122       71.270078      0.24588547      0.55071998      0.20339455       6.9847163        6.9847163       16.413008       16.413008
      0.7896028       15.190883       73.534691      0.60495873       1.2116793     -0.81663803       6.9847163        6.9847163       16.412333       16.412333
     0.78758285       15.188457       61.556639      0.38073063      0.47409867       0.1451707       6.9847163        6.9847163       16.407481       16.407481
     0.78674875       15.184529        69.75649      0.61115907       1.2463881      -0.8575472       6.9847163        6.9847163       16.399625       16.399625
     0.78547089       15.181167       61.036347      0.35863792      0.43050733      0.21085475       6.9847163        6.9847163       16.392901       16.392901
     0.78377347       15.178343       61.784268     0.047244365      0.09817366      0.85458197       6.9847163        6.9847163       16.387253       16.387253
     0.78233681        15.17519       64.311963       0.5861668       1.0394169     -0.62558369       6.9847163        6.9847163       16.380947       16.380947
     0.77856164       15.175039       69.143554      0.33716588      0.87026416     -0.20743004       6.9847163        6.9847163       16.380646       16.380646
       0.775592       15.173874       72.821603      0.21473325      0.68861909     0.096647662       6.9847163        6.9847163       16.378315       16.378315
     0.77221636       15.173248       74.548591      0.24810294      0.72611084     0.025786228       6.9847163        6.9847163       16.377063       16.377063
     0.76906477       15.172349       63.551724      0.57318474      0.89332777     -0.46651251       6.9847163        6.9847163       16.375266       16.375266
     0.76535664       15.172195       63.608572      0.56718866      0.98777363     -0.55496229       6.9847163        6.9847163       16.374958       16.374958
     0.76608365       15.166258       62.491195      0.15126826      0.14814529      0.70058645       6.9847163        6.9847163       16.363084       16.363084
     0.76390911       15.164113       66.664283      0.28445606      0.45159701      0.26394693       6.9847163        6.9847163       16.358794       16.358794
     0.76032349       15.163831       70.357302      0.63887581          1.2715     -0.91037584       6.9847163        6.9847163       16.358229       16.358229
     0.75683741       15.163439       75.954233      0.51180174       1.1265275     -0.63832921       6.9847163        6.9847163       16.357445       16.357445
     0.75359268       15.162748       71.663158      0.62615937       1.1955458     -0.82170512       6.9847163        6.9847163       16.356063       16.356063
     0.75043923       15.161953       67.419038      0.28627286       0.4777753      0.23595184       6.9847163        6.9847163       16.354474       16.354474
     0.74830003        15.15982       63.405702     0.062368078     0.078744789      0.85888713       6.9847163        6.9847163       16.350208       16.350208
     0.74638403       15.157397       73.418475      0.37380737      0.98826759     -0.36207496       6.9847163        6.9847163       16.345361       16.345361
     0.74784946       15.150448       62.375115       0.4751592      0.83447155     -0.30963075       6.9847163        6.9847163       16.331463       16.331463
     0.74479073       15.149559       60.206206      0.32923062      0.51305455      0.15771483       6.9847163        6.9847163       16.329685       16.329685
     0.74524102       15.143966       64.605535      0.03614972      0.11429265      0.84955764       6.9847163        6.9847163         16.3185         16.3185
     0.74982451       15.132847       65.013734      0.46994695      0.70714686     -0.17709381       6.9847163        6.9847163       16.296262       16.296262
     0.75204561       15.124903       74.636967      0.26313099      0.74242438   -0.0055553709       6.9847163        6.9847163       16.280373       16.280373
     0.74946933       15.123347       66.330069      0.08147562      0.32558097      0.59294341       6.9847163        6.9847163       16.277261       16.277261
     0.74646871       15.122371       75.539023      0.35757676      0.87144925     -0.22902601       6.9847163        6.9847163       16.275309       16.275309
     0.74622122       15.117714       75.532503      0.54267336       1.1845645     -0.72723781       6.9847163        6.9847163       16.265996       16.265996
     0.74296383       15.117102       71.300168      0.43840145      0.83336425     -0.27176571       6.9847163        6.9847163       16.264772       16.264772
     0.74171273       15.113799       73.061636      0.32745741      0.72843516    -0.055892577       6.9847163        6.9847163       16.258166       16.258166
     0.73839042       15.113302       75.123373      0.56186952       1.2200807     -0.78195022       6.9847163        6.9847163       16.257171       16.257171
     0.73500245       15.112913       74.207238      0.54417449        1.116793     -0.66096751       6.9847163        6.9847163       16.256393       16.256393
     0.73146875       15.112744       59.853035      0.20433623      0.20010112      0.59556265       6.9847163        6.9847163       16.256056       16.256056
     0.72902696       15.111101       74.593454       0.3145925      0.77578313    -0.090375633       6.9847163        6.9847163       16.252769       16.252769
     0.72627114       15.109901       59.858635      0.17243982      0.16457358      0.66298659       6.9847163        6.9847163       16.250369       16.250369
     0.73037699       15.099276       72.784757      0.22478609      0.60185537      0.17335854       6.9847163        6.9847163       16.229119       16.229119
     0.73241702       15.091498       62.621939       0.1625351      0.37296611      0.46449879       6.9847163        6.9847163       16.213564       16.213564
     0.72993134       15.089911       75.377455      0.51471196       1.1878386     -0.70255054       6.9847163        6.9847163       16.210389       16.210389
     0.73004281       15.084771       68.507477      0.10250587      0.39641959      0.50107454       6.9847163        6.9847163       16.200109       16.200109
     0.72642582        15.08475       63.188067      0.11088027      0.13139066      0.75772907       6.9847163        6.9847163       16.200067       16.200067
     0.72770585       15.078002       67.081516      0.62117868       1.0732289      -0.6944076       6.9847163        6.9847163       16.186571       16.186571
     0.72467789       15.077184       62.601884      0.49904921      0.85699653     -0.35604574       6.9847163        6.9847163       16.184935       16.184935
     0.72467542       15.072199       65.180609     0.088868852      0.30900117      0.60212998       6.9847163        6.9847163       16.174966       16.174966
     0.72269154       15.069953       60.829681      0.42163463      0.64035152    -0.061986154       6.9847163        6.9847163       16.170474       16.170474
     0.72299032       15.064553       73.417656       0.2245526      0.67224444      0.10320295       6.9847163        6.9847163       16.159673       16.159673
      0.7201195       15.063543       73.210829      0.24007981      0.64223268      0.11768751       6.9847163        6.9847163       16.157654       16.157654
     0.71696573       15.062945       71.438541      0.16080959      0.51449987      0.32469054       6.9847163        6.9847163       16.156458       16.156458
     0.71411669        15.06194       61.704371      0.33997085        0.614511     0.045518156       6.9847163        6.9847163       16.154447       16.154447
     0.71255179       15.059146       67.589489      0.34755171      0.84429658     -0.19184829       6.9847163        6.9847163       16.148859       16.148859
     0.71109375       15.056207        73.19355      0.57171261       1.2418078     -0.81352036       6.9847163        6.9847163       16.142981       16.142981
     0.70915322       15.053952       67.145438      0.28905917      0.73848631    -0.027545488       6.9847163        6.9847163       16.138471       16.138471
     0.70628946        15.05301       74.716796      0.42736593      0.94056201     -0.36792794       6.9847163        6.9847163       16.136588       16.136588
     0.70709342       15.046886       71.069569      0.62206699         1.25228     -0.87434696       6.9847163        6.9847163       16.124339       16.124339
      0.7064024       15.042875       67.303477      0.27290199      0.71429177     0.012806245       6.9847163        6.9847163       16.116318       16.116318
     0.70498768       15.039893       62.016584       0.3329288       0.4210687      0.24600249       6.9847163        6.9847163       16.110353       16.110353
     0.70165701       15.039641       75.148662      0.38221736      0.99453311     -0.37675048       6.9847163        6.9847163       16.109849       16.109849
     0.69951227       15.037714        65.33696      0.48626757      0.75485669     -0.24112426       6.9847163        6.9847163       16.105996       16.105996
     0.69603692       15.037708       65.758249      0.23106486      0.36066885      0.40826628       6.9847163        6.9847163       16.105983       16.105983
     0.69359998       15.036228       69.638743      0.29299203      0.79614126    -0.089133289       6.9847163        6.9847163       16.103023       16.103023
     0.69389427       15.030816       63.318267      0.05891821       0.1517891      0.78929269       6.9847163        6.9847163       16.092199       16.092199
     0.69254355       15.027776       65.615227      0.58321058      0.96316519     -0.54637577       6.9847163        6.9847163        16.08612        16.08612
     0.68927449        15.02752       67.330714      0.52129123       1.0765172     -0.59780838       6.9847163        6.9847163       16.085608       16.085608
     0.68745272        15.02518       61.621029      0.37432017      0.64970658    -0.024026746       6.9847163        6.9847163       16.080927       16.080927
     0.68654422       15.021514       62.302673      0.47758086      0.80551994      -0.2831008       6.9847163        6.9847163       16.073596       16.073596
     0.68409093       15.020107       60.300325      0.17357304      0.22114495      0.60528202       6.9847163        6.9847163       16.070782       16.070782
     0.68689024       15.011036       60.713014      0.39057371      0.55450214     0.054924152       6.9847163        6.9847163       16.052639       16.052639
       0.684067       15.010166       64.044269      0.14977964      0.39365733      0.45656303       6.9847163        6.9847163         16.0509         16.0509
     0.68081895       15.009939       60.544549      0.17548938      0.18937177      0.63513885       6.9847163        6.9847163       16.050445       16.050445
     0.67939182       15.007049       64.504538      0.27262245      0.38664392      0.34073363       6.9847163        6.9847163       16.044666       16.044666
     0.67633075       15.006578       64.931616      0.11057138       0.1951915      0.69423712       6.9847163        6.9847163       16.043723       16.043723
     0.67362591       15.005598       63.873518       0.3289578      0.69444691    -0.023404715       6.9847163        6.9847163       16.041763       16.041763
     0.67058904       15.005128       67.416125     0.097069444      0.35684653      0.54608403       6.9847163        6.9847163       16.040824       16.040824
     0.66854649       15.003192       68.874057      0.47888696      0.83720325      -0.3160902       6.9847163        6.9847163       16.036951       16.036951
     0.66698549       15.000541       65.116023      0.46850468      0.93620551     -0.40471019       6.9847163        6.9847163        16.03165        16.03165
     0.66385015       15.000266       61.419065       0.1167579      0.13060468      0.75263742       6.9847163        6.9847163         16.0311         16.0311
     0.66132551       14.999089       75.403584      0.47455866       1.0571727     -0.53173136       6.9847163        6.9847163       16.028745       16.028745
     0.65941593       14.996993       68.363141      0.20656554      0.61385933      0.17957512       6.9847163        6.9847163       16.024553       16.024553
     0.65659604       14.996291       61.365449      0.40613574      0.56075845     0.033105815       6.9847163        6.9847163       16.023149       16.023149
      0.6538431       14.995504       60.652683      0.16248693      0.22951449      0.60799859       6.9847163        6.9847163       16.021576       16.021576
     0.65545897       14.988049        60.19103      0.24284758      0.31232391      0.44482851       6.9847163        6.9847163       16.006665       16.006665
     0.65345684       14.986121       61.433677      0.10937303      0.14348275      0.74714422       6.9847163        6.9847163       16.002809       16.002809
     0.65131537       14.984416       72.223902      0.21649151      0.58711995      0.19638854       6.9847163        6.9847163       15.999399       15.999399
     0.65138011       14.979329       64.812494      0.55930609      0.90659312     -0.46589921       6.9847163        6.9847163       15.989225       15.989225
      0.6483397        14.97902        65.07875      0.40891019      0.61872257    -0.027632768       6.9847163        6.9847163       15.988607       15.988607
      0.6461355       14.977438       67.387702      0.46509178       1.0032198     -0.46831158       6.9847163        6.9847163       15.985443       15.985443
     0.64335233       14.976767       72.777677      0.58130332       1.2332219     -0.81452518       6.9847163        6.9847163       15.984101       15.984101
     0.64301249       14.972307       64.364413      0.55524701      0.89727305     -0.45252006       6.9847163        6.9847163       15.975182       15.975182
     0.64130387       14.969981       66.355271      0.22848689      0.38244655      0.38906657       6.9847163        6.9847163        15.97053        15.97053
     0.63924401       14.968211       62.871833       0.1922068      0.23895987      0.56883333       6.9847163        6.9847163       15.966989       15.966989
     0.63807924       14.965046       68.963711      0.61242534       1.1146906     -0.72711595       6.9847163        6.9847163        15.96066        15.96066
     0.63702691        14.96171       68.283233      0.27854543       0.5117417      0.20971286       6.9847163        6.9847163       15.953987       15.953987
     0.63719096       14.956465       73.897905      0.34214969      0.91774534     -0.25989503       6.9847163        6.9847163       15.943497       15.943497
     0.63590418       14.953499       75.603502       0.3856466       0.9680689      -0.3537155       6.9847163        6.9847163       15.937565       15.937565
     0.63485976       14.950155       61.216507      0.40142102      0.57510013     0.023478851       6.9847163        6.9847163       15.930878       15.930878
     0.63198125       14.949711       71.917101      0.22704193      0.68665477     0.086303299       6.9847163        6.9847163        15.92999        15.92999
     0.63426641       14.941115       68.512926       0.1141847      0.37164077      0.51417453       6.9847163        6.9847163       15.912797       15.912797
     0.63156696       14.940392       62.289931      0.44968293      0.65940283     -0.10908576       6.9847163        6.9847163       15.911352       15.911352
      0.6316986       14.935196       69.152042       0.1342362      0.45038656      0.41537723       6.9847163        6.9847163        15.90096        15.90096
     0.62959039       14.933552       61.421509       0.3757879      0.61602527    0.0081868344       6.9847163        6.9847163       15.897671       15.897671
     0.62951536       14.928683       65.238667      0.35542058      0.54048617      0.10409325       6.9847163        6.9847163       15.887934       15.887934
     0.62735993       14.927125       66.332184      0.54393407        0.903301     -0.44723507       6.9847163        6.9847163       15.884818       15.884818
     0.62526336       14.925485       67.131658      0.46096392      0.98586007     -0.44682399       6.9847163        6.9847163       15.881538       15.881538
     0.62353906       14.923259       69.059028      0.39741595      0.71502453     -0.11244048       6.9847163        6.9847163       15.877086       15.877086
     0.62065421       14.922909       72.937498      0.25476286       0.7393215    0.0059156406       6.9847163        6.9847163       15.876386       15.876386
     0.62000303       14.918971       65.308843      0.10587964      0.22126802      0.67285234       6.9847163        6.9847163        15.86851        15.86851
     0.61815468       14.916969       65.759727      0.44051136      0.69616778     -0.13667913       6.9847163        6.9847163       15.864506       15.864506
     0.61537331       14.916492        66.80179      0.24746903      0.42720755      0.32532342       6.9847163        6.9847163       15.863551       15.863551
     0.61464568       14.912687       68.224733       0.4988436       1.0628981     -0.56174166       6.9847163        6.9847163       15.855942       15.855942
     0.61366193       14.909301       63.200148      0.49109562      0.85216038       -0.343256       6.9847163        6.9847163        15.84917        15.84917
     0.61233436        14.90648       66.657533     0.094721458      0.28316349      0.62211506       6.9847163        6.9847163       15.843527       15.843527
     0.61004478       14.905238       72.471766      0.51930538       1.1642635     -0.68356891       6.9847163        6.9847163       15.841044       15.841044
     0.60813168       14.903392       61.953941      0.29832864      0.54221527      0.15945608       6.9847163        6.9847163       15.837351       15.837351
     0.61107952       14.893568       62.931563     0.099861044      0.17851161      0.72162734       6.9847163        6.9847163       15.817704       15.817704
     0.61185876       14.887307       73.956555      0.28708339      0.76963691    -0.056720307       6.9847163        6.9847163       15.805181       15.805181
     0.61007693       14.885235       65.779403      0.26117577      0.63923415     0.099590082       6.9847163        6.9847163       15.801038       15.801038
     0.60775787       14.884057        67.63954       0.1833671      0.54229544      0.27433746       6.9847163        6.9847163       15.798681       15.798681
     0.60663528       14.880917       72.829164       0.4329339       1.0511151     -0.48404904       6.9847163        6.9847163       15.792402       15.792402
     0.60567253       14.877519       73.421664      0.36332971       0.9449344     -0.30826411       6.9847163        6.9847163       15.785605       15.785605
      0.6026683       14.877503       73.343784      0.28353897      0.71926679   -0.0028057626       6.9847163        6.9847163       15.785574       15.785574
     0.60129486       14.874798       68.703744       0.6027878       1.1624782     -0.76526603       6.9847163        6.9847163       15.780163       15.780163
     0.59831275       14.874781       62.059088      0.30698905      0.40780207      0.28520888       6.9847163        6.9847163        15.78013        15.78013
     0.59558803       14.874359        74.23838      0.50755289       1.1516024     -0.65915527       6.9847163        6.9847163       15.779285       15.779285
     0.59687924       14.867205       72.981891      0.57044966        1.189336     -0.75978568       6.9847163        6.9847163       15.764978       15.764978
     0.59747251       14.861225        66.04861      0.33582548      0.53845931      0.12571521       6.9847163        6.9847163       15.753017       15.753017
     0.59533087       14.859828       64.041358      0.33626009       0.4894658      0.17427411       6.9847163        6.9847163       15.750224       15.750224
     0.59324475       14.858351       63.273684      0.12125407      0.27111028      0.60763565       6.9847163        6.9847163       15.747269       15.747269
     0.59114095       14.856916        61.29449      0.23675558      0.38437558      0.37886884       6.9847163        6.9847163       15.744399       15.744399
     0.58866426       14.856127       62.161645      0.43865241      0.70777688     -0.14642929       6.9847163        6.9847163       15.742821       15.742821
     0.58597877       14.855711       71.359362      0.29415711      0.80643681     -0.10059392       6.9847163        6.9847163        15.74199        15.74199
     0.58339709        14.85514        67.90609      0.50696056       1.0583761     -0.56533668       6.9847163        6.9847163       15.740847       15.740847
     0.58152518       14.853366       71.850474      0.51071343       1.1414701     -0.65218348       6.9847163        6.9847163       15.737299       15.737299
     0.57913289       14.852501       72.916747      0.56205918       1.1934764      -0.7555356       6.9847163        6.9847163       15.735569       15.735569
      0.5803373       14.845436       64.840818     0.099156813      0.23225834      0.66858485       6.9847163        6.9847163       15.721439       15.721439
     0.58040172       14.840337       64.717467      0.17807949      0.44881499      0.37310552       6.9847163        6.9847163       15.711242       15.711242
     0.57938106       14.837109       64.505757      0.41674429       0.6366768    -0.053421085       6.9847163        6.9847163       15.704786       15.704786
     0.57695644       14.836315       70.312107      0.60020064       1.1637662     -0.76396684       6.9847163        6.9847163       15.703198       15.703198
     0.57507467       14.834595       63.796623      0.50631694      0.81299155     -0.31930849       6.9847163        6.9847163       15.699757       15.699757
     0.57303951       14.833153       66.811063      0.57959815       1.0164529     -0.59605104       6.9847163        6.9847163       15.696873       15.696873
     0.57402838        14.82644       64.386827      0.13107795      0.23380402      0.63511803       6.9847163        6.9847163       15.683448       15.683448
     0.57117989       14.826428       64.926487      0.17754085      0.45272863      0.36973052       6.9847163        6.9847163       15.683424       15.683424
     0.56861465       14.825942       61.698633      0.21469391      0.36716475      0.41814133       6.9847163        6.9847163       15.682451       15.682451
     0.56782214       14.822348        62.93823      0.43382571      0.65260155    -0.086427267       6.9847163        6.9847163       15.675264       15.675264
     0.56616246       14.820288       61.871995      0.26181366      0.34953553      0.38865081       6.9847163        6.9847163       15.671144       15.671144
     0.56472869       14.817836        62.15917      0.26207714      0.48050972      0.25741315       6.9847163        6.9847163        15.66624        15.66624
     0.56350525       14.815018       62.200301      0.35107315      0.49602536      0.15290149       6.9847163        6.9847163       15.660603       15.660603
     0.56089581       14.814672       62.903208      0.18009514      0.37266351      0.44724135       6.9847163        6.9847163       15.659911       15.659911
     0.55866634       14.813667       73.305137       0.3179293      0.85377822     -0.17170752       6.9847163        6.9847163       15.657901       15.657901
     0.55616002       14.813175       67.090936       0.2644181      0.47010008      0.26548182       6.9847163        6.9847163       15.656918       15.656918
     0.55345186        14.81307       74.061738      0.52206806       1.1383349     -0.66040297       6.9847163        6.9847163       15.656707       15.656707
     0.55098356       14.812552       72.932681      0.54905502       1.1780344      -0.7270894       6.9847163        6.9847163       15.655671       15.655671
     0.54910986        14.81097       62.560434      0.16316068      0.23424073      0.60259858       6.9847163        6.9847163       15.652508       15.652508
     0.54723262       14.809407       61.698386      0.33515329      0.47417194      0.19067477       6.9847163        6.9847163       15.649382       15.649382
     0.54492665       14.808643       68.669544      0.28338661      0.54590147      0.17071192       6.9847163        6.9847163       15.647853       15.647853
     0.54244735       14.808215       65.082069      0.55110236      0.94534137     -0.49644373       6.9847163        6.9847163       15.646998       15.646998
     0.54105729       14.805794       61.406044      0.22392529      0.31830485      0.45776986       6.9847163        6.9847163       15.642155       15.642155
     0.53876415       14.805054       64.349606      0.24092838      0.36258721      0.39648441       6.9847163        6.9847163       15.640675       15.640675
     0.53653517       14.804211       72.755973      0.25775734      0.71673855     0.025504109       6.9847163        6.9847163        15.63899        15.63899
      0.5351787       14.801756       65.304301      0.52874745      0.97856397     -0.50731142       6.9847163        6.9847163       15.634079       15.634079
     0.53312086       14.800621       62.262138      0.31809152      0.57033876      0.11156972       6.9847163        6.9847163       15.631809       15.631809
     0.53080126       14.799994        62.63165      0.18438323      0.25891883      0.55669794       6.9847163        6.9847163       15.630555       15.630555
     0.52835589       14.799623        62.69658      0.42635697       0.7326917     -0.15904867       6.9847163        6.9847163       15.629814       15.629814
     0.52612228       14.798872       70.140079      0.56727943       1.0680253     -0.63530468       6.9847163        6.9847163       15.628312       15.628312
      0.5263915       14.793373       65.138199      0.54974705      0.95910341     -0.50885046       6.9847163        6.9847163       15.617314       15.617314
     0.52500489       14.791024       74.255875      0.47060322       1.0312539     -0.50185708       6.9847163        6.9847163       15.612615       15.612615
     0.52247794       14.790861       61.416692      0.25443357      0.36225738      0.38330905       6.9847163        6.9847163       15.612289       15.612289
     0.52060689        14.78946       62.590384      0.21862744      0.42416127      0.35721129       6.9847163        6.9847163       15.609488       15.609488
     0.51902025       14.787525       70.937959       0.2255127      0.65659234      0.11789496       6.9847163        6.9847163       15.605618       15.605618
     0.51707577       14.786292       69.493826      0.16884487      0.50974322      0.32141191       6.9847163        6.9847163       15.603151       15.603151
     0.51699898       14.781452       63.210169      0.45094105      0.78753846     -0.23847952       6.9847163        6.9847163       15.593472       15.593472
     0.51669424       14.777054       66.909058      0.44460021      0.94296223     -0.38756244       6.9847163        6.9847163       15.584676       15.584676
     0.51492326         14.7755       69.768261      0.25318288      0.54842125      0.19839587       6.9847163        6.9847163       15.581568       15.581568
      0.5142467       14.771827       62.974336      0.16464598      0.33206427      0.50328975       6.9847163        6.9847163       15.574222       15.574222
     0.51625948       14.762934       72.677346      0.30494478      0.82198634     -0.12693113       6.9847163        6.9847163       15.556435       15.556435
     0.51507781       14.760238        70.43547      0.45546936        1.039704     -0.49517333       6.9847163        6.9847163       15.551043       15.551043
     0.51277051       14.759739       64.857322      0.52161834      0.93727902     -0.45889737       6.9847163        6.9847163       15.550046       15.550046
     0.51050565       14.759179       63.949029      0.13095666      0.29191494       0.5771284       6.9847163        6.9847163       15.548925       15.548925
     0.50796846       14.759173       63.772539      0.49512002       0.8209354     -0.31605542       6.9847163        6.9847163       15.548914       15.548914
     0.50606339       14.757943       68.630987      0.19593135      0.56808319      0.23598546       6.9847163        6.9847163       15.546454       15.546454
     0.50380557       14.757427       62.053653      0.37704083      0.60962942     0.013329753       6.9847163        6.9847163       15.545422       15.545422
      0.5014249       14.757177       73.547538      0.46001522       1.0780879     -0.53810316       6.9847163        6.9847163       15.544921       15.544921
     0.49920778        14.75662       71.012225      0.54117384       1.0452135      -0.5863873       6.9847163        6.9847163       15.543808       15.543808
     0.49677415        14.75652       73.050942      0.43933405      0.92995395     -0.36928799       6.9847163        6.9847163       15.543607       15.543607
     0.49536214       14.754379        67.99494      0.26098536      0.68288644     0.056128202       6.9847163        6.9847163       15.539325       15.539325
     0.49445879       14.751216       74.311281      0.42854783       1.0278281     -0.45637595       6.9847163        6.9847163          15.533          15.533
     0.49216161       14.750886       63.066601      0.18245249      0.27491841       0.5426291       6.9847163        6.9847163       15.532339       15.532339
      0.4899918       14.750316       65.466337      0.52346374      0.87826187     -0.40172561       6.9847163        6.9847163         15.5312         15.5312
     0.48981064       14.745698       66.283012      0.23293183      0.58861931      0.17844886       6.9847163        6.9847163       15.521964       15.521964
     0.48783062       14.744762       74.303787      0.38646406      0.91327368     -0.29973774       6.9847163        6.9847163       15.520092       15.520092
     0.48628062       14.742957       71.142947      0.32378256      0.69142737    -0.015209932       6.9847163        6.9847163       15.516481       15.516481
     0.48588967       14.738773       68.359251      0.18500229      0.42973471      0.38526301       6.9847163        6.9847163       15.508114       15.508114
     0.48415339       14.737366        73.65067      0.45142259       1.0632215     -0.51464406       6.9847163        6.9847163       15.505299       15.505299
     0.48203966       14.736753       66.769169      0.14136754      0.34108642      0.51754604       6.9847163        6.9847163       15.504074       15.504074
       0.480164       14.735665       62.151152      0.35743745      0.53488658      0.10767597       6.9847163        6.9847163       15.501897       15.501897
     0.47886376       14.733388       63.853261      0.22577039      0.34272709      0.43150253       6.9847163        6.9847163       15.497344       15.497344
     0.47703195       14.732234       74.130211      0.35438454      0.88919395     -0.24357848       6.9847163        6.9847163       15.495035       15.495035
     0.47500067       14.731514       72.965309      0.40851443      0.99891674     -0.40743117       6.9847163        6.9847163       15.493595       15.493595
     0.47327029       14.730176       68.363656      0.38055968      0.88624936     -0.26680904       6.9847163        6.9847163       15.490919       15.490919
     0.47093263       14.730139       72.564356      0.26618805      0.71299744     0.020814512       6.9847163        6.9847163       15.490846       15.490846
     0.46896982       14.729329       62.214156      0.37061535      0.56415945     0.065225201       6.9847163        6.9847163       15.489225       15.489225
     0.46783463       14.726765       62.691407      0.26687123       0.5006921      0.23243668       6.9847163        6.9847163       15.484097       15.484097
     0.46722899       14.723073       66.927528      0.54996759      0.96701327     -0.51698086       6.9847163        6.9847163       15.476713       15.476713
     0.46682186       14.718956       66.229679      0.31561855      0.52879223      0.15558921       6.9847163        6.9847163        15.46848        15.46848
     0.46522971       14.717385       67.753194      0.23800839      0.63113432      0.13085729       6.9847163        6.9847163       15.465338       15.465338
     0.46304342       14.717109       63.218685       0.2228458      0.33156084      0.44559336       6.9847163        6.9847163       15.464785       15.464785
     0.46238618       14.713542          62.022      0.24711304      0.40865654      0.34423043       6.9847163        6.9847163       15.457651       15.457651
     0.46014498       14.713412       69.760362      0.57710459       1.1113254     -0.68842999       6.9847163        6.9847163       15.457392       15.457392
     0.45793597       14.713238       62.832226      0.17723656      0.28650019      0.53626325       6.9847163        6.9847163       15.457043       15.457043
     0.45800532       14.708099       71.477943      0.35608326      0.90004607     -0.25612933       6.9847163        6.9847163       15.446765       15.446765
     0.45583316       14.707865       66.151152      0.16505164       0.4422798      0.39266856       6.9847163        6.9847163       15.446297       15.446297
     0.45546933       14.703675       63.570793      0.19274909      0.40606279      0.40118812       6.9847163        6.9847163       15.437918       15.437918
     0.45370761       14.702563       66.436578      0.28736504      0.68382563     0.028809323       6.9847163        6.9847163       15.435694       15.435694
     0.45215196        14.70101       68.410154      0.16406885      0.46923149      0.36669966       6.9847163        6.9847163       15.432588       15.432588
     0.44995459       14.700895       64.356188      0.18422348      0.31092344      0.50485308       6.9847163        6.9847163       15.432357       15.432357
     0.44781768       14.700668       71.004431      0.24520149      0.60186146      0.15293706       6.9847163        6.9847163       15.431903       15.431903
      0.4459067       14.699956       63.807374      0.47784085      0.80039382     -0.27823467       6.9847163        6.9847163        15.43048        15.43048
     0.44391829       14.699438       64.750636       0.4819654      0.79001902     -0.27198442       6.9847163        6.9847163       15.429444       15.429444
     0.44258377       14.697462       70.226984      0.56647934       1.0950123     -0.66149161       6.9847163        6.9847163       15.425491       15.425491
      0.4429426       14.691663       71.706007      0.26351653      0.65394432     0.082539157       6.9847163        6.9847163       15.413894       15.413894
     0.44096072       14.691161       67.276167      0.55728491       1.0531985     -0.61048342       6.9847163        6.9847163       15.412889       15.412889
     0.43885853       14.690951       68.265978      0.48170306      0.85900859     -0.34071165       6.9847163        6.9847163        15.41247        15.41247
     0.43756775        14.68891       64.188648      0.26829384      0.41482795      0.31687821       6.9847163        6.9847163       15.408387       15.408387
     0.43611726       14.687243       64.336869      0.42144923      0.80280847      -0.2242577       6.9847163        6.9847163       15.405053       15.405053
      0.4340539       14.686998       72.336233      0.33886662      0.87441066     -0.21327728       6.9847163        6.9847163       15.404563       15.404563
     0.43198857       14.686779       63.335874      0.16391971      0.29896438      0.53711591       6.9847163        6.9847163       15.404126       15.404126
      0.4300981       14.686178       71.744312      0.30335779      0.69623687   0.00040534558       6.9847163        6.9847163       15.402923       15.402923
     0.42856907       14.684752       65.034059      0.51855681      0.90920056     -0.42775737       6.9847163        6.9847163       15.400071       15.400071
     0.42709447        14.68321       73.605186      0.37658818      0.93771671     -0.31430489       6.9847163        6.9847163       15.396988       15.396988
     0.42542212       14.682146       66.475283      0.21613153      0.55370509      0.23016338       6.9847163        6.9847163        15.39486        15.39486
     0.42506455          14.678       68.335001      0.16860274      0.47552351      0.35587375       6.9847163        6.9847163       15.386568       15.386568
     0.42308096        14.67769       66.884423      0.53217248       1.0244389     -0.55661135       6.9847163        6.9847163       15.385947       15.385947
     0.42164807       14.676095       67.688279      0.24605921      0.48145302      0.27248777       6.9847163        6.9847163       15.382757       15.382757
     0.42048993       14.673858       64.768739      0.14450566      0.32485402      0.53064031       6.9847163        6.9847163       15.378283       15.378283
      0.4187847       14.672933       66.897201      0.49050835      0.98598683     -0.47649517       6.9847163        6.9847163       15.376434       15.376434
     0.41686081        14.67255       73.956309      0.46322534       1.0487289     -0.51195428       6.9847163        6.9847163       15.375668       15.375668
     0.41504288       14.671934       63.005044      0.21631022      0.41292655      0.37076323       6.9847163        6.9847163       15.374435       15.374435
     0.41486135       14.667383       72.790347      0.51747432        1.119058     -0.63653229       6.9847163        6.9847163       15.365334       15.365334
     0.41406703       14.664313       64.082218      0.16595662      0.35733016      0.47671322       6.9847163        6.9847163       15.359193       15.359193
       0.412089       14.664114       70.790889      0.22504526      0.59349003       0.1814647       6.9847163        6.9847163       15.358795       15.358795
       0.410054       14.664076       63.381559      0.44150808      0.73917765     -0.18068574       6.9847163        6.9847163        15.35872        15.35872
     0.40808867       14.663893       62.366473      0.25557733       0.4338661      0.31055657       6.9847163        6.9847163       15.358354       15.358354
     0.40626379       14.663387        70.34177      0.55445701       1.0749464      -0.6294034       6.9847163        6.9847163       15.357342       15.357342
     0.40437814       14.663052       62.528817      0.22391088      0.38274165      0.39334747       6.9847163        6.9847163       15.356672       15.356672
     0.40245989        14.66282       73.741512      0.45318269       1.0036523     -0.45683503       6.9847163        6.9847163       15.356208       15.356208
     0.40097029        14.66154        70.18749      0.22134244      0.55418833      0.22446923       6.9847163        6.9847163       15.353648       15.353648
     0.39993514       14.659138       68.228231      0.47485428       1.0059993     -0.48085357       6.9847163        6.9847163       15.348844       15.348844
     0.39862543       14.657431       73.477311      0.47141187       1.0711855     -0.54259734       6.9847163        6.9847163       15.345429       15.345429
     0.39670845       14.657263       66.415502      0.39938416      0.85211889     -0.25150305       6.9847163        6.9847163       15.345094       15.345094
      0.3949705       14.656666       71.115643      0.23799454      0.61852761      0.14347786       6.9847163        6.9847163         15.3439         15.3439
     0.39352413       14.655348       70.724516      0.55856856       1.1247116     -0.68328012       6.9847163        6.9847163       15.341263       15.341263
      0.3916125       14.655229       72.080871      0.35479016      0.77971506     -0.13450522       6.9847163        6.9847163       15.341026       15.341026
     0.38968649       14.655172       66.739867      0.51697354       0.9009666     -0.41794013       6.9847163        6.9847163       15.340912       15.340912
     0.38843573       14.653399       71.048201       0.2339034      0.61789086      0.14820574       6.9847163        6.9847163       15.337366       15.337366
     0.38716281       14.651694       70.721161      0.39954088      0.95295351     -0.35249439       6.9847163        6.9847163       15.333956       15.333956
     0.38532605       14.651462       62.385163       0.3104891      0.48113455      0.20837635       6.9847163        6.9847163       15.333492       15.333492
     0.38463784       14.648262       66.672477      0.26864713       0.4835486      0.24780427       6.9847163        6.9847163       15.327092       15.327092
     0.38284941       14.647935       72.446819      0.29636489      0.73290333    -0.029268222       6.9847163        6.9847163       15.326438       15.326438
     0.38113134       14.647446        70.48514      0.49103087      0.94552757     -0.43655845       6.9847163        6.9847163       15.325459       15.325459
     0.38011347       14.645132       65.312119      0.20732125      0.49501613      0.29766263       6.9847163        6.9847163       15.320832       15.320832
     0.37893932       14.643239       64.000414       0.3567763      0.55567033     0.087553369       6.9847163        6.9847163       15.317045       15.317045
     0.37729761       14.642592       65.551962        0.292601      0.65729247     0.050106525       6.9847163        6.9847163       15.315752       15.315752
     0.37554443       14.642262       71.793414      0.28229853      0.68517024     0.032531228       6.9847163        6.9847163       15.315092       15.315092
     0.37403084       14.641314       65.137049       0.1546334      0.36020944      0.48515716       6.9847163        6.9847163       15.313195       15.313195
     0.37327747       14.638343       66.804443      0.41774081      0.88783823     -0.30557905       6.9847163        6.9847163       15.307253       15.307253
     0.37233655       14.635878       63.381508      0.42474588      0.69494322      -0.1196891       6.9847163        6.9847163       15.302324       15.302324
      0.3704971       14.635844       65.257408      0.50775809      0.91178439     -0.41954249       6.9847163        6.9847163       15.302255       15.302255
     0.36898033       14.634959       69.271621      0.34178919      0.83519036     -0.17697955       6.9847163        6.9847163       15.300485       15.300485
     0.36779614       14.633186       63.326237      0.25458255      0.49410202      0.25131543       6.9847163        6.9847163       15.296939       15.296939
     0.36698692       14.630401        67.27726       0.4621051      0.95934572     -0.42145082       6.9847163        6.9847163       15.291369       15.291369
     0.36561631       14.629154       73.779052       0.4263444      0.97284376     -0.39918816       6.9847163        6.9847163       15.288876       15.288876
     0.36399457       14.628612       63.357532      0.31142858      0.58898446     0.099586957       6.9847163        6.9847163       15.287792       15.287792
     0.36285356       14.626765       62.479977      0.28604826      0.45691001      0.25704174       6.9847163        6.9847163       15.284097       15.284097
      0.3626616       14.622306       70.160169      0.52103575        1.095612     -0.61664776       6.9847163        6.9847163        15.27518        15.27518
     0.36091542       14.622145         67.4625       0.2067717      0.54851236      0.24471594       6.9847163        6.9847163       15.274858       15.274858
     0.35942557       14.621295       66.032712      0.50185395      0.86500292     -0.36685687       6.9847163        6.9847163       15.273157       15.273157
     0.35783048       14.620755       73.160371      0.36211321      0.90200099      -0.2641142       6.9847163        6.9847163       15.272077       15.272077
     0.35650881       14.619468       66.694904      0.16208867      0.38910489      0.44880644       6.9847163        6.9847163       15.269503       15.269503
     0.35484323       14.619162       65.138449      0.18204443      0.34756147       0.4703941       6.9847163        6.9847163       15.268892       15.268892
     0.35310717        14.61908       71.134519      0.50605513        1.000537     -0.50659217       6.9847163        6.9847163       15.268727       15.268727
     0.35148578       14.618694         63.7576      0.41034214      0.74136309     -0.15170523       6.9847163        6.9847163       15.267956       15.267956
     0.34981825       14.618463        68.78535      0.52622439       1.0694791     -0.59570348       6.9847163        6.9847163       15.267493       15.267493
     0.34847943        14.61731       66.736257      0.38442076      0.66121348    -0.045634237       6.9847163        6.9847163       15.265187       15.265187
     0.34687045        14.61695       65.478563      0.41408896      0.68333823    -0.097427189       6.9847163        6.9847163       15.264467       15.264467
     0.34522389        14.61672       68.991549      0.42150044      0.78323557     -0.20473601       6.9847163        6.9847163       15.264008       15.264008
     0.34438095       14.614178       73.129324      0.41193863      0.98544923     -0.39738786       6.9847163        6.9847163       15.258923       15.258923
     0.34268683       14.614122       73.361431      0.47491055       1.0551949     -0.53010548       6.9847163        6.9847163       15.258811       15.258811
     0.34296457       14.608324       69.533828      0.27110512      0.71206694     0.016827943       6.9847163        6.9847163       15.247216       15.247216
     0.34134203       14.608078       67.238515      0.52781472       1.0183079     -0.54612266       6.9847163        6.9847163       15.246724       15.246724
     0.33981601       14.607572       66.850758      0.23672688      0.45419865      0.30907447       6.9847163        6.9847163       15.245711       15.245711
     0.33816967        14.60744       71.069425      0.52075376       1.0320334      -0.5527872       6.9847163        6.9847163       15.245448       15.245448
     0.33755934        14.60426       63.384178      0.37750073      0.59986799     0.022631281       6.9847163        6.9847163       15.239087       15.239087
     0.33591781       14.604146       69.018141      0.44730342      0.82927673     -0.27658015       6.9847163        6.9847163        15.23886        15.23886
     0.33512687       14.601517       72.435879      0.34252544      0.86691285     -0.20943829       6.9847163        6.9847163       15.233601       15.233601
     0.33404496       14.599762        67.32127       0.4821678      0.97974068     -0.46190848       6.9847163        6.9847163       15.230092       15.230092
     0.33309846       14.597612       64.817578      0.26177471      0.57051065      0.16771464       6.9847163        6.9847163       15.225792       15.225792
     0.33149261       14.597457       69.337136      0.20385492      0.54791762      0.24822746       6.9847163        6.9847163       15.225482       15.225482
     0.33113818        14.59354        64.93211      0.33248098      0.54084344      0.12667559       6.9847163        6.9847163       15.217647       15.217647
     0.32999986       14.591996       63.835294      0.41788071      0.68306463     -0.10094534       6.9847163        6.9847163        15.21456        15.21456
     0.32901091       14.590009       72.224299      0.31176282      0.74783507    -0.059597885       6.9847163        6.9847163       15.210586       15.210586
     0.32748697       14.589665       65.094769      0.38212158      0.62534329    -0.007464865       6.9847163        6.9847163       15.209897       15.209897
     0.32659558       14.587403       72.518724      0.40330054      0.87774029     -0.28104083       6.9847163        6.9847163       15.205373       15.205373
     0.32538433       14.586131       68.431398      0.54349755       1.0180211     -0.56151867       6.9847163        6.9847163        15.20283        15.20283
     0.32391555       14.585668       64.756828      0.39352609      0.76946875     -0.16299484       6.9847163        6.9847163       15.201903       15.201903
     0.32233238        14.58558       66.797365       0.2737786       0.6560426     0.070178803       6.9847163        6.9847163       15.201727       15.201727
     0.32087857       14.585112        65.15971      0.46619521      0.78720538     -0.25340059       6.9847163        6.9847163       15.200792       15.200792
     0.32007911        14.58262       66.308671      0.40861926      0.69625883     -0.10487809       6.9847163        6.9847163       15.195807       15.195807
     0.31908602        14.58074       70.965539      0.25275988      0.64072155      0.10651858       6.9847163        6.9847163       15.192047       15.192047
     0.31777415       14.579872       69.005954      0.45486976      0.99014981     -0.44501957       6.9847163        6.9847163       15.190311       15.190311
     0.31660795       14.578561       63.492508       0.2450389      0.40079411      0.35416699       6.9847163        6.9847163       15.187689       15.187689
      0.3151337       14.578241       69.259441      0.53232774       1.0085009     -0.54082868       6.9847163        6.9847163       15.187049       15.187049
     0.31366656       14.577919       66.719361      0.46643413      0.93805752     -0.40449165       6.9847163        6.9847163       15.186406       15.186406
     0.31226988       14.577395       69.798098      0.46895828       1.0245486     -0.49350692       6.9847163        6.9847163       15.185357       15.185357
     0.31086805       14.576906       69.177789      0.43617139      0.81828115     -0.25445254       6.9847163        6.9847163        15.18438        15.18438
     0.31075807       14.572272       70.745397      0.33360495      0.71227774    -0.045882688       6.9847163        6.9847163       15.175112       15.175112
     0.30923681       14.572192       63.580466       0.2199779      0.38013264      0.39988947       6.9847163        6.9847163       15.174952       15.174952
     0.30863727       14.569145       64.675216      0.19281535      0.41769927      0.38948538       6.9847163        6.9847163       15.168858       15.168858
     0.30731493       14.568451       66.563685      0.22920556      0.56344893      0.20734551       6.9847163        6.9847163        15.16747        15.16747
     0.30582338       14.568329       67.266721      0.20761307      0.44426962      0.34811731       6.9847163        6.9847163       15.167226       15.167226
     0.30513652       14.565591       66.197593      0.42804057      0.87080048     -0.29884105       6.9847163        6.9847163       15.161749       15.161749
     0.30397438       14.564418       64.645297      0.31514366       0.5141011      0.17075524       6.9847163        6.9847163       15.159404       15.159404
     0.30253716        14.56417       72.185937      0.32212121      0.81915068     -0.14127189       6.9847163        6.9847163       15.158908       15.158908
     0.30110481       14.563928       70.054741       0.5357846       1.0472319     -0.58301645       6.9847163        6.9847163       15.158424       15.158424
     0.29976328       14.563407        71.27823      0.31440544      0.80531622     -0.11972166       6.9847163        6.9847163       15.157381       15.157381
      0.2982928       14.563337       71.348576      0.39493174      0.94343991     -0.33837165       6.9847163        6.9847163       15.157241       15.157241
      0.2981032       14.558984         69.6393      0.22118058      0.58449712       0.1943223       6.9847163        6.9847163       15.148536       15.148536
     0.29699165       14.557733       63.574355      0.23783601       0.4513346      0.31082939       6.9847163        6.9847163       15.146033       15.146033
     0.29575565       14.556916       69.447303      0.49048045      0.92743495      -0.4179154       6.9847163        6.9847163       15.144399       15.144399
     0.29490235       14.554818       72.863737      0.46800485        1.017045     -0.48504988       6.9847163        6.9847163       15.140203       15.140203
     0.29375818       14.553718       63.152347      0.34345688      0.56909604     0.087447089       6.9847163        6.9847163       15.138003       15.138003
     0.29248839       14.553062       72.206699      0.39877173      0.86392223     -0.26269396       6.9847163        6.9847163       15.136691       15.136691
     0.29138387       14.551858       67.753678      0.44980702      0.94753172     -0.39733874       6.9847163        6.9847163       15.134283       15.134283
     0.29000321        14.55162       66.052402       0.5012628      0.92924013     -0.43050293       6.9847163        6.9847163       15.133807       15.133807
     0.28875492       14.550945       72.934371      0.46513483       1.0333928     -0.49852761       6.9847163        6.9847163       15.132458       15.132458
     0.28832693       14.547442       71.272585      0.36021938      0.77202386     -0.13224324       6.9847163        6.9847163       15.125451       15.125451
     0.28758499        14.54503       63.189713      0.33910088      0.56621337     0.094685743       6.9847163        6.9847163       15.120628       15.120628
     0.28664766       14.543307       66.596939      0.46578121      0.81360077     -0.27938198       6.9847163        6.9847163       15.117182       15.117182
     0.28522641        14.54329       68.977538      0.23161226      0.53480608      0.23358166       6.9847163        6.9847163       15.117148       15.117148
     0.28410328       14.542248       63.156929      0.32500711      0.54464861      0.13034429       6.9847163        6.9847163       15.115064       15.115064
     0.28295885       14.541298       64.165965      0.20950245      0.41593094      0.37456661       6.9847163        6.9847163       15.113163       15.113163
     0.28157603       14.541209       64.728432      0.36700815      0.60306584     0.029926013       6.9847163        6.9847163       15.112986       15.112986
     0.28128291       14.537263       65.833005      0.27717708         0.62503     0.097792923       6.9847163        6.9847163       15.105094       15.105094
     0.28016799       14.536247       73.125414      0.39665031      0.93263248     -0.32928279       6.9847163        6.9847163       15.103061       15.103061
     0.27940599       14.533983       66.298669      0.18622286       0.4439077      0.36986943       6.9847163        6.9847163       15.098534       15.098534
      0.2783668       14.532721       64.562904      0.42460592      0.78215234     -0.20675826       6.9847163        6.9847163        15.09601        15.09601
     0.27705741       14.532449       70.378023      0.25930563      0.62302414      0.11767023       6.9847163        6.9847163       15.095465       15.095465
     0.27608051       14.530993       63.435306      0.25372158      0.44625575      0.30002268       6.9847163        6.9847163       15.092554       15.092554
     0.27544274       14.528319       63.933188       0.2418387      0.41712467      0.34103663       6.9847163        6.9847163       15.087205       15.087205
     0.27416122       14.527995       69.271386      0.49796198      0.94294489     -0.44090687       6.9847163        6.9847163       15.086557       15.086557
     0.27301332       14.527203       73.029513      0.43591854      0.98611867     -0.42203721       6.9847163        6.9847163       15.084973       15.084973
     0.27213609       14.525433       63.858867      0.40143008      0.69007299    -0.091503071       6.9847163        6.9847163       15.081434       15.081434
       0.271062         14.5244       66.164496      0.47495753      0.83096689     -0.30592442       6.9847163        6.9847163       15.079368       15.079368
     0.27018482       14.522655       66.670167      0.46233942      0.92173978     -0.38407921       6.9847163        6.9847163       15.075877       15.075877
     0.26980511       14.519073       69.019238      0.21733699      0.54994717      0.23271584       6.9847163        6.9847163       15.068714       15.068714
     0.26851082       14.518894       64.751901      0.36565156        0.718402    -0.084053558       6.9847163        6.9847163       15.068356       15.068356
     0.26727118       14.518535       70.459186      0.46899823      0.92400412     -0.39300235       6.9847163        6.9847163       15.067637       15.067637
     0.26635847       14.516968       70.744794      0.45483234       1.0139991     -0.46883145       6.9847163        6.9847163       15.064503       15.064503
     0.26578118       14.514149       68.444765      0.45932872      0.84809384     -0.30742255       6.9847163        6.9847163       15.058866       15.058866
     0.26450419       14.513979       70.353969      0.46567626      0.91523104      -0.3809073       6.9847163        6.9847163       15.058525       15.058525
     0.26422539       14.510045       68.964351      0.21962503      0.56143067       0.2189443       6.9847163        6.9847163       15.050658       15.050658
     0.26311411       14.509272       72.904041      0.40012696      0.91876771     -0.31889467       6.9847163        6.9847163       15.049112       15.049112
     0.26202584        14.50843       64.870647      0.22030808      0.46997094      0.30972098       6.9847163        6.9847163       15.047427       15.047427
      0.2610841       14.507043       70.536848      0.27176462      0.70135747     0.026877907       6.9847163        6.9847163       15.044653       15.044653
     0.25996639       14.506346       66.972351        0.209706      0.51683088      0.27346312       6.9847163        6.9847163       15.043259       15.043259
     0.25889791       14.505476       70.713606      0.33388839      0.82729732     -0.16118571       6.9847163        6.9847163        15.04152        15.04152
      0.2577394       14.504973       68.155486      0.28710002      0.70213214     0.010767836       6.9847163        6.9847163       15.040514       15.040514
     0.25661976        14.50434       66.843952      0.21641325      0.45448235      0.32910439       6.9847163        6.9847163       15.039247       15.039247
     0.25603398       14.501638       72.094781      0.33942435      0.83804658     -0.17747093       6.9847163        6.9847163       15.033843       15.033843
     0.25485191       14.501277       66.231127      0.20362688      0.42984828      0.36652484       6.9847163        6.9847163       15.033122       15.033122
      0.2539149       14.499973       63.730859      0.27283632      0.50492698       0.2222367       6.9847163        6.9847163       15.030514       15.030514
     0.25284137       14.499222       66.473151      0.23559569      0.55993809      0.20446621       6.9847163        6.9847163       15.029012       15.029012
     0.25211567       14.497109       68.379459      0.23381702      0.59754736      0.16863561       6.9847163        6.9847163       15.024786       15.024786
     0.25103278       14.496426        65.01567      0.41414202      0.78790652     -0.20204854       6.9847163        6.9847163        15.02342        15.02342
     0.25047144       14.493678       69.465203      0.49198586       1.0297654     -0.52175125       6.9847163        6.9847163       15.017923       15.017923
      0.2493657       14.493115       69.243842      0.51114806       1.0397952     -0.55094326       6.9847163        6.9847163       15.016797       15.016797
     0.24876776       14.490528       70.893355      0.49027333       1.0498583     -0.54013167       6.9847163        6.9847163       15.011623       15.011623
     0.24760732       14.490215        66.66681        0.443409      0.89410513     -0.33751413       6.9847163        6.9847163       15.010998       15.010998
     0.24657238       14.489417        70.79334      0.50038245       1.0074434     -0.50782589       6.9847163        6.9847163       15.009401       15.009401
     0.24543235       14.489063       67.786271      0.30294935      0.58529618      0.11175448       6.9847163        6.9847163       15.008694       15.008694
     0.24426866       14.488828       64.678207      0.26990351      0.55557164      0.17452485       6.9847163        6.9847163       15.008224       15.008224
     0.24306167       14.488794       68.051838      0.42835546      0.91904359     -0.34739905       6.9847163        6.9847163       15.008156       15.008156
     0.24232781       14.486831       65.951214      0.35886611      0.62142856     0.019705339       6.9847163        6.9847163       15.004229       15.004229
     0.24112243       14.486829       64.173678      0.30303561      0.50974407      0.18722033       6.9847163        6.9847163       15.004226       15.004226
     0.24030002       14.485259       70.761262      0.27584001      0.67320146      0.05095853       6.9847163        6.9847163       15.001085       15.001085
     0.23920544       14.484836       68.860372      0.22831745      0.58092766      0.19075489       6.9847163        6.9847163        15.00024        15.00024
     0.23814634       14.484287       63.807567      0.31773627      0.53667579      0.14558793       6.9847163        6.9847163       14.999141       14.999141
     0.23702434       14.484021       68.328748      0.33136692      0.77987705     -0.11124398       6.9847163        6.9847163        14.99861        14.99861
     0.23592529       14.483682       67.901626       0.4197886      0.76858883     -0.18837742       6.9847163        6.9847163       14.997931       14.997931
      0.2348497       14.483263       67.892032      0.51681492      0.98516585     -0.50198077       6.9847163        6.9847163       14.997094       14.997094
     0.23414557       14.481278       69.988554      0.50916284       1.0488964     -0.55805928       6.9847163        6.9847163       14.993124       14.993124
     0.23315905       14.480514       65.001847      0.21333561      0.43319026      0.35347413       6.9847163        6.9847163       14.991595       14.991595
     0.23200019       14.480509       69.161169      0.49606312      0.94656875     -0.44263187       6.9847163        6.9847163       14.991585       14.991585
     0.23094105       14.480096       69.546225      0.24055848      0.60693022       0.1525113       6.9847163        6.9847163        14.99076        14.99076
     0.23010627       14.478731       65.034323       0.2354885      0.43709847      0.32741304       6.9847163        6.9847163       14.988029       14.988029
     0.22946037       14.476554        70.98285      0.50262863       1.0493457      -0.5519743       6.9847163        6.9847163       14.983675       14.983675
     0.22841014       14.476153       72.350062      0.42456867      0.97390681     -0.39847548       6.9847163        6.9847163       14.982874       14.982874
     0.22731108       14.475989       64.805143      0.41837216      0.77159004      -0.1899622       6.9847163        6.9847163       14.982546       14.982546
     0.22628623       14.475521       64.103057      0.27830985      0.48102134      0.24066881       6.9847163        6.9847163       14.981609       14.981609
     0.22518208       14.475425       67.145935      0.50359272      0.93393926     -0.43753198       6.9847163        6.9847163       14.981417       14.981417
     0.22406557       14.475407       70.033577      0.50753362       1.0020773     -0.50961088       6.9847163        6.9847163       14.981382       14.981382
     0.22320222       14.474281        64.92242      0.43143758      0.74996786     -0.18140544       6.9847163        6.9847163       14.979129       14.979129
     0.22212843       14.474116        70.21399      0.45955719      0.90662823     -0.36618543       6.9847163        6.9847163       14.978799       14.978799
     0.22116282       14.473484       67.940046      0.21848484      0.54318754      0.23832762       6.9847163        6.9847163       14.977536       14.977536
     0.22025887       14.472592       67.646298      0.50780306      0.97805906     -0.48586211       6.9847163        6.9847163       14.975752       14.975752
     0.21926319       14.472136       72.624172      0.40162046      0.92341921     -0.32503966       6.9847163        6.9847163       14.974839       14.974839
     0.21880164       14.469255       71.998967      0.40925007      0.88892322     -0.29817329       6.9847163        6.9847163       14.969078       14.969078
     0.21811619       14.467405       70.917202      0.30991835      0.77522891    -0.085147266       6.9847163        6.9847163       14.965378       14.965378
     0.21737963       14.465801       71.643084      0.46713977       1.0244468      -0.4915866       6.9847163        6.9847163       14.962169       14.962169
     0.21641786       14.465247       64.093254      0.28571922      0.49572757      0.21855321       6.9847163        6.9847163       14.961062       14.961062
     0.21554123       14.464318       69.695362       0.4396179      0.96848634     -0.40810424       6.9847163        6.9847163       14.959204       14.959204
      0.2145311       14.464028        72.26198      0.45004352      0.98072709     -0.43077061       6.9847163        6.9847163       14.958624       14.958624
     0.21387107       14.462123        64.97988      0.40183231      0.76203086     -0.16386317       6.9847163        6.9847163       14.954813       14.954813
     0.21294278       14.461485        65.99414      0.43055202      0.75277952     -0.18333154       6.9847163        6.9847163       14.953537       14.953537
     0.21191545       14.461333       64.093175      0.30518529      0.52396714      0.17084758       6.9847163        6.9847163       14.953234       14.953234
     0.21091764       14.461065       71.989166       0.3738446      0.89303437     -0.26687897       6.9847163        6.9847163       14.952698       14.952698
     0.20996229       14.460617       63.924696      0.32523315      0.56132241      0.11344444       6.9847163        6.9847163       14.951802       14.951802
     0.20896056       14.460413        72.02296       0.4071372      0.94693335     -0.35407055       6.9847163        6.9847163       14.951393       14.951393
     0.20826975       14.458736        70.76486      0.31552927      0.78435536    -0.099884638       6.9847163        6.9847163        14.94804        14.94804
     0.20751101       14.457398       67.886856      0.35880078       0.6735154    -0.032316172       6.9847163        6.9847163       14.945364       14.945364
     0.20690818       14.455321       65.630458      0.21905924      0.47622099      0.30471977       6.9847163        6.9847163       14.941209       14.941209
     0.20602187       14.454626       69.834852      0.27081071      0.62765607      0.10153322       6.9847163        6.9847163       14.939819       14.939819
     0.20512816       14.453986       65.226793      0.31603904      0.65172183     0.032239134       6.9847163        6.9847163       14.938539       14.938539
     0.20419478       14.453559       64.530838      0.26261068      0.47130939      0.26607992       6.9847163        6.9847163       14.937685       14.937685
     0.20326931       14.453113       71.303477      0.45400416      0.93998729     -0.39399145       6.9847163        6.9847163       14.936794       14.936794
     0.20242535       14.452287       68.481617      0.23925842      0.54656263      0.21417896       6.9847163        6.9847163       14.935141       14.935141
     0.20141907       14.452283       69.871224      0.28145128      0.70785927     0.010689453       6.9847163        6.9847163       14.935133       14.935133
      0.2004685       14.452026       66.715318        0.426018      0.75811462     -0.18413262       6.9847163        6.9847163       14.934619       14.934619
     0.19949965       14.451882       69.648253      0.37464396      0.87199869     -0.24664266       6.9847163        6.9847163       14.934332       14.934332
     0.19854521       14.451691       65.837181      0.35839099      0.74217434     -0.10056533       6.9847163        6.9847163       14.933949       14.933949
     0.19757588       14.451597       65.460458      0.33258828      0.68760152    -0.020189801       6.9847163        6.9847163       14.933762       14.933762
       0.196641       14.451353       67.278947      0.38953172       0.7073568    -0.096888521       6.9847163        6.9847163       14.933274       14.933274
       0.195844       14.450426       69.461039      0.47235517      0.91262049     -0.38497566       6.9847163        6.9847163        14.93142        14.93142
     0.19514011       14.449039       72.357004      0.39011881      0.90637603     -0.29649485       6.9847163        6.9847163       14.928646       14.928646
     0.19465045       14.446564       65.866793      0.42567152      0.74561387     -0.17128539       6.9847163        6.9847163       14.923696       14.923696
     0.19386144       14.445639       70.807446      0.28919049      0.71299288   -0.0021833702       6.9847163        6.9847163       14.921845       14.921845
     0.19374628       14.441246       64.450022      0.25847556      0.49368611      0.24783833       6.9847163        6.9847163       14.913059       14.913059
     0.19287238       14.440778       67.309062      0.46731213      0.93252183     -0.39983396       6.9847163        6.9847163       14.912124       14.912124
     0.19196273       14.440518       67.544932      0.41334272      0.75583771     -0.16918043       6.9847163        6.9847163       14.911604       14.911604
     0.19103423       14.440379        71.40059       0.4694667      0.98062692     -0.45009362       6.9847163        6.9847163       14.911326       14.911326
     0.19012867       14.440144       69.049606      0.37769383      0.86343984     -0.24113367       6.9847163        6.9847163       14.910855       14.910855
     0.18923557       14.439864       65.053584      0.42743486      0.77022784      -0.1976627       6.9847163        6.9847163       14.910296       14.910296
     0.18830574       14.439803       66.703875      0.24228457      0.49147523       0.2662402       6.9847163        6.9847163       14.910173       14.910173
     0.18751063       14.439046       67.490155      0.22716717      0.54702097      0.22581186       6.9847163        6.9847163        14.90866        14.90866
      0.1865891       14.438986       71.515176      0.44479353      0.99248572     -0.43727925       6.9847163        6.9847163       14.908539       14.908539
     0.18566399       14.438969       69.811006      0.45377728      0.88996592      -0.3437432       6.9847163        6.9847163       14.908505       14.908505
      0.1849249       14.437969       70.355089      0.29369752      0.67631333     0.029989145       6.9847163        6.9847163       14.906506       14.906506
     0.18410671       14.437417       65.291848      0.23323213      0.45924987        0.307518       6.9847163        6.9847163       14.905401       14.905401
     0.18320723       14.437327       69.898888       0.2999848      0.74308069     -0.04306549       6.9847163        6.9847163       14.905221       14.905221
     0.18254604       14.435955       64.185879      0.32588924      0.56931636      0.10479439       6.9847163        6.9847163       14.902477       14.902477
     0.18215954       14.433086       67.031788      0.41777176      0.86487775     -0.28264951       6.9847163        6.9847163        14.89674        14.89674
      0.1813056       14.432798        64.25245      0.33464231      0.61497995     0.050377735       6.9847163        6.9847163       14.896163       14.896163
     0.18044531       14.432567       70.258557      0.31647684      0.77743858    -0.093915422       6.9847163        6.9847163       14.895701       14.895701
     0.17966714       14.431901       70.797795      0.48191177       1.0232706     -0.50518236       6.9847163        6.9847163       14.894369       14.894369
     0.17881498       14.431667       69.273365      0.40444239      0.78943837     -0.19388076       6.9847163        6.9847163       14.893902       14.893902
     0.17809873       14.430693       68.187637      0.41012984      0.88901096      -0.2991408       6.9847163        6.9847163       14.891954       14.891954
      0.1772307       14.430591       69.952553      0.50211185       1.0151555     -0.51726733       6.9847163        6.9847163        14.89175        14.89175
     0.17637208        14.43046       65.325282      0.33853486      0.58986918     0.071595959       6.9847163        6.9847163       14.891488       14.891488
     0.17586509       14.428352       68.419254      0.48775581      0.98316545     -0.47092126       6.9847163        6.9847163       14.887271       14.887271
     0.17503426       14.428099       66.489857       0.4261028       0.8540342       -0.280137       6.9847163        6.9847163       14.886766       14.886766
     0.17433228        14.42713       71.986938      0.37578978       0.8556707     -0.23146048       6.9847163        6.9847163       14.884828       14.884828
     0.17349363       14.426966       66.960946      0.48495302      0.90764566     -0.39259869       6.9847163        6.9847163       14.884499       14.884499
     0.17270623       14.426527        66.84655      0.34533795      0.75360534    -0.098943281       6.9847163        6.9847163       14.883621       14.883621
     0.17238783       14.423384       66.196567      0.43611021      0.77683294     -0.21294315       6.9847163        6.9847163       14.877336       14.877336
     0.17160465        14.42295       69.191206      0.35251401      0.82371893     -0.17623294       6.9847163        6.9847163       14.876468       14.876468
     0.17088305       14.422176       64.877489      0.25403659      0.48199517      0.26396824       6.9847163        6.9847163        14.87492        14.87492
     0.17016507         14.4214       71.464213      0.35011715      0.84077663     -0.19089377       6.9847163        6.9847163       14.873367       14.873367
     0.16933775       14.421286       67.122753       0.2996556      0.57403846      0.12630595       6.9847163        6.9847163        14.87314        14.87314
     0.16850394       14.421235       71.635505      0.36666083      0.87052286     -0.23718369       6.9847163        6.9847163       14.873037       14.873037
     0.16767278       14.421192       70.949156      0.33899547      0.82123359     -0.16022905       6.9847163        6.9847163       14.872951       14.872951
     0.16688836       14.420893       65.561452       0.4410263      0.79799188     -0.23901818       6.9847163        6.9847163       14.872354       14.872354
     0.16640957       14.418779       69.015106      0.48150388      0.99175755     -0.47326142       6.9847163        6.9847163       14.868125       14.868125
     0.16569945       14.418068       67.448949      0.29859703        0.691364     0.010038977       6.9847163        6.9847163       14.866703       14.866703
     0.16490892       14.417862       65.688863      0.31005471      0.65315638     0.036788904       6.9847163        6.9847163       14.866292       14.866292
     0.16412065       14.417667       67.627147      0.26578672       0.6333356      0.10087768       6.9847163        6.9847163       14.865901       14.865901
     0.16331418       14.417605       67.405709         0.27939      0.55706133      0.16354867       6.9847163        6.9847163       14.865778       14.865778
     0.16250804       14.417566       71.708622      0.43341016      0.97082645     -0.40423661       6.9847163        6.9847163       14.865699       14.865699
     0.16173655       14.417337       69.840692      0.39948639      0.80167424     -0.20116063       6.9847163        6.9847163       14.865242       14.865242
     0.16103851       14.416674       69.113397      0.27062255      0.66826266     0.061114795       6.9847163        6.9847163       14.863916       14.863916
     0.16025523       14.416563       66.205558      0.23607139      0.52635221       0.2375764       6.9847163        6.9847163       14.863693       14.863693
     0.15949399       14.416337       66.771031      0.23752814      0.54845287        0.214019       6.9847163        6.9847163       14.863242       14.863242
     0.15886854       14.415278        66.30122      0.39723379      0.70657232      -0.1038061       6.9847163        6.9847163       14.861124       14.861124
     0.15808494       14.415236        67.31937      0.23083551      0.51493075      0.25423374       6.9847163        6.9847163       14.861039       14.861039
     0.15735647       14.414866       64.599263       0.2847262      0.54899195      0.16628185       6.9847163        6.9847163         14.8603         14.8603
      0.1567256       14.413897       70.614484      0.48110135       1.0139619     -0.49506325       6.9847163        6.9847163       14.858361       14.858361
     0.15596848       14.413752       64.693003       0.3436581      0.65375094    0.0025909561       6.9847163        6.9847163       14.858071       14.858071
     0.15524338       14.413423        68.71054      0.27227817      0.66628865     0.061433178       6.9847163        6.9847163       14.857414       14.857414
      0.1546978       14.411956       68.529273      0.24765154      0.57014073      0.18220772       6.9847163        6.9847163        14.85448        14.85448
     0.15401637       14.411383       67.967952       0.3727739       0.7048895    -0.077663398       6.9847163        6.9847163       14.853334       14.853334
     0.15328281       14.411171       68.095056      0.43553237      0.81416693      -0.2496993       6.9847163        6.9847163       14.852909       14.852909
     0.15262818       14.410463       71.809811      0.36175157      0.84541048     -0.20716205       6.9847163        6.9847163       14.851494       14.851494
     0.15191961       14.410128       68.502352       0.3083293      0.73204785     -0.04037715       6.9847163        6.9847163       14.850824       14.850824
     0.15119842       14.409899       66.813093      0.42294586      0.85876075     -0.28170661       6.9847163        6.9847163       14.850366       14.850366
     0.15065481       14.408514       66.158903       0.2739971      0.52071696      0.20528594       6.9847163        6.9847163       14.847596       14.847596
      0.1500949       14.407249       70.477307      0.36689426      0.86408901     -0.23098327       6.9847163        6.9847163       14.845066       14.845066
     0.14948296       14.406348       70.027618      0.33095149      0.71101555    -0.041967034       6.9847163        6.9847163       14.843263       14.843263
     0.14876826       14.406153       65.912726      0.28971366      0.62377245     0.086513884       6.9847163        6.9847163       14.842873       14.842873
     0.14810321       14.405646       71.789315      0.37143476      0.84814618     -0.21958094       6.9847163        6.9847163       14.841859       14.841859
     0.14743047        14.40521       71.774512      0.36517685      0.85360279     -0.21877964       6.9847163        6.9847163       14.840988       14.840988
     0.14682748       14.404321       66.319492      0.38106495      0.78408929     -0.16515424       6.9847163        6.9847163        14.83921        14.83921
     0.14624493        14.40331       67.055992      0.24982088      0.58088237      0.16929675       6.9847163        6.9847163       14.837187       14.837187
     0.14552577       14.403251       70.001556      0.48717314      0.97891247     -0.46608561       6.9847163        6.9847163        14.83707        14.83707
     0.14486589       14.402808       65.764343      0.33906431      0.60419715      0.05673854       6.9847163        6.9847163       14.836184       14.836184
     0.14426977       14.401944       67.510024      0.46662901      0.86648627     -0.33311527       6.9847163        6.9847163       14.834456       14.834456
     0.14358691       14.401702       71.380366      0.35042526      0.79817285     -0.14859811       6.9847163        6.9847163       14.833971       14.833971
      0.1428821       14.401634       70.413809      0.40918195      0.92751426     -0.33669621       6.9847163        6.9847163       14.833836       14.833836
     0.14217936       14.401577       71.862476      0.38273429      0.88322739     -0.26596168       6.9847163        6.9847163       14.833722       14.833722
     0.14157178       14.400872        71.16771      0.46693924      0.99122082     -0.45816006       6.9847163        6.9847163       14.832312       14.832312
     0.14092606       14.400456       69.749798      0.35699363      0.73737258    -0.094366204       6.9847163        6.9847163        14.83148        14.83148
      0.1402911       14.399985       71.078097      0.42862547      0.89847239     -0.32709786       6.9847163        6.9847163       14.830537       14.830537
      0.1395993        14.39994       69.350596      0.31481798      0.66713766     0.018044356       6.9847163        6.9847163       14.830448       14.830448
     0.13904446       14.398935       67.109287      0.24401162      0.56644444      0.18954394       6.9847163        6.9847163       14.828438       14.828438
     0.13840083       14.398587       71.359468      0.40945633      0.93421644     -0.34367278       6.9847163        6.9847163       14.827742       14.827742
      0.1379441       14.396906       68.808634      0.45027195      0.95001018     -0.40028213       6.9847163        6.9847163       14.824379       14.824379
     0.13732684       14.396403       70.906209      0.34447983      0.76737648      -0.1118563       6.9847163        6.9847163       14.823374       14.823374
     0.13709177       14.393128        68.27196      0.25007558      0.59903661       0.1508878       6.9847163        6.9847163       14.816824       14.816824
     0.13642035        14.39305       67.935302      0.40690799      0.87118096     -0.27808895       6.9847163        6.9847163       14.816668       14.816668
     0.13583548        14.39236       65.404317      0.32556105      0.65933658      0.01510237       6.9847163        6.9847163       14.815287       14.815287
     0.13518858       14.392145       70.195702      0.47423294      0.99835155     -0.47258449       6.9847163        6.9847163       14.814858       14.814858
     0.13454414       14.391937       66.833233      0.44274277      0.80769304     -0.25043581       6.9847163        6.9847163       14.814441       14.814441
     0.13388144       14.391887       65.294865      0.28013587        0.573443      0.14642113       6.9847163        6.9847163       14.814341       14.814341
      0.1332347       14.391741       68.473917      0.27137964      0.65474656     0.073873801       6.9847163        6.9847163        14.81405        14.81405
     0.13269639       14.390803       69.919253      0.45841392      0.91358314     -0.37199706       6.9847163        6.9847163       14.812173       14.812173
     0.13211821       14.390181        70.30086      0.45846623      0.98558022     -0.44404645       6.9847163        6.9847163        14.81093        14.81093
     0.13155405       14.389474       67.710958      0.35034813      0.78058905     -0.13093718       6.9847163        6.9847163       14.809515       14.809515
     0.13091209       14.389378       66.470046         0.43675      0.85362189     -0.29037189       6.9847163        6.9847163       14.809323       14.809323
     0.13032843       14.388858       67.023883      0.32104026      0.71266925    -0.033709513       6.9847163        6.9847163       14.808284       14.808284
     0.12990301       14.387141       65.964506      0.43347084      0.82054946      -0.2540203       6.9847163        6.9847163       14.804849       14.804849
     0.12936725       14.386285       65.178608       0.3706084      0.70985344    -0.080461839       6.9847163        6.9847163       14.803138       14.803138
     0.12873908       14.386166       68.009061      0.24497724      0.56821781      0.18680496       6.9847163        6.9847163       14.802899       14.802899
     0.12810166       14.386142       70.340796      0.36082397      0.84815044     -0.20897442       6.9847163        6.9847163       14.802851       14.802851
     0.12750759       14.385802       67.828345      0.48296754      0.92844621     -0.41141376       6.9847163        6.9847163       14.802172       14.802172
     0.12704204       14.384473       67.699626        0.273438      0.64220938     0.084352619       6.9847163        6.9847163       14.799514       14.799514
     0.12642807        14.38433       68.051916      0.26058623      0.56787354      0.17154023       6.9847163        6.9847163       14.799227       14.799227
     0.12585144       14.383914       65.075329      0.34145243      0.66290583   -0.0043582586       6.9847163        6.9847163       14.798395       14.798395
     0.12526116       14.383627       67.998362       0.4509264      0.84772555     -0.29865195       6.9847163        6.9847163       14.797822       14.797822
     0.12479108         14.3824       71.055238      0.33293546      0.77261971     -0.10555517       6.9847163        6.9847163       14.795367       14.795367
     0.12421347       14.382051       69.948266      0.43897173      0.95648485     -0.39545658       6.9847163        6.9847163        14.79467        14.79467
     0.12371271       14.381104       66.093211       0.3052277       0.6519083     0.042863996       6.9847163        6.9847163       14.792775       14.792775
     0.12311017       14.380998       71.286517      0.41386365       0.8886466     -0.30251025       6.9847163        6.9847163       14.792564       14.792564
     0.12253256       14.380713       66.404022      0.40184545       0.8095771     -0.21142255       6.9847163        6.9847163       14.791994       14.791994
     0.12196652       14.380357       65.358993      0.39324276      0.74405929     -0.13730205       6.9847163        6.9847163       14.791281       14.791281
     0.12139114       14.380098       71.607571      0.38597618      0.88597595     -0.27195212       6.9847163        6.9847163       14.790763       14.790763
     0.12086041       14.379492       66.830943      0.45440203      0.83966466      -0.2940667       6.9847163        6.9847163       14.789551       14.789551
     0.12035353       14.378707       69.790641      0.43637491      0.94990605     -0.38628096       6.9847163        6.9847163       14.787982       14.787982
     0.11984118       14.377986       70.042748      0.37455564      0.86539507     -0.23995071       6.9847163        6.9847163       14.786539       14.786539
      0.1193146       14.377401       71.394159      0.42464538       0.9460075     -0.37065288       6.9847163        6.9847163        14.78537        14.78537
     0.11880232       14.376717       71.334548      0.37667669      0.87479012     -0.25146681       6.9847163        6.9847163       14.784002       14.784002
     0.11831593       14.375832       71.023941      0.37358227      0.87103194     -0.24461421       6.9847163        6.9847163       14.782231       14.782231
     0.11776876        14.37548       68.132649      0.25314421      0.57400705      0.17284873       6.9847163        6.9847163       14.781527       14.781527
     0.11723265       14.375055       67.351674      0.29698967      0.67689681     0.026113522       6.9847163        6.9847163       14.780677       14.780677
     0.11667541       14.374832       65.194738      0.31226794      0.61987928     0.067852779       6.9847163        6.9847163       14.780231       14.780231
     0.11613272       14.374506       69.275343      0.37478103      0.75290288     -0.12768391       6.9847163        6.9847163        14.77958        14.77958
     0.11555852       14.374475       68.114066      0.32922579       0.6512872     0.019487008       6.9847163        6.9847163       14.779518       14.779518
     0.11504178        14.37397       65.851958      0.41096786      0.79046217     -0.20143003       6.9847163        6.9847163       14.778507       14.778507
     0.11448478       14.373836       66.004888      0.30054747      0.56071457      0.13873797       6.9847163        6.9847163       14.778239       14.778239
     0.11400374       14.373058       70.934733      0.40563221      0.92043047     -0.32606269       6.9847163        6.9847163       14.776684       14.776684
     0.11344107       14.373019       71.074086      0.33772167       0.7940295     -0.13175118       6.9847163        6.9847163       14.776606       14.776606
     0.11288179       14.372974       67.790322      0.27017462      0.57062796      0.15919742       6.9847163        6.9847163       14.776515       14.776515
     0.11234312       14.372769       65.001259      0.37087097      0.68211971    -0.052990686       6.9847163        6.9847163       14.776106       14.776106
     0.11188754       14.371846       69.304624      0.42271029      0.92177108     -0.34448138       6.9847163        6.9847163       14.774259       14.774259
     0.11135694       14.371612         68.4024      0.47527514      0.91562146      -0.3908966       6.9847163        6.9847163       14.773791       14.773791
     0.11086186        14.37108       65.299431      0.39313012      0.71289016     -0.10602028       6.9847163        6.9847163       14.772727       14.772727
     0.11034685       14.370748       67.941749      0.42779308      0.89399122      -0.3217843       6.9847163        6.9847163       14.772064       14.772064
     0.10983846       14.370379        66.42521      0.24815469      0.53730311       0.2145422       6.9847163        6.9847163       14.771325       14.771325
     0.10930494       14.370261       65.771178      0.37351311      0.74121578      -0.1147289       6.9847163        6.9847163       14.771089       14.771089
     0.10877288       14.370152       66.142902      0.25148535      0.51958889      0.22892576       6.9847163        6.9847163       14.770872       14.770872
     0.10828736       14.369639       70.933805      0.34450232      0.77904877      -0.1235511       6.9847163        6.9847163       14.769845       14.769845
     0.10779538       14.369204       65.199414      0.28713908      0.54111956      0.17174135       6.9847163        6.9847163       14.768976       14.768976
      0.1073082       14.368746        65.59815       0.2719291      0.56057363      0.16749727       6.9847163        6.9847163        14.76806        14.76806
     0.10692556       14.367332       70.815095      0.37560343      0.81218533     -0.18778877       6.9847163        6.9847163       14.765231       14.765231
     0.10640389       14.367234       68.184435      0.46637128      0.89056541     -0.35693669       6.9847163        6.9847163       14.765036       14.765036
     0.10598361       14.366205       67.638466      0.45109124      0.84613047     -0.29722171       6.9847163        6.9847163       14.762977       14.762977
     0.10546964       14.366079       65.284264      0.27684857      0.54189594      0.18125549       6.9847163        6.9847163       14.762725       14.762725
     0.10497546       14.365788       70.784511      0.36561665      0.85408514      -0.2197018       6.9847163        6.9847163       14.762143       14.762143
     0.10447721       14.365557       68.262053      0.25704626      0.59974258      0.14321116       6.9847163        6.9847163       14.761682       14.761682
     0.10403675       14.364795       69.287444       0.4775658      0.94845889      -0.4260247       6.9847163        6.9847163       14.760158       14.760158
     0.10359593       14.364053       65.295152      0.36598504      0.65847825    -0.024463295       6.9847163        6.9847163       14.758674       14.758674
     0.10309154       14.363947         67.2682       0.3014491      0.59293891      0.10561199       6.9847163        6.9847163       14.758461       14.758461
     0.10257979       14.363936       70.698045      0.33481345      0.79423371     -0.12904716       6.9847163        6.9847163       14.758439       14.758439
      0.1021319       14.363323       65.546001       0.3835597      0.69040434    -0.073964041       6.9847163        6.9847163       14.757214       14.757214
     0.10171794       14.362397       68.759948       0.3534376      0.70745396    -0.060891566       6.9847163        6.9847163       14.755362       14.755362
     0.10123383       14.362181       66.609944      0.37331046      0.77478688     -0.14809734       6.9847163        6.9847163       14.754929       14.754929
     0.10073252       14.362158       70.258359       0.3625703      0.77210415     -0.13467446       6.9847163        6.9847163       14.754883       14.754883
     0.10023766       14.362095       71.335627      0.41880296      0.93083126     -0.34963421       6.9847163        6.9847163       14.754757       14.754757
    0.099761213       14.361871       70.554106       0.3557612      0.77539545     -0.13115665       6.9847163        6.9847163        14.75431        14.75431
    0.099286533       14.361654        70.36591      0.31860837      0.72669618    -0.045304551       6.9847163        6.9847163       14.753875       14.753875
    0.098814725       14.361429        69.08149       0.3534563      0.71779962    -0.071255917       6.9847163        6.9847163       14.753426       14.753426
    0.098363215       14.361022       65.609443      0.32972418      0.66597869    0.0042971288       6.9847163        6.9847163       14.752611       14.752611
    0.097890857       14.360848       65.365268      0.39069509      0.72524963     -0.11594472       6.9847163        6.9847163       14.752264       14.752264
    0.097420731       14.360675       68.285081      0.36366728      0.70901716    -0.072684432       6.9847163        6.9847163       14.751917       14.751917
    0.097027413       14.359732       65.365838      0.29576562      0.59228334      0.11195104       6.9847163        6.9847163       14.750032       14.750032
    0.096584752       14.359318        65.84897      0.26264577      0.53104236      0.20631187       6.9847163        6.9847163       14.749203       14.749203
     0.09611275       14.359229       71.399916      0.38970787      0.87009539     -0.25980326       6.9847163        6.9847163       14.749025       14.749025
    0.095673835       14.358819       70.545989      0.43465171       0.9521546      -0.3868063       6.9847163        6.9847163       14.748205       14.748205
    0.095202405        14.35877       65.214549      0.37649098      0.69463098    -0.071121969       6.9847163        6.9847163       14.748108       14.748108
    0.094755843       14.358485       66.405743      0.38754954      0.78533485     -0.17288439       6.9847163        6.9847163       14.747537       14.747537
    0.094331009        14.35799       67.381398      0.46007585      0.86886731     -0.32894316       6.9847163        6.9847163       14.746548       14.746548
    0.093881329       14.357781       67.945118      0.46742355      0.89425276      -0.3616763       6.9847163        6.9847163        14.74613        14.74613
    0.093462639       14.357264       66.811934      0.30747402      0.59104575      0.10148023       6.9847163        6.9847163       14.745096       14.745096
    0.093030977       14.356905       70.192827       0.4254253      0.93674718     -0.36217248       6.9847163        6.9847163       14.744378       14.744378
     0.09264982       14.356023       66.604541      0.40675732      0.81721531     -0.22397262       6.9847163        6.9847163       14.742614       14.742614
    0.092240585       14.355462       66.714213      0.34708644      0.64577232     0.007141243       6.9847163        6.9847163       14.741492       14.741492
    0.091788472       14.355389       66.912567       0.4111591      0.83486512     -0.24602423       6.9847163        6.9847163       14.741345       14.741345
    0.091515766       14.353377       66.218319      0.37422846      0.68128074    -0.055509201       6.9847163        6.9847163       14.737321       14.737321
    0.091103896         14.3529       67.747733      0.37972085      0.81958904      -0.1993099       6.9847163        6.9847163       14.736367       14.736367
    0.090658075       14.352818       65.392287      0.29802585      0.59407048      0.10790367       6.9847163        6.9847163       14.736203       14.736203
    0.090222678       14.352644       65.291709      0.29962265        0.564958      0.13541935       6.9847163        6.9847163       14.735856       14.735856
    0.089844386       14.351858        65.09517      0.32877438      0.62326097     0.047964654       6.9847163        6.9847163       14.734284       14.734284
    0.089397865       14.351854       68.552442      0.41058139      0.88442628     -0.29500766       6.9847163        6.9847163       14.734275       14.734275
    0.088998167       14.351347       71.277365      0.41214901      0.91595329      -0.3281023       6.9847163        6.9847163       14.733262       14.733262
    0.088581464       14.351053       66.999971      0.25663224      0.54956872      0.19379904       6.9847163        6.9847163       14.732673       14.732673
    0.088202474       14.350352       67.705589      0.41921131      0.78891233     -0.20812364       6.9847163        6.9847163       14.731272       14.731272
    0.087779623       14.350171        65.71033      0.39486815      0.71973324     -0.11460139       6.9847163        6.9847163       14.730909       14.730909
    0.087351913       14.350068       66.715031      0.26897323      0.59360929      0.13741748       6.9847163        6.9847163       14.730703       14.730703
    0.086946276       14.349734       68.395744      0.26532952      0.60842519      0.12624528       6.9847163        6.9847163       14.730036       14.730036
    0.086584231       14.348919       70.951729      0.41546437      0.92556788     -0.34103225       6.9847163        6.9847163       14.728406       14.728406
      0.0861862        14.34854       68.988834      0.39344698       0.8698046     -0.26325159       6.9847163        6.9847163       14.727647       14.727647
    0.085778697       14.348291        67.91517      0.34689093      0.67629826    -0.023189187       6.9847163        6.9847163        14.72715        14.72715
    0.085370217       14.348078       68.565132      0.47351216      0.93780475     -0.41131692       6.9847163        6.9847163       14.726723       14.726723
    0.084961797       14.347885       68.817594      0.42874286      0.83466578     -0.26340865       6.9847163        6.9847163       14.726338       14.726338
    0.084619184       14.346939       67.813488      0.25957779      0.58604872      0.15437349       6.9847163        6.9847163       14.724445       14.724445
    0.084216234       14.346724       65.683608      0.40077393      0.74221854     -0.14299248       6.9847163        6.9847163       14.724016       14.724016
    0.083798469        14.34671       70.693535      0.34413842      0.77540083     -0.11953926       6.9847163        6.9847163       14.723988       14.723988
    0.083393859       14.346563       70.824626      0.41602116      0.92570215     -0.34172332       6.9847163        6.9847163       14.723693       14.723693
    0.082994619       14.346374       65.917228      0.29954178      0.56778976      0.13266846       6.9847163        6.9847163       14.723315       14.723315
    0.082602383       14.346123        66.36796      0.35317098      0.65109633   -0.0042673041       6.9847163        6.9847163       14.722814       14.722814
    0.082197899       14.346044        67.63409      0.37244025      0.80408061     -0.17652086       6.9847163        6.9847163       14.722656       14.722656
    0.081791677       14.346011       65.479718      0.28899036      0.57371823      0.13729141       6.9847163        6.9847163        14.72259        14.72259
    0.081503245       14.344557       70.109282      0.31008174        0.719527    -0.029608741       6.9847163        6.9847163       14.719681       14.719681
    0.081106983       14.344443       69.268323      0.41889798      0.83095485     -0.24985283       6.9847163        6.9847163       14.719453       14.719453
     0.08071422       14.344309       70.024496      0.33032846      0.72685633    -0.057184784       6.9847163        6.9847163       14.719186       14.719186
    0.080321145       14.344204       70.740555      0.34240353      0.79866042     -0.14106395       6.9847163        6.9847163       14.718976       14.718976
    0.079933612       14.344052        68.89372      0.47022382       0.9295606     -0.39978442       6.9847163        6.9847163       14.718672       14.718672
    0.079538157       14.344024       70.725459      0.44131118       0.9296641     -0.37097528       6.9847163        6.9847163       14.718616       14.718616
    0.079157188       14.343839       68.963123      0.47117747      0.93539737     -0.40657484       6.9847163        6.9847163       14.718245       14.718245
     0.07878573       14.343555       66.498372      0.43317273      0.82855109     -0.26172382       6.9847163        6.9847163       14.717677       14.717677
    0.078462057       14.342684       68.532334       0.3189408      0.65756451      0.02349469       6.9847163        6.9847163       14.715936       14.715936
    0.078099351       14.342329        68.76235      0.47146414      0.94071149     -0.41217564       6.9847163        6.9847163       14.715226       14.715226
    0.077724884       14.342148        70.50274      0.35576012      0.82838464     -0.18414476       6.9847163        6.9847163       14.714864       14.714864
    0.077361072       14.341852        69.10358       0.4650126      0.95287642     -0.41788902       6.9847163        6.9847163       14.714272       14.714272
    0.077011149       14.341398       71.116203      0.38281209      0.87007888     -0.25289097       6.9847163        6.9847163       14.713364       14.713364
    0.076657891       14.341008       66.494819      0.27171934      0.58713587       0.1411448       6.9847163        6.9847163       14.712584       14.712584
    0.076282702       14.340927       70.748915      0.41138234      0.87335638     -0.28473872       6.9847163        6.9847163       14.712422       14.712422
    0.075911539       14.340817       66.100566      0.29522154      0.56727051      0.13750795       6.9847163        6.9847163       14.712202       14.712202
    0.075578138       14.340232       66.084093      0.28618252      0.55766227      0.15615521       6.9847163        6.9847163       14.711031       14.711031
    0.075213186       14.340085       66.669629      0.43275965       0.8384608     -0.27122045       6.9847163        6.9847163       14.710737       14.710737
    0.074841395       14.340053       69.652935      0.46704347      0.95141684     -0.41846031       6.9847163        6.9847163       14.710673       14.710673
    0.074522237       14.339338       70.759871      0.36000977       0.8338416     -0.19385137       6.9847163        6.9847163       14.709244       14.709244
    0.074253137       14.337968       70.285952      0.45469774      0.95639849     -0.41109623       6.9847163        6.9847163       14.706504       14.706504
    0.073903813       14.337696       67.078313      0.26886063      0.56331619      0.16782317       6.9847163        6.9847163        14.70596        14.70596
    0.073539742       14.337648       71.085309      0.41351371      0.90067344     -0.31418715       6.9847163        6.9847163       14.705863       14.705863
    0.073178903       14.337579       67.327311      0.36866166      0.78717238     -0.15583404       6.9847163        6.9847163       14.705725       14.705725
    0.072839024       14.337247       69.804274      0.37786821      0.78346641     -0.16133463       6.9847163        6.9847163       14.705061       14.705061
    0.072560765       14.336087        69.30202      0.29007269      0.66732429     0.042603021       6.9847163        6.9847163       14.702741       14.702741
    0.072275963       14.335031       68.516238       0.3317498      0.67561623   -0.0073660305       6.9847163        6.9847163        14.70063        14.70063
    0.071925312       14.334907       67.507712      0.27028477      0.57806123        0.151654       6.9847163        6.9847163       14.700382       14.700382
    0.071608421       14.334335       65.703937       0.3845432      0.70878595    -0.093329144       6.9847163        6.9847163       14.699238       14.699238
      0.0712587       14.334243        65.48285      0.36057845      0.68930832    -0.049886763       6.9847163        6.9847163       14.699054       14.699054
    0.070922712       14.333983       68.719619      0.31769315       0.7367071    -0.054400241       6.9847163        6.9847163       14.698533       14.698533
    0.070581145       14.333823       69.773342      0.46064585       0.9552951     -0.41594095       6.9847163        6.9847163       14.698213       14.698213
    0.070240807       14.333669       69.809654      0.46012893      0.93908366     -0.39921259       6.9847163        6.9847163       14.697905       14.697905
    0.069900845       14.333532       66.095359      0.31676953      0.65752573     0.025704745       6.9847163        6.9847163       14.697632       14.697632
    0.069589388       14.333011       67.878503      0.30575096      0.62358398     0.070665064       6.9847163        6.9847163       14.696589       14.696589
    0.069254066       14.332853       67.206594      0.29271756      0.58982581      0.11745663       6.9847163        6.9847163       14.696274       14.696274
    0.068920734       14.332691       68.801978      0.35718615      0.80676313     -0.16394928       6.9847163        6.9847163       14.695949       14.695949
      0.0685789       14.332675       65.639131      0.37773899      0.71954414    -0.097283133       6.9847163        6.9847163       14.695918       14.695918
      0.0682386       14.332662       70.802486      0.37881832      0.82901671     -0.20783504       6.9847163        6.9847163       14.695892       14.695892
    0.068009598       14.331036       66.102066      0.37120305      0.74099613     -0.11219918       6.9847163        6.9847163        14.69264        14.69264
    0.067700937       14.330597       67.404806       0.4406715      0.87639921      -0.3170707       6.9847163        6.9847163       14.691762       14.691762
    0.067375234       14.330433       66.319645      0.28901601      0.61331592     0.097668064       6.9847163        6.9847163       14.691433       14.691433
     0.06704907       14.330298       70.625047      0.39007276      0.83714053     -0.22721329       6.9847163        6.9847163       14.691163       14.691163
    0.066749955       14.329781       68.206591        0.462926      0.91172141     -0.37464741       6.9847163        6.9847163        14.69013        14.69013
    0.066427021       14.329644       66.759683      0.36176361      0.67631581    -0.038079415       6.9847163        6.9847163       14.689855       14.689855
    0.066105131       14.329513       70.482647      0.42479794      0.92920908     -0.35400702       6.9847163        6.9847163       14.689594       14.689594
    0.065781235       14.329438       69.781947      0.46012751      0.94686166     -0.40698916       6.9847163        6.9847163       14.689444       14.689444
    0.065457367       14.329386       68.982795       0.3055992      0.71535224    -0.020951444       6.9847163        6.9847163       14.689339       14.689339
    0.065153219       14.329056       66.239563      0.40137407      0.78299384     -0.18436791       6.9847163        6.9847163       14.688679       14.688679
    0.064833923       14.328981       67.967281      0.43544024      0.83207948     -0.26751972       6.9847163        6.9847163       14.688529       14.688529
    0.064513446       14.328949       66.357069      0.36072913      0.66827289    -0.029002012       6.9847163        6.9847163       14.688465       14.688465
    0.064200006       14.328831       70.350973      0.38599238      0.87454531     -0.26053768       6.9847163        6.9847163        14.68823        14.68823
     0.06388392        14.32878       67.291625      0.31110602      0.68935513  -0.00046114862       6.9847163        6.9847163       14.688127       14.688127
    0.063590938       14.328388       69.926696      0.43895215      0.94026661     -0.37921876       6.9847163        6.9847163       14.687344       14.687344
    0.063285974       14.328209       70.661747      0.35076753      0.80876082     -0.15952835       6.9847163        6.9847163       14.686985       14.686985
    0.062988287       14.327936       69.851302      0.32185558      0.75476423    -0.076619809       6.9847163        6.9847163       14.686439       14.686439
    0.062685279       14.327771       67.851732      0.38612516      0.74026297     -0.12638814       6.9847163        6.9847163       14.686109       14.686109
    0.062390039       14.327504        68.40834      0.28266911      0.65480857      0.06252231       6.9847163        6.9847163       14.685575       14.685575
    0.062120085       14.326852       68.203209      0.36035541      0.70905687    -0.069412283       6.9847163        6.9847163       14.684272       14.684272
     0.06182297       14.326659       66.640496      0.36108059      0.67395912    -0.035039707       6.9847163        6.9847163       14.683886       14.683886
    0.061551862       14.326067       70.173563       0.3947643      0.82643527     -0.22119958       6.9847163        6.9847163       14.682701       14.682701
    0.061246364       14.326055       70.434504      0.34550826      0.80127787     -0.14678613       6.9847163        6.9847163       14.682678       14.682678
    0.060976178       14.325489       69.938637      0.42215018      0.92024751      -0.3423977       6.9847163        6.9847163       14.681545       14.681545
     0.06072773       14.324584       68.743713      0.43706926      0.85525593     -0.29232519       6.9847163        6.9847163       14.679736       14.679736
    0.060436013       14.324411       66.473876      0.33423481      0.69988854    -0.034123346       6.9847163        6.9847163        14.67939        14.67939
    0.060147835       14.324203       69.808376      0.31617988      0.71271114    -0.028891015       6.9847163        6.9847163       14.678974       14.678974
      0.0599035       14.323286       69.213994      0.41766806      0.83265593       -0.250324       6.9847163        6.9847163        14.67714        14.67714
    0.059633013       14.322825       65.680903      0.37415061      0.70891112    -0.083061733       6.9847163        6.9847163       14.676217       14.676217
    0.059344712       14.322683       70.267667      0.35282254      0.81549911     -0.16832165       6.9847163        6.9847163       14.675934       14.675934
    0.059067179       14.322383       69.066033      0.29858614      0.66322761     0.038186247       6.9847163        6.9847163       14.675334       14.675334
     0.05883412        14.32135       65.617647       0.3326409      0.62507963     0.042279469       6.9847163        6.9847163       14.673267       14.673267
    0.058560552       14.321022       69.359796      0.34112092      0.78636918     -0.12749009       6.9847163        6.9847163       14.672612       14.672612
    0.058277541        14.32088       67.098717       0.2820552      0.58177673      0.13616807       6.9847163        6.9847163       14.672327       14.672327
    0.057996987       14.320717       69.387934      0.34340402      0.79074862     -0.13415264       6.9847163        6.9847163       14.672002       14.672002
     0.05773802       14.320206       70.807033        0.405024       0.8971274     -0.30215141       6.9847163        6.9847163       14.670979       14.670979
    0.057452589       14.320173       67.538286      0.44273108       0.8458764     -0.28860748       6.9847163        6.9847163       14.670914       14.670914
    0.057202673       14.319545       70.457663      0.43171561      0.90891703     -0.34063264       6.9847163        6.9847163       14.669658       14.669658
    0.056936594       14.319221       67.162502      0.27995092       0.6182352      0.10181388       6.9847163        6.9847163       14.669009       14.669009
    0.056653496       14.319217       66.592714      0.41403605      0.80940056     -0.22343661       6.9847163        6.9847163       14.669002       14.669002
     0.05638961       14.318899       67.365626      0.33053894       0.6457858     0.023675259       6.9847163        6.9847163       14.668365       14.668365
    0.056139436       14.318358       66.609488      0.36925054      0.75698269     -0.12623324       6.9847163        6.9847163       14.667283       14.667283
    0.055863606       14.318296       67.602801      0.44913997       0.8692481     -0.31838808       6.9847163        6.9847163       14.667159       14.667159
    0.055598834       14.318059       70.345225      0.40429826      0.85188496     -0.25618322       6.9847163        6.9847163       14.666685       14.666685
    0.055329817       14.317921       69.987517        0.341794      0.79212421      -0.1339182       6.9847163        6.9847163        14.66641        14.66641
    0.055064998       14.317732       67.563452      0.27333859      0.59554301      0.13111839       6.9847163        6.9847163       14.666031       14.666031
    0.054817415       14.317251        65.91843      0.33959524      0.67974221    -0.019337449       6.9847163        6.9847163       14.665069       14.665069
       0.054545       14.317244       69.063632       0.3258349      0.75287937    -0.078714267       6.9847163        6.9847163       14.665056       14.665056
    0.054288089       14.316979       70.770313      0.39769737      0.88553643      -0.2832338       6.9847163        6.9847163       14.664525       14.664525
     0.05403782       14.316611        68.68396      0.44237822      0.86767956     -0.31005778       6.9847163        6.9847163        14.66379        14.66379
    0.053789503        14.31623       66.401444      0.34698777      0.71449429    -0.061482062       6.9847163        6.9847163       14.663027       14.663027
    0.053527145       14.316132       65.926692      0.31218601      0.59877617     0.089037818       6.9847163        6.9847163       14.662831       14.662831
    0.053344689       14.314559       70.773097      0.37515716      0.84263604     -0.21779319       6.9847163        6.9847163       14.659685       14.659685
    0.053088961       14.314377       70.463236       0.3470652      0.79095062     -0.13801582       6.9847163        6.9847163       14.659321       14.659321
    0.052854991       14.313806       66.698572      0.42191023      0.81561695     -0.23752719       6.9847163        6.9847163       14.658179       14.658179
    0.052596578        14.31372        67.71545      0.43485297      0.83230917     -0.26716214       6.9847163        6.9847163       14.658007       14.658007
    0.052350376       14.313423       69.552855      0.31094388      0.70277797    -0.013721849       6.9847163        6.9847163       14.657414       14.657414
    0.052103055       14.313172       66.591178      0.30707416      0.65290345     0.040022397       6.9847163        6.9847163       14.656911       14.656911
    0.051850419       14.313044       66.082214      0.29570331       0.6034493      0.10084739       6.9847163        6.9847163       14.656656       14.656656
    0.051599218       14.312913         68.6798      0.32851745      0.68258959    -0.011107039       6.9847163        6.9847163       14.656394       14.656394
    0.051347089       14.312825       67.277307      0.28093434      0.59050686       0.1285588       6.9847163        6.9847163       14.656217       14.656217
    0.051093763       14.312782        66.58012      0.30846347      0.65493857     0.036597961       6.9847163        6.9847163       14.656132       14.656132
    0.050845072       14.312674       70.257388      0.36450386      0.83277319     -0.19727705       6.9847163        6.9847163       14.655916       14.655916
    0.050602633       14.312466       66.262404      0.32367329      0.66872833    0.0075983804       6.9847163        6.9847163         14.6555         14.6555
    0.050352629       14.312431       67.091514      0.32143037      0.69681916    -0.018249523       6.9847163        6.9847163        14.65543        14.65543
     0.05011499       14.312175       66.743423      0.29065922      0.62480862     0.084532162       6.9847163        6.9847163       14.654918       14.654918
    0.049880782       14.311872       68.840573      0.45571663       0.9223192     -0.37803582       6.9847163        6.9847163       14.654311       14.654311
    0.049660429       14.311312       69.463661       0.4513006      0.91672353     -0.36802413       6.9847163        6.9847163       14.653191       14.653191
    0.049435703        14.31086       65.873292      0.35251236       0.6603543    -0.012866654       6.9847163        6.9847163       14.652287       14.652287
    0.049231083        14.31002       66.058976      0.30970273      0.59994886     0.090348411       6.9847163        6.9847163       14.650607       14.650607
    0.049019772       14.309334       67.817109      0.42641611      0.87097009      -0.2973862       6.9847163        6.9847163       14.649235       14.649235
    0.048783933       14.309168       68.398886      0.34880453      0.77864872     -0.12745325       6.9847163        6.9847163       14.648904       14.648904
     0.04855167       14.308953       70.559915      0.36176645      0.81922583     -0.18099228       6.9847163        6.9847163       14.648474       14.648474
    0.048337326       14.308391       66.397891      0.40800779      0.77514805     -0.18315584       6.9847163        6.9847163       14.647349       14.647349
    0.048117813       14.307955       70.520334      0.41444973      0.90469515     -0.31914487       6.9847163        6.9847163       14.646477       14.646477
    0.047879661       14.307929       68.880871      0.34452859      0.71165594    -0.056184537       6.9847163        6.9847163       14.646426       14.646426
    0.047645693        14.30784       70.682907      0.40711592      0.88863094     -0.29574686       6.9847163        6.9847163       14.646248       14.646248
    0.047409145        14.30783        67.91059        0.420417      0.86716301     -0.28758001       6.9847163        6.9847163       14.646227       14.646227
    0.047181748        14.30765       68.210062      0.38813734      0.75780593     -0.14594326       6.9847163        6.9847163       14.645867       14.645867
    0.046966932       14.307226        67.18133       0.3711482      0.70611873    -0.077266928       6.9847163        6.9847163       14.645019       14.645019
    0.046771889       14.306399       68.934189      0.39316641      0.78682212     -0.17998853       6.9847163        6.9847163       14.643366       14.643366
     0.04654077       14.306365       66.863949      0.37219078      0.76754828     -0.13973906       6.9847163        6.9847163       14.643298       14.643298
    0.046357553       14.305323       68.684927      0.39356088      0.78043173     -0.17399261       6.9847163        6.9847163       14.641213       14.641213
    0.046127199       14.305316        69.92046      0.40277755      0.88783759     -0.29061514       6.9847163        6.9847163         14.6412         14.6412
    0.045901092       14.305243       70.365708      0.42494634      0.90002938     -0.32497572       6.9847163        6.9847163       14.641054       14.641054
    0.045675514       14.305182       67.485132      0.28255135      0.62390647     0.093542177       6.9847163        6.9847163       14.640931       14.640931
    0.045456332       14.305005       68.345121      0.44880564      0.88324233     -0.33204796       6.9847163        6.9847163       14.640577       14.640577
    0.045246367       14.304647       69.697494      0.37692665       0.7873263     -0.16425295       6.9847163        6.9847163       14.639861       14.639861
    0.045028288        14.30449       67.040687      0.30747657      0.61313011     0.079393322       6.9847163        6.9847163       14.639548       14.639548
    0.044849945       14.303471        69.39834       0.3389389      0.72453759    -0.063476492       6.9847163        6.9847163        14.63751        14.63751
    0.044661727       14.302689       69.908196       0.3299284      0.74358093    -0.073509335       6.9847163        6.9847163       14.635946       14.635946
    0.044451786       14.302414       70.201378      0.40807538      0.85875707     -0.26683245       6.9847163        6.9847163       14.635396       14.635396
    0.044232411       14.302374        69.03458      0.30279154      0.69356074    0.0036477216       6.9847163        6.9847163       14.635315       14.635315
    0.044019088        14.30222       70.000437      0.33491943      0.76676917     -0.10168859       6.9847163        6.9847163       14.635008       14.635008
    0.043802414       14.302168       70.146504      0.37495248      0.84615857     -0.22111105       6.9847163        6.9847163       14.634903       14.634903
     0.04359443        14.30194       68.470001      0.31637712       0.6645881     0.019034777       6.9847163        6.9847163       14.634447       14.634447
    0.043378967       14.301907       68.015649      0.38829682       0.7547164     -0.14301322       6.9847163        6.9847163       14.634381       14.634381
    0.043223274       14.300515         68.4318       0.4147303      0.81202528     -0.22675558       6.9847163        6.9847163       14.631597       14.631597
    0.043013098       14.300402       66.761494      0.28789775      0.59493358      0.11716868       6.9847163        6.9847163       14.631371       14.631371
    0.042805213       14.300259        70.44784      0.37139566      0.83626097     -0.20765663       6.9847163        6.9847163       14.631085       14.631085
    0.042639038       14.299161       66.510702        0.325472      0.67722259   -0.0026945962       6.9847163        6.9847163       14.628889       14.628889
    0.042430399       14.299079       66.482714      0.29475939      0.61158463     0.093655978       6.9847163        6.9847163       14.628725       14.628725
    0.042221199       14.299033       69.422964      0.44622665      0.91876079     -0.36498744       6.9847163        6.9847163       14.628634       14.628634
    0.042014708       14.298948       67.930836      0.37397809      0.73004181     -0.10401991       6.9847163        6.9847163       14.628464       14.628464
    0.041823164        14.29853        68.25417       0.4024628      0.85253874     -0.25500154       6.9847163        6.9847163       14.627628       14.627628
    0.041625122       14.298289       68.288083      0.43368113       0.8474626     -0.28114372       6.9847163        6.9847163       14.627146       14.627146
    0.041418564       14.298277       67.829199      0.34806722      0.76017355     -0.10824077       6.9847163        6.9847163       14.627121       14.627121
    0.041218883       14.298122       67.980013      0.31811926      0.65244006     0.029440683       6.9847163        6.9847163       14.626811       14.626811
    0.041016807       14.298049       67.455825       0.2984079      0.65821914     0.043372954       6.9847163        6.9847163       14.626666       14.626666
    0.040827286       14.297692       68.690194      0.32586063       0.7406785    -0.066539125       6.9847163        6.9847163       14.625952       14.625952
    0.040624981       14.297672        66.31544      0.33129905      0.67738424   -0.0086832908       6.9847163        6.9847163       14.625912       14.625912
    0.040425819       14.297599       67.847975      0.31508039       0.7022847     -0.01736509       6.9847163        6.9847163       14.625766       14.625766
    0.040231528       14.297429       68.527802      0.38340844       0.7615253     -0.14493373       6.9847163        6.9847163       14.625426       14.625426
    0.040042304       14.297156       69.724018      0.42546316       0.9104283     -0.33589146       6.9847163        6.9847163        14.62488        14.62488
    0.039853337         14.2969       66.914348      0.37800544      0.77432981     -0.15233525       6.9847163        6.9847163       14.624367       14.624367
    0.039664324       14.296666         69.2054      0.31811408      0.73010001    -0.048214097       6.9847163        6.9847163       14.623899       14.623899
    0.039471532        14.29655       65.923035      0.33745497      0.65830074    0.0042442918       6.9847163        6.9847163       14.623668       14.623668
    0.039278423       14.296467       68.310642      0.40176848      0.85254557     -0.25431405       6.9847163        6.9847163       14.623502       14.623502
    0.039092309       14.296229       70.189105      0.39870251      0.84512706     -0.24382957       6.9847163        6.9847163       14.623026       14.623026
    0.038900999       14.296148        68.04668      0.42581637      0.82649189     -0.25230825       6.9847163        6.9847163       14.622864       14.622864
    0.038713316       14.295996        66.27302      0.36124645      0.72042388     -0.08167033       6.9847163        6.9847163        14.62256        14.62256
    0.038529043        14.29578       66.642403      0.38182297      0.72058668     -0.10240965       6.9847163        6.9847163       14.622128       14.622128
     0.03834202       14.295659       68.743987      0.34791184      0.71539495    -0.063306793       6.9847163        6.9847163       14.621885       14.621885
    0.038154852       14.295565       66.577364        0.379821      0.76084248     -0.14066348       6.9847163        6.9847163       14.621697       14.621697
    0.037970191       14.295428       67.005807      0.42163341      0.81618238     -0.23781579       6.9847163        6.9847163       14.621424       14.621424
    0.037805329       14.294793       66.811907      0.41332938      0.79109242     -0.20442181       6.9847163        6.9847163       14.620153       14.620153
    0.037621369       14.294683       66.559793      0.35295683      0.72234539    -0.075302219       6.9847163        6.9847163       14.619933       14.619933
    0.037434419       14.294677       70.187592       0.4218762      0.89125255     -0.31312875       6.9847163        6.9847163       14.619921       14.619921
    0.037265107       14.294223       66.480786      0.29785745      0.61263762      0.08950493       6.9847163        6.9847163       14.619013       14.619013
    0.037087677       14.294007       68.206415      0.29837988      0.67253354     0.029086577       6.9847163        6.9847163       14.618582       14.618582
     0.03690627       14.293923       66.105665      0.36680737       0.7133221    -0.080129468       6.9847163        6.9847163       14.618414       14.618414
    0.036724126       14.293883       66.047454       0.3394638       0.6716847    -0.011148501       6.9847163        6.9847163       14.618334       14.618334
    0.036545764       14.293764       67.231423      0.34314945      0.66819385    -0.011343293       6.9847163        6.9847163       14.618096       14.618096
     0.03636979       14.293603        66.05535      0.32188377      0.63773674     0.040379487       6.9847163        6.9847163       14.617774       14.617774
    0.036191309       14.293535       70.268125      0.40873634      0.89084938     -0.29958572       6.9847163        6.9847163       14.617638       14.617638
    0.036039071       14.292763       66.166542      0.34276469      0.65492392    0.0023113915       6.9847163        6.9847163       14.616094       14.616094
    0.035867342       14.292553       67.379142      0.34012264      0.66753337   -0.0076560074       6.9847163        6.9847163       14.615673       14.615673
     0.03568985       14.292526       70.300014      0.38772429      0.83563899     -0.22336328       6.9847163        6.9847163       14.615619       14.615619
    0.035521482       14.292267        69.65542      0.41630101      0.89723981     -0.31354082       6.9847163        6.9847163       14.615102       14.615102
    0.035353672       14.292015        67.40369      0.40216517      0.76952439     -0.17168956       6.9847163        6.9847163       14.614597       14.614597
    0.035181093        14.29192       67.410434      0.32372777      0.70421953    -0.027947302       6.9847163        6.9847163       14.614408       14.614408
    0.035010752       14.291786       68.022797      0.29677007      0.66397643       0.0392535       6.9847163        6.9847163        14.61414        14.61414
    0.034853265       14.291308       67.793363      0.35042454      0.69279216    -0.043216697       6.9847163        6.9847163       14.613183       14.613183
    0.034698383       14.290773       67.967455      0.43793014      0.85954294     -0.29747308       6.9847163        6.9847163       14.612114       14.612114
    0.034535151       14.290502       66.777802       0.3597734      0.74037477     -0.10014817       6.9847163        6.9847163       14.611571       14.611571
    0.034370418       14.290296       69.107732      0.38072394      0.77699042     -0.15771436       6.9847163        6.9847163       14.611159       14.611159
    0.034200136       14.290274        68.78618      0.44418206       0.8955489     -0.33973096       6.9847163        6.9847163       14.611116       14.611116
    0.034039477       14.289995       67.431325      0.41234406      0.79097999     -0.20332405       6.9847163        6.9847163       14.610558       14.610558
    0.033879924       14.289706       68.834712      0.30456454      0.68640864    0.0090268168       6.9847163        6.9847163        14.60998        14.60998
    0.033727141       14.289238       66.195191      0.33704946      0.67454202    -0.011591482       6.9847163        6.9847163       14.609044       14.609044
      0.0335621       14.289156       68.915863      0.40049027       0.8631808     -0.26367107       6.9847163        6.9847163        14.60888        14.60888
    0.033400532       14.288994       67.493432       0.3941741      0.81491921     -0.20909331       6.9847163        6.9847163       14.608556       14.608556
    0.033234821       14.288981       66.083269       0.3455883      0.67822986    -0.023818159       6.9847163        6.9847163       14.608529       14.608529
     0.03307041       14.288953       66.140352      0.35841898      0.68528315    -0.043702133       6.9847163        6.9847163       14.608473       14.608473
    0.032906073       14.288946       68.289369      0.43982453      0.88486228     -0.32468681       6.9847163        6.9847163        14.60846        14.60846
    0.032749271       14.288736       67.866729      0.43476631      0.85103393     -0.28580025       6.9847163        6.9847163       14.608039       14.608039
    0.032590407        14.28861       68.080198      0.32657087      0.66908726    0.0043418741       6.9847163        6.9847163       14.607788       14.607788
    0.032444101       14.288123        67.36134      0.38471567      0.73866202     -0.12337769       6.9847163        6.9847163       14.606813       14.606813
    0.032288723       14.287935       69.387669      0.33197054      0.75664376    -0.088614297       6.9847163        6.9847163       14.606438       14.606438
    0.032132103       14.287811        66.74749      0.30527095      0.61482185       0.0799072       6.9847163        6.9847163       14.606189       14.606189
    0.031973191       14.287781       69.256557      0.34506274      0.78135537     -0.12641811       6.9847163        6.9847163       14.606129       14.606129
    0.031815939       14.287724       68.569082      0.31556486      0.67320318     0.011231965       6.9847163        6.9847163       14.606015       14.606015
    0.031659231       14.287674       69.026659      0.38893278      0.84880064     -0.23773342       6.9847163        6.9847163       14.605915       14.605915
    0.031515428       14.287239       66.680493       0.3321273      0.64536897     0.022503735       6.9847163        6.9847163       14.605045       14.605045
    0.031360933       14.287165       67.918306      0.29271984      0.64128569     0.065994468       6.9847163        6.9847163       14.604898       14.604898
    0.031218484        14.28673       66.330222      0.38066076      0.73577046     -0.11643122       6.9847163        6.9847163       14.604028       14.604028
    0.031067922       14.286578       67.045781      0.34665726      0.72919728    -0.075854532       6.9847163        6.9847163       14.603723       14.603723
     0.03091416       14.286551       69.341861      0.31969784      0.72136387    -0.041061705       6.9847163        6.9847163        14.60367        14.60367
    0.030760506       14.286546        69.06628      0.33165275      0.70961524    -0.041267987       6.9847163        6.9847163        14.60366        14.60366
    0.030608302       14.286519       66.598654      0.39164482       0.7686603     -0.16030512       6.9847163        6.9847163       14.603606       14.603606
    0.030458597       14.286435       67.498298      0.34792595      0.68354213    -0.031468074       6.9847163        6.9847163       14.603438       14.603438
    0.030307827        14.28641       66.612974      0.33428977      0.69100452     -0.02529429       6.9847163        6.9847163       14.603387       14.603387
    0.030159667       14.286322       68.586716      0.33108535      0.74467566    -0.075761014       6.9847163        6.9847163       14.603212       14.603212
    0.030025349       14.285799       66.172167      0.33277757       0.6608929    0.0063295297       6.9847163        6.9847163       14.602165       14.602165
    0.029881736       14.285606       66.882253      0.40952592      0.79157886     -0.20110478       6.9847163        6.9847163       14.601779       14.601779
    0.029736393       14.285494       68.110435      0.42607749      0.83358241      -0.2596599       6.9847163        6.9847163       14.601555       14.601555
    0.029593405       14.285326       66.286736      0.35609739      0.68111262    -0.037210005       6.9847163        6.9847163        14.60122        14.60122
    0.029456888       14.284963       68.299452      0.34247953      0.75872793     -0.10120746       6.9847163        6.9847163       14.600493       14.600493
    0.029311951       14.284907       68.641837      0.43601636      0.86930325     -0.30531962       6.9847163        6.9847163       14.600382       14.600382
    0.029172705       14.284681       69.258713      0.34168416      0.72964701    -0.071331168       6.9847163        6.9847163        14.59993        14.59993
    0.029038776       14.284295       66.812831      0.29901421       0.6193501      0.08163569       6.9847163        6.9847163       14.599158       14.599158
    0.028904395       14.283946       66.988028      0.35300098      0.68177295     -0.03477393       6.9847163        6.9847163        14.59846        14.59846
    0.028763608       14.283841       66.192683      0.34336883      0.67862331    -0.021992135       6.9847163        6.9847163        14.59825        14.59825
    0.028622771       14.283763        69.34913      0.32239093       0.7208874    -0.043278334       6.9847163        6.9847163       14.598093       14.598093
    0.028496322       14.283202       67.697578      0.41797275      0.81014808     -0.22812083       6.9847163        6.9847163       14.596972       14.596972
    0.028355716       14.283161        66.64717      0.37865655       0.7562483     -0.13490484       6.9847163        6.9847163        14.59689        14.59689
    0.028217521       14.283059       68.934886      0.43605079      0.87916612     -0.31521691       6.9847163        6.9847163       14.596686       14.596686
    0.028091511       14.282547       70.045302      0.37020322      0.82769813     -0.19790135       6.9847163        6.9847163       14.595662       14.595662
    0.027957476       14.282343       67.951063      0.42834995       0.8634101     -0.29176005       6.9847163        6.9847163       14.595254       14.595254
    0.027819648       14.282298       67.637522      0.34440918      0.68319808    -0.027607258       6.9847163        6.9847163       14.595163       14.595163
    0.027685195       14.282155       67.538227       0.3245757      0.65431312      0.02111118       6.9847163        6.9847163       14.594877       14.594877
    0.027550431       14.282046       69.277177      0.43286774      0.90134447      -0.3342122       6.9847163        6.9847163        14.59466        14.59466
    0.027413386       14.282046       68.337999      0.31586839      0.70819078    -0.024059172       6.9847163        6.9847163       14.594659       14.594659
    0.027279678       14.281947       69.820673      0.39538876      0.86707059     -0.26245935       6.9847163        6.9847163       14.594462       14.594462
    0.027147359       14.281823       69.010126      0.43477025      0.87914138     -0.31391162       6.9847163        6.9847163       14.594213       14.594213
    0.027012745       14.281806        67.75949      0.38692844      0.75276695     -0.13969539       6.9847163        6.9847163       14.594179       14.594179
    0.026889629       14.281387        70.01241      0.38087884      0.81650049     -0.19737933       6.9847163        6.9847163       14.593341       14.593341
    0.026757508       14.281324        69.68009      0.36679141      0.82124723     -0.18803864       6.9847163        6.9847163       14.593216       14.593216
    0.026627602       14.281203       68.519699      0.42761555      0.84824036     -0.27585592       6.9847163        6.9847163       14.592974       14.592974
    0.026495584       14.281186       69.452419      0.36402237      0.76763728     -0.13165965       6.9847163        6.9847163        14.59294        14.59294
    0.026369905       14.280954       67.558868      0.38062377      0.79623642     -0.17686019       6.9847163        6.9847163       14.592475       14.592475
    0.026241408       14.280851        68.04937      0.39814029      0.83530104     -0.23344133       6.9847163        6.9847163       14.592269       14.592269
     0.02611175       14.280816       68.373717      0.37029733      0.80455233     -0.17484966       6.9847163        6.9847163         14.5922         14.5922
    0.025983363       14.280758       69.255313      0.40865896       0.8773011     -0.28596006       6.9847163        6.9847163       14.592084       14.592084
    0.025856379        14.28067       67.856329      0.40295425      0.78391868     -0.18687293       6.9847163        6.9847163       14.591907       14.591907
    0.025732904       14.280469        68.86503      0.39618774      0.85336376      -0.2495515       6.9847163        6.9847163       14.591505       14.591505
      0.0256058       14.280432       68.512774      0.41927915      0.87327361     -0.29255276       6.9847163        6.9847163       14.591432       14.591432
    0.025489067       14.280015       69.614106      0.33851118      0.76440704     -0.10291822       6.9847163        6.9847163       14.590597       14.590597
    0.025362812       14.279993       66.663859      0.31189816      0.64566788      0.04243397       6.9847163        6.9847163       14.590553       14.590553
    0.025238904       14.279902       69.396874      0.40869022      0.87917725     -0.28786747       6.9847163        6.9847163       14.590372       14.590372
    0.025123881       14.279482       68.130516       0.3120888      0.69480325   -0.0068920522       6.9847163        6.9847163       14.589532       14.589532
    0.025002465       14.279339       66.266142      0.35683494      0.69614663     -0.05298157       6.9847163        6.9847163       14.589246       14.589246
    0.024878738       14.279313       67.321202      0.39305774      0.75655703     -0.14961477       6.9847163        6.9847163       14.589194       14.589194
    0.024756747       14.279241       66.921641      0.36319696      0.74673243     -0.10992939       6.9847163        6.9847163        14.58905        14.58905
    0.024637799        14.27907       70.133784      0.37855002      0.82296787     -0.20151789       6.9847163        6.9847163       14.588707       14.588707
    0.024521816         14.2788       70.137676      0.40284268      0.87025061     -0.27309329       6.9847163        6.9847163       14.588168       14.588168
     0.02440314       14.278664       70.158427      0.39419244      0.84950963     -0.24370207       6.9847163        6.9847163       14.587896       14.587896
    0.024281852       14.278659        69.58185      0.38472909      0.84801902     -0.23274812       6.9847163        6.9847163       14.587886       14.587886
    0.024165974       14.278455       68.213639      0.41670212       0.8610686     -0.27777072       6.9847163        6.9847163       14.587478       14.587478
    0.024054671       14.278085       68.462371      0.41212253      0.86306598     -0.27518852       6.9847163        6.9847163       14.586737       14.586737
    0.023940813       14.277842       66.844413      0.30505327      0.62786196     0.067084774       6.9847163        6.9847163       14.586251       14.586251
    0.023822365       14.277813       67.383427       0.3172939      0.68528361   -0.0025775071       6.9847163        6.9847163       14.586194       14.586194
    0.023705679       14.277736       68.867796      0.43497138      0.88964833     -0.32461971       6.9847163        6.9847163        14.58604        14.58604
    0.023595469       14.277409       69.586618      0.33850007      0.76203238     -0.10053245       6.9847163        6.9847163       14.585386       14.585386
    0.023478997        14.27737       68.294113      0.32499339      0.72377828    -0.048771676       6.9847163        6.9847163       14.585307       14.585307
    0.023370065       14.277032       69.463414      0.40797409      0.84001149     -0.24798558       6.9847163        6.9847163       14.584632       14.584632
    0.023257534       14.276872       66.781741      0.39649552      0.77243761     -0.16893313       6.9847163        6.9847163       14.584311       14.584311
    0.023142845       14.276828       69.202684      0.38886392       0.8481817     -0.23704562       6.9847163        6.9847163       14.584223       14.584223
     0.02302785       14.276822       69.155001      0.35273723      0.78962124     -0.14235847       6.9847163        6.9847163       14.584211       14.584211
    0.022919559       14.276547       67.509189      0.41703205       0.8112508     -0.22828285       6.9847163        6.9847163       14.583662       14.583662
    0.022808743       14.276407       67.636429      0.29922695      0.64594221     0.054830841       6.9847163        6.9847163       14.583381       14.583381
    0.022696856       14.276337       66.923262      0.37524921      0.76213233     -0.13738154       6.9847163        6.9847163       14.583241       14.583241
    0.022584118       14.276328       67.774675       0.3909145      0.76207267     -0.15298717       6.9847163        6.9847163       14.583224       14.583224
    0.022474078       14.276225        67.94701      0.38611647      0.75760866     -0.14372514       6.9847163        6.9847163       14.583018       14.583018
    0.022363291       14.276179       66.439588      0.32875487      0.64885181     0.022393319       6.9847163        6.9847163       14.582926       14.582926
    0.022252874       14.276141       67.246349       0.4111222      0.79720235     -0.20832456       6.9847163        6.9847163        14.58285        14.58285
       0.022145       14.276014       68.673525      0.37136858       0.7534614     -0.12482998       6.9847163        6.9847163       14.582595       14.582595
    0.022035339       14.275991       67.798045      0.42665011      0.84599993     -0.27265004       6.9847163        6.9847163       14.582549       14.582549
    0.021926756       14.275942        68.03328      0.35672932      0.71327364    -0.070002958       6.9847163        6.9847163       14.582452       14.582452
    0.021821883        14.27575       66.909352      0.40097181      0.77752364     -0.17849545       6.9847163        6.9847163       14.582067       14.582067
    0.021714838        14.27568       70.009772      0.36416023      0.80195448     -0.16611471       6.9847163        6.9847163       14.581927       14.581927
    0.021610796       14.275495       69.051728      0.36667567      0.81115011     -0.17782578       6.9847163        6.9847163       14.581557       14.581557
    0.021503735       14.275473       69.018696      0.37927507      0.83030586     -0.20958094       6.9847163        6.9847163       14.581514       14.581514
    0.021399661       14.275338       66.865287      0.37666157      0.72344336     -0.10010493       6.9847163        6.9847163       14.581243       14.581243
    0.021296753       14.275171       67.099967      0.39624518      0.79450105     -0.19074623       6.9847163        6.9847163       14.580909       14.580909
    0.021191077       14.275157       68.491505      0.33563969      0.74708927    -0.082728966       6.9847163        6.9847163       14.580882       14.580882
     0.02108676       14.275105       69.679355      0.35240462      0.79112732     -0.14353194       6.9847163        6.9847163       14.580777       14.580777
     0.02098955       14.274738       69.266824      0.34016569       0.7659958     -0.10616149       6.9847163        6.9847163       14.580043       14.580043
    0.020890618       14.274475       67.862836       0.3012814      0.65220122     0.046517385       6.9847163        6.9847163       14.579517       14.579517
    0.020799224       14.273871       66.705182      0.35569804      0.68754744    -0.043245485       6.9847163        6.9847163        14.57831        14.57831
    0.020696038       14.273858       67.008501       0.3215491      0.67794752   0.00050337891       6.9847163        6.9847163       14.578283       14.578283
    0.020602604       14.273395       67.605095      0.39364222      0.76491114     -0.15855336       6.9847163        6.9847163       14.577358       14.577358
    0.020501524       14.273325       68.663547      0.42801991      0.85846159      -0.2864815       6.9847163        6.9847163       14.577218       14.577218
    0.020403194       14.273145       67.961011      0.39133022      0.82089077       -0.212221       6.9847163        6.9847163       14.576858       14.576858
    0.020303699       14.273047        66.37973      0.34932702      0.68825067    -0.037577689       6.9847163        6.9847163       14.576661       14.576661
    0.020203152       14.273024       69.580216      0.41912306      0.87072606     -0.28984912       6.9847163        6.9847163       14.576615       14.576615
    0.020104042       14.272953       68.098916      0.42668122      0.84488125     -0.27156246       6.9847163        6.9847163       14.576474       14.576474
    0.020005826       14.272864       68.142526      0.41901937       0.8579036     -0.27692297       6.9847163        6.9847163       14.576295       14.576295
    0.019907809       14.272787       66.631045      0.34132409      0.69557196    -0.036896057       6.9847163        6.9847163       14.576142       14.576142
    0.019809411       14.272755       70.055758      0.39343527      0.85428247     -0.24771774       6.9847163        6.9847163       14.576077       14.576077
    0.019711528        14.27272       68.806721      0.38085438       0.7735301     -0.15438448       6.9847163        6.9847163       14.576008       14.576008
    0.019615312       14.272627       68.545502       0.3867904      0.77547852     -0.16226892       6.9847163        6.9847163       14.575821       14.575821
    0.019519492       14.272536       66.957434      0.39946747      0.78351434     -0.18298182       6.9847163        6.9847163       14.575639       14.575639
    0.019426693       14.272314       69.295062      0.33288546      0.73085602    -0.063741481       6.9847163        6.9847163       14.575195       14.575195
    0.019330567       14.272287        66.58672      0.34834675      0.67703957    -0.025386316       6.9847163        6.9847163       14.575141       14.575141
    0.019242825       14.271849       69.133497      0.42946367      0.88220528     -0.31166895       6.9847163        6.9847163       14.574265       14.574265
    0.019147546       14.271825       69.635307      0.39767138      0.83119404     -0.22886543       6.9847163        6.9847163       14.574217       14.574217
    0.019053375       14.271767       66.574067      0.35639178      0.69036075    -0.046752529       6.9847163        6.9847163       14.574102       14.574102
    0.018964457       14.271458       69.850618      0.35728565      0.79099512     -0.14828077       6.9847163        6.9847163       14.573483       14.573483
    0.018880635       14.270899       69.763977      0.37148778      0.79699836     -0.16848615       6.9847163        6.9847163       14.572366       14.572366
    0.018787321       14.270867       68.678278      0.42122091      0.87425396     -0.29547487       6.9847163        6.9847163       14.572301       14.572301
    0.018694151       14.270851       66.736215      0.37284889      0.71935364    -0.092202532       6.9847163        6.9847163        14.57227        14.57227
    0.018603345       14.270733        67.70952       0.3132511      0.65223033     0.034518563       6.9847163        6.9847163       14.572033       14.572033
    0.018511231       14.270708       68.408984      0.34362773       0.7075995    -0.051227222       6.9847163        6.9847163       14.571984       14.571984
    0.018421167       14.270599       66.889277      0.35110611      0.68377551    -0.034881626       6.9847163        6.9847163       14.571765       14.571765
    0.018332283       14.270448       67.264933      0.30578787      0.64056233       0.0536498       6.9847163        6.9847163       14.571463       14.571463
    0.018241285       14.270436       67.011229      0.40023078       0.7821892     -0.18241998       6.9847163        6.9847163        14.57144        14.57144
    0.018152778       14.270313       68.880294      0.40015539      0.85512697     -0.25528236       6.9847163        6.9847163       14.571193       14.571193
     0.01806792        14.27001       70.018135      0.38458905      0.83619276     -0.22078181       6.9847163        6.9847163       14.570588       14.570588
     0.01797945       14.269932       66.992888      0.35090923      0.72669347    -0.077602699       6.9847163        6.9847163       14.570431       14.570431
    0.017890828       14.269885       69.177258      0.32924277      0.73598763    -0.065230397       6.9847163        6.9847163       14.570338       14.570338
    0.017801871       14.269882       67.435974      0.36863674      0.72014438    -0.088781114       6.9847163        6.9847163       14.570332       14.570332
    0.017713427       14.269875       68.092445      0.42639498      0.85272916     -0.27912413       6.9847163        6.9847163       14.570318       14.570318
    0.017629884       14.269616       66.465725      0.34635071      0.68061303    -0.026963744       6.9847163        6.9847163       14.569799       14.569799
    0.017546822        14.26935       68.790909      0.40672364      0.86098242     -0.26770606       6.9847163        6.9847163       14.569268       14.569268
    0.017463698       14.269111       69.732131      0.35524934      0.77901951     -0.13426885       6.9847163        6.9847163        14.56879        14.56879
    0.017377527       14.269071       66.967711      0.31611441      0.64230411     0.041581486       6.9847163        6.9847163       14.568709       14.568709
    0.017301185       14.268486       68.975564      0.33526326      0.75027963    -0.085542893       6.9847163        6.9847163       14.567539       14.567539
    0.017215746       14.268449       68.301684      0.31111973      0.67439025     0.014490019       6.9847163        6.9847163       14.567465       14.567465
     0.01713154       14.268364       67.636244      0.32420842      0.66272863      0.01306295       6.9847163        6.9847163       14.567296       14.567296
    0.017046446       14.268356       67.685473      0.39259515      0.76674624     -0.15934139       6.9847163        6.9847163        14.56728        14.56728
    0.016962944       14.268279       69.104089      0.42650663      0.88074006     -0.30724668       6.9847163        6.9847163       14.567126       14.567126
     0.01687889       14.268259       68.469078      0.41788273      0.86421268     -0.28209541       6.9847163        6.9847163       14.567086       14.567086
     0.01679575        14.26821        69.92991      0.38470964      0.82873164     -0.21344128       6.9847163        6.9847163       14.566987       14.566987
    0.016721231       14.267668       69.139747      0.35492511      0.78932905     -0.14425416       6.9847163        6.9847163       14.565904       14.565904
     0.01664034       14.267531       67.684196      0.33056893      0.71498164    -0.045550572       6.9847163        6.9847163       14.565629       14.565629
    0.016558212       14.267491       69.949642      0.38069632      0.82703106     -0.20772738       6.9847163        6.9847163       14.565549       14.565549
    0.016478343       14.267339       69.326675      0.35329156      0.75498088     -0.10827243       6.9847163        6.9847163       14.565245       14.565245
    0.016397493        14.26727       67.216778      0.31672641      0.64703973     0.036233863       6.9847163        6.9847163       14.565107       14.565107
    0.016317424       14.267177       66.534898      0.35934504      0.70644914    -0.065794182       6.9847163        6.9847163       14.564921       14.564921
    0.016239187       14.266996       69.110742      0.42466566      0.87131973     -0.29598539       6.9847163        6.9847163       14.564559       14.564559
     0.01615857       14.266984       66.657899      0.37128612      0.73362729     -0.10491341       6.9847163        6.9847163       14.564536       14.564536
    0.016084032       14.266621       68.383159      0.40969873      0.81499009     -0.22468882       6.9847163        6.9847163       14.563809       14.563809
    0.016006594        14.26646       69.028184      0.32738905      0.72846825    -0.055857298       6.9847163        6.9847163       14.563487       14.563487
    0.015930622        14.26623       66.552539      0.35786486      0.70286074    -0.060725598       6.9847163        6.9847163       14.563027       14.563027
    0.015851819       14.266201       68.311033      0.32350735      0.71533499    -0.038842336       6.9847163        6.9847163       14.562969       14.562969
    0.015773338       14.266177       67.999065      0.40389228      0.79524156     -0.19913384       6.9847163        6.9847163       14.562921       14.562921
    0.015696286       14.266086       67.930876       0.3896039      0.76731482     -0.15691873       6.9847163        6.9847163       14.562739       14.562739
    0.015618295        14.26608       68.886284      0.34494562      0.72755105    -0.072496675       6.9847163        6.9847163       14.562727       14.562727
    0.015541132       14.266044       67.381341      0.38811936      0.79308344     -0.18120279       6.9847163        6.9847163       14.562656       14.562656
    0.015463985       14.266033       67.346844       0.3662771      0.76230394     -0.12858104       6.9847163        6.9847163       14.562634       14.562634
     0.01538739       14.266012       69.459147      0.36689511      0.81236412     -0.17925923       6.9847163        6.9847163       14.562591       14.562591
    0.015313193       14.265858       68.072912      0.41051495      0.81035054     -0.22086549       6.9847163        6.9847163       14.562283       14.562283
    0.015238592       14.265754       66.590293      0.33832797      0.67864729    -0.016975266       6.9847163        6.9847163       14.562075       14.562075
    0.015162977        14.26574       68.254402       0.3407372      0.74751911    -0.088256313       6.9847163        6.9847163       14.562048       14.562048
    0.015089546       14.265607       69.221103      0.38195029      0.83370895     -0.21565923       6.9847163        6.9847163       14.561782       14.561782
     0.01501995       14.265242       68.626069      0.37162029      0.75635975     -0.12798004       6.9847163        6.9847163       14.561052       14.561052
    0.014948604       14.265017       68.062213      0.31020777       0.6735096      0.01628264       6.9847163        6.9847163       14.560601       14.560601
    0.014880526       14.264593       67.943652      0.38761234      0.76474649     -0.15235884       6.9847163        6.9847163       14.559754       14.559754
    0.014807902       14.264498       67.808424      0.34240708      0.73850802    -0.080915102       6.9847163        6.9847163       14.559564       14.559564
    0.014735395       14.264419        69.34869      0.37470203      0.78641338     -0.16111541       6.9847163        6.9847163       14.559406       14.559406
    0.014662538       14.264389        68.29595      0.41560804       0.8269091     -0.24251715       6.9847163        6.9847163       14.559345       14.559345
    0.014590218       14.264346        69.48531      0.34648217      0.76101534     -0.10749751       6.9847163        6.9847163       14.559259       14.559259
    0.014518424       14.264291       66.977596      0.34402017      0.71160194    -0.055622114       6.9847163        6.9847163        14.55915        14.55915
     0.01445036       14.264003       69.170573      0.42187668      0.87454853     -0.29642521       6.9847163        6.9847163       14.558573       14.558573
    0.014378996       14.263965       66.770392      0.36273252      0.70679154    -0.069524062       6.9847163        6.9847163       14.558498       14.558498
    0.014308188       14.263914       69.029968      0.33178195      0.72298043    -0.054762386       6.9847163        6.9847163       14.558396       14.558396
    0.014237434       14.263885       67.668326       0.4082116      0.80105334     -0.20926494       6.9847163        6.9847163       14.558337       14.558337
    0.014168297       14.263764       67.984183       0.3193745      0.67028835     0.010337152       6.9847163        6.9847163       14.558096       14.558096
    0.014100248       14.263592       69.538195      0.40488187      0.86622575     -0.27110762       6.9847163        6.9847163       14.557751       14.557751
    0.014030956       14.263531       69.399511       0.3518178      0.75948504     -0.11130284       6.9847163        6.9847163       14.557629       14.557629
    0.013961416       14.263512       66.632627      0.33913784       0.6784577    -0.017595535       6.9847163        6.9847163       14.557591       14.557591
    0.013894889         14.2633       68.239418      0.37970915       0.7590466     -0.13875575       6.9847163        6.9847163       14.557168       14.557168
    0.013826559       14.263242       69.368555      0.39306209      0.85032674     -0.24338883       6.9847163        6.9847163       14.557052       14.557052
    0.013757878       14.263234       67.373824      0.40548253      0.79723135     -0.20271387       6.9847163        6.9847163       14.557036       14.557036
    0.013690252       14.263175       68.346103      0.41639409      0.83070977     -0.24710387       6.9847163        6.9847163       14.556917       14.556917
    0.013625274       14.262945       66.655402      0.34031067      0.67667417     -0.01698484       6.9847163        6.9847163       14.556458       14.556458
    0.013557545       14.262941       68.848338      0.39267295       0.8413896     -0.23406255       6.9847163        6.9847163       14.556449       14.556449
    0.013494775       14.262594       68.328761      0.31576162      0.69162887    -0.007390486       6.9847163        6.9847163       14.555755       14.555755
    0.013428211       14.262551       68.518836      0.40130759      0.84483383     -0.24614142       6.9847163        6.9847163        14.55567        14.55567
     0.01336162       14.262534       67.965031      0.40577433      0.83324658     -0.23902091       6.9847163        6.9847163       14.555636       14.555636
    0.013295481       14.262509       68.910627      0.32688584      0.72176784    -0.048653679       6.9847163        6.9847163       14.555586       14.555586
    0.013231002       14.262384       69.425376      0.39609953       0.8252258     -0.22132534       6.9847163        6.9847163       14.555335       14.555335
     0.01316729       14.262222       69.224165      0.37621553      0.78491445     -0.16112999       6.9847163        6.9847163       14.555012       14.555012
    0.013102306       14.262182       68.240495      0.37724524      0.80505224     -0.18229748       6.9847163        6.9847163       14.554932       14.554932
    0.013039379        14.26201         69.7935       0.3934028      0.84284669     -0.23624949       6.9847163        6.9847163       14.554587       14.554587
     0.01297692       14.261823         68.8572      0.33058912      0.71484091    -0.045430032       6.9847163        6.9847163       14.554214       14.554214
    0.012912603       14.261804       66.962546      0.38703791      0.75960691     -0.14664482       6.9847163        6.9847163       14.554176       14.554176
    0.012849388       14.261725       68.454995       0.3443699      0.71390872    -0.058278615       6.9847163        6.9847163       14.554017       14.554017
     0.01278634       14.261656       68.846202      0.34564592      0.72916959    -0.074815511       6.9847163        6.9847163        14.55388        14.55388
    0.012723047        14.26163       68.874698      0.36942944      0.80705588     -0.17648532       6.9847163        6.9847163       14.553828       14.553828
    0.012662851       14.261385       68.530042      0.42218704      0.85320992     -0.27539695       6.9847163        6.9847163       14.553338       14.553338
    0.012600958       14.261298       66.944378      0.36739783      0.71669785    -0.084095685       6.9847163        6.9847163       14.553163       14.553163
    0.012538622        14.26127        68.57804      0.42240476      0.85550952     -0.27791428       6.9847163        6.9847163       14.553107       14.553107
    0.012477035       14.261206       69.315652      0.34540032      0.76669297     -0.11209329       6.9847163        6.9847163       14.552979       14.552979
    0.012417666       14.260988       69.403663      0.40955648      0.85202448     -0.26158097       6.9847163        6.9847163       14.552543       14.552543
    0.012356238        14.26096       66.787716      0.37078442      0.72629826    -0.097082682       6.9847163        6.9847163       14.552487       14.552487
    0.012300344       14.260506       67.998431      0.31637618      0.67205182     0.011572004       6.9847163        6.9847163       14.551579       14.551579
    0.012239922       14.260442       67.412147      0.31889379      0.67760538    0.0035008326       6.9847163        6.9847163       14.551452       14.551452
    0.012180436       14.260327       68.911879      0.35502953      0.74414261    -0.099172149       6.9847163        6.9847163       14.551221       14.551221
    0.012119961       14.260316       66.856741      0.36442904      0.71271473    -0.077143768       6.9847163        6.9847163         14.5512         14.5512
    0.012062918       14.260047       68.351781      0.35332418      0.76929394     -0.12261812       6.9847163        6.9847163       14.550661       14.550661
    0.012003494       14.259998       68.492214      0.32196304      0.69497438    -0.016937415       6.9847163        6.9847163       14.550563       14.550563
    0.011943901       14.259987       68.125261      0.35799792      0.72371176    -0.081709681       6.9847163        6.9847163       14.550542       14.550542
    0.011886371       14.259828       68.908191      0.37480087      0.77256209     -0.14736296       6.9847163        6.9847163       14.550223       14.550223
    0.011828302       14.259737       66.712099       0.3487906      0.69165964    -0.040450235       6.9847163        6.9847163       14.550042       14.550042
    0.011769511       14.259732       68.855156      0.42023288      0.86606736     -0.28630024       6.9847163        6.9847163       14.550032       14.550032
     0.01171153       14.259683       69.239746      0.35655871       0.7597449     -0.11630361       6.9847163        6.9847163       14.549934       14.549934
    0.011655386       14.259502       66.845247      0.33063252      0.66960752  -0.00024003519       6.9847163        6.9847163       14.549571       14.549571
    0.011597573       14.259487       68.948472      0.34002855      0.75410615    -0.094134705       6.9847163        6.9847163       14.549541       14.549541
    0.011540959       14.259393       67.968282      0.31462716      0.67409152     0.011281326       6.9847163        6.9847163       14.549353       14.549353
    0.011483862       14.259365       67.352321       0.3340332      0.70616835    -0.040201549       6.9847163        6.9847163       14.549297       14.549297
    0.011427548       14.259293       68.311246      0.36085619      0.73334527    -0.094201465       6.9847163        6.9847163       14.549154       14.549154
    0.011371537       14.259219       66.956227      0.36115989      0.70773182     -0.06889171       6.9847163        6.9847163       14.549005       14.549005
    0.011315595       14.259163       69.431724       0.3496321      0.76906935     -0.11870145       6.9847163        6.9847163       14.548893       14.548893
    0.011260571        14.25905       69.333875      0.34505884      0.75804066      -0.1030995       6.9847163        6.9847163       14.548667       14.548667
    0.011205425       14.258972       68.913935      0.36294822      0.75568731     -0.11863554       6.9847163        6.9847163       14.548511       14.548511
    0.011151593         14.2588       67.670842      0.32484573      0.67024292    0.0049113515       6.9847163        6.9847163       14.548167       14.548167
    0.011097688       14.258657       68.453564      0.33322162      0.70248889    -0.035710513       6.9847163        6.9847163       14.547882       14.547882
    0.011043043       14.258606       67.209018       0.3751908      0.73377697     -0.10896776       6.9847163        6.9847163        14.54778        14.54778
    0.010989387        14.25849       68.380973      0.41120598      0.82323772     -0.23444371       6.9847163        6.9847163       14.547547       14.547547
    0.010934779       14.258484       66.983908       0.3795134      0.74324327     -0.12275667       6.9847163        6.9847163       14.547535       14.547535
    0.010880558       14.258467       69.640557      0.39099819      0.84418986     -0.23518806       6.9847163        6.9847163       14.547501       14.547501
    0.010826806       14.258431       69.196663      0.37447005      0.81836018     -0.19283023       6.9847163        6.9847163        14.54743        14.54743
    0.010773085       14.258418       68.147138      0.37711811      0.75451549      -0.1316336       6.9847163        6.9847163       14.547404       14.547404
    0.010719562       14.258412       68.850555      0.34973541       0.7715556     -0.12129101       6.9847163        6.9847163       14.547391       14.547391
     0.01066676       14.258362         67.5636      0.31525354      0.66833481     0.016411653       6.9847163        6.9847163       14.547292       14.547292
    0.010614056       14.258328       69.593276      0.39466901      0.84923223     -0.24390124       6.9847163        6.9847163       14.547223       14.547223
    0.010561808       14.258275       69.131731      0.41519089      0.85684224     -0.27203313       6.9847163        6.9847163       14.547117       14.547117
    0.010509714       14.258231       67.275088      0.39408742      0.77328998      -0.1673774       6.9847163        6.9847163        14.54703        14.54703
    0.010458126       14.258165       68.491112      0.41683909      0.83988154     -0.25672063       6.9847163        6.9847163       14.546897       14.546897
    0.010407145       14.258064        68.30669      0.33881164       0.7041386     -0.04295024       6.9847163        6.9847163       14.546696       14.546696
    0.010356595       14.257945       67.756681      0.32863207      0.70802541    -0.036657479       6.9847163        6.9847163       14.546458       14.546458
    0.010305162       14.257937       67.835141      0.32405861      0.70053796    -0.024596568       6.9847163        6.9847163       14.546441       14.546441
    0.010254637       14.257864        69.09173      0.39873411      0.81983385     -0.21856796       6.9847163        6.9847163       14.546296       14.546296
    0.010203977       14.257829       67.009274      0.38348348       0.7577813     -0.14126478       6.9847163        6.9847163       14.546225       14.546225
     0.01015367       14.257784        67.42025      0.37644344      0.73888959     -0.11533304       6.9847163        6.9847163       14.546135       14.546135
    0.010103246       14.257774       67.972472       0.3406821      0.73682224    -0.077504337       6.9847163        6.9847163       14.546116       14.546116
     0.01005322       14.257751       68.172593      0.39256948      0.82220924     -0.21477872       6.9847163        6.9847163       14.546069       14.546069
    0.010003364       14.257735       67.089956      0.32514804      0.67413258   0.00071938101       6.9847163        6.9847163       14.546037       14.546037
   0.0099570127       14.257391       67.132191      0.32282622       0.6639613     0.013212487       6.9847163        6.9847163        14.54535        14.54535
   0.0099101192       14.257125       67.146942      0.38056527      0.76692745     -0.14749273       6.9847163        6.9847163       14.544817       14.544817
   0.0098609139       14.257114       68.996331       0.3935325      0.80757475     -0.20110726       6.9847163        6.9847163       14.544796       14.544796
   0.0098124448       14.257055       66.952056      0.36054979      0.73068902    -0.091238814       6.9847163        6.9847163       14.544677       14.544677
   0.0097644861       14.256966       68.393624      0.35962888      0.77941472      -0.1390436       6.9847163        6.9847163         14.5445         14.5445
   0.0097164995       14.256905       67.016739      0.37876306      0.75605942     -0.13482249       6.9847163        6.9847163       14.544378       14.544378
   0.0096683793       14.256883       67.580137      0.40245547      0.79398829     -0.19644375       6.9847163        6.9847163       14.544333       14.544333
   0.0096205464       14.256854       68.745717      0.41127859      0.85737275     -0.26865134       6.9847163        6.9847163       14.544276       14.544276
   0.0095727142       14.256852       67.899939      0.32756112      0.70897106    -0.036532185       6.9847163        6.9847163       14.544271       14.544271
   0.0095254679       14.256812       67.502749       0.3361386      0.71384656    -0.049985163       6.9847163        6.9847163       14.544191       14.544191
   0.0094800988       14.256599        68.96873      0.33574588      0.74034317    -0.076089059       6.9847163        6.9847163       14.543765       14.543765
    0.009433331       14.256557       68.867017      0.41372414      0.86114805     -0.27487219       6.9847163        6.9847163       14.543681       14.543681
   0.0093864358       14.256552       67.253067      0.33735067      0.70654588    -0.043896547       6.9847163        6.9847163       14.543672       14.543672
   0.0093402099       14.256502       67.578257      0.35794745       0.7123073    -0.070254751       6.9847163        6.9847163       14.543572       14.543572
     0.00929429       14.256443       67.986149      0.40179836      0.82607482     -0.22787318       6.9847163        6.9847163       14.543454       14.543454
   0.0092481442       14.256432       69.549098      0.39895963      0.85124569     -0.25020532       6.9847163        6.9847163       14.543432       14.543432
   0.0092027392       14.256366       67.875095      0.38744519      0.80563078     -0.19307597       6.9847163        6.9847163         14.5433         14.5433
   0.0091572291       14.256337       67.892356      0.32778351      0.68065024   -0.0084337537       6.9847163        6.9847163       14.543241       14.543241
     0.00911168       14.256335       68.819629      0.35008931       0.7365386    -0.086627916       6.9847163        6.9847163       14.543238       14.543238
   0.0090665765       14.256311       68.630584      0.41826146      0.85325663     -0.27151809       6.9847163        6.9847163       14.543189       14.543189
   0.0090216295       14.256293       69.197636      0.37839616      0.79042517     -0.16882133       6.9847163        6.9847163       14.543154       14.543154
   0.0089774196       14.256217       66.982769      0.33644478      0.69118765    -0.027632426       6.9847163        6.9847163       14.543002       14.543002
   0.0089344801       14.256024       68.525434      0.35332579      0.73068486    -0.084010656       6.9847163        6.9847163       14.542616       14.542616
   0.0088933028       14.255656       69.053108      0.33943947       0.7478939    -0.087333369       6.9847163        6.9847163        14.54188        14.54188
   0.0088491887       14.255642       67.118048      0.35174867      0.69659771    -0.048346379       6.9847163        6.9847163       14.541851       14.541851
   0.0088056683       14.255585       66.934478        0.373552      0.74010875     -0.11366075       6.9847163        6.9847163       14.541737       14.541737
   0.0087626288       14.255496        68.94623      0.34246795      0.75614668    -0.098614627       6.9847163        6.9847163        14.54156        14.54156
   0.0087197583       14.255413       68.012106      0.32734627      0.68440354    -0.011749803       6.9847163        6.9847163       14.541394       14.541394
    0.008676677       14.255379       67.161379      0.38788109       0.7658403      -0.1537214       6.9847163        6.9847163       14.541326       14.541326
   0.0086335452       14.255375       68.968397       0.3444338      0.76036279      -0.1047966       6.9847163        6.9847163       14.541317       14.541317
   0.0085908602       14.255344       68.160823      0.39797188      0.79313159     -0.19110347       6.9847163        6.9847163       14.541255       14.541255
   0.0085483054       14.255322       68.799451      0.41568771      0.85856343     -0.27425114       6.9847163        6.9847163       14.541211       14.541211
    0.008506364       14.255253        68.00111      0.34351944      0.70255759    -0.046077022       6.9847163        6.9847163       14.541073       14.541073
   0.0084646533       14.255181       67.742459      0.32138605      0.67275371    0.0058602479       6.9847163        6.9847163       14.540929       14.540929
   0.0084227589       14.255155        68.16963      0.33158367      0.72251937    -0.054103036       6.9847163        6.9847163       14.540877       14.540877
   0.0083815853       14.255068        68.09068      0.39823281      0.79232208     -0.19055489       6.9847163        6.9847163       14.540703       14.540703
   0.0083404714       14.254997       68.594169      0.32740249        0.708676    -0.036078482       6.9847163        6.9847163       14.540562       14.540562
   0.0082991486       14.254976       67.597783      0.39483696      0.80250112     -0.19733808       6.9847163        6.9847163        14.54052        14.54052
   0.0082586104       14.254886       67.621164      0.38905577      0.79736109     -0.18641686       6.9847163        6.9847163       14.540339       14.540339
   0.0082177792       14.254854        68.15173      0.41416084      0.83467984     -0.24884068       6.9847163        6.9847163       14.540276       14.540276
   0.0081774417       14.254787       67.754469      0.35100763      0.74704217      -0.0980498       6.9847163        6.9847163       14.540142       14.540142
   0.0081396958       14.254426       67.171272      0.33319885      0.69287641    -0.026075252       6.9847163        6.9847163        14.53942        14.53942
   0.0080994176       14.254399       68.136949      0.32299644      0.68678912   -0.0097855609       6.9847163        6.9847163       14.539366       14.539366
   0.0080592595       14.254382       67.286789       0.3468114      0.69230918    -0.039120579       6.9847163        6.9847163       14.539332       14.539332
   0.0080193825       14.254356       69.389791      0.36133502      0.79332708      -0.1546621       6.9847163        6.9847163       14.539279       14.539279
    0.007979915       14.254301       68.140565      0.34887701      0.75395665     -0.10283366       6.9847163        6.9847163        14.53917        14.53917
   0.0079422132       14.254049       69.348789      0.35366149      0.76978216     -0.12344365       6.9847163        6.9847163       14.538666       14.538666
   0.0079030954          14.254       68.273104      0.40908182      0.84033562     -0.24941744       6.9847163        6.9847163       14.538567       14.538567
    0.007863815       14.253994       68.738427      0.39477105      0.80316908     -0.19794013       6.9847163        6.9847163       14.538556       14.538556
   0.0078256485       14.253873       66.923655      0.36630514      0.73042592    -0.096731058       6.9847163        6.9847163       14.538313       14.538313
   0.0077869712       14.253839       67.396545      0.36137054      0.75056842     -0.11193896       6.9847163        6.9847163       14.538246       14.538246
   0.0077486332       14.253787       68.256882      0.36511325      0.78350267     -0.14861592       6.9847163        6.9847163       14.538142       14.538142
   0.0077105368       14.253728       69.070494      0.39522876      0.81532525     -0.21055401       6.9847163        6.9847163       14.538024       14.538024
   0.0076722078       14.253725       67.452678      0.32264279      0.67964372   -0.0022865153       6.9847163        6.9847163       14.538017       14.538017
   0.0076347009       14.253638       69.334052      0.40373394      0.85390382     -0.25763777       6.9847163        6.9847163       14.537843       14.537843
   0.0075973792       14.253551       68.244368      0.36751569      0.74406137     -0.11157705       6.9847163        6.9847163       14.537669       14.537669
   0.0075603674       14.253446       68.181828      0.41309695      0.83384993     -0.24694688       6.9847163        6.9847163        14.53746        14.53746
    0.007523206       14.253386       68.754815      0.39718887      0.84038057     -0.23756945       6.9847163        6.9847163        14.53734        14.53734
   0.0074859791        14.25336       69.513839      0.38712987      0.83447051     -0.22160038       6.9847163        6.9847163       14.537287       14.537287
   0.0074497389       14.253225       68.325255      0.40894634      0.82143275     -0.23037909       6.9847163        6.9847163       14.537017       14.537017
   0.0074129061       14.253194       67.867143      0.38472434      0.76369702     -0.14842136       6.9847163        6.9847163       14.536955       14.536955
   0.0073770233       14.253059       67.311479      0.32455079      0.67281274    0.0026364724       6.9847163        6.9847163       14.536685       14.536685
    0.007340408       14.253047       68.311033      0.39780873      0.79766733     -0.19547605       6.9847163        6.9847163       14.536661       14.536661
   0.0073040139        14.25303       69.567205       0.3865335      0.83026567     -0.21679917       6.9847163        6.9847163       14.536627       14.536627
   0.0072681166       14.252969       68.990744      0.35168921       0.7475843    -0.099273513       6.9847163        6.9847163       14.536505       14.536505
   0.0072323111       14.252919       68.118787      0.34735165      0.71204419    -0.059395841       6.9847163        6.9847163       14.536406       14.536406
   0.0071984041       14.252632       67.616598      0.32153754      0.68021998   -0.0017575157       6.9847163        6.9847163       14.535831       14.535831
   0.0071625973       14.252631       69.414455      0.40023798        0.846899     -0.24713698       6.9847163        6.9847163       14.535829       14.535829
   0.0071282464        14.25245       68.266384      0.32533767      0.69556181     -0.02089948       6.9847163        6.9847163       14.535468       14.535468
   0.0070956179       14.252051       67.110481       0.3789285      0.75439329     -0.13332179       6.9847163        6.9847163        14.53467        14.53467
   0.0070603947        14.25204       68.966691      0.36857667      0.80240352     -0.17098019       6.9847163        6.9847163       14.534647       14.534647
   0.0070257036       14.251978        68.62179      0.33438913       0.7158266    -0.050215721       6.9847163        6.9847163       14.534523       14.534523
   0.0069912487       14.251906       68.603231      0.41042038      0.83315299     -0.24357337       6.9847163        6.9847163        14.53438        14.53438
   0.0069566305       14.251883       68.802249      0.37427725      0.80871347     -0.18299072       6.9847163        6.9847163       14.534333       14.534333
   0.0069223821       14.251831       69.075871      0.38670396      0.80185686     -0.18856082       6.9847163        6.9847163       14.534229       14.534229
   0.0068879849       14.251825       68.035305      0.34572813      0.70822832    -0.053956442       6.9847163        6.9847163       14.534217       14.534217
   0.0068542303       14.251749       67.969487      0.33212678      0.69057285    -0.022699624       6.9847163        6.9847163       14.534066       14.534066
   0.0068201353       14.251749       69.110925      0.39861449      0.84672708     -0.24534158       6.9847163        6.9847163       14.534065       14.534065
   0.0067862185       14.251747       68.192256      0.41067698      0.83434792      -0.2450249       6.9847163        6.9847163       14.534061       14.534061
   0.0067533526       14.251613       67.158276      0.34844889      0.71794794    -0.066396833       6.9847163        6.9847163       14.533794       14.533794
   0.0067200111       14.251575       67.968977      0.36754748      0.73808511     -0.10563259       6.9847163        6.9847163       14.533718       14.533718
   0.0066866853       14.251559       68.554222      0.34290154        0.750064    -0.092965536       6.9847163        6.9847163       14.533686       14.533686
   0.0066537092       14.251515       67.353423       0.3842826      0.75793399     -0.14221659       6.9847163        6.9847163       14.533598       14.533598
   0.0066207187       14.251498       68.436809      0.36138939      0.74145284     -0.10284223       6.9847163        6.9847163       14.533564       14.533564
   0.0065878796       14.251484       69.316369      0.35749424      0.78205176       -0.139546       6.9847163        6.9847163       14.533535       14.533535
   0.0065554435       14.251432       69.221623      0.39078133      0.81508176     -0.20586309       6.9847163        6.9847163       14.533431       14.533431
   0.0065233906       14.251345       67.713882       0.3302464      0.68253041     -0.01277681       6.9847163        6.9847163       14.533258       14.533258
   0.0064913209       14.251286       68.784225      0.35720669      0.74728742     -0.10449411       6.9847163        6.9847163        14.53314        14.53314
   0.0064594839       14.251215       69.254064      0.35675918      0.78160668     -0.13836585       6.9847163        6.9847163       14.532998       14.532998
   0.0064274893       14.251194       68.720638      0.41092453      0.83913357     -0.25005809       6.9847163        6.9847163       14.532955       14.532955
   0.0063956335       14.251175       69.124593       0.3948194      0.81857094     -0.21339033       6.9847163        6.9847163       14.532917       14.532917
    0.006364207       14.251112       68.798317      0.39316051      0.80388152     -0.19704203       6.9847163        6.9847163       14.532792       14.532792
   0.0063325569        14.25111         69.2211      0.35103867      0.76566038     -0.11669905       6.9847163        6.9847163       14.532788       14.532788
   0.0063015427       14.251032       68.473366      0.36460236      0.78647767     -0.15108003       6.9847163        6.9847163       14.532632       14.532632
   0.0062704131       14.250998       69.068331      0.37555562      0.81420942     -0.18976504       6.9847163        6.9847163       14.532563       14.532563
   0.0062396209       14.250932       68.918705      0.36132096      0.75804873     -0.11936969       6.9847163        6.9847163       14.532432       14.532432
   0.0062088522       14.250888       69.216827      0.35320362      0.77335644     -0.12656006       6.9847163        6.9847163       14.532344       14.532344
   0.0061782017        14.25085       69.008474      0.34568106      0.75837125     -0.10405231       6.9847163        6.9847163       14.532268       14.532268
   0.0061476074       14.250827       67.837531      0.37495213      0.78463628     -0.15958841       6.9847163        6.9847163       14.532221       14.532221
   0.0061171014       14.250813       67.079182      0.37335943      0.74540111     -0.11876054       6.9847163        6.9847163       14.532194       14.532194
   0.0060867914       14.250793       68.564222      0.33045513      0.71558124    -0.046036376       6.9847163        6.9847163       14.532154       14.532154
   0.0060565847       14.250781       68.007378      0.40560279       0.8112163     -0.21681909       6.9847163        6.9847163       14.532129       14.532129
   0.0060284978       14.250442       69.090471      0.36071531      0.78911786     -0.14983317       6.9847163        6.9847163       14.531451       14.531451
   0.0059986967        14.25041       68.583304       0.3504861      0.73198991    -0.082476011       6.9847163        6.9847163       14.531387       14.531387
   0.0059708105       14.250081        68.69391      0.35351586       0.7399515     -0.09346736       6.9847163        6.9847163        14.53073        14.53073
   0.0059412283       14.250061       67.732685      0.32814991      0.68263506    -0.010784972       6.9847163        6.9847163       14.530689       14.530689
   0.0059123331       14.249949       67.524011      0.39476039      0.78497657     -0.17973695       6.9847163        6.9847163       14.530465       14.530465
   0.0058831766       14.249905       67.720375       0.3855679      0.76477718     -0.15034509       6.9847163        6.9847163       14.530377       14.530377
   0.0058540308       14.249883       67.415257      0.36096357      0.74814344     -0.10910701       6.9847163        6.9847163       14.530334       14.530334
   0.0058251391       14.249844       67.602625      0.38869772      0.79225026     -0.18094798       6.9847163        6.9847163       14.530255       14.530255
   0.0057961598       14.249843       68.242717       0.3577686      0.73145436    -0.089222964       6.9847163        6.9847163       14.530254       14.530254
   0.0057677016       14.249778       69.394988      0.38148347      0.80985824      -0.1913417       6.9847163        6.9847163       14.530123       14.530123
   0.0057395488       14.249683       67.590752      0.39633351      0.79609131     -0.19242483       6.9847163        6.9847163       14.529934       14.529934
   0.0057114275       14.249608       67.252024      0.37324355      0.75711776     -0.13036131       6.9847163        6.9847163       14.529783       14.529783
   0.0056830347       14.249604       69.229754       0.3556302      0.77664319      -0.1322734       6.9847163        6.9847163       14.529775       14.529775
   0.0056552305       14.249521       69.192929      0.35301356      0.77055123     -0.12356479       6.9847163        6.9847163       14.529609       14.529609
   0.0056275903       14.249433        68.77386      0.38558081      0.82333313     -0.20891394       6.9847163        6.9847163       14.529433       14.529433
   0.0055998647       14.249384       67.970804      0.34407411      0.73824516    -0.082319279       6.9847163        6.9847163       14.529336       14.529336
   0.0055724241       14.249309       67.611719      0.39611777      0.79701073     -0.19312851       6.9847163        6.9847163       14.529185       14.529185
   0.0055448946       14.249274       68.343001        0.391478      0.78888353     -0.18036153       6.9847163        6.9847163       14.529115       14.529115
   0.0055184669       14.249064       69.274207      0.35947825      0.78360705      -0.1430853       6.9847163        6.9847163       14.528695       14.528695
   0.0054910287       14.249061       67.387982      0.38794138      0.77746801     -0.16540939       6.9847163        6.9847163       14.528689       14.528689
   0.0054637482       14.249053       67.623579      0.33199222      0.70361863    -0.035610856       6.9847163        6.9847163       14.528674       14.528674
   0.0054376531       14.248853       69.003978      0.40263232      0.83188817      -0.2345205       6.9847163        6.9847163       14.528274       14.528274
   0.0054107076       14.248834       68.791364      0.38082905      0.78387942     -0.16470847       6.9847163        6.9847163       14.528235       14.528235
   0.0053838106        14.24883       68.283035      0.40613094       0.8330994     -0.23923034       6.9847163        6.9847163       14.528227       14.528227
   0.0053570255        14.24883       67.115779      0.34044865       0.6949152    -0.035363853       6.9847163        6.9847163       14.528227       14.528227
   0.0053303847       14.248828       67.818417      0.37613441      0.78449352     -0.16062793       6.9847163        6.9847163       14.528223       14.528223
    0.005304374       14.248732        68.46663      0.40305075      0.81543044     -0.21848119       6.9847163        6.9847163       14.528031       14.528031
   0.0052787751       14.248581       67.204071      0.37418171       0.7534912     -0.12767291       6.9847163        6.9847163        14.52773        14.52773
    0.005252771       14.248533       68.633198      0.40676908      0.84308316     -0.24985224       6.9847163        6.9847163       14.527633       14.527633
   0.0052272081       14.248423       68.404896      0.40292889      0.83440406     -0.23733294       6.9847163        6.9847163       14.527414       14.527414
   0.0052014089       14.248383       68.273231      0.33183525       0.7035391    -0.035374347       6.9847163        6.9847163       14.527334       14.527334
   0.0051757128       14.248349       69.016852      0.34948155       0.7514729     -0.10095445       6.9847163        6.9847163       14.527265       14.527265
   0.0051502194       14.248298       68.137601      0.39182265      0.78535082     -0.17717347       6.9847163        6.9847163       14.527164       14.527164
   0.0051248118       14.248256       68.859577      0.40568659      0.83432617     -0.24001277       6.9847163        6.9847163        14.52708        14.52708
   0.0050995392       14.248213       67.722725      0.32613685      0.68853488    -0.014671731       6.9847163        6.9847163       14.526994       14.526994
   0.0050741747       14.248211        68.28855      0.38488274       0.8104188     -0.19530154       6.9847163        6.9847163        14.52699        14.52699
   0.0050492785       14.248143       67.596566      0.39419597      0.79330964     -0.18750561       6.9847163        6.9847163       14.526853       14.526853
   0.0050242339       14.248127       68.121965      0.38520652      0.80600968     -0.19121619       6.9847163        6.9847163       14.526822       14.526822
   0.0049993615       14.248103       69.296216      0.37988137      0.80355965     -0.18344102       6.9847163        6.9847163       14.526773       14.526773
   0.0049754389       14.247911       68.252185      0.33687178      0.70711339    -0.043985172       6.9847163        6.9847163        14.52639        14.52639
   0.0049509378        14.24786       68.899525      0.34311093      0.74258589    -0.085696816       6.9847163        6.9847163       14.526288       14.526288
   0.0049266273       14.247795       68.217056      0.39916024      0.82473931     -0.22389955       6.9847163        6.9847163       14.526158       14.526158
    0.004902121       14.247795       67.835504      0.39124885      0.77918782     -0.17043667       6.9847163        6.9847163       14.526157       14.526157
   0.0048780107       14.247738       68.683077      0.40305291      0.82248052     -0.22553343       6.9847163        6.9847163       14.526043       14.526043
   0.0048543138        14.24762       67.107967      0.35209927      0.70636105    -0.058460322       6.9847163        6.9847163       14.525807       14.525807
   0.0048303667       14.247578       68.001398       0.4005433      0.81757344     -0.21811675       6.9847163        6.9847163       14.525723       14.525723
   0.0048067495       14.247491       69.292902      0.37842652      0.80186963     -0.18029614       6.9847163        6.9847163        14.52555        14.52555
   0.0047829727       14.247462       68.033464      0.40036967      0.81869376     -0.21906344       6.9847163        6.9847163       14.525492       14.525492
   0.0047592911       14.247439       68.052758       0.3407961      0.70548045    -0.046276546       6.9847163        6.9847163       14.525445       14.525445
   0.0047357175       14.247417        67.42682      0.33211388       0.6849088    -0.017022683       6.9847163        6.9847163       14.525401       14.525401
   0.0047122931       14.247388       67.678823      0.35187563      0.74177183    -0.093647464       6.9847163        6.9847163       14.525343       14.525343
   0.0046888826        14.24738       67.199774      0.37140037      0.74827119     -0.11967156       6.9847163        6.9847163       14.525328       14.525328
   0.0046658474       14.247318       68.042595      0.40426588      0.81893435     -0.22320023       6.9847163        6.9847163       14.525203       14.525203
   0.0046428391       14.247274       67.982278       0.4018282      0.80606578     -0.20789398       6.9847163        6.9847163       14.525115       14.525115
   0.0046200997       14.247196        68.36475      0.33913897      0.71382943    -0.052968402       6.9847163        6.9847163       14.524959       14.524959
    0.004597594       14.247092       68.460325      0.39723512      0.82929661     -0.22653174       6.9847163        6.9847163       14.524751       14.524751
   0.0045756245       14.246894       67.329015      0.34821983      0.70095644    -0.049176273       6.9847163        6.9847163       14.524355       14.524355
   0.0045531521        14.24683       68.801039      0.37530727      0.77664109     -0.15194835       6.9847163        6.9847163       14.524227       14.524227
    0.004531022       14.246714       68.567848      0.40458957      0.82400938     -0.22859895       6.9847163        6.9847163       14.523996       14.523996
   0.0045087045       14.246664       69.017346      0.35759943      0.77958485     -0.13718428       6.9847163        6.9847163       14.523896       14.523896
   0.0044862816       14.246662       68.979562       0.3929597      0.81321854     -0.20617824       6.9847163        6.9847163       14.523892       14.523892
   0.0044640423       14.246644       68.615483      0.36071709      0.74893895     -0.10965604       6.9847163        6.9847163       14.523856       14.523856
    0.004442042       14.246598       69.306449      0.36868156      0.79167528     -0.16035685       6.9847163        6.9847163       14.523763       14.523763
   0.0044201156       14.246559       68.624258       0.3489641      0.73432436    -0.083288465       6.9847163        6.9847163       14.523685       14.523685
    0.004398713       14.246424       67.290757      0.37535082      0.75738211     -0.13273293       6.9847163        6.9847163       14.523416       14.523416
   0.0043768377       14.246423        67.43524      0.33480116      0.68800849    -0.022809649       6.9847163        6.9847163       14.523413       14.523413
   0.0043550854       14.246417       68.278666      0.36315986      0.77716169     -0.14032155       6.9847163        6.9847163       14.523402       14.523402
   0.0043334303       14.246415       69.088672      0.37653991       0.7899474      -0.1664873       6.9847163        6.9847163       14.523397       14.523397
    0.004312742       14.246212       67.704621      0.34657019      0.70496265    -0.051532842       6.9847163        6.9847163       14.522992       14.522992
   0.0042912933       14.246211       67.849383      0.35848726      0.72459265    -0.083079903       6.9847163        6.9847163        14.52299        14.52299
   0.0042700126       14.246194       67.435862      0.38387764       0.7639247     -0.14780234       6.9847163        6.9847163       14.522956       14.522956
   0.0042491047       14.246116       68.955845      0.39165845       0.8319181     -0.22357655       6.9847163        6.9847163       14.522799       14.522799
   0.0042279772       14.246112       68.356786      0.37478531      0.79682635     -0.17161167       6.9847163        6.9847163       14.522792       14.522792
   0.0042071316       14.246067       68.426182      0.36506089       0.7494724     -0.11453329       6.9847163        6.9847163       14.522702       14.522702
   0.0041870762       14.245858       68.398177      0.38090633      0.77382036     -0.15472669       6.9847163        6.9847163       14.522284       14.522284
   0.0041664741       14.245803       69.018502      0.38644312        0.825726     -0.21216911       6.9847163        6.9847163       14.522174       14.522174
   0.0041459952       14.245744       67.980196      0.36953614      0.77842922     -0.14796537       6.9847163        6.9847163       14.522055       14.522055
   0.0041254574       14.245722       69.276968      0.37564644      0.79936766      -0.1750141       6.9847163        6.9847163       14.522012       14.522012
   0.0041051629       14.245665       67.730892       0.3489619      0.73731309    -0.086274996       6.9847163        6.9847163       14.521898       14.521898
   0.0040848509       14.245639       69.074478      0.39352135      0.83461394     -0.22813529       6.9847163        6.9847163       14.521845       14.521845
   0.0040647993       14.245571       67.867455      0.33026276      0.70195169    -0.032214451       6.9847163        6.9847163        14.52171        14.52171
   0.0040450898       14.245445       67.966192      0.40063761      0.80695789      -0.2075955       6.9847163        6.9847163       14.521457       14.521457
   0.0040249904       14.245439       67.930044      0.34580811      0.73763023    -0.083438344       6.9847163        6.9847163       14.521445       14.521445
   0.0040049773       14.245435       67.488336       0.3445563      0.69939123     -0.04394753       6.9847163        6.9847163       14.521438       14.521438
    0.003985124       14.245417       67.536877      0.34322555      0.71967691    -0.062902461       6.9847163        6.9847163       14.521402       14.521402
   0.0039653334       14.245408       68.483502      0.37384249      0.79801207     -0.17185456       6.9847163        6.9847163       14.521384       14.521384
   0.0039458144       14.245355        69.01018      0.39645802      0.82298452     -0.21944254       6.9847163        6.9847163       14.521278       14.521278
   0.0039266233       14.245243        67.62125         0.37718      0.77591912     -0.15309912       6.9847163        6.9847163       14.521054       14.521054
   0.0039074943       14.245139        68.55373      0.40578405       0.8321663     -0.23795035       6.9847163        6.9847163       14.520846       14.520846
   0.0038880693       14.245135       68.851873      0.34508157      0.74688177    -0.091963338       6.9847163        6.9847163       14.520838       14.520838
   0.0038687257       14.245135       68.144749       0.4032921      0.81831325     -0.22160536       6.9847163        6.9847163       14.520838       14.520838
   0.0038498975       14.245026       67.570359      0.34707637      0.70412444    -0.051200811       6.9847163        6.9847163        14.52062        14.52062
    0.003830836       14.245003       69.167403      0.38514515      0.82396661     -0.20911176       6.9847163        6.9847163       14.520573       14.520573
   0.0038118001       14.244997       69.121997      0.37258167      0.80512913      -0.1777108       6.9847163        6.9847163       14.520561       14.520561
   0.0037929191       14.244975       67.244486      0.35850396      0.73122793     -0.08973189       6.9847163        6.9847163       14.520517       14.520517
   0.0037740717       14.244969       67.372013      0.34247675      0.69667054    -0.039147291       6.9847163        6.9847163       14.520505       14.520505
   0.0037555419       14.244903       68.046584      0.38745101      0.77764657     -0.16509758       6.9847163        6.9847163       14.520373       14.520373
   0.0037370229       14.244858        68.68109      0.34126021      0.73991251     -0.08117272       6.9847163        6.9847163       14.520284       14.520284
   0.0037184707       14.244848       67.633832      0.39049633      0.78069439     -0.17119072       6.9847163        6.9847163       14.520263       14.520263
   0.0037001786       14.244792       68.432663      0.39637332      0.82571588      -0.2220892       6.9847163        6.9847163       14.520151       14.520151
   0.0036826979       14.244539       68.322865      0.35082453       0.7559697     -0.10679422       6.9847163        6.9847163       14.519646       14.519646
   0.0036644707       14.244513       68.063184      0.35228588      0.72214186    -0.074427741       6.9847163        6.9847163       14.519594       14.519594
   0.0036462513        14.24451        67.24523      0.36968094      0.74139588     -0.11107683       6.9847163        6.9847163       14.519588       14.519588
   0.0036281826        14.24449       68.381737      0.33498047      0.72119872    -0.056179187       6.9847163        6.9847163       14.519548       14.519548
    0.003610349        14.24443       67.985045      0.39844289       0.8015227     -0.19996559       6.9847163        6.9847163       14.519428       14.519428
   0.0035924809       14.244405       69.108404      0.35800668      0.77163752      -0.1296442       6.9847163        6.9847163       14.519377       14.519377
    0.003574671       14.244387       68.516519      0.33884616      0.73326823    -0.072114389       6.9847163        6.9847163       14.519342       14.519342
   0.0035569332       14.244374       69.138847      0.39434339      0.83218888     -0.22653228       6.9847163        6.9847163       14.519315       14.519315
   0.0035392692       14.244364       68.208191      0.33390808      0.70811722    -0.042025296       6.9847163        6.9847163       14.519296       14.519296
   0.0035218585       14.244308       69.193707       0.3882385      0.81756197     -0.20580047       6.9847163        6.9847163       14.519184       14.519184
    0.003504673       14.244213       67.296845      0.35614145      0.72971049    -0.085851942       6.9847163        6.9847163       14.518993       14.518993
    0.003487397       14.244166       67.948613       0.3987197      0.80720766     -0.20592737       6.9847163        6.9847163         14.5189         14.5189
   0.0034702351       14.244112        67.39366      0.37785806      0.75445992     -0.13231798       6.9847163        6.9847163       14.518792       14.518792
   0.0034530105       14.244101       67.877254      0.33200727      0.69764353    -0.029650799       6.9847163        6.9847163       14.518769       14.518769
   0.0034358456       14.244096       67.689355      0.39226139        0.788451     -0.18071239       6.9847163        6.9847163        14.51876        14.51876
   0.0034188437        14.24407       67.863101      0.33149268       0.6981401    -0.029632784       6.9847163        6.9847163       14.518707       14.518707
    0.003401838       14.244068       68.226593      0.33941192      0.73102228    -0.070434199       6.9847163        6.9847163       14.518704       14.518704
   0.0033849778       14.244049       68.568382      0.34487183      0.74796097    -0.092832802       6.9847163        6.9847163       14.518666       14.518666
   0.0033681885       14.244034       69.034569      0.36043849      0.76811067     -0.12854916       6.9847163        6.9847163       14.518636       14.518636
    0.003351468       14.244023       67.665452      0.33278857      0.69474767    -0.027536236       6.9847163        6.9847163       14.518614       14.518614
   0.0033348338       14.244012       68.624849      0.39762355      0.83080217     -0.22842572       6.9847163        6.9847163       14.518591       14.518591
   0.0033188729       14.243821       69.165402       0.3632184      0.78363525     -0.14685365       6.9847163        6.9847163        14.51821        14.51821
   0.0033024536       14.243794       69.225516      0.38547564      0.81593441     -0.20141005       6.9847163        6.9847163       14.518155       14.518155
   0.0032860918       14.243773       68.054113      0.33397431       0.7034915    -0.037465811       6.9847163        6.9847163       14.518113       14.518113
   0.0032697834        14.24376       69.186127      0.38150051      0.81710984     -0.19861036       6.9847163        6.9847163       14.518088       14.518088
   0.0032535415       14.243752       67.459451      0.34906337      0.72546413    -0.074527499       6.9847163        6.9847163       14.518072       14.518072
   0.0032374717       14.243716       68.761484      0.35305708      0.76642951     -0.11948659       6.9847163        6.9847163          14.518          14.518
   0.0032214321       14.243696       68.619453      0.35410309      0.76678554     -0.12088864       6.9847163        6.9847163       14.517959       14.517959
   0.0032054593       14.243678       67.396947      0.37824525      0.75675192     -0.13499716       6.9847163        6.9847163       14.517924       14.517924
   0.0031897199       14.243614       67.664469      0.33731946      0.69652023     -0.03383969       6.9847163        6.9847163       14.517795       14.517795
   0.0031738757       14.243606       67.367061      0.34374266      0.70039108    -0.044133737       6.9847163        6.9847163       14.517779       14.517779
   0.0031581739       14.243578       68.767807      0.37623617      0.80600748     -0.18224365       6.9847163        6.9847163       14.517723       14.517723
   0.0031425713       14.243543       68.854645      0.35784138      0.77628109     -0.13412246       6.9847163        6.9847163       14.517653       14.517653
   0.0031270279       14.243513       67.296718      0.34495157      0.70628048    -0.051232051       6.9847163        6.9847163       14.517594       14.517594
   0.0031114825        14.24351       68.097484      0.35954828      0.76483882      -0.1243871       6.9847163        6.9847163       14.517587       14.517587
   0.0030961761       14.243453       68.815728      0.36567325      0.76529142     -0.13096466       6.9847163        6.9847163       14.517474       14.517474
   0.0030808111       14.243441       67.693078      0.33406102      0.69591288    -0.029973898       6.9847163        6.9847163       14.517449       14.517449
   0.0030656254       14.243394       67.976621      0.39409709      0.79172338     -0.18582047       6.9847163        6.9847163       14.517356       14.517356
   0.0030506996       14.243287       67.312865      0.37008968      0.74132273     -0.11141241       6.9847163        6.9847163       14.517142       14.517142
   0.0030355531       14.243277       67.606709      0.37730353       0.7735886     -0.15089213       6.9847163        6.9847163       14.517122       14.517122
   0.0030355614       14.243274       68.097285      0.36821487      0.77837661     -0.14659147       6.9847163        6.9847163       14.517116       14.517116
   0.0030356158       14.243257        67.42146      0.34339343      0.71197052    -0.055363952       6.9847163        6.9847163       14.517081       14.517081
   0.0030356464       14.243247       68.538163      0.38981735      0.81970726     -0.20952462       6.9847163        6.9847163       14.517061       14.517061
   0.0030356839       14.243234       67.927813      0.36388602      0.73636161     -0.10024762       6.9847163        6.9847163       14.517036       14.517036
    0.003035696       14.243231       69.071639       0.3602649      0.77189599     -0.13216089       6.9847163        6.9847163       14.517029       14.517029
   0.0030358465       14.243181       68.918609      0.36009901      0.76270258     -0.12280159       6.9847163        6.9847163        14.51693        14.51693
   0.0030359536       14.243146       67.529532      0.35575089      0.73932435    -0.095075242       6.9847163        6.9847163       14.516859       14.516859
   0.0030359712       14.243139       67.513393      0.38073541      0.76074078     -0.14147619       6.9847163        6.9847163       14.516846       14.516846
   0.0030359899       14.243133       69.205659      0.38394494      0.81300819     -0.19695313       6.9847163        6.9847163       14.516834       14.516834
   0.0030360536       14.243113       67.917052       0.3326655      0.70343752    -0.036103027       6.9847163        6.9847163       14.516793       14.516793
   0.0030361836       14.243069       69.059087      0.38007165       0.7974202     -0.17749185       6.9847163        6.9847163       14.516706       14.516706
   0.0030361898       14.243067       67.240269      0.35860854      0.72467021    -0.083278755       6.9847163        6.9847163       14.516702       14.516702
   0.0030362966       14.243033       67.333456      0.35156383      0.72235897    -0.073922801       6.9847163        6.9847163       14.516633       14.516633
   0.0030363111       14.243028       69.059492      0.39334982      0.82275043     -0.21610025       6.9847163        6.9847163       14.516623       14.516623
   0.0030365784       14.242939       68.365491      0.33791642      0.72753092    -0.065447338       6.9847163        6.9847163       14.516446       14.516446
    0.003036679       14.242907        69.18391      0.36915814      0.79434121     -0.16349935       6.9847163        6.9847163       14.516381       14.516381
   0.0030367119       14.242896       68.787795      0.36179054      0.78231852     -0.14410907       6.9847163        6.9847163       14.516359       14.516359
   0.0030368788       14.242841       69.120409      0.39163853      0.82444395     -0.21608248       6.9847163        6.9847163       14.516249       14.516249
   0.0030369041       14.242832       67.766927      0.36470216      0.73464036    -0.099342522       6.9847163        6.9847163       14.516232       14.516232
    0.003036965       14.242812        68.23262      0.39955147      0.81934297     -0.21889444       6.9847163        6.9847163       14.516192       14.516192
   0.0030372444        14.24272       68.434053      0.35292733      0.73527245    -0.088199775       6.9847163        6.9847163       14.516008       14.516008
   0.0030373712       14.242679       67.682922      0.36664479      0.73642862     -0.10307341       6.9847163        6.9847163       14.515925       14.515925
   0.0030374353       14.242657       67.977166      0.33474845      0.70354008    -0.038288535       6.9847163        6.9847163       14.515882       14.515882
     0.00303753       14.242627       68.248867      0.35375882      0.75822249     -0.11198131       6.9847163        6.9847163       14.515821       14.515821
   0.0030375874       14.242608       68.696933      0.38842598      0.79821989     -0.18664587       6.9847163        6.9847163       14.515783       14.515783
   0.0030375987       14.242604       69.166092      0.38266357      0.80859353      -0.1912571       6.9847163        6.9847163       14.515775       14.515775
    0.003037818       14.242532       67.341729      0.36283862      0.72817145    -0.091010061       6.9847163        6.9847163       14.515631       14.515631
   0.0030378727       14.242514       68.246642      0.39966858      0.81925839     -0.21892697       6.9847163        6.9847163       14.515595       14.515595
   0.0030378792       14.242511       68.431018      0.34157994      0.72371492    -0.065294859       6.9847163        6.9847163        14.51559        14.51559
   0.0030379706       14.242482       67.752103      0.33769443      0.71273991     -0.05043434       6.9847163        6.9847163       14.515531       14.515531
   0.0030382673       14.242383        68.37506      0.39749366      0.82248789     -0.21998155       6.9847163        6.9847163       14.515334       14.515334
   0.0030383586       14.242354       67.957085      0.36304385      0.73634816     -0.09939201       6.9847163        6.9847163       14.515275       14.515275
    0.003038368        14.24235       68.936542      0.35881268       0.7769832     -0.13579588       6.9847163        6.9847163       14.515268       14.515268
    0.003038411       14.242336       67.551182      0.37646404      0.75270292     -0.12916696       6.9847163        6.9847163        14.51524        14.51524
   0.0030384471       14.242325       67.435053      0.36675726      0.75057919     -0.11733645       6.9847163        6.9847163       14.515217       14.515217
   0.0030384678       14.242318       67.556527      0.35154465      0.73254052    -0.084085175       6.9847163        6.9847163       14.515203       14.515203
    0.003038724       14.242233       67.648558      0.33866679      0.71057641    -0.049243201       6.9847163        6.9847163       14.515034       14.515034
    0.003038784       14.242214       68.221774      0.39980157      0.81713844        -0.21694       6.9847163        6.9847163       14.514995       14.514995
   0.0030388816       14.242182       68.565145      0.36284973      0.78019469     -0.14304442       6.9847163        6.9847163       14.514931       14.514931
   0.0030389021       14.242175       68.393547      0.37529857      0.76679814     -0.14209671       6.9847163        6.9847163       14.514918       14.514918
   0.0030389486        14.24216       67.620295      0.33812736      0.70770605    -0.045833404       6.9847163        6.9847163       14.514887       14.514887
   0.0030390117       14.242139       68.491587      0.39948388      0.82647934     -0.22596322       6.9847163        6.9847163       14.514845       14.514845
     0.00303911       14.242107       68.360037      0.35410645      0.73483273    -0.088939182       6.9847163        6.9847163       14.514781       14.514781
   0.0030394768       14.241986       67.910085      0.37268826      0.77825679     -0.15094506       6.9847163        6.9847163       14.514539       14.514539
   0.0030395436       14.241964       68.813897      0.39703017      0.83049551     -0.22752568       6.9847163        6.9847163       14.514495       14.514495
   0.0030396892       14.241916       67.696908       0.3366893      0.70011433    -0.036803623       6.9847163        6.9847163       14.514399       14.514399
    0.003039824       14.241871        68.67952      0.34624207      0.74817808    -0.094420153       6.9847163        6.9847163        14.51431        14.51431
   0.0030398724       14.241856       67.480323      0.34721734      0.70684807    -0.054065403       6.9847163        6.9847163       14.514279       14.514279
   0.0030398809       14.241853       68.388228      0.37775481      0.79919369      -0.1769485       6.9847163        6.9847163       14.514273       14.514273
   0.0030399386       14.241834       68.160997      0.37071583      0.75346431     -0.12418015       6.9847163        6.9847163       14.514235       14.514235
    0.003040024       14.241806       68.007408      0.35443125      0.72555731    -0.079988564       6.9847163        6.9847163       14.514179       14.514179
   0.0030401726       14.241757       68.199317       0.3435015      0.73682345    -0.080324951       6.9847163        6.9847163       14.514081       14.514081
   0.0030404735       14.241658       67.888679      0.33663773       0.7130721    -0.049709826       6.9847163        6.9847163       14.513884       14.513884
   0.0030404983       14.241649       67.880063      0.37650669      0.75715589     -0.13366258       6.9847163        6.9847163       14.513866       14.513866
   0.0030405199       14.241642       67.712611      0.37719298      0.77651973     -0.15371271       6.9847163        6.9847163       14.513852       14.513852
   0.0030406316       14.241606       68.068876      0.33528065      0.71089026    -0.046170905       6.9847163        6.9847163        14.51378        14.51378
   0.0030407333       14.241573       68.526924       0.3973984      0.81246337     -0.20986178       6.9847163        6.9847163       14.513713       14.513713
   0.0030407442       14.241569       67.838701      0.34646388      0.73289411    -0.079357993       6.9847163        6.9847163       14.513706       14.513706
   0.0030408419       14.241537        67.47251      0.35139953       0.7123882    -0.063787725       6.9847163        6.9847163       14.513641       14.513641
   0.0030409296       14.241508       68.784155      0.35410963      0.76616553     -0.12027516       6.9847163        6.9847163       14.513583       14.513583
   0.0030410881       14.241456       67.838554      0.37070957      0.77256811     -0.14327768       6.9847163        6.9847163       14.513479       14.513479
   0.0030411062        14.24145       67.555455      0.38134004      0.76537059     -0.14671063       6.9847163        6.9847163       14.513467       14.513467
   0.0030413778        14.24136       67.468976       0.3543818      0.71662503    -0.071006827       6.9847163        6.9847163       14.513288       14.513288
   0.0030415929       14.241289       68.212986      0.37077603      0.78412834     -0.15490437       6.9847163        6.9847163       14.513146       14.513146
    0.003041679       14.241261       67.796905      0.33601644      0.70431517    -0.040331616       6.9847163        6.9847163        14.51309        14.51309
   0.0030421719         14.2411       67.817317      0.37764434      0.75864872     -0.13629307       6.9847163        6.9847163       14.512767       14.512767
   0.0030422012        14.24109        68.50047       0.4000494      0.82207299     -0.22212239       6.9847163        6.9847163       14.512747       14.512747
   0.0030422104       14.241087       68.965701      0.35900063      0.77461374     -0.13361437       6.9847163        6.9847163       14.512741       14.512741
   0.0030422722       14.241066       68.447058      0.36681387      0.78352803      -0.1503419       6.9847163        6.9847163         14.5127         14.5127
   0.0030425732       14.240968       69.001127      0.38526682      0.81868706     -0.20395388       6.9847163        6.9847163       14.512503       14.512503
   0.0030427925       14.240896        67.78966      0.38932874      0.78977832     -0.17910706       6.9847163        6.9847163       14.512359       14.512359
   0.0030428049       14.240892       68.019102      0.34828517      0.74105804    -0.089343212       6.9847163        6.9847163       14.512351       14.512351
   0.0030428255       14.240884       67.533844      0.35446188      0.73497135    -0.089433235       6.9847163        6.9847163       14.512336       14.512336
   0.0030428407       14.240879       68.190689       0.3881607      0.78541218     -0.17357288       6.9847163        6.9847163       14.512326       14.512326
   0.0030429163       14.240855       68.860259      0.39604093      0.82427807     -0.22031899       6.9847163        6.9847163       14.512277       14.512277
   0.0030429312        14.24085       68.241244      0.39717564      0.80698791     -0.20416355       6.9847163        6.9847163       14.512267       14.512267
   0.0030431142        14.24079       68.335267      0.36684205      0.75288096     -0.11972301       6.9847163        6.9847163       14.512147       14.512147
   0.0030434832       14.240668       67.512604      0.37676804      0.75690059     -0.13366863       6.9847163        6.9847163       14.511904       14.511904
   0.0030436111       14.240627       69.042471      0.38324493      0.81542889     -0.19867383       6.9847163        6.9847163       14.511821       14.511821
   0.0030437204        14.24059       68.891164      0.35907436      0.76360283     -0.12267719       6.9847163        6.9847163       14.511748       14.511748
   0.0030438115        14.24056       67.787429      0.34086049      0.71837677    -0.059237257       6.9847163        6.9847163       14.511688       14.511688
    0.003043815       14.240559       67.404841      0.35314366       0.7166892    -0.069832854       6.9847163        6.9847163       14.511686       14.511686
   0.0030438272       14.240556       67.717545      0.38055965      0.76376159     -0.14432124       6.9847163        6.9847163       14.511679       14.511679
   0.0030439331       14.240521       68.570189      0.34469285      0.74139486    -0.086087708       6.9847163        6.9847163       14.511609       14.511609
   0.0030440882       14.240469       69.097765      0.37011665      0.79191864     -0.16203529       6.9847163        6.9847163       14.511506       14.511506
   0.0030443992       14.240368       67.809277      0.38815282      0.78977226     -0.17792508       6.9847163        6.9847163       14.511303       14.511303
   0.0030448952       14.240204       67.390613      0.36557365      0.73829156     -0.10386521       6.9847163        6.9847163       14.510976       14.510976
    0.003045133       14.240126       68.525725      0.35236579      0.74023244    -0.092598224       6.9847163        6.9847163        14.51082        14.51082
    0.003045313       14.240068       68.247983      0.35741881      0.76267229      -0.1200911       6.9847163        6.9847163       14.510703       14.510703
   0.0030453374       14.240059       68.535267      0.36647476      0.75904855     -0.12552331       6.9847163        6.9847163       14.510686       14.510686
   0.0030454154       14.240034       68.646199      0.36491998      0.78335656     -0.14827655       6.9847163        6.9847163       14.510636       14.510636
   0.0030457107       14.239937       67.872756      0.38503321      0.77500786     -0.16004106       6.9847163        6.9847163       14.510442       14.510442
   0.0030457168       14.239935       67.415167      0.36448341      0.73540928    -0.099892685       6.9847163        6.9847163       14.510438       14.510438
   0.0030458368       14.239895       68.838475      0.39364879      0.82412335     -0.21777214       6.9847163        6.9847163       14.510358       14.510358
   0.0030462167       14.239771       68.853726      0.35511235       0.7633392     -0.11845155       6.9847163        6.9847163       14.510109       14.510109
   0.0030465057       14.239676       67.643584       0.3482524      0.71248768    -0.060740082       6.9847163        6.9847163       14.509919       14.509919
   0.0030467558       14.239593       68.892535      0.37680648      0.80487024     -0.18167672       6.9847163        6.9847163       14.509754       14.509754
   0.0030468722       14.239555       68.625491      0.36343059      0.78008307     -0.14351366       6.9847163        6.9847163       14.509678       14.509678
   0.0030468783       14.239553       68.468079      0.39066657      0.79856987     -0.18923644       6.9847163        6.9847163       14.509674       14.509674
    0.003047101        14.23948       67.404635       0.3619201      0.73378996    -0.095710066       6.9847163        6.9847163       14.509528       14.509528
   0.0030471528       14.239464       68.133199      0.39461606      0.80217061     -0.19678667       6.9847163        6.9847163       14.509495       14.509495
   0.0030473256       14.239406       68.520444      0.35518048      0.76348337     -0.11866385       6.9847163        6.9847163        14.50938        14.50938
   0.0030478228       14.239244       67.944165      0.33941768      0.71666869     -0.05608637       6.9847163        6.9847163       14.509055       14.509055
   0.0030479349       14.239207       68.456976      0.35884564      0.74655429     -0.10539993       6.9847163        6.9847163       14.508982       14.508982
   0.0030482013        14.23912       68.118621      0.39417909      0.80277636     -0.19695545       6.9847163        6.9847163       14.508807       14.508807
   0.0030482946       14.239089       67.862355      0.35056146       0.7388468    -0.089408261       6.9847163        6.9847163       14.508746       14.508746
   0.0030486888        14.23896       68.710321      0.39171882      0.80954848     -0.20126731       6.9847163        6.9847163       14.508487       14.508487
   0.0030487976       14.238924       68.522318      0.38233008      0.78499483     -0.16732491       6.9847163        6.9847163       14.508416       14.508416
   0.0030490387       14.238844       68.053472      0.34644457       0.7197013    -0.066145865       6.9847163        6.9847163       14.508256       14.508256
   0.0030496615        14.23864       68.973446      0.38419949      0.80763021      -0.1918297       6.9847163        6.9847163       14.507848       14.507848
   0.0030496912        14.23863       68.773629      0.38060709      0.79095561      -0.1715627       6.9847163        6.9847163       14.507828       14.507828
   0.0030498202       14.238589        68.45362      0.36018437      0.77065413      -0.1308385       6.9847163        6.9847163       14.507745       14.507745
   0.0030500478       14.238514       67.908057      0.34330436      0.71380392    -0.057108285       6.9847163        6.9847163       14.507596       14.507596
   0.0030502004       14.238464       67.789372      0.34579226      0.72605939    -0.071851657       6.9847163        6.9847163       14.507495       14.507495
   0.0030502254       14.238455       68.231167      0.34309953      0.73158024    -0.074679776       6.9847163        6.9847163       14.507478       14.507478
   0.0030504241        14.23839       68.829346      0.39070137      0.81847304     -0.20917441       6.9847163        6.9847163       14.507348       14.507348
   0.0030505798        14.23834       68.408508      0.38219902      0.78199289     -0.16419191       6.9847163        6.9847163       14.507247       14.507247
   0.0030506799       14.238307        68.62773      0.36658695      0.78428431     -0.15087126       6.9847163        6.9847163       14.507181       14.507181
   0.0030507739       14.238276       68.444362      0.34535907      0.73543093    -0.080790001       6.9847163        6.9847163        14.50712        14.50712
   0.0030508565       14.238249       67.679466      0.37063823      0.74765333     -0.11829155       6.9847163        6.9847163       14.507065       14.507065
   0.0030509389       14.238221       68.986715      0.38189015      0.80579826     -0.18768841       6.9847163        6.9847163        14.50701        14.50701
   0.0030510368        14.23819       68.906071       0.3851169      0.81354814     -0.19866504       6.9847163        6.9847163       14.506947       14.506947
   0.0030510402       14.238188       68.085093      0.35151213      0.74628976    -0.097801891       6.9847163        6.9847163       14.506944       14.506944
   0.0030519184         14.2379       67.640566      0.37475146      0.76476463     -0.13951609       6.9847163        6.9847163       14.506368       14.506368
     0.00305256       14.237691       67.999576      0.37644028      0.76282093     -0.13926121       6.9847163        6.9847163       14.505949       14.505949
   0.0030525695       14.237687       68.807659      0.37274633      0.78083749     -0.15358381       6.9847163        6.9847163       14.505942       14.505942
   0.0030526752       14.237653       67.536223      0.35520782      0.72459262    -0.079800446       6.9847163        6.9847163       14.505873       14.505873
   0.0030531369       14.237501       67.779701      0.34629681      0.71589631    -0.062193117       6.9847163        6.9847163        14.50557        14.50557
   0.0030531636       14.237493       68.832322      0.36097855      0.77328488     -0.13426343       6.9847163        6.9847163       14.505554       14.505554
   0.0030532306       14.237471       68.232149      0.38454526      0.80000083     -0.18454608       6.9847163        6.9847163        14.50551        14.50551
   0.0030532405       14.237467        68.76392      0.38531122      0.80074014     -0.18605137       6.9847163        6.9847163       14.505502       14.505502
   0.0030533054       14.237447       68.526407      0.38095285      0.78415571     -0.16510856       6.9847163        6.9847163       14.505461       14.505461
   0.0030534272       14.237406       68.307177      0.38668716      0.78891293     -0.17560009       6.9847163        6.9847163        14.50538        14.50538
   0.0030536408       14.237337        67.56006      0.35886583      0.72984968    -0.088715504       6.9847163        6.9847163       14.505241       14.505241
   0.0030536681       14.237328       67.857719      0.36987649      0.74945753     -0.11933402       6.9847163        6.9847163       14.505223       14.505223
   0.0030539117       14.237248       67.615818      0.37367942      0.75921403     -0.13289344       6.9847163        6.9847163       14.505063       14.505063
   0.0030539739       14.237228       68.620709       0.3519261      0.75028891     -0.10221501       6.9847163        6.9847163       14.505023       14.505023
   0.0030540407       14.237205       68.174241      0.36582933      0.77231228     -0.13814161       6.9847163        6.9847163       14.504978       14.504978
   0.0030543578       14.237101       68.608772       0.3549622      0.75057305     -0.10553525       6.9847163        6.9847163        14.50477        14.50477
   0.0030544583       14.237069       67.824631      0.34478881      0.71694156    -0.061730361       6.9847163        6.9847163       14.504705       14.504705
   0.0030548042       14.236956       68.167901      0.37567553      0.78640527     -0.16208079       6.9847163        6.9847163       14.504479       14.504479
   0.0030552529       14.236808       68.196947      0.38840652      0.80148931     -0.18989583       6.9847163        6.9847163       14.504184       14.504184
   0.0030553021       14.236793       67.760859      0.34653405      0.72243525    -0.068969302       6.9847163        6.9847163       14.504153       14.504153
   0.0030553627       14.236773       67.725732      0.36203064      0.73581113     -0.09784177       6.9847163        6.9847163       14.504114       14.504114
   0.0030554946        14.23673       68.286429      0.39139741      0.80144769     -0.19284509       6.9847163        6.9847163       14.504027       14.504027
   0.0030555737       14.236703       67.843645      0.36320731      0.75719369       -0.120401       6.9847163        6.9847163       14.503974       14.503974
    0.003055581       14.236701       68.027488      0.35177057      0.72752043    -0.079290997       6.9847163        6.9847163        14.50397        14.50397
   0.0030560636       14.236543       68.889893      0.38125833      0.80307129     -0.18432962       6.9847163        6.9847163       14.503654       14.503654
   0.0030561668       14.236509       67.944418       0.3782156      0.78149137     -0.15970698       6.9847163        6.9847163       14.503586       14.503586
   0.0030564396       14.236421       68.181685      0.34652351       0.7353138    -0.081837305       6.9847163        6.9847163       14.503409       14.503409
   0.0030566494       14.236351       68.399129      0.38370117      0.78670126     -0.17040243       6.9847163        6.9847163        14.50327        14.50327
   0.0030568757       14.236278       68.715788      0.38382451      0.79783013     -0.18165464       6.9847163        6.9847163       14.503123       14.503123
   0.0030577357       14.235997       68.248321      0.35516122      0.73849014    -0.093651362       6.9847163        6.9847163       14.502561       14.502561
      0.0030579       14.235942       67.869762      0.36768341      0.76402402     -0.13170743       6.9847163        6.9847163       14.502452       14.502452
   0.0030579587       14.235924       68.448164      0.38677711      0.79498201     -0.18175911       6.9847163        6.9847163       14.502415       14.502415
   0.0030582922       14.235814       67.990593      0.37912926      0.76999631     -0.14912557       6.9847163        6.9847163       14.502196       14.502196
   0.0030586427         14.2357       68.369519       0.3647983      0.77398809     -0.13878638       6.9847163        6.9847163       14.501967       14.501967
   0.0030587385       14.235668       68.228177      0.36841829      0.77631864     -0.14473693       6.9847163        6.9847163       14.501904       14.501904
   0.0030587449       14.235667       67.722924      0.37229043      0.76232823     -0.13461866       6.9847163        6.9847163       14.501901       14.501901
   0.0030588328       14.235637       68.607781      0.35540878      0.75743972      -0.1128485       6.9847163        6.9847163       14.501842       14.501842
   0.0030589735       14.235592       68.533619      0.35469422       0.7497886     -0.10448282       6.9847163        6.9847163       14.501751       14.501751
   0.0030591581       14.235532       68.545689      0.38675982       0.7988671     -0.18562691       6.9847163        6.9847163       14.501631       14.501631
    0.003059518       14.235413        67.65636      0.36788257      0.75053252     -0.11841509       6.9847163        6.9847163       14.501394       14.501394
   0.0030597669       14.235333       68.142566       0.3871423      0.79259251     -0.17973482       6.9847163        6.9847163       14.501233       14.501233
   0.0030602892       14.235162       68.403431      0.35325882      0.74342627    -0.096685092       6.9847163        6.9847163       14.500891       14.500891
   0.0030603391       14.235146       68.432694      0.36038364       0.7669063     -0.12728994       6.9847163        6.9847163       14.500859       14.500859
   0.0030605399       14.235079       68.483478      0.36366536      0.75825006     -0.12191542       6.9847163        6.9847163       14.500726       14.500726
   0.0030606934       14.235029       67.738801      0.36780757      0.74838903      -0.1161966       6.9847163        6.9847163       14.500626       14.500626
   0.0030607856          14.235       68.139757      0.37566656      0.78338612     -0.15905268       6.9847163        6.9847163       14.500567       14.500567
   0.0030608282       14.234985       68.065341      0.38264977      0.78828993      -0.1709397       6.9847163        6.9847163       14.500538       14.500538
   0.0030613638       14.234811       68.186217      0.35661292      0.75442661     -0.11103953       6.9847163        6.9847163       14.500189       14.500189
   0.0030615542       14.234748        67.79894      0.37501092      0.76648569     -0.14149661       6.9847163        6.9847163       14.500064       14.500064
   0.0030617803       14.234674       67.938328      0.36644446       0.7483749     -0.11481936       6.9847163        6.9847163       14.499916       14.499916
   0.0030620164       14.234597       68.375558      0.36247279      0.76888193     -0.13135472       6.9847163        6.9847163       14.499762       14.499762
   0.0030621508       14.234554        68.38609      0.37898722      0.79395309     -0.17294031       6.9847163        6.9847163       14.499675       14.499675
   0.0030629805       14.234282       67.767785      0.35944389      0.73707025     -0.09651414       6.9847163        6.9847163       14.499132       14.499132
   0.0030633169       14.234173       68.035577      0.35049379       0.7357721    -0.086265893       6.9847163        6.9847163       14.498913       14.498913
   0.0030633941       14.234147       68.162589      0.38438203      0.78828406     -0.17266609       6.9847163        6.9847163       14.498862       14.498862
   0.0030635626       14.234092       68.173107      0.35203663      0.74322723    -0.095263855       6.9847163        6.9847163       14.498752       14.498752
   0.0030638899       14.233986       68.706893      0.37710378      0.79455797     -0.17166175       6.9847163        6.9847163       14.498539       14.498539
   0.0030639063        14.23398       68.126639      0.36057892      0.75885675     -0.11943566       6.9847163        6.9847163       14.498528       14.498528
   0.0030639671        14.23396       67.941708      0.37631298      0.76747804     -0.14379102       6.9847163        6.9847163       14.498488       14.498488
   0.0030645674       14.233765       68.286221      0.37380863      0.76914572     -0.14295434       6.9847163        6.9847163       14.498097       14.498097
   0.0030652207       14.233551       67.893003      0.35454737      0.73795065    -0.092498019       6.9847163        6.9847163        14.49767        14.49767
   0.0030660049       14.233296       68.165191      0.37381116       0.7793488     -0.15315996       6.9847163        6.9847163       14.497159       14.497159
   0.0030660182       14.233292       68.666944      0.37519048      0.78704122      -0.1622317       6.9847163        6.9847163       14.497151       14.497151
    0.003066205       14.233231       68.341352      0.38289909      0.78985837     -0.17275746       6.9847163        6.9847163       14.497029       14.497029
   0.0030664682       14.233144       68.067542      0.37444595      0.77646727     -0.15091322       6.9847163        6.9847163       14.496856       14.496856
   0.0030670629        14.23295       68.067677      0.37884456      0.77759162     -0.15643618       6.9847163        6.9847163       14.496468       14.496468
   0.0030673854       14.232845       68.475376      0.38120544      0.79372164     -0.17492708       6.9847163        6.9847163       14.496258       14.496258
   0.0030675147       14.232804        68.41673      0.36860791      0.76625424     -0.13486215       6.9847163        6.9847163       14.496175       14.496175
   0.0030676222       14.232768       67.861461      0.36319922      0.74709366     -0.11029288       6.9847163        6.9847163       14.496104       14.496104
   0.0030682049       14.232579       68.380805      0.35907654      0.75828177      -0.1173583       6.9847163        6.9847163       14.495725       14.495725
   0.0030686547       14.232432       68.587009      0.37013201       0.7776586      -0.1477906       6.9847163        6.9847163       14.495431       14.495431
   0.0030691929       14.232256       67.932433      0.36831777      0.75989396     -0.12821173       6.9847163        6.9847163        14.49508        14.49508
   0.0030695125       14.232152       68.393267      0.37760059      0.78748984     -0.16509043       6.9847163        6.9847163       14.494872       14.494872
   0.0030696408       14.232111       68.151753      0.35937165      0.74747866     -0.10685031       6.9847163        6.9847163       14.494789       14.494789
   0.0030698956       14.232027        68.20896      0.37714111      0.78143306     -0.15857417       6.9847163        6.9847163       14.494622       14.494622
   0.0030730587       14.230997       68.279876      0.36943395      0.77077004     -0.14020399       6.9847163        6.9847163       14.492562       14.492562
