 -0.856428882729996E+005  0.970119548125791E+002  0.183574368147779E+001  0.103149229185544E+000 -0.835743681477790E+000 -0.583481073706260E+001 -0.856428882729996E+005
 -0.738795185339937E+005  0.886259067856334E+002  0.246124425953579E+001  0.120140483354090E+000 -0.146124425953579E+001 -0.583481073706260E+001 -0.738795185339937E+005
 -0.722712104003696E+005  0.930747547465922E+002  0.270447726993759E+001  0.138596389123436E+000 -0.170447726993759E+001 -0.583481073706260E+001 -0.722712104003696E+005
 -0.666059125417767E+005  0.876938304528461E+002  0.262631736168138E+001  0.130442223338621E+000 -0.162631736168138E+001 -0.583481073706260E+001 -0.666059125417767E+005
 -0.640445415907703E+005  0.945010713471596E+002  0.180306397955121E+001  0.113368496693772E+000 -0.803063979551210E+000 -0.583481073706260E+001 -0.640445415907703E+005
 -0.637777167822753E+005  0.934662930114900E+002  0.211325736546000E+001  0.125202380513139E+000 -0.111325736546000E+001 -0.583481073706260E+001 -0.637777167822753E+005
 -0.588227897585004E+005  0.818689144806634E+002  0.250422722263756E+001  0.121837156551875E+000 -0.150422722263756E+001 -0.583481073706260E+001 -0.588227897585004E+005
 -0.544107709042360E+005  0.874178179827004E+002  0.220076031742230E+001  0.126830111720418E+000 -0.120076031742230E+001 -0.583481073706260E+001 -0.544107709042360E+005
 -0.402403713799578E+005  0.818258347835060E+002  0.253685837411615E+001  0.148542005147661E+000 -0.153685837411615E+001 -0.583481073706260E+001 -0.402403713799578E+005
 -0.374369042460871E+005  0.850667675926040E+002  0.204249157138917E+001  0.139157640285039E+000 -0.104249157138917E+001 -0.583481073706260E+001 -0.374369042460871E+005
 -0.345593187180001E+005  0.621246860158340E+002  0.286819328688254E+001  0.116661852124296E+000 -0.186819328688254E+001 -0.583481073706260E+001 -0.345593187180001E+005
 -0.339313992108275E+005  0.921873769021415E+002  0.239035207619043E+001  0.183425638063648E+000 -0.139035207619043E+001 -0.583481073706260E+001 -0.339313992108275E+005
 -0.336156727179480E+005  0.851890373226037E+002  0.242061577328186E+001  0.166427023964335E+000 -0.142061577328186E+001 -0.583481073706260E+001 -0.336156727179480E+005
 -0.314965225107738E+005  0.864217947531689E+002  0.222026002244610E+001  0.164966866595348E+000 -0.122026002244610E+001 -0.583481073706260E+001 -0.314965225107738E+005
 -0.311705823742325E+005  0.997524377387223E+002  0.290738156574366E+001  0.242668174173613E+000 -0.190738156574366E+001 -0.583481073706260E+001 -0.311705823742325E+005
 -0.301846216264387E+005  0.774993633836894E+002  0.248591398644493E+001  0.156194255637098E+000 -0.148591398644493E+001 -0.583481073706260E+001 -0.301846216264387E+005
 -0.292717681721428E+005  0.924560835360795E+002  0.162276168887368E+001  0.150227366875771E+000 -0.622761688873680E+000 -0.583481073706260E+001 -0.292717681721428E+005
 -0.267065526605437E+005  0.959607233418631E+002  0.265350256235818E+001  0.234429262301970E+000 -0.165350256235818E+001 -0.583481073706260E+001 -0.267065526605437E+005
 -0.262877867433466E+005  0.973852593325801E+002  0.900401038914551E+000  0.108816284455255E+000  0.995989610854489E-001 -0.583481073706260E+001 -0.262877867433466E+005
 -0.260295385387595E+005  0.779976432646365E+002  0.195531301580802E+001  0.141568960350871E+000 -0.955313015808019E+000 -0.583481073706260E+001 -0.260295385387595E+005
 -0.257184515361705E+005  0.845211834355589E+002  0.146080433987618E+001  0.128454421292438E+000 -0.460804339876181E+000 -0.583481073706260E+001 -0.257184515361705E+005
 -0.251843409832343E+005  0.968613708441271E+002  0.211154501580404E+001  0.209247003785517E+000 -0.111154501580404E+001 -0.583481073706260E+001 -0.251843409832343E+005
 -0.226748518543352E+005  0.972115659797543E+002  0.202226163461091E+001  0.215062723392381E+000 -0.102226163461091E+001 -0.583481073706260E+001 -0.226748518543352E+005
 -0.225211352120746E+005  0.987109803535278E+002  0.201621556450994E+001  0.220015115877394E+000 -0.101621556450994E+001 -0.583481073706260E+001 -0.225211352120746E+005
 -0.218918744795934E+005  0.934747396714727E+002  0.222050078680972E+001  0.221128076713012E+000 -0.122050078680972E+001 -0.583481073706260E+001 -0.218918744795934E+005
 -0.211438773349325E+005  0.833431158858543E+002  0.250832939913150E+001  0.208569763229847E+000 -0.150832939913150E+001 -0.583481073706260E+001 -0.211438773349325E+005
 -0.207146546985840E+005  0.556040167787432E+002  0.247804812626166E+001  0.111365727023831E+000 -0.147804812626166E+001 -0.583481073706260E+001 -0.207146546985840E+005
 -0.202335459510768E+005  0.992521033320236E+002  0.142352462326535E+001  0.182439592064727E+000 -0.423524623265354E+000 -0.583481073706260E+001 -0.202335459510768E+005
 -0.199845312726869E+005  0.682941606883045E+002  0.150220391577260E+001  0.103636852903461E+000 -0.502203915772600E+000 -0.583481073706260E+001 -0.199845312726869E+005
 -0.198823037204497E+005  0.971005659687726E+002  0.247364942789562E+001  0.263275439999258E+000 -0.147364942789562E+001 -0.583481073706260E+001 -0.198823037204497E+005
 -0.198070456367975E+005  0.876281220625735E+002  0.185989997176998E+001  0.186438065253759E+000 -0.859899971769978E+000 -0.583481073706260E+001 -0.198070456367975E+005
 -0.190759110479708E+005  0.813890505717457E+002  0.119450131267409E+001  0.118242032415037E+000 -0.194501312674092E+000 -0.583481073706260E+001 -0.190759110479708E+005
 -0.190551995068987E+005  0.857454695668723E+002  0.215762281154553E+001  0.205313167875979E+000 -0.115762281154553E+001 -0.583481073706260E+001 -0.190551995068987E+005
 -0.187767108806998E+005  0.754069578504786E+002  0.209495551947405E+001  0.166864832924339E+000 -0.109495551947405E+001 -0.583481073706260E+001 -0.187767108806998E+005
 -0.187359238385249E+005  0.732823746512855E+002  0.158009534374045E+001  0.126670312330320E+000 -0.580095343740445E+000 -0.583481073706260E+001 -0.187359238385249E+005
 -0.183194006986946E+005  0.587366386505222E+002  0.234967726382479E+001  0.124024563779018E+000 -0.134967726382479E+001 -0.583481073706260E+001 -0.183194006986946E+005
 -0.178215951920508E+005  0.686565247676140E+002  0.150682081921869E+001  0.111089641944166E+000 -0.506820819218689E+000 -0.583481073706260E+001 -0.178215951920508E+005
 -0.175185456408529E+005  0.592535057891090E+002  0.247731379531747E+001  0.134648054294499E+000 -0.147731379531747E+001 -0.583481073706260E+001 -0.175185456408529E+005
 -0.174789752320028E+005  0.829286255688088E+002  0.270563372420243E+001  0.240317919287747E+000 -0.170563372420243E+001 -0.583481073706260E+001 -0.174789752320028E+005
 -0.173221043609013E+005  0.511648639478629E+002  0.256872449425735E+001  0.108924304552630E+000 -0.156872449425735E+001 -0.583481073706260E+001 -0.173221043609013E+005
 -0.172812011345606E+005  0.608460000151170E+002  0.170077302074383E+001  0.101372185194102E+000 -0.700773020743831E+000 -0.583481073706260E+001 -0.172812011345606E+005
 -0.171291652778246E+005  0.747965090920711E+002  0.222732437160917E+001  0.180903670572401E+000 -0.122732437160917E+001 -0.583481073706260E+001 -0.171291652778246E+005
 -0.167536135071326E+005  0.813755571885156E+002  0.127334774394970E+001  0.133259845687973E+000 -0.273347743949699E+000 -0.583481073706260E+001 -0.167536135071326E+005
 -0.166508051629699E+005  0.493698798275100E+002  0.266335011499260E+001  0.107859490825408E+000 -0.166335011499260E+001 -0.583481073706260E+001 -0.166508051629699E+005
 -0.165112075487033E+005  0.693866591560256E+002  0.279987210931557E+001  0.195879555849274E+000 -0.179987210931557E+001 -0.583481073706260E+001 -0.165112075487033E+005
 -0.164796304326973E+005  0.666030330692262E+002  0.189329818078635E+001  0.134131234079510E+000 -0.893298180786353E+000 -0.583481073706260E+001 -0.164796304326973E+005
 -0.163711828405494E+005  0.881299698922787E+002  0.298309207449333E+001  0.288830182984337E+000 -0.198309207449333E+001 -0.583481073706260E+001 -0.163711828405494E+005
 -0.159327294612526E+005  0.992206662939628E+002  0.603669436758288E+000  0.103099091705689E+000  0.396330563241712E+000 -0.583481073706260E+001 -0.159327294612526E+005
 -0.153729360734681E+005  0.861290178478114E+002  0.282311838263931E+001  0.278182480628027E+000 -0.182311838263931E+001 -0.583481073706260E+001 -0.153729360734681E+005
 -0.139593555684083E+005  0.818594360883739E+002  0.298711489375788E+001  0.282992545076288E+000 -0.198711489375788E+001 -0.583481073706260E+001 -0.139593555684083E+005
 -0.139190479767562E+005  0.524849020493905E+002  0.294082904776233E+001  0.142947966379041E+000 -0.194082904776233E+001 -0.583481073706260E+001 -0.139190479767562E+005
 -0.139095199968778E+005  0.573746226699362E+002  0.185652840403396E+001  0.110216912627762E+000 -0.856528404033964E+000 -0.583481073706260E+001 -0.139095199968778E+005
 -0.136668272760656E+005  0.992030934438319E+002  0.285738677294025E+001  0.359563120640633E+000 -0.185738677294025E+001 -0.583481073706260E+001 -0.136668272760656E+005
 -0.135383346258381E+005  0.649637463278608E+002  0.160268789993653E+001  0.122024202258473E+000 -0.602687899936527E+000 -0.583481073706260E+001 -0.135383346258381E+005
 -0.132961972847209E+005  0.740189732796051E+002  0.107120063100145E+001  0.107232968486714E+000 -0.712006310014472E-001 -0.583481073706260E+001 -0.132961972847209E+005
 -0.132418711820792E+005  0.593631845308037E+002  0.244360809473339E+001  0.153485128512023E+000 -0.144360809473339E+001 -0.583481073706260E+001 -0.132418711820792E+005
 -0.129833382309429E+005  0.990580802581337E+002  0.169410147024760E+001  0.257518865124516E+000 -0.694101470247603E+000 -0.583481073706260E+001 -0.129833382309429E+005
 -0.127826751891816E+005  0.621201420386566E+002  0.298889458910174E+001  0.197910756572535E+000 -0.198889458910174E+001 -0.583481073706260E+001 -0.127826751891816E+005
 -0.127236572416022E+005  0.933265440939192E+002  0.290350229709052E+001  0.347369020512015E+000 -0.190350229709052E+001 -0.583481073706260E+001 -0.127236572416022E+005
 -0.124876593188525E+005  0.461731250615683E+002  0.284350285303722E+001  0.117508616649432E+000 -0.184350285303722E+001 -0.583481073706260E+001 -0.124876593188525E+005
 -0.121904419839439E+005  0.838032597458455E+002  0.170336261989374E+001  0.207579776636008E+000 -0.703362619893744E+000 -0.583481073706260E+001 -0.121904419839439E+005
 -0.119768036263718E+005  0.802138097814714E+002  0.208856555551031E+001  0.228930181897788E+000 -0.108856555551031E+001 -0.583481073706260E+001 -0.119768036263718E+005
 -0.118461405834492E+005  0.881902540857433E+002  0.127274966771640E+001  0.181396472802303E+000 -0.272749667716396E+000 -0.583481073706260E+001 -0.118461405834492E+005
 -0.114051373676435E+005  0.915995928910540E+002  0.162307573616661E+001  0.237109362126286E+000 -0.623075736166613E+000 -0.583481073706260E+001 -0.114051373676435E+005
 -0.111055252732999E+005  0.560665702689638E+002  0.201168492874023E+001  0.127559625518971E+000 -0.101168492874023E+001 -0.583481073706260E+001 -0.111055252732999E+005
 -0.110902014118362E+005  0.795442059288674E+002  0.268868086475781E+001  0.283020791538636E+000 -0.168868086475781E+001 -0.583481073706260E+001 -0.110902014118362E+005
 -0.110600137355360E+005  0.729932683347193E+002  0.171709066547229E+001  0.175600723378603E+000 -0.717090665472293E+000 -0.583481073706260E+001 -0.110600137355360E+005
 -0.104609357186857E+005  0.962143196139443E+002  0.208444834328805E+001  0.318521302415788E+000 -0.108444834328805E+001 -0.583481073706260E+001 -0.104609357186857E+005
 -0.104243040365081E+005  0.715672855595999E+002  0.285869225951642E+001  0.261967363207429E+000 -0.185869225951642E+001 -0.583481073706260E+001 -0.104243040365081E+005
 -0.104135508645336E+005  0.679098416926252E+002  0.233255042681731E+001  0.206938580446049E+000 -0.133255042681731E+001 -0.583481073706260E+001 -0.104135508645336E+005
 -0.996549750489498E+004  0.847276884848007E+002  0.216324782343550E+001  0.279337330606141E+000 -0.116324782343550E+001 -0.583481073706260E+001 -0.996549750489498E+004
 -0.986933556044910E+004  0.945855273628096E+002  0.690176961830336E+000  0.133769525712719E+000  0.309823038169664E+000 -0.583481073706260E+001 -0.986933556044910E+004
 -0.965894759929921E+004  0.948862671204509E+002  0.242427819050681E+001  0.360863861936793E+000 -0.142427819050681E+001 -0.583481073706260E+001 -0.965894759929921E+004
 -0.959794610237393E+004  0.764152124456333E+002  0.285018492313865E+001  0.299534405967264E+000 -0.185018492313865E+001 -0.583481073706260E+001 -0.959794610237393E+004
 -0.955433171589717E+004  0.858020870895915E+002  0.201811322121510E+001  0.276147552191316E+000 -0.101811322121510E+001 -0.583481073706260E+001 -0.955433171589717E+004
 -0.954469405760699E+004  0.980189657392020E+002  0.979625262872586E+000  0.195232722445786E+000  0.203747371274144E-001 -0.583481073706260E+001 -0.954469405760699E+004
 -0.947182593048870E+004  0.790703821190756E+002  0.281265087189987E+001  0.313558268017393E+000 -0.181265087189987E+001 -0.583481073706260E+001 -0.947182593048870E+004
 -0.941632617042706E+004  0.978168809108050E+002  0.180902222750431E+001  0.311030300263739E+000 -0.809022227504309E+000 -0.583481073706260E+001 -0.941632617042706E+004
 -0.921650657412692E+004  0.990984621582719E+002  0.193734986490510E+001  0.336080708314173E+000 -0.937349864905105E+000 -0.583481073706260E+001 -0.921650657412692E+004
 -0.900985823416954E+004  0.446246161352680E+002  0.281640711101948E+001  0.128921691506586E+000 -0.181640711101948E+001 -0.583481073706260E+001 -0.900985823416954E+004
 -0.885645709877693E+004  0.529603947021094E+002  0.277049061223138E+001  0.172634189336270E+000 -0.177049061223138E+001 -0.583481073706260E+001 -0.885645709877693E+004
 -0.868990580175650E+004  0.564941619627839E+002  0.248912456370721E+001  0.177042632789264E+000 -0.148912456370721E+001 -0.583481073706260E+001 -0.868990580175650E+004
 -0.868790732497101E+004  0.529707535342562E+002  0.229471680627012E+001  0.147201198554818E+000 -0.129471680627012E+001 -0.583481073706260E+001 -0.868790732497101E+004
 -0.867076267670188E+004  0.920437834988934E+002  0.159679548245614E+001  0.270505162846210E+000 -0.596795482456137E+000 -0.583481073706260E+001 -0.867076267670188E+004
 -0.857706181709304E+004  0.951513566046515E+002  0.224200577099988E+001  0.364264457343942E+000 -0.124200577099988E+001 -0.583481073706260E+001 -0.857706181709304E+004
 -0.850519324179431E+004  0.754139409237305E+002  0.291230835379914E+001  0.317093150766078E+000 -0.191230835379914E+001 -0.583481073706260E+001 -0.850519324179431E+004
 -0.847418247803812E+004  0.768427554510852E+002  0.174467302184886E+001  0.221017228471634E+000 -0.744673021848863E+000 -0.583481073706260E+001 -0.847418247803812E+004
 -0.841912177859615E+004  0.992159219596924E+002  0.235041606079886E+001  0.402172567103244E+000 -0.135041606079886E+001 -0.583481073706260E+001 -0.841912177859615E+004
 -0.837031889002874E+004  0.929347625250534E+002  0.232258911169082E+001  0.365683465076905E+000 -0.132258911169082E+001 -0.583481073706260E+001 -0.837031889002874E+004
 -0.820668459500060E+004  0.779086842119201E+002  0.191776139717682E+001  0.247512900805558E+000 -0.917761397176818E+000 -0.583481073706260E+001 -0.820668459500060E+004
 -0.806104312264116E+004  0.595258953210739E+002  0.285240392419895E+001  0.224450292436099E+000 -0.185240392419895E+001 -0.583481073706260E+001 -0.806104312264116E+004
 -0.793489217676338E+004  0.612486891918087E+002  0.211268341486102E+001  0.184132321576104E+000 -0.111268341486102E+001 -0.583481073706260E+001 -0.793489217676338E+004
 -0.791618313784141E+004  0.529911240652852E+002  0.233725805895949E+001  0.156918927438618E+000 -0.133725805895949E+001 -0.583481073706260E+001 -0.791618313784141E+004
 -0.786008038422604E+004  0.992542113750702E+002  0.199184045317786E+001  0.371779269712454E+000 -0.991840453177865E+000 -0.583481073706260E+001 -0.786008038422604E+004
 -0.780285164531044E+004  0.908249790489778E+002  0.237014571972736E+001  0.372002171851673E+000 -0.137014571972736E+001 -0.583481073706260E+001 -0.780285164531044E+004
 -0.772359544313217E+004  0.985852702259942E+002  0.259653479488689E+001  0.445070709549463E+000 -0.159653479488689E+001 -0.583481073706260E+001 -0.772359544313217E+004
 -0.762309316509802E+004  0.757083586820440E+002  0.178484925070213E+001  0.231689545100349E+000 -0.784849250702130E+000 -0.583481073706260E+001 -0.762309316509802E+004
 -0.756264042047969E+004  0.857539680335856E+002  0.234246658150355E+001  0.345506793801951E+000 -0.134246658150355E+001 -0.583481073706260E+001 -0.756264042047969E+004
 -0.751265602377461E+004  0.535478615523921E+002  0.283175913345019E+001  0.194507620264673E+000 -0.183175913345019E+001 -0.583481073706260E+001 -0.751265602377461E+004
 -0.743873855631292E+004  0.914832553132910E+002  0.246840998491695E+001  0.395834248949840E+000 -0.146840998491695E+001 -0.583481073706260E+001 -0.743873855631292E+004
 -0.740355963959686E+004  0.787182875892557E+002  0.284361261667290E+001  0.355087031343159E+000 -0.184361261667290E+001 -0.583481073706260E+001 -0.740355963959686E+004
 -0.721831234184280E+004  0.918387714850997E+002  0.189587832128939E+001  0.335238087854685E+000 -0.895878321289392E+000 -0.583481073706260E+001 -0.721831234184280E+004
 -0.719594988331465E+004  0.811902490639117E+002  0.222714497935964E+001  0.315308457590424E+000 -0.122714497935964E+001 -0.583481073706260E+001 -0.719594988331465E+004
 -0.712694677043863E+004  0.866001674459948E+002  0.183195537855603E+001  0.301527284989136E+000 -0.831955378556031E+000 -0.583481073706260E+001 -0.712694677043863E+004
 -0.710999346776338E+004  0.984320226017214E+002  0.131496000157571E+001  0.286062184701944E+000 -0.314960001575709E+000 -0.583481073706260E+001 -0.710999346776338E+004
 -0.704758763459283E+004  0.978524263248142E+002  0.290736690752282E+001  0.497212693838209E+000 -0.190736690752282E+001 -0.583481073706260E+001 -0.704758763459283E+004
 -0.699565703297257E+004  0.890063857404165E+002  0.276713934983578E+001  0.425180157224316E+000 -0.176713934983578E+001 -0.583481073706260E+001 -0.699565703297257E+004
 -0.693296436846365E+004  0.582622265155242E+002  0.278189220904787E+001  0.229035928140496E+000 -0.178189220904787E+001 -0.583481073706260E+001 -0.693296436846365E+004
 -0.688410269463491E+004  0.725951363279624E+002  0.238264523769414E+001  0.286785692578676E+000 -0.138264523769414E+001 -0.583481073706260E+001 -0.688410269463491E+004
 -0.684360641078722E+004  0.993188119988639E+002  0.863066673639586E+000  0.212752861550859E+000  0.136933326360414E+000 -0.583481073706260E+001 -0.684360641078722E+004
 -0.678810503723603E+004  0.648043463062230E+002  0.290005518402719E+001  0.282732246390454E+000 -0.190005518402719E+001 -0.583481073706260E+001 -0.678810503723603E+004
 -0.665335598262681E+004  0.918069278439091E+002  0.221964242024672E+001  0.390541938517222E+000 -0.121964242024672E+001 -0.583481073706260E+001 -0.665335598262681E+004
 -0.657651038635700E+004  0.587802827666439E+002  0.173856808368008E+001  0.157068046805796E+000 -0.738568083680085E+000 -0.583481073706260E+001 -0.657651038635700E+004
 -0.654746702808950E+004  0.545312105265442E+002  0.155048698382878E+001  0.121277494942764E+000 -0.550486983828777E+000 -0.583481073706260E+001 -0.654746702808950E+004
 -0.645623325490388E+004  0.832921521363754E+002  0.289418433910102E+001  0.416653700399880E+000 -0.189418433910102E+001 -0.583481073706260E+001 -0.645623325490388E+004
 -0.627195089049541E+004  0.976500752411605E+002  0.507594722316647E+000  0.135709402210468E+000  0.492405277683353E+000 -0.583481073706260E+001 -0.627195089049541E+004
 -0.623223598480407E+004  0.812637303809502E+002  0.236632247408513E+001  0.354676452495025E+000 -0.136632247408513E+001 -0.583481073706260E+001 -0.623223598480407E+004
 -0.617014933645773E+004  0.706833488941102E+002  0.205125683396413E+001  0.258038619866636E+000 -0.105125683396413E+001 -0.583481073706260E+001 -0.617014933645773E+004
 -0.610690094809485E+004  0.806910120608630E+002  0.242903300911114E+001  0.361463433016929E+000 -0.142903300911114E+001 -0.583481073706260E+001 -0.610690094809485E+004
 -0.598133492118499E+004  0.835015509442234E+002  0.154564742835570E+001  0.272632492170838E+000 -0.545647428355705E+000 -0.583481073706260E+001 -0.598133492118499E+004
 -0.590720704729189E+004  0.888008838296320E+002  0.259561377552106E+001  0.441271292005466E+000 -0.159561377552106E+001 -0.583481073706260E+001 -0.590720704729189E+004
 -0.589290295617444E+004  0.596769895501470E+002  0.252280856342199E+001  0.238012955080969E+000 -0.152280856342199E+001 -0.583481073706260E+001 -0.589290295617444E+004
 -0.585655765021606E+004  0.765335970453768E+002  0.236413189345033E+001  0.334636500165084E+000 -0.136413189345033E+001 -0.583481073706260E+001 -0.585655765021606E+004
 -0.572388485688249E+004  0.988283790089170E+002  0.246024155734329E+001  0.500216494270991E+000 -0.146024155734329E+001 -0.583481073706260E+001 -0.572388485688249E+004
 -0.570880258679180E+004  0.590010068642235E+002  0.286644305326910E+001  0.263833032711022E+000 -0.186644305326910E+001 -0.583481073706260E+001 -0.570880258679180E+004
 -0.565926535604935E+004  0.950196260604664E+002  0.107117294571786E+001  0.258177664564009E+000 -0.711729457178611E-001 -0.583481073706260E+001 -0.565926535604935E+004
 -0.564139287059115E+004  0.545854754345278E+002  0.183229815026766E+001  0.155311523849840E+000 -0.832298150267660E+000 -0.583481073706260E+001 -0.564139287059115E+004
 -0.562591166407558E+004  0.645417545621949E+002  0.169199021304734E+001  0.196226735705674E+000 -0.691990213047343E+000 -0.583481073706260E+001 -0.562591166407558E+004
 -0.545500147916467E+004  0.973175395853272E+002  0.179237654606837E+001  0.402713626327841E+000 -0.792376546068373E+000 -0.583481073706260E+001 -0.545500147916467E+004
 -0.543433877589409E+004  0.794949161490468E+002  0.295509670947699E+001  0.431720099563259E+000 -0.195509670947699E+001 -0.583481073706260E+001 -0.543433877589409E+004
 -0.532666145469266E+004  0.893181079521524E+002  0.293635782426453E+001  0.509680832225902E+000 -0.193635782426453E+001 -0.583481073706260E+001 -0.532666145469266E+004
 -0.524122629083882E+004  0.806659943442850E+002  0.251240097838493E+001  0.399610632836391E+000 -0.151240097838493E+001 -0.583481073706260E+001 -0.524122629083882E+004
 -0.523015605690733E+004  0.838017585656066E+002  0.187690626522290E+001  0.340912721992548E+000 -0.876906265222904E+000 -0.583481073706260E+001 -0.523015605690733E+004
 -0.513801700945875E+004  0.402345565721019E+002  0.297498401840940E+001  0.148960995164085E+000 -0.197498401840940E+001 -0.583481073706260E+001 -0.513801700945875E+004
 -0.511691981973143E+004  0.805066182213605E+002  0.196014060925996E+001  0.335103830199357E+000 -0.960140609259960E+000 -0.583481073706260E+001 -0.511691981973143E+004
 -0.504167538289388E+004  0.741277964231055E+002  0.259377288059123E+001  0.368606974449678E+000 -0.159377288059123E+001 -0.583481073706260E+001 -0.504167538289388E+004
 -0.498927289241559E+004  0.579007715362500E+002  0.294542656190338E+001  0.279917865144448E+000 -0.194542656190338E+001 -0.583481073706260E+001 -0.498927289241559E+004
 -0.492372314376477E+004  0.571988812308036E+002  0.263751159903807E+001  0.251989122358118E+000 -0.163751159903807E+001 -0.583481073706260E+001 -0.492372314376477E+004
 -0.480580695069017E+004  0.826053561253507E+002  0.144706933764875E+001  0.283227121130977E+000 -0.447069337648745E+000 -0.583481073706260E+001 -0.480580695069017E+004
 -0.474826723366032E+004  0.981327254155009E+002  0.287664112840289E+001  0.603733448558936E+000 -0.187664112840289E+001 -0.583481073706260E+001 -0.474826723366032E+004
 -0.470387526459570E+004  0.953953324579323E+002  0.228622983766612E+001  0.500070719908216E+000 -0.128622983766612E+001 -0.583481073706260E+001 -0.470387526459570E+004
 -0.465180406973277E+004  0.781977258649185E+002  0.167652794859849E+001  0.296705405352449E+000 -0.676527948598493E+000 -0.583481073706260E+001 -0.465180406973277E+004
 -0.463738067900766E+004  0.732264365090483E+002  0.137459910522555E+001  0.224215541082969E+000 -0.374599105225548E+000 -0.583481073706260E+001 -0.463738067900766E+004
 -0.458702542895363E+004  0.973298116364131E+002  0.137718633507701E+001  0.362098455573636E+000 -0.377186335077007E+000 -0.583481073706260E+001 -0.458702542895363E+004
 -0.458187594444755E+004  0.635587372682976E+002  0.290266133129780E+001  0.334030377304215E+000 -0.190266133129780E+001 -0.583481073706260E+001 -0.458187594444755E+004
 -0.455114286622455E+004  0.843411546828877E+002  0.180991939159304E+001  0.358889196039769E+000 -0.809919391593038E+000 -0.583481073706260E+001 -0.455114286622455E+004
 -0.453842320548551E+004  0.839959977178758E+002  0.270643968060193E+001  0.479601384956003E+000 -0.170643968060193E+001 -0.583481073706260E+001 -0.453842320548551E+004
 -0.452404122636890E+004  0.640527052154045E+002  0.188576034613254E+001  0.237890248688735E+000 -0.885760346132538E+000 -0.583481073706260E+001 -0.452404122636890E+004
 -0.450921786948463E+004  0.694517025816299E+002  0.219781398046336E+001  0.310111215014855E+000 -0.119781398046336E+001 -0.583481073706260E+001 -0.450921786948463E+004
 -0.443647397813167E+004  0.659268917015992E+002  0.273140160120244E+001  0.342410489085142E+000 -0.173140160120244E+001 -0.583481073706260E+001 -0.443647397813167E+004
 -0.440111559152872E+004  0.902826423567456E+002  0.195067915601848E+001  0.427215122738282E+000 -0.950679156018481E+000 -0.583481073706260E+001 -0.440111559152872E+004
 -0.436362029646796E+004  0.864634981082301E+002  0.145584060040874E+001  0.321641937962911E+000 -0.455840600408743E+000 -0.583481073706260E+001 -0.436362029646796E+004
 -0.435151974257591E+004  0.780875934566369E+002  0.240983536325699E+001  0.405549432365305E+000 -0.140983536325699E+001 -0.583481073706260E+001 -0.435151974257591E+004
 -0.431435697332878E+004  0.962853193388964E+002  0.115043666637385E+001  0.319653839840670E+000 -0.150436666373846E+000 -0.583481073706260E+001 -0.431435697332878E+004
 -0.423667793722196E+004  0.532271149320181E+002  0.213742164436885E+001  0.198419267376220E+000 -0.113742164436885E+001 -0.583481073706260E+001 -0.423667793722196E+004
 -0.420272924225556E+004  0.801376587999946E+002  0.267320214317550E+001  0.462195982280618E+000 -0.167320214317550E+001 -0.583481073706260E+001 -0.420272924225556E+004
 -0.415892040595157E+004  0.648242831496472E+002  0.193156350469604E+001  0.258608348446053E+000 -0.931563504696038E+000 -0.583481073706260E+001 -0.415892040595157E+004
 -0.406054094469667E+004  0.754699131592797E+002  0.174068959773735E+001  0.308965411485844E+000 -0.740689597737354E+000 -0.583481073706260E+001 -0.406054094469667E+004
 -0.402769313723124E+004  0.755457596164350E+002  0.247676758609955E+001  0.409608600794374E+000 -0.147676758609955E+001 -0.583481073706260E+001 -0.402769313723124E+004
 -0.401214664661414E+004  0.866337897915450E+002  0.235981485985299E+001  0.483511249050596E+000 -0.135981485985299E+001 -0.583481073706260E+001 -0.401214664661414E+004
 -0.400151582803036E+004  0.940904863425056E+002  0.280655545346180E+001  0.611754207801969E+000 -0.180655545346180E+001 -0.583481073706260E+001 -0.400151582803036E+004
 -0.394088023354314E+004  0.591417292368243E+002  0.247156273779541E+001  0.281494200059603E+000 -0.147156273779541E+001 -0.583481073706260E+001 -0.394088023354314E+004
 -0.391400038395055E+004  0.946433925319912E+002  0.162633239811496E+001  0.425087911687397E+000 -0.626332398114961E+000 -0.583481073706260E+001 -0.391400038395055E+004
 -0.390374391427360E+004  0.799714290201333E+002  0.256451333847312E+001  0.463984063228854E+000 -0.156451333847312E+001 -0.583481073706260E+001 -0.390374391427360E+004
 -0.370729383056639E+004  0.952890064150375E+002  0.184480219285134E+001  0.483507203131996E+000 -0.844802192851338E+000 -0.583481073706260E+001 -0.370729383056639E+004
 -0.369423251000753E+004  0.921812494621770E+002  0.265224459922868E+001  0.596019970666956E+000 -0.165224459922868E+001 -0.583481073706260E+001 -0.369423251000753E+004
 -0.365862766926937E+004  0.588459918540968E+002  0.113445451124391E+001  0.133927450239708E+000 -0.134454511243910E+000 -0.583481073706260E+001 -0.365862766926937E+004
 -0.362877955550233E+004  0.995756762117210E+002  0.120940372365669E+001  0.382194006299563E+000 -0.209403723656689E+000 -0.583481073706260E+001 -0.362877955550233E+004
 -0.358048140111320E+004  0.847626966073823E+002  0.137449338851223E+001  0.328046142886532E+000 -0.374493388512234E+000 -0.583481073706260E+001 -0.358048140111320E+004
 -0.355510838666147E+004  0.888352832016063E+002  0.224781792611390E+001  0.514165562785852E+000 -0.124781792611390E+001 -0.583481073706260E+001 -0.355510838666147E+004
 -0.354978403249974E+004  0.955745952217217E+002  0.274104003248374E+001  0.652878991787418E+000 -0.174104003248374E+001 -0.583481073706260E+001 -0.354978403249974E+004
 -0.353443007258727E+004  0.940371180798468E+002  0.241576245234495E+001  0.587401480424371E+000 -0.141576245234495E+001 -0.583481073706260E+001 -0.353443007258727E+004
 -0.351506649058497E+004  0.841529270895539E+002  0.275990598296946E+001  0.553850566397264E+000 -0.175990598296946E+001 -0.583481073706260E+001 -0.351506649058497E+004
 -0.350676044756815E+004  0.943785754938369E+002  0.862110358783096E+000  0.270432132075452E+000  0.137889641216904E+000 -0.583481073706260E+001 -0.350676044756815E+004
 -0.348507078096836E+004  0.934997307498031E+002  0.139815722775199E+001  0.394608845526086E+000 -0.398157227751990E+000 -0.583481073706260E+001 -0.348507078096836E+004
 -0.344429479676875E+004  0.945182947327915E+002  0.348434332642303E+000  0.118166846353752E+000  0.651565667357697E+000 -0.583481073706260E+001 -0.344429479676875E+004
 -0.343841371435749E+004  0.605698672054350E+002  0.284449520250865E+001  0.351754999166721E+000 -0.184449520250865E+001 -0.583481073706260E+001 -0.343841371435749E+004
 -0.341201043124768E+004  0.984215481472764E+002  0.186364841284377E+001  0.531798064628532E+000 -0.863648412843774E+000 -0.583481073706260E+001 -0.341201043124768E+004
 -0.335763527924167E+004  0.493961370636889E+002  0.162956243135795E+001  0.146109182056279E+000 -0.629562431357948E+000 -0.583481073706260E+001 -0.335763527924167E+004
 -0.333992999825169E+004  0.853944431314307E+002  0.265198705957279E+001  0.563922046984742E+000 -0.165198705957279E+001 -0.583481073706260E+001 -0.333992999825169E+004
 -0.326463661741749E+004  0.733128017463704E+002  0.293044194530093E+001  0.493006375043885E+000 -0.193044194530093E+001 -0.583481073706260E+001 -0.326463661741749E+004
 -0.324861404200309E+004  0.987268349894499E+002  0.296952886707680E+001  0.751393341337733E+000 -0.196952886707680E+001 -0.583481073706260E+001 -0.324861404200309E+004
 -0.323871041678296E+004  0.742736403759632E+002  0.284244814308803E+001  0.493271802888385E+000 -0.184244814308803E+001 -0.583481073706260E+001 -0.323871041678296E+004
 -0.322454690009619E+004  0.522910655932582E+002  0.155475360800126E+001  0.158741015633060E+000 -0.554753608001258E+000 -0.583481073706260E+001 -0.322454690009619E+004
 -0.321609742268481E+004  0.921830870735202E+002  0.251013084582485E+001  0.615130739080500E+000 -0.151013084582485E+001 -0.583481073706260E+001 -0.321609742268481E+004
 -0.317616144202344E+004  0.702258054300162E+002  0.200000782732500E+001  0.348002909647773E+000 -0.100000782732500E+001 -0.583481073706260E+001 -0.317616144202344E+004
 -0.315641703850285E+004  0.682237942666055E+002  0.260691455236604E+001  0.412300730071698E+000 -0.160691455236604E+001 -0.583481073706260E+001 -0.315641703850285E+004
 -0.312170795775310E+004  0.509430908205618E+002  0.293095170438552E+001  0.285101193786371E+000 -0.193095170438552E+001 -0.583481073706260E+001 -0.312170795775310E+004
 -0.311127133511028E+004  0.852793287982772E+002  0.288968346474629E+001  0.619149844077788E+000 -0.188968346474629E+001 -0.583481073706260E+001 -0.311127133511028E+004
 -0.307102058210085E+004  0.613418777480944E+002  0.235065999076586E+001  0.324389094354560E+000 -0.135065999076586E+001 -0.583481073706260E+001 -0.307102058210085E+004
 -0.304049679400779E+004  0.671846019206333E+002  0.262424135349058E+001  0.412376192067057E+000 -0.162424135349058E+001 -0.583481073706260E+001 -0.304049679400779E+004
 -0.298319977041472E+004  0.502853259163802E+002  0.630972616947795E-001  0.147824038095631E+000  0.936902738305221E+000 -0.583481073706260E+001 -0.298319977041472E+004
 -0.298289790950916E+004  0.525364148556097E+002  0.239392350133503E+001  0.256442848281430E+000 -0.139392350133503E+001 -0.583481073706260E+001 -0.298289790950916E+004
 -0.293066435037723E+004  0.725313077953427E+002  0.661446110131629E-001  0.108772093756264E+000  0.933855388986837E+000 -0.583481073706260E+001 -0.293066435037723E+004
 -0.287564099024068E+004  0.899409359002784E+002  0.112415698443526E+001  0.342576713431407E+000 -0.124156984435256E+000 -0.583481073706260E+001 -0.287564099024068E+004
 -0.283371885616803E+004  0.958607255138532E+002  0.108617159873204E+001  0.373721294214938E+000 -0.861715987320366E-001 -0.583481073706260E+001 -0.283371885616803E+004
 -0.281308165402162E+004  0.427134152710410E+002  0.157339331669178E+000  0.145019879369105E+000  0.842660668330822E+000 -0.583481073706260E+001 -0.281308165402162E+004
 -0.279780738201931E+004  0.779505280992935E+002  0.163758582366890E+001  0.372865890471696E+000 -0.637585823668900E+000 -0.583481073706260E+001 -0.279780738201931E+004
 -0.276719590644626E+004  0.786471897685767E+002  0.148734403291751E+001  0.351284505555874E+000 -0.487344032917506E+000 -0.583481073706260E+001 -0.276719590644626E+004
 -0.276585015043799E+004  0.948090036710523E+002  0.238452214675431E+001  0.665586613455463E+000 -0.138452214675431E+001 -0.583481073706260E+001 -0.276585015043799E+004
 -0.275759966463138E+004  0.557936920309824E+002  0.150038746622407E+001  0.188036058845571E+000 -0.500387466224070E+000 -0.583481073706260E+001 -0.275759966463138E+004
 -0.272925785800960E+004  0.841144430889208E+002  0.638441141217536E+000  0.182386587720579E+000  0.361558858782464E+000 -0.583481073706260E+001 -0.272925785800960E+004
 -0.271610534900626E+004  0.840667609287633E+002  0.206535639366223E+001  0.510243879073995E+000 -0.106535639366223E+001 -0.583481073706260E+001 -0.271610534900626E+004
 -0.271020082230171E+004  0.431408382106462E+002  0.374156336469526E+000  0.106972495336062E+000  0.625843663530474E+000 -0.583481073706260E+001 -0.271020082230171E+004
 -0.270589249978114E+004  0.638893907305567E+002  0.937462252134890E+000  0.149121648661584E+000  0.625377478651097E-001 -0.583481073706260E+001 -0.270589249978114E+004
 -0.264027065087570E+004  0.845438417223722E+002  0.237302341314335E+001  0.577697792254452E+000 -0.137302341314335E+001 -0.583481073706260E+001 -0.264027065087570E+004
 -0.263485472777122E+004  0.905905816315594E+002  0.202328890410300E+001  0.569500357432003E+000 -0.102328890410300E+001 -0.583481073706260E+001 -0.263485472777122E+004
 -0.263402807218081E+004  0.618552864243381E+002  0.130948203663454E+001  0.205024554358808E+000 -0.309482036634539E+000 -0.583481073706260E+001 -0.263402807218081E+004
 -0.262213850017386E+004  0.633604142415933E+002  0.184718519864542E+001  0.300351825478166E+000 -0.847185198645415E+000 -0.583481073706260E+001 -0.262213850017386E+004
 -0.261252363695418E+004  0.807755993282424E+002  0.268925987755991E+001  0.595257127241670E+000 -0.168925987755991E+001 -0.583481073706260E+001 -0.261252363695418E+004
 -0.260601933874686E+004  0.572603368073455E+002  0.243917784380729E+001  0.323711762386100E+000 -0.143917784380729E+001 -0.583481073706260E+001 -0.260601933874686E+004
 -0.258329897145723E+004  0.583957608297007E+002  0.206827852918667E+001  0.290339442631090E+000 -0.106827852918667E+001 -0.583481073706260E+001 -0.258329897145723E+004
 -0.257944827792751E+004  0.496384736573331E+002  0.215198553192193E+001  0.224458788753097E+000 -0.115198553192193E+001 -0.583481073706260E+001 -0.257944827792751E+004
 -0.257633589951524E+004  0.674206546943612E+002  0.102391117199261E+001  0.190520512312727E+000 -0.239111719926102E-001 -0.583481073706260E+001 -0.257633589951524E+004
 -0.256778695500473E+004  0.461095550384083E+002  0.290461452986036E+001  0.262132447303499E+000 -0.190461452986036E+001 -0.583481073706260E+001 -0.256778695500473E+004
 -0.255225672717866E+004  0.610826633061298E+002  0.296335449869701E+001  0.427197159284682E+000 -0.196335449869701E+001 -0.583481073706260E+001 -0.255225672717866E+004
 -0.255074675877878E+004  0.831893464497881E+002  0.288740260286605E+001  0.660371900063830E+000 -0.188740260286605E+001 -0.583481073706260E+001 -0.255074675877878E+004
 -0.252442036097594E+004  0.859377923442640E+002  0.241118804678703E+001  0.611776101300773E+000 -0.141118804678703E+001 -0.583481073706260E+001 -0.252442036097594E+004
 -0.247104811618780E+004  0.626097357718478E+002  0.257223271924895E+001  0.402726067289070E+000 -0.157223271924895E+001 -0.583481073706260E+001 -0.247104811618780E+004
 -0.243589381149998E+004  0.588810864278540E+002  0.234575945783379E+001  0.339202732092086E+000 -0.134575945783379E+001 -0.583481073706260E+001 -0.243589381149998E+004
 -0.243251353222070E+004  0.755815399406177E+002  0.211464336390729E+001  0.466984655836592E+000 -0.111464336390729E+001 -0.583481073706260E+001 -0.243251353222070E+004
 -0.241946517821600E+004  0.497596587364385E+002  0.226506472557922E+001  0.244694982907499E+000 -0.126506472557922E+001 -0.583481073706260E+001 -0.241946517821600E+004
 -0.239720514855948E+004  0.654030482091763E+002  0.274464184798147E+001  0.461275421818054E+000 -0.174464184798147E+001 -0.583481073706260E+001 -0.239720514855948E+004
 -0.238917542891122E+004  0.954800951159678E+002  0.184398461525873E+001  0.603692955597012E+000 -0.843984615258732E+000 -0.583481073706260E+001 -0.238917542891122E+004
 -0.238559657858593E+004  0.761813810101909E+002  0.167031846907986E+001  0.395044960361012E+000 -0.670318469079858E+000 -0.583481073706260E+001 -0.238559657858593E+004
 -0.237253620557491E+004  0.930890739689631E+002  0.179248148048070E+001  0.571864957968449E+000 -0.792481480480701E+000 -0.583481073706260E+001 -0.237253620557491E+004
 -0.234921611248962E+004  0.992821121864589E+002  0.716873377036781E+000  0.309750795044924E+000  0.283126622963219E+000 -0.583481073706260E+001 -0.234921611248962E+004
 -0.233865542554155E+004  0.846126353559410E+002  0.250749685357367E+001  0.639336501315092E+000 -0.150749685357367E+001 -0.583481073706260E+001 -0.233865542554155E+004
 -0.233138832441477E+004  0.537766356298205E+002  0.604761306244439E-001  0.159701194369982E+000  0.939523869375556E+000 -0.583481073706260E+001 -0.233138832441477E+004
 -0.232814303717165E+004  0.562255827629403E+002  0.184523132137075E+001  0.256226321596912E+000 -0.845231321370754E+000 -0.583481073706260E+001 -0.232814303717165E+004
 -0.230611966099214E+004  0.875273065448625E+002  0.226955443003857E+001  0.629213157507025E+000 -0.126955443003857E+001 -0.583481073706260E+001 -0.230611966099214E+004
 -0.229173035137639E+004  0.673351645971212E+002  0.173614200140933E+001  0.337911999792515E+000 -0.736142001409333E+000 -0.583481073706260E+001 -0.229173035137639E+004
 -0.226738320839514E+004  0.792702604184214E+002  0.186397296812427E+001  0.471889916280690E+000 -0.863972968124265E+000 -0.583481073706260E+001 -0.226738320839514E+004
 -0.225967723600679E+004  0.664977962461620E+002  0.802966251183373E+000  0.148230017387685E+000  0.197033748816627E+000 -0.583481073706260E+001 -0.225967723600679E+004
 -0.225778976741238E+004  0.890061145885825E+002  0.262226361727053E+001  0.721031847748044E+000 -0.162226361727053E+001 -0.583481073706260E+001 -0.225778976741238E+004
 -0.223910051778729E+004  0.523146055677299E+002  0.277378638920754E+001  0.335064741198188E+000 -0.177378638920754E+001 -0.583481073706260E+001 -0.223910051778729E+004
 -0.223602342019500E+004  0.931504083407293E+002  0.297572222771574E+001  0.840252318483870E+000 -0.197572222771574E+001 -0.583481073706260E+001 -0.223602342019500E+004
 -0.220139825695175E+004  0.650705812966292E+002  0.229193867270651E+001  0.412817439305887E+000 -0.129193867270651E+001 -0.583481073706260E+001 -0.220139825695175E+004
 -0.217929929453592E+004  0.887326055409715E+002  0.202041810278641E+001  0.606915429191367E+000 -0.102041810278641E+001 -0.583481073706260E+001 -0.217929929453592E+004
 -0.217421504359039E+004  0.496536347691017E+002  0.137813834734461E+000  0.147171801233299E+000  0.862186165265539E+000 -0.583481073706260E+001 -0.217421504359039E+004
 -0.216806935253909E+004  0.660222925264902E+002  0.211603055173177E+001  0.398504651085331E+000 -0.111603055173177E+001 -0.583481073706260E+001 -0.216806935253909E+004
 -0.215739546032024E+004  0.888337716691944E+002  0.174634032641162E+001  0.548424879736205E+000 -0.746340326411620E+000 -0.583481073706260E+001 -0.215739546032024E+004
 -0.211482027918427E+004  0.892132133552456E+002  0.151519239018072E+001  0.500256503116708E+000 -0.515192390180720E+000 -0.583481073706260E+001 -0.211482027918427E+004
 -0.209735454334082E+004  0.433380322924321E+002  0.442199289530667E+000  0.110571760487417E+000  0.557800710469333E+000 -0.583481073706260E+001 -0.209735454334082E+004
 -0.209663547819938E+004  0.835587235432503E+002  0.215763336145173E+001  0.594439278318488E+000 -0.115763336145173E+001 -0.583481073706260E+001 -0.209663547819938E+004
 -0.205658732445168E+004  0.821541466754551E+002  0.231392570065719E+001  0.616416292491320E+000 -0.131392570065719E+001 -0.583481073706260E+001 -0.205658732445168E+004
 -0.202546050173701E+004  0.858815386537480E+002  0.289681152849761E+001  0.776484507699649E+000 -0.189681152849761E+001 -0.583481073706260E+001 -0.202546050173701E+004
 -0.201540432416319E+004  0.733090299836048E+002  0.293445912997282E+001  0.627897348443549E+000 -0.193445912997282E+001 -0.583481073706260E+001 -0.201540432416319E+004
 -0.201215440215497E+004  0.930153592387782E+002  0.227921605132647E+001  0.736653081987775E+000 -0.127921605132647E+001 -0.583481073706260E+001 -0.201215440215497E+004
 -0.201075883206750E+004  0.821275353667292E+002  0.241661117343933E+001  0.643244329390748E+000 -0.141661117343933E+001 -0.583481073706260E+001 -0.201075883206750E+004
 -0.201055182168410E+004  0.838837566172860E+002  0.184546465610715E+001  0.542783364585708E+000 -0.845464656107149E+000 -0.583481073706260E+001 -0.201055182168410E+004
 -0.199763311735338E+004  0.478283993405940E+002  0.136299736015870E+001  0.144532432160145E+000 -0.362997360158702E+000 -0.583481073706260E+001 -0.199763311735338E+004
 -0.198777423473777E+004  0.506069606986949E+002  0.284517412646152E+001  0.343456021652360E+000 -0.184517412646152E+001 -0.583481073706260E+001 -0.198777423473777E+004
 -0.198399753841370E+004  0.903601903056629E+002  0.194526712760696E+001  0.635440440073953E+000 -0.945267127606958E+000 -0.583481073706260E+001 -0.198399753841370E+004
 -0.197365669889909E+004  0.821529828273248E+002  0.250228976982600E+001  0.666214570195282E+000 -0.150228976982600E+001 -0.583481073706260E+001 -0.197365669889909E+004
 -0.197275411706472E+004  0.700517659421581E+002  0.269123602130370E+001  0.556053404559880E+000 -0.169123602130370E+001 -0.583481073706260E+001 -0.197275411706472E+004
 -0.197162961611552E+004  0.980907835466751E+002  0.128053815684296E+001  0.528340018538717E+000 -0.280538156842957E+000 -0.583481073706260E+001 -0.197162961611552E+004
 -0.194053305729220E+004  0.970363700397017E+002  0.253881236507035E+001  0.856658955786489E+000 -0.153881236507035E+001 -0.583481073706260E+001 -0.194053305729220E+004
 -0.191327721523187E+004  0.672391434570496E+002  0.298395797922265E+001  0.574328336761756E+000 -0.198395797922265E+001 -0.583481073706260E+001 -0.191327721523187E+004
 -0.190866808964631E+004  0.902253254791630E+002  0.121091443839670E+001  0.448771585810053E+000 -0.210914438396700E+000 -0.583481073706260E+001 -0.190866808964631E+004
 -0.190594114667733E+004  0.963011169659016E+002  0.259070449107204E+001  0.867378353586012E+000 -0.159070449107204E+001 -0.583481073706260E+001 -0.190594114667733E+004
 -0.189195427473363E+004  0.762688737238276E+002  0.206816825922001E+001  0.527554941656975E+000 -0.106816825922001E+001 -0.583481073706260E+001 -0.189195427473363E+004
 -0.186895888707306E+004  0.898844746009225E+002  0.274476685812341E+001  0.829366634099604E+000 -0.174476685812341E+001 -0.583481073706260E+001 -0.186895888707306E+004
 -0.186664272135293E+004  0.613049960383461E+002  0.264945292009525E+001  0.458609773014999E+000 -0.164945292009525E+001 -0.583481073706260E+001 -0.186664272135293E+004
 -0.185792650092727E+004  0.885439818792827E+002  0.257262789608161E+001  0.778928806368367E+000 -0.157262789608161E+001 -0.583481073706260E+001 -0.185792650092727E+004
 -0.184316976057423E+004  0.819084475484607E+002  0.204136255488259E+001  0.590327683869415E+000 -0.104136255488259E+001 -0.583481073706260E+001 -0.184316976057423E+004
 -0.184101295380923E+004  0.618203217403108E+002  0.297504746608600E+001  0.513768549624655E+000 -0.197504746608600E+001 -0.583481073706260E+001 -0.184101295380923E+004
 -0.182288532795287E+004  0.516274337846280E+002  0.147292671939210E+000  0.150271725489312E+000  0.852707328060790E+000 -0.583481073706260E+001 -0.182288532795287E+004
 -0.179841265352845E+004  0.781340304789759E+002  0.281755698441902E+001  0.707611016415599E+000 -0.181755698441902E+001 -0.583481073706260E+001 -0.179841265352845E+004
 -0.179320389557054E+004  0.976303032403700E+002  0.864677667184322E+000  0.402004766424596E+000  0.135322332815678E+000 -0.583481073706260E+001 -0.179320389557054E+004
 -0.177418858047202E+004  0.528560996830193E+002  0.261218439349658E+001  0.362857462966321E+000 -0.161218439349658E+001 -0.583481073706260E+001 -0.177418858047202E+004
 -0.176179090903554E+004  0.403396481737375E+002  0.437612469115696E-001  0.228196566896488E+000  0.956238753088430E+000 -0.583481073706260E+001 -0.176179090903554E+004
 -0.175885627082823E+004  0.876129812752833E+002  0.219631629825121E+001  0.704791838328008E+000 -0.119631629825121E+001 -0.583481073706260E+001 -0.175885627082823E+004
 -0.175787317705458E+004  0.436248420945174E+002  0.279456446771160E+000  0.148229719129147E+000  0.720543553228840E+000 -0.583481073706260E+001 -0.175787317705458E+004
 -0.175169112643165E+004  0.634144758244598E+002  0.280858938879080E+001  0.523514334298985E+000 -0.180858938879080E+001 -0.583481073706260E+001 -0.175169112643165E+004
 -0.172191637723129E+004  0.589207444481860E+002  0.194156646163727E+001  0.340192480830392E+000 -0.941566461637274E+000 -0.583481073706260E+001 -0.172191637723129E+004
 -0.171967140273250E+004  0.628708688386520E+002  0.256572398158288E+001  0.484544277903949E+000 -0.156572398158288E+001 -0.583481073706260E+001 -0.171967140273250E+004
 -0.170803124328791E+004  0.849747730122996E+002  0.289716681646341E+001  0.833677579100209E+000 -0.189716681646341E+001 -0.583481073706260E+001 -0.170803124328791E+004
 -0.169320446047933E+004  0.856256228325940E+002  0.113070542425654E+001  0.411123572210005E+000 -0.130705424256540E+000 -0.583481073706260E+001 -0.169320446047933E+004
 -0.168355639118764E+004  0.919056660956322E+002  0.101779085373106E+001  0.427075550599071E+000 -0.177908537310609E-001 -0.583481073706260E+001 -0.168355639118764E+004
 -0.168061747583853E+004  0.779025964622293E+002  0.163980943373700E+001  0.480487225836421E+000 -0.639809433736996E+000 -0.583481073706260E+001 -0.168061747583853E+004
 -0.166935109562928E+004  0.833967100414391E+002  0.213903593414719E+001  0.660060500519884E+000 -0.113903593414719E+001 -0.583481073706260E+001 -0.166935109562928E+004
 -0.165281701050248E+004  0.596904392467078E+002  0.185700822379554E+001  0.340906495235655E+000 -0.857008223795543E+000 -0.583481073706260E+001 -0.165281701050248E+004
 -0.165194058713884E+004  0.925285855668564E+002  0.271264091635120E+001  0.910881953842257E+000 -0.171264091635120E+001 -0.583481073706260E+001 -0.165194058713884E+004
 -0.165091381070718E+004  0.963327758575441E+002  0.907478573607586E+000  0.425746286002112E+000  0.925214263924143E-001 -0.583481073706260E+001 -0.165091381070718E+004
 -0.164730300681782E+004  0.603548935286606E+002  0.258953541595669E+001  0.466915444815815E+000 -0.158953541595669E+001 -0.583481073706260E+001 -0.164730300681782E+004
 -0.163946017108889E+004  0.846008177474727E+002  0.176938250396475E+001  0.589552270285150E+000 -0.769382503964748E+000 -0.583481073706260E+001 -0.163946017108889E+004
 -0.163527648478237E+004  0.982681536928193E+002  0.148345858995796E+001  0.649737787043805E+000 -0.483458589957963E+000 -0.583481073706260E+001 -0.163527648478237E+004
 -0.162534278564756E+004  0.831719742953607E+002  0.676064546110155E+000  0.243471390684617E+000  0.323935453889845E+000 -0.583481073706260E+001 -0.162534278564756E+004
 -0.161405572097281E+004  0.768141269003451E+002  0.100295436645591E+001  0.307714954434114E+000 -0.295436645591352E-002 -0.583481073706260E+001 -0.161405572097281E+004
 -0.161200999575803E+004  0.892866385855961E+002  0.442879643882064E+000  0.186214121829053E+000  0.557120356117936E+000 -0.583481073706260E+001 -0.161200999575803E+004
 -0.161177361970667E+004  0.614033288379471E+002  0.128030758173342E+001  0.251142423669621E+000 -0.280307581733420E+000 -0.583481073706260E+001 -0.161177361970667E+004
 -0.160583292591488E+004  0.743284104457339E+002  0.261870997766284E+001  0.659764677996730E+000 -0.161870997766284E+001 -0.583481073706260E+001 -0.160583292591488E+004
 -0.160410171162764E+004  0.728929780692375E+002  0.273513721307599E+001  0.662539532647701E+000 -0.173513721307599E+001 -0.583481073706260E+001 -0.160410171162764E+004
 -0.158129631144960E+004  0.514667488665988E+002  0.104501981650456E+001  0.136826800434571E+000 -0.450198165045614E-001 -0.583481073706260E+001 -0.158129631144960E+004
 -0.158123001766856E+004  0.927669508296673E+002  0.150753705705560E+001  0.612343469381301E+000 -0.507537057055597E+000 -0.583481073706260E+001 -0.158123001766856E+004
 -0.157924377064008E+004  0.801720986158965E+002  0.182825011829751E+001  0.566593785883654E+000 -0.828250118297513E+000 -0.583481073706260E+001 -0.157924377064008E+004
 -0.156995731861053E+004  0.966566416129081E+002  0.197320737716348E+001  0.795936051789130E+000 -0.973207377163477E+000 -0.583481073706260E+001 -0.156995731861053E+004
 -0.156895282692930E+004  0.496773640959722E+002  0.122192816141771E+001  0.154340627518182E+000 -0.221928161417711E+000 -0.583481073706260E+001 -0.156895282692930E+004
 -0.156683810333412E+004  0.993822980905615E+002  0.135698113638879E+000  0.125181521389919E+000  0.864301886361121E+000 -0.583481073706260E+001 -0.156683810333412E+004
 -0.155603747540953E+004  0.560028532465385E+002  0.195607706092015E+001  0.328347867123471E+000 -0.956077060920147E+000 -0.583481073706260E+001 -0.155603747540953E+004
 -0.153357769334866E+004  0.953266040333611E+002  0.912723978983188E+000  0.435531394207758E+000  0.872760210168119E-001 -0.583481073706260E+001 -0.153357769334866E+004
 -0.153352617015507E+004  0.665665101627757E+002  0.157715282570196E+001  0.370318340922502E+000 -0.577152825701965E+000 -0.583481073706260E+001 -0.153352617015507E+004
 -0.152925658032089E+004  0.458034193793115E+002  0.926423614769429E+000  0.104755078660916E+000  0.735763852305705E-001 -0.583481073706260E+001 -0.152925658032089E+004
 -0.151417791391593E+004  0.615399903501778E+002  0.290868613411731E+001  0.552353560345169E+000 -0.190868613411731E+001 -0.583481073706260E+001 -0.151417791391593E+004
 -0.151051958596361E+004  0.655613872494954E+002  0.254061463203472E+001  0.548182100575615E+000 -0.154061463203472E+001 -0.583481073706260E+001 -0.151051958596361E+004
 -0.150422274669921E+004  0.870301182958328E+002  0.540842984945726E+000  0.222696650411955E+000  0.459157015054274E+000 -0.583481073706260E+001 -0.150422274669921E+004
 -0.149457573778385E+004  0.744192219645050E+002  0.263810748562171E+001  0.688980541804748E+000 -0.163810748562171E+001 -0.583481073706260E+001 -0.149457573778385E+004
 -0.148372496478942E+004  0.565290952788295E+002  0.247302055075051E+001  0.423866820826160E+000 -0.147302055075051E+001 -0.583481073706260E+001 -0.148372496478942E+004
 -0.147231865433839E+004  0.925158311647590E+002  0.134247763170966E+001  0.577749008098177E+000 -0.342477631709657E+000 -0.583481073706260E+001 -0.147231865433839E+004
 -0.146990126742632E+004  0.645696622767911E+002  0.213482872032946E+001  0.469351645232194E+000 -0.113482872032946E+001 -0.583481073706260E+001 -0.146990126742632E+004
 -0.145510381637156E+004  0.993086819563928E+002  0.273246178266827E+001  0.107372329193145E+001 -0.173246178266827E+001 -0.583481073706260E+001 -0.145510381637156E+004
 -0.145449879440863E+004  0.640025204751390E+002  0.299037146081350E+001  0.612187990965759E+000 -0.199037146081350E+001 -0.583481073706260E+001 -0.145449879440863E+004
 -0.144908227220716E+004  0.430452820075291E+002  0.116348300444210E+001  0.121719122877472E+000 -0.163483004442102E+000 -0.583481073706260E+001 -0.144908227220716E+004
 -0.144863043646540E+004  0.763631989571069E+002  0.843836311218921E+000  0.268926193949594E+000  0.156163688781079E+000 -0.583481073706260E+001 -0.144863043646540E+004
 -0.143711319215513E+004  0.908258664722165E+002  0.897668178080717E+000  0.406041212450556E+000  0.102331821919283E+000 -0.583481073706260E+001 -0.143711319215513E+004
 -0.143407334565344E+004  0.495626390567766E+002  0.169398669128829E+000  0.168783908104341E+000  0.830601330871171E+000 -0.583481073706260E+001 -0.143407334565344E+004
 -0.140412673939985E+004  0.825923532567605E+002  0.242166703668847E+001  0.777718886521392E+000 -0.142166703668847E+001 -0.583481073706260E+001 -0.140412673939985E+004
 -0.139566572729718E+004  0.938394569667337E+002  0.233591440993058E+001  0.912047198977914E+000 -0.133591440993058E+001 -0.583481073706260E+001 -0.139566572729718E+004
 -0.138901299682419E+004  0.924440266757255E+002  0.185779268040248E+001  0.759745769867456E+000 -0.857792680402485E+000 -0.583481073706260E+001 -0.138901299682419E+004
 -0.138167167425821E+004  0.961424730955894E+002  0.268227332104933E+001  0.104221197577925E+001 -0.168227332104933E+001 -0.583481073706260E+001 -0.138167167425821E+004
 -0.137531299362389E+004  0.558348272455835E+002  0.299819972945299E+001  0.508461881961233E+000 -0.199819972945299E+001 -0.583481073706260E+001 -0.137531299362389E+004
 -0.134951906666788E+004  0.928269162859991E+002  0.271736657072002E+001  0.101449248113894E+001 -0.171736657072002E+001 -0.583481073706260E+001 -0.134951906666788E+004
 -0.134812664836301E+004  0.735649757305598E+002  0.280207571485577E+001  0.746146797822668E+000 -0.180207571485577E+001 -0.583481073706260E+001 -0.134812664836301E+004
 -0.134448739289691E+004  0.945770080237266E+002  0.162621438553815E+001  0.724238267325740E+000 -0.626214385538150E+000 -0.583481073706260E+001 -0.134448739289691E+004
 -0.133610159838440E+004  0.989815789085917E+002  0.138210425767092E+001  0.689584053472528E+000 -0.382104257670918E+000 -0.583481073706260E+001 -0.133610159838440E+004
 -0.133443104778562E+004  0.638510739385474E+002  0.296624658925589E+001  0.632811867196827E+000 -0.196624658925589E+001 -0.583481073706260E+001 -0.133443104778562E+004
 -0.131547279150463E+004  0.921274219686489E+002  0.152413249936487E+001  0.669844367121422E+000 -0.524132499364873E+000 -0.583481073706260E+001 -0.131547279150463E+004
 -0.128508049512322E+004  0.628181031378238E+002  0.142872159472490E+001  0.329309021873370E+000 -0.428721594724899E+000 -0.583481073706260E+001 -0.128508049512322E+004
 -0.128329779750119E+004  0.625414613755584E+002  0.262666266737229E+001  0.566723064734742E+000 -0.162666266737229E+001 -0.583481073706260E+001 -0.128329779750119E+004
 -0.128308515546151E+004  0.664912587396463E+002  0.276760147001559E+001  0.650665081567661E+000 -0.176760147001559E+001 -0.583481073706260E+001 -0.128308515546151E+004
 -0.128281010634049E+004  0.839216236084702E+002  0.190447650245526E+001  0.696630652542892E+000 -0.904476502455263E+000 -0.583481073706260E+001 -0.128281010634049E+004
 -0.128117818575429E+004  0.699726736111800E+002  0.171257722591878E+001  0.476190688041242E+000 -0.712577225918777E+000 -0.583481073706260E+001 -0.128117818575429E+004
 -0.127232829540253E+004  0.806483773769490E+002  0.192956526505612E+001  0.664597804108936E+000 -0.929565265056115E+000 -0.583481073706260E+001 -0.127232829540253E+004
 -0.125796601523327E+004  0.798750980553841E+002  0.189610727224163E+001  0.649498184926584E+000 -0.896107272241629E+000 -0.583481073706260E+001 -0.125796601523327E+004
 -0.125720688802211E+004  0.711056655566914E+002  0.105921391974317E+001  0.314377143932680E+000 -0.592139197431660E-001 -0.583481073706260E+001 -0.125720688802211E+004
 -0.125518719778021E+004  0.414388280007937E+002  0.200211645497098E+001  0.210589239642411E+000 -0.100211645497098E+001 -0.583481073706260E+001 -0.125518719778021E+004
 -0.125151048644159E+004  0.654429978182801E+002  0.231468900180713E+001  0.556450577403823E+000 -0.131468900180713E+001 -0.583481073706260E+001 -0.125151048644159E+004
 -0.124228276026282E+004  0.812088926791041E+002  0.101119059906604E+001  0.393463521569481E+000 -0.111905990660373E-001 -0.583481073706260E+001 -0.124228276026282E+004
 -0.123756295131893E+004  0.702960622111363E+002  0.280721872942999E+001  0.729016785556977E+000 -0.180721872942999E+001 -0.583481073706260E+001 -0.123756295131893E+004
 -0.123518718445788E+004  0.406171231458579E+002  0.232896969671937E+000  0.204239393377103E+000  0.767103030328063E+000 -0.583481073706260E+001 -0.123518718445788E+004
 -0.123274738810530E+004  0.673342864445443E+002  0.201002922836844E+001  0.522014645274677E+000 -0.101002922836844E+001 -0.583481073706260E+001 -0.123274738810530E+004
 -0.122885897225176E+004  0.704359132768039E+002  0.229068819303935E+001  0.626397046544026E+000 -0.129068819303935E+001 -0.583481073706260E+001 -0.122885897225176E+004
 -0.122751870924509E+004  0.963574351175268E+002  0.237535258822031E+001  0.102157022959002E+001 -0.137535258822031E+001 -0.583481073706260E+001 -0.122751870924509E+004
 -0.122487018000821E+004  0.727378346884632E+002  0.185867736248876E+001  0.557337698760499E+000 -0.858677362488757E+000 -0.583481073706260E+001 -0.122487018000821E+004
 -0.122127360894858E+004  0.772269004586340E+002  0.165904394508790E+001  0.560675064589022E+000 -0.659043945087900E+000 -0.583481073706260E+001 -0.122127360894858E+004
 -0.121286494259525E+004  0.639735470407755E+002  0.129366732673601E+001  0.317378439773922E+000 -0.293667326736009E+000 -0.583481073706260E+001 -0.121286494259525E+004
 -0.121070318397735E+004  0.895779437626212E+002  0.663341443852619E+000  0.325386614673445E+000  0.336658556147381E+000 -0.583481073706260E+001 -0.121070318397735E+004
 -0.120462002385261E+004  0.800331734839500E+002  0.151831386338444E+001  0.556515452451910E+000 -0.518313863384437E+000 -0.583481073706260E+001 -0.120462002385261E+004
 -0.120394539987777E+004  0.786085412522394E+002  0.194893321876902E+001  0.661654089341034E+000 -0.948933218769023E+000 -0.583481073706260E+001 -0.120394539987777E+004
 -0.120243205534629E+004  0.661674793654667E+002  0.232743570737301E+001  0.580522902706953E+000 -0.132743570737301E+001 -0.583481073706260E+001 -0.120243205534629E+004
 -0.119708860612516E+004  0.600474305191972E+002  0.171777543925724E+001  0.375279909766556E+000 -0.717775439257242E+000 -0.583481073706260E+001 -0.119708860612516E+004
 -0.119383676287966E+004  0.503988389828668E+002  0.102891327486644E+001  0.147669473948013E+000 -0.289132748664418E-001 -0.583481073706260E+001 -0.119383676287966E+004
 -0.118533703611068E+004  0.763462249169297E+002  0.162924036340092E+001  0.549958573035004E+000 -0.629240363400916E+000 -0.583481073706260E+001 -0.118533703611068E+004
 -0.118192616310530E+004  0.445117693933403E+002  0.192747632907204E+001  0.238419341339372E+000 -0.927476329072042E+000 -0.583481073706260E+001 -0.118192616310530E+004
 -0.117517815980173E+004  0.952902524125570E+002  0.238505354209546E+001  0.103130524344713E+001 -0.138505354209546E+001 -0.583481073706260E+001 -0.117517815980173E+004
 -0.117398361868925E+004  0.605113443433318E+002  0.152318549927846E+001  0.341444132211546E+000 -0.523185499278464E+000 -0.583481073706260E+001 -0.117398361868925E+004
 -0.116852495616714E+004  0.809982360354304E+002  0.133005188323278E+001  0.515674638486547E+000 -0.330051883232778E+000 -0.583481073706260E+001 -0.116852495616714E+004
 -0.116471586340309E+004  0.812046178435584E+002  0.276503855720299E+001  0.917982551188630E+000 -0.176503855720299E+001 -0.583481073706260E+001 -0.116471586340309E+004
 -0.116355787984128E+004  0.948685572387961E+002  0.259428392896273E+001  0.109162950746194E+001 -0.159428392896273E+001 -0.583481073706260E+001 -0.116355787984128E+004
 -0.116013857156066E+004  0.889381682042941E+002  0.264959712069561E+001  0.101464277198786E+001 -0.164959712069561E+001 -0.583481073706260E+001 -0.116013857156066E+004
 -0.115887388054532E+004  0.402087241432429E+002  0.203802596112573E+001  0.211126941881868E+000 -0.103802596112573E+001 -0.583481073706260E+001 -0.115887388054532E+004
 -0.115817084580177E+004  0.791419781607405E+002  0.204064100587082E+001  0.706695338701255E+000 -0.104064100587082E+001 -0.583481073706260E+001 -0.115817084580177E+004
 -0.115697549105257E+004  0.653498291665119E+002  0.216266471819881E+001  0.545407844699276E+000 -0.116266471819881E+001 -0.583481073706260E+001 -0.115697549105257E+004
 -0.115201638104348E+004  0.615664510852646E+002  0.258190168350796E+001  0.574910907990835E+000 -0.158190168350796E+001 -0.583481073706260E+001 -0.115201638104348E+004
 -0.114980831096080E+004  0.925624001207278E+002  0.299364958871230E+001  0.117073865603767E+001 -0.199364958871230E+001 -0.583481073706260E+001 -0.114980831096080E+004
 -0.114503616136382E+004  0.663801980843920E+002  0.291778144199949E+001  0.715966079597352E+000 -0.191778144199949E+001 -0.583481073706260E+001 -0.114503616136382E+004
 -0.112821438147589E+004  0.937287539573821E+002  0.225046169877245E+001  0.987864927827765E+000 -0.125046169877245E+001 -0.583481073706260E+001 -0.112821438147589E+004
 -0.112235285327094E+004  0.888624023859552E+002  0.202168911565160E+001  0.849055687966084E+000 -0.102168911565160E+001 -0.583481073706260E+001 -0.112235285327094E+004
 -0.109503478553712E+004  0.951823492430952E+002  0.103201945350611E+001  0.568685156945662E+000 -0.320194535061140E-001 -0.583481073706260E+001 -0.109503478553712E+004
 -0.108967531269912E+004  0.947477407825418E+002  0.271781388610922E+001  0.116310721628275E+001 -0.171781388610922E+001 -0.583481073706260E+001 -0.108967531269912E+004
 -0.108702030233172E+004  0.943331209376568E+002  0.205806445652185E+001  0.953523328127577E+000 -0.105806445652185E+001 -0.583481073706260E+001 -0.108702030233172E+004
 -0.108513893093581E+004  0.945496305226888E+002  0.178693606074471E+001  0.864543294073206E+000 -0.786936060744705E+000 -0.583481073706260E+001 -0.108513893093581E+004
 -0.108004444005470E+004  0.583378716113790E+002  0.290690297411771E+001  0.600250111015214E+000 -0.190690297411771E+001 -0.583481073706260E+001 -0.108004444005470E+004
 -0.106796632836271E+004  0.887361755187450E+002  0.197277660947061E+001  0.853248182306680E+000 -0.972776609470615E+000 -0.583481073706260E+001 -0.106796632836271E+004
 -0.106180249048714E+004  0.951749726699059E+002  0.180764784657448E+001  0.890113251239876E+000 -0.807647846574484E+000 -0.583481073706260E+001 -0.106180249048714E+004
 -0.106115357804374E+004  0.710440056282896E+002  0.185152674126325E+001  0.573887883472222E+000 -0.851526741263247E+000 -0.583481073706260E+001 -0.106115357804374E+004
 -0.105612346710463E+004  0.749238534828719E+002  0.282155642413260E+001  0.871311325629121E+000 -0.182155642413260E+001 -0.583481073706260E+001 -0.105612346710463E+004
 -0.105533689659670E+004  0.457164411023690E+002  0.242329241840754E+001  0.336184029383843E+000 -0.142329241840754E+001 -0.583481073706260E+001 -0.105533689659670E+004
 -0.104980620856194E+004  0.799674112087234E+002  0.157474457295047E+001  0.613547103301003E+000 -0.574744572950471E+000 -0.583481073706260E+001 -0.104980620856194E+004
 -0.103805843939243E+004  0.902674118228035E+002  0.543134015434810E+000  0.292987971492843E+000  0.456865984565190E+000 -0.583481073706260E+001 -0.103805843939243E+004
 -0.102767573046431E+004  0.698150661941164E+002  0.266838438273891E+001  0.761971888391768E+000 -0.166838438273891E+001 -0.583481073706260E+001 -0.102767573046431E+004
 -0.102053061104941E+004  0.952447897107273E+002  0.245912365482872E+001  0.113102675308653E+001 -0.145912365482872E+001 -0.583481073706260E+001 -0.102053061104941E+004
 -0.101920470306041E+004  0.469052622306368E+002  0.267614996060650E+001  0.394961286780423E+000 -0.167614996060650E+001 -0.583481073706260E+001 -0.101920470306041E+004
 -0.101742402758975E+004  0.994210893562745E+002  0.903076150163196E+000  0.570384883197755E+000  0.969238498368040E-001 -0.583481073706260E+001 -0.101742402758975E+004
 -0.101620157043215E+004  0.476153045260627E+002  0.237742692336428E+001  0.362572357742212E+000 -0.137742692336428E+001 -0.583481073706260E+001 -0.101620157043215E+004
 -0.100955274555879E+004  0.813008078643933E+002  0.236649896653483E+001  0.882478842647887E+000 -0.136649896653483E+001 -0.583481073706260E+001 -0.100955274555879E+004
 -0.100299803414703E+004  0.648369009361897E+002  0.277021168897684E+001  0.708532427867459E+000 -0.177021168897684E+001 -0.583481073706260E+001 -0.100299803414703E+004
 -0.998641692872479E+003  0.909530865362241E+002  0.256365094393267E+001  0.110408224993449E+001 -0.156365094393267E+001 -0.583481073706260E+001 -0.998641692872479E+003
 -0.996449653030877E+003  0.822377406239901E+002  0.157720863501355E+001  0.660259372385336E+000 -0.577208635013552E+000 -0.583481073706260E+001 -0.996449653030877E+003
 -0.995694446409872E+003  0.741888068730024E+002  0.214700612230309E+001  0.717446178129668E+000 -0.114700612230309E+001 -0.583481073706260E+001 -0.995694446409872E+003
 -0.995467971291264E+003  0.874111618522907E+002  0.207751106395185E+001  0.898345640182601E+000 -0.107751106395185E+001 -0.583481073706260E+001 -0.995467971291264E+003
 -0.991771053434420E+003  0.958297171103721E+002  0.206171760361881E+001  0.102306363431517E+001 -0.106171760361881E+001 -0.583481073706260E+001 -0.991771053434420E+003
 -0.989731599424011E+003  0.713324368202674E+002  0.263562813819203E+001  0.794818235554895E+000 -0.163562813819203E+001 -0.583481073706260E+001 -0.989731599424011E+003
 -0.986284556615289E+003  0.769126400141186E+002  0.232359656838257E+001  0.810526200106451E+000 -0.132359656838257E+001 -0.583481073706260E+001 -0.986284556615289E+003
 -0.985313205394114E+003  0.915871851644172E+002  0.181842082170081E+001  0.877028980447850E+000 -0.818420821700808E+000 -0.583481073706260E+001 -0.985313205394114E+003
 -0.983181679691612E+003  0.723706717986958E+002  0.188283188189335E+001  0.623523645310790E+000 -0.882831881893353E+000 -0.583481073706260E+001 -0.983181679691612E+003
 -0.982406294563226E+003  0.691877334701555E+002  0.166371482727601E+001  0.519400112560405E+000 -0.663714827276011E+000 -0.583481073706260E+001 -0.982406294563226E+003
 -0.980340433190543E+003  0.755980784580670E+002  0.117170772704225E+001  0.443086422943072E+000 -0.171707727042246E+000 -0.583481073706260E+001 -0.980340433190543E+003
 -0.979445366264101E+003  0.849310653178362E+002  0.275313879547530E+001  0.106496831007521E+001 -0.175313879547530E+001 -0.583481073706260E+001 -0.979445366264101E+003
 -0.976769521042236E+003  0.925658914201227E+002  0.268347069019960E+001  0.118100487499079E+001 -0.168347069019960E+001 -0.583481073706260E+001 -0.976769521042236E+003
 -0.975815013301112E+003  0.957183367929568E+002  0.112689005570608E+001  0.653123873599023E+000 -0.126890055706076E+000 -0.583481073706260E+001 -0.975815013301112E+003
 -0.975640555327696E+003  0.890172919297720E+002  0.199009996041544E+001  0.903216264444192E+000 -0.990099960415442E+000 -0.583481073706260E+001 -0.975640555327696E+003
 -0.975136116228196E+003  0.652699346711872E+002  0.233007106646714E+001  0.631088023901265E+000 -0.133007106646714E+001 -0.583481073706260E+001 -0.975136116228196E+003
 -0.969428073195005E+003  0.806661635699934E+002  0.735614913414990E+000  0.319777486184833E+000  0.264385086585010E+000 -0.583481073706260E+001 -0.969428073195005E+003
 -0.957120602064709E+003  0.468536054908687E+002  0.104521374098784E+001  0.148319662759194E+000 -0.452137409878373E-001 -0.583481073706260E+001 -0.957120602064709E+003
 -0.957073886299616E+003  0.913103787125476E+002  0.285792412391089E+001  0.122302340187229E+001 -0.185792412391089E+001 -0.583481073706260E+001 -0.957073886299616E+003
 -0.949085567797365E+003  0.800917542469913E+002  0.156055743996183E+001  0.642162620930704E+000 -0.560557439961827E+000 -0.583481073706260E+001 -0.949085567797365E+003
 -0.940051522060184E+003  0.780643643236714E+002  0.288953425563883E+001  0.998384267657055E+000 -0.188953425563883E+001 -0.583481073706260E+001 -0.940051522060184E+003
 -0.936272749962802E+003  0.784210037934132E+002  0.274260579646067E+001  0.969494549948879E+000 -0.174260579646067E+001 -0.583481073706260E+001 -0.936272749962802E+003
 -0.934951523086778E+003  0.810938087278324E+002  0.855015868626630E+000  0.384103573433274E+000  0.144984131373370E+000 -0.583481073706260E+001 -0.934951523086778E+003
 -0.925613458562079E+003  0.414888860701083E+002  0.251422245298559E+001  0.310133700233530E+000 -0.151422245298559E+001 -0.583481073706260E+001 -0.925613458562079E+003
 -0.921246713149635E+003  0.726825364761228E+002  0.293426611908842E+001  0.919322731976157E+000 -0.193426611908842E+001 -0.583481073706260E+001 -0.921246713149635E+003
 -0.916880159640581E+003  0.663070432912487E+002  0.222512978918558E+001  0.642721609522954E+000 -0.122512978918558E+001 -0.583481073706260E+001 -0.916880159640581E+003
 -0.906882470900575E+003  0.804054311212683E+002  0.797787054204237E+000  0.357002762447863E+000  0.202212945795763E+000 -0.583481073706260E+001 -0.906882470900575E+003
 -0.902488318704076E+003  0.890838867113499E+002  0.254902907145787E+001  0.112478310520302E+001 -0.154902907145787E+001 -0.583481073706260E+001 -0.902488318704076E+003
 -0.899928755280819E+003  0.566661799097573E+002  0.137062243003014E+001  0.304667828160677E+000 -0.370622430030138E+000 -0.583481073706260E+001 -0.899928755280819E+003
 -0.894750877032946E+003  0.934914876934772E+002  0.271864551408348E+001  0.126358840723078E+001 -0.171864551408348E+001 -0.583481073706260E+001 -0.894750877032946E+003
 -0.890046845533945E+003  0.944051217094679E+002  0.279399881514207E+001  0.130818775519524E+001 -0.179399881514207E+001 -0.583481073706260E+001 -0.890046845533945E+003
 -0.887781891062569E+003  0.949021669353076E+002  0.153619063362761E+001  0.859960200675288E+000 -0.536190633627615E+000 -0.583481073706260E+001 -0.887781891062569E+003
 -0.887361780222170E+003  0.911523430439231E+002  0.200506490839303E+001  0.986940924997759E+000 -0.100506490839303E+001 -0.583481073706260E+001 -0.887361780222170E+003
 -0.887077681470946E+003  0.853024833327529E+002  0.188876878976705E+001  0.854706429624712E+000 -0.888768789767047E+000 -0.583481073706260E+001 -0.887077681470946E+003
 -0.886417226988503E+003  0.904406543211777E+002  0.124100555518617E+001  0.674001321645397E+000 -0.241005555186169E+000 -0.583481073706260E+001 -0.886417226988503E+003
 -0.870916407949355E+003  0.619613268968029E+002  0.228550363068724E+001  0.602691162330406E+000 -0.128550363068724E+001 -0.583481073706260E+001 -0.870916407949355E+003
 -0.868001969801230E+003  0.504646073049666E+002  0.995876086101249E+000  0.165898764840564E+000  0.412391389875066E-002 -0.583481073706260E+001 -0.868001969801230E+003
 -0.866720585155490E+003  0.758844303152349E+002  0.283459991848269E+001  0.984718876968021E+000 -0.183459991848269E+001 -0.583481073706260E+001 -0.866720585155490E+003
 -0.863457599468810E+003  0.936798630341267E+002  0.201766059667718E+001  0.104630450505715E+001 -0.101766059667718E+001 -0.583481073706260E+001 -0.863457599468810E+003
 -0.863185642529918E+003  0.675958014320229E+002  0.799674733505302E+000  0.245203336305148E+000  0.200325266494698E+000 -0.583481073706260E+001 -0.863185642529918E+003
 -0.862492146483668E+003  0.872413544360129E+002  0.168773631107553E+001  0.823178497985417E+000 -0.687736311075527E+000 -0.583481073706260E+001 -0.862492146483668E+003
 -0.862091819624704E+003  0.997083428976491E+002  0.229102363352921E+001  0.125118935224391E+001 -0.129102363352921E+001 -0.583481073706260E+001 -0.862091819624704E+003
 -0.859773960439721E+003  0.769359735230003E+002  0.215016420218485E+001  0.818625793759887E+000 -0.115016420218485E+001 -0.583481073706260E+001 -0.859773960439721E+003
 -0.858815638716045E+003  0.436272369535746E+002  0.216618055624774E+001  0.303325460036812E+000 -0.116618055624774E+001 -0.583481073706260E+001 -0.858815638716045E+003
 -0.849428776407923E+003  0.999579402318888E+002  0.254294598549522E+001  0.135865678565299E+001 -0.154294598549522E+001 -0.583481073706260E+001 -0.849428776407923E+003
 -0.847849982311700E+003  0.891891462195018E+002  0.141146488642521E+001  0.747275065173336E+000 -0.411464886425214E+000 -0.583481073706260E+001 -0.847849982311700E+003
 -0.847230174976749E+003  0.997650173484765E+002  0.172405819177386E+001  0.103370784433152E+001 -0.724058191773863E+000 -0.583481073706260E+001 -0.847230174976749E+003
 -0.842381547430725E+003  0.825612390611233E+002  0.251725918805306E+001  0.103560321955000E+001 -0.151725918805306E+001 -0.583481073706260E+001 -0.842381547430725E+003
 -0.841759713791260E+003  0.988940069627430E+002  0.253835861303950E+001  0.134361924105361E+001 -0.153835861303950E+001 -0.583481073706260E+001 -0.841759713791260E+003
 -0.837727374809185E+003  0.457660160437337E+002  0.243527283739674E+001  0.379161185738361E+000 -0.143527283739674E+001 -0.583481073706260E+001 -0.837727374809185E+003
 -0.835311350517068E+003  0.878044963086848E+002  0.977713837902815E+000  0.538224901837924E+000  0.222861620971848E-001 -0.583481073706260E+001 -0.835311350517068E+003
 -0.834612917896373E+003  0.987456478903766E+002  0.292793175199068E+001  0.148291939084395E+001 -0.192793175199068E+001 -0.583481073706260E+001 -0.834612917896373E+003
 -0.834484132705954E+003  0.509185448439387E+002  0.958499323017816E+000  0.164216340801824E+000  0.415006769821836E-001 -0.583481073706260E+001 -0.834484132705954E+003
 -0.833736975624468E+003  0.899013844454340E+002  0.209566883862539E+001  0.103114478164535E+001 -0.109566883862539E+001 -0.583481073706260E+001 -0.833736975624468E+003
 -0.831776793073454E+003  0.920605105641820E+002  0.208290926744930E+001  0.106401056289137E+001 -0.108290926744930E+001 -0.583481073706260E+001 -0.831776793073454E+003
 -0.831448197308604E+003  0.986508551829230E+002  0.191047574551138E+001  0.110538623769863E+001 -0.910475745511378E+000 -0.583481073706260E+001 -0.831448197308604E+003
 -0.830008515213998E+003  0.712883910509696E+002  0.236267050154321E+001  0.796907297847433E+000 -0.136267050154321E+001 -0.583481073706260E+001 -0.830008515213998E+003
 -0.829882765378791E+003  0.506725000859338E+002  0.154046617291739E+001  0.286483468286642E+000 -0.540466172917395E+000 -0.583481073706260E+001 -0.829882765378791E+003
 -0.829582068757478E+003  0.984768881014441E+002  0.237312266751906E+001  0.128524685848215E+001 -0.137312266751906E+001 -0.583481073706260E+001 -0.829582068757478E+003
 -0.826339173835544E+003  0.974372990308863E+002  0.237719538551802E+001  0.127054350575055E+001 -0.137719538551802E+001 -0.583481073706260E+001 -0.826339173835544E+003
 -0.826124160346008E+003  0.955920452512672E+002  0.100963233257414E+001  0.647829688655764E+000 -0.963233257413831E-002 -0.583481073706260E+001 -0.826124160346008E+003
 -0.823752371222068E+003  0.705773781920872E+002  0.150258794460950E+001  0.535844973726066E+000 -0.502587944609501E+000 -0.583481073706260E+001 -0.823752371222068E+003
 -0.821263106182215E+003  0.851375835482179E+002  0.170641656300517E+001  0.819161289078658E+000 -0.706416563005166E+000 -0.583481073706260E+001 -0.821263106182215E+003
 -0.816318780784924E+003  0.662947994598216E+002  0.264760019705680E+001  0.785058997033606E+000 -0.164760019705680E+001 -0.583481073706260E+001 -0.816318780784924E+003
 -0.810332377685816E+003  0.595520672533092E+002  0.283790698775886E+001  0.702619328785104E+000 -0.183790698775886E+001 -0.583481073706260E+001 -0.810332377685816E+003
 -0.808126859613922E+003  0.815488925248577E+002  0.257100662307847E+001  0.105515922038762E+001 -0.157100662307847E+001 -0.583481073706260E+001 -0.808126859613922E+003
 -0.805834286273285E+003  0.576315908288656E+002  0.271603854052063E+001  0.643560230954932E+000 -0.171603854052063E+001 -0.583481073706260E+001 -0.805834286273285E+003
 -0.804603153064433E+003  0.800481359806297E+002  0.177905929721281E+001  0.775700144144410E+000 -0.779059297212812E+000 -0.583481073706260E+001 -0.804603153064433E+003
 -0.795640274966559E+003  0.944053341559049E+002  0.120894142028706E+001  0.748257227308763E+000 -0.208941420287055E+000 -0.583481073706260E+001 -0.795640274966559E+003
 -0.792366245890962E+003  0.763045705325869E+002  0.290632589095128E+001  0.105847670315502E+001 -0.190632589095128E+001 -0.583481073706260E+001 -0.792366245890962E+003
 -0.791836077161593E+003  0.971783587561757E+002  0.189456368501647E+001  0.110235068235676E+001 -0.894563685016472E+000 -0.583481073706260E+001 -0.791836077161593E+003
 -0.788246532604550E+003  0.981321917390369E+002  0.922346704584315E+000  0.644419147358632E+000  0.776532954156847E-001 -0.583481073706260E+001 -0.788246532604550E+003
 -0.786429935624845E+003  0.688842431303817E+002  0.261583840607680E+001  0.841264719578932E+000 -0.161583840607680E+001 -0.583481073706260E+001 -0.786429935624845E+003
 -0.784851825382304E+003  0.835840701468857E+002  0.270926947247905E+001  0.115274552056630E+001 -0.170926947247905E+001 -0.583481073706260E+001 -0.784851825382304E+003
 -0.784002495609099E+003  0.973852787260581E+002  0.267234114991635E+001  0.141366347236268E+001 -0.167234114991635E+001 -0.583481073706260E+001 -0.784002495609099E+003
 -0.783160420894147E+003  0.980883808165076E+002  0.177538065585341E+001  0.107222770315086E+001 -0.775380655853415E+000 -0.583481073706260E+001 -0.783160420894147E+003
 -0.782813279473318E+003  0.964318991167110E+002  0.281995870387367E+001  0.144788803480709E+001 -0.181995870387367E+001 -0.583481073706260E+001 -0.782813279473318E+003
 -0.781428794467930E+003  0.846655696139483E+002  0.870991863256325E-001  0.170612768402790E+000  0.912900813674367E+000 -0.583481073706260E+001 -0.781428794467930E+003
 -0.778600954428892E+003  0.858875347858203E+002  0.167467225943932E+001  0.840846933704374E+000 -0.674672259439318E+000 -0.583481073706260E+001 -0.778600954428892E+003
 -0.778224338064685E+003  0.856874399243241E+002  0.217997851527962E+001  0.102449836595954E+001 -0.117997851527962E+001 -0.583481073706260E+001 -0.778224338064685E+003
 -0.778002144013043E+003  0.791218018250734E+002  0.159107027860755E+001  0.706585535716351E+000 -0.591070278607553E+000 -0.583481073706260E+001 -0.778002144013043E+003
 -0.777993402056090E+003  0.726683372435949E+002  0.203118712439704E+001  0.751660400288300E+000 -0.103118712439704E+001 -0.583481073706260E+001 -0.777993402056090E+003
 -0.775888014160987E+003  0.817167060789262E+002  0.193821141857481E+001  0.873385386976000E+000 -0.938211418574805E+000 -0.583481073706260E+001 -0.775888014160987E+003
 -0.775490142417180E+003  0.838930140578110E+002  0.237801388629675E+001  0.106075438668919E+001 -0.137801388629675E+001 -0.583481073706260E+001 -0.775490142417180E+003
 -0.774181214856926E+003  0.972394797673143E+002  0.229723755862043E+001  0.127951302286196E+001 -0.129723755862043E+001 -0.583481073706260E+001 -0.774181214856926E+003
 -0.774091881096504E+003  0.757501683592868E+002  0.276279525876419E+001  0.102089383610607E+001 -0.176279525876419E+001 -0.583481073706260E+001 -0.774091881096504E+003
 -0.770749277582541E+003  0.937012559547859E+002  0.205406832969920E+001  0.112373772877268E+001 -0.105406832969920E+001 -0.583481073706260E+001 -0.770749277582541E+003
 -0.767166625839031E+003  0.836870613073790E+002  0.224175134380678E+001  0.101738191297130E+001 -0.124175134380678E+001 -0.583481073706260E+001 -0.767166625839031E+003
 -0.764978509610808E+003  0.960292787340886E+002  0.206350321025524E+001  0.117259393332355E+001 -0.106350321025524E+001 -0.583481073706260E+001 -0.764978509610808E+003
 -0.762562664722595E+003  0.993920487345460E+002  0.262491885677427E+001  0.145668666538757E+001 -0.162491885677427E+001 -0.583481073706260E+001 -0.762562664722595E+003
 -0.761197894505600E+003  0.921391130540755E+002  0.615018633070697E+000  0.404021787120548E+000  0.384981366929303E+000 -0.583481073706260E+001 -0.761197894505600E+003
 -0.758467523830248E+003  0.757949747695481E+002  0.545889420708521E+000  0.217103696488119E+000  0.454110579291479E+000 -0.583481073706260E+001 -0.758467523830248E+003
 -0.755730259585542E+003  0.788773481973595E+002  0.295347083936491E+001  0.115112274372081E+001 -0.195347083936491E+001 -0.583481073706260E+001 -0.755730259585542E+003
 -0.752837771848922E+003  0.756461037536382E+002  0.262299772373987E+001  0.994023148856229E+000 -0.162299772373987E+001 -0.583481073706260E+001 -0.752837771848922E+003
 -0.751066789840294E+003  0.891545085660534E+002  0.579837584219629E+000  0.356065343438377E+000  0.420162415780371E+000 -0.583481073706260E+001 -0.751066789840294E+003
 -0.748305204320708E+003  0.930248394018262E+002  0.235920059674325E+001  0.124651717003714E+001 -0.135920059674325E+001 -0.583481073706260E+001 -0.748305204320708E+003
 -0.746405568441664E+003  0.974501959013046E+002  0.168068411842224E+001  0.104564816105619E+001 -0.680684118422243E+000 -0.583481073706260E+001 -0.746405568441664E+003
 -0.745752736365822E+003  0.988382095316015E+002  0.284792126924064E+001  0.154534106990654E+001 -0.184792126924064E+001 -0.583481073706260E+001 -0.745752736365822E+003
 -0.745412729946586E+003  0.996460894215083E+002  0.267557868105171E+001  0.149840750103426E+001 -0.167557868105171E+001 -0.583481073706260E+001 -0.745412729946586E+003
 -0.744928822710971E+003  0.911441857099524E+002  0.124458864379927E+001  0.746981682736527E+000 -0.244588643799270E+000 -0.583481073706260E+001 -0.744928822710971E+003
 -0.743660688249524E+003  0.888827812092952E+002  0.166939820351183E+001  0.905952924970201E+000 -0.669398203511826E+000 -0.583481073706260E+001 -0.743660688249524E+003
 -0.742050064194061E+003  0.688042147573744E+002  0.161044708112505E+000  0.145161704755434E+000  0.838955291887495E+000 -0.583481073706260E+001 -0.742050064194061E+003
 -0.736882485848531E+003  0.760838673030244E+002  0.248679998483671E+001  0.973610761508824E+000 -0.148679998483671E+001 -0.583481073706260E+001 -0.736882485848531E+003
 -0.735922782954902E+003  0.877877767310051E+002  0.862102452195201E+000  0.511301487545404E+000  0.137897547804799E+000 -0.583481073706260E+001 -0.735922782954902E+003
 -0.735518993943219E+003  0.978657952376029E+002  0.552866888748397E+000  0.424340726231100E+000  0.447133111251603E+000 -0.583481073706260E+001 -0.735518993943219E+003
 -0.735260389689301E+003  0.948800044886736E+002  0.204571754973266E+001  0.116891191108178E+001 -0.104571754973266E+001 -0.583481073706260E+001 -0.735260389689301E+003
 -0.730092723059123E+003  0.441659050791434E+002  0.136223987737476E+001  0.203099844730597E+000 -0.362239877374759E+000 -0.583481073706260E+001 -0.730092723059123E+003
 -0.729983316897154E+003  0.990568486605878E+002  0.831161681092711E+000  0.624455753295781E+000  0.168838318907289E+000 -0.583481073706260E+001 -0.729983316897154E+003
 -0.721756073446465E+003  0.525674322993997E+002  0.225975364349205E+001  0.490523076411927E+000 -0.125975364349205E+001 -0.583481073706260E+001 -0.721756073446465E+003
 -0.718353112683535E+003  0.911211518120130E+002  0.297036287318719E+001  0.145220235235362E+001 -0.197036287318719E+001 -0.583481073706260E+001 -0.718353112683535E+003
 -0.713982811007090E+003  0.892626700993857E+002  0.264726520491438E+001  0.130691472762332E+001 -0.164726520491438E+001 -0.583481073706260E+001 -0.713982811007090E+003
 -0.710754360458904E+003  0.850865656787244E+002  0.136800076466348E+001  0.736651610062503E+000 -0.368000764663478E+000 -0.583481073706260E+001 -0.710754360458904E+003
 -0.710560595140131E+003  0.782751830202594E+002  0.142050115387023E+001  0.659381256875127E+000 -0.420501153870233E+000 -0.583481073706260E+001 -0.710560595140131E+003
 -0.708978059238684E+003  0.980083588275430E+002  0.258516987867609E+001  0.146898721900367E+001 -0.158516987867609E+001 -0.583481073706260E+001 -0.708978059238684E+003
 -0.708781482881682E+003  0.729150347740288E+002  0.299233319089327E+001  0.107142377962637E+001 -0.199233319089327E+001 -0.583481073706260E+001 -0.708781482881682E+003
 -0.706825919785085E+003  0.726346568197601E+002  0.802309838675592E+000  0.322452591909650E+000  0.197690161324408E+000 -0.583481073706260E+001 -0.706825919785085E+003
 -0.702861382384163E+003  0.883567454407174E+002  0.288633943365370E+001  0.138004836010240E+001 -0.188633943365370E+001 -0.583481073706260E+001 -0.702861382384163E+003
 -0.701326728092479E+003  0.737244770629757E+002  0.214587984356997E+001  0.847588392209420E+000 -0.114587984356997E+001 -0.583481073706260E+001 -0.701326728092479E+003
 -0.700478080294966E+003  0.987352206649748E+002  0.205452023789312E+001  0.127297239887422E+001 -0.105452023789312E+001 -0.583481073706260E+001 -0.700478080294966E+003
 -0.700081878854872E+003  0.835194778511462E+002  0.232852308631366E+001  0.109351320657951E+001 -0.132852308631366E+001 -0.583481073706260E+001 -0.700081878854872E+003
 -0.699151952323778E+003  0.718561230213383E+002  0.261714264923353E+001  0.953556164878255E+000 -0.161714264923353E+001 -0.583481073706260E+001 -0.699151952323778E+003
 -0.696685692915639E+003  0.651788713098265E+002  0.221614360939361E+001  0.714710723928451E+000 -0.121614360939361E+001 -0.583481073706260E+001 -0.696685692915639E+003
 -0.696526780531506E+003  0.676605293619487E+002  0.225713306772425E+001  0.771978653246650E+000 -0.125713306772425E+001 -0.583481073706260E+001 -0.696526780531506E+003
 -0.694597204913743E+003  0.531789197758990E+002  0.181250487514975E+001  0.410357763355339E+000 -0.812504875149751E+000 -0.583481073706260E+001 -0.694597204913743E+003
 -0.692560383311708E+003  0.915486599262216E+002  0.254322110922464E+001  0.133751984645224E+001 -0.154322110922464E+001 -0.583481073706260E+001 -0.692560383311708E+003
 -0.692478703326235E+003  0.926044523514228E+002  0.193898962939083E+001  0.111910827529779E+001 -0.938989629390831E+000 -0.583481073706260E+001 -0.692478703326235E+003
 -0.691832800254153E+003  0.441437785346543E+002  0.821563414415468E-001  0.318458105189472E+000  0.917843658558453E+000 -0.583481073706260E+001 -0.691832800254153E+003
 -0.688672298475166E+003  0.642095816292732E+002  0.265559650257445E+001  0.815346803400039E+000 -0.165559650257445E+001 -0.583481073706260E+001 -0.688672298475166E+003
 -0.688289811099652E+003  0.881137107581435E+002  0.219671236450951E+001  0.114344216167884E+001 -0.119671236450951E+001 -0.583481073706260E+001 -0.688289811099652E+003
 -0.687120934300751E+003  0.863814106744573E+002  0.270061315600747E+001  0.129091938917250E+001 -0.170061315600747E+001 -0.583481073706260E+001 -0.687120934300751E+003
 -0.685307028722626E+003  0.811740339351012E+002  0.240748074690245E+001  0.108650167110390E+001 -0.140748074690245E+001 -0.583481073706260E+001 -0.685307028722626E+003
 -0.681914368899555E+003  0.912387383199385E+002  0.261119711342045E+001  0.136701457839556E+001 -0.161119711342045E+001 -0.583481073706260E+001 -0.681914368899555E+003
 -0.681361600653019E+003  0.891680185481920E+002  0.100223163424360E+001  0.626478531567982E+000 -0.223163424360351E-002 -0.583481073706260E+001 -0.681361600653019E+003
 -0.678653326181295E+003  0.469923671950346E+002  0.290970077933856E+001  0.524304772586314E+000 -0.190970077933856E+001 -0.583481073706260E+001 -0.678653326181295E+003
 -0.675425764104110E+003  0.564363812827378E+002  0.194873349648740E+001  0.501147648018272E+000 -0.948733496487399E+000 -0.583481073706260E+001 -0.675425764104110E+003
 -0.674690561440374E+003  0.839862636957035E+002  0.200312710390760E+001  0.100350733747150E+001 -0.100312710390760E+001 -0.583481073706260E+001 -0.674690561440374E+003
 -0.673883245426043E+003  0.419261314443004E+002  0.630248442855850E+000  0.168805078668247E+000  0.369751557144150E+000 -0.583481073706260E+001 -0.673883245426043E+003
 -0.673144300582724E+003  0.722095582483024E+002  0.811472796136385E+000  0.329961777280897E+000  0.188527203863615E+000 -0.583481073706260E+001 -0.673144300582724E+003
 -0.672912323272595E+003  0.901069554492331E+002  0.207353771615822E+001  0.114596155098491E+001 -0.107353771615822E+001 -0.583481073706260E+001 -0.672912323272595E+003
 -0.669090508568874E+003  0.403780425347667E+002  0.229893656466631E+001  0.314714585206348E+000 -0.129893656466631E+001 -0.583481073706260E+001 -0.669090508568874E+003
 -0.667752761795036E+003  0.634356831129606E+002  0.286110754668566E+000  0.113072101809892E+000  0.713889245331434E+000 -0.583481073706260E+001 -0.667752761795036E+003
 -0.662678765316355E+003  0.918402747276878E+002  0.262928843971573E+001  0.140715194543039E+001 -0.162928843971573E+001 -0.583481073706260E+001 -0.662678765316355E+003
 -0.661135691743104E+003  0.982831482330841E+002  0.130100330913398E+001  0.929424636197271E+000 -0.301003309133980E+000 -0.583481073706260E+001 -0.661135691743104E+003
 -0.658991871671479E+003  0.938550412000171E+002  0.291854086534996E+001  0.156285459998532E+001 -0.191854086534996E+001 -0.583481073706260E+001 -0.658991871671479E+003
 -0.658975929258583E+003  0.757951856098314E+002  0.928011990855525E+000  0.430259140041792E+000  0.719880091444748E-001 -0.583481073706260E+001 -0.658975929258583E+003
 -0.655206115371049E+003  0.884759977996098E+002  0.126166086800958E+001  0.766694105008034E+000 -0.261660868009581E+000 -0.583481073706260E+001 -0.655206115371049E+003
 -0.653447454033354E+003  0.804975593902251E+002  0.185410798589997E+001  0.899011110589137E+000 -0.854107985899970E+000 -0.583481073706260E+001 -0.653447454033354E+003
 -0.652279769746952E+003  0.584774627661740E+002  0.270344166217181E+001  0.730384146793837E+000 -0.170344166217181E+001 -0.583481073706260E+001 -0.652279769746952E+003
 -0.651566661862058E+003  0.980383766399672E+002  0.233727806525757E+001  0.143265292019726E+001 -0.133727806525757E+001 -0.583481073706260E+001 -0.651566661862058E+003
 -0.651220791507701E+003  0.797120565479232E+002  0.155485867502033E+001  0.767705777207976E+000 -0.554858675020325E+000 -0.583481073706260E+001 -0.651220791507701E+003
 -0.645958297158683E+003  0.549183357455298E+002  0.272396716041153E+001  0.664682443802008E+000 -0.172396716041153E+001 -0.583481073706260E+001 -0.645958297158683E+003
 -0.645424178370946E+003  0.869531432266297E+002  0.252256068341980E+001  0.128211380397674E+001 -0.152256068341980E+001 -0.583481073706260E+001 -0.645424178370946E+003
 -0.642479650954833E+003  0.828432096061697E+002  0.276914740812951E+001  0.128217160672691E+001 -0.176914740812951E+001 -0.583481073706260E+001 -0.642479650954833E+003
 -0.641274255412559E+003  0.668638505221161E+002  0.294173593055256E+001  0.977310235086905E+000 -0.194173593055256E+001 -0.583481073706260E+001 -0.641274255412559E+003
 -0.637303387231039E+003  0.590430319109543E+002  0.282995924144406E+001  0.780354306854929E+000 -0.182995924144406E+001 -0.583481073706260E+001 -0.637303387231039E+003
 -0.636807286297777E+003  0.820124574314401E+002  0.219571798438181E+001  0.106920789615626E+001 -0.119571798438181E+001 -0.583481073706260E+001 -0.636807286297777E+003
 -0.635351486941644E+003  0.869004350405242E+002  0.166745656721827E+001  0.946787925032935E+000 -0.667456567218270E+000 -0.583481073706260E+001 -0.635351486941644E+003
 -0.634131014016646E+003  0.702922037752766E+002  0.240727517833326E+001  0.907060647958301E+000 -0.140727517833326E+001 -0.583481073706260E+001 -0.634131014016646E+003
 -0.633458652717776E+003  0.640400247940687E+002  0.207849181766406E+001  0.688557329092080E+000 -0.107849181766406E+001 -0.583481073706260E+001 -0.633458652717776E+003
 -0.631189598752839E+003  0.704408281741711E+002  0.184504777526823E+001  0.731904213104604E+000 -0.845047775268226E+000 -0.583481073706260E+001 -0.631189598752839E+003
 -0.629175325915584E+003  0.678507180121453E+002  0.165398679757358E+001  0.623283022157031E+000 -0.653986797573584E+000 -0.583481073706260E+001 -0.629175325915584E+003
 -0.627305814102211E+003  0.940278115935636E+002  0.116970728632781E+001  0.816301169340683E+000 -0.169707286327814E+000 -0.583481073706260E+001 -0.627305814102211E+003
 -0.620556676098076E+003  0.773644008318358E+002  0.125131205797149E+001  0.617247782277464E+000 -0.251312057971489E+000 -0.583481073706260E+001 -0.620556676098076E+003
 -0.620362943622866E+003  0.680564841067468E+002  0.259639617198624E+001  0.926005531041419E+000 -0.159639617198624E+001 -0.583481073706260E+001 -0.620362943622866E+003
 -0.618598755602962E+003  0.446988064927053E+002  0.263558588743825E+001  0.455512000472373E+000 -0.163558588743825E+001 -0.583481073706260E+001 -0.618598755602962E+003
 -0.617510021410502E+003  0.456075224333249E+002  0.153929430434099E+001  0.266988091951881E+000 -0.539294304340990E+000 -0.583481073706260E+001 -0.617510021410502E+003
 -0.614929853184349E+003  0.448708642238739E+002  0.908749804240781E+000  0.158707013642704E+000  0.912501957592190E-001 -0.583481073706260E+001 -0.614929853184349E+003
 -0.614088267548501E+003  0.523915803798815E+002  0.286200355817761E+001  0.657011747685951E+000 -0.186200355817761E+001 -0.583481073706260E+001 -0.614088267548501E+003
 -0.613705431562679E+003  0.596690521806888E+002  0.145692676292373E+001  0.436348918507641E+000 -0.456926762923729E+000 -0.583481073706260E+001 -0.613705431562679E+003
 -0.612226996843405E+003  0.861300208814450E+002  0.730577061833018E+000  0.459597281707761E+000  0.269422938166982E+000 -0.583481073706260E+001 -0.612226996843405E+003
 -0.611801571712767E+003  0.853317142598402E+002  0.262339600224521E+001  0.131990899272202E+001 -0.162339600224521E+001 -0.583481073706260E+001 -0.611801571712767E+003
 -0.610883685672833E+003  0.753817862879006E+002  0.220114088866263E+001  0.961172276427388E+000 -0.120114088866263E+001 -0.583481073706260E+001 -0.610883685672833E+003
 -0.609423224229253E+003  0.512458281848048E+002  0.298895080853674E+001  0.659874500948665E+000 -0.198895080853674E+001 -0.583481073706260E+001 -0.609423224229253E+003
 -0.607872946139584E+003  0.800430023168053E+002  0.210050294469628E+001  0.101989511413789E+001 -0.110050294469628E+001 -0.583481073706260E+001 -0.607872946139584E+003
 -0.606524660270548E+003  0.934782187513467E+002  0.136543292719125E+001  0.930858494824250E+000 -0.365432927191248E+000 -0.583481073706260E+001 -0.606524660270548E+003
 -0.603587381399735E+003  0.587896796891470E+002  0.194102850280241E+001  0.569349054429885E+000 -0.941028502802409E+000 -0.583481073706260E+001 -0.603587381399735E+003
 -0.598938313170681E+003  0.763653683231996E+002  0.286995426795075E+001  0.121289035957173E+001 -0.186995426795075E+001 -0.583481073706260E+001 -0.598938313170681E+003
 -0.598049279850687E+003  0.937917541305252E+002  0.251336291808457E+001  0.148171167490643E+001 -0.151336291808457E+001 -0.583481073706260E+001 -0.598049279850687E+003
 -0.595646605147580E+003  0.511878833961444E+002  0.404026783405442E+000  0.152846376440862E+000  0.595973216594558E+000 -0.583481073706260E+001 -0.595646605147580E+003
 -0.594405314795324E+003  0.846296831403826E+002  0.194402284883330E+001  0.105908264383003E+001 -0.944022848833302E+000 -0.583481073706260E+001 -0.594405314795324E+003
 -0.592625604505109E+003  0.585697830147107E+002  0.229469603049356E+001  0.666049036414673E+000 -0.129469603049356E+001 -0.583481073706260E+001 -0.592625604505109E+003
 -0.591192036859360E+003  0.972430523857955E+002  0.239535163892074E+001  0.151629771374961E+001 -0.139535163892074E+001 -0.583481073706260E+001 -0.591192036859360E+003
 -0.591029910728865E+003  0.980390920847456E+002  0.214359485611639E+001  0.141890781252563E+001 -0.114359485611639E+001 -0.583481073706260E+001 -0.591029910728865E+003
 -0.590034692440846E+003  0.577013656143720E+002  0.248988010550942E+001  0.699485156274866E+000 -0.148988010550942E+001 -0.583481073706260E+001 -0.590034692440846E+003
 -0.589142384971954E+003  0.976549831664704E+002  0.151050677806054E+001  0.109418264246703E+001 -0.510506778060542E+000 -0.583481073706260E+001 -0.589142384971954E+003
 -0.589058882792752E+003  0.802651287620558E+002  0.236642882199473E+001  0.114040343500220E+001 -0.136642882199473E+001 -0.583481073706260E+001 -0.589058882792752E+003
 -0.588771064831122E+003  0.957928696864895E+002  0.145324219911817E+001  0.103147523874809E+001 -0.453242199118172E+000 -0.583481073706260E+001 -0.588771064831122E+003
 -0.588278351078205E+003  0.849761615846406E+002  0.190397208000064E+001  0.105445272438504E+001 -0.903972080000639E+000 -0.583481073706260E+001 -0.588278351078205E+003
 -0.582776786315520E+003  0.721959887835062E+002  0.283703534154653E+001  0.112195293755358E+001 -0.183703534154653E+001 -0.583481073706260E+001 -0.582776786315520E+003
 -0.577401688446862E+003  0.779277851199145E+002  0.233782600204866E+001  0.109168203583076E+001 -0.133782600204866E+001 -0.583481073706260E+001 -0.577401688446862E+003
 -0.575428508354640E+003  0.624476009465156E+002  0.164798369284633E+001  0.557500694565076E+000 -0.647983692846329E+000 -0.583481073706260E+001 -0.575428508354640E+003
 -0.575026906434474E+003  0.748925143025861E+002  0.247518730310682E+001  0.107583124866248E+001 -0.147518730310682E+001 -0.583481073706260E+001 -0.575026906434474E+003
 -0.573503875955617E+003  0.622231201249599E+002  0.210456772969849E+001  0.696404526834337E+000 -0.110456772969849E+001 -0.583481073706260E+001 -0.573503875955617E+003
 -0.573001447890857E+003  0.770559193481739E+002  0.224178598126563E+001  0.104280995479885E+001 -0.124178598126563E+001 -0.583481073706260E+001 -0.573001447890857E+003
 -0.572553599229576E+003  0.677500956939816E+002  0.269432948576526E+001  0.986714771840525E+000 -0.169432948576526E+001 -0.583481073706260E+001 -0.572553599229576E+003
 -0.567124955305503E+003  0.704710548510224E+002  0.179064823176296E+001  0.753405461486417E+000 -0.790648231762957E+000 -0.583481073706260E+001 -0.567124955305503E+003
 -0.565997191925434E+003  0.676203206061287E+002  0.245538963995971E+001  0.918431747321272E+000 -0.145538963995971E+001 -0.583481073706260E+001 -0.565997191925434E+003
 -0.565806588354729E+003  0.890687335932004E+002  0.213432681355981E+001  0.125909464551028E+001 -0.113432681355981E+001 -0.583481073706260E+001 -0.565806588354729E+003
 -0.564063039433131E+003  0.747573964835979E+002  0.108540224089984E+001  0.529388985267370E+000 -0.854022408998443E-001 -0.583481073706260E+001 -0.564063039433131E+003
 -0.558707229983930E+003  0.815834563470473E+002  0.987014256910354E+000  0.576623899163139E+000  0.129857430896455E-001 -0.583481073706260E+001 -0.558707229983930E+003
 -0.557497844071936E+003  0.895447594717169E+002  0.118364193636088E+001  0.805367576633920E+000 -0.183641936360881E+000 -0.583481073706260E+001 -0.557497844071936E+003
 -0.555097924356591E+003  0.575098123013077E+002  0.233686733413536E+001  0.677714286034698E+000 -0.133686733413536E+001 -0.583481073706260E+001 -0.555097924356591E+003
 -0.552182524917274E+003  0.806079216169291E+002  0.649265543589940E+000  0.366657756698422E+000  0.350734456410060E+000 -0.583481073706260E+001 -0.552182524917274E+003
 -0.550233020057254E+003  0.402649956003327E+002  0.242638307882012E+001  0.364062201382516E+000 -0.142638307882012E+001 -0.583481073706260E+001 -0.550233020057254E+003
 -0.548378777833961E+003  0.816038022701741E+002  0.234123171530595E+001  0.120363745737941E+001 -0.134123171530595E+001 -0.583481073706260E+001 -0.548378777833961E+003
 -0.545584397410477E+003  0.926807856261615E+002  0.200082488369792E+001  0.129773553844006E+001 -0.100082488369792E+001 -0.583481073706260E+001 -0.545584397410477E+003
 -0.545385995358414E+003  0.694342418429935E+002  0.297698154960506E+001  0.113581080024926E+001 -0.197698154960506E+001 -0.583481073706260E+001 -0.545385995358414E+003
 -0.544956354544916E+003  0.949516331726504E+002  0.714950408183406E+000  0.584400543956402E+000  0.285049591816594E+000 -0.583481073706260E+001 -0.544956354544916E+003
 -0.542663778553248E+003  0.635273133318958E+002  0.989723351745107E+000  0.343478590073576E+000  0.102766482548932E-001 -0.583481073706260E+001 -0.542663778553248E+003
 -0.541364891706704E+003  0.890046483791288E+002  0.271266844580238E+001  0.153075850884651E+001 -0.171266844580238E+001 -0.583481073706260E+001 -0.541364891706704E+003
 -0.539361588341990E+003  0.565114685379931E+002  0.273617072890630E+001  0.767229856450653E+000 -0.173617072890630E+001 -0.583481073706260E+001 -0.539361588341990E+003
 -0.537558285995212E+003  0.939330014587584E+002  0.223359090621619E+001  0.144466044692340E+001 -0.123359090621619E+001 -0.583481073706260E+001 -0.537558285995212E+003
 -0.535512724516751E+003  0.988767238110224E+002  0.736384854679307E+000  0.655481628591093E+000  0.263615145320693E+000 -0.583481073706260E+001 -0.535512724516751E+003
 -0.533792667353090E+003  0.495770690172184E+002  0.243484410443100E+001  0.549593843458924E+000 -0.143484410443100E+001 -0.583481073706260E+001 -0.533792667353090E+003
 -0.531393436837953E+003  0.890186251391313E+002  0.110453604700684E+001  0.770162352131658E+000 -0.104536047006837E+000 -0.583481073706260E+001 -0.531393436837953E+003
 -0.530392661934664E+003  0.837838655989563E+002  0.299960548738652E+001  0.152574492905453E+001 -0.199960548738652E+001 -0.583481073706260E+001 -0.530392661934664E+003
 -0.529802342530544E+003  0.749362511501278E+002  0.198962890244344E+001  0.944517871499350E+000 -0.989628902443440E+000 -0.583481073706260E+001 -0.529802342530544E+003
 -0.527202481630595E+003  0.839947445220660E+002  0.220168922132169E+001  0.122508040186362E+001 -0.120168922132169E+001 -0.583481073706260E+001 -0.527202481630595E+003
 -0.521782564452922E+003  0.776929138645459E+002  0.289646937377674E+001  0.134608343959774E+001 -0.189646937377674E+001 -0.583481073706260E+001 -0.521782564452922E+003
 -0.520828567853726E+003  0.642873787604552E+002  0.716949776517899E+000  0.237930896736844E+000  0.283050223482101E+000 -0.583481073706260E+001 -0.520828567853726E+003
 -0.519116960642907E+003  0.455010776752436E+002  0.201131205583745E+001  0.388589459928087E+000 -0.101131205583745E+001 -0.583481073706260E+001 -0.519116960642907E+003
 -0.518882625942076E+003  0.769986715008433E+002  0.190739396187128E+001  0.963889438836253E+000 -0.907393961871281E+000 -0.583481073706260E+001 -0.518882625942076E+003
 -0.518572929526640E+003  0.774024566251799E+002  0.275741305746671E+001  0.129492624409819E+001 -0.175741305746671E+001 -0.583481073706260E+001 -0.518572929526640E+003
 -0.518212445989495E+003  0.906397748288604E+002  0.188578237235568E+001  0.123399600809153E+001 -0.885782372355683E+000 -0.583481073706260E+001 -0.518212445989495E+003
 -0.517540523657400E+003  0.848960967036612E+002  0.233150293966693E+001  0.131193908180964E+001 -0.133150293966693E+001 -0.583481073706260E+001 -0.517540523657400E+003
 -0.513983360810919E+003  0.472691739915476E+002  0.291320018285307E+001  0.609203501149998E+000 -0.191320018285307E+001 -0.583481073706260E+001 -0.513983360810919E+003
 -0.509996400844046E+003  0.750844812159060E+002  0.221520400301053E+001  0.105367173526762E+001 -0.121520400301053E+001 -0.583481073706260E+001 -0.509996400844046E+003
 -0.509413846797121E+003  0.653253690589600E+002  0.229235362649028E+001  0.865386765561315E+000 -0.129235362649028E+001 -0.583481073706260E+001 -0.509413846797121E+003
 -0.508793815623731E+003  0.438636371612804E+002  0.235446304338091E+001  0.431545152186527E+000 -0.135446304338091E+001 -0.583481073706260E+001 -0.508793815623731E+003
 -0.508030684111518E+003  0.970744669393023E+002  0.769241805860704E+000  0.674893412577686E+000  0.230758194139296E+000 -0.583481073706260E+001 -0.508030684111518E+003
 -0.506201322307757E+003  0.918816135466228E+002  0.290960354021241E+001  0.174220158764778E+001 -0.190960354021241E+001 -0.583481073706260E+001 -0.506201322307757E+003
 -0.504443572235152E+003  0.655612423322478E+002  0.281139498039368E+001  0.103492882176582E+001 -0.181139498039368E+001 -0.583481073706260E+001 -0.504443572235152E+003
 -0.504224491438110E+003  0.839106471649234E+002  0.202911070504265E+001  0.117660657054265E+001 -0.102911070504265E+001 -0.583481073706260E+001 -0.504224491438110E+003
 -0.503665079955907E+003  0.802818695856523E+002  0.227714778216548E+001  0.120204972043785E+001 -0.127714778216548E+001 -0.583481073706260E+001 -0.503665079955907E+003
 -0.503107067807327E+003  0.536146216868483E+002  0.212808660486213E+001  0.574290601041698E+000 -0.112808660486213E+001 -0.583481073706260E+001 -0.503107067807327E+003
 -0.503042863465792E+003  0.868126325951617E+002  0.149413199606979E+001  0.976511585966767E+000 -0.494131996069791E+000 -0.583481073706260E+001 -0.503042863465792E+003
 -0.502560545412057E+003  0.637099492128666E+002  0.204839204919999E+001  0.757263818840316E+000 -0.104839204919999E+001 -0.583481073706260E+001 -0.502560545412057E+003
 -0.497813749626348E+003  0.541846105868644E+002  0.180024792507142E+001  0.497987420694713E+000 -0.800247925071423E+000 -0.583481073706260E+001 -0.497813749626348E+003
 -0.497781803201266E+003  0.900000600644230E+002  0.101623642752108E+001  0.755451371515201E+000 -0.162364275210836E-001 -0.583481073706260E+001 -0.497781803201266E+003
 -0.496529949992641E+003  0.876339688519626E+002  0.201398070480691E+001  0.126012658377662E+001 -0.101398070480691E+001 -0.583481073706260E+001 -0.496529949992641E+003
 -0.495879546282930E+003  0.904409406654544E+002  0.238848202945273E+001  0.149823199746651E+001 -0.138848202945273E+001 -0.583481073706260E+001 -0.495879546282930E+003
 -0.493030345386113E+003  0.681693713679171E+002  0.279809304959781E+001  0.110904877533647E+001 -0.179809304959781E+001 -0.583481073706260E+001 -0.493030345386113E+003
 -0.492105216303032E+003  0.988212355715828E+002  0.293034123852119E+001  0.196403122920909E+001 -0.193034123852119E+001 -0.583481073706260E+001 -0.492105216303032E+003
 -0.490430499061211E+003  0.925499413423276E+002  0.241720193307795E+001  0.157122737445215E+001 -0.141720193307795E+001 -0.583481073706260E+001 -0.490430499061211E+003
 -0.489974903014795E+003  0.759299483907344E+002  0.159258295302668E+001  0.833568342310136E+000 -0.592582953026679E+000 -0.583481073706260E+001 -0.489974903014795E+003
 -0.489314392149984E+003  0.987322033285129E+002  0.132485397503847E+001  0.110880825939766E+001 -0.324853975038466E+000 -0.583481073706260E+001 -0.489314392149984E+003
 -0.489200939537416E+003  0.804415850888933E+002  0.274242777381391E+001  0.140760695070738E+001 -0.174242777381391E+001 -0.583481073706260E+001 -0.489200939537416E+003
 -0.489168459540316E+003  0.974827969525493E+002  0.231130195871739E+001  0.164102430747939E+001 -0.131130195871739E+001 -0.583481073706260E+001 -0.489168459540316E+003
 -0.488712684227646E+003  0.900962130580258E+002  0.269829209519900E+001  0.163843929237596E+001 -0.169829209519900E+001 -0.583481073706260E+001 -0.488712684227646E+003
 -0.488391925008296E+003  0.834431409179220E+002  0.233280093177644E+000  0.148772849887504E+000  0.766719906822356E+000 -0.583481073706260E+001 -0.488391925008296E+003
 -0.486913721951873E+003  0.569469919754796E+002  0.721647124642504E+000  0.184263033023968E+000  0.278352875357496E+000 -0.583481073706260E+001 -0.486913721951873E+003
 -0.486772443723095E+003  0.821776703101729E+002  0.246904681108331E+001  0.134741744339483E+001 -0.146904681108331E+001 -0.583481073706260E+001 -0.486772443723095E+003
 -0.486006355928246E+003  0.938592548829214E+002  0.221924229346446E+001  0.151527746655846E+001 -0.121924229346446E+001 -0.583481073706260E+001 -0.486006355928246E+003
 -0.484226016574641E+003  0.412418841787807E+002  0.238704452939621E+001  0.398515432058856E+000 -0.138704452939621E+001 -0.583481073706260E+001 -0.484226016574641E+003
 -0.483005147011281E+003  0.875228634225301E+002  0.297988580427255E+001  0.169775611221908E+001 -0.197988580427255E+001 -0.583481073706260E+001 -0.483005147011281E+003
 -0.481044823560077E+003  0.530149164454254E+002  0.189399772526084E+001  0.511411715682838E+000 -0.893997725260836E+000 -0.583481073706260E+001 -0.481044823560077E+003
 -0.480686845680848E+003  0.941875351833285E+002  0.141015600887555E+001  0.108967234579502E+001 -0.410156008875549E+000 -0.583481073706260E+001 -0.480686845680848E+003
 -0.478186186599108E+003  0.765571917884028E+002  0.144158776566747E+001  0.784662016594880E+000 -0.441587765667468E+000 -0.583481073706260E+001 -0.478186186599108E+003
 -0.477899523606310E+003  0.544774173562692E+002  0.166579040845438E+001  0.473394195678125E+000 -0.665790408454376E+000 -0.583481073706260E+001 -0.477899523606310E+003
 -0.476173723737744E+003  0.769652160971893E+002  0.257083022937231E+001  0.127390037382100E+001 -0.157083022937231E+001 -0.583481073706260E+001 -0.476173723737744E+003
 -0.475820666428050E+003  0.621236779091470E+002  0.103080122601333E+001  0.365073426641416E+000 -0.308012260133346E-001 -0.583481073706260E+001 -0.475820666428050E+003
 -0.470789562558989E+003  0.726011882925466E+002  0.135249180428448E+001  0.677271480329248E+000 -0.352491804284484E+000 -0.583481073706260E+001 -0.470789562558989E+003
 -0.469415003404082E+003  0.943030031706070E+002  0.913726130110864E+000  0.772917410334699E+000  0.862738698891360E-001 -0.583481073706260E+001 -0.469415003404082E+003
 -0.468728438178006E+003  0.739039879280366E+002  0.249894956703938E+001  0.118113658392382E+001 -0.149894956703938E+001 -0.583481073706260E+001 -0.468728438178006E+003
 -0.468635604219274E+003  0.698394252453478E+002  0.116388323486142E+001  0.542829528774058E+000 -0.163883234861424E+000 -0.583481073706260E+001 -0.468635604219274E+003
 -0.468429108043824E+003  0.555386156967521E+002  0.196816289913336E+001  0.588963125633732E+000 -0.968162899133358E+000 -0.583481073706260E+001 -0.468429108043824E+003
 -0.468139222481232E+003  0.734441390259858E+002  0.284404745276443E+001  0.129338797002367E+001 -0.184404745276443E+001 -0.583481073706260E+001 -0.468139222481232E+003
 -0.467874845648056E+003  0.511027353204395E+002  0.240497472856330E+001  0.613341226228006E+000 -0.140497472856330E+001 -0.583481073706260E+001 -0.467874845648056E+003
 -0.467469382035692E+003  0.425887928267343E+002  0.686193856106007E+000  0.188218868974444E+000  0.313806143893993E+000 -0.583481073706260E+001 -0.467469382035692E+003
 -0.467100356059105E+003  0.824418202907159E+002  0.279890118960445E+001  0.151770822694245E+001 -0.179890118960445E+001 -0.583481073706260E+001 -0.467100356059105E+003
 -0.465620538575474E+003  0.743172345304852E+002  0.207970863635181E+001  0.103287881535880E+001 -0.107970863635181E+001 -0.583481073706260E+001 -0.465620538575474E+003
 -0.462670058157383E+003  0.831451387554578E+002  0.229673753510777E+001  0.133415547589918E+001 -0.129673753510777E+001 -0.583481073706260E+001 -0.462670058157383E+003
 -0.462439293195318E+003  0.645963011287551E+002  0.159947272083762E+001  0.643890767329599E+000 -0.599472720837620E+000 -0.583481073706260E+001 -0.462439293195318E+003
 -0.460529962928740E+003  0.933971712407405E+002  0.202108452132294E+001  0.144625204373228E+001 -0.102108452132294E+001 -0.583481073706260E+001 -0.460529962928740E+003
 -0.458558003630581E+003  0.821547651708968E+002  0.136388528240891E+001  0.864630628779246E+000 -0.363885282408906E+000 -0.583481073706260E+001 -0.458558003630581E+003
 -0.458448241626007E+003  0.881745601638454E+002  0.179208707689325E+001  0.121335818759195E+001 -0.792087076893250E+000 -0.583481073706260E+001 -0.458448241626007E+003
 -0.458184109136334E+003  0.668464758647293E+002  0.130657852447844E+001  0.565684781307815E+000 -0.306578524478438E+000 -0.583481073706260E+001 -0.458184109136334E+003
 -0.456059598592838E+003  0.922710336339300E+002  0.258445267482804E+001  0.170605857692424E+001 -0.158445267482804E+001 -0.583481073706260E+001 -0.456059598592838E+003
 -0.454347642696603E+003  0.642009000796122E+002  0.136458611107970E+001  0.547781118624010E+000 -0.364586111079700E+000 -0.583481073706260E+001 -0.454347642696603E+003
 -0.453827800216525E+003  0.551899575878996E+002  0.293125357754684E+001  0.854566762643971E+000 -0.193125357754684E+001 -0.583481073706260E+001 -0.453827800216525E+003
 -0.452319743849041E+003  0.889687353560267E+002  0.272492933435456E+001  0.168963919153519E+001 -0.172492933435456E+001 -0.583481073706260E+001 -0.452319743849041E+003
 -0.447184225738844E+003  0.773211850541498E+002  0.106484946608096E+001  0.623765057295459E+000 -0.648494660809629E-001 -0.583481073706260E+001 -0.447184225738844E+003
 -0.447023219484232E+003  0.442588327808522E+002  0.251212189382893E+000  0.293325275266421E+000  0.748787810617107E+000 -0.583481073706260E+001 -0.447023219484232E+003
 -0.445417847929376E+003  0.495808968762044E+002  0.185376034232469E+001  0.454834536032389E+000 -0.853760342324686E+000 -0.583481073706260E+001 -0.445417847929376E+003
 -0.444065944633991E+003  0.944708921279180E+002  0.256363656495587E+001  0.177930535712454E+001 -0.156363656495587E+001 -0.583481073706260E+001 -0.444065944633991E+003
 -0.443521108283881E+003  0.663989415178187E+002  0.120241119130937E+001  0.520134330922003E+000 -0.202411191309374E+000 -0.583481073706260E+001 -0.443521108283881E+003
 -0.442522589101019E+003  0.855304173795076E+002  0.232088420225718E+001  0.143641164764031E+001 -0.132088420225718E+001 -0.583481073706260E+001 -0.442522589101019E+003
 -0.438501863488897E+003  0.798300194969410E+002  0.241433104149349E+001  0.134069450684511E+001 -0.141433104149349E+001 -0.583481073706260E+001 -0.438501863488897E+003
 -0.437685067528016E+003  0.412716518663779E+002  0.813245437538595E+000  0.193863501364821E+000  0.186754562461405E+000 -0.583481073706260E+001 -0.437685067528016E+003
 -0.434715038346669E+003  0.728162121237580E+002  0.292059381328507E+001  0.135502009480127E+001 -0.192059381328507E+001 -0.583481073706260E+001 -0.434715038346669E+003
 -0.433996456353688E+003  0.736778590499604E+002  0.248772886823042E+001  0.121984125048003E+001 -0.148772886823042E+001 -0.583481073706260E+001 -0.433996456353688E+003
 -0.432575480618166E+003  0.959463760240743E+002  0.154915984917242E+000  0.212317996823479E+000  0.845084015082758E+000 -0.583481073706260E+001 -0.432575480618166E+003
 -0.432395335492191E+003  0.996285653031152E+002  0.190019366615353E+001  0.157278626388047E+001 -0.900193666153529E+000 -0.583481073706260E+001 -0.432395335492191E+003
 -0.430255104779936E+003  0.791291904085634E+002  0.216404342110433E+001  0.122766848712726E+001 -0.116404342110433E+001 -0.583481073706260E+001 -0.430255104779936E+003
 -0.430208266584428E+003  0.652477231952963E+002  0.179119886398920E+001  0.757000231893235E+000 -0.791198863989203E+000 -0.583481073706260E+001 -0.430208266584428E+003
 -0.429493006205205E+003  0.406728089043081E+002  0.263696528118693E+001  0.456281265035553E+000 -0.163696528118693E+001 -0.583481073706260E+001 -0.429493006205205E+003
 -0.428603020222364E+003  0.772903582051208E+002  0.225379219676489E+001  0.122426713024456E+001 -0.125379219676489E+001 -0.583481073706260E+001 -0.428603020222364E+003
 -0.428470659140666E+003  0.579244265784695E+002  0.662465397542877E-002  0.410937598466111E+000  0.993375346024571E+000 -0.583481073706260E+001 -0.428470659140666E+003
 -0.427275752260507E+003  0.945576464667697E+002  0.142207488509919E+001  0.117407534749803E+001 -0.422074885099190E+000 -0.583481073706260E+001 -0.427275752260507E+003
 -0.425998580592377E+003  0.766754651350248E+002  0.208960154573893E+001  0.114206919272998E+001 -0.108960154573893E+001 -0.583481073706260E+001 -0.425998580592377E+003
 -0.425739251059199E+003  0.890025757539274E+002  0.722000662608143E+000  0.583417860789666E+000  0.277999337391857E+000 -0.583481073706260E+001 -0.425739251059199E+003
 -0.424644775736091E+003  0.860552533929524E+002  0.259479034533059E+001  0.160887842830108E+001 -0.159479034533059E+001 -0.583481073706260E+001 -0.424644775736091E+003
 -0.423466811401654E+003  0.866365032118522E+002  0.129199548433422E+001  0.943096507186715E+000 -0.291995484334220E+000 -0.583481073706260E+001 -0.423466811401654E+003
 -0.423246201160704E+003  0.773140035747979E+002  0.260055113383280E+001  0.137737122836069E+001 -0.160055113383280E+001 -0.583481073706260E+001 -0.423246201160704E+003
 -0.422520477600301E+003  0.856390164899831E+002  0.834294747100659E+000  0.621825846854979E+000  0.165705252899341E+000 -0.583481073706260E+001 -0.422520477600301E+003
 -0.422497838862057E+003  0.585344804457929E+002  0.232715750411470E+001  0.799755904572753E+000 -0.132715750411470E+001 -0.583481073706260E+001 -0.422497838862057E+003
 -0.422241358348384E+003  0.931263923861715E+002  0.251683718582219E+001  0.176879910014677E+001 -0.151683718582219E+001 -0.583481073706260E+001 -0.422241358348384E+003
 -0.420221272646816E+003  0.799929420120420E+002  0.220236694252942E+001  0.128173340872493E+001 -0.120236694252942E+001 -0.583481073706260E+001 -0.420221272646816E+003
 -0.418925085449625E+003  0.578579678353659E+002  0.227146215452699E+001  0.769706933813518E+000 -0.127146215452699E+001 -0.583481073706260E+001 -0.418925085449625E+003
 -0.418725469694402E+003  0.830784531730091E+002  0.125352743326183E+001  0.858549988310183E+000 -0.253527433261828E+000 -0.583481073706260E+001 -0.418725469694402E+003
 -0.415435190371138E+003  0.407714635073210E+002  0.122160358792296E+001  0.218738244219354E+000 -0.221603587922958E+000 -0.583481073706260E+001 -0.415435190371138E+003
 -0.415222634591985E+003  0.955301454034537E+002  0.253929957090717E+001  0.186248542185729E+001 -0.153929957090717E+001 -0.583481073706260E+001 -0.415222634591985E+003
 -0.413839824795108E+003  0.536547489915171E+002  0.155057661037370E+001  0.455496016546698E+000 -0.550576610373702E+000 -0.583481073706260E+001 -0.413839824795108E+003
 -0.413217752435415E+003  0.920146391138058E+002  0.259021520161153E+001  0.179582727920674E+001 -0.159021520161153E+001 -0.583481073706260E+001 -0.413217752435415E+003
 -0.413035369114309E+003  0.478166316587173E+002  0.235435651609362E+001  0.564251453977945E+000 -0.135435651609362E+001 -0.583481073706260E+001 -0.413035369114309E+003
 -0.412080343071094E+003  0.676363651969182E+002  0.261966516522875E+001  0.114166885314240E+001 -0.161966516522875E+001 -0.583481073706260E+001 -0.412080343071094E+003
 -0.412043749598238E+003  0.945829535915539E+002  0.234746542956825E+001  0.174382725390933E+001 -0.134746542956825E+001 -0.583481073706260E+001 -0.412043749598238E+003
 -0.411492799688199E+003  0.888186814631689E+002  0.167809227184217E+001  0.123448412382181E+001 -0.678092271842171E+000 -0.583481073706260E+001 -0.411492799688199E+003
 -0.411455039849888E+003  0.852136276533464E+002  0.235879985332244E+001  0.150347632014121E+001 -0.135879985332244E+001 -0.583481073706260E+001 -0.411455039849888E+003
 -0.410403524217019E+003  0.550699822844255E+002  0.236374817111388E+001  0.738667062295911E+000 -0.136374817111388E+001 -0.583481073706260E+001 -0.410403524217019E+003
 -0.409777842521108E+003  0.815758035962989E+002  0.294663528210348E+001  0.166522714601894E+001 -0.194663528210348E+001 -0.583481073706260E+001 -0.409777842521108E+003
 -0.408704387212986E+003  0.485893465367777E+002  0.783488371805178E+000  0.178667616384080E+000  0.216511628194822E+000 -0.583481073706260E+001 -0.408704387212986E+003
 -0.406361883462076E+003  0.938043440420615E+002  0.116367793909637E+001  0.101199433180845E+001 -0.163677939096365E+000 -0.583481073706260E+001 -0.406361883462076E+003
 -0.405540034237422E+003  0.925582064990826E+002  0.200211650870263E+001  0.151711673387159E+001 -0.100211650870263E+001 -0.583481073706260E+001 -0.405540034237422E+003
 -0.404056454452643E+003  0.765481621228162E+002  0.271775375259567E+001  0.143841551909985E+001 -0.171775375259567E+001 -0.583481073706260E+001 -0.404056454452643E+003
 -0.403586380979830E+003  0.919513658965561E+002  0.143287166410200E+001  0.116345386744026E+001 -0.432871664102001E+000 -0.583481073706260E+001 -0.403586380979830E+003
 -0.401366161706496E+003  0.509687994818994E+002  0.238532261926087E+001  0.653961883842631E+000 -0.138532261926087E+001 -0.583481073706260E+001 -0.401366161706496E+003
 -0.400952574012777E+003  0.893192404698085E+002  0.203604918827821E+001  0.146516117194300E+001 -0.103604918827821E+001 -0.583481073706260E+001 -0.400952574012777E+003
 -0.399259417856166E+003  0.412162753872688E+002  0.294377897666790E+001  0.542303721931995E+000 -0.194377897666790E+001 -0.583481073706260E+001 -0.399259417856166E+003
 -0.397572868932228E+003  0.415460681433826E+002  0.290693253620016E+001  0.544730119759617E+000 -0.190693253620016E+001 -0.583481073706260E+001 -0.397572868932228E+003
 -0.397209086105878E+003  0.854326322021082E+002  0.224459094792333E+001  0.148202064330320E+001 -0.124459094792333E+001 -0.583481073706260E+001 -0.397209086105878E+003
 -0.394089971686124E+003  0.926094092699167E+002  0.214140029931867E+001  0.162083741669979E+001 -0.114140029931867E+001 -0.583481073706260E+001 -0.394089971686124E+003
 -0.393537488064172E+003  0.459658395976825E+002  0.277188418436979E+001  0.631015152075524E+000 -0.177188418436979E+001 -0.583481073706260E+001 -0.393537488064172E+003
 -0.393098967949338E+003  0.730406177407618E+002  0.232694453056239E+001  0.120241959924275E+001 -0.132694453056239E+001 -0.583481073706260E+001 -0.393098967949338E+003
 -0.390468781857301E+003  0.895770824891473E+002  0.205185234766418E+001  0.150149209413045E+001 -0.105185234766418E+001 -0.583481073706260E+001 -0.390468781857301E+003
 -0.388685975571094E+003  0.728367164044288E+002  0.291856080526626E+001  0.143862782141328E+001 -0.191856080526626E+001 -0.583481073706260E+001 -0.388685975571094E+003
 -0.388070601707233E+003  0.436901668460425E+002  0.290837414011501E+001  0.606080247372196E+000 -0.190837414011501E+001 -0.583481073706260E+001 -0.388070601707233E+003
 -0.387462348239630E+003  0.569306639185408E+002  0.116400246185940E+001  0.382921850308209E+000 -0.164002461859400E+000 -0.583481073706260E+001 -0.387462348239630E+003
 -0.386814886149524E+003  0.964864251154165E+002  0.203612543355083E+001  0.167633230324493E+001 -0.103612543355083E+001 -0.583481073706260E+001 -0.386814886149524E+003
 -0.385790928397112E+003  0.613024383239405E+002  0.182257172249157E+001  0.725324006653118E+000 -0.822571722491567E+000 -0.583481073706260E+001 -0.385790928397112E+003
 -0.384831013044212E+003  0.624886510666976E+002  0.272400815569645E+001  0.107528708904771E+001 -0.172400815569645E+001 -0.583481073706260E+001 -0.384831013044212E+003
 -0.384690998871500E+003  0.462548369238206E+002  0.865521544103899E-001  0.405084155798050E+000  0.913447845589610E+000 -0.583481073706260E+001 -0.384690998871500E+003
 -0.382109272247332E+003  0.832416839366268E+002  0.275243903945570E+001  0.169506889564432E+001 -0.175243903945570E+001 -0.583481073706260E+001 -0.382109272247332E+003
 -0.381796288120713E+003  0.830789997310378E+002  0.160021356488800E+001  0.110917198859528E+001 -0.600213564888000E+000 -0.583481073706260E+001 -0.381796288120713E+003
 -0.381607443443884E+003  0.751280846005677E+002  0.132880319509275E+001  0.790013229370384E+000 -0.328803195092753E+000 -0.583481073706260E+001 -0.381607443443884E+003
 -0.381464777400313E+003  0.822687173697245E+002  0.201253489343631E+001  0.131400737508228E+001 -0.101253489343631E+001 -0.583481073706260E+001 -0.381464777400313E+003
 -0.379893595229639E+003  0.683891091889927E+002  0.182896220745558E+001  0.894244903809245E+000 -0.828962207455578E+000 -0.583481073706260E+001 -0.379893595229639E+003
 -0.379634562219155E+003  0.749261453812948E+002  0.129358827962757E+001  0.768530226765286E+000 -0.293588279627566E+000 -0.583481073706260E+001 -0.379634562219155E+003
 -0.379479164531887E+003  0.636993427881601E+002  0.985698472608414E+000  0.408834093807427E+000  0.143015273915859E-001 -0.583481073706260E+001 -0.379479164531887E+003
 -0.378510844036769E+003  0.470331812828380E+002  0.258894616868138E+001  0.628078738682651E+000 -0.158894616868138E+001 -0.583481073706260E+001 -0.378510844036769E+003
 -0.374758196455832E+003  0.590442124617397E+002  0.259958158600226E+001  0.952882286984343E+000 -0.159958158600226E+001 -0.583481073706260E+001 -0.374758196455832E+003
 -0.373900965728632E+003  0.626316246088913E+002  0.252807152400956E+001  0.102887236748611E+001 -0.152807152400956E+001 -0.583481073706260E+001 -0.373900965728632E+003
 -0.373304038710559E+003  0.602362858929845E+002  0.233384201823076E+001  0.898479269794535E+000 -0.133384201823076E+001 -0.583481073706260E+001 -0.373304038710559E+003
 -0.372852809238309E+003  0.915444388772087E+002  0.897572423033118E+000  0.809469922435755E+000  0.102427576966882E+000 -0.583481073706260E+001 -0.372852809238309E+003
 -0.372378279302305E+003  0.730055153737183E+002  0.788110671566236E+000  0.436266894275259E+000  0.211889328433764E+000 -0.583481073706260E+001 -0.372378279302305E+003
 -0.371543999536458E+003  0.718065193405160E+002  0.718160824468960E+000  0.374268454938268E+000  0.281839175531040E+000 -0.583481073706260E+001 -0.371543999536458E+003
 -0.370705739264928E+003  0.630659804666038E+002  0.253694310707985E+001  0.104863967459678E+001 -0.153694310707985E+001 -0.583481073706260E+001 -0.370705739264928E+003
 -0.369593551801398E+003  0.917534086523857E+002  0.229649934528147E+001  0.174332073379453E+001 -0.129649934528147E+001 -0.583481073706260E+001 -0.369593551801398E+003
 -0.367756405466431E+003  0.828753013721314E+002  0.273698450876377E+001  0.171287445556781E+001 -0.173698450876377E+001 -0.583481073706260E+001 -0.367756405466431E+003
 -0.367304816262483E+003  0.833694238007276E+002  0.241345707925172E+001  0.157436546244552E+001 -0.141345707925172E+001 -0.583481073706260E+001 -0.367304816262483E+003
 -0.366836333828613E+003  0.994743933855922E+002  0.174477837067817E+001  0.161163256891410E+001 -0.744778370678171E+000 -0.583481073706260E+001 -0.366836333828613E+003
 -0.365220372247173E+003  0.858852350684600E+002  0.285572152905242E+001  0.186806399150607E+001 -0.185572152905242E+001 -0.583481073706260E+001 -0.365220372247173E+003
 -0.362382273119761E+003  0.932629563330035E+002  0.184785871821555E+001  0.153604321454803E+001 -0.847858718215550E+000 -0.583481073706260E+001 -0.362382273119761E+003
 -0.361847312175604E+003  0.476494004142033E+002  0.424106095792854E+000  0.217803338300753E+000  0.575893904207146E+000 -0.583481073706260E+001 -0.361847312175604E+003
 -0.361219139261956E+003  0.900454215241452E+002  0.134325971176289E+001  0.113086461004574E+001 -0.343259711762890E+000 -0.583481073706260E+001 -0.361219139261956E+003
 -0.360409269978369E+003  0.976930074738966E+002  0.199563310519781E+001  0.174919146183048E+001 -0.995633105197810E+000 -0.583481073706260E+001 -0.360409269978369E+003
 -0.359756649335783E+003  0.611097955484253E+002  0.291471508658453E+001  0.113666914517905E+001 -0.191471508658453E+001 -0.583481073706260E+001 -0.359756649335783E+003
 -0.359180228900755E+003  0.786937963849234E+002  0.184445712372172E+001  0.117777599014320E+001 -0.844457123721719E+000 -0.583481073706260E+001 -0.359180228900755E+003
 -0.358931971470799E+003  0.974136337095702E+002  0.153205503530985E+001  0.143147006496369E+001 -0.532055035309850E+000 -0.583481073706260E+001 -0.358931971470799E+003
 -0.357892661618027E+003  0.510737087555248E+002  0.176160075394425E+000  0.310858708602823E+000  0.823839924605575E+000 -0.583481073706260E+001 -0.357892661618027E+003
 -0.355885453766132E+003  0.744706172630259E+002  0.111028367099895E+001  0.676421582939322E+000 -0.110283670998948E+000 -0.583481073706260E+001 -0.355885453766132E+003
 -0.355868659434650E+003  0.885772389791187E+002  0.285560909486106E+001  0.198108379406515E+001 -0.185560909486106E+001 -0.583481073706260E+001 -0.355868659434650E+003
 -0.354616519476229E+003  0.911007351384402E+002  0.136026853266100E+001  0.117663594825001E+001 -0.360268532661001E+000 -0.583481073706260E+001 -0.354616519476229E+003
 -0.354314471946132E+003  0.876305668558241E+002  0.123669903945944E+001  0.101708620296205E+001 -0.236699039459440E+000 -0.583481073706260E+001 -0.354314471946132E+003
 -0.354122490847946E+003  0.752441394252138E+002  0.270146185737077E+001  0.149832255627166E+001 -0.170146185737077E+001 -0.583481073706260E+001 -0.354122490847946E+003
 -0.353843447114830E+003  0.918807197478085E+002  0.215341420633592E+001  0.170660407258369E+001 -0.115341420633592E+001 -0.583481073706260E+001 -0.353843447114830E+003
 -0.353005174241177E+003  0.537440274019431E+002  0.201689212273780E+001  0.653170724182218E+000 -0.101689212273780E+001 -0.583481073706260E+001 -0.353005174241177E+003
 -0.352606000624551E+003  0.922672582219340E+002  0.138630460126717E+001  0.122413463825387E+001 -0.386304601267171E+000 -0.583481073706260E+001 -0.352606000624551E+003
 -0.352334328199599E+003  0.661142213065098E+002  0.254899402411645E+001  0.116915102200042E+001 -0.154899402411645E+001 -0.583481073706260E+001 -0.352334328199599E+003
 -0.351215561514023E+003  0.491658649108159E+002  0.255311086106843E+000  0.279519064345973E+000  0.744688913893157E+000 -0.583481073706260E+001 -0.351215561514023E+003
 -0.350049544335348E+003  0.966759027910066E+002  0.180179607277012E+001  0.162233913897631E+001 -0.801796072770125E+000 -0.583481073706260E+001 -0.350049544335348E+003
 -0.348101893363588E+003  0.537840744660978E+002  0.116533947628979E+001  0.355215151246777E+000 -0.165339476289792E+000 -0.583481073706260E+001 -0.348101893363588E+003
 -0.347506464488096E+003  0.867544370749039E+002  0.259660194903723E+001  0.181836414712039E+001 -0.159660194903723E+001 -0.583481073706260E+001 -0.347506464488096E+003
 -0.347143117318182E+003  0.824981499514877E+002  0.128418952700025E+001  0.954450266738967E+000 -0.284189527000252E+000 -0.583481073706260E+001 -0.347143117318182E+003
 -0.346628381862066E+003  0.968654098298598E+002  0.133557918554944E+001  0.129865232908511E+001 -0.335579185549445E+000 -0.583481073706260E+001 -0.346628381862066E+003
 -0.346183126584585E+003  0.958883619939140E+002  0.117083411984573E+001  0.114900219223090E+001 -0.170834119845725E+000 -0.583481073706260E+001 -0.346183126584585E+003
 -0.345626846721338E+003  0.891653439593618E+002  0.204362676568044E+001  0.158887917644565E+001 -0.104362676568044E+001 -0.583481073706260E+001 -0.345626846721338E+003
 -0.344860592081397E+003  0.920438577794963E+002  0.528188164580248E+000  0.511484905146374E+000  0.471811835419752E+000 -0.583481073706260E+001 -0.344860592081397E+003
 -0.344018934490232E+003  0.967741992526523E+002  0.159221909984259E+001  0.149351657284428E+001 -0.592219099842592E+000 -0.583481073706260E+001 -0.344018934490232E+003
 -0.343958855840671E+003  0.411250109308389E+002  0.194950286597534E+000  0.393644535237039E+000  0.805049713402466E+000 -0.583481073706260E+001 -0.343958855840671E+003
 -0.343771120843130E+003  0.497771863650957E+002  0.259834509213266E+001  0.735386544035544E+000 -0.159834509213266E+001 -0.583481073706260E+001 -0.343771120843130E+003
 -0.342705696310371E+003  0.892493420186231E+002  0.208918937541537E+001  0.162556936344745E+001 -0.108918937541537E+001 -0.583481073706260E+001 -0.342705696310371E+003
 -0.342525011669843E+003  0.530918186259226E+002  0.162527429007143E+001  0.515153059460325E+000 -0.625274290071433E+000 -0.583481073706260E+001 -0.342525011669843E+003
 -0.342267657800095E+003  0.752509454520685E+002  0.243015416679828E+001  0.140552879674752E+001 -0.143015416679828E+001 -0.583481073706260E+001 -0.342267657800095E+003
 -0.341209632542616E+003  0.973474851013299E+002  0.158944995075503E+001  0.151210348469482E+001 -0.589449950755031E+000 -0.583481073706260E+001 -0.341209632542616E+003
 -0.341081638916258E+003  0.812565930277435E+002  0.437031900183831E+000  0.293651722059113E+000  0.562968099816169E+000 -0.583481073706260E+001 -0.341081638916258E+003
 -0.339248904472015E+003  0.962440996514261E+002  0.826785627209727E+000  0.869120768485390E+000  0.173214372790273E+000 -0.583481073706260E+001 -0.339248904472015E+003
 -0.338784216030043E+003  0.553773833910432E+002  0.578250300204265E+000  0.165212691814333E+000  0.421749699795735E+000 -0.583481073706260E+001 -0.338784216030043E+003
 -0.338150330850060E+003  0.945183939940237E+002  0.182927393434712E+001  0.161608617056688E+001 -0.829273934347117E+000 -0.583481073706260E+001 -0.338150330850060E+003
 -0.335345230513814E+003  0.491847069245715E+002  0.188312115746469E+001  0.523306776791450E+000 -0.883121157464694E+000 -0.583481073706260E+001 -0.335345230513814E+003
 -0.334883797437856E+003  0.764191914854133E+002  0.297545946374451E+001  0.170261886832124E+001 -0.197545946374451E+001 -0.583481073706260E+001 -0.334883797437856E+003
 -0.333883091813597E+003  0.773334768074418E+002  0.217806739592869E+001  0.136321493600663E+001 -0.117806739592869E+001 -0.583481073706260E+001 -0.333883091813597E+003
 -0.332553090343576E+003  0.740162276659094E+002  0.204270092603861E+001  0.120734293142667E+001 -0.104270092603861E+001 -0.583481073706260E+001 -0.332553090343576E+003
 -0.329341067062561E+003  0.769503558076315E+002  0.268799525860256E+001  0.160740420739156E+001 -0.168799525860256E+001 -0.583481073706260E+001 -0.329341067062561E+003
 -0.327837990815238E+003  0.963718659095236E+002  0.147085477666940E+001  0.143251678009403E+001 -0.470854776669404E+000 -0.583481073706260E+001 -0.327837990815238E+003
 -0.327755068662927E+003  0.506291440479503E+002  0.194367984459834E+001  0.580364176061686E+000 -0.943679844598344E+000 -0.583481073706260E+001 -0.327755068662927E+003
 -0.327551753205982E+003  0.547070134030680E+002  0.142363409301503E+001  0.483003473550333E+000 -0.423634093015034E+000 -0.583481073706260E+001 -0.327551753205982E+003
 -0.323721063756527E+003  0.720167329552587E+002  0.219754984380160E+001  0.124430690408181E+001 -0.119754984380160E+001 -0.583481073706260E+001 -0.323721063756527E+003
 -0.323467566440215E+003  0.772062636267029E+002  0.163622987609507E+001  0.108985449435978E+001 -0.636229876095068E+000 -0.583481073706260E+001 -0.323467566440215E+003
 -0.323167163462750E+003  0.918528830967106E+002  0.106956911431028E+001  0.102423481756498E+001 -0.695691143102803E-001 -0.583481073706260E+001 -0.323167163462750E+003
 -0.322873164508600E+003  0.994360726454146E+002  0.146836722506033E+001  0.151623584947446E+001 -0.468367225060326E+000 -0.583481073706260E+001 -0.322873164508600E+003
 -0.322356191514329E+003  0.921688561699388E+002  0.770257069764634E+000  0.768104105554616E+000  0.229742930235366E+000 -0.583481073706260E+001 -0.322356191514329E+003
 -0.321314690158950E+003  0.511213592754767E+002  0.236382445786467E+001  0.729514429617246E+000 -0.136382445786467E+001 -0.583481073706260E+001 -0.321314690158950E+003
 -0.321152854937883E+003  0.629840960249272E+002  0.292391517247809E+001  0.127209346667363E+001 -0.192391517247809E+001 -0.583481073706260E+001 -0.321152854937883E+003
 -0.319924341250339E+003  0.545392554988286E+002  0.233483492706782E+001  0.814882772264111E+000 -0.133483492706782E+001 -0.583481073706260E+001 -0.319924341250339E+003
 -0.319891410161856E+003  0.999148111442357E+002  0.193221136190664E+001  0.188798287362596E+001 -0.932211361906641E+000 -0.583481073706260E+001 -0.319891410161856E+003
 -0.317954028046732E+003  0.556711010782127E+002  0.217465424590790E-001  0.461098347976437E+000  0.978253457540921E+000 -0.583481073706260E+001 -0.317954028046732E+003
 -0.317486481710610E+003  0.900080478440304E+002  0.161636191627484E+001  0.140761529312208E+001 -0.616361916274835E+000 -0.583481073706260E+001 -0.317486481710610E+003
 -0.317225623809239E+003  0.623064983482431E+002  0.288457754807425E+001  0.124418594825303E+001 -0.188457754807425E+001 -0.583481073706260E+001 -0.317225623809239E+003
 -0.316674895664624E+003  0.951871621256317E+002  0.159520795725733E+001  0.152530243591707E+001 -0.595207957257327E+000 -0.583481073706260E+001 -0.316674895664624E+003
 -0.315884903520528E+003  0.711460114877008E+002  0.166335808124176E+001  0.969657930106098E+000 -0.663358081241757E+000 -0.583481073706260E+001 -0.315884903520528E+003
 -0.315018791227118E+003  0.765546912169123E+002  0.186445396382331E+001  0.121798183940815E+001 -0.864453963823309E+000 -0.583481073706260E+001 -0.315018791227118E+003
 -0.314987684855121E+003  0.920673380855437E+002  0.144664002621601E+001  0.134180341214798E+001 -0.446640026216006E+000 -0.583481073706260E+001 -0.314987684855121E+003
 -0.314482535149145E+003  0.956199266111584E+002  0.613311495015363E+000  0.677684292768815E+000  0.386688504984637E+000 -0.583481073706260E+001 -0.314482535149145E+003
 -0.314313946396743E+003  0.688419750480374E+002  0.274103862594404E+001  0.140845641247624E+001 -0.174103862594404E+001 -0.583481073706260E+001 -0.314313946396743E+003
 -0.314174419431397E+003  0.976388123909366E+002  0.184487761728162E+001  0.178040653072990E+001 -0.844877617281617E+000 -0.583481073706260E+001 -0.314174419431397E+003
 -0.314162191061660E+003  0.862767169704019E+002  0.274918911206845E+001  0.199113666350679E+001 -0.174918911206845E+001 -0.583481073706260E+001 -0.314162191061660E+003
 -0.312102523529703E+003  0.697429030271467E+002  0.961801685695081E+000  0.538486532329557E+000  0.381983143049195E-001 -0.583481073706260E+001 -0.312102523529703E+003
 -0.311857520693787E+003  0.770037309952373E+002  0.278036850139964E+001  0.170230553802546E+001 -0.178036850139964E+001 -0.583481073706260E+001 -0.311857520693787E+003
 -0.311444307641402E+003  0.690202688162651E+002  0.239171604187551E+001  0.127136809756920E+001 -0.139171604187551E+001 -0.583481073706260E+001 -0.311444307641402E+003
 -0.310969449805362E+003  0.949186680957322E+002  0.161655175109620E+001  0.154983189372011E+001 -0.616551751096198E+000 -0.583481073706260E+001 -0.310969449805362E+003
 -0.310747623179945E+003  0.940040225048828E+002  0.214698429869498E+001  0.189481535150383E+001 -0.114698429869498E+001 -0.583481073706260E+001 -0.310747623179945E+003
 -0.310278008119460E+003  0.896901539065339E+002  0.150928619781604E+001  0.134115377135769E+001 -0.509286197816040E+000 -0.583481073706260E+001 -0.310278008119460E+003
 -0.309195872817162E+003  0.973380260385233E+002  0.154229562493768E+001  0.155976789161553E+001 -0.542295624937680E+000 -0.583481073706260E+001 -0.309195872817162E+003
 -0.309174912530075E+003  0.950710075985934E+002  0.183006593954120E+001  0.171463508689799E+001 -0.830065939541196E+000 -0.583481073706260E+001 -0.309174912530075E+003
 -0.308383243950763E+003  0.788565117726114E+002  0.150173577231970E+001  0.107633931730480E+001 -0.501735772319695E+000 -0.583481073706260E+001 -0.308383243950763E+003
 -0.307633073982191E+003  0.984182663818692E+002  0.149592945615853E+001  0.155446990685467E+001 -0.495929456158529E+000 -0.583481073706260E+001 -0.307633073982191E+003
 -0.306986584765346E+003  0.500012193521772E+002  0.884864050605304E-001  0.421457050812117E+000  0.911513594939470E+000 -0.583481073706260E+001 -0.306986584765346E+003
 -0.306091430287094E+003  0.663640936558610E+002  0.207578141048569E+001  0.106345120344244E+001 -0.107578141048569E+001 -0.583481073706260E+001 -0.306091430287094E+003
 -0.305895990577048E+003  0.601223700240597E+002  0.108868817546620E+001  0.447892379201334E+000 -0.886881754661959E-001 -0.583481073706260E+001 -0.305895990577048E+003
 -0.305663565518742E+003  0.551801645201587E+002  0.189211156384103E+001  0.692896843128551E+000 -0.892111563841026E+000 -0.583481073706260E+001 -0.305663565518742E+003
 -0.305480292766249E+003  0.756179459480233E+002  0.127775984456919E+001  0.864498346723184E+000 -0.277759844569187E+000 -0.583481073706260E+001 -0.305480292766249E+003
 -0.303998329093825E+003  0.950863683153651E+002  0.201303041692096E+001  0.186039636612620E+001 -0.101303041692096E+001 -0.583481073706260E+001 -0.303998329093825E+003
 -0.303574046237217E+003  0.788581494405675E+002  0.296446687172686E+001  0.188048162805891E+001 -0.196446687172686E+001 -0.583481073706260E+001 -0.303574046237217E+003
 -0.302500091480276E+003  0.763064837105527E+002  0.176258639386299E+001  0.118042535411501E+001 -0.762586393862989E+000 -0.583481073706260E+001 -0.302500091480276E+003
 -0.301870019541661E+003  0.675251353629277E+002  0.180421682018135E+001  0.973620930762341E+000 -0.804216820181350E+000 -0.583481073706260E+001 -0.301870019541661E+003
 -0.300964112429028E+003  0.879762178436197E+002  0.804730465068191E-001  0.276094960035367E+000  0.919526953493181E+000 -0.583481073706260E+001 -0.300964112429028E+003
 -0.300730182585329E+003  0.636377801067861E+002  0.179615259957249E+001  0.871504613598107E+000 -0.796152599572489E+000 -0.583481073706260E+001 -0.300730182585329E+003
 -0.300585694522835E+003  0.866575041766202E+002  0.263912123356939E+001  0.199452488704119E+001 -0.163912123356939E+001 -0.583481073706260E+001 -0.300585694522835E+003
 -0.300567072986708E+003  0.864599385527094E+002  0.211076647979570E+001  0.167910386997850E+001 -0.111076647979570E+001 -0.583481073706260E+001 -0.300567072986708E+003
 -0.300384704840833E+003  0.748774448937963E+002  0.266977818357214E+001  0.161388027433488E+001 -0.166977818357214E+001 -0.583481073706260E+001 -0.300384704840833E+003
 -0.298708133988508E+003  0.993717278209906E+002  0.149999260651021E+001  0.160788338495893E+001 -0.499992606510208E+000 -0.583481073706260E+001 -0.298708133988508E+003
 -0.298575362140015E+003  0.576405663500612E+002  0.183699246913652E+001  0.740847925308496E+000 -0.836992469136516E+000 -0.583481073706260E+001 -0.298575362140015E+003
 -0.297959536872982E+003  0.914100356297460E+002  0.153140147121304E+001  0.143140393823841E+001 -0.531401471213041E+000 -0.583481073706260E+001 -0.297959536872982E+003
 -0.296097293519205E+003  0.796502351083652E+002  0.162653249061693E+001  0.119955826523059E+001 -0.626532490616929E+000 -0.583481073706260E+001 -0.296097293519205E+003
 -0.295744563548624E+003  0.600099341317966E+002  0.133104571483953E+001  0.573814398698500E+000 -0.331045714839532E+000 -0.583481073706260E+001 -0.295744563548624E+003
 -0.294496799067689E+003  0.843543844774316E+002  0.114233332330169E+001  0.975719637424005E+000 -0.142333323301685E+000 -0.583481073706260E+001 -0.294496799067689E+003
 -0.294435538239754E+003  0.825532513932635E+002  0.196551000938492E+001  0.149329253753990E+001 -0.965510009384917E+000 -0.583481073706260E+001 -0.294435538239754E+003
 -0.293982013727454E+003  0.665108668106857E+002  0.216667824595658E+001  0.113278190875889E+001 -0.116667824595658E+001 -0.583481073706260E+001 -0.293982013727454E+003
 -0.293431098154372E+003  0.697480333889848E+002  0.275168645366826E+001  0.149833696092890E+001 -0.175168645366826E+001 -0.583481073706260E+001 -0.293431098154372E+003
 -0.293201308514359E+003  0.778191772216271E+002  0.216978479171687E+001  0.147426797241688E+001 -0.116978479171687E+001 -0.583481073706260E+001 -0.293201308514359E+003
 -0.292243397456761E+003  0.827444465725160E+002  0.527978407229878E+000  0.420135158797951E+000  0.472021592770122E+000 -0.583481073706260E+001 -0.292243397456761E+003
 -0.291977847283655E+003  0.469778299039128E+002  0.679684011108406E-001  0.476193082866412E+000  0.932031598889159E+000 -0.583481073706260E+001 -0.291977847283655E+003
 -0.291903346987493E+003  0.698360429782640E+002  0.166020539857128E+001  0.975741100991611E+000 -0.660205398571279E+000 -0.583481073706260E+001 -0.291903346987493E+003
 -0.291311860556881E+003  0.809509845430913E+002  0.268872162066812E+001  0.186028347398310E+001 -0.168872162066812E+001 -0.583481073706260E+001 -0.291311860556881E+003
 -0.291197904880198E+003  0.908104095661364E+002  0.232021658083257E+001  0.197885955881279E+001 -0.132021658083257E+001 -0.583481073706260E+001 -0.291197904880198E+003
 -0.290510548393434E+003  0.626639923282955E+002  0.264039718766477E+001  0.122261018542421E+001 -0.164039718766477E+001 -0.583481073706260E+001 -0.290510548393434E+003
 -0.289942880224818E+003  0.880363621500368E+002  0.611193032085970E+000  0.582328231044726E+000  0.388806967914030E+000 -0.583481073706260E+001 -0.289942880224818E+003
 -0.289660108666072E+003  0.784252673465810E+002  0.140914301467297E+001  0.104139640899218E+001 -0.409143014672970E+000 -0.583481073706260E+001 -0.289660108666072E+003
 -0.289483033648968E+003  0.922968548801123E+002  0.140468518963076E+001  0.137788693356669E+001 -0.404685189630761E+000 -0.583481073706260E+001 -0.289483033648968E+003
 -0.289388897817284E+003  0.878964335179417E+002  0.115450001979778E+001  0.107228582894921E+001 -0.154500019797780E+000 -0.583481073706260E+001 -0.289388897817284E+003
 -0.288575519007280E+003  0.947493273685736E+002  0.104873613613688E+000  0.268260141600741E+000  0.895126386386312E+000 -0.583481073706260E+001 -0.288575519007280E+003
 -0.288530644326295E+003  0.918420364879369E+002  0.208602089674765E+001  0.186815141696608E+001 -0.108602089674765E+001 -0.583481073706260E+001 -0.288530644326295E+003
 -0.288510808170497E+003  0.688259915582582E+002  0.269879096699159E+001  0.145768074908617E+001 -0.169879096699159E+001 -0.583481073706260E+001 -0.288510808170497E+003
 -0.288137987152764E+003  0.982651899393096E+002  0.186464311728832E+001  0.190364721771967E+001 -0.864643117288316E+000 -0.583481073706260E+001 -0.288137987152764E+003
 -0.286949107730156E+003  0.768375024256542E+002  0.216449932357821E+001  0.145895736709619E+001 -0.116449932357821E+001 -0.583481073706260E+001 -0.286949107730156E+003
 -0.286026539059928E+003  0.581412399907159E+002  0.243800179824385E+001  0.100974861790070E+001 -0.143800179824385E+001 -0.583481073706260E+001 -0.286026539059928E+003
 -0.285382670785258E+003  0.966010467304127E+002  0.107018704007575E+001  0.119813565342251E+001 -0.701870400757503E-001 -0.583481073706260E+001 -0.285382670785258E+003
 -0.284805065555120E+003  0.725176547827018E+002  0.168532801346562E+001  0.107264476521431E+001 -0.685328013465625E+000 -0.583481073706260E+001 -0.284805065555120E+003
 -0.284195433137329E+003  0.989858046704210E+002  0.443770779213112E+000  0.566948830756966E+000  0.556229220786888E+000 -0.583481073706260E+001 -0.284195433137329E+003
 -0.283155567811145E+003  0.916536322654422E+002  0.214119658213740E+001  0.192011016635800E+001 -0.114119658213740E+001 -0.583481073706260E+001 -0.283155567811145E+003
 -0.282818579522226E+003  0.884763656542656E+002  0.180995881481018E+001  0.159761512378623E+001 -0.809958814810182E+000 -0.583481073706260E+001 -0.282818579522226E+003
 -0.281757947949950E+003  0.811208168445655E+002  0.175960634924192E+001  0.135847713896403E+001 -0.759606349241923E+000 -0.583481073706260E+001 -0.281757947949950E+003
 -0.279067437982314E+003  0.853912708282898E+002  0.149801555358019E+001  0.130107842807905E+001 -0.498015553580193E+000 -0.583481073706260E+001 -0.279067437982314E+003
 -0.278898152506610E+003  0.901545279235112E+002  0.140588963484419E+001  0.135319160744994E+001 -0.405889634844191E+000 -0.583481073706260E+001 -0.278898152506610E+003
 -0.278800345767209E+003  0.896735572595849E+002  0.646830930699519E+000  0.657375417408396E+000  0.353169069300481E+000 -0.583481073706260E+001 -0.278800345767209E+003
 -0.278453068233189E+003  0.466752874027148E+002  0.226342031548121E+001  0.629500537008810E+000 -0.126342031548121E+001 -0.583481073706260E+001 -0.278453068233189E+003
 -0.278228969959030E+003  0.797168456383222E+002  0.109790508112817E+001  0.869275123879132E+000 -0.979050811281712E-001 -0.583481073706260E+001 -0.278228969959030E+003
 -0.277594090321095E+003  0.630555693117660E+002  0.211187496614258E+001  0.103976174769956E+001 -0.111187496614258E+001 -0.583481073706260E+001 -0.277594090321095E+003
 -0.277402898989014E+003  0.502471823362313E+002  0.186566270542501E+001  0.594312681236968E+000 -0.865662705425007E+000 -0.583481073706260E+001 -0.277402898989014E+003
 -0.276989668213789E+003  0.464268323700172E+002  0.270836470203648E+000  0.332201371180755E+000  0.729163529796352E+000 -0.583481073706260E+001 -0.276989668213789E+003
 -0.276984268925534E+003  0.619023408403962E+002  0.235896752805514E+001  0.111344729407492E+001 -0.135896752805514E+001 -0.583481073706260E+001 -0.276984268925534E+003
 -0.275590549740686E+003  0.801001799240400E+002  0.345881971894433E+000  0.230825716948956E+000  0.654118028105567E+000 -0.583481073706260E+001 -0.275590549740686E+003
 -0.275176128059075E+003  0.930335125208405E+002  0.204424767712281E+001  0.192819707919999E+001 -0.104424767712281E+001 -0.583481073706260E+001 -0.275176128059075E+003
 -0.274808146383207E+003  0.645409183787632E+002  0.161212102243584E+001  0.844676837881140E+000 -0.612121022435837E+000 -0.583481073706260E+001 -0.274808146383207E+003
 -0.274456105655966E+003  0.505343708547829E+002  0.187094107348949E+001  0.606332382552214E+000 -0.870941073489493E+000 -0.583481073706260E+001 -0.274456105655966E+003
 -0.274001544770223E+003  0.943327653081131E+002  0.993760384471801E+000  0.110130847484706E+001  0.623961552819940E-002 -0.583481073706260E+001 -0.274001544770223E+003
 -0.273499723984886E+003  0.673535356800944E+002  0.233047154518116E+001  0.128205366008492E+001 -0.133047154518116E+001 -0.583481073706260E+001 -0.273499723984886E+003
 -0.273055278592224E+003  0.659885005220049E+002  0.252036977847320E+001  0.132545994160030E+001 -0.152036977847320E+001 -0.583481073706260E+001 -0.273055278592224E+003
 -0.271441883260115E+003  0.942833583550787E+002  0.401185428684125E+000  0.461721134822158E+000  0.598814571315875E+000 -0.583481073706260E+001 -0.271441883260115E+003
 -0.270570232318873E+003  0.777242960405314E+002  0.233197275622164E+001  0.163104477597224E+001 -0.133197275622164E+001 -0.583481073706260E+001 -0.270570232318873E+003
 -0.270512130113837E+003  0.542457544173490E+002  0.295066835510882E+000  0.238509554000730E+000  0.704933164489118E+000 -0.583481073706260E+001 -0.270512130113837E+003
 -0.269814488566971E+003  0.855322761905837E+002  0.153969190995896E+001  0.136025457175384E+001 -0.539691909958955E+000 -0.583481073706260E+001 -0.269814488566971E+003
 -0.269530842336656E+003  0.616016198159638E+002  0.213422969572686E+001  0.102280728118987E+001 -0.113422969572686E+001 -0.583481073706260E+001 -0.269530842336656E+003
 -0.269473227304873E+003  0.745346248901607E+002  0.219547199042606E+001  0.145485352043761E+001 -0.119547199042606E+001 -0.583481073706260E+001 -0.269473227304873E+003
 -0.268770109610162E+003  0.839952115472850E+002  0.127067610509283E+001  0.111877914116205E+001 -0.270676105092831E+000 -0.583481073706260E+001 -0.268770109610162E+003
 -0.267942245428846E+003  0.568882875059968E+002  0.288762210941032E+001  0.117169461859609E+001 -0.188762210941032E+001 -0.583481073706260E+001 -0.267942245428846E+003
 -0.267668467298217E+003  0.992947849301250E+002  0.149892851447771E+001  0.170795775936012E+001 -0.498928514477706E+000 -0.583481073706260E+001 -0.267668467298217E+003
 -0.266723138197611E+003  0.784715805225839E+002  0.217697259099204E+001  0.157989673852421E+001 -0.117697259099204E+001 -0.583481073706260E+001 -0.266723138197611E+003
 -0.265228742839393E+003  0.724475532863983E+002  0.205519887568248E+001  0.132443358017051E+001 -0.105519887568248E+001 -0.583481073706260E+001 -0.265228742839393E+003
 -0.265183152631637E+003  0.647474179910119E+002  0.379710714770957E-001  0.428068387966550E+000  0.962028928522904E+000 -0.583481073706260E+001 -0.265183152631637E+003
 -0.264772195222258E+003  0.866872298864229E+002  0.206294683647318E+001  0.178034868963808E+001 -0.106294683647318E+001 -0.583481073706260E+001 -0.264772195222258E+003
 -0.264146945342819E+003  0.875748223530277E+002  0.603714816480955E+000  0.594524692252705E+000  0.396285183519045E+000 -0.583481073706260E+001 -0.264146945342819E+003
 -0.262603412393032E+003  0.711503504115266E+002  0.232687523551899E+001  0.143509077646275E+001 -0.132687523551899E+001 -0.583481073706260E+001 -0.262603412393032E+003
 -0.261492330628098E+003  0.929908945736967E+002  0.172937000057934E+001  0.174436362805885E+001 -0.729370000579342E+000 -0.583481073706260E+001 -0.261492330628098E+003
 -0.260736558783860E+003  0.772879364515888E+002  0.220743641264119E+001  0.157935155184390E+001 -0.120743641264119E+001 -0.583481073706260E+001 -0.260736558783860E+003
 -0.260708527685380E+003  0.908854949607878E+002  0.145717523294979E+001  0.146700675754102E+001 -0.457175232949788E+000 -0.583481073706260E+001 -0.260708527685380E+003
 -0.260613469746150E+003  0.799114700285977E+002  0.221948993749312E+001  0.167404342960044E+001 -0.121948993749312E+001 -0.583481073706260E+001 -0.260613469746150E+003
 -0.260492062943277E+003  0.571055937546670E+002  0.120890432996496E+001  0.489178824087078E+000 -0.208904329964963E+000 -0.583481073706260E+001 -0.260492062943277E+003
 -0.260182659005032E+003  0.947697480221037E+002  0.173808381750729E+001  0.180969261161733E+001 -0.738083817507295E+000 -0.583481073706260E+001 -0.260182659005032E+003
 -0.260116514584598E+003  0.583944032011803E+002  0.276670359113738E+001  0.119947403713687E+001 -0.176670359113738E+001 -0.583481073706260E+001 -0.260116514584598E+003
 -0.259920663123826E+003  0.847628951944659E+002  0.111725184048391E+001  0.103108981483266E+001 -0.117251840483910E+000 -0.583481073706260E+001 -0.259920663123826E+003
 -0.259110784027103E+003  0.467478515469692E+002  0.249120502191327E+001  0.723500829920390E+000 -0.149120502191327E+001 -0.583481073706260E+001 -0.259110784027103E+003
 -0.257803795390669E+003  0.823924222639589E+002  0.187246762754086E+001  0.154211675910093E+001 -0.872467627540864E+000 -0.583481073706260E+001 -0.257803795390669E+003
 -0.257782176042482E+003  0.663244393208552E+002  0.101390490533293E+001  0.560885668380524E+000 -0.139049053329348E-001 -0.583481073706260E+001 -0.257782176042482E+003
 -0.257593747118089E+003  0.582963929062757E+002  0.119695086132037E+001  0.509241249176375E+000 -0.196950861320369E+000 -0.583481073706260E+001 -0.257593747118089E+003
 -0.257024323452260E+003  0.887709121965162E+002  0.156713306438352E+001  0.150957019543210E+001 -0.567133064383518E+000 -0.583481073706260E+001 -0.257024323452260E+003
 -0.254994559626850E+003  0.964069072825119E+002  0.171475447104369E+001  0.186137733060033E+001 -0.714754471043692E+000 -0.583481073706260E+001 -0.254994559626850E+003
 -0.251771742210069E+003  0.767843135984686E+002  0.281827205661104E+001  0.193676952100841E+001 -0.181827205661104E+001 -0.583481073706260E+001 -0.251771742210069E+003
 -0.251455673128033E+003  0.927034498665362E+002  0.185202136215185E+001  0.187358143144340E+001 -0.852021362151853E+000 -0.583481073706260E+001 -0.251455673128033E+003
 -0.250773690505754E+003  0.613599140874041E+002  0.264275363289295E+001  0.127997215188644E+001 -0.164275363289295E+001 -0.583481073706260E+001 -0.250773690505754E+003
 -0.250242553726763E+003  0.893676838234060E+002  0.549708151117316E+000  0.580842508833798E+000  0.450291848882684E+000 -0.583481073706260E+001 -0.250242553726764E+003
 -0.250019054428094E+003  0.497953180414546E+002  0.284924539033125E+001  0.948246949525035E+000 -0.184924539033125E+001 -0.583481073706260E+001 -0.250019054428094E+003
 -0.249690963022771E+003  0.931119495092283E+002  0.195401041562587E+001  0.197461788751953E+001 -0.954010415625872E+000 -0.583481073706260E+001 -0.249690963022771E+003
 -0.248400287836610E+003  0.756131973519039E+002  0.145793843671403E+001  0.109144336327297E+001 -0.457938436714031E+000 -0.583481073706260E+001 -0.248400287836610E+003
 -0.247494194980304E+003  0.688245926867401E+002  0.126421406200963E+001  0.792075933832352E+000 -0.264214062009632E+000 -0.583481073706260E+001 -0.247494194980304E+003
 -0.247312703233630E+003  0.745369756294015E+002  0.148135424120723E+001  0.108128869922294E+001 -0.481354241207233E+000 -0.583481073706260E+001 -0.247312703233630E+003
 -0.246020037057992E+003  0.915224714703026E+002  0.200368230197011E+001  0.197746613726821E+001 -0.100368230197011E+001 -0.583481073706260E+001 -0.246020037057992E+003
 -0.245970799995077E+003  0.549802477869151E+002  0.210812322296156E+001  0.858453857349415E+000 -0.110812322296156E+001 -0.583481073706260E+001 -0.245970799995077E+003
 -0.245964219347181E+003  0.465452726232124E+002  0.329266213197535E+000  0.315932858217278E+000  0.670733786802465E+000 -0.583481073706260E+001 -0.245964219347181E+003
 -0.244638841653981E+003  0.582168208608382E+002  0.265360446396153E+001  0.118898097848610E+001 -0.165360446396153E+001 -0.583481073706260E+001 -0.244638841653981E+003
 -0.244479923051311E+003  0.721568511282829E+002  0.232514608348803E+001  0.152847876862512E+001 -0.132514608348803E+001 -0.583481073706260E+001 -0.244479923051311E+003
 -0.244236280664219E+003  0.453867209290866E+002  0.196362535000533E+001  0.544176847455235E+000 -0.963625350005333E+000 -0.583481073706260E+001 -0.244236280664219E+003
 -0.243800292078647E+003  0.759510785585877E+002  0.145523201301263E+001  0.110978484263680E+001 -0.455232013012629E+000 -0.583481073706260E+001 -0.243800292078647E+003
 -0.243429478571860E+003  0.921551917565193E+002  0.136253030359370E+001  0.147671632671331E+001 -0.362530303593701E+000 -0.583481073706260E+001 -0.243429478571860E+003
 -0.242791548245253E+003  0.823927705058571E+002  0.211513454335344E+001  0.176211415577279E+001 -0.111513454335344E+001 -0.583481073706260E+001 -0.242791548245253E+003
 -0.242396200247896E+003  0.948747706485959E+002  0.155245245754555E+001  0.172818641516896E+001 -0.552452457545554E+000 -0.583481073706260E+001 -0.242396200247896E+003
 -0.242275893059123E+003  0.756257165214986E+002  0.268532461556810E+001  0.186295190029235E+001 -0.168532461556810E+001 -0.583481073706260E+001 -0.242275893059123E+003
 -0.240959771203960E+003  0.916174752942610E+002  0.711457212016073E+000  0.816975921423413E+000  0.288542787983927E+000 -0.583481073706260E+001 -0.240959771203960E+003
 -0.240779059355029E+003  0.715254950573310E+002  0.226368573200020E+001  0.148567224473833E+001 -0.126368573200020E+001 -0.583481073706260E+001 -0.240779059355029E+003
 -0.240557035565199E+003  0.650037402893397E+002  0.120851411976002E+001  0.678754906265733E+000 -0.208514119760020E+000 -0.583481073706260E+001 -0.240557035565199E+003
 -0.239541765276411E+003  0.807654911786459E+002  0.179676932714127E+001  0.150323323243494E+001 -0.796769327141274E+000 -0.583481073706260E+001 -0.239541765276411E+003
 -0.238727946843331E+003  0.866419079744284E+002  0.201222602887242E+001  0.185310792310743E+001 -0.101222602887242E+001 -0.583481073706260E+001 -0.238727946843331E+003
 -0.237644300648952E+003  0.995936454668159E+002  0.118236433627092E+001  0.151968860318795E+001 -0.182364336270922E+000 -0.583481073706260E+001 -0.237644300648952E+003
 -0.237356850787391E+003  0.705783475521527E+002  0.258459912840677E+001  0.163687459357349E+001 -0.158459912840677E+001 -0.583481073706260E+001 -0.237356850787391E+003
 -0.237306363272729E+003  0.901619454714236E+002  0.390878480839984E+000  0.420905135909172E+000  0.609121519160016E+000 -0.583481073706260E+001 -0.237306363272729E+003
 -0.236663882060385E+003  0.986378506969269E+002  0.585517759380713E+000  0.803451347187409E+000  0.414482240619287E+000 -0.583481073706260E+001 -0.236663882060385E+003
 -0.236488372398311E+003  0.568837890865112E+002  0.198540089326315E+001  0.881220381173994E+000 -0.985400893263149E+000 -0.583481073706260E+001 -0.236488372398311E+003
 -0.236322943469888E+003  0.870219557610999E+002  0.696143422680931E+000  0.720087962127754E+000  0.303856577319069E+000 -0.583481073706260E+001 -0.236322943469888E+003
 -0.235545756873594E+003  0.438032870923187E+002  0.153417628156110E+001  0.388968204172141E+000 -0.534176281561100E+000 -0.583481073706260E+001 -0.235545756873594E+003
 -0.234422608314364E+003  0.782066972102926E+002  0.107393304416227E+001  0.895843471419930E+000 -0.739330441622683E-001 -0.583481073706260E+001 -0.234422608314364E+003
 -0.234310092415138E+003  0.733535055855211E+002  0.107777353530562E+001  0.787375192192409E+000 -0.777735353056219E-001 -0.583481073706260E+001 -0.234310092415138E+003
 -0.233106070051356E+003  0.400996285384590E+002  0.135188244450900E+001  0.302701296624560E+000 -0.351882444509005E+000 -0.583481073706260E+001 -0.233106070051356E+003
 -0.232946350661177E+003  0.621326282664912E+002  0.294163824083550E+001  0.149449162745014E+001 -0.194163824083550E+001 -0.583481073706260E+001 -0.232946350661177E+003
 -0.231954190042679E+003  0.568460920454434E+002  0.225313053077934E+001  0.100698582700967E+001 -0.125313053077934E+001 -0.583481073706260E+001 -0.231954190042679E+003
 -0.230752935867600E+003  0.477468662854911E+002  0.243122841567744E+001  0.780454158131916E+000 -0.143122841567744E+001 -0.583481073706260E+001 -0.230752935867600E+003
 -0.230609029389815E+003  0.815805121080748E+002  0.179270748507467E+001  0.155962679631958E+001 -0.792707485074670E+000 -0.583481073706260E+001 -0.230609029389815E+003
 -0.230582193595117E+003  0.704685033384640E+002  0.261846476977926E+001  0.167843205319072E+001 -0.161846476977926E+001 -0.583481073706260E+001 -0.230582193595117E+003
 -0.229167102641114E+003  0.494591342986023E+002  0.243425250103538E+001  0.839838213780163E+000 -0.143425250103538E+001 -0.583481073706260E+001 -0.229167102641114E+003
 -0.229012815674547E+003  0.935647128361454E+002  0.176347416370829E+001  0.193390250763613E+001 -0.763474163708286E+000 -0.583481073706260E+001 -0.229012815674547E+003
 -0.227985599082854E+003  0.810771311277547E+002  0.187448297787203E+001  0.161299239282438E+001 -0.874482977872032E+000 -0.583481073706260E+001 -0.227985599082854E+003
 -0.227660564862327E+003  0.725928137974605E+002  0.279814428057298E+001  0.187246324736900E+001 -0.179814428057298E+001 -0.583481073706260E+001 -0.227660564862327E+003
 -0.227243857014275E+003  0.944686233641190E+002  0.713274042719138E+000  0.901822892331360E+000  0.286725957280862E+000 -0.583481073706260E+001 -0.227243857014275E+003
 -0.226112322359571E+003  0.648585574724438E+002  0.121510632503485E+001  0.701353243647411E+000 -0.215106325034855E+000 -0.583481073706260E+001 -0.226112322359571E+003
 -0.225820513622128E+003  0.754241220377217E+002  0.123255498572459E+001  0.974391387619091E+000 -0.232554985724590E+000 -0.583481073706260E+001 -0.225820513622128E+003
 -0.225755893046095E+003  0.445099612462447E+002  0.956494231861877E-001  0.531226098033188E+000  0.904350576813812E+000 -0.583481073706260E+001 -0.225755893046095E+003
 -0.225145643740915E+003  0.840221278665942E+002  0.753397265793270E+000  0.740535099795368E+000  0.246602734206730E+000 -0.583481073706260E+001 -0.225145643740915E+003
 -0.224557403949913E+003  0.801790199613563E+002  0.171754799054743E+001  0.148279552241224E+001 -0.717547990547431E+000 -0.583481073706260E+001 -0.224557403949913E+003
 -0.224257030593769E+003  0.666205313456252E+002  0.261569127318930E+001  0.155340022378098E+001 -0.161569127318930E+001 -0.583481073706260E+001 -0.224257030593769E+003
 -0.223279805646810E+003  0.792720261303011E+002  0.234588637883300E+001  0.189184780637755E+001 -0.134588637883300E+001 -0.583481073706260E+001 -0.223279805646810E+003
 -0.222437418109351E+003  0.760209552953827E+002  0.161443224878708E+001  0.128564628904694E+001 -0.614432248787079E+000 -0.583481073706260E+001 -0.222437418109351E+003
 -0.221914471382595E+003  0.875861072646540E+002  0.116182856414731E+001  0.123851874343323E+001 -0.161828564147313E+000 -0.583481073706260E+001 -0.221914471382595E+003
 -0.221913808880312E+003  0.656325036697097E+002  0.931986361093043E+000  0.531806026013799E+000  0.680136389069572E-001 -0.583481073706260E+001 -0.221913808880312E+003
 -0.221879983755429E+003  0.604681276555270E+002  0.207686455142435E+001  0.107026996088364E+001 -0.107686455142435E+001 -0.583481073706260E+001 -0.221879983755429E+003
 -0.221809153615494E+003  0.616982158165955E+002  0.201791789141620E+001  0.108117303044014E+001 -0.101791789141620E+001 -0.583481073706260E+001 -0.221809153615494E+003
 -0.220413496062744E+003  0.819863016901667E+002  0.126713239415711E+001  0.118992312382029E+001 -0.267132394157113E+000 -0.583481073706260E+001 -0.220413496062744E+003
 -0.219906892192275E+003  0.816984520688958E+002  0.111193683080854E+001  0.104664984629575E+001 -0.111936830808542E+000 -0.583481073706260E+001 -0.219906892192275E+003
 -0.219128285557981E+003  0.883439597631177E+002  0.103033310149225E+001  0.113606738556498E+001 -0.303331014922539E-001 -0.583481073706260E+001 -0.219128285557981E+003
 -0.218424514433440E+003  0.873078162322832E+002  0.183839102919920E+001  0.183971498990694E+001 -0.838391029199204E+000 -0.583481073706260E+001 -0.218424514433440E+003
 -0.216551556914362E+003  0.709983993364779E+002  0.250673987612311E+001  0.170050641316700E+001 -0.150673987612311E+001 -0.583481073706260E+001 -0.216551556914362E+003
 -0.216190254232877E+003  0.675056903464150E+002  0.142359631179451E+001  0.924132214377149E+000 -0.423596311794508E+000 -0.583481073706260E+001 -0.216190254232877E+003
 -0.216012344077340E+003  0.485116949279978E+002  0.229926715476640E+000  0.376980144608679E+000  0.770073284523360E+000 -0.583481073706260E+001 -0.216012344077340E+003
 -0.215602956108016E+003  0.849153008321142E+002  0.112230596343766E+001  0.115030072760087E+001 -0.122305963437659E+000 -0.583481073706260E+001 -0.215602956108016E+003
 -0.215359338775390E+003  0.777604801855315E+002  0.228401105680894E+001  0.183394667363377E+001 -0.128401105680894E+001 -0.583481073706260E+001 -0.215359338775390E+003
 -0.215307268772444E+003  0.910923684043573E+002  0.180243413837315E+001  0.195671499594553E+001 -0.802434138373145E+000 -0.583481073706260E+001 -0.215307268772444E+003
 -0.215218587118211E+003  0.879986736527310E+002  0.154518426565949E+001  0.162885392573226E+001 -0.545184265659488E+000 -0.583481073706260E+001 -0.215218587118211E+003
 -0.214883546181739E+003  0.959792112289371E+002  0.158224880065921E+001  0.192086270965099E+001 -0.582248800659207E+000 -0.583481073706260E+001 -0.214883546181739E+003
 -0.214554625436881E+003  0.488532680222883E+002  0.238752366139795E+001  0.832130231592619E+000 -0.138752366139795E+001 -0.583481073706260E+001 -0.214554625436881E+003
 -0.213794492524739E+003  0.753505061163064E+002  0.185033706955023E+001  0.146145074491441E+001 -0.850337069550229E+000 -0.583481073706260E+001 -0.213794492524739E+003
 -0.212847085039009E+003  0.669534031569402E+002  0.247649037831234E+001  0.154097814033065E+001 -0.147649037831234E+001 -0.583481073706260E+001 -0.212847085039009E+003
 -0.212825761891940E+003  0.589676774177221E+002  0.177232310046057E+001  0.890800220548453E+000 -0.772323100460568E+000 -0.583481073706260E+001 -0.212825761891940E+003
 -0.212318197355428E+003  0.497218349197088E+002  0.274858054691648E+001  0.997095745298144E+000 -0.174858054691648E+001 -0.583481073706260E+001 -0.212318197355428E+003
 -0.212296073786528E+003  0.945124773522660E+002  0.113935700461831E+001  0.143406784684110E+001 -0.139357004618313E+000 -0.583481073706260E+001 -0.212296073786528E+003
 -0.211707552795989E+003  0.708059226548391E+002  0.159573749393453E+001  0.114737887681393E+001 -0.595737493934529E+000 -0.583481073706260E+001 -0.211707552795989E+003
 -0.211608577763615E+003  0.669088066470282E+002  0.222720685161946E+001  0.140726778513400E+001 -0.122720685161946E+001 -0.583481073706260E+001 -0.211608577763615E+003
 -0.210374461496905E+003  0.504918472911206E+002  0.192759902154939E+001  0.715391027825853E+000 -0.927599021549388E+000 -0.583481073706260E+001 -0.210374461496905E+003
 -0.210142170359155E+003  0.718661066519850E+002  0.780269971105138E+000  0.548133719529905E+000  0.219730028894862E+000 -0.583481073706260E+001 -0.210142170359155E+003
 -0.209896227910108E+003  0.868218131770381E+002  0.965056653287411E+000  0.105715914132392E+001  0.349433467125887E-001 -0.583481073706260E+001 -0.209896227910108E+003
 -0.209317063925437E+003  0.559867366185830E+002  0.146311896946290E+001  0.654217912240861E+000 -0.463118969462901E+000 -0.583481073706260E+001 -0.209317063925437E+003
 -0.208265025349368E+003  0.731424998759267E+002  0.947056547755963E+000  0.722331438532590E+000  0.529434522440373E-001 -0.583481073706260E+001 -0.208265025349368E+003
 -0.208082485083577E+003  0.435396460623686E+002  0.278188760897183E+001  0.790562399395148E+000 -0.178188760897183E+001 -0.583481073706260E+001 -0.208082485083577E+003
 -0.208044198747550E+003  0.787278403769044E+002  0.389207344635342E+000  0.285604640218817E+000  0.610792655364658E+000 -0.583481073706260E+001 -0.208044198747550E+003
 -0.207852097704734E+003  0.773508779348493E+002  0.970335237292793E+000  0.840472021602414E+000  0.296647627072070E-001 -0.583481073706260E+001 -0.207852097704734E+003
 -0.206985020170776E+003  0.950168654222735E+002  0.109536793003341E+001  0.141991199821517E+001 -0.953679300334134E-001 -0.583481073706260E+001 -0.206985020170776E+003
 -0.206713029688098E+003  0.941396533049307E+002  0.154799591767272E+001  0.187170192283692E+001 -0.547995917672722E+000 -0.583481073706260E+001 -0.206713029688098E+003
 -0.206193477054735E+003  0.932895837904846E+002  0.409956480393636E+000  0.523817595255144E+000  0.590043519606364E+000 -0.583481073706260E+001 -0.206193477054735E+003
 -0.205679502239976E+003  0.982265537857487E+002  0.152317633075793E+001  0.198746709674272E+001 -0.523176330757932E+000 -0.583481073706260E+001 -0.205679502239976E+003
 -0.205494571474133E+003  0.817104088855497E+002  0.818661286919094E+000  0.796373500198254E+000  0.181338713080906E+000 -0.583481073706260E+001 -0.205494571474133E+003
 -0.204712416547971E+003  0.882355002807996E+002  0.117175123543687E+001  0.132430194503162E+001 -0.171751235436873E+000 -0.583481073706260E+001 -0.204712416547971E+003
 -0.204280725134001E+003  0.608751512583777E+002  0.266776211430502E-001  0.530783435586320E+000  0.973322378856950E+000 -0.583481073706260E+001 -0.204280725134001E+003
 -0.204157388836548E+003  0.477905902165521E+002  0.198168412971600E+001  0.668632263106995E+000 -0.981684129716005E+000 -0.583481073706260E+001 -0.204157388836548E+003
 -0.204142073143752E+003  0.883707618024054E+002  0.560894612447445E+000  0.638944966775922E+000  0.439105387552555E+000 -0.583481073706260E+001 -0.204142073143752E+003
 -0.203908653029437E+003  0.739616743511749E+002  0.179539008656279E+001  0.141529535340607E+001 -0.795390086562793E+000 -0.583481073706260E+001 -0.203908653029437E+003
 -0.202485010406079E+003  0.710076476857615E+002  0.157799824336292E+001  0.117001793285136E+001 -0.577998243362918E+000 -0.583481073706260E+001 -0.202485010406079E+003
 -0.201988611565231E+003  0.644001939652860E+002  0.127551407877431E+001  0.772668259814593E+000 -0.275514078774313E+000 -0.583481073706260E+001 -0.201988611565231E+003
 -0.201953671827542E+003  0.810549182519666E+002  0.179651846122404E+001  0.167085711503039E+001 -0.796518461224042E+000 -0.583481073706260E+001 -0.201953671827542E+003
 -0.200852630961963E+003  0.455867328984354E+002  0.237443471698039E+001  0.746322503462841E+000 -0.137443471698039E+001 -0.583481073706260E+001 -0.200852630961963E+003
 -0.200602011375237E+003  0.573500937923754E+002  0.277473466399861E+001  0.134786420899366E+001 -0.177473466399861E+001 -0.583481073706260E+001 -0.200602011375237E+003
 -0.200559424771470E+003  0.699935974849309E+002  0.172059152100540E+001  0.124295129747679E+001 -0.720591521005402E+000 -0.583481073706260E+001 -0.200559424771470E+003
 -0.198784653040937E+003  0.649965388736136E+002  0.222676017688694E+001  0.138586164625569E+001 -0.122676017688694E+001 -0.583481073706260E+001 -0.198784653040937E+003
 -0.197997403946148E+003  0.871106496781807E+002  0.112521093861484E+001  0.126988211676915E+001 -0.125210938614840E+000 -0.583481073706260E+001 -0.197997403946148E+003
 -0.197881674978508E+003  0.751103594421538E+002  0.127472078166942E+001  0.107349550211348E+001 -0.274720781669417E+000 -0.583481073706260E+001 -0.197881674978508E+003
 -0.197666508519820E+003  0.571971261079604E+002  0.188130269394321E+001  0.927651962956598E+000 -0.881302693943212E+000 -0.583481073706260E+001 -0.197666508519820E+003
 -0.197036807590927E+003  0.929250958365358E+002  0.125777880902644E+001  0.158312620222103E+001 -0.257778809026438E+000 -0.583481073706260E+001 -0.197036807590927E+003
 -0.196877250700401E+003  0.413530434723327E+002  0.450866831162543E+000  0.362994981672296E+000  0.549133168837457E+000 -0.583481073706260E+001 -0.196877250700401E+003
 -0.195954269297982E+003  0.884109421206816E+002  0.109056708792012E+001  0.127660248439727E+001 -0.905670879201179E-001 -0.583481073706260E+001 -0.195954269297982E+003
 -0.195760146989940E+003  0.482506701269967E+002  0.220684005738207E+001  0.783985378293958E+000 -0.120684005738207E+001 -0.583481073706260E+001 -0.195760146989940E+003
 -0.195261111464996E+003  0.670575762073394E+002  0.239178291060727E+001  0.157719724357866E+001 -0.139178291060727E+001 -0.583481073706260E+001 -0.195261111464996E+003
 -0.195221831917039E+003  0.588734739318140E+002  0.270691875724158E+001  0.140254509652052E+001 -0.170691875724158E+001 -0.583481073706260E+001 -0.195221831917039E+003
 -0.195165837623209E+003  0.755859523020173E+002  0.169108060959172E+001  0.143019989425691E+001 -0.691080609591724E+000 -0.583481073706260E+001 -0.195165837623209E+003
 -0.194105426979558E+003  0.502036973400182E+002  0.147405932992641E+001  0.539540756214886E+000 -0.474059329926412E+000 -0.583481073706260E+001 -0.194105426979558E+003
 -0.193608939846381E+003  0.677485469414951E+002  0.239757198524587E+001  0.161700123631922E+001 -0.139757198524587E+001 -0.583481073706260E+001 -0.193608939846381E+003
 -0.193345309900538E+003  0.943088208049476E+002  0.149024852947151E+001  0.189593325366859E+001 -0.490248529471507E+000 -0.583481073706260E+001 -0.193345309900538E+003
 -0.193161452431965E+003  0.929861659798829E+002  0.105757688194187E+001  0.137688827044069E+001 -0.575768819418729E-001 -0.583481073706260E+001 -0.193161452431965E+003
 -0.193132873379574E+003  0.787773557512312E+002  0.983113993898519E-001  0.315106248157096E+000  0.901688600610148E+000 -0.583481073706260E+001 -0.193132873379574E+003
 -0.192378122370827E+003  0.722378689660773E+002  0.257225943537724E+001  0.192133753687481E+001 -0.157225943537724E+001 -0.583481073706260E+001 -0.192378122370827E+003
 -0.192304161618315E+003  0.846201137871322E+002  0.177930566054489E+001  0.183702188610478E+001 -0.779305660544885E+000 -0.583481073706260E+001 -0.192304161618315E+003
 -0.190612347473968E+003  0.794407330159846E+002  0.157143225946012E+001  0.148455384062755E+001 -0.571432259460121E+000 -0.583481073706260E+001 -0.190612347473968E+003
 -0.190090884444205E+003  0.849821170047883E+002  0.115438865871486E+001  0.126973735111414E+001 -0.154388658714855E+000 -0.583481073706260E+001 -0.190090884444205E+003
 -0.189667181414924E+003  0.697518985427095E+002  0.113935052884222E+001  0.838177187399427E+000 -0.139350528842215E+000 -0.583481073706260E+001 -0.189667181414924E+003
 -0.189531607910361E+003  0.632873510527475E+002  0.268245207460844E+001  0.160691988222918E+001 -0.168245207460844E+001 -0.583481073706260E+001 -0.189531607910361E+003
 -0.189501878813630E+003  0.817031911079183E+002  0.139417139448209E+001  0.140666233944189E+001 -0.394171394482087E+000 -0.583481073706260E+001 -0.189501878813630E+003
 -0.189434119127553E+003  0.433773245783316E+002  0.222868322577705E+001  0.648754558742462E+000 -0.122868322577705E+001 -0.583481073706260E+001 -0.189434119127553E+003
 -0.188135807743315E+003  0.622386543697285E+002  0.259681398637599E+001  0.152310175755958E+001 -0.159681398637599E+001 -0.583481073706260E+001 -0.188135807743315E+003
 -0.187894726768159E+003  0.894056812645271E+002  0.133643449995290E+001  0.160302117212003E+001 -0.336434499952903E+000 -0.583481073706260E+001 -0.187894726768159E+003
 -0.186789379743890E+003  0.660285615721680E+002  0.164910910069056E+001  0.111120104759012E+001 -0.649109100690564E+000 -0.583481073706260E+001 -0.186789379743890E+003
 -0.186259824532597E+003  0.723738947306814E+002  0.223243999293700E+001  0.174286731433566E+001 -0.123243999293700E+001 -0.583481073706260E+001 -0.186259824532597E+003
 -0.185809707990149E+003  0.414002871982912E+002  0.265976238575698E+001  0.723683658368823E+000 -0.165976238575698E+001 -0.583481073706260E+001 -0.185809707990149E+003
 -0.185447956737010E+003  0.619530116947955E+002  0.263190736232856E+001  0.154235218250341E+001 -0.163190736232856E+001 -0.583481073706260E+001 -0.185447956737010E+003
 -0.185113776970605E+003  0.520307743023774E+002  0.657809333985443E+000  0.230428098814970E+000  0.342190666014557E+000 -0.583481073706260E+001 -0.185113776970605E+003
 -0.184984730932013E+003  0.783552169914378E+002  0.198500853253742E+001  0.181200207336010E+001 -0.985008532537416E+000 -0.583481073706260E+001 -0.184984730932013E+003
 -0.184736426919677E+003  0.691311090742137E+002  0.278053555678746E+001  0.195596727502048E+001 -0.178053555678746E+001 -0.583481073706260E+001 -0.184736426919677E+003
 -0.184386876577357E+003  0.892261105376638E+002  0.652976870573413E+000  0.811766219675943E+000  0.347023129426587E+000 -0.583481073706260E+001 -0.184386876577357E+003
 -0.183876144170868E+003  0.884857008210978E+002  0.575770880901731E+000  0.695739950211381E+000  0.424229119098269E+000 -0.583481073706260E+001 -0.183876144170868E+003
 -0.183166053005606E+003  0.432310986733191E+002  0.238042349185474E+001  0.705002823004746E+000 -0.138042349185474E+001 -0.583481073706260E+001 -0.183166053005606E+003
 -0.182788903189601E+003  0.634482095142091E+002  0.268505600755867E+001  0.165125468299688E+001 -0.168505600755867E+001 -0.583481073706260E+001 -0.182788903189601E+003
 -0.182668028436135E+003  0.465265421707176E+002  0.668914043349345E+000  0.251866310931692E+000  0.331085956650655E+000 -0.583481073706260E+001 -0.182668028436135E+003
 -0.182367927837709E+003  0.659085207292445E+002  0.194477524755448E+001  0.131782891100117E+001 -0.944775247554481E+000 -0.583481073706260E+001 -0.182367927837709E+003
 -0.181988185268468E+003  0.651180963664815E+002  0.264830204049931E+001  0.171095902813465E+001 -0.164830204049931E+001 -0.583481073706260E+001 -0.181988185268468E+003
 -0.181658643314272E+003  0.745811373275973E+002  0.180090505827354E+001  0.154222087296454E+001 -0.800905058273544E+000 -0.583481073706260E+001 -0.181658643314272E+003
 -0.181593655003849E+003  0.766121440800194E+002  0.212824498894521E+001  0.187270045928713E+001 -0.112824498894521E+001 -0.583481073706260E+001 -0.181593655003849E+003
 -0.181056576401276E+003  0.821943689573004E+002  0.827592261303331E+000  0.872981384130352E+000  0.172407738696669E+000 -0.583481073706260E+001 -0.181056576401276E+003
 -0.181052841422156E+003  0.494193990805938E+002  0.246588306169587E+001  0.963715993048600E+000 -0.146588306169587E+001 -0.583481073706260E+001 -0.181052841422156E+003
 -0.181048186342462E+003  0.520398895871868E+002  0.104744223616849E+001  0.391027436429090E+000 -0.474422361684939E-001 -0.583481073706260E+001 -0.181048186342462E+003
 -0.180991621464152E+003  0.623223843017379E+002  0.189287145380866E+001  0.115959452843709E+001 -0.892871453808661E+000 -0.583481073706260E+001 -0.180991621464152E+003
 -0.180985824695672E+003  0.507282818263803E+002  0.274100476189955E+001  0.112789815341851E+001 -0.174100476189955E+001 -0.583481073706260E+001 -0.180985824695672E+003
 -0.180688842333979E+003  0.727830058593720E+002  0.226212478581994E+001  0.181389204482161E+001 -0.126212478581994E+001 -0.583481073706260E+001 -0.180688842333979E+003
 -0.180278606089352E+003  0.899748039847177E+002  0.149430520561034E+001  0.183148702452532E+001 -0.494305205610338E+000 -0.583481073706260E+001 -0.180278606089352E+003
 -0.179244355744342E+003  0.860342166506742E+002  0.750479074311643E+000  0.877201351601423E+000  0.249520925688357E+000 -0.583481073706260E+001 -0.179244355744342E+003
 -0.177735915281248E+003  0.629728553246138E+002  0.191178704931142E+001  0.120708296497584E+001 -0.911787049311418E+000 -0.583481073706260E+001 -0.177735915281248E+003
 -0.177539013984091E+003  0.431473153702618E+002  0.202778546794262E+001  0.595914422429030E+000 -0.102778546794262E+001 -0.583481073706260E+001 -0.177539013984091E+003
 -0.177274682322424E+003  0.643784447181773E+002  0.169323649008689E+001  0.111810984445655E+001 -0.693236490086889E+000 -0.583481073706260E+001 -0.177274682322424E+003
 -0.176510645682905E+003  0.532591005704722E+002  0.299822257049857E+001  0.136543075915697E+001 -0.199822257049857E+001 -0.583481073706260E+001 -0.176510645682905E+003
 -0.176504405544237E+003  0.533624050439890E+002  0.173386258247395E+000  0.409303751738307E+000  0.826613741752605E+000 -0.583481073706260E+001 -0.176504405544237E+003
 -0.176406545452446E+003  0.697695509612422E+002  0.170695802523867E+001  0.132021663349517E+001 -0.706958025238675E+000 -0.583481073706260E+001 -0.176406545452446E+003
 -0.174558774109047E+003  0.497307563491192E+002  0.188656125989088E+001  0.745153568041710E+000 -0.886561259890879E+000 -0.583481073706260E+001 -0.174558774109047E+003
 -0.174435836563631E+003  0.945995580869267E+002  0.651860542857711E+000  0.955295490745253E+000  0.348139457142289E+000 -0.583481073706260E+001 -0.174435836563631E+003
 -0.173069974431938E+003  0.866959648786976E+002  0.122627507722341E+001  0.147379607150117E+001 -0.226275077223415E+000 -0.583481073706260E+001 -0.173069974431938E+003
 -0.172675760053184E+003  0.632977019059202E+002  0.180519462879341E+001  0.117088028640187E+001 -0.805194628793412E+000 -0.583481073706260E+001 -0.172675760053184E+003
 -0.172551833736715E+003  0.416448441029106E+002  0.384603959484349E-001  0.711327062262166E+000  0.961539604051565E+000 -0.583481073706260E+001 -0.172551833736715E+003
 -0.172441690419739E+003  0.598487761996469E+002  0.218029212034371E+001  0.126780949244335E+001 -0.118029212034371E+001 -0.583481073706260E+001 -0.172441690419739E+003
 -0.172142666989766E+003  0.727637436039169E+002  0.179421637903132E+001  0.151825026831927E+001 -0.794216379031315E+000 -0.583481073706260E+001 -0.172142666989766E+003
 -0.172019651618192E+003  0.883427911095294E+002  0.950870567552198E+000  0.120677087171979E+001  0.491294324478018E-001 -0.583481073706260E+001 -0.172019651618192E+003
 -0.171350202810706E+003  0.531016872588988E+002  0.951442468300850E+000  0.368990157075758E+000  0.485575316991496E-001 -0.583481073706260E+001 -0.171350202810706E+003
 -0.170948372093187E+003  0.466729796419755E+002  0.238534736966042E+001  0.856144910722271E+000 -0.138534736966042E+001 -0.583481073706260E+001 -0.170948372093187E+003
 -0.170264644123986E+003  0.585128587494934E+002  0.180909492085645E+001  0.101131097058995E+001 -0.809094920856448E+000 -0.583481073706260E+001 -0.170264644123986E+003
 -0.168686790979834E+003  0.976064385382615E+002  0.126095063334966E+001  0.190510372011774E+001 -0.260950633349661E+000 -0.583481073706260E+001 -0.168686790979834E+003
 -0.168368656785632E+003  0.586637116461348E+002  0.134893322307033E+001  0.737441937586555E+000 -0.348933223070329E+000 -0.583481073706260E+001 -0.168368656785632E+003
 -0.167846268464414E+003  0.645054443468796E+002  0.393046150027743E-002  0.622291145745519E+000  0.996069538499723E+000 -0.583481073706260E+001 -0.167846268464414E+003
 -0.167826095863760E+003  0.738636965351448E+002  0.145596231432677E+001  0.130013734608118E+001 -0.455962314326766E+000 -0.583481073706260E+001 -0.167826095863760E+003
 -0.167657955386427E+003  0.816898004517676E+002  0.992376739748942E+000  0.108653928548906E+001  0.762326025105831E-002 -0.583481073706260E+001 -0.167657955386427E+003
 -0.167386363949335E+003  0.639713301645722E+002  0.167675865283860E+001  0.112933409886754E+001 -0.676758652838603E+000 -0.583481073706260E+001 -0.167386363949335E+003
 -0.167356928619297E+003  0.583558840773501E+002  0.157303719735978E+001  0.872456423758184E+000 -0.573037197359783E+000 -0.583481073706260E+001 -0.167356928619297E+003
 -0.167266794683030E+003  0.437250308416513E+002  0.239108313552274E-001  0.725899021144403E+000  0.976089168644773E+000 -0.583481073706260E+001 -0.167266794683030E+003
 -0.165962810915522E+003  0.814108608130298E+002  0.950577777704886E+000  0.103766904942856E+001  0.494222222951142E-001 -0.583481073706260E+001 -0.165962810915522E+003
 -0.165716387793913E+003  0.724923054742057E+002  0.169489769261868E+001  0.146287132727203E+001 -0.694897692618678E+000 -0.583481073706260E+001 -0.165716387793913E+003
 -0.165427170238968E+003  0.623846875868098E+002  0.258071580092653E+001  0.164492233975381E+001 -0.158071580092653E+001 -0.583481073706260E+001 -0.165427170238968E+003
 -0.165234313575785E+003  0.866499634546297E+002  0.689378147028748E+000  0.850757367144056E+000  0.310621852971252E+000 -0.583481073706260E+001 -0.165234313575785E+003
 -0.164216780036498E+003  0.539467901142579E+002  0.936052290673073E+000  0.381284201752638E+000  0.639477093269273E-001 -0.583481073706260E+001 -0.164216780036498E+003
 -0.164186893518007E+003  0.980408177492744E+002  0.686856314623801E+000  0.112532250134940E+001  0.313143685376199E+000 -0.583481073706260E+001 -0.164186893518007E+003
 -0.163944766427512E+003  0.720834108186860E+002  0.237237660052283E+001  0.197875782966385E+001 -0.137237660052283E+001 -0.583481073706260E+001 -0.163944766427512E+003
 -0.163932723721684E+003  0.503083868165110E+002  0.232844240841949E+001  0.993372001500166E+000 -0.132844240841949E+001 -0.583481073706260E+001 -0.163932723721684E+003
 -0.163879858360349E+003  0.693762789083113E+002  0.164878374260913E+001  0.131877715910895E+001 -0.648783742609131E+000 -0.583481073706260E+001 -0.163879858360349E+003
 -0.163745779488958E+003  0.485719996049628E+002  0.271132384285883E+001  0.108584808624520E+001 -0.171132384285883E+001 -0.583481073706260E+001 -0.163745779488958E+003
 -0.163738256952134E+003  0.421782975955528E+002  0.596592143136199E-001  0.695531948845323E+000  0.940340785686380E+000 -0.583481073706260E+001 -0.163738256952134E+003
 -0.163112310031994E+003  0.832424197389575E+002  0.628652035219506E+000  0.698943738745598E+000  0.371347964780494E+000 -0.583481073706260E+001 -0.163112310031994E+003
 -0.163016457629428E+003  0.637678935787271E+002  0.175688781318678E+001  0.119494361983789E+001 -0.756887813186781E+000 -0.583481073706260E+001 -0.163016457629428E+003
 -0.162801905533870E+003  0.483722141924480E+002  0.203443664450808E+001  0.793944772505185E+000 -0.103443664450808E+001 -0.583481073706260E+001 -0.162801905533870E+003
 -0.162340285248541E+003  0.908555819554799E+002  0.645206317148332E+000  0.895554855266355E+000  0.354793682851668E+000 -0.583481073706260E+001 -0.162340285248541E+003
 -0.162332999720732E+003  0.400295535969633E+002  0.881856128491809E-001  0.687010559324870E+000  0.911814387150819E+000 -0.583481073706260E+001 -0.162332999720732E+003
 -0.162173248470196E+003  0.557880745406792E+002  0.232798930261072E+001  0.122537663420241E+001 -0.132798930261072E+001 -0.583481073706260E+001 -0.162173248470196E+003
 -0.161556196471050E+003  0.756849918362515E+002  0.119452751845954E+001  0.114453414653011E+001 -0.194527518459541E+000 -0.583481073706260E+001 -0.161556196471050E+003
 -0.160795482704416E+003  0.657739323459962E+002  0.828971750344814E+000  0.537507295008060E+000  0.171028249655186E+000 -0.583481073706260E+001 -0.160795482704416E+003
 -0.160406274082814E+003  0.659391816715268E+002  0.251755885754675E+001  0.181026120340710E+001 -0.151755885754675E+001 -0.583481073706260E+001 -0.160406274082814E+003
 -0.160257428911797E+003  0.885269121762708E+002  0.143339947289043E+001  0.185007231704485E+001 -0.433399472890425E+000 -0.583481073706260E+001 -0.160257428911797E+003
 -0.160233253240891E+003  0.643863007379761E+002  0.166247713194436E+001  0.116282700954668E+001 -0.662477131944360E+000 -0.583481073706260E+001 -0.160233253240891E+003
 -0.159661740473713E+003  0.788070895682525E+002  0.472159334110579E+000  0.419400894501213E+000  0.527840665889421E+000 -0.583481073706260E+001 -0.159661740473713E+003
 -0.159609811769449E+003  0.858312232871972E+002  0.548360627440623E+000  0.653252608499567E+000  0.451639372559377E+000 -0.583481073706260E+001 -0.159609811769449E+003
 -0.159534782961610E+003  0.686244894267871E+002  0.233529058581976E+001  0.182231312975640E+001 -0.133529058581976E+001 -0.583481073706260E+001 -0.159534782961610E+003
 -0.159378147782000E+003  0.475286890263267E+002  0.272209723276265E+001  0.106084242594616E+001 -0.172209723276265E+001 -0.583481073706260E+001 -0.159378147782000E+003
 -0.159063313210012E+003  0.843558581204487E+002  0.693168655188480E+000  0.818817751832944E+000  0.306831344811520E+000 -0.583481073706260E+001 -0.159063313210012E+003
 -0.158167919842873E+003  0.754131502154465E+002  0.102132210930780E+001  0.973574842309039E+000 -0.213221093077993E-001 -0.583481073706260E+001 -0.158167919842873E+003
 -0.158019337690189E+003  0.814960499471494E+002  0.839214806205868E+000  0.935817140190919E+000  0.160785193794132E+000 -0.583481073706260E+001 -0.158019337690189E+003
 -0.157798216266695E+003  0.988207529472527E+002  0.601754654521942E+000  0.103027148121547E+001  0.398245345478058E+000 -0.583481073706260E+001 -0.157798216266695E+003
 -0.157473865149569E+003  0.400068243541073E+002  0.213764132507053E+001  0.576668797496251E+000 -0.113764132507053E+001 -0.583481073706260E+001 -0.157473865149569E+003
 -0.156892302767617E+003  0.824008149714848E+002  0.176049189165120E+001  0.198023189756263E+001 -0.760491891651198E+000 -0.583481073706260E+001 -0.156892302767617E+003
 -0.156300914761145E+003  0.692734531251959E+002  0.216440837352535E+001  0.175264292474141E+001 -0.116440837352535E+001 -0.583481073706260E+001 -0.156300914761145E+003
 -0.154905738358981E+003  0.731194811386138E+002  0.221079716811608E+001  0.197923627559115E+001 -0.121079716811608E+001 -0.583481073706260E+001 -0.154905738358981E+003
 -0.154699100544446E+003  0.601234339549158E+002  0.144142626383182E+001  0.879843556241636E+000 -0.441426263831825E+000 -0.583481073706260E+001 -0.154699100544446E+003
 -0.154103797872621E+003  0.609231251469041E+002  0.256295911105532E+001  0.163721238982675E+001 -0.156295911105532E+001 -0.583481073706260E+001 -0.154103797872621E+003
 -0.154072233872604E+003  0.622192053723970E+002  0.294678386777559E+001  0.193236383173664E+001 -0.194678386777559E+001 -0.583481073706260E+001 -0.154072233872604E+003
 -0.153917650068348E+003  0.614331401372666E+002  0.940263968252786E-001  0.465659800840884E+000  0.905973603174721E+000 -0.583481073706260E+001 -0.153917650068348E+003
 -0.153721931079131E+003  0.596316671946605E+002  0.291402406355736E+001  0.177649773112262E+001 -0.191402406355736E+001 -0.583481073706260E+001 -0.153721931079131E+003
 -0.153501231248444E+003  0.409232912116404E+002  0.149824947815682E+000  0.627875595500864E+000  0.850175052184318E+000 -0.583481073706260E+001 -0.153501231248444E+003
 -0.153274438865354E+003  0.751879263445931E+002  0.171897400739237E+001  0.166604112783900E+001 -0.718974007392367E+000 -0.583481073706260E+001 -0.153274438865354E+003
 -0.153099194267570E+003  0.673159671305348E+002  0.444169639903831E+000  0.235262643914241E+000  0.555830360096169E+000 -0.583481073706260E+001 -0.153099194267570E+003
 -0.153054957139912E+003  0.568301682060946E+002  0.127090225747107E+001  0.669921390734350E+000 -0.270902257471065E+000 -0.583481073706260E+001 -0.153054957139912E+003
 -0.152586835089171E+003  0.926303381445864E+002  0.886376001374176E+000  0.133302336503488E+001  0.113623998625824E+000 -0.583481073706260E+001 -0.152586835089171E+003
 -0.152008516641956E+003  0.489899878917455E+002  0.243750071588154E+001  0.103103749488830E+001 -0.143750071588154E+001 -0.583481073706260E+001 -0.152008516641956E+003
 -0.151663859727014E+003  0.702865887986407E+002  0.189813324049781E+001  0.162378782972898E+001 -0.898133240497806E+000 -0.583481073706260E+001 -0.151663859727014E+003
 -0.151613827266590E+003  0.797559079915374E+002  0.152525854220193E+001  0.167491823304546E+001 -0.525258542201927E+000 -0.583481073706260E+001 -0.151613827266590E+003
 -0.151601207648279E+003  0.965221009356067E+002  0.127476006741484E+000  0.351963718778424E+000  0.872523993258516E+000 -0.583481073706260E+001 -0.151601207648279E+003
 -0.151422713794101E+003  0.633688710366106E+002  0.254140918016591E+001  0.176505538275298E+001 -0.154140918016591E+001 -0.583481073706260E+001 -0.151422713794101E+003
 -0.151283136782803E+003  0.824261062454971E+002  0.650432477087345E+000  0.737355660688643E+000  0.349567522912655E+000 -0.583481073706260E+001 -0.151283136782803E+003
 -0.150333102157705E+003  0.584766069478978E+002  0.143339415354260E+001  0.834933464639533E+000 -0.433394153542602E+000 -0.583481073706260E+001 -0.150333102157705E+003
 -0.149990300666884E+003  0.595083950926992E+002  0.153418686674205E+001  0.939234303637913E+000 -0.534186866742045E+000 -0.583481073706260E+001 -0.149990300666884E+003
 -0.149725778266054E+003  0.722219905691178E+002  0.206356553174337E+001  0.186077615984527E+001 -0.106356553174337E+001 -0.583481073706260E+001 -0.149725778266054E+003
 -0.149675248654906E+003  0.786908173777253E+002  0.887104917333971E+000  0.945889423614223E+000  0.112895082666029E+000 -0.583481073706260E+001 -0.149675248654906E+003
 -0.149610760450337E+003  0.653016930203317E+002  0.213206610893995E+001  0.159399453079718E+001 -0.113206610893995E+001 -0.583481073706260E+001 -0.149610760450337E+003
 -0.149142886407399E+003  0.919273980767538E+002  0.424364897277801E+000  0.611595118767833E+000  0.575635102722199E+000 -0.583481073706260E+001 -0.149142886407399E+003
 -0.149082971171954E+003  0.433568817398226E+002  0.263464422902566E+001  0.883645139682377E+000 -0.163464422902566E+001 -0.583481073706260E+001 -0.149082971171954E+003
 -0.148771136376950E+003  0.481010294062780E+002  0.295005616849681E+001  0.122718921923110E+001 -0.195005616849681E+001 -0.583481073706260E+001 -0.148771136376950E+003
 -0.148643936969353E+003  0.750008580448576E+002  0.151945133691449E+001  0.150281992269403E+001 -0.519451336914486E+000 -0.583481073706260E+001 -0.148643936969353E+003
 -0.147794083882405E+003  0.713353549101985E+002  0.164890292991147E+001  0.148227611846637E+001 -0.648902929911468E+000 -0.583481073706260E+001 -0.147794083882405E+003
 -0.147618510909964E+003  0.562789271400629E+002  0.242085775639615E+001  0.137077502413443E+001 -0.142085775639615E+001 -0.583481073706260E+001 -0.147618510909964E+003
 -0.147197882617063E+003  0.865650662829442E+002  0.139289433583528E+001  0.182962570216361E+001 -0.392894335835281E+000 -0.583481073706260E+001 -0.147197882617063E+003
 -0.147085558421587E+003  0.522634952906657E+002  0.105013145914892E+001  0.436242299365022E+000 -0.501314591489166E-001 -0.583481073706260E+001 -0.147085558421587E+003
 -0.146950782511941E+003  0.726552941129114E+002  0.167174283447581E+001  0.156204741539840E+001 -0.671742834475806E+000 -0.583481073706260E+001 -0.146950782511941E+003
 -0.146472076362822E+003  0.935519932777690E+002  0.100623926370461E+001  0.157398732739566E+001 -0.623926370461358E-002 -0.583481073706260E+001 -0.146472076362822E+003
 -0.146125371570471E+003  0.649319980226016E+002  0.304835282254620E-001  0.589350594661524E+000  0.969516471774538E+000 -0.583481073706260E+001 -0.146125371570471E+003
 -0.145967621598505E+003  0.516127299846505E+002  0.262975341761502E+001  0.126748496093737E+001 -0.162975341761502E+001 -0.583481073706260E+001 -0.145967621598505E+003
 -0.145815761259565E+003  0.736917623645335E+002  0.208599905047732E+001  0.198406136096693E+001 -0.108599905047732E+001 -0.583481073706260E+001 -0.145815761259565E+003
 -0.145763888354975E+003  0.897013688011399E+002  0.568895834686766E-001  0.438703286835435E+000  0.943110416531323E+000 -0.583481073706260E+001 -0.145763888354975E+003
 -0.145600943437345E+003  0.736099918368444E+002  0.194912198465171E+001  0.186228341066538E+001 -0.949121984651706E+000 -0.583481073706260E+001 -0.145600943437345E+003
 -0.145513094188578E+003  0.564427787225252E+002  0.247859817260630E+001  0.142372487688174E+001 -0.147859817260630E+001 -0.583481073706260E+001 -0.145513094188578E+003
 -0.144374786926976E+003  0.585053308090813E+002  0.143794674181999E+001  0.857498116829120E+000 -0.437946741819989E+000 -0.583481073706260E+001 -0.144374786926976E+003
 -0.144314905207381E+003  0.749046460903054E+002  0.198035842406760E+001  0.196269217481379E+001 -0.980358424067601E+000 -0.583481073706260E+001 -0.144314905207381E+003
 -0.144232211074890E+003  0.777337089044065E+002  0.148582580233141E+001  0.160651955548152E+001 -0.485825802331405E+000 -0.583481073706260E+001 -0.144232211074890E+003
 -0.143646275006347E+003  0.554193136257134E+002  0.154990544904428E+001  0.832239517992516E+000 -0.549905449044282E+000 -0.583481073706260E+001 -0.143646275006347E+003
 -0.143301352146859E+003  0.662880450648440E+002  0.176068443548171E+001  0.139669675475040E+001 -0.760684435481708E+000 -0.583481073706260E+001 -0.143301352146859E+003
 -0.142278075651923E+003  0.496530830424712E+002  0.183845921840570E+001  0.802935562351542E+000 -0.838459218405700E+000 -0.583481073706260E+001 -0.142278075651923E+003
 -0.142091401785103E+003  0.961423169250733E+002  0.615630272127851E+000  0.104974336499237E+001  0.384369727872149E+000 -0.583481073706260E+001 -0.142091401785103E+003
 -0.142089901291077E+003  0.650824336511058E+002  0.253802327955622E+001  0.193063409542288E+001 -0.153802327955622E+001 -0.583481073706260E+001 -0.142089901291077E+003
 -0.141549471858097E+003  0.949528438530651E+002  0.994969047388471E+000  0.163950866783664E+001  0.503095261152886E-002 -0.583481073706260E+001 -0.141549471858097E+003
 -0.140854529973663E+003  0.546092037991254E+002  0.111101112151726E+001  0.532959879804270E+000 -0.111011121517264E+000 -0.583481073706260E+001 -0.140854529973663E+003
 -0.140428174668455E+003  0.513485617406633E+002  0.331914826187789E+000  0.331913060696551E+000  0.668085173812211E+000 -0.583481073706260E+001 -0.140428174668455E+003
 -0.140218061366302E+003  0.693639255059994E+002  0.176228119779584E+001  0.154937197670499E+001 -0.762281197795842E+000 -0.583481073706260E+001 -0.140218061366302E+003
 -0.139543996250071E+003  0.677527677917413E+002  0.187564152817115E+001  0.157898853748336E+001 -0.875641528171148E+000 -0.583481073706260E+001 -0.139543996250071E+003
 -0.139184027125193E+003  0.743766351383745E+002  0.154893819268213E+001  0.157092328664718E+001 -0.548938192682132E+000 -0.583481073706260E+001 -0.139184027125193E+003
 -0.138087542342302E+003  0.506203298925200E+002  0.249235530908484E+001  0.119242764304369E+001 -0.149235530908484E+001 -0.583481073706260E+001 -0.138087542342302E+003
 -0.137676633757122E+003  0.753457134052943E+002  0.128882256223413E+001  0.134869883194400E+001 -0.288822562234130E+000 -0.583481073706260E+001 -0.137676633757122E+003
 -0.137509938733354E+003  0.890194736089663E+002  0.662501143669404E+000  0.961466917640984E+000  0.337498856330596E+000 -0.583481073706260E+001 -0.137509938733354E+003
 -0.137471816872342E+003  0.600288458512545E+002  0.167552911931176E+001  0.110904181769586E+001 -0.675529119311764E+000 -0.583481073706260E+001 -0.137471816872342E+003
 -0.137169250575619E+003  0.788370046607257E+002  0.636298379948724E+000  0.670436587153201E+000  0.363701620051276E+000 -0.583481073706260E+001 -0.137169250575619E+003
 -0.137010625292634E+003  0.706147906291242E+002  0.191126055761224E+001  0.176217017504472E+001 -0.911260557612238E+000 -0.583481073706260E+001 -0.137010625292634E+003
 -0.136388798248121E+003  0.789519988008482E+002  0.167991454020361E+001  0.193054330061449E+001 -0.679914540203605E+000 -0.583481073706260E+001 -0.136388798248121E+003
 -0.134929022304275E+003  0.640982924542843E+002  0.168398563906746E+001  0.129341347870968E+001 -0.683985639067457E+000 -0.583481073706260E+001 -0.134929022304275E+003
 -0.134793938686312E+003  0.772536848003099E+002  0.120289373984345E+001  0.134019270683013E+001 -0.202893739843455E+000 -0.583481073706260E+001 -0.134793938686312E+003
 -0.134785083791156E+003  0.617386699308022E+002  0.250820072881314E+001  0.179524612433314E+001 -0.150820072881314E+001 -0.583481073706260E+001 -0.134785083791156E+003
 -0.134179222106296E+003  0.481619740665773E+002  0.247089536074843E+001  0.108541025116978E+001 -0.147089536074843E+001 -0.583481073706260E+001 -0.134179222106296E+003
 -0.133754041897503E+003  0.981587921715212E+002  0.594542341943887E+000  0.110193742318946E+001  0.405457658056113E+000 -0.583481073706260E+001 -0.133754041897503E+003
 -0.133737334833024E+003  0.689541298624689E+002  0.119462861799904E+001  0.104422363320824E+001 -0.194628617999045E+000 -0.583481073706260E+001 -0.133737334833024E+003
 -0.133488093057050E+003  0.892232127284255E+002  0.133409030663687E+001  0.198994272480768E+001 -0.334090306636873E+000 -0.583481073706260E+001 -0.133488093057050E+003
 -0.133410907689296E+003  0.975249033197565E+002  0.637490994714729E-002  0.635447874985568E+000  0.993625090052853E+000 -0.583481073706260E+001 -0.133410907689296E+003
 -0.133360429096931E+003  0.439777637938177E+002  0.258666674944249E+001  0.948470763429890E+000 -0.158666674944249E+001 -0.583481073706260E+001 -0.133360429096931E+003
 -0.132576371802916E+003  0.665085499878076E+002  0.143724709001503E+001  0.119157819984514E+001 -0.437247090015032E+000 -0.583481073706260E+001 -0.132576371802916E+003
 -0.132024107508448E+003  0.430613470887300E+002  0.480505398790042E-001  0.786665199250767E+000  0.951949460120996E+000 -0.583481073706260E+001 -0.132024107508448E+003
 -0.131758137689971E+003  0.624727595047801E+002  0.233801029640790E+001  0.174173541829919E+001 -0.133801029640790E+001 -0.583481073706260E+001 -0.131758137689971E+003
 -0.131646087103581E+003  0.609261173623782E+002  0.176663103773987E+001  0.124376536783039E+001 -0.766631037739867E+000 -0.583481073706260E+001 -0.131646087103581E+003
 -0.131476760090004E+003  0.554939455125552E+002  0.181232789681143E+001  0.105026248162159E+001 -0.812327896811429E+000 -0.583481073706260E+001 -0.131476760090004E+003
 -0.131377392293762E+003  0.490621289905306E+002  0.219533401506570E+001  0.100224648055170E+001 -0.119533401506570E+001 -0.583481073706260E+001 -0.131377392293762E+003
 -0.130788319043871E+003  0.407448949622183E+002  0.341363600087451E-001  0.840918956993089E+000  0.965863639991255E+000 -0.583481073706260E+001 -0.130788319043871E+003
 -0.130379366541050E+003  0.667898464701716E+002  0.786630090628498E+000  0.577601422530721E+000  0.213369909371502E+000 -0.583481073706260E+001 -0.130379366541050E+003
 -0.129844519607170E+003  0.529570400714737E+002  0.979681817733065E+000  0.433301882457281E+000  0.203181822669347E-001 -0.583481073706260E+001 -0.129844519607170E+003
 -0.129429948082606E+003  0.965134014246683E+002  0.931575807517970E+000  0.168880816572662E+001  0.684241924820297E-001 -0.583481073706260E+001 -0.129429948082606E+003
 -0.128947304836525E+003  0.735904999987396E+002  0.160952973456980E+001  0.168071191411455E+001 -0.609529734569801E+000 -0.583481073706260E+001 -0.128947304836525E+003
 -0.128489533864067E+003  0.594431201907165E+002  0.190164723777954E+001  0.129813308083940E+001 -0.901647237779539E+000 -0.583481073706260E+001 -0.128489533864067E+003
 -0.128279668232367E+003  0.567761327715220E+002  0.242850833769288E+001  0.152889647669859E+001 -0.142850833769288E+001 -0.583481073706260E+001 -0.128279668232367E+003
 -0.127920180621098E+003  0.907201600113594E+002  0.862222550642667E+000  0.138393656436062E+001  0.137777449357333E+000 -0.583481073706260E+001 -0.127920180621098E+003
 -0.127432522605836E+003  0.923426848415505E+002  0.658225373215281E-001  0.449005263279956E+000  0.934177462678472E+000 -0.583481073706260E+001 -0.127432522605836E+003
 -0.126997105665889E+003  0.973125901887945E+002  0.680893306468383E+000  0.127807462764805E+001  0.319106693531617E+000 -0.583481073706260E+001 -0.126997105665889E+003
 -0.126478148608011E+003  0.623254337663533E+002  0.234659847979550E+001  0.178975831897982E+001 -0.134659847979550E+001 -0.583481073706260E+001 -0.126478148608011E+003
 -0.125703473075480E+003  0.930749281739305E+002  0.655821169847594E+000  0.111518460996969E+001  0.344178830152406E+000 -0.583481073706260E+001 -0.125703473075480E+003
 -0.125659116184625E+003  0.818462279349308E+002  0.126320034659093E+001  0.166130292981438E+001 -0.263200346590928E+000 -0.583481073706260E+001 -0.125659116184625E+003
 -0.123873695843916E+003  0.879858435684712E+002  0.742937395639682E+000  0.112549269532817E+001  0.257062604360318E+000 -0.583481073706260E+001 -0.123873695843916E+003
 -0.123857271102093E+003  0.716848033893260E+002  0.177233107641684E+001  0.180621793668807E+001 -0.772331076416842E+000 -0.583481073706260E+001 -0.123857271102093E+003
 -0.123701628586093E+003  0.612034650450343E+002  0.173661360712192E+001  0.128082260382600E+001 -0.736613607121917E+000 -0.583481073706260E+001 -0.123701628586093E+003
 -0.123562990616802E+003  0.524962096685329E+002  0.277756479303923E+001  0.153931783025556E+001 -0.177756479303923E+001 -0.583481073706260E+001 -0.123562990616802E+003
 -0.123474924099908E+003  0.493252918425448E+002  0.291454255452819E+001  0.142928032920378E+001 -0.191454255452819E+001 -0.583481073706260E+001 -0.123474924099908E+003
 -0.123274191142722E+003  0.707335047241133E+002  0.103736598719403E+001  0.984896569630922E+000 -0.373659871940304E-001 -0.583481073706260E+001 -0.123274191142722E+003
 -0.123023280835287E+003  0.907358791676082E+002  0.812911951849004E+000  0.133556487993044E+001  0.187088048150996E+000 -0.583481073706260E+001 -0.123023280835287E+003
 -0.122834135368629E+003  0.442758359700310E+002  0.229522387353323E+001  0.879477225402603E+000 -0.129522387353323E+001 -0.583481073706260E+001 -0.122834135368629E+003
 -0.122729745323334E+003  0.775604612290444E+002  0.132698505926627E+001  0.158923868066020E+001 -0.326985059266271E+000 -0.583481073706260E+001 -0.122729745323334E+003
 -0.122522073847603E+003  0.675221782709255E+002  0.166455111072884E+001  0.151256777413082E+001 -0.664551110728837E+000 -0.583481073706260E+001 -0.122522073847603E+003
 -0.121908614336039E+003  0.570240296549382E+002  0.130073476126361E+001  0.783218352786618E+000 -0.300734761263612E+000 -0.583481073706260E+001 -0.121908614336039E+003
 -0.121666280680889E+003  0.881188621645179E+002  0.662998541894178E+000  0.100633720980634E+001  0.337001458105822E+000 -0.583481073706260E+001 -0.121666280680889E+003
 -0.121004668779801E+003  0.426516768353884E+002  0.193080894857249E+001  0.666634011650040E+000 -0.930808948572486E+000 -0.583481073706260E+001 -0.121004668779801E+003
 -0.120964356848921E+003  0.582070615769916E+002  0.272682202410404E+001  0.187787974030916E+001 -0.172682202410404E+001 -0.583481073706260E+001 -0.120964356848921E+003
 -0.120440479699482E+003  0.846016172396318E+002  0.101901873108429E+001  0.146992467937856E+001 -0.190187310842891E-001 -0.583481073706260E+001 -0.120440479699482E+003
 -0.120316325240037E+003  0.637554775939507E+002  0.186007782823169E+001  0.152875384754577E+001 -0.860077828231694E+000 -0.583481073706260E+001 -0.120316325240037E+003
 -0.119189848003798E+003  0.647729310476946E+002  0.192396445337313E+001  0.164629636332249E+001 -0.923964453373133E+000 -0.583481073706260E+001 -0.119189848003798E+003
 -0.119003283382912E+003  0.510768989672894E+002  0.181146669745378E+001  0.926363888106728E+000 -0.811466697453783E+000 -0.583481073706260E+001 -0.119003283382912E+003
 -0.118976152440544E+003  0.718584886494699E+002  0.110665500332182E+001  0.112578799698547E+001 -0.106655003321821E+000 -0.583481073706260E+001 -0.118976152440544E+003
 -0.118855448473777E+003  0.405982483638183E+002  0.131314274569449E+000  0.743646028401729E+000  0.868685725430551E+000 -0.583481073706260E+001 -0.118855448473777E+003
 -0.118713852984272E+003  0.796672687145142E+002  0.143706993899993E+001  0.186327820976770E+001 -0.437069938999933E+000 -0.583481073706260E+001 -0.118713852984272E+003
 -0.118176030710007E+003  0.413782281289315E+002  0.248617161444191E+001  0.852954770469352E+000 -0.148617161444191E+001 -0.583481073706260E+001 -0.118176030710007E+003
 -0.117932474809738E+003  0.955241721724154E+002  0.539664516061926E+000  0.100238183397710E+001  0.460335483938074E+000 -0.583481073706260E+001 -0.117932474809738E+003
 -0.117656667841032E+003  0.882574024219434E+002  0.912715639985477E+000  0.145898137410203E+001  0.872843600145229E-001 -0.583481073706260E+001 -0.117656667841032E+003
 -0.117516374715593E+003  0.752924670681082E+002  0.128970704069696E+001  0.149186349503625E+001 -0.289707040696960E+000 -0.583481073706260E+001 -0.117516374715593E+003
 -0.117357223506745E+003  0.826713258450043E+002  0.380754431886907E-001  0.547601554652887E+000  0.961924556811309E+000 -0.583481073706260E+001 -0.117357223506745E+003
 -0.116992437516124E+003  0.450138384786078E+002  0.288329308557742E+001  0.121239677804052E+001 -0.188329308557742E+001 -0.583481073706260E+001 -0.116992437516124E+003
 -0.116812393408090E+003  0.572162797163648E+002  0.833978677285747E+000  0.435728430032429E+000  0.166021322714253E+000 -0.583481073706260E+001 -0.116812393408090E+003
 -0.116797879948308E+003  0.426854289565351E+002  0.147418928134649E+001  0.492866449972863E+000 -0.474189281346491E+000 -0.583481073706260E+001 -0.116797879948308E+003
 -0.115950097929028E+003  0.424549390059675E+002  0.662232017279153E+000  0.357953286168483E+000  0.337767982720847E+000 -0.583481073706260E+001 -0.115950097929028E+003
 -0.115173962970220E+003  0.515139874737407E+002  0.256124140315582E+001  0.142532527585409E+001 -0.156124140315582E+001 -0.583481073706260E+001 -0.115173962970220E+003
 -0.115123124709917E+003  0.965302908817367E+002  0.944247225138884E+000  0.185906275353484E+001  0.557527748611156E-001 -0.583481073706260E+001 -0.115123124709917E+003
 -0.114967959960102E+003  0.686712728491883E+002  0.157836072843711E+001  0.154567691726968E+001 -0.578360728437112E+000 -0.583481073706260E+001 -0.114967959960102E+003
 -0.114959782440416E+003  0.720587146655068E+002  0.151692593738537E+001  0.163976998959991E+001 -0.516925937385370E+000 -0.583481073706260E+001 -0.114959782440416E+003
 -0.114684198321000E+003  0.613195959530052E+002  0.225594774171777E+001  0.178554276117710E+001 -0.125594774171777E+001 -0.583481073706260E+001 -0.114684198321000E+003
 -0.114425569162187E+003  0.465560664955406E+002  0.158974601482174E+001  0.652818198003328E+000 -0.589746014821739E+000 -0.583481073706260E+001 -0.114425569162187E+003
 -0.114245266802474E+003  0.519898966191288E+002  0.279329612816475E+001  0.160163842709353E+001 -0.179329612816475E+001 -0.583481073706260E+001 -0.114245266802474E+003
 -0.113993198828881E+003  0.631399984893972E+002  0.143092198230133E+001  0.115921034167709E+001 -0.430921982301330E+000 -0.583481073706260E+001 -0.113993198828881E+003
 -0.113541361327948E+003  0.593025674426711E+002  0.266377916932910E+001  0.199417574891239E+001 -0.166377916932910E+001 -0.583481073706260E+001 -0.113541361327948E+003
 -0.112724157111772E+003  0.444032149940794E+002  0.164969642996889E+001  0.621321699002216E+000 -0.649696429968890E+000 -0.583481073706260E+001 -0.112724157111772E+003
 -0.112723598795564E+003  0.652624116630793E+002  0.104064717070659E+001  0.854242835093466E+000 -0.406471707065945E-001 -0.583481073706260E+001 -0.112723598795564E+003
 -0.112247490109166E+003  0.552278864904943E+002  0.229737292338873E+001  0.149046891936449E+001 -0.129737292338873E+001 -0.583481073706260E+001 -0.112247490109166E+003
 -0.112245551173159E+003  0.435712703195888E+002  0.874976295279923E-001  0.783873825395093E+000  0.912502370472008E+000 -0.583481073706260E+001 -0.112245551173159E+003
 -0.112224846217143E+003  0.830036942788438E+002  0.544001035086941E+000  0.705246011533980E+000  0.455998964913059E+000 -0.583481073706260E+001 -0.112224846217143E+003
 -0.112074095743689E+003  0.666981541758901E+002  0.183897881891808E+001  0.174175271811460E+001 -0.838978818918083E+000 -0.583481073706260E+001 -0.112074095743689E+003
 -0.112055189385927E+003  0.536089796607577E+002  0.255381687028105E+001  0.157193704298970E+001 -0.155381687028105E+001 -0.583481073706260E+001 -0.112055189385927E+003
 -0.111756196112152E+003  0.725535149665991E+002  0.137054532472779E+001  0.152177220465201E+001 -0.370545324727789E+000 -0.583481073706260E+001 -0.111756196112152E+003
 -0.111633074745095E+003  0.675860972743934E+002  0.288532565549182E-002  0.753926637476173E+000  0.997114674344508E+000 -0.583481073706260E+001 -0.111633074745095E+003
 -0.111258890404926E+003  0.695440700803237E+002  0.136189443645035E+001  0.138132644914772E+001 -0.361894436450346E+000 -0.583481073706260E+001 -0.111258890404926E+003
 -0.111106242048790E+003  0.621142376385282E+002  0.226560135339910E+001  0.188437895400851E+001 -0.126560135339910E+001 -0.583481073706260E+001 -0.111106242048790E+003
 -0.111086199023818E+003  0.754126943127555E+002  0.148156142188699E+001  0.180319469130345E+001 -0.481561421886991E+000 -0.583481073706260E+001 -0.111086199023818E+003
 -0.110959012421158E+003  0.412207417255679E+002  0.232603367093650E+001  0.810181296415993E+000 -0.132603367093650E+001 -0.583481073706260E+001 -0.110959012421158E+003
 -0.110289234638888E+003  0.416998945392236E+002  0.272850756832408E+001  0.100419684900930E+001 -0.172850756832408E+001 -0.583481073706260E+001 -0.110289234638888E+003
 -0.110268401515943E+003  0.685903867739660E+002  0.163329303955369E+001  0.164683278046782E+001 -0.633293039553690E+000 -0.583481073706260E+001 -0.110268401515943E+003
 -0.110058859918780E+003  0.863008870818755E+002  0.569166245762913E+000  0.843448101695169E+000  0.430833754237087E+000 -0.583481073706260E+001 -0.110058859918780E+003
 -0.109590181014877E+003  0.639077531790521E+002  0.145846171273791E+001  0.124848693710834E+001 -0.458461712737908E+000 -0.583481073706260E+001 -0.109590181014877E+003
 -0.109490361469891E+003  0.826559254030227E+002  0.126695283437944E+001  0.187689785420272E+001 -0.266952834379444E+000 -0.583481073706260E+001 -0.109490361469891E+003
 -0.108898055289782E+003  0.567134170492330E+002  0.272168938228377E+001  0.192530276719950E+001 -0.172168938228377E+001 -0.583481073706260E+001 -0.108898055289782E+003
 -0.108422302728548E+003  0.458126692630104E+002  0.185920174972946E+000  0.620998288007777E+000  0.814079825027054E+000 -0.583481073706260E+001 -0.108422302728548E+003
 -0.108369946965550E+003  0.544536437520455E+002  0.234600280478416E+001  0.151644613365298E+001 -0.134600280478416E+001 -0.583481073706260E+001 -0.108369946965550E+003
 -0.107635368174885E+003  0.916691196466528E+002  0.938464219689560E+000  0.173755366492335E+001  0.615357803104396E-001 -0.583481073706260E+001 -0.107635368174885E+003
 -0.107468489382505E+003  0.477427726311720E+002  0.203405659259117E+001  0.970593589308199E+000 -0.103405659259117E+001 -0.583481073706260E+001 -0.107468489382505E+003
 -0.107425238904711E+003  0.903275759616019E+002  0.681113260908020E+000  0.118926940375653E+001  0.318886739091980E+000 -0.583481073706260E+001 -0.107425238904711E+003
 -0.107155878100407E+003  0.814199948826932E+002  0.600385613134337E+000  0.775875183442234E+000  0.399614386865663E+000 -0.583481073706260E+001 -0.107155878100407E+003
 -0.107150904521945E+003  0.471131967031914E+002  0.762406906728385E+000  0.316622841512036E+000  0.237593093271615E+000 -0.583481073706260E+001 -0.107150904521945E+003
 -0.107051710168714E+003  0.919882441808859E+002  0.940639146516935E+000  0.176220699556806E+001  0.593608534830653E-001 -0.583481073706260E+001 -0.107051710168714E+003
 -0.106943354755683E+003  0.964343201359609E+002  0.624718922495759E+000  0.127553281283342E+001  0.375281077504241E+000 -0.583481073706260E+001 -0.106943354755683E+003
 -0.106488851231190E+003  0.527340997983292E+002  0.158202667725764E+001  0.898958589924929E+000 -0.582026677257644E+000 -0.583481073706260E+001 -0.106488851231190E+003
 -0.106244506621944E+003  0.734814821698886E+002  0.159118726608402E+001  0.190424558659437E+001 -0.591187266084015E+000 -0.583481073706260E+001 -0.106244506621944E+003
 -0.105683581513967E+003  0.720321132007881E+002  0.144839633977320E+001  0.165545176869122E+001 -0.448396339773205E+000 -0.583481073706260E+001 -0.105683581513967E+003
 -0.105592607757480E+003  0.425096068952452E+002  0.241054077311265E+001  0.929066865137993E+000 -0.141054077311265E+001 -0.583481073706260E+001 -0.105592607757480E+003
 -0.104785373870441E+003  0.651904573927756E+002  0.153250919147568E+001  0.142361802078698E+001 -0.532509191475681E+000 -0.583481073706260E+001 -0.104785373870441E+003
 -0.104461982079676E+003  0.964131534735459E+002  0.844974603145895E+000  0.178184453779855E+001  0.155025396854105E+000 -0.583481073706260E+001 -0.104461982079676E+003
 -0.104321544560389E+003  0.425576510109174E+002  0.376634564613072E+000  0.510804769274351E+000  0.623365435386928E+000 -0.583481073706260E+001 -0.104321544560389E+003
 -0.104310259687047E+003  0.424360155429340E+002  0.234524569826299E+001  0.902039495325516E+000 -0.134524569826299E+001 -0.583481073706260E+001 -0.104310259687047E+003
 -0.104014437813065E+003  0.938471129107331E+002  0.954666177194599E+000  0.191153713802236E+001  0.453338228054010E-001 -0.583481073706260E+001 -0.104014437813065E+003
 -0.103830806657903E+003  0.875162467346009E+002  0.869588798958792E+000  0.147924223409207E+001  0.130411201041208E+000 -0.583481073706260E+001 -0.103830806657903E+003
 -0.103793457622115E+003  0.573051503275409E+002  0.250408616817106E+001  0.186946570120358E+001 -0.150408616817106E+001 -0.583481073706260E+001 -0.103793457622115E+003
 -0.103204039675086E+003  0.798340513874698E+002  0.100139292221412E+001  0.140394279416533E+001 -0.139292221411580E-002 -0.583481073706260E+001 -0.103204039675086E+003
 -0.102803911544287E+003  0.710808018659756E+002  0.109708609499972E+001  0.118899642804461E+001 -0.970860949997239E-001 -0.583481073706260E+001 -0.102803911544287E+003
 -0.102104454547027E+003  0.594221956379202E+002  0.217448762415129E+001  0.175360818382966E+001 -0.117448762415129E+001 -0.583481073706260E+001 -0.102104454547027E+003
 -0.102010038580873E+003  0.565807664513361E+002  0.373626387028946E+000  0.273573538433037E+000  0.626373612971054E+000 -0.583481073706260E+001 -0.102010038580873E+003
 -0.101981319947067E+003  0.735327026503414E+002  0.758878207834437E+000  0.814886995896730E+000  0.241121792165563E+000 -0.583481073706260E+001 -0.101981319947067E+003
 -0.101936720514439E+003  0.788882303307199E+002  0.134964531129185E+001  0.191997656246774E+001 -0.349645311291848E+000 -0.583481073706260E+001 -0.101936720514439E+003
 -0.101654755986679E+003  0.483821842083625E+002  0.251873080244527E+001  0.133052795104383E+001 -0.151873080244527E+001 -0.583481073706260E+001 -0.101654755986679E+003
 -0.101640805587554E+003  0.852532545654485E+002  0.678629332011625E+000  0.105693735053085E+001  0.321370667988375E+000 -0.583481073706260E+001 -0.101640805587554E+003
 -0.101464474063771E+003  0.896979848091170E+002  0.961398945086907E+000  0.177547992364573E+001  0.386010549130928E-001 -0.583481073706260E+001 -0.101464474063771E+003
 -0.101463545438242E+003  0.556303291920594E+002  0.276040820563786E+001  0.198642835540146E+001 -0.176040820563786E+001 -0.583481073706260E+001 -0.101463545438242E+003
 -0.101447358295134E+003  0.669295688169483E+002  0.186171186031035E+001  0.191746244670099E+001 -0.861711860310354E+000 -0.583481073706260E+001 -0.101447358295134E+003
 -0.100918571115588E+003  0.554718456985564E+002  0.197968587493769E+001  0.136886029184398E+001 -0.979685874937695E+000 -0.583481073706260E+001 -0.100918571115588E+003
 -0.100832325093317E+003  0.740384616499502E+002  0.134507691271391E+001  0.167760814152347E+001 -0.345076912713914E+000 -0.583481073706260E+001 -0.100832325093317E+003
 -0.100486290300479E+003  0.883535619484664E+002  0.772180639784446E+000  0.135516368627734E+001  0.227819360215554E+000 -0.583481073706260E+001 -0.100486290300479E+003
 -0.100203616623245E+003  0.631081317415201E+002  0.210162611407932E+001  0.194932395378719E+001 -0.110162611407932E+001 -0.583481073706260E+001 -0.100203616623245E+003
 -0.997429787862131E+002  0.536313740083999E+002  0.222023155452479E+001  0.146199925800360E+001 -0.122023155452479E+001 -0.583481073706260E+001 -0.997429787862131E+002
 -0.992115763974708E+002  0.779591906692696E+002  0.949683244262957E+000  0.128037276083130E+001  0.503167557370429E-001 -0.583481073706260E+001 -0.992115763974708E+002
 -0.988809346186022E+002  0.589415642170976E+002  0.191070559924814E+000  0.424717082819963E+000  0.808929440075186E+000 -0.583481073706260E+001 -0.988809346186022E+002
 -0.986653085082391E+002  0.408787686922210E+002  0.272548184659631E+001  0.102665391210954E+001 -0.172548184659631E+001 -0.583481073706260E+001 -0.986653085082391E+002
 -0.985138993764348E+002  0.592887351705730E+002  0.224397355045405E+001  0.185792175023027E+001 -0.124397355045405E+001 -0.583481073706260E+001 -0.985138993764348E+002
 -0.979979048029362E+002  0.477625551306534E+002  0.190553326319838E+001  0.946467575296306E+000 -0.905533263198376E+000 -0.583481073706260E+001 -0.979979048029362E+002
 -0.978227625130198E+002  0.671467803638571E+002  0.171435996037321E+001  0.181478318284559E+001 -0.714359960373208E+000 -0.583481073706260E+001 -0.978227625130198E+002
 -0.975125549345251E+002  0.582057875497755E+002  0.236105809999007E+001  0.190473761194407E+001 -0.136105809999007E+001 -0.583481073706260E+001 -0.975125549345251E+002
 -0.972512047718007E+002  0.594614893337242E+002  0.199469066258816E+001  0.165449321289944E+001 -0.994690662588163E+000 -0.583481073706260E+001 -0.972512047718007E+002
 -0.971870036812611E+002  0.905927843868581E+002  0.879598768216425E+000  0.170448831860187E+001  0.120401231783575E+000 -0.583481073706260E+001 -0.971870036812611E+002
 -0.968827005092522E+002  0.479114711453839E+002  0.216676057125077E+001  0.112466287900609E+001 -0.116676057125077E+001 -0.583481073706260E+001 -0.968827005092522E+002
 -0.965462614496321E+002  0.443258790668236E+002  0.298088989900902E+001  0.138113077471084E+001 -0.198088989900902E+001 -0.583481073706260E+001 -0.965462614496321E+002
 -0.963946263467685E+002  0.520656840153431E+002  0.239752839436499E+001  0.153311962581130E+001 -0.139752839436499E+001 -0.583481073706260E+001 -0.963946263467685E+002
 -0.963883913437759E+002  0.868564822357404E+002  0.681623929961310E+000  0.115357651060903E+001  0.318376070038690E+000 -0.583481073706260E+001 -0.963883913437759E+002
 -0.958590274987386E+002  0.406423756887313E+002  0.170602240766245E+001  0.586515823350984E+000 -0.706022407662451E+000 -0.583481073706260E+001 -0.958590274987386E+002
 -0.955048099204253E+002  0.812943663329840E+002  0.116481268661619E+001  0.183950802169248E+001 -0.164812686616187E+000 -0.583481073706260E+001 -0.955048099204253E+002
 -0.953611569747796E+002  0.884267910924859E+002  0.975185331505612E+000  0.183289600124076E+001  0.248146684943883E-001 -0.583481073706260E+001 -0.953611569747796E+002
 -0.950490898838562E+002  0.637048969833515E+002  0.191905564962855E+001  0.187788997879449E+001 -0.919055649628553E+000 -0.583481073706260E+001 -0.950490898838562E+002
 -0.948760167382119E+002  0.525423250709126E+002  0.262344538004153E+001  0.175468630861845E+001 -0.162344538004153E+001 -0.583481073706260E+001 -0.948760167382119E+002
 -0.946404789526733E+002  0.425143514986836E+002  0.194554440623389E+001  0.760508022702651E+000 -0.945544406233887E+000 -0.583481073706260E+001 -0.946404789526733E+002
 -0.945078211836135E+002  0.792751585023011E+002  0.119243532775817E+001  0.179809845283110E+001 -0.192435327758166E+000 -0.583481073706260E+001 -0.945078211836135E+002
 -0.940933552291179E+002  0.439332201811372E+002  0.180134130185500E+001  0.744655542256512E+000 -0.801341301854996E+000 -0.583481073706260E+001 -0.940933552291179E+002
 -0.940456065858974E+002  0.701074901008502E+002  0.805134555236444E+000  0.809141250133136E+000  0.194865444763556E+000 -0.583481073706260E+001 -0.940456065858974E+002
 -0.934610391618779E+002  0.427509635492150E+002  0.256796086211732E+001  0.109214270987862E+001 -0.156796086211732E+001 -0.583481073706260E+001 -0.934610391618779E+002
 -0.934399267627821E+002  0.563994874355118E+002  0.253070269622620E+001  0.199211841738773E+001 -0.153070269622620E+001 -0.583481073706260E+001 -0.934399267627821E+002
 -0.932537374404438E+002  0.637894217860779E+002  0.190026009283714E+001  0.189215571346834E+001 -0.900260092837138E+000 -0.583481073706260E+001 -0.932537374404438E+002
 -0.931573314725184E+002  0.532048237886215E+002  0.485666204833329E-001  0.813481772549386E+000  0.951433379516667E+000 -0.583481073706260E+001 -0.931573314725184E+002
 -0.931165517615864E+002  0.594216104446907E+002  0.222763649710497E+001  0.193980390884944E+001 -0.122763649710497E+001 -0.583481073706260E+001 -0.931165517615864E+002
 -0.925653194236388E+002  0.697324041782710E+002  0.252540960074070E+000  0.244795136053249E+000  0.747459039925930E+000 -0.583481073706260E+001 -0.925653194236388E+002
 -0.921170995262859E+002  0.930960813659182E+002  0.285931563802051E+000  0.527138744175103E+000  0.714068436197949E+000 -0.583481073706260E+001 -0.921170995262859E+002
 -0.918532157009452E+002  0.769559850745151E+002  0.982081307307664E+000  0.136123608797209E+001  0.179186926923356E-001 -0.583481073706260E+001 -0.918532157009452E+002
 -0.917335785426108E+002  0.673023179675441E+002  0.143575689382946E+001  0.156124136188449E+001 -0.435756893829462E+000 -0.583481073706260E+001 -0.917335785426108E+002
 -0.914151976293897E+002  0.576811442820101E+002  0.216033563815979E+001  0.177933307684450E+001 -0.116033563815979E+001 -0.583481073706260E+001 -0.914151976293897E+002
 -0.906945481473935E+002  0.493995296533025E+002  0.198055311529674E+001  0.112692908719389E+001 -0.980553115296738E+000 -0.583481073706260E+001 -0.906945481473935E+002
 -0.899904402157973E+002  0.631888440805313E+002  0.106678588178609E+001  0.924238337579240E+000 -0.667858817860867E-001 -0.583481073706260E+001 -0.899904402157973E+002
 -0.896267566180039E+002  0.489074853063602E+002  0.298765186498634E+001  0.182081064749916E+001 -0.198765186498634E+001 -0.583481073706260E+001 -0.896267566180039E+002
 -0.896138245649693E+002  0.524529468730518E+002  0.212352289823202E+001  0.142449244685026E+001 -0.112352289823202E+001 -0.583481073706260E+001 -0.896138245649693E+002
 -0.889259563462391E+002  0.793833022303342E+002  0.199517965110615E+000  0.280963584817843E+000  0.800482034889385E+000 -0.583481073706260E+001 -0.889259563462391E+002
 -0.888501768416282E+002  0.546808565830424E+002  0.228845063997747E+001  0.172621825193411E+001 -0.128845063997747E+001 -0.583481073706260E+001 -0.888501768416282E+002
 -0.886922401337686E+002  0.497367544278281E+002  0.441800247336845E+000  0.356779008900452E+000  0.558199752663155E+000 -0.583481073706260E+001 -0.886922401337686E+002
 -0.885537822333678E+002  0.600336910830751E+002  0.172003313195768E+001  0.152431366656295E+001 -0.720033131957676E+000 -0.583481073706260E+001 -0.885537822333678E+002
 -0.884642955577120E+002  0.465806020231887E+002  0.400997310297268E+000  0.444640351832885E+000  0.599002689702732E+000 -0.583481073706260E+001 -0.884642955577120E+002
 -0.883221108175238E+002  0.732220764220495E+002  0.104606800239051E-001  0.788784377081772E+000  0.989539319976095E+000 -0.583481073706260E+001 -0.883221108175238E+002
 -0.880678285329987E+002  0.788529592475797E+002  0.114693227806697E+001  0.179867388941244E+001 -0.146932278066967E+000 -0.583481073706260E+001 -0.880678285329987E+002
 -0.876628799740956E+002  0.955623314023831E+002  0.211265958745723E+000  0.468228582083090E+000  0.788734041254277E+000 -0.583481073706260E+001 -0.876628799740956E+002
 -0.876463264722202E+002  0.527179158539385E+002  0.262869796009165E+001  0.189257871886799E+001 -0.162869796009165E+001 -0.583481073706260E+001 -0.876463264722202E+002
 -0.875291773778527E+002  0.578045611133679E+002  0.205416757921292E+001  0.174602916059895E+001 -0.105416757921292E+001 -0.583481073706260E+001 -0.875291773778527E+002
 -0.859726740258545E+002  0.783771323746381E+002  0.117530654188309E+001  0.186328887807034E+001 -0.175306541883086E+000 -0.583481073706260E+001 -0.859726740258545E+002
 -0.855823281936054E+002  0.482863241040282E+002  0.266786690832764E+001  0.160653719992261E+001 -0.166786690832764E+001 -0.583481073706260E+001 -0.855823281936054E+002
 -0.854803029359109E+002  0.432670033512874E+002  0.158287700108956E+000  0.795990646358895E+000  0.841712299891044E+000 -0.583481073706260E+001 -0.854803029359109E+002
 -0.854213320744903E+002  0.584611479447611E+002  0.118348566308488E+001  0.896770972345908E+000 -0.183485663084884E+000 -0.583481073706260E+001 -0.854213320744903E+002
 -0.843323933518044E+002  0.526852445629872E+002  0.810331040239065E-001  0.782059359570648E+000  0.918966895976093E+000 -0.583481073706260E+001 -0.843323933518044E+002
 -0.841554162418043E+002  0.559140529496424E+002  0.739716659695010E-001  0.752930268166190E+000  0.926028334030499E+000 -0.583481073706260E+001 -0.841554162418043E+002
 -0.838803862117861E+002  0.510814965885830E+002  0.254677187129333E+001  0.175995475779045E+001 -0.154677187129333E+001 -0.583481073706260E+001 -0.838803862117861E+002
 -0.836547298427327E+002  0.532160664942925E+002  0.173906038178931E+001  0.120386787329291E+001 -0.739060381789309E+000 -0.583481073706260E+001 -0.836547298427327E+002
 -0.836369918993486E+002  0.539462578875021E+002  0.239689064595705E+001  0.186261828514520E+001 -0.139689064595705E+001 -0.583481073706260E+001 -0.836369918993486E+002
 -0.836002655655329E+002  0.804075141935204E+002  0.107953309789450E+001  0.183481062400784E+001 -0.795330978945032E-001 -0.583481073706260E+001 -0.836002655655329E+002
 -0.835901234348001E+002  0.585294992020105E+002  0.137637181312270E+001  0.112137858523027E+001 -0.376371813122697E+000 -0.583481073706260E+001 -0.835901234348001E+002
 -0.834829553268576E+002  0.453434466281003E+002  0.273050988383568E+001  0.145591035995402E+001 -0.173050988383568E+001 -0.583481073706260E+001 -0.834829553268576E+002
 -0.834614448546218E+002  0.455769254424605E+002  0.702951805583647E+000  0.358583086973903E+000  0.297048194416353E+000 -0.583481073706260E+001 -0.834614448546218E+002
 -0.831428127285887E+002  0.476001698768355E+002  0.280898625664224E+001  0.169425665461982E+001 -0.180898625664224E+001 -0.583481073706260E+001 -0.831428127285887E+002
 -0.828647881438082E+002  0.893356577915895E+002  0.811304643313234E+000  0.170649441319481E+001  0.188695356686766E+000 -0.583481073706260E+001 -0.828647881438082E+002
 -0.824018731928680E+002  0.651708084049222E+002  0.154003607965860E+001  0.171665999182772E+001 -0.540036079658604E+000 -0.583481073706260E+001 -0.824018731928680E+002
 -0.823901804906036E+002  0.865833195757096E+002  0.202562581645517E+000  0.342651603887561E+000  0.797437418354483E+000 -0.583481073706260E+001 -0.823901804906036E+002
 -0.820176350782629E+002  0.469267916561803E+002  0.279473946919741E+001  0.164705451785672E+001 -0.179473946919741E+001 -0.583481073706260E+001 -0.820176350782629E+002
 -0.814742268991909E+002  0.842730156179706E+002  0.642657209247831E+000  0.109976486771927E+001  0.357342790752169E+000 -0.583481073706260E+001 -0.814742268991909E+002
 -0.813732182360070E+002  0.869604995154285E+002  0.772102413617288E+000  0.151812589848214E+001  0.227897586382712E+000 -0.583481073706260E+001 -0.813732182360070E+002
 -0.807326105839190E+002  0.441877033611039E+002  0.271567813369029E+001  0.139598683068893E+001 -0.171567813369029E+001 -0.583481073706260E+001 -0.807326105839190E+002
 -0.806739668185408E+002  0.691761692120808E+002  0.143320628343574E+001  0.185232456751807E+001 -0.433206283435740E+000 -0.583481073706260E+001 -0.806739668185408E+002
 -0.806229472926724E+002  0.566256277912479E+002  0.640698887499552E+000  0.342239370896580E+000  0.359301112500448E+000 -0.583481073706260E+001 -0.806229472926724E+002
 -0.806074707471771E+002  0.487079352494317E+002  0.249329611119688E+001  0.158349693998600E+001 -0.149329611119688E+001 -0.583481073706260E+001 -0.806074707471771E+002
 -0.801037470702418E+002  0.668890720890469E+002  0.122825288317244E+001  0.140033055199650E+001 -0.228252883172438E+000 -0.583481073706260E+001 -0.801037470702418E+002
 -0.801015856440031E+002  0.738860706380949E+002  0.816661488426060E+000  0.105352852017924E+001  0.183338511573940E+000 -0.583481073706260E+001 -0.801015856440031E+002
 -0.799265364186140E+002  0.548604858078542E+002  0.204077480890902E+001  0.165029419849777E+001 -0.104077480890902E+001 -0.583481073706260E+001 -0.799265364186140E+002
 -0.796092104815767E+002  0.497037368460825E+002  0.141003177524738E+001  0.787186445779024E+000 -0.410031775247377E+000 -0.583481073706260E+001 -0.796092104815767E+002
 -0.794202794287942E+002  0.943903045895470E+002  0.517031999686026E+000  0.118418113348169E+001  0.482968000313974E+000 -0.583481073706260E+001 -0.794202794287942E+002
 -0.793387830665393E+002  0.676526261092568E+002  0.151622177349712E+001  0.191175123661667E+001 -0.516221773497115E+000 -0.583481073706260E+001 -0.793387830665393E+002
 -0.791599525042474E+002  0.627623994963375E+002  0.148640311339278E+001  0.154343743880508E+001 -0.486403113392784E+000 -0.583481073706260E+001 -0.791599525042474E+002
 -0.788645606844442E+002  0.664003622973765E+002  0.131320844479079E+001  0.151963014062541E+001 -0.313208444790789E+000 -0.583481073706260E+001 -0.788645606844442E+002
 -0.787025383745261E+002  0.647678404197621E+002  0.650564899981964E-001  0.691044552057982E+000  0.934943510001804E+000 -0.583481073706260E+001 -0.787025383745261E+002
 -0.785050553362458E+002  0.960107804432579E+002  0.317366003699911E+000  0.710201524616928E+000  0.682633996300089E+000 -0.583481073706260E+001 -0.785050553362458E+002
 -0.783285827712469E+002  0.613216342563906E+002  0.147902584632861E+001  0.145721386732929E+001 -0.479025846328611E+000 -0.583481073706260E+001 -0.783285827712469E+002
 -0.781574126778972E+002  0.910427856897841E+002  0.702768335936058E+000  0.158060977894447E+001  0.297231664063942E+000 -0.583481073706260E+001 -0.781574126778972E+002
 -0.780403007092042E+002  0.450224771331221E+002  0.224870330301252E+001  0.117498908524539E+001 -0.124870330301252E+001 -0.583481073706260E+001 -0.780403007092042E+002
 -0.779339790458841E+002  0.701053632196355E+002  0.133921633989334E+001  0.181297109888097E+001 -0.339216339893336E+000 -0.583481073706260E+001 -0.779339790458841E+002
 -0.778022774113495E+002  0.557225652685078E+002  0.202485033159024E+001  0.173859543996249E+001 -0.102485033159024E+001 -0.583481073706260E+001 -0.778022774113495E+002
 -0.777638608946621E+002  0.598204134482744E+002  0.195774824742178E+001  0.198935814374551E+001 -0.957748247421777E+000 -0.583481073706260E+001 -0.777638608946621E+002
 -0.774611938575958E+002  0.458079800035598E+002  0.454628664197839E+000  0.450555473879216E+000  0.545371335802161E+000 -0.583481073706260E+001 -0.774611938575958E+002
 -0.773955475575574E+002  0.632514129280302E+002  0.149314429509132E+001  0.161407386217885E+001 -0.493144295091323E+000 -0.583481073706260E+001 -0.773955475575574E+002
 -0.773527054937745E+002  0.879091026067105E+002  0.581760841574851E+000  0.113221861428601E+001  0.418239158425149E+000 -0.583481073706260E+001 -0.773527054937745E+002
 -0.772008882466369E+002  0.654853077063254E+002  0.880300504901956E+000  0.847470135958020E+000  0.119699495098044E+000 -0.583481073706260E+001 -0.772008882466369E+002
 -0.771295015427047E+002  0.502287378740922E+002  0.257914966769189E+001  0.185270743241329E+001 -0.157914966769189E+001 -0.583481073706260E+001 -0.771295015427047E+002
 -0.770456449854360E+002  0.683406162932859E+002  0.101713228222366E+001  0.118049485937367E+001 -0.171322822236615E-001 -0.583481073706260E+001 -0.770456449854360E+002
 -0.765655798112087E+002  0.525787063217247E+002  0.191882964137041E+001  0.141899402690977E+001 -0.918829641370409E+000 -0.583481073706260E+001 -0.765655798112087E+002
 -0.763497715712822E+002  0.714183027055562E+002  0.103787325066245E+001  0.137907235849683E+001 -0.378732506624473E-001 -0.583481073706260E+001 -0.763497715712822E+002
 -0.762946494896602E+002  0.607704458123430E+002  0.136441098071781E+001  0.130221373324553E+001 -0.364410980717813E+000 -0.583481073706260E+001 -0.762946494896602E+002
 -0.758262158195139E+002  0.981928350473944E+002  0.475258770361879E+000  0.124397191424214E+001  0.524741229638121E+000 -0.583481073706260E+001 -0.758262158195139E+002
 -0.756381389480800E+002  0.646695496841578E+002  0.109691084292531E+001  0.114201554617017E+001 -0.969108429253054E-001 -0.583481073706260E+001 -0.756381389480800E+002
 -0.750631202244755E+002  0.775189686341222E+002  0.112147430246031E+001  0.194037420797232E+001 -0.121474302460308E+000 -0.583481073706260E+001 -0.750631202244755E+002
 -0.750571018460527E+002  0.498749071517498E+002  0.169488172865564E+001  0.106358764263075E+001 -0.694881728655642E+000 -0.583481073706260E+001 -0.750571018460527E+002
 -0.747822162620062E+002  0.757737479539236E+002  0.901858021413340E+000  0.136198334645874E+001  0.981419785866595E-001 -0.583481073706260E+001 -0.747822162620062E+002
 -0.747747299828145E+002  0.968308947117719E+002  0.561004864268064E+000  0.147599397908306E+001  0.438995135731936E+000 -0.583481073706260E+001 -0.747747299828145E+002
 -0.744412449867427E+002  0.486722356831917E+002  0.273779306902390E+001  0.191717446380832E+001 -0.173779306902390E+001 -0.583481073706260E+001 -0.744412449867427E+002
 -0.738194882871307E+002  0.447913586983653E+002  0.166972418571849E+001  0.806054321068880E+000 -0.669724185718490E+000 -0.583481073706260E+001 -0.738194882871307E+002
 -0.737071089104673E+002  0.476664449563601E+002  0.289673682544943E+001  0.197982733560367E+001 -0.189673682544943E+001 -0.583481073706260E+001 -0.737071089104673E+002
 -0.735261665806836E+002  0.698683391584396E+002  0.126679042429585E+001  0.176208157649131E+001 -0.266790424295853E+000 -0.583481073706260E+001 -0.735261665806836E+002
 -0.731457353915325E+002  0.563182206155351E+002  0.167933431015564E+001  0.146677193130762E+001 -0.679334310155639E+000 -0.583481073706260E+001 -0.731457353915325E+002
 -0.727512012706817E+002  0.436847447092784E+002  0.542584360060177E+000  0.460217332938678E+000  0.457415639939823E+000 -0.583481073706260E+001 -0.727512012706817E+002
 -0.725610781589341E+002  0.471541032756293E+002  0.239377919010501E+001  0.151389741830961E+001 -0.139377919010501E+001 -0.583481073706260E+001 -0.725610781589341E+002
 -0.724124416235906E+002  0.719073873219209E+002  0.882896835446543E+000  0.116509155834078E+001  0.117103164553457E+000 -0.583481073706260E+001 -0.724124416235906E+002
 -0.722401930920536E+002  0.559782428573700E+002  0.443170025922706E+000  0.293174920589158E+000  0.556829974077294E+000 -0.583481073706260E+001 -0.722401930920536E+002
 -0.720527212225373E+002  0.967802935544055E+002  0.607716414964638E+000  0.168326367541472E+001  0.392283585035362E+000 -0.583481073706260E+001 -0.720527212225373E+002
 -0.718148953764203E+002  0.523857989535015E+002  0.136882144565204E+001  0.917500878874818E+000 -0.368821445652044E+000 -0.583481073706260E+001 -0.718148953764203E+002
 -0.707208257280024E+002  0.862260727791584E+002  0.700440072473881E+000  0.146479662259889E+001  0.299559927526119E+000 -0.583481073706260E+001 -0.707208257280024E+002
 -0.706197851811368E+002  0.944602110074287E+002  0.710314940072327E+000  0.196129990032259E+001  0.289685059927673E+000 -0.583481073706260E+001 -0.706197851811368E+002
 -0.704385712313960E+002  0.762748618567583E+002  0.850320152207240E+000  0.133963851575122E+001  0.149679847792760E+000 -0.583481073706260E+001 -0.704385712313960E+002
 -0.702061649150613E+002  0.516762844493233E+002  0.108313080817997E+001  0.632950212872406E+000 -0.831308081799715E-001 -0.583481073706260E+001 -0.702061649150613E+002
 -0.700840947582848E+002  0.723904545874674E+002  0.102789403855425E+001  0.151627480162071E+001 -0.278940385542510E-001 -0.583481073706260E+001 -0.700840947582848E+002
 -0.700439784306178E+002  0.505693544252525E+002  0.208024118206533E+001  0.154355755869049E+001 -0.108024118206533E+001 -0.583481073706260E+001 -0.700439784306178E+002
 -0.698611188105704E+002  0.691224723484652E+002  0.131228601651574E+001  0.189320164861039E+001 -0.312286016515740E+000 -0.583481073706260E+001 -0.698611188105704E+002
 -0.692309103438526E+002  0.466983835698243E+002  0.156107257855420E+001  0.843244422916848E+000 -0.561072578554199E+000 -0.583481073706260E+001 -0.692309103438526E+002
 -0.690828133197595E+002  0.835166314447269E+002  0.802811351385231E+000  0.164351115248602E+001  0.197188648614769E+000 -0.583481073706260E+001 -0.690828133197595E+002
 -0.689371574869549E+002  0.859322130942519E+002  0.456379644325832E+000  0.813366533229291E+000  0.543620355674168E+000 -0.583481073706260E+001 -0.689371574869549E+002
 -0.687126964193630E+002  0.679615550868241E+002  0.118054533789669E+001  0.157293199441588E+001 -0.180545337896687E+000 -0.583481073706260E+001 -0.687126964193630E+002
 -0.686564993682096E+002  0.521011598840846E+002  0.162571638106779E+001  0.119648272573039E+001 -0.625716381067789E+000 -0.583481073706260E+001 -0.686564993682096E+002
 -0.683632469201689E+002  0.768833078715216E+002  0.806223833047527E+000  0.130067530035174E+001  0.193776166952473E+000 -0.583481073706260E+001 -0.683632469201689E+002
 -0.676814910913986E+002  0.447127870609109E+002  0.267198413223507E+001  0.163421779528250E+001 -0.167198413223507E+001 -0.583481073706260E+001 -0.676814910913986E+002
 -0.676640722419004E+002  0.602583039020785E+002  0.118308585671624E+001  0.113129937578750E+001 -0.183085856716244E+000 -0.583481073706260E+001 -0.676640722419004E+002
 -0.668107263667992E+002  0.707364867134732E+002  0.856363673097891E+000  0.112295645633306E+001  0.143636326902109E+000 -0.583481073706260E+001 -0.668107263667992E+002
 -0.667911209683157E+002  0.660529490980217E+002  0.116680028650610E+001  0.146021794327284E+001 -0.166800286506097E+000 -0.583481073706260E+001 -0.667911209683157E+002
 -0.663586920216451E+002  0.639456459699528E+002  0.105543574681511E+001  0.114658848685694E+001 -0.554357468151070E-001 -0.583481073706260E+001 -0.663586920216451E+002
 -0.663503944658693E+002  0.598339481338796E+002  0.878590401494789E+000  0.703635888733934E+000  0.121409598505211E+000 -0.583481073706260E+001 -0.663503944658693E+002
 -0.662853369075429E+002  0.950493449125443E+002  0.563218179029613E+000  0.155802341509276E+001  0.436781820970387E+000 -0.583481073706260E+001 -0.662853369075429E+002
 -0.661452843602322E+002  0.673835913990547E+002  0.122572523253572E+001  0.168308793464839E+001 -0.225725232535719E+000 -0.583481073706260E+001 -0.661452843602322E+002
 -0.659073181071788E+002  0.547899002435217E+002  0.895462157779629E+000  0.566993592654776E+000  0.104537842220371E+000 -0.583481073706260E+001 -0.659073181071788E+002
 -0.650511725696428E+002  0.855656091764661E+002  0.559110890923088E+000  0.111148378137934E+001  0.440889109076912E+000 -0.583481073706260E+001 -0.650511725696428E+002
 -0.650352205000104E+002  0.507880431032497E+002  0.221002004179804E+001  0.183712902705892E+001 -0.121002004179804E+001 -0.583481073706260E+001 -0.650352205000104E+002
 -0.647518438269835E+002  0.573506257025811E+002  0.616479039509657E+000  0.363415901536114E+000  0.383520960490343E+000 -0.583481073706260E+001 -0.647518438269835E+002
 -0.646804868172259E+002  0.855279291331675E+002  0.546310251519732E+000  0.107761215117483E+001  0.453689748480268E+000 -0.583481073706260E+001 -0.646804868172259E+002
 -0.644237529446782E+002  0.525382353935051E+002  0.148708564446086E+001  0.112442071078423E+001 -0.487085644460862E+000 -0.583481073706260E+001 -0.644237529446782E+002
 -0.644196645405569E+002  0.492551343236252E+002  0.222586527073531E+001  0.171860697323018E+001 -0.122586527073531E+001 -0.583481073706260E+001 -0.644196645405569E+002
 -0.643831343526224E+002  0.644553948577754E+002  0.146386762493937E+001  0.199773404500781E+001 -0.463867624939372E+000 -0.583481073706260E+001 -0.643831343526224E+002
 -0.643000915068268E+002  0.664946711771541E+002  0.123005154178607E+001  0.167405479480815E+001 -0.230051541786070E+000 -0.583481073706260E+001 -0.643000915068268E+002
 -0.642377422348788E+002  0.412452381392476E+002  0.868327197848084E+000  0.448109488719696E+000  0.131672802151916E+000 -0.583481073706260E+001 -0.642377422348788E+002
 -0.638996699221013E+002  0.859356759340048E+002  0.658557151074011E+000  0.145180061555678E+001  0.341442848925989E+000 -0.583481073706260E+001 -0.638996699221013E+002
 -0.636952999223225E+002  0.529394389829060E+002  0.160224258314672E+001  0.129751796376013E+001 -0.602242583146717E+000 -0.583481073706260E+001 -0.636952999223225E+002
 -0.634722835832943E+002  0.532568175136919E+002  0.182820880630511E+001  0.161952634171725E+001 -0.828208806305112E+000 -0.583481073706260E+001 -0.634722835832943E+002
 -0.634143659454801E+002  0.602406127474771E+002  0.602650204818707E-001  0.863478731687711E+000  0.939734979518129E+000 -0.583481073706260E+001 -0.634143659454801E+002
 -0.629816559254669E+002  0.644991834279586E+002  0.108104509640741E+001  0.127144592587268E+001 -0.810450964074101E-001 -0.583481073706260E+001 -0.629816559254669E+002
 -0.629462552908031E+002  0.692510327266060E+002  0.111090292141722E+001  0.165386348706849E+001 -0.110902921417219E+000 -0.583481073706260E+001 -0.629462552908031E+002
 -0.628051277828048E+002  0.733014233869218E+002  0.101539069146625E+001  0.172116149254304E+001 -0.153906914662540E-001 -0.583481073706260E+001 -0.628051277828048E+002
 -0.627732761924344E+002  0.643771017381811E+002  0.143147171539685E+001  0.198330550761049E+001 -0.431471715396848E+000 -0.583481073706260E+001 -0.627732761924344E+002
 -0.627162202349909E+002  0.614390441417670E+002  0.154466464791164E+001  0.193866502573746E+001 -0.544664647911636E+000 -0.583481073706260E+001 -0.627162202349909E+002
 -0.626265854127657E+002  0.603432006459291E+002  0.132060621640248E+001  0.143082457358812E+001 -0.320606216402480E+000 -0.583481073706260E+001 -0.626265854127657E+002
 -0.625598711822798E+002  0.417409267581983E+002  0.169393992407419E+001  0.767833024088364E+000 -0.693939924074187E+000 -0.583481073706260E+001 -0.625598711822798E+002
 -0.624424789343259E+002  0.774465644787581E+002  0.979433932986930E+000  0.195820181627291E+001  0.205660670130696E-001 -0.583481073706260E+001 -0.624424789343259E+002
 -0.624138297351249E+002  0.605510109425519E+002  0.148118261900476E+001  0.174036856125064E+001 -0.481182619004761E+000 -0.583481073706260E+001 -0.624138297351249E+002
 -0.622632659427395E+002  0.487371562110913E+002  0.210751161967949E+001  0.158941298058114E+001 -0.110751161967949E+001 -0.583481073706260E+001 -0.622632659427395E+002
 -0.620393657015684E+002  0.924466701222586E+002  0.586309848831790E+000  0.160608154084540E+001  0.413690151168210E+000 -0.583481073706260E+001 -0.620393657015684E+002
 -0.617783438261645E+002  0.659257065708576E+002  0.127429320466745E+001  0.180299949851324E+001 -0.274293204667448E+000 -0.583481073706260E+001 -0.617783438261645E+002
 -0.617071273268485E+002  0.529969835767504E+002  0.169493881827074E+001  0.145945240624183E+001 -0.694938818270745E+000 -0.583481073706260E+001 -0.617071273268485E+002
 -0.616926790871616E+002  0.415471776239086E+002  0.296806942161963E+001  0.171373188748937E+001 -0.196806942161963E+001 -0.583481073706260E+001 -0.616926790871616E+002
 -0.613186046873217E+002  0.464899047573755E+002  0.254209491703975E+001  0.188884996747253E+001 -0.154209491703975E+001 -0.583481073706260E+001 -0.613186046873217E+002
 -0.612167191786245E+002  0.425214140014906E+002  0.233337243901801E+001  0.128476108441382E+001 -0.133337243901801E+001 -0.583481073706260E+001 -0.612167191786245E+002
 -0.611125737625062E+002  0.488944878545014E+002  0.116953852481068E+000  0.926978892015331E+000  0.883046147518932E+000 -0.583481073706260E+001 -0.611125737625061E+002
 -0.609296775795712E+002  0.997844666081289E+002  0.443695876435619E+000  0.143667604579731E+001  0.556304123564381E+000 -0.583481073706260E+001 -0.609296775795712E+002
 -0.609048558710057E+002  0.612360485155690E+002  0.115707863502873E+001  0.124214034816963E+001 -0.157078635028729E+000 -0.583481073706260E+001 -0.609048558710057E+002
 -0.607585966992223E+002  0.881358904511033E+002  0.703416033930672E+000  0.184446188510383E+001  0.296583966069328E+000 -0.583481073706260E+001 -0.607585966992223E+002
 -0.606382168912852E+002  0.859217203618039E+002  0.645893225144102E-001  0.636712956758614E+000  0.935410677485590E+000 -0.583481073706260E+001 -0.606382168912852E+002
 -0.606081125824878E+002  0.591000815776780E+002  0.394271574435253E-001  0.997028800685928E+000  0.960572842556475E+000 -0.583481073706260E+001 -0.606081125824878E+002
 -0.600454289466968E+002  0.851071670253033E+002  0.694871476982500E+000  0.162252795757946E+001  0.305128523017500E+000 -0.583481073706260E+001 -0.600454289466968E+002
 -0.597636241131174E+002  0.452975667414346E+002  0.269129889765896E+001  0.198177919433554E+001 -0.169129889765896E+001 -0.583481073706260E+001 -0.597636241131174E+002
 -0.593010848354854E+002  0.565916454655983E+002  0.138227983724761E+001  0.133078907411586E+001 -0.382279837247608E+000 -0.583481073706260E+001 -0.593010848354854E+002
 -0.585510581623404E+002  0.472244422399595E+002  0.219513163566556E+001  0.164963182419585E+001 -0.119513163566556E+001 -0.583481073706260E+001 -0.585510581623404E+002
 -0.585218109055929E+002  0.482453124364465E+002  0.176969879060033E+001  0.124524165119076E+001 -0.769698790600331E+000 -0.583481073706260E+001 -0.585218109055929E+002
 -0.581949498598215E+002  0.943977952963730E+002  0.587755367537737E+000  0.187536993582640E+001  0.412244632462263E+000 -0.583481073706260E+001 -0.581949498598215E+002
 -0.577224104939407E+002  0.410003477692890E+002  0.225973128036641E+001  0.116534676159222E+001 -0.125973128036641E+001 -0.583481073706260E+001 -0.577224104939407E+002
 -0.576769469325836E+002  0.561448869239505E+002  0.121900544220761E-001  0.122972723404224E+001  0.987809945577924E+000 -0.583481073706260E+001 -0.576769469325836E+002
 -0.575445327464128E+002  0.401767423071884E+002  0.138329296989708E+001  0.587741268358253E+000 -0.383292969897081E+000 -0.583481073706260E+001 -0.575445327464128E+002
 -0.574125365411893E+002  0.909520504456363E+002  0.281201165991672E+000  0.595765577947456E+000  0.718798834008328E+000 -0.583481073706260E+001 -0.574125365411893E+002
 -0.574059176877683E+002  0.704105102049650E+002  0.766117568789777E+000  0.103209025874234E+001  0.233882431210223E+000 -0.583481073706260E+001 -0.574059176877683E+002
 -0.572197038530369E+002  0.524369273393535E+002  0.196075855015977E+001  0.197054226934337E+001 -0.960758550159774E+000 -0.583481073706260E+001 -0.572197038530369E+002
 -0.571624327401333E+002  0.859651919417417E+002  0.211236661231689E+000  0.391808439409328E+000  0.788763338768311E+000 -0.583481073706260E+001 -0.571624327401333E+002
 -0.569824033818457E+002  0.434201175654941E+002  0.165400647613684E+001  0.861171224818935E+000 -0.654006476136836E+000 -0.583481073706260E+001 -0.569824033818457E+002
 -0.567871849625795E+002  0.494379232748822E+002  0.136863923010150E+001  0.909552202871172E+000 -0.368639230101504E+000 -0.583481073706260E+001 -0.567871849625795E+002
 -0.567511371020684E+002  0.421914077212131E+002  0.139861138409355E+001  0.645374600421125E+000 -0.398611384093549E+000 -0.583481073706260E+001 -0.567511371020684E+002
 -0.566278516574814E+002  0.413982664074164E+002  0.210619392742520E+001  0.109284465302820E+001 -0.110619392742520E+001 -0.583481073706260E+001 -0.566278516574814E+002
 -0.561814127729259E+002  0.450413409224966E+002  0.222501787951022E+001  0.152690535873641E+001 -0.122501787951022E+001 -0.583481073706260E+001 -0.561814127729259E+002
 -0.561529176970440E+002  0.438468408872823E+002  0.114119911567507E+000  0.113190583388948E+001  0.885880088432493E+000 -0.583481073706260E+001 -0.561529176970440E+002
 -0.559745249071207E+002  0.499191923890864E+002  0.186919894545701E+001  0.157741312331737E+001 -0.869198945457010E+000 -0.583481073706260E+001 -0.559745249071207E+002
 -0.558772033948346E+002  0.993140971933056E+002  0.216286742163716E+000  0.680720467248481E+000  0.783713257836284E+000 -0.583481073706260E+001 -0.558772033948346E+002
 -0.556066529914017E+002  0.793893973348464E+002  0.703907638784096E+000  0.140093037576428E+001  0.296092361215904E+000 -0.583481073706260E+001 -0.556066529914017E+002
 -0.554414769157046E+002  0.577428023486480E+002  0.319543025198161E+000  0.372192859846681E+000  0.680456974801839E+000 -0.583481073706260E+001 -0.554414769157046E+002
 -0.553135757687126E+002  0.655116589153619E+002  0.124616271636222E+001  0.197692901256111E+001 -0.246162716362224E+000 -0.583481073706260E+001 -0.553135757687126E+002
 -0.552848106498830E+002  0.478022062918911E+002  0.193969749450364E+001  0.148425264043512E+001 -0.939697494503642E+000 -0.583481073706260E+001 -0.552848106498830E+002
 -0.551533486026956E+002  0.577664330971048E+002  0.114196133331581E+001  0.109582510823123E+001 -0.141961333315811E+000 -0.583481073706260E+001 -0.551533486026956E+002
 -0.548925507753747E+002  0.654714992976422E+002  0.105178402161472E-001  0.114736065439303E+001  0.989482159783853E+000 -0.583481073706260E+001 -0.548925507753747E+002
 -0.544813015805375E+002  0.681686136410525E+002  0.113638787759234E+001  0.196983321390086E+001 -0.136387877592345E+000 -0.583481073706260E+001 -0.544813015805375E+002
 -0.540716398814462E+002  0.553949486047489E+002  0.146352221274246E+001  0.150099861137672E+001 -0.463522212742462E+000 -0.583481073706260E+001 -0.540716398814462E+002
 -0.540564535658468E+002  0.579936831582978E+002  0.147773870130685E+001  0.180064956104282E+001 -0.477738701306855E+000 -0.583481073706260E+001 -0.540564535658468E+002
 -0.540091000323415E+002  0.484382825213965E+002  0.156595055663624E+001  0.110464612393805E+001 -0.565950556636244E+000 -0.583481073706260E+001 -0.540091000323415E+002
 -0.540058296645090E+002  0.742492432080647E+002  0.711408875909228E+000  0.114796799449525E+001  0.288591124090772E+000 -0.583481073706260E+001 -0.540058296645090E+002
 -0.539622839523752E+002  0.501731419647069E+002  0.200706363616925E+001  0.192757802604338E+001 -0.100706363616925E+001 -0.583481073706260E+001 -0.539622839523752E+002
 -0.535219945892467E+002  0.780964871704110E+002  0.854760247206482E+000  0.198801030489545E+001  0.145239752793518E+000 -0.583481073706260E+001 -0.535219945892467E+002
 -0.534163979925949E+002  0.549158033906373E+002  0.117707564081680E+001  0.100805428595162E+001 -0.177075640816803E+000 -0.583481073706260E+001 -0.534163979925949E+002
 -0.534139811209531E+002  0.414187407697259E+002  0.756004262684144E+000  0.497818205207539E+000  0.243995737315856E+000 -0.583481073706260E+001 -0.534139811209531E+002
 -0.533308195344759E+002  0.519551785609754E+002  0.109295903148036E-001  0.141693442092527E+001  0.989070409685196E+000 -0.583481073706260E+001 -0.533308195344759E+002
 -0.533153237588873E+002  0.846333328512044E+002  0.577742858859794E+000  0.132508615760573E+001  0.422257141140206E+000 -0.583481073706260E+001 -0.533153237588873E+002
 -0.531414399290808E+002  0.419637786585849E+002  0.261596388616001E+001  0.172579177557807E+001 -0.161596388616001E+001 -0.583481073706260E+001 -0.531414399290808E+002
 -0.530490888391199E+002  0.774648967235510E+002  0.688238621904604E+000  0.128694397737707E+001  0.311761378095396E+000 -0.583481073706260E+001 -0.530490888391199E+002
 -0.530218773509748E+002  0.413763261846948E+002  0.207735833240081E+001  0.112528840163580E+001 -0.107735833240081E+001 -0.583481073706260E+001 -0.530218773509748E+002
 -0.524764056474407E+002  0.798468486164902E+002  0.955761784700705E-001  0.572831713572434E+000  0.904423821529930E+000 -0.583481073706260E+001 -0.524764056474407E+002
 -0.523610254435895E+002  0.822687648127993E+002  0.704339398490648E+000  0.173221209074137E+001  0.295660601509352E+000 -0.583481073706260E+001 -0.523610254435895E+002
 -0.522166790423039E+002  0.504751171692140E+002  0.160999634452950E+001  0.135591777193098E+001 -0.609996344529503E+000 -0.583481073706260E+001 -0.522166790423039E+002
 -0.521644815264006E+002  0.419674029634090E+002  0.212125634954003E+001  0.122809367981382E+001 -0.112125634954003E+001 -0.583481073706260E+001 -0.521644815264006E+002
 -0.520430576344508E+002  0.409376285391069E+002  0.280427624832340E+001  0.186660970358318E+001 -0.180427624832340E+001 -0.583481073706260E+001 -0.520430576344508E+002
 -0.518516615208253E+002  0.429822540435935E+002  0.203860144159501E+001  0.124108678954314E+001 -0.103860144159501E+001 -0.583481073706260E+001 -0.518516615208253E+002
 -0.518261682216464E+002  0.927908040477929E+002  0.509744663857031E+000  0.160146561485675E+001  0.490255336142969E+000 -0.583481073706260E+001 -0.518261682216464E+002
 -0.517207778895819E+002  0.481621118347619E+002  0.148438103489679E+001  0.102796374269872E+001 -0.484381034896788E+000 -0.583481073706260E+001 -0.517207778895819E+002
 -0.516535242005231E+002  0.422404115655932E+002  0.691773998929877E+000  0.504476893949591E+000  0.308226001070123E+000 -0.583481073706260E+001 -0.516535242005231E+002
 -0.516331594050114E+002  0.404751929499217E+002  0.292441686974035E+000  0.927164317715047E+000  0.707558313025965E+000 -0.583481073706260E+001 -0.516331594050114E+002
 -0.516190815556024E+002  0.897068283878576E+002  0.571064796150342E+000  0.171309013436950E+001  0.428935203849658E+000 -0.583481073706260E+001 -0.516190815556024E+002
 -0.515690228937536E+002  0.887240273110874E+002  0.520222521047312E+000  0.138251016581100E+001  0.479777478952688E+000 -0.583481073706260E+001 -0.515690228937536E+002
 -0.515224415283525E+002  0.821240245389158E+002  0.605786843647133E+000  0.132252529518198E+001  0.394213156352867E+000 -0.583481073706260E+001 -0.515224415283525E+002
 -0.513658561775565E+002  0.521332128484871E+002  0.178687086796096E+001  0.191482855528949E+001 -0.786870867960958E+000 -0.583481073706260E+001 -0.513658561775565E+002
 -0.511886423168014E+002  0.473902505017976E+002  0.155597721987838E+001  0.106884808247204E+001 -0.555977219878385E+000 -0.583481073706260E+001 -0.511886423168014E+002
 -0.511111616949965E+002  0.535110311716665E+002  0.139397583429576E+001  0.129619866402480E+001 -0.393975834295761E+000 -0.583481073706260E+001 -0.511111616949965E+002
 -0.507858454675069E+002  0.439810452241370E+002  0.406299442791311E-001  0.154655233010619E+001  0.959370055720869E+000 -0.583481073706260E+001 -0.507858454675069E+002
 -0.507384515946740E+002  0.769019324487761E+002  0.554668975256690E+000  0.886200234988670E+000  0.445331024743310E+000 -0.583481073706260E+001 -0.507384515946740E+002
 -0.506250988444847E+002  0.479923508565424E+002  0.167710726201476E+001  0.127666098359887E+001 -0.677107262014764E+000 -0.583481073706260E+001 -0.506250988444847E+002
 -0.504857818292220E+002  0.616235460754372E+002  0.113919651747687E+001  0.148053762157528E+001 -0.139196517476871E+000 -0.583481073706260E+001 -0.504857818292220E+002
 -0.503957658256278E+002  0.400558886029738E+002  0.273589737734228E+001  0.172531002464175E+001 -0.173589737734228E+001 -0.583481073706260E+001 -0.503957658256278E+002
 -0.502934512817564E+002  0.782305151195993E+002  0.724497007999742E+000  0.156264134742321E+001  0.275502992000258E+000 -0.583481073706260E+001 -0.502934512817564E+002
 -0.500550388416629E+002  0.750055419841624E+002  0.766277711817496E+000  0.147396194484231E+001  0.233722288182504E+000 -0.583481073706260E+001 -0.500550388416629E+002
 -0.498946760809651E+002  0.752273866592548E+002  0.856628819833923E+000  0.191583606576295E+001  0.143371180166077E+000 -0.583481073706260E+001 -0.498946760809651E+002
 -0.498251632033890E+002  0.735592552686164E+002  0.201402383955463E+000  0.347926832900731E+000  0.798597616044537E+000 -0.583481073706260E+001 -0.498251632033890E+002
 -0.497215763035100E+002  0.421347059987203E+002  0.217773854023450E+001  0.136235811721996E+001 -0.117773854023450E+001 -0.583481073706260E+001 -0.497215763035100E+002
 -0.496728558468553E+002  0.775465725955202E+002  0.810854931445379E+000  0.197397310581670E+001  0.189145068554621E+000 -0.583481073706260E+001 -0.496728558468553E+002
 -0.496162127670881E+002  0.737743305627193E+002  0.847036439146132E+000  0.171493632513419E+001  0.152963560853868E+000 -0.583481073706260E+001 -0.496162127670881E+002
 -0.493580507223259E+002  0.411638035516640E+002  0.260656847246324E+001  0.179467373617244E+001 -0.160656847246324E+001 -0.583481073706260E+001 -0.493580507223259E+002
 -0.493209626908961E+002  0.544279466180723E+002  0.125171159018306E+001  0.116425602826486E+001 -0.251711590183061E+000 -0.583481073706260E+001 -0.493209626908961E+002
 -0.491189691392309E+002  0.470321150965084E+002  0.189225939448852E+001  0.154577998292388E+001 -0.892259394488523E+000 -0.583481073706260E+001 -0.491189691392309E+002
 -0.488695350911240E+002  0.447529842367409E+002  0.225796104235362E+001  0.187735126081491E+001 -0.125796104235362E+001 -0.583481073706260E+001 -0.488695350911240E+002
 -0.488394854057564E+002  0.426621285045401E+002  0.197743389994093E+001  0.121879109412385E+001 -0.977433899940928E+000 -0.583481073706260E+001 -0.488394854057564E+002
 -0.488349062874589E+002  0.751169666248131E+002  0.823911692757723E+000  0.180184233529907E+001  0.176088307242277E+000 -0.583481073706260E+001 -0.488349062874589E+002
 -0.488029183606934E+002  0.582281608701335E+002  0.119239623828132E+001  0.136151748719550E+001 -0.192396238281319E+000 -0.583481073706260E+001 -0.488029183606934E+002
 -0.487898068776228E+002  0.481122739778392E+002  0.192143404404214E+001  0.176466737302809E+001 -0.921434044042137E+000 -0.583481073706260E+001 -0.487898068776228E+002
 -0.485180559080221E+002  0.503852825736545E+002  0.175997409533195E+001  0.177352164844956E+001 -0.759974095331955E+000 -0.583481073706260E+001 -0.485180559080221E+002
 -0.483963946016267E+002  0.763696360362755E+002  0.799495298378173E+000  0.185345458674831E+001  0.200504701621827E+000 -0.583481073706260E+001 -0.483963946016267E+002
 -0.478195565585684E+002  0.566074111026982E+002  0.139585202669346E+001  0.175951060019124E+001 -0.395852026693463E+000 -0.583481073706260E+001 -0.478195565585684E+002
 -0.477008244959880E+002  0.528519975475563E+002  0.127635975429822E+001  0.112603665111772E+001 -0.276359754298215E+000 -0.583481073706260E+001 -0.477008244959880E+002
 -0.475115207910332E+002  0.808262283793969E+002  0.751148507319952E-001  0.687708095337227E+000  0.924885149268005E+000 -0.583481073706260E+001 -0.475115207910332E+002
 -0.475074451718789E+002  0.949849319649840E+002  0.494963442142770E+000  0.198861773352942E+001  0.505036557857230E+000 -0.583481073706260E+001 -0.475074451718789E+002
 -0.473184052259667E+002  0.794312118054297E+002  0.536014100380534E+000  0.997700269620721E+000  0.463985899619466E+000 -0.583481073706260E+001 -0.473184052259667E+002
 -0.472845405606201E+002  0.419444782886452E+002  0.817811848591790E-001  0.155932902799551E+001  0.918218815140821E+000 -0.583481073706260E+001 -0.472845405606201E+002
 -0.470635375825599E+002  0.785387765675373E+002  0.605763295001903E+000  0.120265538794691E+001  0.394236704998097E+000 -0.583481073706260E+001 -0.470635375825599E+002
 -0.470406983226576E+002  0.445459371943931E+002  0.221856033885007E+001  0.191436761921184E+001 -0.121856033885007E+001 -0.583481073706260E+001 -0.470406983226576E+002
 -0.466138549574420E+002  0.941667570711722E+002  0.147945725548196E+000  0.551364066915470E+000  0.852054274451804E+000 -0.583481073706260E+001 -0.466138549574420E+002
 -0.463493532620595E+002  0.671574150622607E+002  0.193926231537728E+000  0.435562383377230E+000  0.806073768462272E+000 -0.583481073706260E+001 -0.463493532620595E+002
 -0.463134155854324E+002  0.560515235476883E+002  0.138717937113726E+001  0.175760324660897E+001 -0.387179371137256E+000 -0.583481073706260E+001 -0.463134155854324E+002
 -0.461587532903041E+002  0.426745982446060E+002  0.472684845840304E+000  0.660391814731161E+000  0.527315154159696E+000 -0.583481073706260E+001 -0.461587532903041E+002
 -0.461374583777977E+002  0.547220022959708E+002  0.295678515104676E+000  0.502230865638590E+000  0.704321484895324E+000 -0.583481073706260E+001 -0.461374583777977E+002
 -0.458798629463924E+002  0.679095188346320E+002  0.778096536556289E+000  0.111028947331948E+001  0.221903463443711E+000 -0.583481073706260E+001 -0.458798629463924E+002
 -0.456577083147110E+002  0.877635744283886E+002  0.562095924955520E+000  0.185318672607110E+001  0.437904075044480E+000 -0.583481073706260E+001 -0.456577083147110E+002
 -0.453880226078948E+002  0.403375535061955E+002  0.259092155441292E+001  0.195100849096713E+001 -0.159092155441292E+001 -0.583481073706260E+001 -0.453880226078948E+002
 -0.453775314227379E+002  0.600358373223009E+002  0.883996000366208E+000  0.904451487861578E+000  0.116003999633792E+000 -0.583481073706260E+001 -0.453775314227379E+002
 -0.453352850903754E+002  0.501092011760519E+002  0.168027018617128E+001  0.175876345150520E+001 -0.680270186171283E+000 -0.583481073706260E+001 -0.453352850903754E+002
 -0.453027467855342E+002  0.618079154306119E+002  0.113600095209943E+001  0.176763787982244E+001 -0.136000952099426E+000 -0.583481073706260E+001 -0.453027467855342E+002
 -0.452313265990725E+002  0.968122580609638E+002  0.439114913877079E+000  0.186784008943602E+001  0.560885086122921E+000 -0.583481073706260E+001 -0.452313265990725E+002
 -0.450034306120748E+002  0.756237437773544E+002  0.773237953222129E+000  0.189027781755440E+001  0.226762046777871E+000 -0.583481073706260E+001 -0.450034306120748E+002
 -0.448996660030007E+002  0.683550862684728E+002  0.796843796335107E+000  0.122288450329781E+001  0.203156203664893E+000 -0.583481073706260E+001 -0.448996660030007E+002
 -0.448683451359500E+002  0.678005984285978E+002  0.534223938953269E+000  0.539851053978537E+000  0.465776061046731E+000 -0.583481073706260E+001 -0.448683451359500E+002
 -0.448296674810192E+002  0.577806208408844E+002  0.116349715674505E+001  0.138664373586388E+001 -0.163497156745050E+000 -0.583481073706260E+001 -0.448296674810192E+002
 -0.445865770233392E+002  0.417954385922803E+002  0.786690920312410E-001  0.176595241942093E+001  0.921330907968759E+000 -0.583481073706260E+001 -0.445865770233392E+002
 -0.444912905300715E+002  0.914962227406664E+002  0.445118310217315E+000  0.142089645022190E+001  0.554881689782685E+000 -0.583481073706260E+001 -0.444912905300715E+002
 -0.440392059860059E+002  0.569955656217800E+002  0.104787814771049E+001  0.107331255716507E+001 -0.478781477104890E-001 -0.583481073706260E+001 -0.440392059860059E+002
 -0.439701045940030E+002  0.570684818127901E+002  0.131871970956537E+001  0.190809960335704E+001 -0.318719709565372E+000 -0.583481073706260E+001 -0.439701045940030E+002
 -0.439264420904440E+002  0.578804452973629E+002  0.129065724547649E+001  0.195747313373514E+001 -0.290657245476492E+000 -0.583481073706260E+001 -0.439264420904440E+002
 -0.438547398813116E+002  0.714665349820678E+002  0.717386780758730E+000  0.121262118270970E+001  0.282613219241270E+000 -0.583481073706260E+001 -0.438547398813116E+002
 -0.437792171040237E+002  0.415776537710620E+002  0.237507823898760E+001  0.198527478020753E+001 -0.137507823898760E+001 -0.583481073706260E+001 -0.437792171040237E+002
 -0.437729880322169E+002  0.419312404735665E+002  0.174134199427305E+001  0.102625121988437E+001 -0.741341994273051E+000 -0.583481073706260E+001 -0.437729880322169E+002
 -0.433837311242869E+002  0.470564311264817E+002  0.171378397754069E+001  0.149511608633975E+001 -0.713783977540690E+000 -0.583481073706260E+001 -0.433837311242869E+002
 -0.433518966517950E+002  0.411779678455073E+002  0.204529106646094E+001  0.131181053030898E+001 -0.104529106646094E+001 -0.583481073706260E+001 -0.433518966517950E+002
 -0.432875232569052E+002  0.565365447915915E+002  0.131901537647716E+001  0.187945612628467E+001 -0.319015376477161E+000 -0.583481073706260E+001 -0.432875232569052E+002
 -0.432242107788049E+002  0.406741234018411E+002  0.225100905030055E+001  0.154524226530504E+001 -0.125100905030055E+001 -0.583481073706260E+001 -0.432242107788049E+002
 -0.431522185896555E+002  0.497901746703243E+002  0.166160140550102E+001  0.186811748836346E+001 -0.661601405501015E+000 -0.583481073706260E+001 -0.431522185896555E+002
 -0.430560251784955E+002  0.420187203033833E+002  0.167508398299902E+000  0.134961512322244E+001  0.832491601700098E+000 -0.583481073706260E+001 -0.430560251784955E+002
 -0.425665994962686E+002  0.624063656082461E+002  0.108670194873661E+001  0.195453403348996E+001 -0.867019487366076E-001 -0.583481073706260E+001 -0.425665994962686E+002
 -0.425098028770198E+002  0.783421233065733E+002  0.523530141354152E+000  0.977128626007801E+000  0.476469858645848E+000 -0.583481073706260E+001 -0.425098028770198E+002
 -0.424749573164207E+002  0.629043020651758E+002  0.597219722111453E-002  0.168069083098795E+001  0.994027802778885E+000 -0.583481073706260E+001 -0.424749573164207E+002
 -0.424583936200300E+002  0.878707549563592E+002  0.932280357319977E-001  0.636490374397282E+000  0.906771964268002E+000 -0.583481073706260E+001 -0.424583936200300E+002
 -0.423324624314544E+002  0.409168309312974E+002  0.220305278220858E+001  0.156260734850320E+001 -0.120305278220858E+001 -0.583481073706260E+001 -0.423324624314544E+002
 -0.421681155138916E+002  0.449874000629105E+002  0.736770161809985E-001  0.182996401340677E+001  0.926322983819001E+000 -0.583481073706260E+001 -0.421681155138916E+002
 -0.421518286284473E+002  0.594397924850594E+002  0.417730062147363E-001  0.135344976853128E+001  0.958226993785264E+000 -0.583481073706260E+001 -0.421518286284473E+002
 -0.420060213475056E+002  0.454734431515601E+002  0.108010905693814E+001  0.619460077959540E+000 -0.801090569381366E-001 -0.583481073706260E+001 -0.420060213475056E+002
 -0.419072705293308E+002  0.956024520290286E+002  0.409277280303474E+000  0.170661780755695E+001  0.590722719696526E+000 -0.583481073706260E+001 -0.419072705293308E+002
 -0.418582115797453E+002  0.618760062003466E+002  0.226715159916712E-001  0.149947175062051E+001  0.977328484008329E+000 -0.583481073706260E+001 -0.418582115797453E+002
 -0.417921547909196E+002  0.876816457313510E+002  0.468539856725073E+000  0.137455611969665E+001  0.531460143274927E+000 -0.583481073706260E+001 -0.417921547909196E+002
 -0.417466782996060E+002  0.782990946907252E+002  0.665527946313998E+000  0.179588489538023E+001  0.334472053686002E+000 -0.583481073706260E+001 -0.417466782996060E+002
 -0.414862875468889E+002  0.632187427129068E+002  0.880181155179346E+000  0.118292134461247E+001  0.119818844820654E+000 -0.583481073706260E+001 -0.414862875468889E+002
 -0.413232767115208E+002  0.658674997416102E+002  0.779004629679054E+000  0.107814608547064E+001  0.220995370320946E+000 -0.583481073706260E+001 -0.413232767115208E+002
 -0.412362129433064E+002  0.721128650310827E+002  0.795623142341813E+000  0.199754426376133E+001  0.204376857658187E+000 -0.583481073706260E+001 -0.412362129433064E+002
 -0.412111991678638E+002  0.873145532568855E+002  0.519736314067317E+000  0.188147589312981E+001  0.480263685932683E+000 -0.583481073706260E+001 -0.412111991678638E+002
 -0.410065145363393E+002  0.662471575666795E+002  0.895486278647160E+000  0.159897260127406E+001  0.104513721352840E+000 -0.583481073706260E+001 -0.410065145363393E+002
 -0.409206029598006E+002  0.935095833876540E+002  0.438361396241932E+000  0.197801484389719E+001  0.561638603758068E+000 -0.583481073706260E+001 -0.409206029598006E+002
 -0.408733620845907E+002  0.537764309743861E+002  0.134329111545178E+001  0.168354090884205E+001 -0.343291115451782E+000 -0.583481073706260E+001 -0.408733620845907E+002
 -0.406400592208088E+002  0.408367385342335E+002  0.184519591889660E+001  0.112396537926499E+001 -0.845195918896598E+000 -0.583481073706260E+001 -0.406400592208088E+002
 -0.403268812938047E+002  0.697205901519108E+002  0.601157339024458E+000  0.805800349719826E+000  0.398842660975542E+000 -0.583481073706260E+001 -0.403268812938047E+002
 -0.402360082536235E+002  0.748784570765002E+002  0.709959037708900E+000  0.180260747550082E+001  0.290040962291100E+000 -0.583481073706260E+001 -0.402360082536235E+002
 -0.401869608406209E+002  0.402739080263801E+002  0.537844658497039E+000  0.747051575330888E+000  0.462155341502961E+000 -0.583481073706260E+001 -0.401869608406209E+002
 -0.400320627502719E+002  0.485937501597037E+002  0.162974897220269E+001  0.195608284124608E+001 -0.629748972202691E+000 -0.583481073706260E+001 -0.400320627502719E+002
 -0.398067006204041E+002  0.723353055881825E+002  0.491207495389460E-001  0.104460980290522E+001  0.950879250461054E+000 -0.583481073706260E+001 -0.398067006204041E+002
 -0.397925959896312E+002  0.473797634647392E+002  0.119842125741803E+001  0.818010359347980E+000 -0.198421257418029E+000 -0.583481073706260E+001 -0.397925959896312E+002
 -0.393980146652816E+002  0.693489904388513E+002  0.476506215539454E-001  0.112592114846821E+001  0.952349378446055E+000 -0.583481073706260E+001 -0.393980146652816E+002
 -0.393481304081884E+002  0.527687237494307E+002  0.137842969480221E+001  0.194461828475564E+001 -0.378429694802205E+000 -0.583481073706260E+001 -0.393481304081884E+002
 -0.393409784500651E+002  0.606739036369324E+002  0.655077382077740E+000  0.570524736377328E+000  0.344922617922260E+000 -0.583481073706260E+001 -0.393409784500651E+002
 -0.392405528363568E+002  0.417981266244614E+002  0.207382257390207E+001  0.180424949695881E+001 -0.107382257390207E+001 -0.583481073706260E+001 -0.392405528363568E+002
 -0.391375385187650E+002  0.537257196638330E+002  0.129517963567492E+001  0.164788505422792E+001 -0.295179635674919E+000 -0.583481073706260E+001 -0.391375385187650E+002
 -0.389824196906303E+002  0.521781994807502E+002  0.705807279913453E-001  0.162452386154629E+001  0.929419272008655E+000 -0.583481073706260E+001 -0.389824196906303E+002
 -0.389494687995559E+002  0.685389860456735E+002  0.257733948651773E-001  0.142493706727697E+001  0.974226605134823E+000 -0.583481073706260E+001 -0.389494687995559E+002
 -0.388704341572996E+002  0.628830190188785E+002  0.242970127887513E-001  0.172066988743838E+001  0.975702987211249E+000 -0.583481073706260E+001 -0.388704341572996E+002
 -0.388372430725792E+002  0.495459236738972E+002  0.980303925637208E+000  0.664917351836112E+000  0.196960743627921E-001 -0.583481073706260E+001 -0.388372430725792E+002
 -0.386269792615412E+002  0.740063394326941E+002  0.795990807980307E-002  0.168715920240765E+001  0.992040091920197E+000 -0.583481073706260E+001 -0.386269792615412E+002
 -0.385704624959656E+002  0.564285393390565E+002  0.112780369406429E+001  0.143525304550368E+001 -0.127803694064293E+000 -0.583481073706260E+001 -0.385704624959656E+002
 -0.385444780280746E+002  0.699217043775219E+002  0.129173740186825E+000  0.632616272413482E+000  0.870826259813175E+000 -0.583481073706260E+001 -0.385444780280746E+002
 -0.384545063617749E+002  0.418875944115562E+002  0.132266758154635E+001  0.735980043248707E+000 -0.322667581546352E+000 -0.583481073706260E+001 -0.384545063617749E+002
 -0.382735162470853E+002  0.890354739337195E+002  0.460267701606735E+000  0.195574770291591E+001  0.539732298393265E+000 -0.583481073706260E+001 -0.382735162470853E+002
 -0.382583229884712E+002  0.852109064059595E+002  0.504631501508093E+000  0.168435436253336E+001  0.495368498491907E+000 -0.583481073706260E+001 -0.382583229884712E+002
 -0.382546648002683E+002  0.445664772650949E+002  0.286971294618906E+000  0.969669678673065E+000  0.713028705381094E+000 -0.583481073706260E+001 -0.382546648002683E+002
 -0.382310364829827E+002  0.539721688890828E+002  0.110475647436512E+001  0.111456701145827E+001 -0.104756474365124E+000 -0.583481073706260E+001 -0.382310364829827E+002
 -0.381704305116746E+002  0.491869726159639E+002  0.150934111585065E+001  0.177718861136582E+001 -0.509341115850647E+000 -0.583481073706260E+001 -0.381704305116746E+002
 -0.381559425763832E+002  0.563348161673668E+002  0.116953544936480E+001  0.168074108915445E+001 -0.169535449364799E+000 -0.583481073706260E+001 -0.381559425763832E+002
 -0.380567127168559E+002  0.679495584816058E+002  0.818371460057156E+000  0.169439999450181E+001  0.181628539942844E+000 -0.583481073706260E+001 -0.380567127168559E+002
 -0.379987145280842E+002  0.457864125176205E+002  0.923208848502418E+000  0.551111372014978E+000  0.767911514975816E-001 -0.583481073706260E+001 -0.379987145280842E+002
 -0.379392550327182E+002  0.567214008052274E+002  0.116359634805450E+001  0.195950651013021E+001 -0.163596348054501E+000 -0.583481073706260E+001 -0.379392550327182E+002
 -0.379205291202381E+002  0.797812788138266E+002  0.583698501690186E+000  0.169606463365621E+001  0.416301498309814E+000 -0.583481073706260E+001 -0.379205291202381E+002
 -0.378074720759855E+002  0.472435869519255E+002  0.141785500955576E+001  0.117622996772856E+001 -0.417855009555758E+000 -0.583481073706260E+001 -0.378074720759855E+002
 -0.376684374473527E+002  0.993337827535159E+002  0.851786715506253E-002  0.196901137244575E+001  0.991482132844937E+000 -0.583481073706260E+001 -0.376684374473527E+002
 -0.376612792922510E+002  0.512942154631004E+002  0.128113097743925E+001  0.131312763841253E+001 -0.281130977439251E+000 -0.583481073706260E+001 -0.376612792922510E+002
 -0.375775713451291E+002  0.431824203456398E+002  0.187934877446881E+001  0.183217750220642E+001 -0.879348774468805E+000 -0.583481073706260E+001 -0.375775713451291E+002
 -0.375249855417436E+002  0.675372141655073E+002  0.731570409403121E+000  0.115203322351547E+001  0.268429590596879E+000 -0.583481073706260E+001 -0.375249855417436E+002
 -0.373963266064394E+002  0.481805728456317E+002  0.154184548805072E+001  0.188353662380916E+001 -0.541845488050721E+000 -0.583481073706260E+001 -0.373963266064394E+002
 -0.373848774391761E+002  0.422331635299954E+002  0.175353084981651E+001  0.125393676555460E+001 -0.753530849816512E+000 -0.583481073706260E+001 -0.373848774391761E+002
 -0.371211069357790E+002  0.785637784211336E+002  0.474269828281273E-001  0.103869048466416E+001  0.952573017171873E+000 -0.583481073706260E+001 -0.371211069357790E+002
 -0.370294180061575E+002  0.445053543978590E+002  0.710144576724336E+000  0.522870601505783E+000  0.289855423275664E+000 -0.583481073706260E+001 -0.370294180061575E+002
 -0.367816362137796E+002  0.698089059554387E+002  0.629886280115936E+000  0.959854320269667E+000  0.370113719884064E+000 -0.583481073706260E+001 -0.367816362137796E+002
 -0.367544060278092E+002  0.572204063908986E+002  0.106996392851613E+001  0.144727353452197E+001 -0.699639285161346E-001 -0.583481073706260E+001 -0.367544060278092E+002
 -0.365551139071222E+002  0.485286182239911E+002  0.116094361575572E+001  0.878773814293119E+000 -0.160943615755719E+000 -0.583481073706260E+001 -0.365551139071222E+002
 -0.365478871466648E+002  0.706205681021270E+002  0.737606102522026E+000  0.184863188441854E+001  0.262393897477974E+000 -0.583481073706260E+001 -0.365478871466648E+002
 -0.363583495944200E+002  0.797840760641401E+002  0.565265332192675E+000  0.191104515880025E+001  0.434734667807325E+000 -0.583481073706260E+001 -0.363583495944200E+002
 -0.362701499865116E+002  0.846246968794766E+002  0.461791245287836E+000  0.132138848654803E+001  0.538208754712164E+000 -0.583481073706260E+001 -0.362701499865116E+002
 -0.358264192649398E+002  0.405850364510062E+002  0.247108855604177E+000  0.158720723768190E+001  0.752891144395823E+000 -0.583481073706260E+001 -0.358264192649398E+002
 -0.356349729114136E+002  0.481786365985713E+002  0.115716656376795E+001  0.870606996613372E+000 -0.157166563767954E+000 -0.583481073706260E+001 -0.356349729114136E+002
 -0.356280406706335E+002  0.472911452452092E+002  0.238809240301844E+000  0.102744182567500E+001  0.761190759698156E+000 -0.583481073706260E+001 -0.356280406706335E+002
 -0.355120075284301E+002  0.471360199958826E+002  0.146968715064852E+001  0.141866994432204E+001 -0.469687150648523E+000 -0.583481073706260E+001 -0.355120075284301E+002
 -0.354876322122718E+002  0.707155043909048E+002  0.710796222606423E+000  0.195025719601372E+001  0.289203777393577E+000 -0.583481073706260E+001 -0.354876322122718E+002
 -0.353914729065181E+002  0.400834447992138E+002  0.199929460205746E+001  0.164328517115444E+001 -0.999294602057464E+000 -0.583481073706260E+001 -0.353914729065181E+002
 -0.353021879066996E+002  0.438263558615550E+002  0.376588461995349E+000  0.868057413252862E+000  0.623411538004651E+000 -0.583481073706260E+001 -0.353021879066996E+002
 -0.350152876384190E+002  0.606021619192391E+002  0.607623646485284E-001  0.163268870144312E+001  0.939237635351472E+000 -0.583481073706260E+001 -0.350152876384190E+002
 -0.349583745379818E+002  0.426344563612041E+002  0.222161669903707E+000  0.187767398679499E+001  0.777838330096293E+000 -0.583481073706260E+001 -0.349583745379818E+002
 -0.348299439847799E+002  0.879225456516434E+002  0.430297787351831E+000  0.169745043621265E+001  0.569702212648169E+000 -0.583481073706260E+001 -0.348299439847799E+002
 -0.347120106902322E+002  0.956431673051585E+002  0.336373237773874E+000  0.186838093065446E+001  0.663626762226126E+000 -0.583481073706260E+001 -0.347120106902322E+002
 -0.345441701522642E+002  0.480807525300922E+002  0.140762187290055E+001  0.196557809488436E+001 -0.407621872900554E+000 -0.583481073706260E+001 -0.345441701522642E+002
 -0.342803817282277E+002  0.415285805002882E+002  0.179206858673533E+001  0.145571822282853E+001 -0.792068586735334E+000 -0.583481073706260E+001 -0.342803817282277E+002
 -0.342127056117710E+002  0.435191571975246E+002  0.530917771969444E+000  0.677328870304917E+000  0.469082228030556E+000 -0.583481073706260E+001 -0.342127056117710E+002
 -0.341462626905568E+002  0.714512975336947E+002  0.555941897685845E+000  0.852430185343933E+000  0.444058102314155E+000 -0.583481073706260E+001 -0.341462626905568E+002
 -0.340480423777893E+002  0.482359839126287E+002  0.108785957864869E+001  0.803601970757786E+000 -0.878595786486929E-001 -0.583481073706260E+001 -0.340480423777893E+002
 -0.340414968323831E+002  0.803388567934864E+002  0.378990434739574E+000  0.683092223377194E+000  0.621009565260426E+000 -0.583481073706260E+001 -0.340414968323831E+002
 -0.339852318516405E+002  0.638273853350093E+002  0.843283827728067E+000  0.160258107713849E+001  0.156716172271933E+000 -0.583481073706260E+001 -0.339852318516405E+002
 -0.339561434585127E+002  0.479074292554976E+002  0.195875461764194E+000  0.125014473225268E+001  0.804124538235806E+000 -0.583481073706260E+001 -0.339561434585127E+002
 -0.339220590350465E+002  0.437587679713090E+002  0.165687628778355E+001  0.171924219758184E+001 -0.656876287783548E+000 -0.583481073706260E+001 -0.339220590350465E+002
 -0.336051965626630E+002  0.456032005459494E+002  0.150811992726570E+001  0.146127129964341E+001 -0.508119927265704E+000 -0.583481073706260E+001 -0.336051965626630E+002
 -0.335151491203597E+002  0.691481127415977E+002  0.702273454766560E+000  0.191409016507308E+001  0.297726545233440E+000 -0.583481073706260E+001 -0.335151491203597E+002
 -0.334709284075154E+002  0.443452907925207E+002  0.222454747206593E+000  0.179243049642688E+001  0.777545252793407E+000 -0.583481073706260E+001 -0.334709284075154E+002
 -0.333869712318268E+002  0.406818462302635E+002  0.180116115799807E+001  0.192302850965154E+001 -0.801161157998065E+000 -0.583481073706260E+001 -0.333869712318268E+002
 -0.333377263017235E+002  0.974690170181874E+002  0.312120205723048E-001  0.164449871815204E+001  0.968787979427695E+000 -0.583481073706260E+001 -0.333377263017235E+002
 -0.333335249231219E+002  0.741674144015684E+002  0.608959831988461E+000  0.185262091032638E+001  0.391040168011539E+000 -0.583481073706260E+001 -0.333335249231219E+002
 -0.332255676719202E+002  0.949146486976138E+002  0.243958327090068E+000  0.850919790672851E+000  0.756041672909932E+000 -0.583481073706260E+001 -0.332255676719202E+002
 -0.330035337658576E+002  0.648168596177610E+002  0.780005466792349E+000  0.133535327293831E+001  0.219994533207651E+000 -0.583481073706260E+001 -0.330035337658576E+002
 -0.329664272444139E+002  0.479845827609676E+002  0.346017828025431E+000  0.756168158464333E+000  0.653982171974569E+000 -0.583481073706260E+001 -0.329664272444139E+002
 -0.329636581740744E+002  0.491412237618317E+002  0.274961125450590E+000  0.873155816125007E+000  0.725038874549410E+000 -0.583481073706260E+001 -0.329636581740744E+002
 -0.329599861148549E+002  0.415424438864135E+002  0.172731297407379E+001  0.186910512482248E+001 -0.727312974073792E+000 -0.583481073706260E+001 -0.329599861148549E+002
 -0.329537759340691E+002  0.541849646966573E+002  0.110730558740817E+001  0.149868509412327E+001 -0.107305587408169E+000 -0.583481073706260E+001 -0.329537759340691E+002
 -0.329501554518398E+002  0.605658375096692E+002  0.547291425893753E+000  0.444630826303377E+000  0.452708574106247E+000 -0.583481073706260E+001 -0.329501554518398E+002
 -0.328257458372767E+002  0.458174459713437E+002  0.148362868933776E+001  0.156592769240474E+001 -0.483628689337761E+000 -0.583481073706260E+001 -0.328257458372767E+002
 -0.327041753966331E+002  0.653787323762568E+002  0.782447142243686E+000  0.159623753019886E+001  0.217552857756314E+000 -0.583481073706260E+001 -0.327041753966331E+002
 -0.326365377952159E+002  0.801433629057260E+002  0.144288165605117E+000  0.520690536416423E+000  0.855711834394883E+000 -0.583481073706260E+001 -0.326365377952159E+002
 -0.325602923569977E+002  0.419360607617657E+002  0.456904766548431E+000  0.884408821684488E+000  0.543095233451569E+000 -0.583481073706260E+001 -0.325602923569977E+002
 -0.324828911306389E+002  0.863566082770180E+002  0.339092751767206E+000  0.841293555368214E+000  0.660907248232794E+000 -0.583481073706260E+001 -0.324828911306389E+002
 -0.322084251128899E+002  0.764522386490318E+002  0.511399741224640E+000  0.105672564186010E+001  0.488600258775360E+000 -0.583481073706260E+001 -0.322084251128899E+002
 -0.321930096264882E+002  0.634561946757577E+002  0.817690335544999E+000  0.153701545766901E+001  0.182309664455001E+000 -0.583481073706260E+001 -0.321930096264882E+002
 -0.321884013041323E+002  0.963077348339977E+002  0.293978772833092E+000  0.133960063320700E+001  0.706021227166908E+000 -0.583481073706260E+001 -0.321884013041323E+002
 -0.321844998750887E+002  0.499333133897704E+002  0.164395244358682E+000  0.163035152636804E+001  0.835604755641318E+000 -0.583481073706260E+001 -0.321844998750887E+002
 -0.318800110065231E+002  0.486258671221239E+002  0.125895646927785E+001  0.191519884022074E+001 -0.258956469277851E+000 -0.583481073706260E+001 -0.318800110065231E+002
 -0.318783079173825E+002  0.692114742874007E+002  0.665079123198323E+000  0.189625937860891E+001  0.334920876801677E+000 -0.583481073706260E+001 -0.318783079173825E+002
 -0.317725978919642E+002  0.745424903395295E+002  0.557983015549363E+000  0.196055859420012E+001  0.442016984450637E+000 -0.583481073706260E+001 -0.317725978919642E+002
 -0.317506087816572E+002  0.549531084315915E+002  0.103096702040403E+001  0.184490372785844E+001 -0.309670204040289E-001 -0.583481073706260E+001 -0.317506087816572E+002
 -0.315202870679469E+002  0.634943410016950E+002  0.789194292215101E+000  0.182049629152666E+001  0.210805707784899E+000 -0.583481073706260E+001 -0.315202870679469E+002
 -0.313185323235575E+002  0.519592449168811E+002  0.111824254175749E+001  0.184793459926510E+001 -0.118242541757489E+000 -0.583481073706260E+001 -0.313185323235575E+002
 -0.312335528140234E+002  0.882384401734022E+002  0.704707422732163E-001  0.923883154973723E+000  0.929529257726784E+000 -0.583481073706260E+001 -0.312335528140234E+002
 -0.312273711155177E+002  0.788930341041979E+002  0.505852523303850E+000  0.171299231672594E+001  0.494147476696150E+000 -0.583481073706260E+001 -0.312273711155177E+002
 -0.311896528426258E+002  0.524235689884587E+002  0.161661025969544E+000  0.179392389955534E+001  0.838338974030456E+000 -0.583481073706260E+001 -0.311896528426258E+002
 -0.311337151532867E+002  0.429425674662177E+002  0.857201675120170E+000  0.591722785332813E+000  0.142798324879830E+000 -0.583481073706260E+001 -0.311337151532867E+002
 -0.311000484713211E+002  0.632058562446752E+002  0.871665147746615E-001  0.176767482403677E+001  0.912833485225338E+000 -0.583481073706260E+001 -0.311000484713211E+002
 -0.310933423616654E+002  0.400063087282592E+002  0.164749682911688E+001  0.193856125711255E+001 -0.647496829116879E+000 -0.583481073706260E+001 -0.310933423616654E+002
 -0.309394669346351E+002  0.832903658885207E+002  0.433758687001960E+000  0.128502304626388E+001  0.566241312998040E+000 -0.583481073706260E+001 -0.309394669346351E+002
 -0.309299797966202E+002  0.572844914562388E+002  0.924855046895970E+000  0.120494058976226E+001  0.751449531040301E-001 -0.583481073706260E+001 -0.309299797966202E+002
 -0.308143617607952E+002  0.499138546104547E+002  0.720473866384577E+000  0.505207264975477E+000  0.279526133615423E+000 -0.583481073706260E+001 -0.308143617607952E+002
 -0.308008297880639E+002  0.464093307932427E+002  0.116775298303017E+001  0.888254982655732E+000 -0.167752983030174E+000 -0.583481073706260E+001 -0.308008297880639E+002
 -0.307762425634794E+002  0.886585972878869E+002  0.325412465872734E+000  0.952273147222997E+000  0.674587534127266E+000 -0.583481073706260E+001 -0.307762425634794E+002
 -0.306945389308459E+002  0.672844652871968E+002  0.700173444811812E+000  0.137820042495295E+001  0.299826555188188E+000 -0.583481073706260E+001 -0.306945389308459E+002
 -0.306261412341004E+002  0.681353278023888E+002  0.686142504922141E+000  0.160609712143685E+001  0.313857495077859E+000 -0.583481073706260E+001 -0.306261412341004E+002
 -0.303222346564473E+002  0.655802745803281E+002  0.107029228282808E+000  0.198302536182007E+001  0.892970771717192E+000 -0.583481073706260E+001 -0.303222346564473E+002
 -0.302736875693324E+002  0.685987645670978E+002  0.129711545153982E+000  0.752597467419624E+000  0.870288454846018E+000 -0.583481073706260E+001 -0.302736875693324E+002
 -0.302611347877892E+002  0.457476901824284E+002  0.327026406079857E+000  0.198140841392474E+001  0.672973593920143E+000 -0.583481073706260E+001 -0.302611347877892E+002
 -0.302083782530345E+002  0.950647871932839E+002  0.281960571071245E+000  0.180395397091080E+001  0.718039428928755E+000 -0.583481073706260E+001 -0.302083782530345E+002
 -0.301722227095053E+002  0.517908516692690E+002  0.173846261965032E+000  0.162975873802953E+001  0.826153738034968E+000 -0.583481073706260E+001 -0.301722227095053E+002
 -0.301705497623097E+002  0.891277245898991E+002  0.358639773637529E+000  0.167374304444150E+001  0.641360226362471E+000 -0.583481073706260E+001 -0.301705497623097E+002
 -0.300584000965480E+002  0.417613578445857E+002  0.158820943943326E+001  0.164351776907945E+001 -0.588209439433261E+000 -0.583481073706260E+001 -0.300584000965480E+002
 -0.299190216870427E+002  0.690163041508299E+002  0.798982906832520E-001  0.179573776084412E+001  0.920101709316748E+000 -0.583481073706260E+001 -0.299190216870427E+002
 -0.299115970804355E+002  0.437802781265081E+002  0.138509383986199E+001  0.186545824068184E+001 -0.385093839861990E+000 -0.583481073706260E+001 -0.299115970804355E+002
 -0.299043699507288E+002  0.993324212987398E+002  0.847315945973397E-001  0.194089096007804E+001  0.915268405402660E+000 -0.583481073706260E+001 -0.299043699507288E+002
 -0.298182940240928E+002  0.407588413768592E+002  0.149713872394210E+001  0.191736615772514E+001 -0.497138723942100E+000 -0.583481073706260E+001 -0.298182940240928E+002
 -0.297657231851466E+002  0.465849705747793E+002  0.122622936405348E+001  0.190601599937298E+001 -0.226229364053478E+000 -0.583481073706260E+001 -0.297657231851466E+002
 -0.297376394634784E+002  0.998143274444754E+002  0.132796884592806E+000  0.875624025143893E+000  0.867203115407194E+000 -0.583481073706260E+001 -0.297376394634784E+002
 -0.296463375615425E+002  0.954233591312415E+002  0.277660718342254E+000  0.171259189390939E+001  0.722339281657746E+000 -0.583481073706260E+001 -0.296463375615425E+002
 -0.295865314395651E+002  0.791806934615899E+002  0.480455317530931E+000  0.165016946718803E+001  0.519544682469069E+000 -0.583481073706260E+001 -0.295865314395651E+002
 -0.295108252826227E+002  0.525884451887769E+002  0.855000529168949E+000  0.713445840578103E+000  0.144999470831051E+000 -0.583481073706260E+001 -0.295108252826227E+002
 -0.294264754654949E+002  0.676128174351328E+002  0.801316617984272E-001  0.161605817018095E+001  0.919868338201573E+000 -0.583481073706260E+001 -0.294264754654949E+002
 -0.293094436518739E+002  0.404116938401193E+002  0.154115116355517E+001  0.182169667593546E+001 -0.541151163555166E+000 -0.583481073706260E+001 -0.293094436518739E+002
 -0.291477643521348E+002  0.633292713768631E+002  0.689878964862065E+000  0.195535219254136E+001  0.310121035137935E+000 -0.583481073706260E+001 -0.291477643521348E+002
 -0.291397533338166E+002  0.684817300109500E+002  0.655473394322966E+000  0.155702315696190E+001  0.344526605677034E+000 -0.583481073706260E+001 -0.291397533338166E+002
 -0.290226275444866E+002  0.640868284229757E+002  0.722291829574201E+000  0.175150060485946E+001  0.277708170425799E+000 -0.583481073706260E+001 -0.290226275444866E+002
 -0.290137587772656E+002  0.616686176350909E+002  0.130003423032797E+000  0.184668431414860E+001  0.869996576967203E+000 -0.583481073706260E+001 -0.290137587772656E+002
 -0.289911410267080E+002  0.678666591730863E+002  0.659909298283828E+000  0.128255300808129E+001  0.340090701716172E+000 -0.583481073706260E+001 -0.289911410267079E+002
 -0.289622989956872E+002  0.514675103847200E+002  0.193432343290877E+000  0.134755524177305E+001  0.806567656709123E+000 -0.583481073706260E+001 -0.289622989956872E+002
 -0.289448427034532E+002  0.422332092108745E+002  0.132116942962144E+001  0.193614319224201E+001 -0.321169429621435E+000 -0.583481073706260E+001 -0.289448427034532E+002
 -0.289193273296265E+002  0.813687746894958E+002  0.118812285497295E+000  0.651415215514781E+000  0.881187714502705E+000 -0.583481073706260E+001 -0.289193273296265E+002
 -0.289184220554554E+002  0.541531849799425E+002  0.287528090085615E+000  0.668175352010629E+000  0.712471909914385E+000 -0.583481073706260E+001 -0.289184220554554E+002
 -0.287391341441733E+002  0.510761578465105E+002  0.882055731649856E+000  0.709615105597973E+000  0.117944268350144E+000 -0.583481073706260E+001 -0.287391341441733E+002
 -0.286586272122329E+002  0.436347231775448E+002  0.349131092569232E+000  0.166112022213540E+001  0.650868907430768E+000 -0.583481073706260E+001 -0.286586272122329E+002
 -0.286040767809343E+002  0.650669410316907E+002  0.707926564568022E+000  0.124088117817737E+001  0.292073435431978E+000 -0.583481073706260E+001 -0.286040767809343E+002
 -0.285512945523181E+002  0.506446588725390E+002  0.111458816613242E+001  0.156234368636771E+001 -0.114588166132417E+000 -0.583481073706260E+001 -0.285512945523181E+002
 -0.284739538617414E+002  0.471413424431276E+002  0.125901384093804E+001  0.146637706080318E+001 -0.259013840938039E+000 -0.583481073706260E+001 -0.284739538617414E+002
 -0.284305252524796E+002  0.818462325552259E+002  0.593330797690901E-001  0.160296981516327E+001  0.940666920230910E+000 -0.583481073706260E+001 -0.284305252524796E+002
 -0.283467917369917E+002  0.470422256826047E+002  0.283169698707187E+000  0.166882128581539E+001  0.716830301292813E+000 -0.583481073706260E+001 -0.283467917369917E+002
 -0.283134557631780E+002  0.652426711382079E+002  0.124681407088459E+000  0.187039683172364E+001  0.875318592911541E+000 -0.583481073706260E+001 -0.283134557631780E+002
 -0.281530376683457E+002  0.476378914941568E+002  0.370074152412464E+000  0.195747488560207E+001  0.629925847587536E+000 -0.583481073706260E+001 -0.281530376683457E+002
 -0.280963332842439E+002  0.664200698477855E+002  0.949174442174214E-001  0.126635103605282E+001  0.905082555782579E+000 -0.583481073706260E+001 -0.280963332842439E+002
 -0.280803443046955E+002  0.420181515456618E+002  0.411266453520704E+000  0.164367863941585E+001  0.588733546479296E+000 -0.583481073706260E+001 -0.280803443046955E+002
 -0.278580583504288E+002  0.408173675619679E+002  0.581345771746530E+000  0.188484981241084E+001  0.418654228253470E+000 -0.583481073706260E+001 -0.278580583504288E+002
 -0.278458855031254E+002  0.875537936481185E+002  0.323734504107377E+000  0.957877522687262E+000  0.676265495892623E+000 -0.583481073706260E+001 -0.278458855031254E+002
 -0.277974200280540E+002  0.969997210954920E+002  0.127405128250734E+000  0.191060728613978E+001  0.872594871749266E+000 -0.583481073706260E+001 -0.277974200280540E+002
 -0.277939749572593E+002  0.812004011088698E+002  0.436026649684946E+000  0.134402598335617E+001  0.563973350315054E+000 -0.583481073706260E+001 -0.277939749572593E+002
 -0.277324639718026E+002  0.588922938597886E+002  0.839574532800699E+000  0.155472376727888E+001  0.160425467199301E+000 -0.583481073706260E+001 -0.277324639718026E+002
 -0.276789139309150E+002  0.497783630985025E+002  0.106030894877093E+001  0.175483802254657E+001 -0.603089487709334E-001 -0.583481073706260E+001 -0.276789139309150E+002
 -0.276047059448329E+002  0.739572080676442E+002  0.500506477109943E+000  0.180606250612800E+001  0.499493522890057E+000 -0.583481073706260E+001 -0.276047059448329E+002
 -0.274575253759688E+002  0.986800967973565E+002  0.119891275009586E+000  0.181987669240777E+001  0.880108724990414E+000 -0.583481073706260E+001 -0.274575253759688E+002
 -0.274362125711302E+002  0.979863000128631E+002  0.214657547150459E+000  0.108451121480910E+001  0.785342452849541E+000 -0.583481073706260E+001 -0.274362125711302E+002
 -0.274310356108374E+002  0.984731730839914E+002  0.131485160502238E+000  0.888695255972869E+000  0.868514839497762E+000 -0.583481073706260E+001 -0.274310356108374E+002
 -0.273664443186426E+002  0.569924322033603E+002  0.851302250160342E+000  0.170433257558823E+001  0.148697749839658E+000 -0.583481073706260E+001 -0.273664443186426E+002
 -0.273636639739733E+002  0.515175791210799E+002  0.883136596965761E+000  0.193735777854272E+001  0.116863403034239E+000 -0.583481073706260E+001 -0.273636639739733E+002
 -0.273215478604685E+002  0.589336929092467E+002  0.773570300219361E+000  0.179862794643188E+001  0.226429699780639E+000 -0.583481073706260E+001 -0.273215478604685E+002
 -0.273107392362268E+002  0.420895766680267E+002  0.680861254408271E+000  0.196609717168054E+001  0.319138745591729E+000 -0.583481073706260E+001 -0.273107392362268E+002
 -0.272931016446782E+002  0.536436909764018E+002  0.267684724590876E+000  0.191474175936900E+001  0.732315275409124E+000 -0.583481073706260E+001 -0.272931016446782E+002
 -0.272856014718249E+002  0.838978271402614E+002  0.622340551429128E-001  0.132634043598172E+001  0.937765944857087E+000 -0.583481073706260E+001 -0.272856014718249E+002
 -0.272719462105016E+002  0.529003706992510E+002  0.452770170802024E+000  0.476849968874607E+000  0.547229829197976E+000 -0.583481073706260E+001 -0.272719462105016E+002
 -0.270700910033337E+002  0.498049683612946E+002  0.293237717173539E+000  0.927308348955748E+000  0.706762282826461E+000 -0.583481073706260E+001 -0.270700910033337E+002
 -0.270433964516508E+002  0.430268224609735E+002  0.569017014718367E+000  0.190432362930187E+001  0.430982985281633E+000 -0.583481073706260E+001 -0.270433964516508E+002
 -0.269595969287877E+002  0.422797038913279E+002  0.142357439851217E+001  0.145769944177684E+001 -0.423574398512174E+000 -0.583481073706260E+001 -0.269595969287877E+002
 -0.269440870912545E+002  0.819185782860729E+002  0.190345088225082E+000  0.467022569915651E+000  0.809654911774918E+000 -0.583481073706260E+001 -0.269440870912545E+002
 -0.269161404630063E+002  0.498545313145569E+002  0.242150643530384E+000  0.133958056204104E+001  0.757849356469616E+000 -0.583481073706260E+001 -0.269161404630063E+002
 -0.269017222489985E+002  0.701868593956021E+002  0.589803982374671E+000  0.150561756314730E+001  0.410196017625329E+000 -0.583481073706260E+001 -0.269017222489985E+002
 -0.268701438570390E+002  0.534739679300130E+002  0.212565992628951E+000  0.164451570734687E+001  0.787434007371049E+000 -0.583481073706260E+001 -0.268701438570390E+002
 -0.267647586888010E+002  0.503166024356898E+002  0.835922240557725E+000  0.196401054670050E+001  0.164077759442275E+000 -0.583481073706260E+001 -0.267647586888010E+002
 -0.267178900754290E+002  0.662147936799167E+002  0.636956326804555E+000  0.102575263656055E+001  0.363043673195445E+000 -0.583481073706260E+001 -0.267178900754290E+002
 -0.266173754745652E+002  0.688941474296902E+002  0.146158297263739E+000  0.190910250771123E+001  0.853841702736261E+000 -0.583481073706260E+001 -0.266173754745652E+002
 -0.265884090001874E+002  0.723573517441711E+002  0.521411949479218E+000  0.171271416619819E+001  0.478588050520782E+000 -0.583481073706260E+001 -0.265884090001874E+002
 -0.265475892389802E+002  0.446914535513583E+002  0.126990421897139E+001  0.114885046237726E+001 -0.269904218971389E+000 -0.583481073706260E+001 -0.265475892389802E+002
 -0.264661230078120E+002  0.420085391896333E+002  0.117435926770764E+001  0.810730410364505E+000 -0.174359267707636E+000 -0.583481073706260E+001 -0.264661230078120E+002
 -0.264332237516056E+002  0.412501599185390E+002  0.127443604292781E+001  0.176251397030659E+001 -0.274436042927809E+000 -0.583481073706260E+001 -0.264332237516056E+002
 -0.264329132669665E+002  0.431154622535904E+002  0.736795036033796E+000  0.194060786343086E+001  0.263204963966204E+000 -0.583481073706260E+001 -0.264329132669665E+002
 -0.263247813066863E+002  0.675802603019469E+002  0.585604603977055E+000  0.899406844181257E+000  0.414395396022945E+000 -0.583481073706260E+001 -0.263247813066863E+002
 -0.263219405386637E+002  0.893283688912723E+002  0.680026673213207E-001  0.126936062494972E+001  0.931997332678679E+000 -0.583481073706260E+001 -0.263219405386637E+002
 -0.262497953546959E+002  0.809836711199781E+002  0.385261176656637E+000  0.175063283003540E+001  0.614738823343363E+000 -0.583481073706260E+001 -0.262497953546959E+002
 -0.262214122129507E+002  0.436102259048163E+002  0.413572440276870E+000  0.157630198509547E+001  0.586427559723130E+000 -0.583481073706260E+001 -0.262214122129507E+002
 -0.261460162511383E+002  0.728072951272429E+002  0.499003553336496E+000  0.894389327633220E+000  0.500996446663504E+000 -0.583481073706260E+001 -0.261460162511383E+002
 -0.260816889025021E+002  0.502116648203229E+002  0.310119291078643E+000  0.175605611386663E+001  0.689880708921357E+000 -0.583481073706260E+001 -0.260816889025021E+002
 -0.259912359071718E+002  0.698637296646609E+002  0.451718250830470E+000  0.196662423264657E+001  0.548281749169530E+000 -0.583481073706260E+001 -0.259912359071718E+002
 -0.258205131727982E+002  0.547480483847161E+002  0.919499122787787E+000  0.135491856216057E+001  0.805008772122129E-001 -0.583481073706260E+001 -0.258205131727982E+002
 -0.257907160206283E+002  0.991492113973741E+002  0.116216276653482E+000  0.102230852342364E+001  0.883783723346518E+000 -0.583481073706260E+001 -0.257907160206283E+002
 -0.257205958202660E+002  0.449028199267274E+002  0.527062272630880E+000  0.735022255655351E+000  0.472937727369120E+000 -0.583481073706260E+001 -0.257205958202660E+002
 -0.257177803311056E+002  0.591348181252732E+002  0.208517949040034E+000  0.180402269718297E+001  0.791482050959966E+000 -0.583481073706260E+001 -0.257177803311056E+002
 -0.257006790682991E+002  0.620515511460808E+002  0.134093586137742E+000  0.140626122389355E+001  0.865906413862258E+000 -0.583481073706260E+001 -0.257006790682991E+002
 -0.256291965776426E+002  0.475517073538555E+002  0.947806175356022E+000  0.182289373802502E+001  0.521938246439776E-001 -0.583481073706260E+001 -0.256291965776426E+002
 -0.256291662131994E+002  0.466056925456149E+002  0.117263247733429E+001  0.117175766904374E+001 -0.172632477334286E+000 -0.583481073706260E+001 -0.256291662131994E+002
 -0.256274154939522E+002  0.501650582280784E+002  0.291510337722424E+000  0.963804055927332E+000  0.708489662277576E+000 -0.583481073706260E+001 -0.256274154939522E+002
 -0.256175014055824E+002  0.415454297421112E+002  0.475258286362983E+000  0.122435445403348E+001  0.524741713637017E+000 -0.583481073706260E+001 -0.256175014055824E+002
 -0.256096456165269E+002  0.756421417112701E+002  0.486658767383817E+000  0.117966521379542E+001  0.513341232616183E+000 -0.583481073706260E+001 -0.256096456165269E+002
 -0.255101983408709E+002  0.683405332108085E+002  0.218815537354646E+000  0.199401681511015E+001  0.781184462645354E+000 -0.583481073706260E+001 -0.255101983408709E+002
 -0.254801825955967E+002  0.809551611525430E+002  0.247068958163241E+000  0.199236001732524E+001  0.752931041836759E+000 -0.583481073706260E+001 -0.254801825955967E+002
 -0.254760228114665E+002  0.762631585049733E+002  0.445302287506542E+000  0.168716611032972E+001  0.554697712493458E+000 -0.583481073706260E+001 -0.254760228114665E+002
 -0.254632342270421E+002  0.456561690026215E+002  0.463355435924475E+000  0.176580723115290E+001  0.536644564075525E+000 -0.583481073706260E+001 -0.254632342270421E+002
 -0.253631752855364E+002  0.600908473940190E+002  0.270394539279725E+000  0.194143747811322E+001  0.729605460720275E+000 -0.583481073706260E+001 -0.253631752855364E+002
 -0.253474732473339E+002  0.528824764667540E+002  0.442472717729253E+000  0.196057878679946E+001  0.557527282270747E+000 -0.583481073706260E+001 -0.253474732473339E+002
 -0.253359669286758E+002  0.543689571643568E+002  0.538845738155686E+000  0.199207700871302E+001  0.461154261844314E+000 -0.583481073706260E+001 -0.253359669286758E+002
 -0.252335266384186E+002  0.476402198122580E+002  0.102991592437311E+001  0.879787715652685E+000 -0.299159243731053E-001 -0.583481073706260E+001 -0.252335266384186E+002
 -0.251037370129551E+002  0.419840082439242E+002  0.104776107272940E+001  0.741494777514972E+000 -0.477610727293989E-001 -0.583481073706260E+001 -0.251037370129551E+002
 -0.250651935237485E+002  0.418068515065842E+002  0.604913592315419E+000  0.169822281113044E+001  0.395086407684581E+000 -0.583481073706260E+001 -0.250651935237485E+002
 -0.249515068863325E+002  0.416014303994001E+002  0.683927725907078E+000  0.174584419173312E+001  0.316072274092922E+000 -0.583481073706260E+001 -0.249515068863325E+002
 -0.249198231232784E+002  0.720453658691714E+002  0.358066151616384E+000  0.197330544718868E+001  0.641933848383616E+000 -0.583481073706260E+001 -0.249198231232784E+002
 -0.249039435094368E+002  0.749521619189085E+002  0.299859330610036E+000  0.198606634080440E+001  0.700140669389964E+000 -0.583481073706260E+001 -0.249039435094368E+002
 -0.248936395457543E+002  0.676372840128139E+002  0.441040369175688E+000  0.475873878568189E+000  0.558959630824312E+000 -0.583481073706260E+001 -0.248936395457543E+002
 -0.248493833855249E+002  0.504554405454613E+002  0.350742283044049E+000  0.175058310369159E+001  0.649257716955951E+000 -0.583481073706260E+001 -0.248493833855249E+002
 -0.248473050338280E+002  0.440309343230520E+002  0.742833480362667E+000  0.183514769545754E+001  0.257166519637333E+000 -0.583481073706260E+001 -0.248473050338280E+002
 -0.248146904232324E+002  0.622023149489285E+002  0.716446826936548E+000  0.121938456414758E+001  0.283553173063452E+000 -0.583481073706260E+001 -0.248146904232324E+002
 -0.248058268979679E+002  0.414960004539910E+002  0.136376653306295E+001  0.121755183579372E+001 -0.363766533062951E+000 -0.583481073706260E+001 -0.248058268979679E+002
 -0.247933369176782E+002  0.646751813055884E+002  0.515633723804534E+000  0.547661560128275E+000  0.484366276195466E+000 -0.583481073706260E+001 -0.247933369176782E+002
 -0.247689460280478E+002  0.474374636697749E+002  0.111914360266939E+001  0.139433530078325E+001 -0.119143602669388E+000 -0.583481073706260E+001 -0.247689460280478E+002
 -0.247678482580207E+002  0.684522126788189E+002  0.114041014689229E+000  0.148345701106347E+001  0.885958985310771E+000 -0.583481073706260E+001 -0.247678482580207E+002
 -0.247483408970331E+002  0.401375103109587E+002  0.132537446533592E+001  0.156991249406270E+001 -0.325374465335922E+000 -0.583481073706260E+001 -0.247483408970331E+002
 -0.247227724108666E+002  0.462870375725229E+002  0.523520355738204E+000  0.179663220847023E+001  0.476479644261796E+000 -0.583481073706260E+001 -0.247227724108666E+002
 -0.247220604486895E+002  0.609209511672050E+002  0.169162794808881E+000  0.940742240732338E+000  0.830837205191119E+000 -0.583481073706260E+001 -0.247220604486895E+002
 -0.246485617556522E+002  0.673701845866766E+002  0.613957353038294E+000  0.129828903132031E+001  0.386042646961706E+000 -0.583481073706260E+001 -0.246485617556522E+002
 -0.245104239276386E+002  0.785086167916537E+002  0.372828308788616E+000  0.176368400568596E+001  0.627171691211384E+000 -0.583481073706260E+001 -0.245104239276386E+002
 -0.244481336581449E+002  0.441707328406457E+002  0.110241473603029E+001  0.164774173840141E+001 -0.102414736030293E+000 -0.583481073706260E+001 -0.244481336581449E+002
 -0.242781074261613E+002  0.805129431055953E+002  0.404963096972959E+000  0.139516937810340E+001  0.595036903027041E+000 -0.583481073706260E+001 -0.242781074261613E+002
 -0.242583615510614E+002  0.595518850343323E+002  0.660815734989122E+000  0.175075731667091E+001  0.339184265010878E+000 -0.583481073706260E+001 -0.242583615510614E+002
 -0.242410191765311E+002  0.400800400576307E+002  0.124230389336257E+001  0.160045403776665E+001 -0.242303893362574E+000 -0.583481073706260E+001 -0.242410191765311E+002
 -0.240661520305505E+002  0.616834628618991E+002  0.184629718143183E+000  0.165446532791866E+001  0.815370281856817E+000 -0.583481073706260E+001 -0.240661520305505E+002
 -0.240286805405270E+002  0.530539443890107E+002  0.679184401249308E+000  0.184084327216509E+001  0.320815598750692E+000 -0.583481073706260E+001 -0.240286805405270E+002
 -0.240104554813235E+002  0.743228908817474E+002  0.259623783052025E+000  0.193954820908326E+001  0.740376216947975E+000 -0.583481073706260E+001 -0.240104554813235E+002
 -0.239210853050365E+002  0.439947849786054E+002  0.606759991171878E+000  0.170719591598386E+001  0.393240008828122E+000 -0.583481073706260E+001 -0.239210853050365E+002
 -0.238887674916498E+002  0.801482380135544E+002  0.258160379807967E+000  0.188276819100530E+001  0.741839620192033E+000 -0.583481073706260E+001 -0.238887674916498E+002
 -0.237738544947720E+002  0.649224243945119E+002  0.225988152997066E+000  0.183743971805585E+001  0.774011847002934E+000 -0.583481073706260E+001 -0.237738544947720E+002
 -0.237552599309661E+002  0.707959888477729E+002  0.340159508822162E+000  0.191977893154347E+001  0.659840491177838E+000 -0.583481073706260E+001 -0.237552599309661E+002
 -0.237437326679137E+002  0.541084788083830E+002  0.226447667667452E+000  0.116410929960881E+001  0.773552332332548E+000 -0.583481073706260E+001 -0.237437326679137E+002
 -0.237176347865952E+002  0.512528138129431E+002  0.956035300570199E+000  0.141622039259499E+001  0.439646994298007E-001 -0.583481073706260E+001 -0.237176347865952E+002
 -0.237089286413384E+002  0.409109430617224E+002  0.105499519094417E+001  0.777852827132702E+000 -0.549951909441737E-001 -0.583481073706260E+001 -0.237089286413384E+002
 -0.236196460027719E+002  0.901953346847636E+002  0.134911098779157E+000  0.168894265424006E+001  0.865088901220843E+000 -0.583481073706260E+001 -0.236196460027719E+002
 -0.236077870936058E+002  0.487420934369491E+002  0.801267116964813E+000  0.176021977883652E+001  0.198732883035187E+000 -0.583481073706260E+001 -0.236077870936058E+002
 -0.235994558720396E+002  0.834383492012961E+002  0.333159263327818E+000  0.159523911272778E+001  0.666840736672182E+000 -0.583481073706260E+001 -0.235994558720396E+002
 -0.235588139946843E+002  0.645852410291157E+002  0.222372713458467E+000  0.549458502759010E+000  0.777627286541533E+000 -0.583481073706260E+001 -0.235588139946843E+002
 -0.235225204200630E+002  0.477603091180667E+002  0.935662777306244E+000  0.164983270374675E+001  0.643372226937561E-001 -0.583481073706260E+001 -0.235225204200630E+002
 -0.232622749371840E+002  0.414175390867905E+002  0.128702767493204E+001  0.132130330215664E+001 -0.287027674932039E+000 -0.583481073706260E+001 -0.232622749371840E+002
 -0.232446180386002E+002  0.490116259941884E+002  0.609034441723682E+000  0.179029036036735E+001  0.390965558276318E+000 -0.583481073706260E+001 -0.232446180386002E+002
 -0.231807613731637E+002  0.455050156952896E+002  0.488189765026386E+000  0.158764034634725E+001  0.511810234973614E+000 -0.583481073706260E+001 -0.231807613731637E+002
 -0.231694683937167E+002  0.481053877715260E+002  0.910503798711344E+000  0.163973547468045E+001  0.894962012886562E-001 -0.583481073706260E+001 -0.231694683937167E+002
 -0.231080326022413E+002  0.540395717780794E+002  0.618107266468660E+000  0.180739035425186E+001  0.381892733531340E+000 -0.583481073706260E+001 -0.231080326022413E+002
 -0.230779916078423E+002  0.407549705640890E+002  0.614504303825899E+000  0.139698958411971E+001  0.385495696174101E+000 -0.583481073706260E+001 -0.230779916078423E+002
 -0.230249019466866E+002  0.562414466919556E+002  0.420471830409834E+000  0.183933930114362E+001  0.579528169590166E+000 -0.583481073706260E+001 -0.230249019466866E+002
 -0.228006896945870E+002  0.472870988868432E+002  0.759585956895715E+000  0.172088110098219E+001  0.240414043104285E+000 -0.583481073706260E+001 -0.228006896945870E+002
 -0.227833230677693E+002  0.435226121357281E+002  0.119566461422398E+001  0.125586861713531E+001 -0.195664614223982E+000 -0.583481073706260E+001 -0.227833230677693E+002
 -0.227230822128379E+002  0.791834326341690E+002  0.283277234518634E+000  0.179402371352948E+001  0.716722765481366E+000 -0.583481073706260E+001 -0.227230822128379E+002
 -0.227100938019403E+002  0.954407942846420E+002  0.206628811966350E+000  0.121368598845585E+001  0.793371188033650E+000 -0.583481073706260E+001 -0.227100938019403E+002
 -0.227032630944653E+002  0.515822959662227E+002  0.724369228711482E+000  0.172371412104792E+001  0.275630771288518E+000 -0.583481073706260E+001 -0.227032630944653E+002
 -0.226801282507973E+002  0.846842093222592E+002  0.897980762643653E-001  0.128143751100263E+001  0.910201923735635E+000 -0.583481073706260E+001 -0.226801282507973E+002
 -0.226651710451702E+002  0.678911053594435E+002  0.144963773174455E+000  0.152710906894044E+001  0.855036226825545E+000 -0.583481073706260E+001 -0.226651710451702E+002
 -0.226650293755565E+002  0.505900806467915E+002  0.521428357351610E+000  0.175870847582004E+001  0.478571642648390E+000 -0.583481073706260E+001 -0.226650293755565E+002
 -0.226439850312434E+002  0.445227307803166E+002  0.114096993886337E+001  0.133845863552832E+001 -0.140969938863366E+000 -0.583481073706260E+001 -0.226439850312434E+002
 -0.226134113963446E+002  0.930565632743623E+002  0.155994982360905E+000  0.791898221091296E+000  0.844005017639095E+000 -0.583481073706260E+001 -0.226134113963446E+002
 -0.225763894585914E+002  0.594831071858892E+002  0.677445800477113E+000  0.157497718953690E+001  0.322554199522887E+000 -0.583481073706260E+001 -0.225763894585914E+002
 -0.225319268916226E+002  0.427505441903136E+002  0.118551616266465E+001  0.103182186914871E+001 -0.185516162664655E+000 -0.583481073706260E+001 -0.225319268916226E+002
 -0.224757411280685E+002  0.506638965281647E+002  0.323609645458993E+000  0.912101680781340E+000  0.676390354541007E+000 -0.583481073706260E+001 -0.224757411280685E+002
 -0.224350377294309E+002  0.553220994151425E+002  0.785398563691972E+000  0.862917350533609E+000  0.214601436308028E+000 -0.583481073706260E+001 -0.224350377294309E+002
 -0.224193446992838E+002  0.887514366455995E+002  0.286924074325220E+000  0.127875693661354E+001  0.713075925674780E+000 -0.583481073706260E+001 -0.224193446992838E+002
 -0.224184656269904E+002  0.473916788367976E+002  0.104239613455994E+001  0.132803803967859E+001 -0.423961345599408E-001 -0.583481073706260E+001 -0.224184656269904E+002
 -0.223892851943994E+002  0.844301659595785E+002  0.323323380774517E+000  0.145716482632129E+001  0.676676619225483E+000 -0.583481073706260E+001 -0.223892851943994E+002
 -0.223687075931535E+002  0.878368751262476E+002  0.231592091832589E+000  0.164011704301806E+001  0.768407908167411E+000 -0.583481073706260E+001 -0.223687075931535E+002
 -0.223300642363249E+002  0.881554865371249E+002  0.102159844025624E+000  0.142817580944297E+001  0.897840155974376E+000 -0.583481073706260E+001 -0.223300642363249E+002
 -0.222957873777913E+002  0.790540022332873E+002  0.407810635247434E+000  0.118086733175299E+001  0.592189364752566E+000 -0.583481073706260E+001 -0.222957873777913E+002
 -0.222952464738868E+002  0.531961310658372E+002  0.741354736071173E+000  0.165265739176264E+001  0.258645263928827E+000 -0.583481073706260E+001 -0.222952464738868E+002
 -0.222623330040800E+002  0.537698825532354E+002  0.281896443181141E+000  0.150290600329365E+001  0.718103556818859E+000 -0.583481073706260E+001 -0.222623330040800E+002
 -0.221713283404476E+002  0.459264972466991E+002  0.108723007444553E+001  0.109650582124285E+001 -0.872300744455297E-001 -0.583481073706260E+001 -0.221713283404476E+002
 -0.221490079528329E+002  0.553228782353699E+002  0.258612491523914E+000  0.149359421667743E+001  0.741387508476086E+000 -0.583481073706260E+001 -0.221490079528329E+002
 -0.221003840370623E+002  0.468083368863219E+002  0.410361259011964E+000  0.973040303250846E+000  0.589638740988036E+000 -0.583481073706260E+001 -0.221003840370623E+002
 -0.220935684435133E+002  0.727673683416243E+002  0.113350620383427E+000  0.105572173769047E+001  0.886649379616573E+000 -0.583481073706260E+001 -0.220935684435133E+002
 -0.220779063628688E+002  0.479871568275909E+002  0.730349772793497E+000  0.168104035382498E+001  0.269650227206503E+000 -0.583481073706260E+001 -0.220779063628688E+002
 -0.220731017664383E+002  0.735929416184770E+002  0.273453688106622E+000  0.181505677572511E+001  0.726546311893378E+000 -0.583481073706260E+001 -0.220731017664383E+002
 -0.220470278061920E+002  0.658178373943318E+002  0.302618421049396E+000  0.181589783463163E+001  0.697381578950604E+000 -0.583481073706260E+001 -0.220470278061920E+002
 -0.219997448420497E+002  0.734037828271086E+002  0.252409524998567E+000  0.180776569991866E+001  0.747590475001433E+000 -0.583481073706260E+001 -0.219997448420497E+002
 -0.219726134850744E+002  0.631421714002510E+002  0.522566520824050E+000  0.171159006396790E+001  0.477433479175950E+000 -0.583481073706260E+001 -0.219726134850744E+002
 -0.219140871967726E+002  0.457825577996581E+002  0.433071690014475E+000  0.131302659924190E+001  0.566928309985525E+000 -0.583481073706260E+001 -0.219140871967726E+002
 -0.218904188178509E+002  0.455035270928572E+002  0.845842177924800E+000  0.161138328710201E+001  0.154157822075200E+000 -0.583481073706260E+001 -0.218904188178509E+002
 -0.218791906446685E+002  0.568311019123130E+002  0.351211270312591E+000  0.172656497858805E+001  0.648788729687409E+000 -0.583481073706260E+001 -0.218791906446685E+002
 -0.218018163315865E+002  0.711076541955949E+002  0.173985901363348E+000  0.166538410271095E+001  0.826014098636652E+000 -0.583481073706260E+001 -0.218018163315865E+002
 -0.217361019375643E+002  0.521153890759701E+002  0.410448973042658E+000  0.165679982463920E+001  0.589551026957342E+000 -0.583481073706260E+001 -0.217361019375643E+002
 -0.217256593465062E+002  0.901745851552809E+002  0.251170798207494E+000  0.944787670135153E+000  0.748829201792506E+000 -0.583481073706260E+001 -0.217256593465062E+002
 -0.216631592702154E+002  0.431927423279401E+002  0.100359622644760E+001  0.150156839756858E+001 -0.359622644759550E-002 -0.583481073706260E+001 -0.216631592702154E+002
 -0.216311212533011E+002  0.718223443102787E+002  0.319378193321469E+000  0.178412656348968E+001  0.680621806678531E+000 -0.583481073706260E+001 -0.216311212533011E+002
 -0.216234654279452E+002  0.425592168943915E+002  0.787103588017948E+000  0.154558869883105E+001  0.212896411982052E+000 -0.583481073706260E+001 -0.216234654279452E+002
 -0.215729769467641E+002  0.733167348660467E+002  0.302912806257299E+000  0.177672134391306E+001  0.697087193742701E+000 -0.583481073706260E+001 -0.215729769467641E+002
 -0.215698353650022E+002  0.596917482069072E+002  0.548891382059600E+000  0.170911619023985E+001  0.451108617940400E+000 -0.583481073706260E+001 -0.215698353650022E+002
 -0.214971993309256E+002  0.633452415005300E+002  0.636001870850176E+000  0.132212091180316E+001  0.363998129149824E+000 -0.583481073706260E+001 -0.214971993309256E+002
 -0.214056713590871E+002  0.663009799038564E+002  0.203283970039829E+000  0.164109434336755E+001  0.796716029960171E+000 -0.583481073706260E+001 -0.214056713590871E+002
 -0.214032057483276E+002  0.679029410958682E+002  0.143648834337513E+000  0.138168037648789E+001  0.856351165662487E+000 -0.583481073706260E+001 -0.214032057483276E+002
 -0.213998843951090E+002  0.779426633716081E+002  0.383801207765872E+000  0.800507111105574E+000  0.616198792234128E+000 -0.583481073706260E+001 -0.213998843951090E+002
 -0.213512600575203E+002  0.872610744621754E+002  0.242625577471795E+000  0.155503722667159E+001  0.757374422528205E+000 -0.583481073706260E+001 -0.213512600575203E+002
 -0.213004312880141E+002  0.913095711346234E+002  0.243440647290657E+000  0.107814253817463E+001  0.756559352709343E+000 -0.583481073706260E+001 -0.213004312880141E+002
 -0.211795762022205E+002  0.400565808290335E+002  0.809064154008050E+000  0.138381434221138E+001  0.190935845991950E+000 -0.583481073706260E+001 -0.211795762022205E+002
 -0.211308780716580E+002  0.418537724183302E+002  0.111243293387028E+001  0.135337108658800E+001 -0.112432933870276E+000 -0.583481073706260E+001 -0.211308780716580E+002
 -0.210871110035775E+002  0.478038439325597E+002  0.983580328314624E+000  0.988993341784207E+000  0.164196716853761E-001 -0.583481073706260E+001 -0.210871110035775E+002
 -0.210451680887178E+002  0.458806672443433E+002  0.947388173493917E+000  0.799996789108082E+000  0.526118265060826E-001 -0.583481073706260E+001 -0.210451680887178E+002
 -0.210332666258360E+002  0.465870548424198E+002  0.535202205169050E+000  0.723674911358245E+000  0.464797794830950E+000 -0.583481073706260E+001 -0.210332666258360E+002
 -0.210275832946161E+002  0.478065710727578E+002  0.973856906763448E+000  0.956685909086543E+000  0.261430932365522E-001 -0.583481073706260E+001 -0.210275832946161E+002
 -0.210129850813076E+002  0.584148821182986E+002  0.353271417844819E+000  0.170078077764820E+001  0.646728582155181E+000 -0.583481073706260E+001 -0.210129850813076E+002
 -0.208985233748380E+002  0.411791055358747E+002  0.808808334903235E+000  0.142868814758878E+001  0.191191665096765E+000 -0.583481073706260E+001 -0.208985233748380E+002
 -0.208237093628205E+002  0.791829463070665E+002  0.158659125052153E+000  0.161285181804368E+001  0.841340874947847E+000 -0.583481073706260E+001 -0.208237093628205E+002
 -0.207019526558217E+002  0.589165177998520E+002  0.214931054065140E+000  0.917372363411064E+000  0.785068945934860E+000 -0.583481073706260E+001 -0.207019526558217E+002
 -0.206917685340901E+002  0.520109814221763E+002  0.297612338790217E+000  0.117185151082401E+001  0.702387661209783E+000 -0.583481073706260E+001 -0.206917685340901E+002
 -0.206738985429940E+002  0.560517038469909E+002  0.616964558614440E+000  0.162564771126727E+001  0.383035441385560E+000 -0.583481073706260E+001 -0.206738985429940E+002
 -0.206305238496936E+002  0.408160599396177E+002  0.687448789043420E+000  0.115215726646637E+001  0.312551210956580E+000 -0.583481073706260E+001 -0.206305238496936E+002
 -0.206241883375383E+002  0.554229095825701E+002  0.416200310868562E+000  0.166510378088497E+001  0.583799689131438E+000 -0.583481073706260E+001 -0.206241883375383E+002
 -0.206164761171356E+002  0.890999360899389E+002  0.255827637641234E+000  0.131535231965829E+001  0.744172362358766E+000 -0.583481073706260E+001 -0.206164761171356E+002
 -0.205488842995363E+002  0.776721600385395E+002  0.225250336880905E+000  0.169035254155169E+001  0.774749663119095E+000 -0.583481073706260E+001 -0.205488842995363E+002
 -0.205424643517487E+002  0.723239496857045E+002  0.398324335665634E+000  0.160818228135132E+001  0.601675664334366E+000 -0.583481073706260E+001 -0.205424643517487E+002
 -0.204889703112757E+002  0.431835601377287E+002  0.104161694034133E+001  0.897088237448968E+000 -0.416169403413265E-001 -0.583481073706260E+001 -0.204889703112757E+002
 -0.204341030877748E+002  0.779909148190804E+002  0.155713298020697E+000  0.157307870267994E+001  0.844286701979303E+000 -0.583481073706260E+001 -0.204341030877748E+002
 -0.203868736984285E+002  0.685853568432419E+002  0.535162025237947E+000  0.124511623470662E+001  0.464837974762053E+000 -0.583481073706260E+001 -0.203868736984285E+002
 -0.203445501138478E+002  0.407594958840198E+002  0.838497026420687E+000  0.136047017972137E+001  0.161502973579313E+000 -0.583481073706260E+001 -0.203445501138478E+002
 -0.203322955663656E+002  0.761060750920645E+002  0.305801951875121E+000  0.166152813322844E+001  0.694198048124879E+000 -0.583481073706260E+001 -0.203322955663656E+002
 -0.203271574986390E+002  0.915051687286558E+002  0.202825951778155E+000  0.850087075467557E+000  0.797174048221845E+000 -0.583481073706260E+001 -0.203271574986390E+002
 -0.202920678384232E+002  0.464858041309255E+002  0.769772585487558E+000  0.152524304789935E+001  0.230227414512442E+000 -0.583481073706260E+001 -0.202920678384232E+002
 -0.202656215933775E+002  0.517102318589567E+002  0.711893394538349E+000  0.155617421493209E+001  0.288106605461651E+000 -0.583481073706260E+001 -0.202656215933775E+002
 -0.202581702636539E+002  0.674403444395447E+002  0.287900678217285E+000  0.170466189089877E+001  0.712099321782715E+000 -0.583481073706260E+001 -0.202581702636539E+002
 -0.202478018195678E+002  0.448088995437283E+002  0.946609438055642E+000  0.140731072879997E+001  0.533905619443577E-001 -0.583481073706260E+001 -0.202478018195678E+002
 -0.202076403654155E+002  0.621498159656672E+002  0.594242209228147E+000  0.146991528243306E+001  0.405757790771853E+000 -0.583481073706260E+001 -0.202076403654155E+002
 -0.202058428019833E+002  0.927992319253769E+002  0.135805730624019E+000  0.129434025363606E+001  0.864194269375981E+000 -0.583481073706260E+001 -0.202058428019833E+002
 -0.201664077680265E+002  0.426356268411084E+002  0.726675652074638E+000  0.139763644049245E+001  0.273324347925362E+000 -0.583481073706260E+001 -0.201664077680265E+002
 -0.201365061986715E+002  0.752889892097654E+002  0.153546674720351E+000  0.152341017612086E+001  0.846453325279649E+000 -0.583481073706260E+001 -0.201365061986715E+002
 -0.201155579681694E+002  0.458465761104541E+002  0.496367645515389E+000  0.896916446620075E+000  0.503632354484611E+000 -0.583481073706260E+001 -0.201155579681694E+002
 -0.200731647162518E+002  0.753834870687899E+002  0.333417396409677E+000  0.162139806926500E+001  0.666582603590324E+000 -0.583481073706260E+001 -0.200731647162518E+002
 -0.200645158316400E+002  0.457895873682366E+002  0.981123939019940E+000  0.902951238033834E+000  0.188760609800598E-001 -0.583481073706260E+001 -0.200645158316400E+002
 -0.199421915328640E+002  0.708448060628249E+002  0.261258201153610E+000  0.168223339998303E+001  0.738741798846390E+000 -0.583481073706260E+001 -0.199421915328640E+002
 -0.199285153990517E+002  0.568303669451834E+002  0.732177817434972E+000  0.900224491651374E+000  0.267822182565028E+000 -0.583481073706260E+001 -0.199285153990517E+002
 -0.199194370011223E+002  0.691740120406125E+002  0.260711038552907E+000  0.167458478039726E+001  0.739288961447093E+000 -0.583481073706260E+001 -0.199194370011223E+002
 -0.198990327218182E+002  0.558690872356751E+002  0.294996833945074E+000  0.719331289941248E+000  0.705003166054926E+000 -0.583481073706260E+001 -0.198990327218182E+002
 -0.198935922728461E+002  0.411930096690825E+002  0.736213199053253E+000  0.958577243276997E+000  0.263786800946747E+000 -0.583481073706260E+001 -0.198935922728461E+002
 -0.198598721356121E+002  0.419123563460623E+002  0.741365819140931E+000  0.132831154602308E+001  0.258634180859069E+000 -0.583481073706260E+001 -0.198598721356121E+002
 -0.198310226020555E+002  0.604021364611070E+002  0.198306647202055E+000  0.104262388457044E+001  0.801693352797945E+000 -0.583481073706260E+001 -0.198310226020555E+002
 -0.198165605826947E+002  0.402340237854702E+002  0.108401656616655E+001  0.120936348748523E+001 -0.840165661665520E-001 -0.583481073706260E+001 -0.198165605826947E+002
 -0.197363311433967E+002  0.548222147202431E+002  0.766843717543656E+000  0.877811832748629E+000  0.233156282456344E+000 -0.583481073706260E+001 -0.197363311433967E+002
 -0.197327738386858E+002  0.602400359561821E+002  0.206659412963345E+000  0.126290286875635E+001  0.793340587036655E+000 -0.583481073706260E+001 -0.197327738386858E+002
 -0.197236740477245E+002  0.496212336226698E+002  0.885707979293065E+000  0.129611110823398E+001  0.114292020706935E+000 -0.583481073706260E+001 -0.197236740477245E+002
 -0.196896947546149E+002  0.569559133577566E+002  0.283545733608024E+000  0.702994182654261E+000  0.716454266391976E+000 -0.583481073706260E+001 -0.196896947546149E+002
 -0.196691325837413E+002  0.614901964805264E+002  0.352815056431911E+000  0.165644202837318E+001  0.647184943568089E+000 -0.583481073706260E+001 -0.196691325837413E+002
 -0.196225409095526E+002  0.434186053149531E+002  0.105613138597471E+001  0.116152408033904E+001 -0.561313859747119E-001 -0.583481073706260E+001 -0.196225409095526E+002
 -0.195438618601996E+002  0.905239096524915E+002  0.155821074644747E+000  0.137784421350074E+001  0.844178925355253E+000 -0.583481073706260E+001 -0.195438618601996E+002
 -0.195223612674123E+002  0.915319552310259E+002  0.162522427985908E+000  0.134475438157413E+001  0.837477572014092E+000 -0.583481073706260E+001 -0.195223612674123E+002
 -0.195212691101333E+002  0.475210248343458E+002  0.836063752225831E+000  0.142577061923183E+001  0.163936247774169E+000 -0.583481073706260E+001 -0.195212691101333E+002
 -0.195177854829507E+002  0.764513755326669E+002  0.311482657697439E+000  0.493097793150345E+000  0.688517342302561E+000 -0.583481073706260E+001 -0.195177854829507E+002
 -0.194645659234570E+002  0.692446415727717E+002  0.514256492938432E+000  0.971947631320945E+000  0.485743507061568E+000 -0.583481073706260E+001 -0.194645659234570E+002
 -0.194565878541257E+002  0.415812696046900E+002  0.979166602804600E+000  0.129011411585089E+001  0.208333971954004E-001 -0.583481073706260E+001 -0.194565878541257E+002
 -0.194099000299729E+002  0.423387725857587E+002  0.942751703902475E+000  0.132288280776778E+001  0.572482960975251E-001 -0.583481073706260E+001 -0.194099000299729E+002
 -0.193452375037955E+002  0.922218391513456E+002  0.205652706976631E+000  0.107191248165278E+001  0.794347293023369E+000 -0.583481073706260E+001 -0.193452375037955E+002
 -0.193287417234728E+002  0.412422691735678E+002  0.107226291422756E+001  0.107199304503486E+001 -0.722629142275615E-001 -0.583481073706260E+001 -0.193287417234728E+002
 -0.193111235741015E+002  0.546051085261002E+002  0.725722279532145E+000  0.140091762898055E+001  0.274277720467855E+000 -0.583481073706260E+001 -0.193111235741015E+002
 -0.192972877889240E+002  0.934131521636348E+002  0.173544354208374E+000  0.114892806341315E+001  0.826455645791626E+000 -0.583481073706260E+001 -0.192972877889240E+002
 -0.192951940806402E+002  0.539302410119320E+002  0.655018389798377E+000  0.151799142207063E+001  0.344981610201623E+000 -0.583481073706260E+001 -0.192951940806402E+002
 -0.191830210785382E+002  0.698962924337002E+002  0.503989769100712E+000  0.115529901315606E+001  0.496010230899288E+000 -0.583481073706260E+001 -0.191830210785382E+002
 -0.191580727647235E+002  0.761637500587953E+002  0.406162674803459E+000  0.895340862357295E+000  0.593837325196541E+000 -0.583481073706260E+001 -0.191580727647235E+002
 -0.191447578221511E+002  0.454862788046343E+002  0.687620229628984E+000  0.142134946107136E+001  0.312379770371016E+000 -0.583481073706260E+001 -0.191447578221511E+002
 -0.191330917140384E+002  0.431720710231029E+002  0.103409452580135E+001  0.101521916204027E+001 -0.340945258013496E-001 -0.583481073706260E+001 -0.191330917140384E+002
 -0.191123014677001E+002  0.413939373959606E+002  0.104202033657822E+001  0.100578332615563E+001 -0.420203365782199E-001 -0.583481073706260E+001 -0.191123014677001E+002
 -0.191069227629439E+002  0.502757397251867E+002  0.372236221745192E+000  0.124653467476499E+001  0.627763778254808E+000 -0.583481073706260E+001 -0.191069227629439E+002
 -0.190619414660052E+002  0.510738378562741E+002  0.528291772225448E+000  0.152364354287013E+001  0.471708227774552E+000 -0.583481073706260E+001 -0.190619414660052E+002
 -0.190498609540166E+002  0.500820423706504E+002  0.537095536448655E+000  0.150209647775073E+001  0.462904463551345E+000 -0.583481073706260E+001 -0.190498609540166E+002
 -0.190342047957334E+002  0.452591890199163E+002  0.935217215627575E+000  0.129372866568552E+001  0.647827843724251E-001 -0.583481073706260E+001 -0.190342047957334E+002
 -0.189619704170584E+002  0.532803392996212E+002  0.797681123865544E+000  0.122401340076701E+001  0.202318876134456E+000 -0.583481073706260E+001 -0.189619704170584E+002
 -0.189580430197789E+002  0.412728231270419E+002  0.850832790173027E+000  0.123854263036918E+001  0.149167209826973E+000 -0.583481073706260E+001 -0.189580430197789E+002
 -0.189427889908914E+002  0.453587834420116E+002  0.968156165553712E+000  0.934220687374029E+000  0.318438344462884E-001 -0.583481073706260E+001 -0.189427889908914E+002
 -0.189290009470898E+002  0.867637967326580E+002  0.196231701521859E+000  0.145494675867248E+001  0.803768298478141E+000 -0.583481073706260E+001 -0.189290009470898E+002
 -0.188990509500398E+002  0.795344280263663E+002  0.122866843488151E+000  0.126141523793320E+001  0.877133156511849E+000 -0.583481073706260E+001 -0.188990509500398E+002
 -0.188749835454838E+002  0.657861007460278E+002  0.535323905392128E+000  0.763249441327101E+000  0.464676094607872E+000 -0.583481073706260E+001 -0.188749835454838E+002
 -0.188591466650238E+002  0.590094904164726E+002  0.666608714446568E+000  0.128932067079487E+001  0.333391285553432E+000 -0.583481073706260E+001 -0.188591466650238E+002
 -0.188440536121987E+002  0.540517293553535E+002  0.333295450303831E+000  0.138442960346883E+001  0.666704549696169E+000 -0.583481073706260E+001 -0.188440536121987E+002
 -0.188439136124225E+002  0.811007356522977E+002  0.254786455080121E+000  0.153110277020692E+001  0.745213544919879E+000 -0.583481073706260E+001 -0.188439136124225E+002
 -0.188434480438365E+002  0.414440037149694E+002  0.975766018759393E+000  0.934845281563407E+000  0.242339812406069E-001 -0.583481073706260E+001 -0.188434480438365E+002
 -0.188091379557664E+002  0.444189322305582E+002  0.579195614002094E+000  0.120171765346811E+001  0.420804385997906E+000 -0.583481073706260E+001 -0.188091379557664E+002
 -0.187525154547684E+002  0.717461108854571E+002  0.138471905609542E+000  0.118155550005977E+001  0.861528094390458E+000 -0.583481073706260E+001 -0.187525154547684E+002
 -0.187337701727377E+002  0.810616811031332E+002  0.342085193225953E+000  0.120905683253834E+001  0.657914806774047E+000 -0.583481073706260E+001 -0.187337701727377E+002
 -0.186866572107032E+002  0.492023197799335E+002  0.418133596475786E+000  0.126832058824666E+001  0.581866403524214E+000 -0.583481073706260E+001 -0.186866572107032E+002
 -0.186774905805735E+002  0.489129241259789E+002  0.747993210658927E+000  0.142721005558902E+001  0.252006789341073E+000 -0.583481073706260E+001 -0.186774905805735E+002
 -0.186649620883766E+002  0.603192721560799E+002  0.626750229078440E+000  0.133415902342892E+001  0.373249770921560E+000 -0.583481073706260E+001 -0.186649620883766E+002
 -0.186621523146311E+002  0.606865095894086E+002  0.490785601691999E+000  0.156441690582571E+001  0.509214398308001E+000 -0.583481073706260E+001 -0.186621523146311E+002
 -0.186610640793785E+002  0.747361463515748E+002  0.429482954906479E+000  0.111423674400014E+001  0.570517045093521E+000 -0.583481073706260E+001 -0.186610640793785E+002
 -0.186346436652075E+002  0.486666642799572E+002  0.686337574154738E+000  0.145350793310643E+001  0.313662425845262E+000 -0.583481073706260E+001 -0.186346436652075E+002
 -0.186085409842568E+002  0.568257756161480E+002  0.253387715101863E+000  0.950395325639103E+000  0.746612284898137E+000 -0.583481073706260E+001 -0.186085409842568E+002
 -0.185977696769402E+002  0.696764379598177E+002  0.502004812145985E+000  0.110431767056556E+001  0.497995187854015E+000 -0.583481073706260E+001 -0.185977696769402E+002
 -0.185658667666280E+002  0.512066359423659E+002  0.748322213128324E+000  0.139791814865350E+001  0.251677786871676E+000 -0.583481073706260E+001 -0.185658667666280E+002
 -0.185623213197632E+002  0.530331009742458E+002  0.469670903205515E+000  0.538221644365205E+000  0.530329096794485E+000 -0.583481073706260E+001 -0.185623213197632E+002
 -0.185020142447387E+002  0.641615939426073E+002  0.446664516313854E+000  0.456684206125418E+000  0.553335483686146E+000 -0.583481073706260E+001 -0.185020142447387E+002
 -0.184924610286720E+002  0.448001843898965E+002  0.780291728141957E+000  0.135191132518583E+001  0.219708271858043E+000 -0.583481073706260E+001 -0.184924610286720E+002
 -0.184693914887182E+002  0.490510912786223E+002  0.877088438822394E+000  0.120117613016005E+001  0.122911561177606E+000 -0.583481073706260E+001 -0.184693914887182E+002
 -0.184365040219404E+002  0.680660291696632E+002  0.465364286323944E+000  0.144002317717000E+001  0.534635713676056E+000 -0.583481073706260E+001 -0.184365040219404E+002
 -0.184357994530703E+002  0.561948101124253E+002  0.718995709442295E+000  0.124697689870561E+001  0.281004290557705E+000 -0.583481073706260E+001 -0.184357994530703E+002
 -0.183986361046527E+002  0.427444791056456E+002  0.100132157753670E+001  0.105240186488103E+001 -0.132157753670059E-002 -0.583481073706260E+001 -0.183986361046527E+002
 -0.183856154790699E+002  0.552400532488570E+002  0.295789164055011E+000  0.128659236157607E+001  0.704210835944989E+000 -0.583481073706260E+001 -0.183856154790699E+002
 -0.183532773206682E+002  0.424275357624210E+002  0.970633257276549E+000  0.116232450816633E+001  0.293667427234510E-001 -0.583481073706260E+001 -0.183532773206682E+002
 -0.183519436537796E+002  0.529952935710379E+002  0.447325927211608E+000  0.148169880525901E+001  0.552674072788392E+000 -0.583481073706260E+001 -0.183519436537796E+002
 -0.183472038859108E+002  0.669091033994053E+002  0.325739599829598E+000  0.159961612387333E+001  0.674260400170402E+000 -0.583481073706260E+001 -0.183472038859108E+002
 -0.183435184360448E+002  0.440198326403212E+002  0.974557423053666E+000  0.965703323146843E+000  0.254425769463336E-001 -0.583481073706260E+001 -0.183435184360448E+002
 -0.182706350677240E+002  0.875364145640168E+002  0.248361773275824E+000  0.860424492421983E+000  0.751638226724176E+000 -0.583481073706260E+001 -0.182706350677240E+002
 -0.182382863668624E+002  0.472828517248731E+002  0.658746244869677E+000  0.140144720339402E+001  0.341253755130323E+000 -0.583481073706260E+001 -0.182382863668624E+002
 -0.182185510961030E+002  0.786743295449475E+002  0.372389332282415E+000  0.993988228161173E+000  0.627610667717585E+000 -0.583481073706260E+001 -0.182185510961030E+002
 -0.182011609074378E+002  0.467123745486252E+002  0.487864164040502E+000  0.113539982658212E+001  0.512135835959498E+000 -0.583481073706260E+001 -0.182011609074378E+002
 -0.181702199428347E+002  0.703202061220048E+002  0.217430604897670E+000  0.151940029708278E+001  0.782569395102330E+000 -0.583481073706260E+001 -0.181702199428347E+002
 -0.181416945499161E+002  0.540691492551463E+002  0.742496366937377E+000  0.127836212035695E+001  0.257503633062623E+000 -0.583481073706260E+001 -0.181416945499161E+002
 -0.180276180276036E+002  0.617855124892440E+002  0.265814178375925E+000  0.145815977749889E+001  0.734185821624075E+000 -0.583481073706260E+001 -0.180276180276036E+002
 -0.180265465357786E+002  0.548011562039019E+002  0.625918944942335E+000  0.145120425020574E+001  0.374081055057665E+000 -0.583481073706260E+001 -0.180265465357786E+002
 -0.179745420326419E+002  0.765349777086382E+002  0.399095313577278E+000  0.105418986808693E+001  0.600904686422722E+000 -0.583481073706260E+001 -0.179745420326419E+002
 -0.178670523062140E+002  0.625620789359546E+002  0.204540547576503E+000  0.121895135043595E+001  0.795459452423497E+000 -0.583481073706260E+001 -0.178670523062140E+002
 -0.178538008316100E+002  0.869011583580692E+002  0.188861468388440E+000  0.137261837137375E+001  0.811138531611560E+000 -0.583481073706260E+001 -0.178538008316100E+002
 -0.178100410572075E+002  0.572614861018163E+002  0.252330722062690E+000  0.105184136651756E+001  0.747669277937310E+000 -0.583481073706260E+001 -0.178100410572075E+002
 -0.177424121609856E+002  0.494437316475559E+002  0.826562152967794E+000  0.123871771287067E+001  0.173437847032206E+000 -0.583481073706260E+001 -0.177424121609856E+002
 -0.177129823993258E+002  0.594384352679114E+002  0.662594795796120E+000  0.989420982670079E+000  0.337405204203880E+000 -0.583481073706260E+001 -0.177129823993258E+002
 -0.176942612185917E+002  0.663732272520491E+002  0.170756285069245E+000  0.110937382246844E+001  0.829243714930755E+000 -0.583481073706260E+001 -0.176942612185917E+002
 -0.176898081944995E+002  0.464255516318618E+002  0.535227248151792E+000  0.119868575722861E+001  0.464772751848208E+000 -0.583481073706260E+001 -0.176898081944995E+002
 -0.176473105207831E+002  0.455189249749002E+002  0.830572639645387E+000  0.126974113790901E+001  0.169427360354613E+000 -0.583481073706260E+001 -0.176473105207831E+002
 -0.176313942061470E+002  0.822583132367660E+002  0.145594206586831E+000  0.132932029353223E+001  0.854405793413169E+000 -0.583481073706260E+001 -0.176313942061470E+002
 -0.176281546500078E+002  0.828697380119393E+002  0.253244045694823E+000  0.140700190615243E+001  0.746755954305177E+000 -0.583481073706260E+001 -0.176281546500078E+002
 -0.176253154303732E+002  0.573352037530913E+002  0.650455962156974E+000  0.132523772326328E+001  0.349544037843026E+000 -0.583481073706260E+001 -0.176253154303732E+002
 -0.176178690891872E+002  0.456102720069139E+002  0.885608977562893E+000  0.120533834407945E+001  0.114391022437107E+000 -0.583481073706260E+001 -0.176178690891872E+002
 -0.176048638914602E+002  0.615840784609685E+002  0.603134316205979E+000  0.124023679612739E+001  0.396865683794021E+000 -0.583481073706260E+001 -0.176048638914602E+002
 -0.175602248145578E+002  0.434458429944454E+002  0.794959977195825E+000  0.120715935022541E+001  0.205040022804175E+000 -0.583481073706260E+001 -0.175602248145578E+002
 -0.175401293848936E+002  0.541029736917713E+002  0.451864020338529E+000  0.145930180534647E+001  0.548135979661471E+000 -0.583481073706260E+001 -0.175401293848936E+002
 -0.175364205252350E+002  0.681612518180316E+002  0.299340758175364E+000  0.154992879383488E+001  0.700659241824636E+000 -0.583481073706260E+001 -0.175364205252350E+002
 -0.174805627176126E+002  0.833616579085793E+002  0.293679160040133E+000  0.820867630842294E+000  0.706320839959867E+000 -0.583481073706260E+001 -0.174805627176126E+002
 -0.173851505764169E+002  0.686999217402092E+002  0.341885411338116E+000  0.153675918242310E+001  0.658114588661884E+000 -0.583481073706260E+001 -0.173851505764169E+002
 -0.172950854367268E+002  0.592490856629517E+002  0.518538808970807E+000  0.146721426249074E+001  0.481461191029193E+000 -0.583481073706260E+001 -0.172950854367268E+002
 -0.172792011943163E+002  0.824511401330522E+002  0.125806387187368E+000  0.110117241150394E+001  0.874193612812632E+000 -0.583481073706260E+001 -0.172792011943163E+002
 -0.172153402391588E+002  0.548765075533694E+002  0.624733278958973E+000  0.139686805751222E+001  0.375266721041027E+000 -0.583481073706260E+001 -0.172153402391588E+002
 -0.171899350285947E+002  0.544460669090932E+002  0.340823194452889E+000  0.129176900450919E+001  0.659176805547111E+000 -0.583481073706260E+001 -0.171899350285947E+002
 -0.171553263096842E+002  0.538226286774792E+002  0.320279758642435E+000  0.113374420287423E+001  0.679720241357565E+000 -0.583481073706260E+001 -0.171553263096842E+002
 -0.171512847541751E+002  0.868660796789153E+002  0.134921888805474E+000  0.114589330889989E+001  0.865078111194526E+000 -0.583481073706260E+001 -0.171512847541751E+002
 -0.171347519996862E+002  0.676921031360730E+002  0.434668937007714E+000  0.536260435460551E+000  0.565331062992286E+000 -0.583481073706260E+001 -0.171347519996862E+002
 -0.171091603553125E+002  0.627671079846457E+002  0.366703776042107E+000  0.151814207569516E+001  0.633296223957893E+000 -0.583481073706260E+001 -0.171091603553125E+002
 -0.170992799920905E+002  0.484112867134377E+002  0.780653640807299E+000  0.127445916607690E+001  0.219346359192701E+000 -0.583481073706260E+001 -0.170992799920905E+002
 -0.170599299238551E+002  0.484052588739762E+002  0.750535991604154E+000  0.703569487262853E+000  0.249464008395846E+000 -0.583481073706260E+001 -0.170599299238551E+002
 -0.170530279217190E+002  0.473984544648940E+002  0.609002589592896E+000  0.703973285523703E+000  0.390997410407104E+000 -0.583481073706260E+001 -0.170530279217190E+002
 -0.170222460190402E+002  0.683818440070241E+002  0.497292368222797E+000  0.866513881272956E+000  0.502707631777203E+000 -0.583481073706260E+001 -0.170222460190402E+002
 -0.169569081644620E+002  0.449342399126106E+002  0.871197346786294E+000  0.879818265824558E+000  0.128802653213706E+000 -0.583481073706260E+001 -0.169569081644620E+002
 -0.169557814228688E+002  0.683361636074581E+002  0.456288369037384E+000  0.634910347378385E+000  0.543711630962616E+000 -0.583481073706260E+001 -0.169557814228688E+002
 -0.169206509608772E+002  0.720469884779373E+002  0.147206726544792E+000  0.104316273816909E+001  0.852793273455208E+000 -0.583481073706260E+001 -0.169206509608772E+002
 -0.167992312084090E+002  0.544192243115696E+002  0.647868252102786E+000  0.627417333139347E+000  0.352131747897214E+000 -0.583481073706260E+001 -0.167992312084090E+002
 -0.167878899855884E+002  0.432182560160127E+002  0.791718417796563E+000  0.105396419584704E+001  0.208281582203437E+000 -0.583481073706260E+001 -0.167878899855884E+002
 -0.167849842988608E+002  0.605382602977571E+002  0.290723538477799E+000  0.561946362762911E+000  0.709276461522201E+000 -0.583481073706260E+001 -0.167849842988608E+002
 -0.167592226440737E+002  0.498565514448331E+002  0.666319696298550E+000  0.632034241599673E+000  0.333680303701450E+000 -0.583481073706260E+001 -0.167592226440737E+002
 -0.167368209937681E+002  0.583132196536651E+002  0.288827539245129E+000  0.130476250111142E+001  0.711172460754871E+000 -0.583481073706260E+001 -0.167368209937681E+002
 -0.167312946921343E+002  0.811738225158688E+002  0.250537874109337E+000  0.139725143262632E+001  0.749462125890663E+000 -0.583481073706260E+001 -0.167312946921343E+002
 -0.167052028307036E+002  0.843956452455713E+002  0.144554809209975E+000  0.122716385653586E+001  0.855445190790025E+000 -0.583481073706260E+001 -0.167052028307036E+002
 -0.166590797418366E+002  0.447432002822082E+002  0.886162299696469E+000  0.979592898201551E+000  0.113837700303531E+000 -0.583481073706260E+001 -0.166590797418366E+002
 -0.166068208853780E+002  0.703141477483390E+002  0.156696552502385E+000  0.960954032172197E+000  0.843303447497615E+000 -0.583481073706260E+001 -0.166068208853780E+002
 -0.165900744166785E+002  0.650411978969294E+002  0.432931128945497E+000  0.144991838148574E+001  0.567068871054503E+000 -0.583481073706260E+001 -0.165900744166785E+002
 -0.165859337893482E+002  0.595686443044289E+002  0.240839520163862E+000  0.890162675866749E+000  0.759160479836138E+000 -0.583481073706260E+001 -0.165859337893482E+002
 -0.165267421452644E+002  0.705048672984842E+002  0.468166830327335E+000  0.101423020310879E+001  0.531833169672665E+000 -0.583481073706260E+001 -0.165267421452644E+002
 -0.165100790278102E+002  0.501604669668242E+002  0.796692647674125E+000  0.114635336203293E+001  0.203307352325875E+000 -0.583481073706260E+001 -0.165100790278102E+002
 -0.164951581832380E+002  0.437719524654008E+002  0.743760379887451E+000  0.104180022647236E+001  0.256239620112549E+000 -0.583481073706260E+001 -0.164951581832380E+002
 -0.164365680389668E+002  0.476450071117999E+002  0.813111878551974E+000  0.117181531606903E+001  0.186888121448026E+000 -0.583481073706260E+001 -0.164365680389668E+002
 -0.164101520443960E+002  0.678450007566919E+002  0.199179490710620E+000  0.130634211514630E+001  0.800820509289380E+000 -0.583481073706260E+001 -0.164101520443960E+002
 -0.163862019031052E+002  0.708597683048727E+002  0.204011662253464E+000  0.548586858396326E+000  0.795988337746536E+000 -0.583481073706260E+001 -0.163862019031052E+002
 -0.163277254655333E+002  0.456973762089866E+002  0.631807869943237E+000  0.113939368416623E+001  0.368192130056763E+000 -0.583481073706260E+001 -0.163277254655333E+002
 -0.163088073133057E+002  0.534146146467200E+002  0.744239021605823E+000  0.882586736620304E+000  0.255760978394177E+000 -0.583481073706260E+001 -0.163088073133057E+002
 -0.162765710463952E+002  0.446133409355999E+002  0.813933449941601E+000  0.110169237506098E+001  0.186066550058399E+000 -0.583481073706260E+001 -0.162765710463952E+002
 -0.162555378871695E+002  0.894285117404449E+002  0.196446145494429E+000  0.105797839235115E+001  0.803553854505571E+000 -0.583481073706260E+001 -0.162555378871695E+002
 -0.162258309621729E+002  0.498138850299494E+002  0.717920425429096E+000  0.126457611918164E+001  0.282079574570904E+000 -0.583481073706260E+001 -0.162258309621729E+002
 -0.161927167490932E+002  0.532004390516057E+002  0.385518165278215E+000  0.125283091379419E+001  0.614481834721785E+000 -0.583481073706260E+001 -0.161927167490932E+002
 -0.161822592704651E+002  0.697931899177551E+002  0.180895050954923E+000  0.125306006214086E+001  0.819104949045077E+000 -0.583481073706260E+001 -0.161822592704651E+002
 -0.161268646670297E+002  0.464049840088504E+002  0.626222528027057E+000  0.792059331700415E+000  0.373777471972943E+000 -0.583481073706260E+001 -0.161268646670297E+002
 -0.160838889845812E+002  0.472471116130433E+002  0.557985479692043E+000  0.114872196685684E+001  0.442014520307957E+000 -0.583481073706260E+001 -0.160838889845812E+002
 -0.160532520268758E+002  0.531088390646949E+002  0.349857874910159E+000  0.885961450238203E+000  0.650142125089841E+000 -0.583481073706260E+001 -0.160532520268758E+002
 -0.160438120876565E+002  0.596494550059116E+002  0.471677900437331E+000  0.142497614004513E+001  0.528322099562669E+000 -0.583481073706260E+001 -0.160438120876565E+002
 -0.160295917380730E+002  0.649487077484153E+002  0.516795654199486E+000  0.123852971004172E+001  0.483204345800514E+000 -0.583481073706260E+001 -0.160295917380730E+002
 -0.159833203031268E+002  0.442333175110436E+002  0.771742622306226E+000  0.101156330667790E+001  0.228257377693774E+000 -0.583481073706260E+001 -0.159833203031268E+002
 -0.159557960744755E+002  0.550314320126975E+002  0.543936486153637E+000  0.137759511465707E+001  0.456063513846363E+000 -0.583481073706260E+001 -0.159557960744755E+002
 -0.158776887071696E+002  0.607019829456871E+002  0.320510838136609E+000  0.138976828181066E+001  0.679489161863391E+000 -0.583481073706260E+001 -0.158776887071696E+002
 -0.158439351211139E+002  0.740375465069926E+002  0.393613408236638E+000  0.738575874515729E+000  0.606386591763362E+000 -0.583481073706260E+001 -0.158439351211139E+002
 -0.158329104320458E+002  0.542280543699306E+002  0.630374437911056E+000  0.130291751281775E+001  0.369625562088944E+000 -0.583481073706260E+001 -0.158329104320458E+002
 -0.157614155916894E+002  0.635176490481856E+002  0.280661503866290E+000  0.138301106641185E+001  0.719338496133710E+000 -0.583481073706260E+001 -0.157614155916894E+002
 -0.157531545760365E+002  0.752033846519840E+002  0.394938221030525E+000  0.929876220740796E+000  0.605061778969475E+000 -0.583481073706260E+001 -0.157531545760365E+002
 -0.157347952684253E+002  0.656649252078184E+002  0.482088042132563E+000  0.129429032129422E+001  0.517911957867437E+000 -0.583481073706260E+001 -0.157347952684253E+002
 -0.157246530477189E+002  0.724822067268894E+002  0.155350761164064E+000  0.106814507247645E+001  0.844649238835936E+000 -0.583481073706260E+001 -0.157246530477189E+002
 -0.156793963459409E+002  0.607956441265090E+002  0.235495580333304E+000  0.872031882024241E+000  0.764504419666696E+000 -0.583481073706260E+001 -0.156793963459409E+002
 -0.156229912093897E+002  0.852312702977979E+002  0.237813102157216E+000  0.119346928694592E+001  0.762186897842784E+000 -0.583481073706260E+001 -0.156229912093897E+002
 -0.156116558892707E+002  0.490788113757936E+002  0.628690426743665E+000  0.125255613049724E+001  0.371309573256335E+000 -0.583481073706260E+001 -0.156116558892707E+002
 -0.156074930498951E+002  0.602348624248240E+002  0.547243353001692E+000  0.130631560004987E+001  0.452756646998308E+000 -0.583481073706260E+001 -0.156074930498951E+002
 -0.155491757616156E+002  0.616866944362452E+002  0.406985747145460E+000  0.142321629466889E+001  0.593014252854540E+000 -0.583481073706260E+001 -0.155491757616156E+002
 -0.155418757461549E+002  0.603470100325656E+002  0.429566039965632E+000  0.141370511988306E+001  0.570433960034368E+000 -0.583481073706260E+001 -0.155418757461549E+002
 -0.155348302758826E+002  0.636810235563985E+002  0.206366554727513E+000  0.100700408206445E+001  0.793633445272487E+000 -0.583481073706260E+001 -0.155348302758826E+002
 -0.155297957595886E+002  0.509782767939418E+002  0.745162312324626E+000  0.114642349127429E+001  0.254837687675374E+000 -0.583481073706260E+001 -0.155297957595886E+002
 -0.155259027974607E+002  0.848885380086033E+002  0.266336845295893E+000  0.956846882220730E+000  0.733663154704107E+000 -0.583481073706260E+001 -0.155259027974607E+002
 -0.154972144629747E+002  0.518366079857834E+002  0.462820799432903E+000  0.647184708441732E+000  0.537179200567097E+000 -0.583481073706260E+001 -0.154972144629747E+002
 -0.154971282293837E+002  0.495237325080780E+002  0.648384972890957E+000  0.125089553970420E+001  0.351615027109043E+000 -0.583481073706260E+001 -0.154971282293837E+002
 -0.154836798981046E+002  0.560147219328454E+002  0.358768986595569E+000  0.128344688774762E+001  0.641231013404431E+000 -0.583481073706260E+001 -0.154836798981046E+002
 -0.154369716547209E+002  0.520241371565416E+002  0.739170786540848E+000  0.111109775805129E+001  0.260829213459152E+000 -0.583481073706260E+001 -0.154369716547209E+002
 -0.154313099541971E+002  0.526599578636303E+002  0.412644999881491E+000  0.693064548082890E+000  0.587355000118509E+000 -0.583481073706260E+001 -0.154313099541971E+002
 -0.154101092762262E+002  0.655160986105135E+002  0.511562377779370E+000  0.117091234324254E+001  0.488437622220630E+000 -0.583481073706260E+001 -0.154101092762262E+002
 -0.153700178381110E+002  0.617986747461593E+002  0.332842428234360E+000  0.456777397627430E+000  0.667157571765640E+000 -0.583481073706260E+001 -0.153700178381110E+002
 -0.153538436437846E+002  0.521495154825094E+002  0.616372625250627E+000  0.128676633664709E+001  0.383627374749373E+000 -0.583481073706260E+001 -0.153538436437846E+002
 -0.153537599787639E+002  0.471775475543827E+002  0.560420791570664E+000  0.103847969491028E+001  0.439579208429336E+000 -0.583481073706260E+001 -0.153537599787639E+002
 -0.153359973441949E+002  0.830908820963554E+002  0.254455232160281E+000  0.672318069470876E+000  0.745544767839719E+000 -0.583481073706260E+001 -0.153359973441949E+002
 -0.153080265633885E+002  0.548195733840947E+002  0.608370320999001E+000  0.128698564452096E+001  0.391629679000999E+000 -0.583481073706260E+001 -0.153080265633885E+002
 -0.152533941912103E+002  0.694834134605118E+002  0.293107336289902E+000  0.142103328080797E+001  0.706892663710098E+000 -0.583481073706260E+001 -0.152533941912103E+002
 -0.152519224862662E+002  0.747989097418267E+002  0.148977889180670E+000  0.947045309878603E+000  0.851022110819330E+000 -0.583481073706260E+001 -0.152519224862662E+002
 -0.152419623147542E+002  0.455232211171360E+002  0.701626428804910E+000  0.103083175471042E+001  0.298373571195090E+000 -0.583481073706260E+001 -0.152419623147542E+002
 -0.152352799809187E+002  0.638854624718387E+002  0.516890514574477E+000  0.122970201614548E+001  0.483109485425523E+000 -0.583481073706260E+001 -0.152352799809187E+002
 -0.152198508219412E+002  0.475336648438834E+002  0.617325918933653E+000  0.115299283450949E+001  0.382674081066347E+000 -0.583481073706260E+001 -0.152198508219412E+002
 -0.151932828143502E+002  0.475810747677086E+002  0.712521280512695E+000  0.115621595183677E+001  0.287478719487305E+000 -0.583481073706260E+001 -0.151932828143502E+002
 -0.151776790755462E+002  0.470390539039229E+002  0.675418833637744E+000  0.114182171305317E+001  0.324581166362256E+000 -0.583481073706260E+001 -0.151776790755462E+002
 -0.151739851895089E+002  0.500527975456674E+002  0.671785565386614E+000  0.122256776692675E+001  0.328214434613386E+000 -0.583481073706260E+001 -0.151739851895089E+002
 -0.151034864605377E+002  0.581987613144925E+002  0.289950082441891E+000  0.730549851328432E+000  0.710049917558109E+000 -0.583481073706260E+001 -0.151034864605377E+002
 -0.150989820734730E+002  0.752196466432439E+002  0.149689824401570E+000  0.896290760956758E+000  0.850310175598430E+000 -0.583481073706260E+001 -0.150989820734730E+002
 -0.150803847796386E+002  0.646529465924948E+002  0.524647449737268E+000  0.113788283622083E+001  0.475352550262732E+000 -0.583481073706260E+001 -0.150803847796386E+002
 -0.150796011453507E+002  0.475768367677520E+002  0.783308062536137E+000  0.853928619449218E+000  0.216691937463863E+000 -0.583481073706260E+001 -0.150796011453507E+002
 -0.150753227736368E+002  0.521551434007593E+002  0.743839932268797E+000  0.101841166420623E+001  0.256160067731203E+000 -0.583481073706260E+001 -0.150753227736368E+002
 -0.150611432760555E+002  0.746036833362985E+002  0.306148787780662E+000  0.136447758162134E+001  0.693851212219338E+000 -0.583481073706260E+001 -0.150611432760555E+002
 -0.150596086872397E+002  0.619120645760427E+002  0.238472395248399E+000  0.113992285250458E+001  0.761527604751601E+000 -0.583481073706260E+001 -0.150596086872397E+002
 -0.149568924055649E+002  0.608486085869499E+002  0.523916022692838E+000  0.569541485137135E+000  0.476083977307162E+000 -0.583481073706260E+001 -0.149568924055649E+002
 -0.149480839168892E+002  0.645520230671567E+002  0.382107560643596E+000  0.416167660567448E+000  0.617892439356404E+000 -0.583481073706260E+001 -0.149480839168892E+002
 -0.149460459229017E+002  0.464750947144472E+002  0.687879256368413E+000  0.108209070889440E+001  0.312120743631587E+000 -0.583481073706260E+001 -0.149460459229017E+002
 -0.149221794908829E+002  0.521398743901944E+002  0.678391304162992E+000  0.688339994305301E+000  0.321608695837008E+000 -0.583481073706260E+001 -0.149221794908829E+002
 -0.149153930161846E+002  0.458055067902839E+002  0.735450209783065E+000  0.900373700363285E+000  0.264549790216935E+000 -0.583481073706260E+001 -0.149153930161846E+002
 -0.149120821226088E+002  0.579208194407216E+002  0.643789225730253E+000  0.877127875754417E+000  0.356210774269747E+000 -0.583481073706260E+001 -0.149120821226088E+002
 -0.148875989353263E+002  0.795137690561788E+002  0.142739589705737E+000  0.980756892136506E+000  0.857260410294263E+000 -0.583481073706260E+001 -0.148875989353263E+002
 -0.148815134756445E+002  0.611357666120212E+002  0.296308274922796E+000  0.130026935613401E+001  0.703691725077204E+000 -0.583481073706260E+001 -0.148815134756445E+002
 -0.148482690746998E+002  0.739601466929213E+002  0.389237325146290E+000  0.744101618193667E+000  0.610762674853710E+000 -0.583481073706260E+001 -0.148482690746998E+002
 -0.148345015540651E+002  0.610789173393295E+002  0.518968567374949E+000  0.128683368612181E+001  0.481031432625051E+000 -0.583481073706260E+001 -0.148345015540651E+002
 -0.148237317259892E+002  0.470557113260401E+002  0.782695983796663E+000  0.902320326416487E+000  0.217304016203337E+000 -0.583481073706260E+001 -0.148237317259892E+002
 -0.147639258743700E+002  0.505594198772324E+002  0.683143646310930E+000  0.692148917606874E+000  0.316856353689070E+000 -0.583481073706260E+001 -0.147639258743700E+002
 -0.147086846557131E+002  0.596662354074352E+002  0.591240727207329E+000  0.114490392262552E+001  0.408759272792671E+000 -0.583481073706260E+001 -0.147086846557131E+002
 -0.147062519747034E+002  0.605111810731867E+002  0.415603351599178E+000  0.136955559319199E+001  0.584396648400822E+000 -0.583481073706260E+001 -0.147062519747034E+002
 -0.147051461038160E+002  0.555250701097370E+002  0.317263465276105E+000  0.983050120665133E+000  0.682736534723895E+000 -0.583481073706260E+001 -0.147051461038160E+002
 -0.146989409143978E+002  0.468808929702768E+002  0.772766673277759E+000  0.901564211449980E+000  0.227233326722241E+000 -0.583481073706260E+001 -0.146989409143978E+002
 -0.146844474086433E+002  0.823150986429015E+002  0.194574531384503E+000  0.125284637607435E+001  0.805425468615497E+000 -0.583481073706260E+001 -0.146844474086433E+002
 -0.146776290457523E+002  0.520487826274170E+002  0.406420366405562E+000  0.107785026353084E+001  0.593579633594438E+000 -0.583481073706260E+001 -0.146776290457523E+002
 -0.145824753377222E+002  0.795268250914593E+002  0.260837964969811E+000  0.128793944981644E+001  0.739162035030189E+000 -0.583481073706260E+001 -0.145824753377222E+002
 -0.145771301553453E+002  0.612159322125846E+002  0.300088200847448E+000  0.129074029158773E+001  0.699911799152552E+000 -0.583481073706260E+001 -0.145771301553453E+002
 -0.145223449039093E+002  0.549172407983188E+002  0.689317972902902E+000  0.978818444516811E+000  0.310682027097098E+000 -0.583481073706260E+001 -0.145223449039093E+002
 -0.144961086770476E+002  0.540662654030662E+002  0.543591258488022E+000  0.552910862196322E+000  0.456408741511978E+000 -0.583481073706260E+001 -0.144961086770476E+002
 -0.144654841917552E+002  0.856476601217330E+002  0.153383823724829E+000  0.943250004559549E+000  0.846616176275171E+000 -0.583481073706260E+001 -0.144654841917552E+002
 -0.144636502403172E+002  0.550372986273296E+002  0.670118203499408E+000  0.784666494112391E+000  0.329881796500592E+000 -0.583481073706260E+001 -0.144636502403172E+002
 -0.144105356710436E+002  0.688296735562749E+002  0.267027511632458E+000  0.135628692660231E+001  0.732972488367542E+000 -0.583481073706260E+001 -0.144105356710436E+002
 -0.143790419404405E+002  0.688532257991622E+002  0.190409875327342E+000  0.112852274958914E+001  0.809590124672658E+000 -0.583481073706260E+001 -0.143790419404405E+002
 -0.143635286926377E+002  0.657340628566238E+002  0.397681453854198E+000  0.134957931635499E+001  0.602318546145802E+000 -0.583481073706260E+001 -0.143635286926377E+002
 -0.143270878253771E+002  0.510039947406077E+002  0.713232047331551E+000  0.767946575412128E+000  0.286767952668449E+000 -0.583481073706260E+001 -0.143270878253771E+002
 -0.143072082942086E+002  0.854815333929237E+002  0.155024951028339E+000  0.969421666983603E+000  0.844975048971661E+000 -0.583481073706260E+001 -0.143072082942086E+002
 -0.142929554976539E+002  0.516206769780258E+002  0.474914427565872E+000  0.117296243167880E+001  0.525085572434128E+000 -0.583481073706260E+001 -0.142929554976539E+002
 -0.142617254720917E+002  0.570858297946433E+002  0.627691083434400E+000  0.744594782865622E+000  0.372308916565600E+000 -0.583481073706260E+001 -0.142617254720917E+002
 -0.142397207549344E+002  0.549334965971490E+002  0.339557258564984E+000  0.835378363525046E+000  0.660442741435016E+000 -0.583481073706260E+001 -0.142397207549344E+002
 -0.142386892657261E+002  0.697640311571121E+002  0.447447413392946E+000  0.107115904240084E+001  0.552552586607054E+000 -0.583481073706260E+001 -0.142386892657261E+002
 -0.141436949416527E+002  0.854584964711191E+002  0.236643798529885E+000  0.100985881225717E+001  0.763356201470115E+000 -0.583481073706260E+001 -0.141436949416527E+002
 -0.140192146010764E+002  0.476748524172694E+002  0.720866950972575E+000  0.838155384327796E+000  0.279133049027425E+000 -0.583481073706260E+001 -0.140192146010764E+002
 -0.139541346613209E+002  0.480516902261083E+002  0.721990922555679E+000  0.101989745137135E+001  0.278009077444321E+000 -0.583481073706260E+001 -0.139541346613209E+002
 -0.139365286188695E+002  0.675246995588705E+002  0.367231481675406E+000  0.133543064721791E+001  0.632768518324594E+000 -0.583481073706260E+001 -0.139365286188695E+002
 -0.139296752044961E+002  0.675972806547518E+002  0.355425344995182E+000  0.134261999774555E+001  0.644574655004818E+000 -0.583481073706260E+001 -0.139296752044961E+002
 -0.138875534796764E+002  0.717735023763597E+002  0.329005178550034E+000  0.131785730682275E+001  0.670994821449966E+000 -0.583481073706260E+001 -0.138875534796764E+002
 -0.138563073352388E+002  0.612783310213321E+002  0.491439417042758E+000  0.126501918339068E+001  0.508560582957242E+000 -0.583481073706260E+001 -0.138563073352388E+002
 -0.138486200072533E+002  0.487087927477216E+002  0.698196401511428E+000  0.778223873241991E+000  0.301803598488572E+000 -0.583481073706260E+001 -0.138486200072533E+002
 -0.137922667827665E+002  0.821637241760872E+002  0.277974146673034E+000  0.104679578503849E+001  0.722025853326966E+000 -0.583481073706260E+001 -0.137922667827665E+002
 -0.137690043415029E+002  0.751908641136362E+002  0.279099690128497E+000  0.130514960394636E+001  0.720900309871503E+000 -0.583481073706260E+001 -0.137690043415029E+002
 -0.137587461402037E+002  0.816436359281787E+002  0.235132796698715E+000  0.120762850323707E+001  0.764867203301285E+000 -0.583481073706260E+001 -0.137587461402037E+002
 -0.137140972270665E+002  0.648827175609728E+002  0.520047966832604E+000  0.898358336814595E+000  0.479952033167396E+000 -0.583481073706260E+001 -0.137140972270665E+002
 -0.136406039993614E+002  0.657450644553498E+002  0.326167322055701E+000  0.133249679305987E+001  0.673832677944299E+000 -0.583481073706260E+001 -0.136406039993614E+002
 -0.136370412585597E+002  0.518778949368001E+002  0.429683063437514E+000  0.102546791496221E+001  0.570316936562486E+000 -0.583481073706260E+001 -0.136370412585597E+002
 -0.135669883391389E+002  0.671679525305706E+002  0.232156635260714E+000  0.121680153783813E+001  0.767843364739286E+000 -0.583481073706260E+001 -0.135669883391389E+002
 -0.135373447661774E+002  0.695970316006342E+002  0.188087621534230E+000  0.758224196967274E+000  0.811912378465770E+000 -0.583481073706260E+001 -0.135373447661774E+002
 -0.134968152715087E+002  0.530936986976394E+002  0.617176008957777E+000  0.115905356983843E+001  0.382823991042223E+000 -0.583481073706260E+001 -0.134968152715087E+002
 -0.134622923691806E+002  0.781328570548899E+002  0.281702776590204E+000  0.558504368575617E+000  0.718297223409796E+000 -0.583481073706260E+001 -0.134622923691806E+002
 -0.134578765529887E+002  0.807812694833900E+002  0.300476991196678E+000  0.906321952067696E+000  0.699523008803322E+000 -0.583481073706260E+001 -0.134578765529887E+002
 -0.134535095542910E+002  0.671873284445029E+002  0.395428084478123E+000  0.128312578651536E+001  0.604571915521877E+000 -0.583481073706260E+001 -0.134535095542910E+002
 -0.134292929975849E+002  0.501884318675198E+002  0.691957166829133E+000  0.104638388569979E+001  0.308042833170867E+000 -0.583481073706260E+001 -0.134292929975849E+002
 -0.134143701853785E+002  0.611556305317561E+002  0.417159888122909E+000  0.130005290693625E+001  0.582840111877091E+000 -0.583481073706260E+001 -0.134143701853785E+002
 -0.134125030106552E+002  0.703753807477875E+002  0.418191762025014E+000  0.112120416751892E+001  0.581808237974986E+000 -0.583481073706260E+001 -0.134125030106552E+002
 -0.133855955138474E+002  0.491410797465053E+002  0.704907871893132E+000  0.817045234949955E+000  0.295092128106868E+000 -0.583481073706260E+001 -0.133855955138474E+002
 -0.133209329436798E+002  0.813380499021222E+002  0.194501263140529E+000  0.609934799435291E+000  0.805498736859471E+000 -0.583481073706260E+001 -0.133209329436798E+002
 -0.133202269182233E+002  0.490373319271429E+002  0.679666548595420E+000  0.102804143007335E+001  0.320333451404580E+000 -0.583481073706260E+001 -0.133202269182233E+002
 -0.133062481742447E+002  0.670888580381807E+002  0.483268600092766E+000  0.888730682888009E+000  0.516731399907234E+000 -0.583481073706260E+001 -0.133062481742447E+002
 -0.133014977502271E+002  0.747643036207635E+002  0.187083928449162E+000  0.117102069645547E+001  0.812916071550837E+000 -0.583481073706260E+001 -0.133014977502271E+002
 -0.133007732139170E+002  0.680644355943703E+002  0.214881457814255E+000  0.631307882734991E+000  0.785118542185745E+000 -0.583481073706260E+001 -0.133007732139170E+002
 -0.132950057130896E+002  0.554878751220154E+002  0.633236183859353E+000  0.728889423303183E+000  0.366763816140647E+000 -0.583481073706260E+001 -0.132950057130896E+002
 -0.132784960405335E+002  0.650518428630238E+002  0.359545196172250E+000  0.131310342390090E+001  0.640454803827750E+000 -0.583481073706260E+001 -0.132784960405335E+002
 -0.132629738140369E+002  0.493806199935192E+002  0.582360522882691E+000  0.105618483234270E+001  0.417639477117309E+000 -0.583481073706260E+001 -0.132629738140369E+002
 -0.132495141646001E+002  0.582659298288343E+002  0.365516684159820E+000  0.122659600210236E+001  0.634483315840180E+000 -0.583481073706260E+001 -0.132495141646001E+002
 -0.132369789071716E+002  0.531267885737687E+002  0.601386161414009E+000  0.115578832606048E+001  0.398613838585991E+000 -0.583481073706260E+001 -0.132369789071716E+002
 -0.132368922095107E+002  0.572623943107397E+002  0.613851240192668E+000  0.105293561125960E+001  0.386148759807332E+000 -0.583481073706260E+001 -0.132368922095107E+002
 -0.132244079599353E+002  0.505679588728603E+002  0.703321911110777E+000  0.988939879267086E+000  0.296678088889223E+000 -0.583481073706260E+001 -0.132244079599353E+002
 -0.132046845605429E+002  0.522554473001005E+002  0.528395471347977E+000  0.115977760768879E+001  0.471604528652023E+000 -0.583481073706260E+001 -0.132046845605429E+002
 -0.131983870688727E+002  0.594436849701776E+002  0.593815154299539E+000  0.842450755429913E+000  0.406184845700461E+000 -0.583481073706260E+001 -0.131983870688727E+002
 -0.131663597108384E+002  0.676231322663970E+002  0.323958073262193E+000  0.131111112313056E+001  0.676041926737807E+000 -0.583481073706260E+001 -0.131663597108384E+002
 -0.131452769555515E+002  0.546504838969653E+002  0.357493978662014E+000  0.872053394263986E+000  0.642506021337986E+000 -0.583481073706260E+001 -0.131452769555515E+002
 -0.131305864907079E+002  0.714353865419794E+002  0.331318996581357E+000  0.461129223116998E+000  0.668681003418643E+000 -0.583481073706260E+001 -0.131305864907079E+002
 -0.131019865205411E+002  0.642399156141708E+002  0.479280152988616E+000  0.117159809284574E+001  0.520719847011384E+000 -0.583481073706260E+001 -0.131019865205411E+002
 -0.130884871179505E+002  0.610900421301844E+002  0.503271818722435E+000  0.561523941849065E+000  0.496728181277565E+000 -0.583481073706260E+001 -0.130884871179505E+002
 -0.130743600876936E+002  0.655487628452734E+002  0.438407791658297E+000  0.532139078243884E+000  0.561592208341703E+000 -0.583481073706260E+001 -0.130743600876936E+002
 -0.130361033064003E+002  0.493404517941801E+002  0.640310115057785E+000  0.755998560016872E+000  0.359689884942215E+000 -0.583481073706260E+001 -0.130361033064003E+002
 -0.130321829013803E+002  0.596415023281231E+002  0.372692939501316E+000  0.489318717868142E+000  0.627307060498684E+000 -0.583481073706260E+001 -0.130321829013803E+002
 -0.130004823140406E+002  0.539469693207295E+002  0.600153838969423E+000  0.114112869550459E+001  0.399846161030577E+000 -0.583481073706260E+001 -0.130004823140406E+002
 -0.129961674062307E+002  0.780156197104976E+002  0.157929105585707E+000  0.925261824312957E+000  0.842070894414293E+000 -0.583481073706260E+001 -0.129961674062307E+002
 -0.129917521951653E+002  0.780705918910184E+002  0.234356960465571E+000  0.123352025152104E+001  0.765643039534429E+000 -0.583481073706260E+001 -0.129917521951653E+002
 -0.129669010860282E+002  0.549814033888564E+002  0.611789448784691E+000  0.666034603803388E+000  0.388210551215309E+000 -0.583481073706260E+001 -0.129669010860282E+002
 -0.128892145542259E+002  0.495747314474516E+002  0.685164136484691E+000  0.976636680750703E+000  0.314835863515309E+000 -0.583481073706260E+001 -0.128892145542259E+002
 -0.128758305440721E+002  0.584388371207193E+002  0.364578224821553E+000  0.540946033822407E+000  0.635421775178447E+000 -0.583481073706260E+001 -0.128758305440721E+002
 -0.128561192137350E+002  0.702446801132834E+002  0.379344683101088E+000  0.534706673828446E+000  0.620655316898912E+000 -0.583481073706260E+001 -0.128561192137350E+002
 -0.128462163573658E+002  0.530121489580094E+002  0.594434634927363E+000  0.113272736462455E+001  0.405565365072637E+000 -0.583481073706260E+001 -0.128462163573658E+002
 -0.128374024677196E+002  0.609455917102229E+002  0.425838036547145E+000  0.126477142712953E+001  0.574161963452855E+000 -0.583481073706260E+001 -0.128374024677196E+002
 -0.127816165714566E+002  0.678480685716277E+002  0.380773138748311E+000  0.471329840822481E+000  0.619226861251689E+000 -0.583481073706260E+001 -0.127816165714566E+002
 -0.127096133982458E+002  0.599119138655330E+002  0.324851567403227E+000  0.564980798347779E+000  0.675148432596773E+000 -0.583481073706260E+001 -0.127096133982458E+002
 -0.127048297083098E+002  0.577710121554484E+002  0.374855830550966E+000  0.553344247388371E+000  0.625144169449034E+000 -0.583481073706260E+001 -0.127048297083098E+002
 -0.126951359042391E+002  0.525616093880472E+002  0.478660933778921E+000  0.110230319541302E+001  0.521339066221079E+000 -0.583481073706260E+001 -0.126951359042391E+002
 -0.126588394801104E+002  0.526303508748930E+002  0.519504107080799E+000  0.625165785688966E+000  0.480495892919201E+000 -0.583481073706260E+001 -0.126588394801104E+002
 -0.126306332460887E+002  0.573197588050476E+002  0.592128213961291E+000  0.695329063373664E+000  0.407871786038709E+000 -0.583481073706260E+001 -0.126306332460887E+002
 -0.125915256944554E+002  0.652870492100623E+002  0.379481398353081E+000  0.126858629938438E+001  0.620518601646919E+000 -0.583481073706260E+001 -0.125915256944554E+002
 -0.125476620114561E+002  0.715621735832757E+002  0.233578221319425E+000  0.122546971123424E+001  0.766421778680575E+000 -0.583481073706260E+001 -0.125476620114561E+002
 -0.125472555482757E+002  0.497605442096200E+002  0.678731630650969E+000  0.841232091105309E+000  0.321268369349031E+000 -0.583481073706260E+001 -0.125472555482757E+002
 -0.125187114455041E+002  0.621307750949747E+002  0.545109559962114E+000  0.839096110395839E+000  0.454890440037886E+000 -0.583481073706260E+001 -0.125187114455041E+002
 -0.125133782065377E+002  0.770025310512049E+002  0.164144841923632E+000  0.952125899179123E+000  0.835855158076368E+000 -0.583481073706260E+001 -0.125133782065377E+002
 -0.124854304504857E+002  0.725552737945997E+002  0.247596718507580E+000  0.463363758462920E+000  0.752403281492420E+000 -0.583481073706260E+001 -0.124854304504857E+002
 -0.124776175178772E+002  0.826473573812591E+002  0.223013396650290E+000  0.109329692192947E+001  0.776986603349710E+000 -0.583481073706260E+001 -0.124776175178772E+002
 -0.124386691643585E+002  0.601414442876895E+002  0.317570575772460E+000  0.115648270922840E+001  0.682429424227540E+000 -0.583481073706260E+001 -0.124386691643585E+002
 -0.123826773600286E+002  0.763865515091420E+002  0.279904452404202E+000  0.120420594188640E+001  0.720095547595798E+000 -0.583481073706260E+001 -0.123826773600286E+002
 -0.123714064189487E+002  0.781556520272802E+002  0.274065219549774E+000  0.116692614344864E+001  0.725934780450226E+000 -0.583481073706260E+001 -0.123714064189487E+002
 -0.123708976517408E+002  0.753937382688766E+002  0.198733170395344E+000  0.115582672211296E+001  0.801266829604656E+000 -0.583481073706260E+001 -0.123708976517408E+002
 -0.123653231195468E+002  0.522333934768280E+002  0.495852958865804E+000  0.107653716140858E+001  0.504147041134196E+000 -0.583481073706260E+001 -0.123653231195468E+002
 -0.123060570264903E+002  0.706415195534806E+002  0.210931700591547E+000  0.113696442540833E+001  0.789068299408453E+000 -0.583481073706260E+001 -0.123060570264903E+002
 -0.122850309190945E+002  0.725858229677214E+002  0.395398184772753E+000  0.810138687120899E+000  0.604601815227247E+000 -0.583481073706260E+001 -0.122850309190945E+002
 -0.122643734399666E+002  0.660734842818777E+002  0.331871995681692E+000  0.126148646859600E+001  0.668128004318308E+000 -0.583481073706260E+001 -0.122643734399666E+002
 -0.122628654189696E+002  0.728785596152744E+002  0.337277588422278E+000  0.119087985856375E+001  0.662722411577722E+000 -0.583481073706260E+001 -0.122628654189696E+002
 -0.122577723812050E+002  0.700096634138726E+002  0.417944524733821E+000  0.104923257962176E+001  0.582055475266179E+000 -0.583481073706260E+001 -0.122577723812050E+002
 -0.122392944841621E+002  0.605256962079741E+002  0.379154317401937E+000  0.122710315287042E+001  0.620845682598063E+000 -0.583481073706260E+001 -0.122392944841621E+002
 -0.122376545108472E+002  0.508662744460583E+002  0.549235070108233E+000  0.102976528357522E+001  0.450764929891767E+000 -0.583481073706260E+001 -0.122376545108472E+002
 -0.122003631822746E+002  0.629765412850392E+002  0.504027676427017E+000  0.108175879558237E+001  0.495972323572983E+000 -0.583481073706260E+001 -0.122003631822746E+002
 -0.121585881505301E+002  0.541916349344094E+002  0.385353419626792E+000  0.846339373440091E+000  0.614646580373208E+000 -0.583481073706260E+001 -0.121585881505301E+002
 -0.121340052437710E+002  0.603780623667135E+002  0.446312794754329E+000  0.121516181077252E+001  0.553687205245671E+000 -0.583481073706260E+001 -0.121340052437710E+002
 -0.121081020240812E+002  0.683001473641801E+002  0.381275580318981E+000  0.120792388802541E+001  0.618724419681020E+000 -0.583481073706260E+001 -0.121081020240812E+002
 -0.120954739231629E+002  0.529014769182726E+002  0.511292358098884E+000  0.109613735282717E+001  0.488707641901116E+000 -0.583481073706260E+001 -0.120954739231629E+002
 -0.120805201107434E+002  0.508395840624576E+002  0.556782137837978E+000  0.724167638181825E+000  0.443217862162022E+000 -0.583481073706260E+001 -0.120805201107434E+002
 -0.120646280467060E+002  0.559204777599821E+002  0.602561234817590E+000  0.103598912838974E+001  0.397438765182410E+000 -0.583481073706260E+001 -0.120646280467060E+002
 -0.120534821896889E+002  0.603330796732387E+002  0.484631740456292E+000  0.528797025291376E+000  0.515368259543708E+000 -0.583481073706260E+001 -0.120534821896889E+002
 -0.120188605949361E+002  0.677002074904316E+002  0.381369912752903E+000  0.121277492661706E+001  0.618630087247097E+000 -0.583481073706260E+001 -0.120188605949361E+002
 -0.119911355788149E+002  0.840163966932974E+002  0.207983236654907E+000  0.987861765395527E+000  0.792016763345093E+000 -0.583481073706260E+001 -0.119911355788149E+002
 -0.119826708407678E+002  0.793175689305249E+002  0.190455950014102E+000  0.623955075482548E+000  0.809544049985898E+000 -0.583481073706260E+001 -0.119826708407678E+002
 -0.119649584148248E+002  0.593055065265751E+002  0.532215656041965E+000  0.111066777963095E+001  0.467784343958035E+000 -0.583481073706260E+001 -0.119649584148248E+002
 -0.119498701712408E+002  0.552797592964931E+002  0.631572455138623E+000  0.824568151297470E+000  0.368427544861377E+000 -0.583481073706260E+001 -0.119498701712408E+002
 -0.119440331357430E+002  0.610725893130372E+002  0.432115853951256E+000  0.121269526644494E+001  0.567884146048744E+000 -0.583481073706260E+001 -0.119440331357430E+002
 -0.119360491535218E+002  0.654762548082176E+002  0.421338672483096E+000  0.118714727002662E+001  0.578661327516904E+000 -0.583481073706260E+001 -0.119360491535218E+002
 -0.119314357184304E+002  0.654588399368787E+002  0.490326366059718E+000  0.827016862731695E+000  0.509673633940282E+000 -0.583481073706260E+001 -0.119314357184304E+002
 -0.118810525973025E+002  0.806796005531274E+002  0.190753494993564E+000  0.646270692678157E+000  0.809246505006436E+000 -0.583481073706260E+001 -0.118810525973025E+002
 -0.118797180039292E+002  0.809828121221816E+002  0.232210207087204E+000  0.110182591079774E+001  0.767789792912796E+000 -0.583481073706260E+001 -0.118797180039292E+002
 -0.118705885219170E+002  0.787353063366134E+002  0.301073948632859E+000  0.713999559215074E+000  0.698926051367141E+000 -0.583481073706260E+001 -0.118705885219170E+002
 -0.118446963249147E+002  0.761795624589981E+002  0.327820272192137E+000  0.663321400251001E+000  0.672179727807863E+000 -0.583481073706260E+001 -0.118446963249147E+002
 -0.118160847155177E+002  0.713931107990589E+002  0.384195121342674E+000  0.108662680874631E+001  0.615804878657326E+000 -0.583481073706260E+001 -0.118160847155177E+002
 -0.118089880402191E+002  0.547078992008277E+002  0.508457692768006E+000  0.112552324640460E+001  0.491542307231994E+000 -0.583481073706260E+001 -0.118089880402191E+002
 -0.117901455114580E+002  0.800156141682561E+002  0.242042083155383E+000  0.588965189326124E+000  0.757957916844617E+000 -0.583481073706260E+001 -0.117901455114580E+002
 -0.117592782888701E+002  0.594538499783793E+002  0.291235561693089E+000  0.801413472610023E+000  0.708764438306911E+000 -0.583481073706260E+001 -0.117592782888701E+002
 -0.117576613027863E+002  0.594891497011073E+002  0.572944348848753E+000  0.830205276803886E+000  0.427055651151247E+000 -0.583481073706260E+001 -0.117576613027863E+002
 -0.117460220453737E+002  0.819034535094907E+002  0.185616078974881E+000  0.102059899659859E+001  0.814383921025119E+000 -0.583481073706260E+001 -0.117460220453737E+002
 -0.117426309647664E+002  0.517292418617893E+002  0.491208997366194E+000  0.756968862297556E+000  0.508791002633806E+000 -0.583481073706260E+001 -0.117426309647664E+002
 -0.117344940374923E+002  0.501062913171815E+002  0.616301063690745E+000  0.915133038321180E+000  0.383698936309255E+000 -0.583481073706260E+001 -0.117344940374923E+002
 -0.117222436469437E+002  0.609231650414626E+002  0.524806415652544E+000  0.649998527520850E+000  0.475193584347456E+000 -0.583481073706260E+001 -0.117222436469437E+002
 -0.117145515663477E+002  0.502187168597173E+002  0.564868977650605E+000  0.825306903225506E+000  0.435131022349395E+000 -0.583481073706260E+001 -0.117145515663477E+002
 -0.116842533991000E+002  0.601278233475945E+002  0.354418356648906E+000  0.515770369787265E+000  0.645581643351094E+000 -0.583481073706260E+001 -0.116842533991000E+002
 -0.116663610742049E+002  0.568289288327708E+002  0.548289459842805E+000  0.603273576898329E+000  0.451710540157195E+000 -0.583481073706260E+001 -0.116663610742049E+002
 -0.116534740176402E+002  0.632209939887105E+002  0.262621691781491E+000  0.105914409239643E+001  0.737378308218509E+000 -0.583481073706260E+001 -0.116534740176402E+002
 -0.116505371180733E+002  0.701924860763483E+002  0.391401769772561E+000  0.110484376500817E+001  0.608598230227439E+000 -0.583481073706260E+001 -0.116505371180733E+002
 -0.116311599010333E+002  0.647389842406613E+002  0.415561538074837E+000  0.118869962269467E+001  0.584438461925163E+000 -0.583481073706260E+001 -0.116311599010333E+002
 -0.116205480941155E+002  0.511924665035390E+002  0.623474477216556E+000  0.962906262391047E+000  0.376525522783444E+000 -0.583481073706260E+001 -0.116205480941155E+002
 -0.115481783872614E+002  0.619504690967015E+002  0.536061698825062E+000  0.870890079249742E+000  0.463938301174938E+000 -0.583481073706260E+001 -0.115481783872614E+002
 -0.115371425498986E+002  0.623523004774503E+002  0.473307343605316E+000  0.553287819933926E+000  0.526692656394684E+000 -0.583481073706260E+001 -0.115371425498986E+002
 -0.114972434009179E+002  0.696641796748140E+002  0.379822351809641E+000  0.114392370919655E+001  0.620177648190359E+000 -0.583481073706260E+001 -0.114972434009179E+002
 -0.114856146783636E+002  0.583966479743670E+002  0.414442390206650E+000  0.116392669112948E+001  0.585557609793350E+000 -0.583481073706260E+001 -0.114856146783636E+002
 -0.114849454556176E+002  0.692805597972997E+002  0.230654794260968E+000  0.112591071912990E+001  0.769345205739032E+000 -0.583481073706260E+001 -0.114849454556176E+002
 -0.114629959319570E+002  0.535669816869458E+002  0.639140507637103E+000  0.875473914281824E+000  0.360859492362897E+000 -0.583481073706260E+001 -0.114629959319570E+002
 -0.114324825736296E+002  0.689721945067101E+002  0.420593593486602E+000  0.665069060291597E+000  0.579406406513398E+000 -0.583481073706260E+001 -0.114324825736296E+002
 -0.114216749613557E+002  0.619213874451696E+002  0.307930222612973E+000  0.113131661681560E+001  0.692069777387027E+000 -0.583481073706260E+001 -0.114216749613557E+002
 -0.114061096800876E+002  0.692441460480308E+002  0.333427165937277E+000  0.120799558108890E+001  0.666572834062723E+000 -0.583481073706260E+001 -0.114061096800876E+002
 -0.113729314461539E+002  0.513872457338075E+002  0.515696954532470E+000  0.931454221168823E+000  0.484303045467530E+000 -0.583481073706260E+001 -0.113729314461539E+002
 -0.113726360554697E+002  0.593272091709738E+002  0.425215777513919E+000  0.117295112651564E+001  0.574784222486081E+000 -0.583481073706260E+001 -0.113726360554697E+002
 -0.113506185249132E+002  0.603599505194023E+002  0.541517691996160E+000  0.995622891969381E+000  0.458482308003840E+000 -0.583481073706260E+001 -0.113506185249132E+002
 -0.113437769048197E+002  0.777383581738349E+002  0.237007864199459E+000  0.114081678235476E+001  0.762992135800541E+000 -0.583481073706260E+001 -0.113437769048197E+002
 -0.113398376715466E+002  0.624126326386450E+002  0.513704703461215E+000  0.998396001532068E+000  0.486295296538785E+000 -0.583481073706260E+001 -0.113398376715466E+002
 -0.113012131343692E+002  0.655556863364159E+002  0.406713119213768E+000  0.117070101819716E+001  0.593286880786232E+000 -0.583481073706260E+001 -0.113012131343692E+002
 -0.112924341659125E+002  0.630989522438089E+002  0.515836821297555E+000  0.892830308470501E+000  0.484163178702445E+000 -0.583481073706260E+001 -0.112924341659125E+002
 -0.112804502456173E+002  0.536637155417905E+002  0.494154295371800E+000  0.632262618005434E+000  0.505845704628200E+000 -0.583481073706260E+001 -0.112804502456173E+002
 -0.112489068426994E+002  0.706338955812986E+002  0.368944048952799E+000  0.112527415891071E+001  0.631055951047201E+000 -0.583481073706260E+001 -0.112489068426994E+002
 -0.112066006307547E+002  0.782454009437800E+002  0.239377306332863E+000  0.112395451689182E+001  0.760622693667137E+000 -0.583481073706260E+001 -0.112066006307547E+002
 -0.111665555942539E+002  0.702316125809253E+002  0.265544958676566E+000  0.118507613955996E+001  0.734455041323434E+000 -0.583481073706260E+001 -0.111665555942539E+002
 -0.111642797017680E+002  0.727851936532895E+002  0.190505403421841E+000  0.982713921189021E+000  0.809494596578159E+000 -0.583481073706260E+001 -0.111642797017680E+002
 -0.110721314585190E+002  0.565735580770789E+002  0.450333783156965E+000  0.111367358638804E+001  0.549666216843035E+000 -0.583481073706260E+001 -0.110721314585190E+002
 -0.110613731806548E+002  0.742197330769292E+002  0.363862468151765E+000  0.841081597063683E+000  0.636137531848235E+000 -0.583481073706260E+001 -0.110613731806548E+002
 -0.110590650197140E+002  0.560888332937161E+002  0.605609488721191E+000  0.855937963847444E+000  0.394390511278809E+000 -0.583481073706260E+001 -0.110590650197140E+002
 -0.110527149003055E+002  0.681724956808303E+002  0.293844097568386E+000  0.119209151640396E+001  0.706155902431614E+000 -0.583481073706260E+001 -0.110527149003055E+002
 -0.110385325827825E+002  0.629363187423108E+002  0.359902811858660E+000  0.118315780927594E+001  0.640097188141340E+000 -0.583481073706260E+001 -0.110385325827825E+002
 -0.109412982612388E+002  0.553841145440232E+002  0.601603773878818E+000  0.935153425553982E+000  0.398396226121182E+000 -0.583481073706260E+001 -0.109412982612388E+002
 -0.109255513465142E+002  0.769115609193794E+002  0.296824006440725E+000  0.106612449323143E+001  0.703175993559275E+000 -0.583481073706260E+001 -0.109255513465142E+002
 -0.109043416019059E+002  0.585798057832884E+002  0.570847001548758E+000  0.796389248042944E+000  0.429152998451242E+000 -0.583481073706260E+001 -0.109043416019059E+002
 -0.109011832971339E+002  0.515797069941501E+002  0.518186446559248E+000  0.873569160440712E+000  0.481813553440752E+000 -0.583481073706260E+001 -0.109011832971339E+002
 -0.108865779115671E+002  0.545121332937389E+002  0.467413423827277E+000  0.623095002870731E+000  0.532586576172723E+000 -0.583481073706260E+001 -0.108865779115671E+002
 -0.108637096562791E+002  0.693059878093377E+002  0.221122995297442E+000  0.104805027919201E+001  0.778877004702558E+000 -0.583481073706260E+001 -0.108637096562791E+002
 -0.108154613868432E+002  0.662896686614958E+002  0.431096122471520E+000  0.579614565712608E+000  0.568903877528480E+000 -0.583481073706260E+001 -0.108154613868432E+002
 -0.107938027317314E+002  0.591033621684557E+002  0.562929363448184E+000  0.878901643526221E+000  0.437070636551816E+000 -0.583481073706260E+001 -0.107938027317314E+002
 -0.107677626534002E+002  0.715598301993478E+002  0.394703997544164E+000  0.894231326583160E+000  0.605296002455836E+000 -0.583481073706260E+001 -0.107677626534002E+002
 -0.107567779497558E+002  0.686153890777099E+002  0.433486597311665E+000  0.781743085030797E+000  0.566513402688335E+000 -0.583481073706260E+001 -0.107567779497558E+002
 -0.107279581294456E+002  0.558338425966045E+002  0.599127521921842E+000  0.886450723747331E+000  0.400872478078158E+000 -0.583481073706260E+001 -0.107279581294456E+002
 -0.107011625900205E+002  0.724334134920145E+002  0.330393067716576E+000  0.112281482999665E+001  0.669606932283424E+000 -0.583481073706260E+001 -0.107011625900205E+002
 -0.106693087368184E+002  0.654598595250294E+002  0.426270207559746E+000  0.110378088316727E+001  0.573729792440254E+000 -0.583481073706260E+001 -0.106693087368184E+002
 -0.106523356403240E+002  0.769773292261280E+002  0.228605561920192E+000  0.110441309742640E+001  0.771394438079808E+000 -0.583481073706260E+001 -0.106523356403240E+002
 -0.106164226602809E+002  0.676819697949701E+002  0.298399780108016E+000  0.116927907189921E+001  0.701600219891984E+000 -0.583481073706260E+001 -0.106164226602809E+002
 -0.105726081000156E+002  0.723260673134418E+002  0.190360454577074E+000  0.819421093425645E+000  0.809639545422926E+000 -0.583481073706260E+001 -0.105726081000156E+002
 -0.105636075381271E+002  0.798938888277940E+002  0.230959410125183E+000  0.104385993046000E+001  0.769040589874817E+000 -0.583481073706260E+001 -0.105636075381271E+002
 -0.105621562045960E+002  0.798260137064856E+002  0.216332314234734E+000  0.104092621782913E+001  0.783667685765266E+000 -0.583481073706260E+001 -0.105621562045960E+002
 -0.105320994722961E+002  0.611159678075622E+002  0.284270419738925E+000  0.924915033688603E+000  0.715729580261075E+000 -0.583481073706260E+001 -0.105320994722961E+002
 -0.105305653927082E+002  0.790544605166219E+002  0.187357561545811E+000  0.969232925293364E+000  0.812642438454189E+000 -0.583481073706260E+001 -0.105305653927082E+002
 -0.105036847342217E+002  0.712806112817327E+002  0.391211378967575E+000  0.941712921252223E+000  0.608788621032425E+000 -0.583481073706260E+001 -0.105036847342217E+002
 -0.104363308022506E+002  0.684769484721929E+002  0.349997538548443E+000  0.115084168659427E+001  0.650002461451557E+000 -0.583481073706260E+001 -0.104363308022506E+002
 -0.104330720730343E+002  0.586342022665310E+002  0.537341651464480E+000  0.100071314221438E+001  0.462658348535520E+000 -0.583481073706260E+001 -0.104330720730343E+002
 -0.104105650451729E+002  0.752686614232168E+002  0.303211882578016E+000  0.107783689807466E+001  0.696788117421984E+000 -0.583481073706260E+001 -0.104105650451729E+002
 -0.103945765424689E+002  0.706719335851874E+002  0.349025558705179E+000  0.111400870815775E+001  0.650974441294821E+000 -0.583481073706260E+001 -0.103945765424689E+002
 -0.103717185975785E+002  0.599474703091787E+002  0.401963521134472E+000  0.112209368844489E+001  0.598036478865528E+000 -0.583481073706260E+001 -0.103717185975785E+002
 -0.103648806859123E+002  0.601072487892334E+002  0.446457809416054E+000  0.111447823803573E+001  0.553542190583946E+000 -0.583481073706260E+001 -0.103648806859123E+002
 -0.103562741836831E+002  0.599336476486340E+002  0.356463243027416E+000  0.541917831088012E+000  0.643536756972584E+000 -0.583481073706260E+001 -0.103562741836831E+002
 -0.103481073594865E+002  0.520339590001239E+002  0.558097309773891E+000  0.766659677256224E+000  0.441902690226109E+000 -0.583481073706260E+001 -0.103481073594865E+002
 -0.103418494337729E+002  0.673576141410884E+002  0.441977132844826E+000  0.929902446029715E+000  0.558022867155174E+000 -0.583481073706260E+001 -0.103418494337729E+002
 -0.103265246628052E+002  0.573479314698460E+002  0.344444906836992E+000  0.801318181608296E+000  0.655555093163008E+000 -0.583481073706260E+001 -0.103265246628052E+002
 -0.103139488776556E+002  0.762167108785659E+002  0.293474473794500E+000  0.106060780277234E+001  0.706525526205500E+000 -0.583481073706260E+001 -0.103139488776556E+002
 -0.102988922081374E+002  0.522137846421640E+002  0.561780860152535E+000  0.899698646364154E+000  0.438219139847465E+000 -0.583481073706260E+001 -0.102988922081374E+002
 -0.102710219973462E+002  0.551600813406172E+002  0.397744595343611E+000  0.867155851207309E+000  0.602255404656389E+000 -0.583481073706260E+001 -0.102710219973462E+002
 -0.102586844190937E+002  0.716112634011950E+002  0.295481836552999E+000  0.114519513809453E+001  0.704518163447001E+000 -0.583481073706260E+001 -0.102586844190937E+002
 -0.102199869377188E+002  0.657404196272046E+002  0.351583147151505E+000  0.115284392539219E+001  0.648416852848495E+000 -0.583481073706260E+001 -0.102199869377188E+002
 -0.102199336673038E+002  0.810706153986388E+002  0.229062879164043E+000  0.673027998349104E+000  0.770937120835957E+000 -0.583481073706260E+001 -0.102199336673038E+002
 -0.102039258231649E+002  0.649525313040910E+002  0.430452705843575E+000  0.107857447477960E+001  0.569547294156425E+000 -0.583481073706260E+001 -0.102039258231649E+002
 -0.101802578399019E+002  0.532650732483100E+002  0.582075351326333E+000  0.736516590814810E+000  0.417924648673667E+000 -0.583481073706260E+001 -0.101802578399019E+002
 -0.101550262344452E+002  0.551672004590718E+002  0.418118460018672E+000  0.692237419142287E+000  0.581881539981328E+000 -0.583481073706260E+001 -0.101550262344452E+002
 -0.101418749470066E+002  0.810867624968065E+002  0.244713449056458E+000  0.926844098773430E+000  0.755286550943542E+000 -0.583481073706260E+001 -0.101418749470066E+002
 -0.101359667108328E+002  0.581639654473260E+002  0.450270335595647E+000  0.108521842699884E+001  0.549729664404353E+000 -0.583481073706260E+001 -0.101359667108328E+002
 -0.101221727025097E+002  0.795784751004307E+002  0.242689046500461E+000  0.617339867070554E+000  0.757310953499539E+000 -0.583481073706260E+001 -0.101221727025097E+002
 -0.100829292389183E+002  0.768673784188132E+002  0.198722108235219E+000  0.999950812587900E+000  0.801277891764781E+000 -0.583481073706260E+001 -0.100829292389183E+002
 -0.100641674029443E+002  0.538619926321851E+002  0.522592058175756E+000  0.662110434899322E+000  0.477407941824244E+000 -0.583481073706260E+001 -0.100641674029443E+002
 -0.100325857768816E+002  0.708795716290193E+002  0.225676492641168E+000  0.104592506384497E+001  0.774323507358832E+000 -0.583481073706260E+001 -0.100325857768816E+002
 -0.100298094219976E+002  0.671485841798848E+002  0.409804849644026E+000  0.105601464721863E+001  0.590195150355974E+000 -0.583481073706260E+001 -0.100298094219976E+002
 -0.100186665481349E+002  0.661781707351773E+002  0.285037759361487E+000  0.110641408921736E+001  0.714962240638513E+000 -0.583481073706260E+001 -0.100186665481349E+002
 -0.996777373843787E+001  0.779863873074943E+002  0.212636898460384E+000  0.102648314954966E+001  0.787363101539616E+000 -0.583481073706260E+001 -0.996777373843787E+001
 -0.995909084167675E+001  0.601994186266656E+002  0.362855860174713E+000  0.529913283369399E+000  0.637144139825287E+000 -0.583481073706260E+001 -0.995909084167675E+001
 -0.994775292673096E+001  0.638047779172384E+002  0.486347457534813E+000  0.898006969640770E+000  0.513652542465187E+000 -0.583481073706260E+001 -0.994775292673096E+001
 -0.993486021703042E+001  0.660238823558636E+002  0.243660024920423E+000  0.964540405773119E+000  0.756339975079577E+000 -0.583481073706260E+001 -0.993486021703042E+001
 -0.992281461611840E+001  0.565990834878945E+002  0.512531435426779E+000  0.102293661644584E+001  0.487468564573221E+000 -0.583481073706260E+001 -0.992281461611840E+001
 -0.991859534503079E+001  0.533111961851779E+002  0.498595005227355E+000  0.918365472858753E+000  0.501404994772645E+000 -0.583481073706260E+001 -0.991859534503079E+001
 -0.991847616035965E+001  0.657606225081529E+002  0.445256061075973E+000  0.989392568932401E+000  0.554743938924027E+000 -0.583481073706260E+001 -0.991847616035965E+001
 -0.991267893669920E+001  0.777475265307306E+002  0.304512143130943E+000  0.816150762026277E+000  0.695487856869057E+000 -0.583481073706260E+001 -0.991267893669920E+001
 -0.990720220077809E+001  0.766884102148419E+002  0.231961618477966E+000  0.106534960179609E+001  0.768038381522034E+000 -0.583481073706260E+001 -0.990720220077809E+001
 -0.989085006435624E+001  0.710141214959356E+002  0.203898615853245E+000  0.736775882334008E+000  0.796101384146755E+000 -0.583481073706260E+001 -0.989085006435623E+001
 -0.984320711353402E+001  0.579755808797077E+002  0.377427454584498E+000  0.101347217757442E+001  0.622572545415502E+000 -0.583481073706260E+001 -0.984320711353402E+001
 -0.983516842942369E+001  0.798247433668910E+002  0.193893914293453E+000  0.709196879501174E+000  0.806106085706547E+000 -0.583481073706260E+001 -0.983516842942369E+001
 -0.982822041055829E+001  0.667807462018212E+002  0.248634023545831E+000  0.101506659769587E+001  0.751365976454169E+000 -0.583481073706260E+001 -0.982822041055829E+001
 -0.982507128118666E+001  0.599517154124944E+002  0.428059011818444E+000  0.109091360923293E+001  0.571940988181556E+000 -0.583481073706260E+001 -0.982507128118666E+001
 -0.982090511738429E+001  0.588138138738225E+002  0.548140488008303E+000  0.753692738932856E+000  0.451859511991697E+000 -0.583481073706260E+001 -0.982090511738429E+001
 -0.980717400114410E+001  0.526001659898028E+002  0.526223727483578E+000  0.831674132873368E+000  0.473776272516422E+000 -0.583481073706260E+001 -0.980717400114410E+001
 -0.980250485368414E+001  0.706081167670147E+002  0.298187024041917E+000  0.456426286271431E+000  0.701812975958083E+000 -0.583481073706260E+001 -0.980250485368414E+001
 -0.978924686172277E+001  0.546912886173610E+002  0.495068547124604E+000  0.981924930303345E+000  0.504931452875396E+000 -0.583481073706260E+001 -0.978924686172277E+001
 -0.978707956575035E+001  0.579744944675038E+002  0.467029308657207E+000  0.105675791098811E+001  0.532970691342793E+000 -0.583481073706260E+001 -0.978707956575035E+001
 -0.978539422530764E+001  0.527202778139213E+002  0.566284707390161E+000  0.816916081681339E+000  0.433715292609839E+000 -0.583481073706260E+001 -0.978539422530764E+001
 -0.972575738755663E+001  0.595273168613786E+002  0.328077289819784E+000  0.661533167011928E+000  0.671922710180216E+000 -0.583481073706260E+001 -0.972575738755663E+001
 -0.972351608608385E+001  0.567891104564470E+002  0.374619896066641E+000  0.714677752693590E+000  0.625380103933359E+000 -0.583481073706260E+001 -0.972351608608385E+001
 -0.972293816077491E+001  0.673312703274570E+002  0.440916779796483E+000  0.832197500320677E+000  0.559083220203517E+000 -0.583481073706260E+001 -0.972293816077491E+001
 -0.972158398738778E+001  0.731365827115511E+002  0.342138379333366E+000  0.100738001021857E+001  0.657861620666634E+000 -0.583481073706260E+001 -0.972158398738778E+001
 -0.970840488296171E+001  0.631951228686363E+002  0.450292273432191E+000  0.556726568602374E+000  0.549707726567809E+000 -0.583481073706260E+001 -0.970840488296171E+001
 -0.965190632524941E+001  0.594707761302173E+002  0.462933564263066E+000  0.105965157204884E+001  0.537066435736934E+000 -0.583481073706260E+001 -0.965190632524941E+001
 -0.964276680044680E+001  0.710386926654786E+002  0.224893384078357E+000  0.584990781987433E+000  0.775106615921643E+000 -0.583481073706260E+001 -0.964276680044680E+001
 -0.963619636159257E+001  0.550647505406875E+002  0.541132213702229E+000  0.954776441232775E+000  0.458867786297771E+000 -0.583481073706260E+001 -0.963619636159257E+001
 -0.960391272500020E+001  0.547559976609635E+002  0.471218268339766E+000  0.654474558821465E+000  0.528781731660233E+000 -0.583481073706260E+001 -0.960391272500020E+001
 -0.959676858578679E+001  0.742685628704849E+002  0.196453557318639E+000  0.698848083821558E+000  0.803546442681361E+000 -0.583481073706260E+001 -0.959676858578679E+001
 -0.959544125411570E+001  0.552456334522090E+002  0.567539443332378E+000  0.724095547676138E+000  0.432460556667622E+000 -0.583481073706260E+001 -0.959544125411570E+001
 -0.958258737564904E+001  0.592114547755229E+002  0.421069912051035E+000  0.106876939718727E+001  0.578930087948965E+000 -0.583481073706260E+001 -0.958258737564904E+001
 -0.944825959274665E+001  0.642527722949694E+002  0.276034767862717E+000  0.998095774405575E+000  0.723965232137283E+000 -0.583481073706260E+001 -0.944825959274665E+001
 -0.944579456142454E+001  0.577818073969731E+002  0.350941904880353E+000  0.857892893221993E+000  0.649058095119647E+000 -0.583481073706260E+001 -0.944579456142454E+001
 -0.942217829310681E+001  0.642679002102385E+002  0.400325424892921E+000  0.108702532865181E+001  0.599674575107079E+000 -0.583481073706260E+001 -0.942217829310681E+001
 -0.941985756005485E+001  0.544825972941906E+002  0.479432000882582E+000  0.932673787175108E+000  0.520567999117418E+000 -0.583481073706260E+001 -0.941985756005485E+001
 -0.940928470027745E+001  0.558195967611653E+002  0.545086347962777E+000  0.672766900385819E+000  0.454913652037223E+000 -0.583481073706260E+001 -0.940928470027744E+001
 -0.933853736410791E+001  0.577555002089691E+002  0.475628836519908E+000  0.102171098915260E+001  0.524371163480092E+000 -0.583481073706260E+001 -0.933853736410791E+001
 -0.932499893355251E+001  0.705645788515703E+002  0.257590307874314E+000  0.107602458525931E+001  0.742409692125686E+000 -0.583481073706260E+001 -0.932499893355251E+001
 -0.929562340681759E+001  0.670624966851260E+002  0.271120617959123E+000  0.105509301992889E+001  0.728879382040877E+000 -0.583481073706260E+001 -0.929562340681759E+001
 -0.928975602227961E+001  0.648165477113602E+002  0.421658062471463E+000  0.104292288143218E+001  0.578341937528537E+000 -0.583481073706260E+001 -0.928975602227961E+001
 -0.927367098975399E+001  0.664229461055132E+002  0.288132273078511E+000  0.497310457640930E+000  0.711867726921489E+000 -0.583481073706260E+001 -0.927367098975399E+001
 -0.926679709532866E+001  0.555876852607268E+002  0.567459770224292E+000  0.787139742088116E+000  0.432540229775708E+000 -0.583481073706260E+001 -0.926679709532866E+001
 -0.925134516239576E+001  0.608469043859961E+002  0.514836821292957E+000  0.868678546154064E+000  0.485163178707043E+000 -0.583481073706260E+001 -0.925134516239576E+001
 -0.924608765119333E+001  0.735552603430165E+002  0.230615648483950E+000  0.103695130206743E+001  0.769384351516050E+000 -0.583481073706260E+001 -0.924608765119333E+001
 -0.919737338062925E+001  0.625532109773312E+002  0.350682183897105E+000  0.107374077837235E+001  0.649317816102895E+000 -0.583481073706260E+001 -0.919737338062925E+001
 -0.918593837141293E+001  0.632573270208698E+002  0.442659392988426E+000  0.102672474733779E+001  0.557340607011574E+000 -0.583481073706260E+001 -0.918593837141293E+001
 -0.917355880609835E+001  0.709381983352514E+002  0.360160919081694E+000  0.100606723591300E+001  0.639839080918306E+000 -0.583481073706260E+001 -0.917355880609834E+001
 -0.916113754467227E+001  0.692744523445410E+002  0.260421257917519E+000  0.105985581594392E+001  0.739578742082481E+000 -0.583481073706260E+001 -0.916113754467227E+001
 -0.914445109744015E+001  0.546742993831120E+002  0.469431011596056E+000  0.907458264082498E+000  0.530568988403944E+000 -0.583481073706260E+001 -0.914445109744015E+001
 -0.907595215754365E+001  0.793876110064732E+002  0.240999227508171E+000  0.941971904889501E+000  0.759000772491829E+000 -0.583481073706260E+001 -0.907595215754365E+001
 -0.906674001317963E+001  0.629762168144811E+002  0.273355581544739E+000  0.843307563829794E+000  0.726644418455261E+000 -0.583481073706260E+001 -0.906674001317963E+001
 -0.906393111707839E+001  0.659645220698848E+002  0.313573327247433E+000  0.108404373688231E+001  0.686426672752567E+000 -0.583481073706260E+001 -0.906393111707839E+001
 -0.901714839515419E+001  0.710336994372318E+002  0.381939428999344E+000  0.872502784202761E+000  0.618060571000656E+000 -0.583481073706260E+001 -0.901714839515419E+001
 -0.899647017291599E+001  0.604404479961503E+002  0.511022432287687E+000  0.696457613227766E+000  0.488977567712313E+000 -0.583481073706260E+001 -0.899647017291599E+001
 -0.895613606439049E+001  0.643527968280906E+002  0.454911518409422E+000  0.942358937659927E+000  0.545088481590578E+000 -0.583481073706260E+001 -0.895613606439049E+001
 -0.893326137698472E+001  0.777022360984896E+002  0.282585584652862E+000  0.914371999631521E+000  0.717414415347138E+000 -0.583481073706260E+001 -0.893326137698472E+001
 -0.891257880606413E+001  0.543991985868281E+002  0.516202183536051E+000  0.702950933771534E+000  0.483797816463949E+000 -0.583481073706260E+001 -0.891257880606413E+001
 -0.889623884760203E+001  0.624298889698754E+002  0.315463525607661E+000  0.100513412248837E+001  0.684536474392339E+000 -0.583481073706260E+001 -0.889623884760203E+001
 -0.887839963653693E+001  0.539710895301466E+002  0.523943905069012E+000  0.836153836015490E+000  0.476056094930988E+000 -0.583481073706260E+001 -0.887839963653693E+001
 -0.887079892527206E+001  0.557208920693369E+002  0.415265237822353E+000  0.837281495431036E+000  0.584734762177647E+000 -0.583481073706260E+001 -0.887079892527206E+001
 -0.886905771392809E+001  0.678204583205366E+002  0.347099446002618E+000  0.107552620139223E+001  0.652900553997382E+000 -0.583481073706260E+001 -0.886905771392809E+001
 -0.886000770408978E+001  0.596938054412040E+002  0.504456656148706E+000  0.641987679911448E+000  0.495543343851294E+000 -0.583481073706260E+001 -0.886000770408978E+001
 -0.885435622849488E+001  0.641596207880018E+002  0.353521709093462E+000  0.470827276389334E+000  0.646478290906538E+000 -0.583481073706260E+001 -0.885435622849488E+001
 -0.883338749467702E+001  0.561124554966876E+002  0.553726236782106E+000  0.801038313705684E+000  0.446273763217894E+000 -0.583481073706260E+001 -0.883338749467702E+001
 -0.882930321017622E+001  0.797776023198079E+002  0.221180448196076E+000  0.675781821134199E+000  0.778819551803923E+000 -0.583481073706260E+001 -0.882930321017622E+001
 -0.880249008426374E+001  0.672232298571813E+002  0.427757041616675E+000  0.704406908212615E+000  0.572242958383325E+000 -0.583481073706260E+001 -0.880249008426374E+001
 -0.880128019021295E+001  0.732948772221554E+002  0.261648787800241E+000  0.105133541167946E+001  0.738351212199759E+000 -0.583481073706260E+001 -0.880128019021295E+001
 -0.877851348290136E+001  0.599506869213471E+002  0.325847277350313E+000  0.688636311417564E+000  0.674152722649687E+000 -0.583481073706260E+001 -0.877851348290135E+001
 -0.875040665147271E+001  0.575438058430381E+002  0.420267498809793E+000  0.974945313729861E+000  0.579732501190207E+000 -0.583481073706260E+001 -0.875040665147271E+001
 -0.869049591913271E+001  0.669021541086545E+002  0.250055893171454E+000  0.940816642243158E+000  0.749944106828546E+000 -0.583481073706260E+001 -0.869049591913271E+001
 -0.868270971048423E+001  0.640579643893933E+002  0.446110923060590E+000  0.599200159799233E+000  0.553889076939410E+000 -0.583481073706260E+001 -0.868270971048423E+001
 -0.867152667828737E+001  0.778254192766093E+002  0.285447659609597E+000  0.849298989247904E+000  0.714552340390403E+000 -0.583481073706260E+001 -0.867152667828737E+001
 -0.863984269229922E+001  0.623510467561028E+002  0.289315990567952E+000  0.699127919024500E+000  0.710684009432048E+000 -0.583481073706260E+001 -0.863984269229921E+001
 -0.862345622541157E+001  0.660997754090555E+002  0.439098399418657E+000  0.693730250505846E+000  0.560901600581343E+000 -0.583481073706260E+001 -0.862345622541157E+001
 -0.861855566911267E+001  0.686019359397339E+002  0.240010074547234E+000  0.612543263688332E+000  0.759989925452766E+000 -0.583481073706260E+001 -0.861855566911267E+001
 -0.859784203111919E+001  0.612859050440120E+002  0.435286324484613E+000  0.102058366337023E+001  0.564713675515387E+000 -0.583481073706260E+001 -0.859784203111919E+001
 -0.859479279586053E+001  0.615769410008629E+002  0.498562931035391E+000  0.826943969309693E+000  0.501437068964609E+000 -0.583481073706260E+001 -0.859479279586053E+001
 -0.853591490263494E+001  0.573321442060520E+002  0.375214186623107E+000  0.779300848876598E+000  0.624785813376893E+000 -0.583481073706260E+001 -0.853591490263493E+001
 -0.850109442454981E+001  0.746482761790776E+002  0.324234134455968E+000  0.892752351644880E+000  0.675765865544032E+000 -0.583481073706260E+001 -0.850109442454981E+001
 -0.848415594517939E+001  0.583092690525066E+002  0.519895411337722E+000  0.883190953153547E+000  0.480104588662278E+000 -0.583481073706260E+001 -0.848415594517939E+001
 -0.847893139307151E+001  0.569122293176309E+002  0.401279100666966E+000  0.884986486894228E+000  0.598720899333034E+000 -0.583481073706260E+001 -0.847893139307151E+001
 -0.847846710764232E+001  0.544361439749155E+002  0.509626306375106E+000  0.810359323018273E+000  0.490373693624894E+000 -0.583481073706260E+001 -0.847846710764232E+001
 -0.847175038745016E+001  0.675828701930363E+002  0.387996608663733E+000  0.998162208698389E+000  0.612003391336267E+000 -0.583481073706260E+001 -0.847175038745016E+001
 -0.846671316198832E+001  0.793560510182907E+002  0.242547020303285E+000  0.681135974246955E+000  0.757452979696715E+000 -0.583481073706260E+001 -0.846671316198831E+001
 -0.844438426467358E+001  0.704390741125881E+002  0.378858541139556E+000  0.896120034336846E+000  0.621141458860444E+000 -0.583481073706260E+001 -0.844438426467358E+001
 -0.844404687527863E+001  0.616109718640175E+002  0.467706038629257E+000  0.956493379356812E+000  0.532293961370743E+000 -0.583481073706260E+001 -0.844404687527863E+001
 -0.843220556397702E+001  0.557968998156315E+002  0.480505502355587E+000  0.908974044294801E+000  0.519494497644413E+000 -0.583481073706260E+001 -0.843220556397702E+001
 -0.841187979578844E+001  0.619455974134921E+002  0.318583971625324E+000  0.588988250587046E+000  0.681416028374676E+000 -0.583481073706260E+001 -0.841187979578844E+001
 -0.839876632549192E+001  0.582271092941375E+002  0.361537152531028E+000  0.713417854308075E+000  0.638462847468972E+000 -0.583481073706260E+001 -0.839876632549192E+001
 -0.839412437129634E+001  0.612381505547529E+002  0.485477073642795E+000  0.909593189947394E+000  0.514522926357205E+000 -0.583481073706260E+001 -0.839412437129634E+001
 -0.838651357473643E+001  0.799982104680086E+002  0.237733109951498E+000  0.760169659482562E+000  0.762266890048502E+000 -0.583481073706260E+001 -0.838651357473643E+001
 -0.835352085538511E+001  0.642434129013822E+002  0.271249035500111E+000  0.880177053906495E+000  0.728750964499889E+000 -0.583481073706260E+001 -0.835352085538511E+001
 -0.831977809680893E+001  0.617526498662226E+002  0.486865132638083E+000  0.869474943790133E+000  0.513134867361917E+000 -0.583481073706260E+001 -0.831977809680893E+001
 -0.830750985676822E+001  0.623117207361043E+002  0.358529884368604E+000  0.102496978882824E+001  0.641470115631396E+000 -0.583481073706260E+001 -0.830750985676822E+001
 -0.830248797092429E+001  0.763582156714481E+002  0.249100579458258E+000  0.978726816451164E+000  0.750899420541742E+000 -0.583481073706260E+001 -0.830248797092429E+001
 -0.826937189464121E+001  0.563482231928738E+002  0.412766046229109E+000  0.728660065846550E+000  0.587233953770891E+000 -0.583481073706260E+001 -0.826937189464121E+001
 -0.826168740033647E+001  0.749554522499049E+002  0.312473450881848E+000  0.910814990760674E+000  0.687526549118152E+000 -0.583481073706260E+001 -0.826168740033647E+001
 -0.825654677474937E+001  0.702111919388884E+002  0.232876441839395E+000  0.936458010635913E+000  0.767123558160605E+000 -0.583481073706260E+001 -0.825654677474937E+001
 -0.825633558963068E+001  0.603816500508204E+002  0.500958900435862E+000  0.862688355962715E+000  0.499041099564138E+000 -0.583481073706260E+001 -0.825633558963068E+001
 -0.821454370822507E+001  0.667480328620341E+002  0.354747085633489E+000  0.477300760362151E+000  0.645252914366511E+000 -0.583481073706260E+001 -0.821454370822507E+001
 -0.819806160891192E+001  0.697178842016839E+002  0.383362068214809E+000  0.646691539824528E+000  0.616637931785191E+000 -0.583481073706260E+001 -0.819806160891192E+001
 -0.819766979194303E+001  0.768769826476425E+002  0.294747605602949E+000  0.728471161497697E+000  0.705252394397051E+000 -0.583481073706260E+001 -0.819766979194303E+001
 -0.819765881327062E+001  0.604060368182272E+002  0.326160013213914E+000  0.872802618303757E+000  0.673839986786086E+000 -0.583481073706260E+001 -0.819765881327062E+001
 -0.819688813308731E+001  0.565668176211231E+002  0.506610814036913E+000  0.891609795266977E+000  0.493389185963087E+000 -0.583481073706260E+001 -0.819688813308731E+001
 -0.818903556256543E+001  0.656062104173136E+002  0.319711860445228E+000  0.103763135655638E+001  0.680288139554772E+000 -0.583481073706260E+001 -0.818903556256543E+001
 -0.818855518008291E+001  0.567842363155997E+002  0.514364235069463E+000  0.879380214605736E+000  0.485635764930537E+000 -0.583481073706260E+001 -0.818855518008291E+001
 -0.817526010036841E+001  0.600081621555577E+002  0.390596339820009E+000  0.990086666307292E+000  0.609403660179991E+000 -0.583481073706260E+001 -0.817526010036841E+001
 -0.815316617298003E+001  0.587399818523330E+002  0.407793417045261E+000  0.965064999605656E+000  0.592206582954739E+000 -0.583481073706260E+001 -0.815316617298002E+001
 -0.814201749839339E+001  0.622269606969531E+002  0.472582453207167E+000  0.897300323030191E+000  0.527417546792833E+000 -0.583481073706260E+001 -0.814201749839339E+001
 -0.812877335337840E+001  0.636925559826210E+002  0.276459656482611E+000  0.840773202420882E+000  0.723540343517389E+000 -0.583481073706260E+001 -0.812877335337840E+001
 -0.812574064127958E+001  0.627243878530051E+002  0.368357606279091E+000  0.102499491338106E+001  0.631642393720909E+000 -0.583481073706260E+001 -0.812574064127958E+001
 -0.810584625207022E+001  0.681786526612973E+002  0.245391923302069E+000  0.922003612918525E+000  0.754608076697931E+000 -0.583481073706260E+001 -0.810584625207022E+001
 -0.809187041601389E+001  0.595443331164642E+002  0.378472476009912E+000  0.959274373061117E+000  0.621527523990088E+000 -0.583481073706260E+001 -0.809187041601389E+001
 -0.807164310900970E+001  0.791799011082135E+002  0.211531057489221E+000  0.779245768870770E+000  0.788468942510779E+000 -0.583481073706260E+001 -0.807164310900970E+001
 -0.805587361679074E+001  0.582264651434179E+002  0.421846822857714E+000  0.950832226274563E+000  0.578153177142286E+000 -0.583481073706260E+001 -0.805587361679074E+001
 -0.803988144310434E+001  0.566993471635464E+002  0.431826736377882E+000  0.889235496804836E+000  0.568173263622118E+000 -0.583481073706260E+001 -0.803988144310434E+001
 -0.803822794898340E+001  0.643597979298335E+002  0.455773468356360E+000  0.839156576184502E+000  0.544226531643640E+000 -0.583481073706260E+001 -0.803822794898340E+001
 -0.801789027794655E+001  0.702802462783657E+002  0.294425260545468E+000  0.103349445997433E+001  0.705574739454532E+000 -0.583481073706260E+001 -0.801789027794654E+001
 -0.801687497055072E+001  0.794046848617516E+002  0.218811907647796E+000  0.807151015057568E+000  0.781188092352204E+000 -0.583481073706260E+001 -0.801687497055071E+001
 -0.801499664424257E+001  0.608348405327342E+002  0.466333578104532E+000  0.590674880162358E+000  0.533666421895468E+000 -0.583481073706260E+001 -0.801499664424257E+001
 -0.800603077173862E+001  0.698265132904183E+002  0.223798884663725E+000  0.803446948601251E+000  0.776201115336275E+000 -0.583481073706260E+001 -0.800603077173862E+001
 -0.798601895384818E+001  0.560570434116054E+002  0.517249738039159E+000  0.832226414320355E+000  0.482750261960841E+000 -0.583481073706260E+001 -0.798601895384818E+001
 -0.798555541493940E+001  0.554290201620919E+002  0.510111106764625E+000  0.814016810301444E+000  0.489888893235375E+000 -0.583481073706260E+001 -0.798555541493940E+001
 -0.796980267373186E+001  0.662073763078880E+002  0.283863456901605E+000  0.536578045839136E+000  0.716136543098395E+000 -0.583481073706260E+001 -0.796980267373186E+001
 -0.796572904583247E+001  0.559121480720189E+002  0.445229653561474E+000  0.707703214718946E+000  0.554770346438526E+000 -0.583481073706260E+001 -0.796572904583247E+001
 -0.796127145906741E+001  0.552081260431229E+002  0.505977503857933E+000  0.767966501121343E+000  0.494022496142067E+000 -0.583481073706260E+001 -0.796127145906741E+001
 -0.795401574891984E+001  0.755113167597549E+002  0.295096005238823E+000  0.919817940607179E+000  0.704903994761177E+000 -0.583481073706260E+001 -0.795401574891984E+001
 -0.792003735493937E+001  0.560265350106199E+002  0.436709107455812E+000  0.816349782816318E+000  0.563290892544188E+000 -0.583481073706260E+001 -0.792003735493937E+001
 -0.791244588980333E+001  0.557095084846947E+002  0.516671598220880E+000  0.797647038933716E+000  0.483328401779120E+000 -0.583481073706260E+001 -0.791244588980333E+001
 -0.791017041280787E+001  0.612233124012652E+002  0.488910558851363E+000  0.700817413210905E+000  0.511089441148637E+000 -0.583481073706260E+001 -0.791017041280787E+001
 -0.790249985668994E+001  0.556453289649012E+002  0.506150408662299E+000  0.717012462077046E+000  0.493849591337701E+000 -0.583481073706260E+001 -0.790249985668994E+001
 -0.787422784162915E+001  0.570088931894874E+002  0.426799930370817E+000  0.886356802385360E+000  0.573200069629183E+000 -0.583481073706260E+001 -0.787422784162915E+001
 -0.786382811486508E+001  0.645059337582288E+002  0.274682448023339E+000  0.874419727496283E+000  0.725317551976661E+000 -0.583481073706260E+001 -0.786382811486508E+001
 -0.785774286838383E+001  0.682178502616719E+002  0.260669110031138E+000  0.964854805376495E+000  0.739330889968862E+000 -0.583481073706260E+001 -0.785774286838383E+001
 -0.782788211001928E+001  0.742845525749697E+002  0.262922507142553E+000  0.528600730643966E+000  0.737077492857447E+000 -0.583481073706260E+001 -0.782788211001928E+001
 -0.781117102758270E+001  0.562201890980072E+002  0.431660948259847E+000  0.728981657520626E+000  0.568339051740153E+000 -0.583481073706260E+001 -0.781117102758271E+001
 -0.779090056417713E+001  0.634793498493461E+002  0.282810462504837E+000  0.702054959033801E+000  0.717189537495163E+000 -0.583481073706260E+001 -0.779090056417713E+001
 -0.778433567232793E+001  0.790508188600499E+002  0.239941967803209E+000  0.712847561715467E+000  0.760058032196791E+000 -0.583481073706260E+001 -0.778433567232793E+001
 -0.774861950174366E+001  0.651191225608655E+002  0.285372749573393E+000  0.574908563391652E+000  0.714627250426607E+000 -0.583481073706260E+001 -0.774861950174366E+001
 -0.773484662877006E+001  0.727756626493649E+002  0.346205510787833E+000  0.705608127048856E+000  0.653794489212167E+000 -0.583481073706260E+001 -0.773484662877006E+001
 -0.771596251416244E+001  0.762862611157410E+002  0.213635876249413E+000  0.661745472831807E+000  0.786364123750587E+000 -0.583481073706260E+001 -0.771596251416245E+001
 -0.766481159228871E+001  0.603907889867455E+002  0.486157494651222E+000  0.866261410311109E+000  0.513842505348778E+000 -0.583481073706260E+001 -0.766481159228871E+001
 -0.762935370074918E+001  0.643147402341357E+002  0.427614613577909E+000  0.934037518409648E+000  0.572385386422091E+000 -0.583481073706260E+001 -0.762935370074918E+001
 -0.762515592908247E+001  0.582772357663392E+002  0.416905128555292E+000  0.918118503139463E+000  0.583094871444708E+000 -0.583481073706260E+001 -0.762515592908247E+001
 -0.760973210875567E+001  0.718035691675050E+002  0.308143550995819E+000  0.989549558840819E+000  0.691856449004181E+000 -0.583481073706260E+001 -0.760973210875567E+001
 -0.756822690238521E+001  0.613679168683688E+002  0.311861725876493E+000  0.753588753570519E+000  0.688138274123507E+000 -0.583481073706260E+001 -0.756822690238521E+001
 -0.756512347772777E+001  0.640065002050212E+002  0.278848054525386E+000  0.823549393318318E+000  0.721151945474614E+000 -0.583481073706260E+001 -0.756512347772776E+001
 -0.755733870573692E+001  0.668362121785567E+002  0.250287666250804E+000  0.817907041753632E+000  0.749712333749196E+000 -0.583481073706260E+001 -0.755733870573692E+001
 -0.755410761831706E+001  0.697545322890993E+002  0.321348788254341E+000  0.100450741605978E+001  0.678651211745659E+000 -0.583481073706260E+001 -0.755410761831706E+001
 -0.754534089993032E+001  0.572838842157773E+002  0.445699769078620E+000  0.887403980976847E+000  0.554300230921380E+000 -0.583481073706260E+001 -0.754534089993032E+001
 -0.753358997079252E+001  0.714642622615561E+002  0.272815926885854E+000  0.994762133063751E+000  0.727184073114146E+000 -0.583481073706260E+001 -0.753358997079252E+001
 -0.752211460826011E+001  0.571069551044741E+002  0.454152098038095E+000  0.879809281396850E+000  0.545847901961905E+000 -0.583481073706260E+001 -0.752211460826011E+001
 -0.751740216086258E+001  0.584682467412649E+002  0.441424212813466E+000  0.923146001739304E+000  0.558575787186534E+000 -0.583481073706260E+001 -0.751740216086258E+001
 -0.751685446340750E+001  0.683234638668098E+002  0.374410214060127E+000  0.948719669484374E+000  0.625589785939873E+000 -0.583481073706260E+001 -0.751685446340750E+001
 -0.751077243868369E+001  0.735136921542796E+002  0.212144015032696E+000  0.780253938864086E+000  0.787855984967304E+000 -0.583481073706260E+001 -0.751077243868369E+001
 -0.751057857799142E+001  0.614332551663405E+002  0.472030536427797E+000  0.871410320495959E+000  0.527969463572203E+000 -0.583481073706260E+001 -0.751057857799142E+001
 -0.750511761280817E+001  0.559765269644644E+002  0.460472574889675E+000  0.785779283722600E+000  0.539527425110325E+000 -0.583481073706260E+001 -0.750511761280817E+001
 -0.748481752330951E+001  0.777934548551212E+002  0.215910251224500E+000  0.706870573250909E+000  0.784089748775500E+000 -0.583481073706260E+001 -0.748481752330951E+001
 -0.747677876482070E+001  0.742499508813488E+002  0.307513497050731E+000  0.604572159049172E+000  0.692486502949269E+000 -0.583481073706260E+001 -0.747677876482070E+001
 -0.747341413041275E+001  0.717307819426263E+002  0.237391828839624E+000  0.927454568099175E+000  0.762608171160376E+000 -0.583481073706260E+001 -0.747341413041275E+001
 -0.746909791511099E+001  0.704399092556424E+002  0.296284120380327E+000  0.100305980888707E+001  0.703715879619673E+000 -0.583481073706260E+001 -0.746909791511099E+001
 -0.743906980467491E+001  0.704638041138511E+002  0.259771903591234E+000  0.970041520609934E+000  0.740228096408766E+000 -0.583481073706260E+001 -0.743906980467491E+001
 -0.742987999335929E+001  0.569632711006063E+002  0.423832663323833E+000  0.825637131549892E+000  0.576167336676167E+000 -0.583481073706260E+001 -0.742987999335929E+001
 -0.742459034103037E+001  0.690530881608802E+002  0.323612719242760E+000  0.485915121043674E+000  0.676387280757240E+000 -0.583481073706260E+001 -0.742459034103037E+001
 -0.741765040435426E+001  0.732084632054423E+002  0.295289933734567E+000  0.534345211822429E+000  0.704710066265433E+000 -0.583481073706260E+001 -0.741765040435426E+001
 -0.738578383587935E+001  0.564413147434846E+002  0.456117208783081E+000  0.692283372112547E+000  0.543882791216919E+000 -0.583481073706260E+001 -0.738578383587935E+001
 -0.737465786422375E+001  0.606182973126334E+002  0.404644007768430E+000  0.957394633562382E+000  0.595355992231570E+000 -0.583481073706260E+001 -0.737465786422375E+001
 -0.737420119238965E+001  0.745457000289084E+002  0.306524550180682E+000  0.623679318989646E+000  0.693475449819318E+000 -0.583481073706260E+001 -0.737420119238965E+001
 -0.736923312524323E+001  0.741111794481529E+002  0.261125800639172E+000  0.959766422205291E+000  0.738874199360828E+000 -0.583481073706260E+001 -0.736923312524323E+001
 -0.734361066253672E+001  0.582759060635465E+002  0.475572345114856E+000  0.881582973533534E+000  0.524427654885144E+000 -0.583481073706260E+001 -0.734361066253672E+001
 -0.733534887665622E+001  0.783445709780471E+002  0.252499387505818E+000  0.781622319954324E+000  0.747500612494182E+000 -0.583481073706260E+001 -0.733534887665622E+001
 -0.732816406907922E+001  0.748664304625115E+002  0.307750785744342E+000  0.851554619481092E+000  0.692249214255658E+000 -0.583481073706260E+001 -0.732816406907922E+001
 -0.731483222469465E+001  0.563601696060219E+002  0.492732222484939E+000  0.783419540933324E+000  0.507267777515061E+000 -0.583481073706260E+001 -0.731483222469465E+001
 -0.730846108891870E+001  0.740546756126432E+002  0.267409813203628E+000  0.535776557294475E+000  0.732590186796372E+000 -0.583481073706260E+001 -0.730846108891870E+001
 -0.730410636007967E+001  0.708230999693334E+002  0.266389951427257E+000  0.974771478310930E+000  0.733610048572743E+000 -0.583481073706260E+001 -0.730410636007967E+001
 -0.727617023069943E+001  0.741497148767636E+002  0.314169354555188E+000  0.637217445150154E+000  0.685830645444812E+000 -0.583481073706260E+001 -0.727617023069943E+001
 -0.726641745945467E+001  0.682622331742895E+002  0.302165072672131E+000  0.995522683967611E+000  0.697834927327869E+000 -0.583481073706260E+001 -0.726641745945467E+001
 -0.718371513314876E+001  0.603315820150839E+002  0.335530299965687E+000  0.773996112546858E+000  0.664469700034313E+000 -0.583481073706260E+001 -0.718371513314876E+001
 -0.715316124321960E+001  0.751484702015170E+002  0.216878715044622E+000  0.676513684621090E+000  0.783121284955378E+000 -0.583481073706260E+001 -0.715316124321960E+001
 -0.714634296907145E+001  0.759287133302189E+002  0.213828054021178E+000  0.717868381212521E+000  0.786171945978822E+000 -0.583481073706260E+001 -0.714634296907145E+001
 -0.710122528308915E+001  0.742798042466251E+002  0.261532110863430E+000  0.545874252015899E+000  0.738467889136570E+000 -0.583481073706260E+001 -0.710122528308915E+001
 -0.708355216825617E+001  0.678162856859883E+002  0.396177365666454E+000  0.857604441689166E+000  0.603822634333546E+000 -0.583481073706260E+001 -0.708355216825617E+001
 -0.708015413595346E+001  0.781334360615400E+002  0.240935185071441E+000  0.702619338478229E+000  0.759064814928559E+000 -0.583481073706260E+001 -0.708015413595346E+001
 -0.707781146701517E+001  0.629091372419721E+002  0.297115635968657E+000  0.792469198099410E+000  0.702884364031343E+000 -0.583481073706260E+001 -0.707781146701517E+001
 -0.706866215975836E+001  0.601285505934593E+002  0.423500064752913E+000  0.560357485756166E+000  0.576499935247087E+000 -0.583481073706260E+001 -0.706866215975836E+001
 -0.706701487934014E+001  0.663336620851307E+002  0.299308371291743E+000  0.962405589271673E+000  0.700691628708257E+000 -0.583481073706260E+001 -0.706701487934014E+001
 -0.701201064126948E+001  0.569576080187766E+002  0.474981931889939E+000  0.692191075995052E+000  0.525018068110061E+000 -0.583481073706260E+001 -0.701201064126948E+001
 -0.700490435814548E+001  0.768583217439115E+002  0.222333373265015E+000  0.678274005031526E+000  0.777666626734985E+000 -0.583481073706260E+001 -0.700490435814548E+001
 -0.698946825314520E+001  0.640045160664652E+002  0.287973370275911E+000  0.831114729020487E+000  0.712026629724089E+000 -0.583481073706260E+001 -0.698946825314520E+001
 -0.697449964214438E+001  0.774355157440109E+002  0.220702274771179E+000  0.744661139097170E+000  0.779297725228821E+000 -0.583481073706260E+001 -0.697449964214438E+001
 -0.696781046615850E+001  0.569376247183092E+002  0.479164820787993E+000  0.707687213525269E+000  0.520835179212007E+000 -0.583481073706260E+001 -0.696781046615850E+001
 -0.695945930906702E+001  0.596604955942850E+002  0.473898874486721E+000  0.641304112236618E+000  0.526101125513279E+000 -0.583481073706260E+001 -0.695945930906702E+001
 -0.695180003254556E+001  0.723387034660699E+002  0.330573771111906E+000  0.606723064997602E+000  0.669426228888094E+000 -0.583481073706260E+001 -0.695180003254556E+001
 -0.694797065837087E+001  0.597744517338072E+002  0.355116824047389E+000  0.682584997794089E+000  0.644883175952611E+000 -0.583481073706260E+001 -0.694797065837087E+001
 -0.694058025405270E+001  0.759320104953854E+002  0.269274448661997E+000  0.606508489714833E+000  0.730725551338003E+000 -0.583481073706260E+001 -0.694058025405270E+001
 -0.693920739819810E+001  0.600084537812806E+002  0.479405537112703E+000  0.670982584931832E+000  0.520594462887297E+000 -0.583481073706260E+001 -0.693920739819809E+001
 -0.689885601528407E+001  0.594048873954427E+002  0.439475995084839E+000  0.896871970274336E+000  0.560524004915161E+000 -0.583481073706260E+001 -0.689885601528407E+001
 -0.689731348596828E+001  0.774830163017959E+002  0.222970006155366E+000  0.752310957046506E+000  0.777029993844634E+000 -0.583481073706260E+001 -0.689731348596828E+001
 -0.688198500987294E+001  0.722056663194058E+002  0.346238402569344E+000  0.742862810928789E+000  0.653761597430657E+000 -0.583481073706260E+001 -0.688198500987294E+001
 -0.684724884314182E+001  0.578994211456875E+002  0.464730722928940E+000  0.648988622012251E+000  0.535269277071060E+000 -0.583481073706260E+001 -0.684724884314182E+001
 -0.683762240089966E+001  0.726673665167740E+002  0.258652355863829E+000  0.536805448053355E+000  0.741347644136171E+000 -0.583481073706260E+001 -0.683762240089966E+001
 -0.683505000161390E+001  0.637664968024057E+002  0.393542885617345E+000  0.948912743232380E+000  0.606457114382655E+000 -0.583481073706260E+001 -0.683505000161390E+001
 -0.683139208825613E+001  0.773699751405829E+002  0.224481813979734E+000  0.771101267230507E+000  0.775518186020266E+000 -0.583481073706260E+001 -0.683139208825613E+001
 -0.681166759862270E+001  0.738392806028569E+002  0.284984600228597E+000  0.921546032960372E+000  0.715015399771403E+000 -0.583481073706260E+001 -0.681166759862270E+001
 -0.680579475122132E+001  0.693025538175140E+002  0.274531295339661E+000  0.947609044351520E+000  0.725468704660339E+000 -0.583481073706260E+001 -0.680579475122132E+001
 -0.676790396774946E+001  0.766971054689831E+002  0.225726459599793E+000  0.677288522993431E+000  0.774273540400207E+000 -0.583481073706260E+001 -0.676790396774946E+001
 -0.676031519165163E+001  0.639855239496320E+002  0.320614129571408E+000  0.927114578241973E+000  0.679385870428592E+000 -0.583481073706260E+001 -0.676031519165163E+001
 -0.674771717577931E+001  0.644796948382756E+002  0.421558198720498E+000  0.881274921665071E+000  0.578441801279502E+000 -0.583481073706260E+001 -0.674771717577931E+001
 -0.672225944303195E+001  0.766438806942098E+002  0.268373375033051E+000  0.663323089272283E+000  0.731626624966949E+000 -0.583481073706260E+001 -0.672225944303195E+001
 -0.671743238521744E+001  0.619639050078934E+002  0.394396436254055E+000  0.532841459053477E+000  0.605603563745945E+000 -0.583481073706260E+001 -0.671743238521744E+001
 -0.671612230626183E+001  0.594072929180244E+002  0.363055902754628E+000  0.737255948674546E+000  0.636944097245372E+000 -0.583481073706260E+001 -0.671612230626183E+001
 -0.670958391200673E+001  0.750641018374870E+002  0.259599816936454E+000  0.575263976236075E+000  0.740400183063546E+000 -0.583481073706260E+001 -0.670958391200673E+001
 -0.669577145792535E+001  0.683700397046358E+002  0.315142778422870E+000  0.968046741370941E+000  0.684857221577130E+000 -0.583481073706260E+001 -0.669577145792535E+001
 -0.669401097944930E+001  0.578907448471439E+002  0.409306458577513E+000  0.710202507144937E+000  0.590693541422487E+000 -0.583481073706260E+001 -0.669401097944930E+001
 -0.668968083213398E+001  0.626489569885382E+002  0.387617166507452E+000  0.941556939904918E+000  0.612382833492548E+000 -0.583481073706260E+001 -0.668968083213398E+001
 -0.668149765693276E+001  0.740638715767791E+002  0.303609708354526E+000  0.613144421294009E+000  0.696390291645474E+000 -0.583481073706260E+001 -0.668149765693276E+001
 -0.666056622600053E+001  0.578597990262096E+002  0.428688539693402E+000  0.817672772118983E+000  0.571311460306598E+000 -0.583481073706260E+001 -0.666056622600052E+001
 -0.665973960637713E+001  0.676506733261193E+002  0.371624829601111E+000  0.918217694249507E+000  0.628375170398889E+000 -0.583481073706260E+001 -0.665973960637713E+001
 -0.659717515425994E+001  0.663271456057640E+002  0.325996144858376E+000  0.959860604726912E+000  0.674003855141624E+000 -0.583481073706260E+001 -0.659717515425994E+001
 -0.658240162304138E+001  0.678337805492520E+002  0.395029506812752E+000  0.806285600029328E+000  0.604970493187247E+000 -0.583481073706260E+001 -0.658240162304138E+001
 -0.656858750794619E+001  0.660424230944767E+002  0.408584023696495E+000  0.851904607056048E+000  0.591415976303505E+000 -0.583481073706260E+001 -0.656858750794619E+001
 -0.655966424797240E+001  0.697877611542996E+002  0.372066341777235E+000  0.788302081313909E+000  0.627933658222765E+000 -0.583481073706260E+001 -0.655966424797240E+001
 -0.655645133641611E+001  0.672010850201696E+002  0.392319759984388E+000  0.863973941723059E+000  0.607680240015612E+000 -0.583481073706260E+001 -0.655645133641611E+001
 -0.654415849597387E+001  0.624282842082077E+002  0.440599350018203E+000  0.862977043198432E+000  0.559400649981797E+000 -0.583481073706260E+001 -0.654415849597387E+001
 -0.654171463316289E+001  0.719347720509097E+002  0.303676423812051E+000  0.928056980755986E+000  0.696323576187949E+000 -0.583481073706260E+001 -0.654171463316289E+001
 -0.653264863788038E+001  0.689640330129256E+002  0.253585962343427E+000  0.862713080178190E+000  0.746414037656573E+000 -0.583481073706260E+001 -0.653264863788038E+001
 -0.652663572340466E+001  0.755977125497984E+002  0.225563447068230E+000  0.805231729738568E+000  0.774436552931770E+000 -0.583481073706260E+001 -0.652663572340466E+001
 -0.652654948569197E+001  0.664520702006546E+002  0.305328723287244E+000  0.516773813086230E+000  0.694671276712756E+000 -0.583481073706260E+001 -0.652654948569197E+001
 -0.651159980339353E+001  0.647670064787730E+002  0.289309529959980E+000  0.625344175229327E+000  0.710690470040020E+000 -0.583481073706260E+001 -0.651159980339353E+001
 -0.649349432009844E+001  0.675441662389335E+002  0.278882481776639E+000  0.910422965458250E+000  0.721117518223361E+000 -0.583481073706260E+001 -0.649349432009844E+001
 -0.647879446661443E+001  0.756166334714725E+002  0.262752689018085E+000  0.604184622894240E+000  0.737247310981915E+000 -0.583481073706260E+001 -0.647879446661443E+001
 -0.647604648220794E+001  0.642845922198300E+002  0.438186965144838E+000  0.722427897335095E+000  0.561813034855162E+000 -0.583481073706260E+001 -0.647604648220794E+001
 -0.645757712963380E+001  0.665366927902460E+002  0.402007843758853E+000  0.846217754947138E+000  0.597992156241147E+000 -0.583481073706260E+001 -0.645757712963380E+001
 -0.645419675072997E+001  0.753323318378851E+002  0.270474590704924E+000  0.865262519307002E+000  0.729525409295076E+000 -0.583481073706260E+001 -0.645419675072997E+001
 -0.644415567057222E+001  0.676998292787976E+002  0.306367328537012E+000  0.949560701595979E+000  0.693632671462988E+000 -0.583481073706260E+001 -0.644415567057223E+001
 -0.641263501537772E+001  0.704481638312555E+002  0.335947094245242E+000  0.555195343032006E+000  0.664052905754758E+000 -0.583481073706260E+001 -0.641263501537772E+001
 -0.641203587913401E+001  0.665788937073168E+002  0.410219973637854E+000  0.773884792655092E+000  0.589780026362146E+000 -0.583481073706260E+001 -0.641203587913401E+001
 -0.639104294825281E+001  0.623107008175044E+002  0.327100731121674E+000  0.618209995119529E+000  0.672899268878326E+000 -0.583481073706260E+001 -0.639104294825281E+001
 -0.637974232082329E+001  0.679682109462517E+002  0.394239244141911E+000  0.730604730817909E+000  0.605760755858089E+000 -0.583481073706260E+001 -0.637974232082329E+001
 -0.637789340474239E+001  0.586319834948975E+002  0.456190329024524E+000  0.819975211268150E+000  0.543809670975476E+000 -0.583481073706260E+001 -0.637789340474239E+001
 -0.637748508653049E+001  0.620978409808210E+002  0.320758037905056E+000  0.675462309119885E+000  0.679241962094944E+000 -0.583481073706260E+001 -0.637748508653049E+001
 -0.636912337447644E+001  0.676398973070394E+002  0.375920059550611E+000  0.887983693746868E+000  0.624079940449389E+000 -0.583481073706260E+001 -0.636912337447644E+001
 -0.636084329726558E+001  0.620824881237099E+002  0.380872990468547E+000  0.915197269144122E+000  0.619127009531453E+000 -0.583481073706260E+001 -0.636084329726558E+001
 -0.635355317671261E+001  0.768934922450551E+002  0.236747494113217E+000  0.690416628362223E+000  0.763252505886783E+000 -0.583481073706260E+001 -0.635355317671261E+001
 -0.634702619059630E+001  0.631512198459096E+002  0.401406546604856E+000  0.541529754093484E+000  0.598593453395144E+000 -0.583481073706260E+001 -0.634702619059630E+001
 -0.632634466256487E+001  0.596030048842969E+002  0.472741340476947E+000  0.698929814989906E+000  0.527258659523053E+000 -0.583481073706260E+001 -0.632634466256487E+001
 -0.631737768020076E+001  0.610442000687981E+002  0.450960674173982E+000  0.838006148856811E+000  0.549039325826018E+000 -0.583481073706260E+001 -0.631737768020076E+001
 -0.631500507922269E+001  0.580228621093557E+002  0.433640571273345E+000  0.680193564839128E+000  0.566359428726655E+000 -0.583481073706260E+001 -0.631500507922269E+001
 -0.630882613788674E+001  0.641567597469915E+002  0.321558804543102E+000  0.904182580394162E+000  0.678441195456898E+000 -0.583481073706260E+001 -0.630882613788674E+001
 -0.630679613144013E+001  0.578663026319124E+002  0.452464323561356E+000  0.772934113694536E+000  0.547535676438644E+000 -0.583481073706260E+001 -0.630679613144013E+001
 -0.628457870580207E+001  0.700120025601440E+002  0.366401163179062E+000  0.773035849214931E+000  0.633598836820938E+000 -0.583481073706260E+001 -0.628457870580207E+001
 -0.627765897976619E+001  0.731261192890028E+002  0.236958338964581E+000  0.615056413826337E+000  0.763041661035419E+000 -0.583481073706260E+001 -0.627765897976619E+001
 -0.627430178139950E+001  0.640625225178922E+002  0.354948155594600E+000  0.515943756358407E+000  0.645051844405400E+000 -0.583481073706260E+001 -0.627430178139950E+001
 -0.626749839029536E+001  0.688472899889532E+002  0.312376534246328E+000  0.500931987044698E+000  0.687623465753672E+000 -0.583481073706260E+001 -0.626749839029536E+001
 -0.626324842481370E+001  0.584836984865604E+002  0.445939791611734E+000  0.811563217866244E+000  0.554060208388266E+000 -0.583481073706260E+001 -0.626324842481370E+001
 -0.626113954768604E+001  0.741772415955173E+002  0.287932534043641E+000  0.590389342981188E+000  0.712067465956359E+000 -0.583481073706260E+001 -0.626113954768605E+001
 -0.625877631249425E+001  0.645306768458295E+002  0.377330025008219E+000  0.926177508028995E+000  0.622669974991781E+000 -0.583481073706260E+001 -0.625877631249425E+001
 -0.624495579433497E+001  0.627592867620652E+002  0.339377683539456E+000  0.565716180594130E+000  0.660622316460544E+000 -0.583481073706260E+001 -0.624495579433497E+001
 -0.623499658707261E+001  0.706122641524447E+002  0.348260381931085E+000  0.844834760676691E+000  0.651739618068915E+000 -0.583481073706260E+001 -0.623499658707262E+001
 -0.620128109498059E+001  0.696453181376036E+002  0.245499925534680E+000  0.656767491623772E+000  0.754500074465320E+000 -0.583481073706260E+001 -0.620128109498059E+001
 -0.618243346279214E+001  0.751041515998532E+002  0.255058870427336E+000  0.597945139713866E+000  0.744941129572664E+000 -0.583481073706260E+001 -0.618243346279214E+001
 -0.617112682773201E+001  0.594662607393368E+002  0.439959076628480E+000  0.619311425925077E+000  0.560040923371520E+000 -0.583481073706260E+001 -0.617112682773201E+001
 -0.616060484751285E+001  0.679705696220198E+002  0.288094933263057E+000  0.529314482007517E+000  0.711905066736943E+000 -0.583481073706260E+001 -0.616060484751285E+001
 -0.613158084326869E+001  0.636343958376664E+002  0.412657869204859E+000  0.877386352198095E+000  0.587342130795141E+000 -0.583481073706260E+001 -0.613158084326869E+001
 -0.612309063854089E+001  0.632397669129606E+002  0.406527253739716E+000  0.891437017687691E+000  0.593472746260284E+000 -0.583481073706260E+001 -0.612309063854089E+001
 -0.610959563751701E+001  0.650197921120582E+002  0.363579912908196E+000  0.925522855324281E+000  0.636420087091804E+000 -0.583481073706260E+001 -0.610959563751701E+001
 -0.610692587846750E+001  0.677478946765100E+002  0.373955022642035E+000  0.870932379808369E+000  0.626044977357965E+000 -0.583481073706260E+001 -0.610692587846749E+001
 -0.608531347652800E+001  0.584351083049521E+002  0.416111195328843E+000  0.761311500617968E+000  0.583888804671157E+000 -0.583481073706260E+001 -0.608531347652800E+001
 -0.607236930970167E+001  0.696876723154297E+002  0.328418331072160E+000  0.913133821497015E+000  0.671581668927840E+000 -0.583481073706260E+001 -0.607236930970167E+001
 -0.606421368916636E+001  0.659901103877283E+002  0.284699456031499E+000  0.849475634138576E+000  0.715300543968501E+000 -0.583481073706260E+001 -0.606421368916636E+001
 -0.606369588532345E+001  0.592035156037713E+002  0.413338483190795E+000  0.822242191822653E+000  0.586661516809205E+000 -0.583481073706260E+001 -0.606369588532345E+001
 -0.604520890171689E+001  0.661980072317038E+002  0.334013622418944E+000  0.929904896498324E+000  0.665986377581056E+000 -0.583481073706260E+001 -0.604520890171688E+001
 -0.603681348301561E+001  0.747549264913884E+002  0.247793442203164E+000  0.604070963224123E+000  0.752206557796836E+000 -0.583481073706260E+001 -0.603681348301561E+001
 -0.602587880317030E+001  0.678504852400869E+002  0.366825567101138E+000  0.562922435996946E+000  0.633174432898862E+000 -0.583481073706260E+001 -0.602587880317030E+001
 -0.601496111909509E+001  0.596353769869764E+002  0.402605432638096E+000  0.830564685146873E+000  0.597394567361904E+000 -0.583481073706260E+001 -0.601496111909509E+001
 -0.599459111161839E+001  0.747961577330736E+002  0.293008763003048E+000  0.671165963057718E+000  0.706991236996952E+000 -0.583481073706260E+001 -0.599459111161839E+001
 -0.598018366624323E+001  0.623633141276757E+002  0.349447726488527E+000  0.571419925052892E+000  0.650552273511473E+000 -0.583481073706260E+001 -0.598018366624323E+001
 -0.597800863168721E+001  0.686229871753726E+002  0.361719083183196E+000  0.866990841069979E+000  0.638280916816804E+000 -0.583481073706260E+001 -0.597800863168721E+001
 -0.597448045799517E+001  0.671134044321660E+002  0.294643121749013E+000  0.901627312411340E+000  0.705356878250987E+000 -0.583481073706260E+001 -0.597448045799517E+001
 -0.597279944309007E+001  0.602869583318031E+002  0.436377448497864E+000  0.836922224556934E+000  0.563622551502136E+000 -0.583481073706260E+001 -0.597279944309007E+001
 -0.596731019479386E+001  0.623634090419785E+002  0.443569326566284E+000  0.657033747280541E+000  0.556430673433716E+000 -0.583481073706260E+001 -0.596731019479386E+001
 -0.596719448877033E+001  0.652683914141027E+002  0.311349664422567E+000  0.892527212869257E+000  0.688650335577433E+000 -0.583481073706260E+001 -0.596719448877033E+001
 -0.595728459780892E+001  0.599368584650602E+002  0.370062531061002E+000  0.690672293725675E+000  0.629937468938998E+000 -0.583481073706260E+001 -0.595728459780892E+001
 -0.595710984191745E+001  0.658681534560035E+002  0.341037157051947E+000  0.923924873004837E+000  0.658962842948053E+000 -0.583481073706260E+001 -0.595710984191745E+001
 -0.594138535635937E+001  0.749387513188466E+002  0.239743478373371E+000  0.814324164922464E+000  0.760256521626629E+000 -0.583481073706260E+001 -0.594138535635937E+001
 -0.591622185923393E+001  0.698968597771705E+002  0.341822285154705E+000  0.873259115906131E+000  0.658177714845295E+000 -0.583481073706260E+001 -0.591622185923393E+001
 -0.591227610455634E+001  0.668208149847129E+002  0.380624930925531E+000  0.867192082531158E+000  0.619375069074469E+000 -0.583481073706260E+001 -0.591227610455634E+001
 -0.590115335501167E+001  0.628505865589535E+002  0.435558734286621E+000  0.807040057009198E+000  0.564441265713379E+000 -0.583481073706260E+001 -0.590115335501167E+001
 -0.589730006113267E+001  0.593499426063390E+002  0.400869568248217E+000  0.797943504437979E+000  0.599130431751783E+000 -0.583481073706260E+001 -0.589730006113267E+001
 -0.588349575848096E+001  0.666405976735386E+002  0.401609649077663E+000  0.770962429990166E+000  0.598390350922337E+000 -0.583481073706260E+001 -0.588349575848096E+001
 -0.587831966211328E+001  0.667929391708529E+002  0.338178437155585E+000  0.508418290248787E+000  0.661821562844415E+000 -0.583481073706260E+001 -0.587831966211328E+001
 -0.587566387772592E+001  0.763706007200284E+002  0.249361388567056E+000  0.694225805742500E+000  0.750638611432944E+000 -0.583481073706260E+001 -0.587566387772592E+001
 -0.587447195381786E+001  0.593741050595896E+002  0.387543659450048E+000  0.749830546358010E+000  0.612456340549952E+000 -0.583481073706260E+001 -0.587447195381786E+001
 -0.584502253298638E+001  0.667081498663810E+002  0.389066504147819E+000  0.838556775575180E+000  0.610933495852181E+000 -0.583481073706260E+001 -0.584502253298638E+001
 -0.582497411863036E+001  0.615054942372090E+002  0.340879819308573E+000  0.666139070563689E+000  0.659120180691427E+000 -0.583481073706260E+001 -0.582497411863037E+001
 -0.581294679551046E+001  0.685943623064418E+002  0.313780857565854E+000  0.509556321285778E+000  0.686219142434146E+000 -0.583481073706260E+001 -0.581294679551046E+001
 -0.580720864463517E+001  0.659813103638615E+002  0.385380567525202E+000  0.869483889161458E+000  0.614619432474798E+000 -0.583481073706260E+001 -0.580720864463517E+001
 -0.580632855721259E+001  0.594208098684446E+002  0.427285433251797E+000  0.634801044338351E+000  0.572714566748203E+000 -0.583481073706260E+001 -0.580632855721259E+001
 -0.580075340430947E+001  0.587892072346855E+002  0.437267347507522E+000  0.678030015189778E+000  0.562732652492478E+000 -0.583481073706260E+001 -0.580075340430947E+001
 -0.578762949398695E+001  0.694428635601306E+002  0.368113434271154E+000  0.702725840441011E+000  0.631886565728846E+000 -0.583481073706260E+001 -0.578762949398695E+001
 -0.577971972798985E+001  0.759069355666864E+002  0.241801460006554E+000  0.682533619381947E+000  0.758198539993446E+000 -0.583481073706260E+001 -0.577971972798985E+001
 -0.575224952897783E+001  0.679546762802712E+002  0.312265638609175E+000  0.511092916162769E+000  0.687734361390825E+000 -0.583481073706260E+001 -0.575224952897783E+001
 -0.575014495177217E+001  0.731457525240693E+002  0.264365846941041E+000  0.867461933501567E+000  0.735634153058959E+000 -0.583481073706260E+001 -0.575014495177217E+001
 -0.574904537808703E+001  0.685032720169705E+002  0.367706374336634E+000  0.605247755069281E+000  0.632293625663366E+000 -0.583481073706260E+001 -0.574904537808703E+001
 -0.574584607131533E+001  0.610325656972200E+002  0.438138751998270E+000  0.815738393486126E+000  0.561861248001730E+000 -0.583481073706260E+001 -0.574584607131533E+001
 -0.573151689803993E+001  0.703821879330752E+002  0.251851488006222E+000  0.825147931744247E+000  0.748148511993778E+000 -0.583481073706260E+001 -0.573151689803993E+001
 -0.571215549727141E+001  0.606544840080434E+002  0.366611397667674E+000  0.643479670134383E+000  0.633388602332326E+000 -0.583481073706260E+001 -0.571215549727141E+001
 -0.570873422889866E+001  0.715652277590413E+002  0.327205350106001E+000  0.831812707312698E+000  0.672794649893999E+000 -0.583481073706260E+001 -0.570873422889866E+001
 -0.569064542298153E+001  0.608962507019168E+002  0.450739038653132E+000  0.679390075038517E+000  0.549260961346868E+000 -0.583481073706260E+001 -0.569064542298153E+001
 -0.568752003946883E+001  0.591792579690341E+002  0.448072276844498E+000  0.690568247172029E+000  0.551927723155502E+000 -0.583481073706260E+001 -0.568752003946883E+001
 -0.568746886453836E+001  0.723261613563209E+002  0.236080795746622E+000  0.749841897477049E+000  0.763919204253378E+000 -0.583481073706260E+001 -0.568746886453836E+001
 -0.568228250363215E+001  0.728933143103070E+002  0.315566065418765E+000  0.646213946620246E+000  0.684433934581235E+000 -0.583481073706260E+001 -0.568228250363215E+001
 -0.567696857247840E+001  0.743597484476024E+002  0.233050902388415E+000  0.718218147892074E+000  0.766949097611584E+000 -0.583481073706260E+001 -0.567696857247840E+001
 -0.566417047796977E+001  0.760981505951588E+002  0.249989710276557E+000  0.713222034200158E+000  0.750010289723443E+000 -0.583481073706260E+001 -0.566417047796977E+001
 -0.566394087830404E+001  0.597413257787445E+002  0.432661891013309E+000  0.799952733901095E+000  0.567338108986691E+000 -0.583481073706260E+001 -0.566394087830404E+001
 -0.566390291826057E+001  0.726808885255361E+002  0.305895074296002E+000  0.841347376222073E+000  0.694104925703998E+000 -0.583481073706260E+001 -0.566390291826057E+001
 -0.564401369801974E+001  0.589065849730618E+002  0.424818127989382E+000  0.743672105786371E+000  0.575181872010618E+000 -0.583481073706260E+001 -0.564401369801974E+001
 -0.563957909684554E+001  0.664782009513306E+002  0.326379909188005E+000  0.515279546574921E+000  0.673620090811995E+000 -0.583481073706260E+001 -0.563957909684554E+001
 -0.563303914651404E+001  0.608616016111550E+002  0.388589865903998E+000  0.594940571944186E+000  0.611410134096002E+000 -0.583481073706260E+001 -0.563303914651404E+001
 -0.563067278950023E+001  0.705217852266031E+002  0.243909908233323E+000  0.747636700454651E+000  0.756090091766677E+000 -0.583481073706260E+001 -0.563067278950023E+001
 -0.563044380735134E+001  0.616261914524218E+002  0.354955193576475E+000  0.611597298351841E+000  0.645044806423525E+000 -0.583481073706260E+001 -0.563044380735134E+001
 -0.562506984053282E+001  0.629585377992518E+002  0.315681363838144E+000  0.715808647256184E+000  0.684318636161856E+000 -0.583481073706260E+001 -0.562506984053282E+001
 -0.562488596192028E+001  0.652679231494450E+002  0.358895901433351E+000  0.898763423829614E+000  0.641104098566649E+000 -0.583481073706260E+001 -0.562488596192028E+001
 -0.562021687471992E+001  0.714744686887091E+002  0.266118772036044E+000  0.556154170072768E+000  0.733881227963956E+000 -0.583481073706260E+001 -0.562021687471992E+001
 -0.561040504742303E+001  0.606146448812055E+002  0.452340115134369E+000  0.713262939390301E+000  0.547659884865631E+000 -0.583481073706260E+001 -0.561040504742303E+001
 -0.560772982655544E+001  0.715680487408151E+002  0.314063486561384E+000  0.567735216660329E+000  0.685936513438616E+000 -0.583481073706260E+001 -0.560772982655544E+001
 -0.560538653230896E+001  0.645562171665176E+002  0.306300250139195E+000  0.827656064337698E+000  0.693699749860805E+000 -0.583481073706260E+001 -0.560538653230896E+001
 -0.558366174941484E+001  0.590072983692806E+002  0.438871574877155E+000  0.714375957374275E+000  0.561128425122845E+000 -0.583481073706260E+001 -0.558366174941484E+001
 -0.557739581884536E+001  0.748133755604796E+002  0.249107522196805E+000  0.802863421198622E+000  0.750892477803195E+000 -0.583481073706260E+001 -0.557739581884536E+001
 -0.557727101392920E+001  0.735466560363748E+002  0.296477482719014E+000  0.817617705438535E+000  0.703522517280986E+000 -0.583481073706260E+001 -0.557727101392920E+001
 -0.555322355475797E+001  0.707885297113402E+002  0.309309650758535E+000  0.882133700158145E+000  0.690690349241465E+000 -0.583481073706260E+001 -0.555322355475797E+001
 -0.554944337665632E+001  0.671634254479167E+002  0.269361195044417E+000  0.666477798333038E+000  0.730638804955583E+000 -0.583481073706260E+001 -0.554944337665632E+001
 -0.554767200318526E+001  0.704271709268237E+002  0.351496784179868E+000  0.680633694384135E+000  0.648503215820132E+000 -0.583481073706260E+001 -0.554767200318526E+001
 -0.553720791459151E+001  0.712280080319239E+002  0.247817967348460E+000  0.626854968060361E+000  0.752182032651540E+000 -0.583481073706260E+001 -0.553720791459151E+001
 -0.552899252334886E+001  0.614139751883703E+002  0.436472194328195E+000  0.794829353857079E+000  0.563527805671805E+000 -0.583481073706260E+001 -0.552899252334886E+001
 -0.552582489411497E+001  0.698727701471843E+002  0.253112305408244E+000  0.795326139298416E+000  0.746887694591756E+000 -0.583481073706260E+001 -0.552582489411497E+001
 -0.552008585052458E+001  0.605651310041626E+002  0.442512375303401E+000  0.655930714518302E+000  0.557487624696599E+000 -0.583481073706260E+001 -0.552008585052458E+001
 -0.551826194038153E+001  0.691797584237797E+002  0.279044248516952E+000  0.873196588194066E+000  0.720955751483048E+000 -0.583481073706260E+001 -0.551826194038153E+001
 -0.551138297574485E+001  0.699167484270203E+002  0.253685000766036E+000  0.799323311264854E+000  0.746314999233964E+000 -0.583481073706260E+001 -0.551138297574485E+001
 -0.551129025897831E+001  0.629912432908443E+002  0.383805976581059E+000  0.870884576688120E+000  0.616194023418941E+000 -0.583481073706260E+001 -0.551129025897830E+001
 -0.550728424441962E+001  0.719050349917345E+002  0.311405934413364E+000  0.578350871895457E+000  0.688594065586636E+000 -0.583481073706260E+001 -0.550728424441962E+001
 -0.549897129898657E+001  0.632054500426226E+002  0.386495516471739E+000  0.870087795235713E+000  0.613504483528261E+000 -0.583481073706260E+001 -0.549897129898657E+001
 -0.549875252927051E+001  0.639222227314437E+002  0.384126545741110E+000  0.873466840397789E+000  0.615873454258890E+000 -0.583481073706260E+001 -0.549875252927051E+001
 -0.548999949976914E+001  0.602048891939128E+002  0.447004601656208E+000  0.685364669176722E+000  0.552995398343792E+000 -0.583481073706260E+001 -0.548999949976914E+001
 -0.548925921071199E+001  0.669875433725061E+002  0.285301787089480E+000  0.581915533985126E+000  0.714698212910520E+000 -0.583481073706260E+001 -0.548925921071199E+001
 -0.546663143156447E+001  0.640052890431025E+002  0.348921269769016E+000  0.877899093292784E+000  0.651078730230984E+000 -0.583481073706260E+001 -0.546663143156447E+001
 -0.546029759453163E+001  0.700030295218130E+002  0.356801550314037E+000  0.702971350163772E+000  0.643198449685963E+000 -0.583481073706260E+001 -0.546029759453163E+001
 -0.545040452341724E+001  0.594037339536383E+002  0.407941651456292E+000  0.689863421884295E+000  0.592058348543708E+000 -0.583481073706260E+001 -0.545040452341724E+001
 -0.544463138025634E+001  0.736622258166182E+002  0.260837657746228E+000  0.833142575568999E+000  0.739162342253772E+000 -0.583481073706260E+001 -0.544463138025634E+001
 -0.544370969771016E+001  0.641843137412971E+002  0.373388761690808E+000  0.538772669373298E+000  0.626611238309192E+000 -0.583481073706260E+001 -0.544370969771017E+001
 -0.543407052932662E+001  0.755718138269132E+002  0.251843482887579E+000  0.745749721638936E+000  0.748156517112420E+000 -0.583481073706260E+001 -0.543407052932662E+001
 -0.543163952061434E+001  0.718893660170504E+002  0.244372100375033E+000  0.783905815000322E+000  0.755627899624967E+000 -0.583481073706260E+001 -0.543163952061434E+001
 -0.542616329178583E+001  0.697822180894323E+002  0.258560068660390E+000  0.610848771295114E+000  0.741439931339611E+000 -0.583481073706260E+001 -0.542616329178583E+001
 -0.542290571082438E+001  0.609662980906710E+002  0.443931635710850E+000  0.679388207185925E+000  0.556068364289150E+000 -0.583481073706260E+001 -0.542290571082438E+001
 -0.541703737216039E+001  0.625479626500173E+002  0.356692901243089E+000  0.846699454331141E+000  0.643307098756911E+000 -0.583481073706260E+001 -0.541703737216039E+001
 -0.541282072638918E+001  0.667500942963678E+002  0.365721602327742E+000  0.550740606878595E+000  0.634278397672258E+000 -0.583481073706260E+001 -0.541282072638918E+001
 -0.540965209981705E+001  0.725148107949902E+002  0.318313563972494E+000  0.775047121097627E+000  0.681686436027506E+000 -0.583481073706260E+001 -0.540965209981706E+001
 -0.540271807744828E+001  0.621390850228501E+002  0.351704994489900E+000  0.820976636657086E+000  0.648295005510100E+000 -0.583481073706260E+001 -0.540271807744828E+001
 -0.539990849365410E+001  0.696046510478528E+002  0.253459978455997E+000  0.767860652147061E+000  0.746540021544003E+000 -0.583481073706260E+001 -0.539990849365410E+001
 -0.539823801915305E+001  0.718617760603005E+002  0.327898977826926E+000  0.654596086896370E+000  0.672101022173074E+000 -0.583481073706260E+001 -0.539823801915305E+001
 -0.537741583644486E+001  0.679819349541979E+002  0.269270495507763E+000  0.623375790706736E+000  0.730729504492237E+000 -0.583481073706260E+001 -0.537741583644486E+001
 -0.537672956693132E+001  0.659129097628283E+002  0.283189088821695E+000  0.669888786063201E+000  0.716810911178305E+000 -0.583481073706260E+001 -0.537672956693132E+001
 -0.537640809323192E+001  0.671766639557371E+002  0.335365439333500E+000  0.891306838575176E+000  0.664634560666500E+000 -0.583481073706260E+001 -0.537640809323192E+001
 -0.536886736506201E+001  0.666849504858552E+002  0.316580870235271E+000  0.885337999756005E+000  0.683419129764729E+000 -0.583481073706260E+001 -0.536886736506201E+001
 -0.536882327239293E+001  0.671664072204138E+002  0.313138952103762E+000  0.887110267129871E+000  0.686861047896238E+000 -0.583481073706260E+001 -0.536882327239293E+001
 -0.535461005730165E+001  0.743290718606448E+002  0.244035887420703E+000  0.653130931594525E+000  0.755964112579297E+000 -0.583481073706260E+001 -0.535461005730165E+001
 -0.534352986767202E+001  0.654706434254388E+002  0.368792436001414E+000  0.540149202917239E+000  0.631207563998586E+000 -0.583481073706260E+001 -0.534352986767203E+001
 -0.533158289106934E+001  0.711457970155445E+002  0.294643398191842E+000  0.541592612561794E+000  0.705356601808158E+000 -0.583481073706260E+001 -0.533158289106934E+001
 -0.532482795884279E+001  0.721360427468268E+002  0.244495858798865E+000  0.775484812678846E+000  0.755504141201135E+000 -0.583481073706260E+001 -0.532482795884279E+001
 -0.531340193532640E+001  0.628462446469176E+002  0.338985781910803E+000  0.818227241871937E+000  0.661014218089197E+000 -0.583481073706260E+001 -0.531340193532640E+001
 -0.530529180477047E+001  0.733619705527279E+002  0.243757632033323E+000  0.645946807888767E+000  0.756242367966677E+000 -0.583481073706260E+001 -0.530529180477047E+001
 -0.529917307646344E+001  0.750548279921886E+002  0.261326160970505E+000  0.769537827951264E+000  0.738673839029495E+000 -0.583481073706260E+001 -0.529917307646344E+001
 -0.529428516774433E+001  0.701364285962111E+002  0.298828692911013E+000  0.878552835070111E+000  0.701171307088987E+000 -0.583481073706260E+001 -0.529428516774433E+001
 -0.529286676471325E+001  0.700705459146987E+002  0.258248091837715E+000  0.807550297668701E+000  0.741751908162285E+000 -0.583481073706260E+001 -0.529286676471325E+001
 -0.528838142665030E+001  0.601100227399866E+002  0.438609473510042E+000  0.739674745121311E+000  0.561390526489958E+000 -0.583481073706260E+001 -0.528838142665030E+001
 -0.528727950170528E+001  0.677558723709393E+002  0.372235857795702E+000  0.610825255172665E+000  0.627764142204298E+000 -0.583481073706260E+001 -0.528727950170528E+001
 -0.526456442718423E+001  0.670437878497667E+002  0.290450945969390E+000  0.842458609716803E+000  0.709549054030610E+000 -0.583481073706260E+001 -0.526456442718423E+001
 -0.524026585178435E+001  0.662886932124499E+002  0.289955858964511E+000  0.604083207153615E+000  0.710044141035489E+000 -0.583481073706260E+001 -0.524026585178435E+001
 -0.523282557096913E+001  0.612105776638481E+002  0.415044606298023E+000  0.807311220566739E+000  0.584955393701977E+000 -0.583481073706260E+001 -0.523282557096913E+001
 -0.523217952716898E+001  0.601459216481392E+002  0.412757915268074E+000  0.776030912455229E+000  0.587242084731926E+000 -0.583481073706260E+001 -0.523217952716898E+001
 -0.522707516448167E+001  0.735539673677035E+002  0.270918130890886E+000  0.822424398193502E+000  0.729081869109114E+000 -0.583481073706260E+001 -0.522707516448167E+001
 -0.521837066434660E+001  0.651247573361864E+002  0.328698335467664E+000  0.864833446682196E+000  0.671301664532336E+000 -0.583481073706260E+001 -0.521837066434660E+001
 -0.521825972981209E+001  0.633132478471814E+002  0.371938445743699E+000  0.552644362828313E+000  0.628061554256301E+000 -0.583481073706260E+001 -0.521825972981209E+001
 -0.521403877734390E+001  0.600450057604360E+002  0.391472399964123E+000  0.691288449620966E+000  0.608527600035877E+000 -0.583481073706260E+001 -0.521403877734390E+001
 -0.521259358963655E+001  0.698917322977324E+002  0.291995662139520E+000  0.872294444579529E+000  0.708004337860480E+000 -0.583481073706260E+001 -0.521259358963655E+001
 -0.519305251506649E+001  0.719184481577869E+002  0.297183353115111E+000  0.845746659119660E+000  0.702816646884889E+000 -0.583481073706260E+001 -0.519305251506649E+001
 -0.519154550711607E+001  0.698610082860827E+002  0.257104861602787E+000  0.783478265851103E+000  0.742895138397213E+000 -0.583481073706260E+001 -0.519154550711607E+001
 -0.518232308434000E+001  0.693467444016687E+002  0.321054907363936E+000  0.870401421746933E+000  0.678945092636064E+000 -0.583481073706260E+001 -0.518232308434000E+001
 -0.517971972662629E+001  0.609629682727793E+002  0.437326267778837E+000  0.737508815310284E+000  0.562673732221163E+000 -0.583481073706260E+001 -0.517971972662629E+001
 -0.515356353817744E+001  0.643492694671978E+002  0.412108678122069E+000  0.646729462177078E+000  0.587891321877931E+000 -0.583481073706260E+001 -0.515356353817744E+001
 -0.514847798088503E+001  0.682114888241847E+002  0.364687884679690E+000  0.804761196608304E+000  0.635312115320310E+000 -0.583481073706260E+001 -0.514847798088503E+001
 -0.512526581326053E+001  0.673670382095996E+002  0.275108677138636E+000  0.775933423259003E+000  0.724891322861364E+000 -0.583481073706260E+001 -0.512526581326053E+001
 -0.510167215201408E+001  0.699469549115013E+002  0.322006748679855E+000  0.853698723374192E+000  0.677993251320145E+000 -0.583481073706260E+001 -0.510167215201408E+001
 -0.508703092949897E+001  0.697540671840957E+002  0.313539696556106E+000  0.864500658690484E+000  0.686460303443894E+000 -0.583481073706260E+001 -0.508703092949897E+001
 -0.508377145455942E+001  0.672233277503938E+002  0.316639963511555E+000  0.871967095685465E+000  0.683360036488445E+000 -0.583481073706260E+001 -0.508377145455942E+001
 -0.508309728951056E+001  0.743726533258880E+002  0.278513129587828E+000  0.759561111164193E+000  0.721486870412172E+000 -0.583481073706260E+001 -0.508309728951056E+001
 -0.508053741413997E+001  0.694816413344364E+002  0.349254437352102E+000  0.797552886282550E+000  0.650745562647898E+000 -0.583481073706260E+001 -0.508053741413997E+001
 -0.507694328400808E+001  0.662094976761639E+002  0.394318788060807E+000  0.751819325927590E+000  0.605681211939193E+000 -0.583481073706260E+001 -0.507694328400808E+001
 -0.507684948572247E+001  0.695370570725072E+002  0.343330542077682E+000  0.591470669929467E+000  0.656669457922318E+000 -0.583481073706260E+001 -0.507684948572247E+001
 -0.507438588545425E+001  0.624120922452945E+002  0.367870908241329E+000  0.827017590308370E+000  0.632129091758671E+000 -0.583481073706260E+001 -0.507438588545425E+001
 -0.507363833439468E+001  0.711633070553951E+002  0.284080029188074E+000  0.852794032896137E+000  0.715919970811926E+000 -0.583481073706260E+001 -0.507363833439468E+001
 -0.504123381780111E+001  0.685740068891046E+002  0.322586351473703E+000  0.868566064796319E+000  0.677413648526297E+000 -0.583481073706260E+001 -0.504123381780111E+001
 -0.503610238331284E+001  0.693552909612743E+002  0.305470591154900E+000  0.867097187201690E+000  0.694529408845100E+000 -0.583481073706260E+001 -0.503610238331284E+001
 -0.501565713244409E+001  0.723674597136962E+002  0.278230696753240E+000  0.572391146127888E+000  0.721769303246760E+000 -0.583481073706260E+001 -0.501565713244409E+001
 -0.499777368683368E+001  0.696594394533995E+002  0.290216586372457E+000  0.542574414303977E+000  0.709783413627543E+000 -0.583481073706260E+001 -0.499777368683368E+001
 -0.499507349328857E+001  0.654866281258719E+002  0.305485917394537E+000  0.813722493910696E+000  0.694514082605463E+000 -0.583481073706260E+001 -0.499507349328858E+001
 -0.498202456483990E+001  0.638080056206036E+002  0.417107148471960E+000  0.735569077673132E+000  0.582892851528040E+000 -0.583481073706260E+001 -0.498202456483990E+001
 -0.497385543020039E+001  0.623352577345602E+002  0.404829646592186E+000  0.807863067679951E+000  0.595170353407814E+000 -0.583481073706260E+001 -0.497385543020039E+001
 -0.497184834899219E+001  0.694244989768366E+002  0.342710118940241E+000  0.814915865143757E+000  0.657289881059759E+000 -0.583481073706260E+001 -0.497184834899219E+001
 -0.496713502351446E+001  0.628856375506310E+002  0.355520173855254E+000  0.821031950950863E+000  0.644479826144746E+000 -0.583481073706260E+001 -0.496713502351446E+001
 -0.496600211098564E+001  0.632456218441860E+002  0.343379413596484E+000  0.588406935962466E+000  0.656620586403516E+000 -0.583481073706260E+001 -0.496600211098564E+001
 -0.496132830872473E+001  0.610678147164134E+002  0.373511660102165E+000  0.752858640081967E+000  0.626488339897835E+000 -0.583481073706260E+001 -0.496132830872473E+001
 -0.495241669395391E+001  0.636497100023985E+002  0.352147122926897E+000  0.837741832498867E+000  0.647852877073103E+000 -0.583481073706260E+001 -0.495241669395391E+001
 -0.493930763440735E+001  0.639748120387486E+002  0.389373188458325E+000  0.826963459981835E+000  0.610626811541675E+000 -0.583481073706260E+001 -0.493930763440735E+001
 -0.493456643520704E+001  0.715920768393959E+002  0.308571521900901E+000  0.583841901217842E+000  0.691428478099099E+000 -0.583481073706260E+001 -0.493456643520705E+001
 -0.493364046705758E+001  0.683085547696486E+002  0.268234321890414E+000  0.755691021060346E+000  0.731765678109586E+000 -0.583481073706260E+001 -0.493364046705758E+001
 -0.493326021649226E+001  0.739186032054224E+002  0.283429140519043E+000  0.760171967903109E+000  0.716570859480957E+000 -0.583481073706260E+001 -0.493326021649226E+001
 -0.493030168845049E+001  0.694984330927244E+002  0.273551356797444E+000  0.821889429426336E+000  0.726448643202556E+000 -0.583481073706260E+001 -0.493030168845049E+001
 -0.492870156615709E+001  0.675592166966015E+002  0.374086212145822E+000  0.771280673595724E+000  0.625913787854178E+000 -0.583481073706260E+001 -0.492870156615709E+001
 -0.492130772043185E+001  0.731045962143542E+002  0.252485235828593E+000  0.633663602235740E+000  0.747514764171407E+000 -0.583481073706260E+001 -0.492130772043185E+001
 -0.490237462656298E+001  0.640932184095589E+002  0.316110470838812E+000  0.636781570533972E+000  0.683889529161188E+000 -0.583481073706260E+001 -0.490237462656298E+001
 -0.489391461315587E+001  0.650143746189628E+002  0.362485272890810E+000  0.546186535326456E+000  0.637514727109190E+000 -0.583481073706260E+001 -0.489391461315588E+001
 -0.488667812516365E+001  0.743482324270296E+002  0.263564614238505E+000  0.753014977132061E+000  0.736435385761495E+000 -0.583481073706260E+001 -0.488667812516365E+001
 -0.488249138889309E+001  0.606829185994486E+002  0.383942993547310E+000  0.719146196025411E+000  0.616057006452690E+000 -0.583481073706260E+001 -0.488249138889309E+001
 -0.487581558059068E+001  0.697939344806567E+002  0.317279446396429E+000  0.846656419900935E+000  0.682720553603571E+000 -0.583481073706260E+001 -0.487581558059068E+001
 -0.486706783857249E+001  0.665373685244877E+002  0.306451090570028E+000  0.837096920351262E+000  0.693548909429972E+000 -0.583481073706260E+001 -0.486706783857249E+001
 -0.485717034148786E+001  0.735496426086263E+002  0.258151369130598E+000  0.774514616413512E+000  0.741848630869402E+000 -0.583481073706260E+001 -0.485717034148786E+001
 -0.485678230344622E+001  0.633918338874293E+002  0.323091937791923E+000  0.727108498428751E+000  0.676908062208077E+000 -0.583481073706260E+001 -0.485678230344622E+001
 -0.485365796694054E+001  0.624240807226351E+002  0.339739190863113E+000  0.715029127674435E+000  0.660260809136887E+000 -0.583481073706260E+001 -0.485365796694054E+001
 -0.483486986151662E+001  0.636597401090490E+002  0.388355130922655E+000  0.821121030172939E+000  0.611644869077345E+000 -0.583481073706260E+001 -0.483486986151662E+001
 -0.483144691795949E+001  0.643100824514802E+002  0.321545968273940E+000  0.797211772503015E+000  0.678454031726060E+000 -0.583481073706260E+001 -0.483144691795949E+001
 -0.482739009783281E+001  0.659849786708979E+002  0.378341121674323E+000  0.811287640317023E+000  0.621658878325677E+000 -0.583481073706260E+001 -0.482739009783281E+001
 -0.482118340783877E+001  0.650660840031657E+002  0.403710525201152E+000  0.689431948349751E+000  0.596289474798848E+000 -0.583481073706260E+001 -0.482118340783876E+001
 -0.481502848435078E+001  0.693185635637536E+002  0.355068400149255E+000  0.733968803283330E+000  0.644931599850745E+000 -0.583481073706260E+001 -0.481502848435078E+001
 -0.480999022728645E+001  0.655539062505398E+002  0.372268667663976E+000  0.564398040200882E+000  0.627731332336024E+000 -0.583481073706260E+001 -0.480999022728645E+001
 -0.479595642302734E+001  0.645217653290296E+002  0.403488008397887E+000  0.639159507338889E+000  0.596511991602113E+000 -0.583481073706260E+001 -0.479595642302734E+001
 -0.479458888959639E+001  0.690376855647536E+002  0.264021945031867E+000  0.741437142899635E+000  0.735978054968133E+000 -0.583481073706260E+001 -0.479458888959639E+001
 -0.479101818209137E+001  0.668000385176174E+002  0.364103015614530E+000  0.823969081486418E+000  0.635896984385470E+000 -0.583481073706260E+001 -0.479101818209137E+001
 -0.478674251352202E+001  0.616002123943027E+002  0.406491220985857E+000  0.778046156957339E+000  0.593508779014143E+000 -0.583481073706260E+001 -0.478674251352202E+001
 -0.478441421015167E+001  0.713129751904796E+002  0.300297910931487E+000  0.826625199966761E+000  0.699702089068513E+000 -0.583481073706260E+001 -0.478441421015167E+001
 -0.477980284525225E+001  0.656870200380002E+002  0.311389492712425E+000  0.818948134356399E+000  0.688610507287575E+000 -0.583481073706260E+001 -0.477980284525225E+001
 -0.475407107450912E+001  0.725562591216051E+002  0.283771482911546E+000  0.590016579748756E+000  0.716228517088454E+000 -0.583481073706260E+001 -0.475407107450912E+001
 -0.474671423730188E+001  0.628394533348054E+002  0.385741315155268E+000  0.582799026700703E+000  0.614258684844732E+000 -0.583481073706260E+001 -0.474671423730188E+001
 -0.474447820260343E+001  0.703163268290062E+002  0.267552793860889E+000  0.799362954985963E+000  0.732447206139111E+000 -0.583481073706260E+001 -0.474447820260343E+001
 -0.474324610409218E+001  0.671049172922030E+002  0.322746077820144E+000  0.852051081043599E+000  0.677253922179856E+000 -0.583481073706260E+001 -0.474324610409218E+001
 -0.473498695128768E+001  0.609149091487757E+002  0.409915604008129E+000  0.656344174372039E+000  0.590084395991871E+000 -0.583481073706260E+001 -0.473498695128768E+001
 -0.473256061314270E+001  0.676490692045586E+002  0.293020768182030E+000  0.822704446364501E+000  0.706979231817970E+000 -0.583481073706260E+001 -0.473256061314270E+001
 -0.472344905706534E+001  0.669795663079778E+002  0.281901436996384E+000  0.654932067981589E+000  0.718098563003616E+000 -0.583481073706260E+001 -0.472344905706534E+001
 -0.469326145432096E+001  0.708436499047361E+002  0.326670936520239E+000  0.775988794736626E+000  0.673329063479761E+000 -0.583481073706260E+001 -0.469326145432096E+001
 -0.467609584548228E+001  0.651437859775280E+002  0.305081276325684E+000  0.759564454018423E+000  0.694918723674316E+000 -0.583481073706260E+001 -0.467609584548228E+001
 -0.466105938806690E+001  0.739226897049327E+002  0.279790238299600E+000  0.718051783997363E+000  0.720209761700400E+000 -0.583481073706260E+001 -0.466105938806690E+001
 -0.465795040662066E+001  0.727852786255148E+002  0.291494995043460E+000  0.777997095869432E+000  0.708505004956540E+000 -0.583481073706260E+001 -0.465795040662066E+001
 -0.465245120364355E+001  0.647746224241835E+002  0.401700616652737E+000  0.661495555828600E+000  0.598299383347263E+000 -0.583481073706260E+001 -0.465245120364355E+001
 -0.465157792435129E+001  0.655814695379544E+002  0.377490467435561E+000  0.807408809107149E+000  0.622509532564439E+000 -0.583481073706260E+001 -0.465157792435129E+001
 -0.464711860603247E+001  0.725383949245906E+002  0.290124164444832E+000  0.602003855782856E+000  0.709875835555168E+000 -0.583481073706260E+001 -0.464711860603247E+001
 -0.463969795681235E+001  0.685850929110121E+002  0.355937723672123E+000  0.622162632805862E+000  0.644062276327877E+000 -0.583481073706260E+001 -0.463969795681235E+001
 -0.463326883600515E+001  0.633716113795902E+002  0.332774787223079E+000  0.636743205008222E+000  0.667225212776921E+000 -0.583481073706260E+001 -0.463326883600515E+001
 -0.462899942300380E+001  0.690477184815781E+002  0.272890031085570E+000  0.782791708766607E+000  0.727109968914430E+000 -0.583481073706260E+001 -0.462899942300380E+001
 -0.462612932624120E+001  0.649644865555395E+002  0.398942509791953E+000  0.739033923938809E+000  0.601057490208047E+000 -0.583481073706260E+001 -0.462612932624120E+001
 -0.461871567334854E+001  0.698544632734995E+002  0.308902064335852E+000  0.834155444349528E+000  0.691097935664148E+000 -0.583481073706260E+001 -0.461871567334854E+001
 -0.460170763773057E+001  0.712743247174393E+002  0.267464112633908E+000  0.793357939244044E+000  0.732535887366092E+000 -0.583481073706260E+001 -0.460170763773057E+001
 -0.459993883483243E+001  0.655404289054629E+002  0.377840569770252E+000  0.585858750501688E+000  0.622159430229748E+000 -0.583481073706260E+001 -0.459993883483243E+001
 -0.459264540639807E+001  0.627239626802389E+002  0.412721497707162E+000  0.742798978106140E+000  0.587278502292838E+000 -0.583481073706260E+001 -0.459264540639807E+001
 -0.458286728287213E+001  0.666581476088932E+002  0.376667272594256E+000  0.769542493466573E+000  0.623332727405744E+000 -0.583481073706260E+001 -0.458286728287212E+001
 -0.458186133575060E+001  0.710326344785558E+002  0.261111634879675E+000  0.625491642236027E+000  0.738888365120325E+000 -0.583481073706260E+001 -0.458186133575060E+001
 -0.458059168266414E+001  0.702236561610938E+002  0.259789561901588E+000  0.664153241296741E+000  0.740210438098412E+000 -0.583481073706260E+001 -0.458059168266414E+001
 -0.457922701520806E+001  0.687983387898416E+002  0.353243961389061E+000  0.626737680395412E+000  0.646756038610939E+000 -0.583481073706260E+001 -0.457922701520806E+001
 -0.457819949091791E+001  0.694068758356527E+002  0.351220481102860E+000  0.690039101621328E+000  0.648779518897140E+000 -0.583481073706260E+001 -0.457819949091791E+001
 -0.457747947766501E+001  0.649317874316868E+002  0.400518754955592E+000  0.689023728759115E+000  0.599481245044408E+000 -0.583481073706260E+001 -0.457747947766501E+001
 -0.457329173656865E+001  0.613758945052292E+002  0.374928649880207E+000  0.711990986632901E+000  0.625071350119793E+000 -0.583481073706260E+001 -0.457329173656865E+001
 -0.456661224066355E+001  0.725851669254435E+002  0.264273307790669E+000  0.774278910472801E+000  0.735726692209331E+000 -0.583481073706260E+001 -0.456661224066356E+001
 -0.456516100364917E+001  0.654909379806130E+002  0.383605056906906E+000  0.604351208541321E+000  0.616394943093094E+000 -0.583481073706260E+001 -0.456516100364917E+001
 -0.456303886708657E+001  0.715428914773962E+002  0.265890854241395E+000  0.785560023403122E+000  0.734109145758605E+000 -0.583481073706260E+001 -0.456303886708657E+001
 -0.456143394584605E+001  0.655341400592876E+002  0.308732471094351E+000  0.602005908811227E+000  0.691267528905649E+000 -0.583481073706260E+001 -0.456143394584605E+001
 -0.455701647633072E+001  0.634308503986649E+002  0.409816542484586E+000  0.732611871466167E+000  0.590183457515414E+000 -0.583481073706260E+001 -0.455701647633072E+001
 -0.455543009138368E+001  0.680990404381508E+002  0.366663824267940E+000  0.684572600318574E+000  0.633336175732060E+000 -0.583481073706260E+001 -0.455543009138368E+001
 -0.455479327988038E+001  0.697655676992272E+002  0.303615457075377E+000  0.832095888912840E+000  0.696384542924623E+000 -0.583481073706260E+001 -0.455479327988038E+001
 -0.454115783156797E+001  0.722666386470037E+002  0.300497096036043E+000  0.619033971698977E+000  0.699502903963957E+000 -0.583481073706260E+001 -0.454115783156797E+001
 -0.453395938638124E+001  0.655109887278101E+002  0.320052590893267E+000  0.812069060265064E+000  0.679947409106733E+000 -0.583481073706260E+001 -0.453395938638124E+001
 -0.452690112350183E+001  0.719465302353126E+002  0.286333799683788E+000  0.585594869686298E+000  0.713666200316212E+000 -0.583481073706260E+001 -0.452690112350183E+001
 -0.451726867057984E+001  0.697700937514261E+002  0.275519103846704E+000  0.589233937671942E+000  0.724480896153296E+000 -0.583481073706260E+001 -0.451726867057984E+001
 -0.451410471127831E+001  0.677730379695468E+002  0.277537335648720E+000  0.733998094605142E+000  0.722462664351280E+000 -0.583481073706260E+001 -0.451410471127831E+001
 -0.451324820127552E+001  0.637213321191984E+002  0.330061109042236E+000  0.757415714054097E+000  0.669938890957764E+000 -0.583481073706260E+001 -0.451324820127552E+001
 -0.450999943521274E+001  0.672158054537598E+002  0.320117561098144E+000  0.544433598620220E+000  0.679882438901856E+000 -0.583481073706260E+001 -0.450999943521274E+001
 -0.450582810923692E+001  0.615504497877575E+002  0.413467020540513E+000  0.681732321399525E+000  0.586532979459487E+000 -0.583481073706260E+001 -0.450582810923692E+001
 -0.450498226909861E+001  0.730566637419724E+002  0.294935819083742E+000  0.712785191994683E+000  0.705064180916258E+000 -0.583481073706260E+001 -0.450498226909861E+001
 -0.450100093218266E+001  0.661485178964082E+002  0.355812782117795E+000  0.557152463610236E+000  0.644187217882205E+000 -0.583481073706260E+001 -0.450100093218266E+001
 -0.450098065122594E+001  0.614978535494537E+002  0.413205117677458E+000  0.687814518606730E+000  0.586794882322542E+000 -0.583481073706260E+001 -0.450098065122594E+001
 -0.450091659346819E+001  0.688581212461515E+002  0.338291775338252E+000  0.806735054812839E+000  0.661708224661748E+000 -0.583481073706260E+001 -0.450091659346819E+001
 -0.449985956122456E+001  0.692690476259949E+002  0.296810952909788E+000  0.827725106527517E+000  0.703189047090212E+000 -0.583481073706260E+001 -0.449985956122456E+001
 -0.449671589443113E+001  0.689356355730082E+002  0.268422360876194E+000  0.664172102394364E+000  0.731577639123806E+000 -0.583481073706260E+001 -0.449671589443113E+001
 -0.449487317302782E+001  0.644856187850601E+002  0.395753568949205E+000  0.761607153122255E+000  0.604246431050795E+000 -0.583481073706260E+001 -0.449487317302782E+001
 -0.449200605288882E+001  0.637180979073347E+002  0.335081853264130E+000  0.773115979216367E+000  0.664918146735870E+000 -0.583481073706260E+001 -0.449200605288882E+001
 -0.449183210744348E+001  0.614139429402598E+002  0.392775879971521E+000  0.739402738510439E+000  0.607224120028479E+000 -0.583481073706260E+001 -0.449183210744348E+001
 -0.449168845238212E+001  0.734914333639014E+002  0.276859928893693E+000  0.648168381798293E+000  0.723140071106307E+000 -0.583481073706260E+001 -0.449168845238212E+001
 -0.448519386806661E+001  0.620878947018988E+002  0.357569989832926E+000  0.709030198316908E+000  0.642430010167074E+000 -0.583481073706260E+001 -0.448519386806661E+001
 -0.447432290946455E+001  0.619760586824460E+002  0.392816168155471E+000  0.763515448144890E+000  0.607183831844529E+000 -0.583481073706260E+001 -0.447432290946455E+001
 -0.447151259743749E+001  0.627751512477961E+002  0.409722169372807E+000  0.652912395587519E+000  0.590277830627193E+000 -0.583481073706260E+001 -0.447151259743749E+001
 -0.446977332855456E+001  0.670442555356741E+002  0.284162446183282E+000  0.663294941336980E+000  0.715837553816718E+000 -0.583481073706260E+001 -0.446977332855456E+001
 -0.446724839594938E+001  0.620223188842167E+002  0.371261899230897E+000  0.633189344698213E+000  0.628738100769103E+000 -0.583481073706260E+001 -0.446724839594938E+001
 -0.446398937871294E+001  0.644680852501805E+002  0.384608405037933E+000  0.791783513694690E+000  0.615391594962067E+000 -0.583481073706260E+001 -0.446398937871294E+001
 -0.446376862111804E+001  0.687115328899247E+002  0.348458125448381E+000  0.778814940614174E+000  0.651541874551619E+000 -0.583481073706260E+001 -0.446376862111804E+001
 -0.445774320712546E+001  0.714079101562086E+002  0.318917149061769E+000  0.740926926853268E+000  0.681082850938231E+000 -0.583481073706260E+001 -0.445774320712546E+001
 -0.444658261903992E+001  0.664960672161424E+002  0.380852838909714E+000  0.733008812163543E+000  0.619147161090286E+000 -0.583481073706260E+001 -0.444658261903992E+001
 -0.443931653733018E+001  0.685152356109702E+002  0.347514137006987E+000  0.788091642189937E+000  0.652485862993013E+000 -0.583481073706260E+001 -0.443931653733018E+001
 -0.443818271751539E+001  0.664873038174791E+002  0.355975431685781E+000  0.563387894025081E+000  0.644024568314219E+000 -0.583481073706260E+001 -0.443818271751539E+001
 -0.443648220806806E+001  0.622114179062681E+002  0.364440570848316E+000  0.748799690945933E+000  0.635559429151684E+000 -0.583481073706260E+001 -0.443648220806806E+001
 -0.442938650139644E+001  0.669552713750288E+002  0.284783194623017E+000  0.706180373966202E+000  0.715216805376983E+000 -0.583481073706260E+001 -0.442938650139644E+001
 -0.442706710551311E+001  0.613829538525473E+002  0.391943686370262E+000  0.664467238560170E+000  0.608056313629738E+000 -0.583481073706260E+001 -0.442706710551311E+001
 -0.442318987676239E+001  0.726951941481834E+002  0.271875022885648E+000  0.616012907198947E+000  0.728124977114352E+000 -0.583481073706260E+001 -0.442318987676239E+001
 -0.442117311628378E+001  0.667568446364680E+002  0.379571181749631E+000  0.690093150609750E+000  0.620428818250369E+000 -0.583481073706260E+001 -0.442117311628378E+001
 -0.441338169071821E+001  0.685596747925769E+002  0.317415060664612E+000  0.828706835705036E+000  0.682584939335388E+000 -0.583481073706260E+001 -0.441338169071821E+001
 -0.441208133002695E+001  0.652804810786342E+002  0.305571256270350E+000  0.733992467528257E+000  0.694428743729650E+000 -0.583481073706260E+001 -0.441208133002695E+001
 -0.441107972411310E+001  0.615891030863245E+002  0.390068091606300E+000  0.736483984512960E+000  0.609931908393700E+000 -0.583481073706260E+001 -0.441107972411310E+001
 -0.441106190545512E+001  0.613669737940838E+002  0.387829856048200E+000  0.678853650587255E+000  0.612170143951800E+000 -0.583481073706260E+001 -0.441106190545512E+001
 -0.440561431914300E+001  0.671153205700714E+002  0.375183618889460E+000  0.678887515394547E+000  0.624816381110540E+000 -0.583481073706260E+001 -0.440561431914300E+001
 -0.440062168318647E+001  0.719355502180480E+002  0.256538874415559E+000  0.707965956880134E+000  0.743461125584441E+000 -0.583481073706260E+001 -0.440062168318647E+001
 -0.439846423326999E+001  0.695446200702850E+002  0.285938300338950E+000  0.807897353132298E+000  0.714061699661050E+000 -0.583481073706260E+001 -0.439846423326999E+001
 -0.439523691020786E+001  0.631329837086326E+002  0.409139919126790E+000  0.707844700498836E+000  0.590860080873210E+000 -0.583481073706260E+001 -0.439523691020785E+001
 -0.437659952793065E+001  0.668483915762102E+002  0.363877960884837E+000  0.591783650375930E+000  0.636122039115163E+000 -0.583481073706260E+001 -0.437659952793065E+001
 -0.437276514644815E+001  0.736045587545400E+002  0.268705174211760E+000  0.696462154615573E+000  0.731294825788240E+000 -0.583481073706260E+001 -0.437276514644815E+001
 -0.437114768015571E+001  0.653428180855768E+002  0.391437707352030E+000  0.723072273544670E+000  0.608562292647970E+000 -0.583481073706260E+001 -0.437114768015571E+001
 -0.436481026779553E+001  0.616233115512257E+002  0.382972977522707E+000  0.722848550866797E+000  0.617027022477292E+000 -0.583481073706260E+001 -0.436481026779553E+001
 -0.436351277546389E+001  0.644779147187202E+002  0.322789731853425E+000  0.761233274934564E+000  0.677210268146575E+000 -0.583481073706260E+001 -0.436351277546390E+001
 -0.436294023992805E+001  0.712370531367804E+002  0.303839665738187E+000  0.590063718751790E+000  0.696160334261813E+000 -0.583481073706260E+001 -0.436294023992805E+001
 -0.435310689800369E+001  0.714344387664016E+002  0.258504449751499E+000  0.672448863317604E+000  0.741495550248501E+000 -0.583481073706260E+001 -0.435310689800369E+001
 -0.435180161626522E+001  0.703262110201311E+002  0.322926548366292E+000  0.599082876251044E+000  0.677073451633708E+000 -0.583481073706260E+001 -0.435180161626522E+001
 -0.435077116463901E+001  0.709084650975304E+002  0.262370400737251E+000  0.644489252019557E+000  0.737629599262749E+000 -0.583481073706260E+001 -0.435077116463901E+001
 -0.434571248096627E+001  0.716117358934486E+002  0.314933066671856E+000  0.725397717569937E+000  0.685066933328144E+000 -0.583481073706260E+001 -0.434571248096627E+001
 -0.434401123991990E+001  0.673004316316116E+002  0.364106669416836E+000  0.768460072126502E+000  0.635893330583164E+000 -0.583481073706260E+001 -0.434401123991990E+001
 -0.434243114489557E+001  0.647309930193460E+002  0.330328193650881E+000  0.587069316742322E+000  0.669671806349119E+000 -0.583481073706260E+001 -0.434243114489557E+001
 -0.433957374349750E+001  0.682693706801705E+002  0.352543220346111E+000  0.770591839015772E+000  0.647456779653889E+000 -0.583481073706260E+001 -0.433957374349749E+001
 -0.433464068783091E+001  0.662858513971831E+002  0.332615142298334E+000  0.552338522518941E+000  0.667384857701666E+000 -0.583481073706260E+001 -0.433464068783091E+001
 -0.433080514874405E+001  0.657430272271129E+002  0.362921228700160E+000  0.570592355298614E+000  0.637078771299840E+000 -0.583481073706260E+001 -0.433080514874406E+001
 -0.432862174285273E+001  0.672791131368893E+002  0.359623357282932E+000  0.783628210379705E+000  0.640376642717068E+000 -0.583481073706260E+001 -0.432862174285273E+001
 -0.432575467815430E+001  0.629054096810116E+002  0.359646185754986E+000  0.767380640947905E+000  0.640353814245014E+000 -0.583481073706260E+001 -0.432575467815430E+001
 -0.432399408153127E+001  0.651276548116278E+002  0.390556877031524E+000  0.644573481083957E+000  0.609443122968476E+000 -0.583481073706260E+001 -0.432399408153127E+001
 -0.431020470368418E+001  0.701068622830882E+002  0.337479502330879E+000  0.697163905641876E+000  0.662520497669121E+000 -0.583481073706260E+001 -0.431020470368418E+001
 -0.430976687558820E+001  0.718141971705221E+002  0.294050923672850E+000  0.778738773963239E+000  0.705949076327150E+000 -0.583481073706260E+001 -0.430976687558820E+001
 -0.430622383406314E+001  0.667002392027055E+002  0.364766337485016E+000  0.783687375083774E+000  0.635233662514984E+000 -0.583481073706260E+001 -0.430622383406314E+001
 -0.430086231686859E+001  0.683379081897401E+002  0.275362965844521E+000  0.667346275721942E+000  0.724637034155479E+000 -0.583481073706260E+001 -0.430086231686859E+001
 -0.429873908903329E+001  0.692910914685874E+002  0.289048719441725E+000  0.571849885180163E+000  0.710951280558275E+000 -0.583481073706260E+001 -0.429873908903329E+001
 -0.429719790114832E+001  0.655292447479723E+002  0.338436005547772E+000  0.559908750130876E+000  0.661563994452228E+000 -0.583481073706260E+001 -0.429719790114832E+001
 -0.429653560815515E+001  0.619286013615757E+002  0.380420474423812E+000  0.734074734534176E+000  0.619579525576188E+000 -0.583481073706260E+001 -0.429653560815515E+001
 -0.428881951846551E+001  0.708211878749199E+002  0.327231913626887E+000  0.693717613704277E+000  0.672768086373113E+000 -0.583481073706260E+001 -0.428881951846551E+001
 -0.428568441415411E+001  0.674958702711161E+002  0.369042514039266E+000  0.695242995158583E+000  0.630957485960734E+000 -0.583481073706260E+001 -0.428568441415411E+001
 -0.428551625105562E+001  0.712362451085852E+002  0.271906594513563E+000  0.603877292791609E+000  0.728093405486437E+000 -0.583481073706260E+001 -0.428551625105562E+001
 -0.428377651849854E+001  0.692562537774164E+002  0.290398976996055E+000  0.804157400604386E+000  0.709601023003945E+000 -0.583481073706260E+001 -0.428377651849854E+001
 -0.428221097488505E+001  0.653847500912065E+002  0.333698484714805E+000  0.807580055815417E+000  0.666301515285195E+000 -0.583481073706260E+001 -0.428221097488505E+001
 -0.428056448478341E+001  0.700168542401902E+002  0.277320438930666E+000  0.593955802852755E+000  0.722679561069334E+000 -0.583481073706260E+001 -0.428056448478341E+001
 -0.427045745489171E+001  0.621530379997376E+002  0.365824080940752E+000  0.713908978840147E+000  0.634175919059248E+000 -0.583481073706260E+001 -0.427045745489171E+001
 -0.426818585494640E+001  0.640162382296468E+002  0.385869099903795E+000  0.773812715319418E+000  0.614130900096205E+000 -0.583481073706260E+001 -0.426818585494640E+001
 -0.426768349129556E+001  0.626217453152249E+002  0.353045881380866E+000  0.665578265350877E+000  0.646954118619134E+000 -0.583481073706260E+001 -0.426768349129556E+001
 -0.426525502711500E+001  0.616969971431713E+002  0.382523006344856E+000  0.687853035890107E+000  0.617476993655144E+000 -0.583481073706260E+001 -0.426525502711500E+001
 -0.426444128490732E+001  0.649332342577765E+002  0.346647839648654E+000  0.806626458728228E+000  0.653352160351346E+000 -0.583481073706260E+001 -0.426444128490732E+001
 -0.426379881761551E+001  0.672187787435277E+002  0.293486982645200E+000  0.770735852382679E+000  0.706513017354800E+000 -0.583481073706260E+001 -0.426379881761551E+001
 -0.425338785799491E+001  0.631927188316529E+002  0.390464195484545E+000  0.614139989761879E+000  0.609535804515455E+000 -0.583481073706260E+001 -0.425338785799491E+001
 -0.424445192459597E+001  0.633149791786345E+002  0.340693572872072E+000  0.729627474809542E+000  0.659306427127928E+000 -0.583481073706260E+001 -0.424445192459597E+001
 -0.424170800637756E+001  0.683274069401674E+002  0.347631089909238E+000  0.775864638042356E+000  0.652368910090762E+000 -0.583481073706260E+001 -0.424170800637756E+001
 -0.423981943066211E+001  0.671075211718441E+002  0.372135298724684E+000  0.672791417066026E+000  0.627864701275316E+000 -0.583481073706260E+001 -0.423981943066211E+001
 -0.422505972748591E+001  0.697145152093323E+002  0.328669663700451E+000  0.597292351467135E+000  0.671330336299549E+000 -0.583481073706260E+001 -0.422505972748591E+001
 -0.422464487145425E+001  0.635020079485539E+002  0.393222654217556E+000  0.622687484663267E+000  0.606777345782444E+000 -0.583481073706260E+001 -0.422464487145425E+001
 -0.422433520145853E+001  0.728121631749670E+002  0.291165297939038E+000  0.678525659137148E+000  0.708834702060962E+000 -0.583481073706260E+001 -0.422433520145852E+001
 -0.422396449528019E+001  0.713785146697306E+002  0.298240613975752E+000  0.779788522770630E+000  0.701759386024248E+000 -0.583481073706260E+001 -0.422396449528019E+001
 -0.422029705655171E+001  0.633135327919624E+002  0.379550933741221E+000  0.600584166110714E+000  0.620449066258779E+000 -0.583481073706260E+001 -0.422029705655171E+001
 -0.421958294997995E+001  0.728787992427816E+002  0.284383069500089E+000  0.726585710479328E+000  0.715616930499911E+000 -0.583481073706260E+001 -0.421958294997995E+001
 -0.421732332874638E+001  0.705277740371880E+002  0.307524878309355E+000  0.792072228442005E+000  0.692475121690645E+000 -0.583481073706260E+001 -0.421732332874638E+001
 -0.421399380246129E+001  0.636819483150514E+002  0.353731431432493E+000  0.779040722784483E+000  0.646268568567507E+000 -0.583481073706260E+001 -0.421399380246129E+001
 -0.420850192585246E+001  0.699064586666926E+002  0.274778154502098E+000  0.609161442407990E+000  0.725221845497902E+000 -0.583481073706260E+001 -0.420850192585246E+001
 -0.420363436442500E+001  0.669047514263959E+002  0.362917324768585E+000  0.773128955706185E+000  0.637082675231415E+000 -0.583481073706260E+001 -0.420363436442500E+001
 -0.420049372635815E+001  0.648092451565005E+002  0.355283854383591E+000  0.800757780476783E+000  0.644716145616409E+000 -0.583481073706260E+001 -0.420049372635814E+001
 -0.419835534741604E+001  0.674244728446693E+002  0.356335251928207E+000  0.597386687642335E+000  0.643664748071793E+000 -0.583481073706260E+001 -0.419835534741604E+001
 -0.419544925679159E+001  0.662848329105666E+002  0.355307344184470E+000  0.800582084814093E+000  0.644692655815530E+000 -0.583481073706260E+001 -0.419544925679159E+001
 -0.419510978463136E+001  0.722709143586006E+002  0.289404841475456E+000  0.753460861404444E+000  0.710595158524544E+000 -0.583481073706260E+001 -0.419510978463136E+001
 -0.418906962163763E+001  0.672525223477520E+002  0.296780006906510E+000  0.597173257354142E+000  0.703219993093490E+000 -0.583481073706260E+001 -0.418906962163763E+001
 -0.418764641578918E+001  0.697200231567109E+002  0.306968341673754E+000  0.804696242237725E+000  0.693031658326246E+000 -0.583481073706260E+001 -0.418764641578918E+001
 -0.418063188769149E+001  0.663916090420743E+002  0.373936386604572E+000  0.745937126077298E+000  0.626063613395428E+000 -0.583481073706260E+001 -0.418063188769149E+001
 -0.418019273686839E+001  0.631698678765813E+002  0.381024055277546E+000  0.607091211102334E+000  0.618975944722454E+000 -0.583481073706260E+001 -0.418019273686839E+001
 -0.417329260980612E+001  0.698822662267965E+002  0.318901916879439E+000  0.582527840318465E+000  0.681098083120561E+000 -0.583481073706260E+001 -0.417329260980612E+001
 -0.417147892684860E+001  0.635586618673408E+002  0.360982468443044E+000  0.595729575639037E+000  0.639017531556956E+000 -0.583481073706260E+001 -0.417147892684860E+001
 -0.417036495909403E+001  0.661811886326330E+002  0.372591950717986E+000  0.613971548716246E+000  0.627408049282014E+000 -0.583481073706260E+001 -0.417036495909403E+001
 -0.416756725220686E+001  0.680057058250788E+002  0.353050747690389E+000  0.761950094974406E+000  0.646949252309611E+000 -0.583481073706260E+001 -0.416756725220686E+001
 -0.416137538790805E+001  0.674926830570780E+002  0.356424333526105E+000  0.769981135342434E+000  0.643575666473895E+000 -0.583481073706260E+001 -0.416137538790805E+001
 -0.415803091018346E+001  0.665812858938498E+002  0.353347266970855E+000  0.797119069451234E+000  0.646652733029145E+000 -0.583481073706260E+001 -0.415803091018346E+001
 -0.415781591534869E+001  0.692016926543604E+002  0.273168535152741E+000  0.647035881492420E+000  0.726831464847259E+000 -0.583481073706260E+001 -0.415781591534869E+001
 -0.415313080327327E+001  0.663541338226220E+002  0.342099682976616E+000  0.808374467320312E+000  0.657900317023384E+000 -0.583481073706260E+001 -0.415313080327327E+001
 -0.415161659214704E+001  0.680969646207928E+002  0.330815818757295E+000  0.562616943641282E+000  0.669184181242705E+000 -0.583481073706260E+001 -0.415161659214704E+001
 -0.415043351572113E+001  0.694453103312572E+002  0.297008694969766E+000  0.567401106929656E+000  0.702991305030234E+000 -0.583481073706260E+001 -0.415043351572113E+001
 -0.414942327469114E+001  0.669574999032380E+002  0.312514361241325E+000  0.800267798785764E+000  0.687485638758675E+000 -0.583481073706260E+001 -0.414942327469114E+001
 -0.414849470751531E+001  0.674461803144616E+002  0.343917744003450E+000  0.570706345515035E+000  0.656082255996550E+000 -0.583481073706260E+001 -0.414849470751531E+001
 -0.414561992489886E+001  0.690528102446937E+002  0.323129384077300E+000  0.799258760571911E+000  0.676870615922700E+000 -0.583481073706260E+001 -0.414561992489886E+001
 -0.414020492572168E+001  0.720078732943637E+002  0.305037896195923E+000  0.681154855104348E+000  0.694962103804077E+000 -0.583481073706260E+001 -0.414020492572168E+001
 -0.413659071365236E+001  0.668579747008713E+002  0.291726574632133E+000  0.655539124470724E+000  0.708273425367868E+000 -0.583481073706260E+001 -0.413659071365235E+001
 -0.413535591820533E+001  0.634741762024594E+002  0.359289459359598E+000  0.769439112838423E+000  0.640710540640402E+000 -0.583481073706260E+001 -0.413535591820533E+001
 -0.413231468470087E+001  0.665362348659721E+002  0.306866616541894E+000  0.778006108304473E+000  0.693133383458106E+000 -0.583481073706260E+001 -0.413231468470087E+001
 -0.413018623101982E+001  0.652981311823922E+002  0.317002883266162E+000  0.759005244180208E+000  0.682997116733838E+000 -0.583481073706260E+001 -0.413018623101982E+001
 -0.412741489158610E+001  0.622663721153278E+002  0.387983826387158E+000  0.647330289983810E+000  0.612016173612842E+000 -0.583481073706260E+001 -0.412741489158610E+001
 -0.412022493188773E+001  0.664698333403125E+002  0.347897927698616E+000  0.565941886456494E+000  0.652102072301384E+000 -0.583481073706260E+001 -0.412022493188773E+001
 -0.411892483955425E+001  0.640649663481700E+002  0.394513520877177E+000  0.722897191035449E+000  0.605486479122823E+000 -0.583481073706260E+001 -0.411892483955425E+001
 -0.411656680965562E+001  0.720914638507363E+002  0.288328795163178E+000  0.618795523896083E+000  0.711671204836822E+000 -0.583481073706260E+001 -0.411656680965562E+001
 -0.411270746166687E+001  0.647638658679422E+002  0.316442658119039E+000  0.678892935174160E+000  0.683557341880961E+000 -0.583481073706260E+001 -0.411270746166687E+001
 -0.411161432816916E+001  0.724232309821840E+002  0.278406553617263E+000  0.742327867098995E+000  0.721593446382737E+000 -0.583481073706260E+001 -0.411161432816916E+001
 -0.410716013271590E+001  0.624041446209385E+002  0.369637814666436E+000  0.720183203152234E+000  0.630362185333564E+000 -0.583481073706260E+001 -0.410716013271590E+001
 -0.409944622936637E+001  0.635087737323507E+002  0.347577997095724E+000  0.748878715623573E+000  0.652422002904276E+000 -0.583481073706260E+001 -0.409944622936637E+001
 -0.409623716362009E+001  0.658336920024370E+002  0.318465799286887E+000  0.780813705824442E+000  0.681534200713113E+000 -0.583481073706260E+001 -0.409623716362009E+001
 -0.409494628274591E+001  0.620999018486046E+002  0.391805369016042E+000  0.694678844766563E+000  0.608194630983958E+000 -0.583481073706260E+001 -0.409494628274592E+001
 -0.409452011794502E+001  0.705613613034120E+002  0.265572690149926E+000  0.691543426218841E+000  0.734427309850074E+000 -0.583481073706260E+001 -0.409452011794502E+001
 -0.408950028862822E+001  0.660533004599068E+002  0.347743836174545E+000  0.565738735546101E+000  0.652256163825455E+000 -0.583481073706260E+001 -0.408950028862822E+001
 -0.408914908695824E+001  0.665751395969169E+002  0.348014389164083E+000  0.568235454720278E+000  0.651985610835917E+000 -0.583481073706260E+001 -0.408914908695824E+001
 -0.408439583214230E+001  0.658494774454379E+002  0.322890190917744E+000  0.788207293923695E+000  0.677109809082256E+000 -0.583481073706260E+001 -0.408439583214230E+001
 -0.408306817244332E+001  0.638847876891368E+002  0.360635840996177E+000  0.776359754762049E+000  0.639364159003823E+000 -0.583481073706260E+001 -0.408306817244332E+001
 -0.408264807845558E+001  0.626343581784481E+002  0.385502672189098E+000  0.634102155071183E+000  0.614497327810902E+000 -0.583481073706260E+001 -0.408264807845558E+001
 -0.408097574561761E+001  0.700061992764268E+002  0.319605349005982E+000  0.775256532211372E+000  0.680394650994018E+000 -0.583481073706260E+001 -0.408097574561761E+001
 -0.408073173141146E+001  0.685195535540552E+002  0.278597428992329E+000  0.651189695712699E+000  0.721402571007671E+000 -0.583481073706260E+001 -0.408073173141146E+001
 -0.407757587320956E+001  0.678558695598900E+002  0.290109647698715E+000  0.760188143439157E+000  0.709890352301285E+000 -0.583481073706260E+001 -0.407757587320956E+001
 -0.407648313979824E+001  0.671125949193683E+002  0.340346299583693E+000  0.800832761724771E+000  0.659653700416307E+000 -0.583481073706260E+001 -0.407648313979824E+001
 -0.407628100378444E+001  0.629754843867449E+002  0.383568376348701E+000  0.748260984433530E+000  0.616431623651299E+000 -0.583481073706260E+001 -0.407628100378444E+001
 -0.406986285343824E+001  0.630907131194954E+002  0.388594939792377E+000  0.628477949626336E+000  0.611405060207623E+000 -0.583481073706260E+001 -0.406986285343825E+001
 -0.406617981224107E+001  0.698246351506349E+002  0.270330018649126E+000  0.714235174500208E+000  0.729669981350874E+000 -0.583481073706260E+001 -0.406617981224107E+001
 -0.404868936877592E+001  0.683481691398095E+002  0.290034318769267E+000  0.596963777126378E+000  0.709965681230733E+000 -0.583481073706260E+001 -0.404868936877592E+001
 -0.404264820185889E+001  0.628702955661232E+002  0.365929356242238E+000  0.738413822427807E+000  0.634070643757762E+000 -0.583481073706260E+001 -0.404264820185890E+001
 -0.403557451999110E+001  0.627987247367736E+002  0.386213821847081E+000  0.734612805636373E+000  0.613786178152919E+000 -0.583481073706260E+001 -0.403557451999110E+001
 -0.402964101981207E+001  0.683185001473688E+002  0.279476539184228E+000  0.683977668540840E+000  0.720523460815772E+000 -0.583481073706260E+001 -0.402964101981208E+001
 -0.402854573548479E+001  0.672774820358297E+002  0.298902223493024E+000  0.767680893015111E+000  0.701097776506976E+000 -0.583481073706260E+001 -0.402854573548479E+001
 -0.402510319028438E+001  0.692088625614726E+002  0.305587752720248E+000  0.796482651450827E+000  0.694412247279752E+000 -0.583481073706260E+001 -0.402510319028438E+001
 -0.401904924415876E+001  0.673800941856375E+002  0.351381770141868E+000  0.592124470897838E+000  0.648618229858132E+000 -0.583481073706260E+001 -0.401904924415876E+001
 -0.401460759778890E+001  0.671109309461300E+002  0.306070103467781E+000  0.584630594873089E+000  0.693929896532219E+000 -0.583481073706260E+001 -0.401460759778890E+001
 -0.401099877806781E+001  0.632118255453060E+002  0.393168277145308E+000  0.648783364165943E+000  0.606831722854692E+000 -0.583481073706260E+001 -0.401099877806781E+001
 -0.401069260999222E+001  0.678450170045091E+002  0.320872541889295E+000  0.801361173909581E+000  0.679127458110705E+000 -0.583481073706260E+001 -0.401069260999222E+001
 -0.401042237791718E+001  0.658420650325708E+002  0.361065631520592E+000  0.584482052893542E+000  0.638934368479408E+000 -0.583481073706260E+001 -0.401042237791718E+001
 -0.400536121190006E+001  0.702404936545133E+002  0.328142481734201E+000  0.653753584830938E+000  0.671857518265799E+000 -0.583481073706260E+001 -0.400536121190006E+001
 -0.400302572011641E+001  0.719654389666705E+002  0.288878954062510E+000  0.624200236972050E+000  0.711121045937490E+000 -0.583481073706260E+001 -0.400302572011641E+001
 -0.400200273551632E+001  0.707960691482154E+002  0.288060682463123E+000  0.773808421426242E+000  0.711939317536877E+000 -0.583481073706260E+001 -0.400200273551632E+001
 -0.399788986764466E+001  0.652626040690580E+002  0.376341345394161E+000  0.614114526113598E+000  0.623658654605839E+000 -0.583481073706260E+001 -0.399788986764466E+001
 -0.399662663130412E+001  0.669461435843765E+002  0.294649495765273E+000  0.727137606523918E+000  0.705350504234727E+000 -0.583481073706260E+001 -0.399662663130412E+001
 -0.399400183748716E+001  0.700203503588856E+002  0.331595713513303E+000  0.660908223796761E+000  0.668404286486697E+000 -0.583481073706260E+001 -0.399400183748716E+001
 -0.399375232165000E+001  0.690088882827858E+002  0.300575870885487E+000  0.791824453583399E+000  0.699424129114512E+000 -0.583481073706260E+001 -0.399375232165000E+001
 -0.399239665091046E+001  0.666214475666844E+002  0.295610899217558E+000  0.691183320642041E+000  0.704389100782442E+000 -0.583481073706260E+001 -0.399239665091046E+001
 -0.398969900191914E+001  0.692686017925751E+002  0.338966377097720E+000  0.636684735757504E+000  0.661033622902280E+000 -0.583481073706260E+001 -0.398969900191914E+001
 -0.398872470255160E+001  0.625320603479592E+002  0.390131540507744E+000  0.664206776222253E+000  0.609868459492256E+000 -0.583481073706260E+001 -0.398872470255160E+001
 -0.398315764059954E+001  0.634414141707904E+002  0.357437828601022E+000  0.748993072012015E+000  0.642562171398978E+000 -0.583481073706260E+001 -0.398315764059954E+001
 -0.397198888960651E+001  0.712383122303334E+002  0.267404009577092E+000  0.661895264695156E+000  0.732595990422908E+000 -0.583481073706260E+001 -0.397198888960651E+001
 -0.397124543926093E+001  0.700435016317222E+002  0.296493012310050E+000  0.783395437510486E+000  0.703506987689950E+000 -0.583481073706260E+001 -0.397124543926093E+001
 -0.396806068036786E+001  0.724546433244096E+002  0.286094836366286E+000  0.662612796084322E+000  0.713905163633714E+000 -0.583481073706260E+001 -0.396806068036786E+001
 -0.396281440244002E+001  0.677055712688920E+002  0.334198555609209E+000  0.792036682490720E+000  0.665801444390791E+000 -0.583481073706260E+001 -0.396281440244002E+001
 -0.396045749214728E+001  0.717224080257477E+002  0.293037856592977E+000  0.621697288895176E+000  0.706962143407023E+000 -0.583481073706260E+001 -0.396045749214728E+001
 -0.395902745805653E+001  0.662548576735852E+002  0.331469447701934E+000  0.792819346605899E+000  0.668530552298066E+000 -0.583481073706260E+001 -0.395902745805653E+001
 -0.395896760146801E+001  0.648820804458552E+002  0.322006440662500E+000  0.730256531561995E+000  0.677993559337500E+000 -0.583481073706260E+001 -0.395896760146801E+001
 -0.395485804407832E+001  0.721513228814755E+002  0.295510786504559E+000  0.671447722476465E+000  0.704489213495441E+000 -0.583481073706260E+001 -0.395485804407832E+001
 -0.395220619076685E+001  0.700923881889089E+002  0.323665194360434E+000  0.745624609037936E+000  0.676334805639566E+000 -0.583481073706260E+001 -0.395220619076685E+001
 -0.394874745083582E+001  0.716753980387697E+002  0.305019198494435E+000  0.698701732292596E+000  0.694980801505565E+000 -0.583481073706260E+001 -0.394874745083582E+001
 -0.394627534150681E+001  0.674538007622037E+002  0.351078979200133E+000  0.765540300995420E+000  0.648921020799867E+000 -0.583481073706260E+001 -0.394627534150681E+001
 -0.394413469396322E+001  0.656485880097550E+002  0.330598486608221E+000  0.781675752278420E+000  0.669401513391779E+000 -0.583481073706260E+001 -0.394413469396322E+001
 -0.394343326874689E+001  0.694660260911022E+002  0.305562023806296E+000  0.787909365880957E+000  0.694437976193704E+000 -0.583481073706260E+001 -0.394343326874688E+001
 -0.393012729301958E+001  0.707767551299522E+002  0.269654872759521E+000  0.710855194491138E+000  0.730345127240479E+000 -0.583481073706260E+001 -0.393012729301958E+001
 -0.393001832480036E+001  0.678709049795201E+002  0.336194634693921E+000  0.576357544485462E+000  0.663805365306079E+000 -0.583481073706260E+001 -0.393001832480036E+001
 -0.392713322965978E+001  0.645007745314455E+002  0.338134520831222E+000  0.757003584575248E+000  0.661865479168778E+000 -0.583481073706260E+001 -0.392713322965978E+001
 -0.391957329559279E+001  0.681880689039328E+002  0.306928311752924E+000  0.788580092041197E+000  0.693071688247076E+000 -0.583481073706260E+001 -0.391957329559279E+001
 -0.391335394681707E+001  0.712738794198444E+002  0.302315868191180E+000  0.742820447951803E+000  0.697684131808820E+000 -0.583481073706260E+001 -0.391335394681707E+001
 -0.389976037795237E+001  0.633443722398831E+002  0.379534912184247E+000  0.736951868278732E+000  0.620465087815753E+000 -0.583481073706260E+001 -0.389976037795237E+001
 -0.389937120483471E+001  0.668113377572840E+002  0.366864253176500E+000  0.717497063042979E+000  0.633135746823500E+000 -0.583481073706260E+001 -0.389937120483471E+001
 -0.389736718478518E+001  0.718800612637329E+002  0.269757263906047E+000  0.671538367800481E+000  0.730242736093953E+000 -0.583481073706260E+001 -0.389736718478518E+001
 -0.388492816570980E+001  0.672902970580089E+002  0.317477851841964E+000  0.788201885913644E+000  0.682522148158036E+000 -0.583481073706260E+001 -0.388492816570980E+001
 -0.388363985907089E+001  0.680048934188966E+002  0.344660514203651E+000  0.759950618667812E+000  0.655339485796349E+000 -0.583481073706260E+001 -0.388363985907089E+001
 -0.387913166252965E+001  0.720281898296531E+002  0.295503447286446E+000  0.681631129362563E+000  0.704496552713554E+000 -0.583481073706260E+001 -0.387913166252966E+001
 -0.387160673723980E+001  0.645371016865658E+002  0.348441550115075E+000  0.594833163034543E+000  0.651558449884925E+000 -0.583481073706260E+001 -0.387160673723980E+001
 -0.386954454334908E+001  0.697353302050448E+002  0.283518406184938E+000  0.605908240685999E+000  0.716481593815062E+000 -0.583481073706260E+001 -0.386954454334908E+001
 -0.386693260028440E+001  0.644650699367619E+002  0.347265001955137E+000  0.762261055085140E+000  0.652734998044863E+000 -0.583481073706260E+001 -0.386693260028440E+001
 -0.386596661132523E+001  0.657957492684072E+002  0.365267284436322E+000  0.602092019840129E+000  0.634732715563678E+000 -0.583481073706260E+001 -0.386596661132523E+001
 -0.386345192461703E+001  0.660764457766448E+002  0.317092140384729E+000  0.762720131828302E+000  0.682907859615271E+000 -0.583481073706260E+001 -0.386345192461703E+001
 -0.386123772939143E+001  0.660648198261219E+002  0.323627967015980E+000  0.774400827586029E+000  0.676372032984019E+000 -0.583481073706260E+001 -0.386123772939142E+001
 -0.386044100213061E+001  0.635645955286465E+002  0.344631983586701E+000  0.685836821820854E+000  0.655368016413298E+000 -0.583481073706260E+001 -0.386044100213061E+001
 -0.386041119080709E+001  0.660970005519922E+002  0.374155179225093E+000  0.660797993659817E+000  0.625844820774907E+000 -0.583481073706260E+001 -0.386041119080710E+001
 -0.385785727200315E+001  0.692849959786290E+002  0.319597336551667E+000  0.774347122561548E+000  0.680402663448333E+000 -0.583481073706260E+001 -0.385785727200315E+001
 -0.385704250644017E+001  0.645762668860401E+002  0.334388140882733E+000  0.618151884546929E+000  0.665611859117267E+000 -0.583481073706260E+001 -0.385704250644017E+001
 -0.385498045285885E+001  0.688954265798971E+002  0.339929201563128E+000  0.629634286307775E+000  0.660070798436872E+000 -0.583481073706260E+001 -0.385498045285885E+001
 -0.385304527791393E+001  0.667576742480597E+002  0.365689615243988E+000  0.640976451046044E+000  0.634310384756012E+000 -0.583481073706260E+001 -0.385304527791393E+001
 -0.384510206962871E+001  0.680131743202069E+002  0.296545493716037E+000  0.598212100651608E+000  0.703454506283963E+000 -0.583481073706260E+001 -0.384510206962871E+001
 -0.383701119335077E+001  0.655143833756543E+002  0.312133644927101E+000  0.689779930612147E+000  0.687866355072899E+000 -0.583481073706260E+001 -0.383701119335078E+001
 -0.383569691338863E+001  0.663922889866126E+002  0.325449316427233E+000  0.780236925567495E+000  0.674550683572767E+000 -0.583481073706260E+001 -0.383569691338863E+001
 -0.383489624411926E+001  0.719847444339799E+002  0.285138765798132E+000  0.718139307732154E+000  0.714861234201868E+000 -0.583481073706260E+001 -0.383489624411926E+001
 -0.383149598308686E+001  0.654169682377559E+002  0.346365020446212E+000  0.776515976677964E+000  0.653634979553788E+000 -0.583481073706260E+001 -0.383149598308686E+001
 -0.382842641677885E+001  0.632049821190010E+002  0.380278853283962E+000  0.720109898072574E+000  0.619721146716038E+000 -0.583481073706260E+001 -0.382842641677884E+001
 -0.382220139554285E+001  0.676542752723083E+002  0.299228390511861E+000  0.757962487874869E+000  0.700771609488139E+000 -0.583481073706260E+001 -0.382220139554285E+001
 -0.381979336575240E+001  0.646184688553221E+002  0.382566155067653E+000  0.715824067534771E+000  0.617433844932347E+000 -0.583481073706260E+001 -0.381979336575240E+001
 -0.380692252455190E+001  0.687728234369740E+002  0.284234087548286E+000  0.729715412062772E+000  0.715765912451714E+000 -0.583481073706260E+001 -0.380692252455190E+001
 -0.380547200675566E+001  0.633311337467452E+002  0.387782573606599E+000  0.684333183366216E+000  0.612217426393401E+000 -0.583481073706260E+001 -0.380547200675566E+001
 -0.380358898507055E+001  0.701503151888033E+002  0.276385291757028E+000  0.722852969204217E+000  0.723614708242972E+000 -0.583481073706260E+001 -0.380358898507055E+001
 -0.380351494651943E+001  0.657715111643558E+002  0.368035352484052E+000  0.614973427740692E+000  0.631964647515948E+000 -0.583481073706260E+001 -0.380351494651944E+001
 -0.380216682573333E+001  0.686959282987970E+002  0.339524268262299E+000  0.620483986808080E+000  0.660475731737701E+000 -0.583481073706260E+001 -0.380216682573333E+001
 -0.380007049692035E+001  0.669867716555087E+002  0.296673290106143E+000  0.707263091166366E+000  0.703326709893857E+000 -0.583481073706260E+001 -0.380007049692035E+001
 -0.379937830776371E+001  0.688316830663235E+002  0.304074443399351E+000  0.777938286701287E+000  0.695925556600649E+000 -0.583481073706260E+001 -0.379937830776371E+001
 -0.379860850331275E+001  0.675345718871272E+002  0.290749959057282E+000  0.664265813802015E+000  0.709250040942718E+000 -0.583481073706260E+001 -0.379860850331275E+001
 -0.379325927293090E+001  0.709923981461258E+002  0.306421373598301E+000  0.629002763433621E+000  0.693578626401699E+000 -0.583481073706260E+001 -0.379325927293089E+001
 -0.379198474896432E+001  0.640884249451934E+002  0.336505571050287E+000  0.693269505495342E+000  0.663494428949713E+000 -0.583481073706260E+001 -0.379198474896432E+001
 -0.378863893384770E+001  0.628897074000799E+002  0.378996012234684E+000  0.680833120530629E+000  0.621003987765316E+000 -0.583481073706260E+001 -0.378863893384770E+001
 -0.378732814656948E+001  0.699811177286714E+002  0.274317766287245E+000  0.673163151805719E+000  0.725682233712755E+000 -0.583481073706260E+001 -0.378732814656948E+001
 -0.378712884421273E+001  0.701006149651377E+002  0.287738193393344E+000  0.757068951338199E+000  0.712261806606656E+000 -0.583481073706260E+001 -0.378712884421273E+001
 -0.378662698462142E+001  0.642507716812129E+002  0.378730914736090E+000  0.731022517239514E+000  0.621269085263910E+000 -0.583481073706260E+001 -0.378662698462142E+001
 -0.378473754097268E+001  0.631225683214397E+002  0.382943783471895E+000  0.661852130490387E+000  0.617056216528105E+000 -0.583481073706260E+001 -0.378473754097268E+001
 -0.378316848268918E+001  0.689143675371541E+002  0.294287677754418E+000  0.764065945911354E+000  0.705712322245582E+000 -0.583481073706260E+001 -0.378316848268918E+001
 -0.378098476360839E+001  0.669552066911676E+002  0.358504634690462E+000  0.620183703115475E+000  0.641495365309538E+000 -0.583481073706260E+001 -0.378098476360839E+001
 -0.377782164473249E+001  0.679771853380953E+002  0.290897208620636E+000  0.629198629051140E+000  0.709102791379364E+000 -0.583481073706260E+001 -0.377782164473249E+001
 -0.377750619285674E+001  0.674660037181868E+002  0.354398298529993E+000  0.626143142026173E+000  0.645601701470007E+000 -0.583481073706260E+001 -0.377750619285674E+001
 -0.377490056500157E+001  0.708489809498855E+002  0.314644001905954E+000  0.686907575976931E+000  0.685355998094046E+000 -0.583481073706260E+001 -0.377490056500156E+001
 -0.377368520195457E+001  0.665876965129420E+002  0.332639608798098E+000  0.780290544704401E+000  0.667360391201902E+000 -0.583481073706260E+001 -0.377368520195457E+001
 -0.377310831983505E+001  0.694048490966040E+002  0.304594280538605E+000  0.581949893818004E+000  0.695405719461395E+000 -0.583481073706260E+001 -0.377310831983505E+001
 -0.377189939267779E+001  0.704707817037949E+002  0.311208002227949E+000  0.615520657464896E+000  0.688791997772051E+000 -0.583481073706260E+001 -0.377189939267780E+001
 -0.377012387544438E+001  0.711668174379716E+002  0.304547885918561E+000  0.720764577919584E+000  0.695452114081439E+000 -0.583481073706260E+001 -0.377012387544438E+001
 -0.376808563015610E+001  0.712207415832327E+002  0.307075913773906E+000  0.699572453892827E+000  0.692924086226094E+000 -0.583481073706260E+001 -0.376808563015610E+001
 -0.376594212962242E+001  0.630157734349362E+002  0.367071060671629E+000  0.677679717257468E+000  0.632928939328371E+000 -0.583481073706260E+001 -0.376594212962242E+001
 -0.376485734321781E+001  0.640117899618257E+002  0.385728237009403E+000  0.667611130213988E+000  0.614271762990597E+000 -0.583481073706260E+001 -0.376485734321781E+001
 -0.376251676609766E+001  0.670136215209485E+002  0.331720726344935E+000  0.780601755460587E+000  0.668279273655065E+000 -0.583481073706260E+001 -0.376251676609767E+001
 -0.376083533107488E+001  0.636285556064650E+002  0.371197201784993E+000  0.731831672064986E+000  0.628802798215007E+000 -0.583481073706260E+001 -0.376083533107488E+001
 -0.375945996287403E+001  0.701588265048586E+002  0.277506425586220E+000  0.721661673886488E+000  0.722493574413780E+000 -0.583481073706260E+001 -0.375945996287403E+001
 -0.375522415717047E+001  0.674551639438048E+002  0.348775862322815E+000  0.605083914120825E+000  0.651224137677185E+000 -0.583481073706260E+001 -0.375522415717047E+001
 -0.375183848538157E+001  0.650564864707010E+002  0.334972119955545E+000  0.752888386280775E+000  0.665027880044455E+000 -0.583481073706260E+001 -0.375183848538157E+001
 -0.374868426789634E+001  0.692113011139704E+002  0.279931588062332E+000  0.653828985288189E+000  0.720068411937668E+000 -0.583481073706260E+001 -0.374868426789634E+001
 -0.374541244189064E+001  0.664865266824504E+002  0.344171587769168E+000  0.773404121573725E+000  0.655828412230832E+000 -0.583481073706260E+001 -0.374541244189064E+001
 -0.374393756998472E+001  0.658493276455999E+002  0.310733500741387E+000  0.656036887535559E+000  0.689266499258613E+000 -0.583481073706260E+001 -0.374393756998472E+001
 -0.374259363701869E+001  0.694973799326369E+002  0.332356207348775E+000  0.649591144228583E+000  0.667643792651225E+000 -0.583481073706260E+001 -0.374259363701869E+001
 -0.374241366165504E+001  0.707159908506814E+002  0.292845953511883E+000  0.750364498454555E+000  0.707154046488117E+000 -0.583481073706260E+001 -0.374241366165504E+001
 -0.373962988600691E+001  0.661997235742611E+002  0.371044201434806E+000  0.678069827809848E+000  0.628955798565194E+000 -0.583481073706260E+001 -0.373962988600691E+001
 -0.373390764547666E+001  0.642781755862119E+002  0.336951684204845E+000  0.647541506106623E+000  0.663048315795155E+000 -0.583481073706260E+001 -0.373390764547666E+001
 -0.373181013018703E+001  0.689990924536533E+002  0.312518810699601E+000  0.580665950996561E+000  0.687481189300399E+000 -0.583481073706260E+001 -0.373181013018703E+001
 -0.373158000499576E+001  0.688939124967149E+002  0.283567135520626E+000  0.640429031362829E+000  0.716432864479374E+000 -0.583481073706260E+001 -0.373158000499576E+001
 -0.372354337928670E+001  0.700548196720726E+002  0.314718495551156E+000  0.746087723256707E+000  0.685281504448844E+000 -0.583481073706260E+001 -0.372354337928670E+001
 -0.372166652420521E+001  0.648344299964451E+002  0.358240075000666E+000  0.756519443572934E+000  0.641759924999334E+000 -0.583481073706260E+001 -0.372166652420521E+001
 -0.371862016768045E+001  0.668142135676605E+002  0.364529225861798E+000  0.688179877225269E+000  0.635470774138202E+000 -0.583481073706260E+001 -0.371862016768045E+001
 -0.371713103445625E+001  0.648643684959815E+002  0.325071389144229E+000  0.692656423983642E+000  0.674928610855771E+000 -0.583481073706260E+001 -0.371713103445625E+001
 -0.371695797779808E+001  0.704428764086124E+002  0.275073447861744E+000  0.660534190814738E+000  0.724926552138256E+000 -0.583481073706260E+001 -0.371695797779808E+001
 -0.371235530405503E+001  0.632121456200342E+002  0.372417221690546E+000  0.701001723930989E+000  0.627582778309454E+000 -0.583481073706260E+001 -0.371235530405503E+001
 -0.370711153621754E+001  0.676115728004894E+002  0.330709390552173E+000  0.774101104714124E+000  0.669290609447827E+000 -0.583481073706260E+001 -0.370711153621754E+001
 -0.370681759577062E+001  0.631375367357358E+002  0.368973199755476E+000  0.677667689123132E+000  0.631026800244524E+000 -0.583481073706260E+001 -0.370681759577062E+001
 -0.369983374855944E+001  0.636466697026102E+002  0.351618835550020E+000  0.699792267517338E+000  0.648381164449980E+000 -0.583481073706260E+001 -0.369983374855945E+001
 -0.369983261729984E+001  0.670996634619608E+002  0.326193322447459E+000  0.775442537121021E+000  0.673806677552541E+000 -0.583481073706260E+001 -0.369983261729984E+001
 -0.369762683034618E+001  0.647880222396186E+002  0.372417395557358E+000  0.622668956869886E+000  0.627582604442642E+000 -0.583481073706260E+001 -0.369762683034618E+001
 -0.369428419578493E+001  0.660409537154015E+002  0.338062478947230E+000  0.769817471528856E+000  0.661937521052770E+000 -0.583481073706260E+001 -0.369428419578493E+001
 -0.369386891436348E+001  0.640746299822426E+002  0.377888542804782E+000  0.717506329211681E+000  0.622111457195218E+000 -0.583481073706260E+001 -0.369386891436348E+001
 -0.369197292626253E+001  0.707534168003601E+002  0.309602437478483E+000  0.637211344632857E+000  0.690397562521517E+000 -0.583481073706260E+001 -0.369197292626253E+001
 -0.369148005006676E+001  0.650490921832097E+002  0.347297130394240E+000  0.595388150453867E+000  0.652702869605760E+000 -0.583481073706260E+001 -0.369148005006676E+001
 -0.368423341602229E+001  0.637418824152822E+002  0.375170987087620E+000  0.638234606852471E+000  0.624829012912380E+000 -0.583481073706260E+001 -0.368423341602229E+001
 -0.367950654029582E+001  0.649536222876243E+002  0.333152803203622E+000  0.736009300041556E+000  0.666847196796378E+000 -0.583481073706260E+001 -0.367950654029582E+001
 -0.367765326038597E+001  0.711303038124618E+002  0.293202991282289E+000  0.730084543932426E+000  0.706797008717711E+000 -0.583481073706260E+001 -0.367765326038597E+001
 -0.367511119883908E+001  0.699870893510065E+002  0.324565424091506E+000  0.658171347964764E+000  0.675434575908494E+000 -0.583481073706260E+001 -0.367511119883908E+001
 -0.367500579029184E+001  0.632205837067404E+002  0.371412332762273E+000  0.682704372149341E+000  0.628587667237727E+000 -0.583481073706260E+001 -0.367500579029184E+001
 -0.367456445482203E+001  0.682773259933094E+002  0.304010326916076E+000  0.763950477061742E+000  0.695989673083924E+000 -0.583481073706260E+001 -0.367456445482203E+001
 -0.367402453971950E+001  0.690671077365689E+002  0.337794794323350E+000  0.686209750254668E+000  0.662205205676650E+000 -0.583481073706260E+001 -0.367402453971950E+001
 -0.367341177427636E+001  0.687642205375530E+002  0.283346036975050E+000  0.674496344179329E+000  0.716653963024950E+000 -0.583481073706260E+001 -0.367341177427636E+001
 -0.367164895172769E+001  0.647781060943749E+002  0.327697916687085E+000  0.687988805573984E+000  0.672302083312915E+000 -0.583481073706260E+001 -0.367164895172769E+001
 -0.367027054861970E+001  0.697843542774319E+002  0.321572921688502E+000  0.621869528646614E+000  0.678427078311498E+000 -0.583481073706260E+001 -0.367027054861970E+001
 -0.366346262896045E+001  0.633294253758618E+002  0.363567491990598E+000  0.680135873626099E+000  0.636432508009402E+000 -0.583481073706260E+001 -0.366346262896045E+001
 -0.366245334892450E+001  0.697257426475442E+002  0.290894242463663E+000  0.603647378601719E+000  0.709105757536337E+000 -0.583481073706260E+001 -0.366245334892450E+001
 -0.365587772162086E+001  0.714711358542468E+002  0.293036712606086E+000  0.647912027756040E+000  0.706963287393914E+000 -0.583481073706260E+001 -0.365587772162086E+001
 -0.365436236426873E+001  0.648527008257374E+002  0.339008197451882E+000  0.740710329222423E+000  0.660991802548118E+000 -0.583481073706260E+001 -0.365436236426873E+001
 -0.365388826818771E+001  0.647095309332948E+002  0.360919531013937E+000  0.606902691137125E+000  0.639080468986063E+000 -0.583481073706260E+001 -0.365388826818771E+001
 -0.365355471683433E+001  0.664340479420511E+002  0.345368151902836E+000  0.763947920196779E+000  0.654631848097164E+000 -0.583481073706260E+001 -0.365355471683433E+001
 -0.365077320570830E+001  0.711306971197169E+002  0.277406790749617E+000  0.696484223380824E+000  0.722593209250384E+000 -0.583481073706260E+001 -0.365077320570830E+001
 -0.364736635968439E+001  0.713109579830603E+002  0.293436348553400E+000  0.715925866975704E+000  0.706563651446600E+000 -0.583481073706260E+001 -0.364736635968439E+001
 -0.364574186429536E+001  0.657945587356489E+002  0.323849932033688E+000  0.744872825042594E+000  0.676150067966312E+000 -0.583481073706260E+001 -0.364574186429536E+001
 -0.364525221752073E+001  0.680990743062951E+002  0.296183482746577E+000  0.739663868549650E+000  0.703816517253423E+000 -0.583481073706260E+001 -0.364525221752073E+001
 -0.364395103683944E+001  0.700614502093651E+002  0.323319760191901E+000  0.682332550709012E+000  0.676680239808099E+000 -0.583481073706260E+001 -0.364395103683944E+001
 -0.364183331459332E+001  0.691146641131268E+002  0.281913145683634E+000  0.682586878566769E+000  0.718086854316366E+000 -0.583481073706260E+001 -0.364183331459332E+001
 -0.362689673640793E+001  0.707385121426109E+002  0.302541829307532E+000  0.623927052665346E+000  0.697458170692469E+000 -0.583481073706260E+001 -0.362689673640793E+001
 -0.362587404532663E+001  0.652576827260478E+002  0.322861038489674E+000  0.648654124425897E+000  0.677138961510326E+000 -0.583481073706260E+001 -0.362587404532663E+001
 -0.362319195419296E+001  0.697186211839133E+002  0.288915298340494E+000  0.740378435118869E+000  0.711084701659506E+000 -0.583481073706260E+001 -0.362319195419296E+001
 -0.362303963730557E+001  0.699164263447926E+002  0.287394888253790E+000  0.614828095059871E+000  0.712605111746210E+000 -0.583481073706260E+001 -0.362303963730557E+001
 -0.362235694624615E+001  0.692214207651013E+002  0.320012884470511E+000  0.599046607211353E+000  0.679987115529489E+000 -0.583481073706260E+001 -0.362235694624615E+001
 -0.362220311791748E+001  0.702084981141979E+002  0.283443568112529E+000  0.725919584412385E+000  0.716556431887471E+000 -0.583481073706260E+001 -0.362220311791748E+001
 -0.361876143712210E+001  0.647167627498309E+002  0.373010149381084E+000  0.718820725323704E+000  0.626989850618916E+000 -0.583481073706260E+001 -0.361876143712210E+001
 -0.361191845107319E+001  0.693900707038734E+002  0.293928148683867E+000  0.748362871288725E+000  0.706071851316133E+000 -0.583481073706260E+001 -0.361191845107319E+001
 -0.361031286267390E+001  0.641547731786970E+002  0.372514135384683E+000  0.717041002086711E+000  0.627485864615317E+000 -0.583481073706260E+001 -0.361031286267390E+001
 -0.360986707948082E+001  0.698262683873296E+002  0.320178165300940E+000  0.726032954151258E+000  0.679821834699060E+000 -0.583481073706260E+001 -0.360986707948082E+001
 -0.360876140226149E+001  0.661179805804443E+002  0.317135465884919E+000  0.616767408563906E+000  0.682864534115081E+000 -0.583481073706260E+001 -0.360876140226149E+001
 -0.360647678996296E+001  0.705958893927502E+002  0.313307994999568E+000  0.688707026949837E+000  0.686692005000432E+000 -0.583481073706260E+001 -0.360647678996296E+001
 -0.360608536422350E+001  0.703886733357086E+002  0.308724437902794E+000  0.729702316430827E+000  0.691275562097206E+000 -0.583481073706260E+001 -0.360608536422349E+001
 -0.360364325532983E+001  0.649724132688944E+002  0.327253543821352E+000  0.695839470609150E+000  0.672746456178648E+000 -0.583481073706260E+001 -0.360364325532984E+001
 -0.360354153078953E+001  0.691185077050723E+002  0.326691029523696E+000  0.612435967843419E+000  0.673308970476304E+000 -0.583481073706260E+001 -0.360354153078953E+001
 -0.360078736667330E+001  0.664074234866205E+002  0.364817742457796E+000  0.656455798857894E+000  0.635182257542204E+000 -0.583481073706260E+001 -0.360078736667330E+001
 -0.359910783335340E+001  0.648945892040230E+002  0.375903544261225E+000  0.693804306185611E+000  0.624096455738775E+000 -0.583481073706260E+001 -0.359910783335340E+001
 -0.359817330669120E+001  0.682144935222995E+002  0.289053135530277E+000  0.669383842170662E+000  0.710946864469723E+000 -0.583481073706260E+001 -0.359817330669120E+001
 -0.359712419426481E+001  0.711498499476631E+002  0.279083364555654E+000  0.666773133206111E+000  0.720916635444346E+000 -0.583481073706260E+001 -0.359712419426481E+001
 -0.359461660475685E+001  0.652939530989483E+002  0.355747819844574E+000  0.748122670516188E+000  0.644252180155426E+000 -0.583481073706260E+001 -0.359461660475685E+001
 -0.359317898356518E+001  0.670383245669816E+002  0.318565756191123E+000  0.588669845681191E+000  0.681434243808877E+000 -0.583481073706260E+001 -0.359317898356518E+001
 -0.359110844638094E+001  0.682648715741183E+002  0.335292695280053E+000  0.744505587103443E+000  0.664707304719947E+000 -0.583481073706260E+001 -0.359110844638094E+001
 -0.358862003052027E+001  0.688817059647852E+002  0.327706392396292E+000  0.607213462743271E+000  0.672293607603708E+000 -0.583481073706260E+001 -0.358862003052027E+001
 -0.358808708807851E+001  0.642699243759303E+002  0.341596269350582E+000  0.655611883086084E+000  0.658403730649418E+000 -0.583481073706260E+001 -0.358808708807851E+001
 -0.358727301292324E+001  0.667341279520445E+002  0.338100260085525E+000  0.762422201232009E+000  0.661899739914475E+000 -0.583481073706260E+001 -0.358727301292324E+001
 -0.358668601501463E+001  0.700736791228539E+002  0.320450450944642E+000  0.654230325766538E+000  0.679549549055358E+000 -0.583481073706260E+001 -0.358668601501463E+001
 -0.358469627607607E+001  0.709931028082761E+002  0.303508617855078E+000  0.653074789980770E+000  0.696491382144922E+000 -0.583481073706260E+001 -0.358469627607606E+001
 -0.358376735737895E+001  0.652713642086077E+002  0.359946463336801E+000  0.608201486072958E+000  0.640053536663199E+000 -0.583481073706260E+001 -0.358376735737895E+001
 -0.358370896538170E+001  0.690220900992912E+002  0.287362798029113E+000  0.632284109506392E+000  0.712637201970887E+000 -0.583481073706260E+001 -0.358370896538170E+001
 -0.358341775028870E+001  0.713198976872939E+002  0.292358995123219E+000  0.701936971636507E+000  0.707641004876781E+000 -0.583481073706260E+001 -0.358341775028870E+001
 -0.358196203213226E+001  0.654676106969554E+002  0.326499272471626E+000  0.729511812393892E+000  0.673500727528374E+000 -0.583481073706260E+001 -0.358196203213226E+001
 -0.357987468284675E+001  0.693203624775441E+002  0.326004368376789E+000  0.728272243792696E+000  0.673995631623211E+000 -0.583481073706260E+001 -0.357987468284675E+001
 -0.357896300477218E+001  0.695091535742454E+002  0.297721190046008E+000  0.749911350683145E+000  0.702278809953992E+000 -0.583481073706260E+001 -0.357896300477218E+001
 -0.357844942473342E+001  0.636520939641830E+002  0.372132785030990E+000  0.691359479477628E+000  0.627867214969010E+000 -0.583481073706260E+001 -0.357844942473342E+001
 -0.357722432050045E+001  0.709206297073155E+002  0.278949855537799E+000  0.683562875478664E+000  0.721050144462201E+000 -0.583481073706260E+001 -0.357722432050045E+001
 -0.357692310104158E+001  0.682773315687300E+002  0.299310036686684E+000  0.744706109371592E+000  0.700689963313316E+000 -0.583481073706260E+001 -0.357692310104158E+001
 -0.357502647952284E+001  0.707297461625759E+002  0.284237318404194E+000  0.716927697705482E+000  0.715762681595806E+000 -0.583481073706260E+001 -0.357502647952284E+001
 -0.357204817909208E+001  0.667608869417183E+002  0.312061628306253E+000  0.739675348869855E+000  0.687938371693747E+000 -0.583481073706260E+001 -0.357204817909208E+001
 -0.356978453926155E+001  0.692352993056430E+002  0.291271462903757E+000  0.613487701634044E+000  0.708728537096243E+000 -0.583481073706260E+001 -0.356978453926155E+001
 -0.356563407321010E+001  0.677342324477465E+002  0.349237222118065E+000  0.708034901447532E+000  0.650762777881935E+000 -0.583481073706260E+001 -0.356563407321011E+001
 -0.356460230495642E+001  0.645334310334066E+002  0.365370429825737E+000  0.622775309587174E+000  0.634629570174263E+000 -0.583481073706260E+001 -0.356460230495642E+001
 -0.356246988049146E+001  0.686934646632051E+002  0.312739069344384E+000  0.759765715173046E+000  0.687260930655616E+000 -0.583481073706260E+001 -0.356246988049146E+001
 -0.356229366205361E+001  0.691306508130188E+002  0.286039431491587E+000  0.640405074523755E+000  0.713960568508412E+000 -0.583481073706260E+001 -0.356229366205362E+001
 -0.356225141191571E+001  0.692009190510309E+002  0.323027696834835E+000  0.609519906340507E+000  0.676972303165165E+000 -0.583481073706260E+001 -0.356225141191571E+001
 -0.356083951866544E+001  0.672469422038751E+002  0.354137939663887E+000  0.641543228306887E+000  0.645862060336113E+000 -0.583481073706260E+001 -0.356083951866544E+001
 -0.356082111818797E+001  0.701838922126534E+002  0.281709200506915E+000  0.706235746776269E+000  0.718290799493085E+000 -0.583481073706260E+001 -0.356082111818797E+001
 -0.355977884620688E+001  0.711902531620515E+002  0.292537620885618E+000  0.705722424078056E+000  0.707462379114382E+000 -0.583481073706260E+001 -0.355977884620689E+001
 -0.355838320749125E+001  0.665914554990431E+002  0.314176150835765E+000  0.611087272236875E+000  0.685823849164235E+000 -0.583481073706260E+001 -0.355838320749125E+001
 -0.355826652196819E+001  0.642576469430248E+002  0.343174031509911E+000  0.656440999229485E+000  0.656825968490089E+000 -0.583481073706260E+001 -0.355826652196819E+001
 -0.355577228999643E+001  0.700420008676875E+002  0.317604099464503E+000  0.637720265724728E+000  0.682395900535497E+000 -0.583481073706260E+001 -0.355577228999643E+001
 -0.355417040326023E+001  0.637741700536734E+002  0.356148157294748E+000  0.682560961731006E+000  0.643851842705252E+000 -0.583481073706260E+001 -0.355417040326023E+001
 -0.355316251454501E+001  0.710671533394813E+002  0.291540466702151E+000  0.638278791236782E+000  0.708459533297849E+000 -0.583481073706260E+001 -0.355316251454501E+001
 -0.355312803029457E+001  0.712224452296238E+002  0.291220244781052E+000  0.647962826405561E+000  0.708779755218948E+000 -0.583481073706260E+001 -0.355312803029457E+001
 -0.355269802532862E+001  0.705430617242973E+002  0.302844261587697E+000  0.623759412344374E+000  0.697155738412303E+000 -0.583481073706260E+001 -0.355269802532862E+001
 -0.355158949180063E+001  0.677405418600561E+002  0.294025204738394E+000  0.681199005910885E+000  0.705974795261606E+000 -0.583481073706260E+001 -0.355158949180063E+001
 -0.355141825376207E+001  0.704425265182394E+002  0.314387538150106E+000  0.676215398060547E+000  0.685612461849894E+000 -0.583481073706260E+001 -0.355141825376207E+001
 -0.354851109638847E+001  0.684389199011273E+002  0.301296333407653E+000  0.748107585677512E+000  0.698703666592347E+000 -0.583481073706260E+001 -0.354851109638847E+001
 -0.354822613585590E+001  0.653176819762085E+002  0.323069405670963E+000  0.660627309122435E+000  0.676930594329037E+000 -0.583481073706260E+001 -0.354822613585590E+001
 -0.354668709374557E+001  0.681810400969806E+002  0.345670261260573E+000  0.675482419071751E+000  0.654329738739427E+000 -0.583481073706260E+001 -0.354668709374557E+001
 -0.354668519975129E+001  0.694291799065679E+002  0.327434702808641E+000  0.642157317546651E+000  0.672565297191359E+000 -0.583481073706260E+001 -0.354668519975129E+001
 -0.354584048720875E+001  0.690645565612756E+002  0.285834938280243E+000  0.648515102450453E+000  0.714165061719757E+000 -0.583481073706260E+001 -0.354584048720874E+001
 -0.354457522470779E+001  0.694243839500852E+002  0.291547681219661E+000  0.613421533484868E+000  0.708452318780339E+000 -0.583481073706260E+001 -0.354457522470780E+001
 -0.354364127092604E+001  0.695242315523411E+002  0.293304762723888E+000  0.609009315017636E+000  0.706695237276112E+000 -0.583481073706260E+001 -0.354364127092605E+001
 -0.354131670728228E+001  0.639665450344311E+002  0.359351150778929E+000  0.641629516850590E+000  0.640648849221071E+000 -0.583481073706260E+001 -0.354131670728228E+001
 -0.353819159530318E+001  0.696997338045741E+002  0.304534373763413E+000  0.746391175489993E+000  0.695465626236587E+000 -0.583481073706260E+001 -0.353819159530318E+001
 -0.353658056862671E+001  0.704422410387420E+002  0.312295067057911E+000  0.651351851550742E+000  0.687704932942089E+000 -0.583481073706260E+001 -0.353658056862671E+001
 -0.353472461583914E+001  0.646469461279036E+002  0.335980754130712E+000  0.654326463490106E+000  0.664019245869288E+000 -0.583481073706260E+001 -0.353472461583914E+001
 -0.353329461769495E+001  0.681396064275472E+002  0.320886175637799E+000  0.587152583931922E+000  0.679113824362201E+000 -0.583481073706260E+001 -0.353329461769495E+001
 -0.352901720494883E+001  0.670196650366071E+002  0.328090911168645E+000  0.759631110840475E+000  0.671909088831355E+000 -0.583481073706260E+001 -0.352901720494883E+001
 -0.352848140424717E+001  0.640661844831459E+002  0.362889486887048E+000  0.637760751249463E+000  0.637110513112952E+000 -0.583481073706260E+001 -0.352848140424717E+001
 -0.352792149005927E+001  0.663460370386495E+002  0.316965043931784E+000  0.732988069787327E+000  0.683034956068216E+000 -0.583481073706260E+001 -0.352792149005927E+001
 -0.352760617534180E+001  0.697693812453734E+002  0.316586554907472E+000  0.728027980084473E+000  0.683413445092528E+000 -0.583481073706260E+001 -0.352760617534180E+001
 -0.352658571769540E+001  0.655540505580168E+002  0.320085373321913E+000  0.688602839394985E+000  0.679914626678087E+000 -0.583481073706260E+001 -0.352658571769540E+001
 -0.352364300362327E+001  0.639051576343023E+002  0.365876438412633E+000  0.648846827033439E+000  0.634123561587367E+000 -0.583481073706260E+001 -0.352364300362327E+001
 -0.352171048154508E+001  0.648310804423704E+002  0.354116426594782E+000  0.613033384530607E+000  0.645883573405218E+000 -0.583481073706260E+001 -0.352171048154508E+001
 -0.352140145012602E+001  0.671355956070857E+002  0.306481193922988E+000  0.728368907572644E+000  0.693518806077012E+000 -0.583481073706260E+001 -0.352140145012602E+001
 -0.352086547867213E+001  0.694458923628065E+002  0.298850731507503E+000  0.744838139750551E+000  0.701149268492497E+000 -0.583481073706260E+001 -0.352086547867213E+001
 -0.351858698945815E+001  0.642055132691197E+002  0.369040899098572E+000  0.642096172337490E+000  0.630959100901428E+000 -0.583481073706260E+001 -0.351858698945815E+001
 -0.351393952520281E+001  0.680033206209945E+002  0.325448613164965E+000  0.589707243921977E+000  0.674551386835035E+000 -0.583481073706260E+001 -0.351393952520281E+001
 -0.351215726853779E+001  0.695468413951728E+002  0.307136828923400E+000  0.745388719182528E+000  0.692863171076600E+000 -0.583481073706260E+001 -0.351215726853779E+001
 -0.350987866341136E+001  0.639876914763231E+002  0.363236707660531E+000  0.645581185700837E+000  0.636763292339469E+000 -0.583481073706260E+001 -0.350987866341136E+001
 -0.350738976966939E+001  0.674576342190846E+002  0.351413210990904E+000  0.700152545073877E+000  0.648586789009096E+000 -0.583481073706260E+001 -0.350738976966939E+001
 -0.350667775599289E+001  0.644595433314406E+002  0.351131122270237E+000  0.627762270369370E+000  0.648868877729763E+000 -0.583481073706260E+001 -0.350667775599289E+001
 -0.350665966024308E+001  0.703026992759088E+002  0.315143884659502E+000  0.677220706763194E+000  0.684856115340498E+000 -0.583481073706260E+001 -0.350665966024308E+001
 -0.350620546825961E+001  0.670626517626364E+002  0.333611019757437E+000  0.756285743068932E+000  0.666388980242563E+000 -0.583481073706260E+001 -0.350620546825961E+001
 -0.350453824805645E+001  0.648043993967327E+002  0.333237658510428E+000  0.685636637918419E+000  0.666762341489572E+000 -0.583481073706260E+001 -0.350453824805645E+001
 -0.350368515429621E+001  0.643349506008102E+002  0.369221196096199E+000  0.642474568236560E+000  0.630778803903801E+000 -0.583481073706260E+001 -0.350368515429621E+001
 -0.350271266739575E+001  0.691015143872808E+002  0.326704826872220E+000  0.725427969108758E+000  0.673295173127780E+000 -0.583481073706260E+001 -0.350271266739575E+001
 -0.350176128155612E+001  0.705397746153132E+002  0.294375371545717E+000  0.624342764463072E+000  0.705624628454283E+000 -0.583481073706260E+001 -0.350176128155612E+001
 -0.349981356963937E+001  0.662619228144928E+002  0.352360204932212E+000  0.607833053501283E+000  0.647639795067788E+000 -0.583481073706260E+001 -0.349981356963937E+001
 -0.349887593506602E+001  0.700246287817513E+002  0.299361769237095E+000  0.735993582184810E+000  0.700638230762905E+000 -0.583481073706260E+001 -0.349887593506602E+001
 -0.349666031370123E+001  0.660822253762921E+002  0.342372799742780E+000  0.750142830918171E+000  0.657627200257220E+000 -0.583481073706260E+001 -0.349666031370123E+001
 -0.349631675864863E+001  0.698881761231456E+002  0.304923186106293E+000  0.609074463636392E+000  0.695076813893707E+000 -0.583481073706260E+001 -0.349631675864863E+001
 -0.349577805166386E+001  0.707002797463208E+002  0.286418733776371E+000  0.707548001659432E+000  0.713581266223629E+000 -0.583481073706260E+001 -0.349577805166387E+001
 -0.348962457743269E+001  0.693911140399864E+002  0.328150239899016E+000  0.659374441387521E+000  0.671849760100984E+000 -0.583481073706260E+001 -0.348962457743269E+001
 -0.348826768168202E+001  0.652601542220262E+002  0.351843461875962E+000  0.608028279726888E+000  0.648156538124038E+000 -0.583481073706260E+001 -0.348826768168202E+001
 -0.348608420325183E+001  0.673179017603744E+002  0.343369959076183E+000  0.608146829190506E+000  0.656630040923817E+000 -0.583481073706260E+001 -0.348608420325183E+001
 -0.348585816901125E+001  0.670319426954934E+002  0.349496246584513E+000  0.618223779045636E+000  0.650503753415487E+000 -0.583481073706260E+001 -0.348585816901126E+001
 -0.348577576996036E+001  0.640419424097295E+002  0.355649068757675E+000  0.653747068671056E+000  0.644350931242325E+000 -0.583481073706260E+001 -0.348577576996036E+001
 -0.348542125442533E+001  0.652133151180596E+002  0.360104358713216E+000  0.728675609933346E+000  0.639895641286784E+000 -0.583481073706260E+001 -0.348542125442533E+001
 -0.348451370641485E+001  0.686969293936587E+002  0.336216592439180E+000  0.647037782963506E+000  0.663783407560820E+000 -0.583481073706260E+001 -0.348451370641486E+001
 -0.347928952230977E+001  0.656149705713508E+002  0.364806393905159E+000  0.710064849941057E+000  0.635193606094841E+000 -0.583481073706260E+001 -0.347928952230977E+001
 -0.347829497952659E+001  0.683720802542285E+002  0.315753801974506E+000  0.753274838948701E+000  0.684246198025494E+000 -0.583481073706260E+001 -0.347829497952659E+001
 -0.347792817641663E+001  0.649779216016622E+002  0.339636385376041E+000  0.624064550533854E+000  0.660363614623959E+000 -0.583481073706260E+001 -0.347792817641663E+001
 -0.347451928862705E+001  0.647982266337740E+002  0.347128966252908E+000  0.725100513088412E+000  0.652871033747092E+000 -0.583481073706260E+001 -0.347451928862705E+001
 -0.347443379817051E+001  0.682383609176166E+002  0.305171173737745E+000  0.744479672434853E+000  0.694828826262255E+000 -0.583481073706260E+001 -0.347443379817051E+001
 -0.347327833131372E+001  0.691804636283619E+002  0.291549101535568E+000  0.623674940902179E+000  0.708450898464432E+000 -0.583481073706260E+001 -0.347327833131372E+001
 -0.347291381035328E+001  0.658101592395441E+002  0.362918137808388E+000  0.634915401573594E+000  0.637081862191612E+000 -0.583481073706260E+001 -0.347291381035327E+001
 -0.346834545554198E+001  0.657962101894319E+002  0.322293395526578E+000  0.631773186738945E+000  0.677706604473422E+000 -0.583481073706260E+001 -0.346834545554198E+001
 -0.346782891230479E+001  0.651775097187491E+002  0.370386139935622E+000  0.669060522478464E+000  0.629613860064378E+000 -0.583481073706260E+001 -0.346782891230479E+001
 -0.346564378096749E+001  0.677625986030702E+002  0.340718432986014E+000  0.729843892912602E+000  0.659281567013986E+000 -0.583481073706260E+001 -0.346564378096748E+001
 -0.346374167962785E+001  0.651093943520552E+002  0.338619145083561E+000  0.621520152361734E+000  0.661380854916439E+000 -0.583481073706260E+001 -0.346374167962785E+001
 -0.346001791761187E+001  0.687632809700486E+002  0.300199730006739E+000  0.606122981951929E+000  0.699800269993261E+000 -0.583481073706260E+001 -0.346001791761187E+001
 -0.345901024733262E+001  0.674668782421932E+002  0.337362392155633E+000  0.600796982836772E+000  0.662637607844367E+000 -0.583481073706260E+001 -0.345901024733262E+001
 -0.345819043129387E+001  0.683650281104871E+002  0.329838038047035E+000  0.606767903782370E+000  0.670161961952965E+000 -0.583481073706260E+001 -0.345819043129387E+001
 -0.345234805681330E+001  0.643681431749445E+002  0.365870768326246E+000  0.643992514946906E+000  0.634129231673754E+000 -0.583481073706260E+001 -0.345234805681330E+001
 -0.345089177310838E+001  0.695307599069798E+002  0.321599913859915E+000  0.634533773875220E+000  0.678400086140085E+000 -0.583481073706260E+001 -0.345089177310838E+001
 -0.345032358261497E+001  0.689707686430308E+002  0.294966082862329E+000  0.727524557684001E+000  0.705033917137671E+000 -0.583481073706260E+001 -0.345032358261497E+001
 -0.344985163379622E+001  0.651446529887676E+002  0.349102115650331E+000  0.732161121981495E+000  0.650897884349669E+000 -0.583481073706260E+001 -0.344985163379622E+001
 -0.344690523061312E+001  0.646248988673455E+002  0.353558489818801E+000  0.718371451348378E+000  0.646441510181199E+000 -0.583481073706260E+001 -0.344690523061312E+001
 -0.344685117395636E+001  0.709141663434142E+002  0.296500664426283E+000  0.689825195870146E+000  0.703499335573717E+000 -0.583481073706260E+001 -0.344685117395636E+001
 -0.344628961570304E+001  0.652669831684852E+002  0.360756188390027E+000  0.721589875912354E+000  0.639243811609973E+000 -0.583481073706260E+001 -0.344628961570304E+001
 -0.344385610529015E+001  0.695348904270107E+002  0.316780215760256E+000  0.725598204979354E+000  0.683219784239744E+000 -0.583481073706260E+001 -0.344385610529015E+001
 -0.344154658648771E+001  0.642361504117222E+002  0.355206708863127E+000  0.698132392861749E+000  0.644793291136873E+000 -0.583481073706260E+001 -0.344154658648771E+001
 -0.344141020277328E+001  0.691493938438884E+002  0.300731883993774E+000  0.605706397990289E+000  0.699268116006226E+000 -0.583481073706260E+001 -0.344141020277328E+001
 -0.344134768356827E+001  0.660009217895895E+002  0.315959910130134E+000  0.674194805080240E+000  0.684040089869866E+000 -0.583481073706260E+001 -0.344134768356827E+001
 -0.344061459395310E+001  0.666010722001380E+002  0.358394387523570E+000  0.693059521229121E+000  0.641605612476430E+000 -0.583481073706260E+001 -0.344061459395310E+001
 -0.344014696731323E+001  0.659929940243646E+002  0.316179832741815E+000  0.667366745789837E+000  0.683820167258185E+000 -0.583481073706260E+001 -0.344014696731323E+001
 -0.343974170727516E+001  0.676702508367952E+002  0.347393738869480E+000  0.649413311818393E+000  0.652606261130520E+000 -0.583481073706260E+001 -0.343974170727516E+001
 -0.343865037579108E+001  0.650930242774911E+002  0.330238293614573E+000  0.669274774747172E+000  0.669761706385427E+000 -0.583481073706260E+001 -0.343865037579108E+001
 -0.343746118266927E+001  0.675091789870348E+002  0.346630676913927E+000  0.712975682107732E+000  0.653369323086073E+000 -0.583481073706260E+001 -0.343746118266927E+001
 -0.343640187272104E+001  0.667013698343244E+002  0.354480500106733E+000  0.632729757930457E+000  0.645519499893267E+000 -0.583481073706260E+001 -0.343640187272104E+001
 -0.343423844425214E+001  0.697279234440619E+002  0.317973249038247E+000  0.635320117197828E+000  0.682026750961753E+000 -0.583481073706260E+001 -0.343423844425214E+001
 -0.343323122423425E+001  0.693591815133652E+002  0.317677224047761E+000  0.728894181509680E+000  0.682322775952239E+000 -0.583481073706260E+001 -0.343323122423425E+001
 -0.343222028309100E+001  0.688316058429722E+002  0.329806198629364E+000  0.716585590492009E+000  0.670193801370636E+000 -0.583481073706260E+001 -0.343222028309101E+001
 -0.343153965635458E+001  0.678233753044785E+002  0.311721762792455E+000  0.598454963647643E+000  0.688278237207545E+000 -0.583481073706260E+001 -0.343153965635458E+001
 -0.342969524942408E+001  0.654403376461443E+002  0.363305000130791E+000  0.710066324015779E+000  0.636694999869209E+000 -0.583481073706260E+001 -0.342969524942408E+001
 -0.342941872220698E+001  0.659839962401312E+002  0.330025109242730E+000  0.736034516636367E+000  0.669974890757270E+000 -0.583481073706260E+001 -0.342941872220698E+001
 -0.342923947997105E+001  0.672224128652541E+002  0.351392288994045E+000  0.645715449507769E+000  0.648607711005955E+000 -0.583481073706260E+001 -0.342923947997105E+001
 -0.342862614317246E+001  0.643159645869430E+002  0.362712178916542E+000  0.699626747886393E+000  0.637287821083458E+000 -0.583481073706260E+001 -0.342862614317246E+001
 -0.342836088415943E+001  0.647607069625397E+002  0.358899111820019E+000  0.717059965577690E+000  0.641100888179981E+000 -0.583481073706260E+001 -0.342836088415943E+001
 -0.342634649107247E+001  0.688445327772510E+002  0.292650131866106E+000  0.632291787619823E+000  0.707349868133894E+000 -0.583481073706260E+001 -0.342634649107247E+001
 -0.342574571449857E+001  0.668103283263671E+002  0.322182759348483E+000  0.743327598034949E+000  0.677817240651517E+000 -0.583481073706260E+001 -0.342574571449857E+001
 -0.342544742417487E+001  0.704215481727789E+002  0.293632444153829E+000  0.713327522380364E+000  0.706367555846171E+000 -0.583481073706260E+001 -0.342544742417487E+001
 -0.342419366200588E+001  0.698128349506595E+002  0.302042299551089E+000  0.730580792950718E+000  0.697957700448911E+000 -0.583481073706260E+001 -0.342419366200588E+001
 -0.342320569398402E+001  0.685677281931719E+002  0.324916061404912E+000  0.737789325841240E+000  0.675083938595088E+000 -0.583481073706260E+001 -0.342320569398402E+001
 -0.342049339663007E+001  0.677906368746182E+002  0.329274896849588E+000  0.745483353084003E+000  0.670725103150412E+000 -0.583481073706260E+001 -0.342049339663007E+001
 -0.341857381115279E+001  0.689887256617932E+002  0.306220344041690E+000  0.741092951741610E+000  0.693779655958310E+000 -0.583481073706260E+001 -0.341857381115279E+001
 -0.341732138598557E+001  0.701859230135319E+002  0.304480576785932E+000  0.627163413326315E+000  0.695519423214068E+000 -0.583481073706260E+001 -0.341732138598557E+001
 -0.341384952477768E+001  0.643425088592949E+002  0.351918194952524E+000  0.651828942333400E+000  0.648081805047476E+000 -0.583481073706260E+001 -0.341384952477768E+001
 -0.341359610290611E+001  0.702360263335163E+002  0.311913485382819E+000  0.686730478389516E+000  0.688086514617181E+000 -0.583481073706260E+001 -0.341359610290611E+001
 -0.341311529086661E+001  0.686579407616550E+002  0.327039688586117E+000  0.729766174032238E+000  0.672960311413883E+000 -0.583481073706260E+001 -0.341311529086660E+001
 -0.341252005299487E+001  0.683322220640449E+002  0.317573657935736E+000  0.746418090495862E+000  0.682426342064264E+000 -0.583481073706260E+001 -0.341252005299487E+001
 -0.341233725191661E+001  0.685640290095859E+002  0.336662421882146E+000  0.655405195910639E+000  0.663337578117854E+000 -0.583481073706260E+001 -0.341233725191661E+001
 -0.341132955090993E+001  0.644469185209511E+002  0.356072884053207E+000  0.704663454036358E+000  0.643927115946793E+000 -0.583481073706260E+001 -0.341132955090992E+001
 -0.341121356795972E+001  0.703212455955995E+002  0.286167831339866E+000  0.691551251971392E+000  0.713832168660134E+000 -0.583481073706260E+001 -0.341121356795972E+001
 -0.340939320163969E+001  0.669954631936885E+002  0.309182522046086E+000  0.715505230930271E+000  0.690817477953914E+000 -0.583481073706260E+001 -0.340939320163969E+001
 -0.340835453849052E+001  0.659600285083856E+002  0.319287698367859E+000  0.646168264571786E+000  0.680712301632141E+000 -0.583481073706260E+001 -0.340835453849052E+001
 -0.340818582058265E+001  0.645122534102730E+002  0.351850355141519E+000  0.639741150772405E+000  0.648149644858481E+000 -0.583481073706260E+001 -0.340818582058265E+001
 -0.340740462672804E+001  0.642033878378188E+002  0.363374995560867E+000  0.662952279333321E+000  0.636625004439133E+000 -0.583481073706260E+001 -0.340740462672804E+001
 -0.340614817323202E+001  0.661732397763430E+002  0.330618936964107E+000  0.604455901541315E+000  0.669381063035893E+000 -0.583481073706260E+001 -0.340614817323202E+001
 -0.340550949325339E+001  0.667157071666165E+002  0.356861375742502E+000  0.684122178361916E+000  0.643138624257498E+000 -0.583481073706260E+001 -0.340550949325339E+001
 -0.340459577473324E+001  0.647504373037910E+002  0.363992732533006E+000  0.640748232380749E+000  0.636007267466994E+000 -0.583481073706260E+001 -0.340459577473324E+001
 -0.340414411706433E+001  0.657922007204861E+002  0.339915342429955E+000  0.736812027926209E+000  0.660084657570045E+000 -0.583481073706260E+001 -0.340414411706433E+001
 -0.339969105847835E+001  0.694030297035092E+002  0.323092723678701E+000  0.641357303253453E+000  0.676907276321299E+000 -0.583481073706260E+001 -0.339969105847835E+001
 -0.339947862877637E+001  0.677267401104608E+002  0.343392023816591E+000  0.633701263163855E+000  0.656607976183409E+000 -0.583481073706260E+001 -0.339947862877637E+001
 -0.339928802336627E+001  0.659327473473075E+002  0.318559747230779E+000  0.683316540383812E+000  0.681440252769221E+000 -0.583481073706260E+001 -0.339928802336627E+001
 -0.339862258492498E+001  0.656040932200766E+002  0.339448410001682E+000  0.610579193792875E+000  0.660551589998318E+000 -0.583481073706260E+001 -0.339862258492498E+001
 -0.339822915030075E+001  0.699805079991224E+002  0.306352514027262E+000  0.719894680625687E+000  0.693647485972738E+000 -0.583481073706260E+001 -0.339822915030075E+001
 -0.339802837109746E+001  0.657087665885762E+002  0.334388387403361E+000  0.730094324152192E+000  0.665611612596639E+000 -0.583481073706260E+001 -0.339802837109746E+001
 -0.339740804909373E+001  0.646676292457778E+002  0.368276169139952E+000  0.673134722307390E+000  0.631723830860048E+000 -0.583481073706260E+001 -0.339740804909373E+001
 -0.339463431883998E+001  0.679097316579407E+002  0.312231207643150E+000  0.742078297377341E+000  0.687768792356850E+000 -0.583481073706260E+001 -0.339463431883998E+001
 -0.339391287583587E+001  0.692002920909925E+002  0.294751558718845E+000  0.622392672345168E+000  0.705248441281155E+000 -0.583481073706260E+001 -0.339391287583587E+001
 -0.339356504723167E+001  0.683784611633887E+002  0.315575256620967E+000  0.744215413606981E+000  0.684424743379033E+000 -0.583481073706260E+001 -0.339356504723167E+001
 -0.339349251445413E+001  0.655318116952971E+002  0.340053055054129E+000  0.612474485349253E+000  0.659946944945871E+000 -0.583481073706260E+001 -0.339349251445413E+001
 -0.339118220597547E+001  0.664623269485929E+002  0.311530490002111E+000  0.672128784248419E+000  0.688469509997889E+000 -0.583481073706260E+001 -0.339118220597547E+001
 -0.339116382914201E+001  0.642566547802325E+002  0.355066038821230E+000  0.668406725325012E+000  0.644933961178770E+000 -0.583481073706260E+001 -0.339116382914201E+001
 -0.339114162311068E+001  0.703754995248032E+002  0.302317475703700E+000  0.706133329310576E+000  0.697682524296300E+000 -0.583481073706260E+001 -0.339114162311068E+001
 -0.339097387199455E+001  0.698365803395684E+002  0.293772972498493E+000  0.625238126168695E+000  0.706227027501507E+000 -0.583481073706260E+001 -0.339097387199455E+001
 -0.338743820169790E+001  0.665210388548607E+002  0.324603764975150E+000  0.736357486575543E+000  0.675396235024850E+000 -0.583481073706260E+001 -0.338743820169790E+001
 -0.338548635350633E+001  0.707401752061020E+002  0.295452969521741E+000  0.685950547781468E+000  0.704547030478259E+000 -0.583481073706260E+001 -0.338548635350633E+001
 -0.338517905309854E+001  0.655118872527152E+002  0.340504245807268E+000  0.613510009143400E+000  0.659495754192732E+000 -0.583481073706260E+001 -0.338517905309854E+001
 -0.338461041036842E+001  0.659293180370293E+002  0.361536716276288E+000  0.694053266852228E+000  0.638463283723712E+000 -0.583481073706260E+001 -0.338461041036842E+001
 -0.338283792196323E+001  0.668131902712283E+002  0.354143414842956E+000  0.647410706780422E+000  0.645856585157044E+000 -0.583481073706260E+001 -0.338283792196323E+001
 -0.338176446212169E+001  0.661110013162858E+002  0.317358824335026E+000  0.691815381938510E+000  0.682641175664974E+000 -0.583481073706260E+001 -0.338176446212169E+001
 -0.337480833725338E+001  0.705856554357884E+002  0.290351673193992E+000  0.654894959610810E+000  0.709648326806008E+000 -0.583481073706260E+001 -0.337480833725338E+001
 -0.337318672301814E+001  0.667407377143273E+002  0.319795320190012E+000  0.732059732254464E+000  0.680204679809988E+000 -0.583481073706260E+001 -0.337318672301814E+001
 -0.337139957649898E+001  0.669494762068906E+002  0.319862409694444E+000  0.604945867310792E+000  0.680137590305556E+000 -0.583481073706260E+001 -0.337139957649898E+001
 -0.337115588954230E+001  0.656590769032780E+002  0.328612963173371E+000  0.712111249862189E+000  0.671387036826629E+000 -0.583481073706260E+001 -0.337115588954230E+001
 -0.337006071070462E+001  0.679354049776400E+002  0.326966991019520E+000  0.600774110872393E+000  0.673033008980480E+000 -0.583481073706260E+001 -0.337006071070462E+001
 -0.336799230369872E+001  0.703495432496089E+002  0.305386122012463E+000  0.694521688241710E+000  0.694613877987537E+000 -0.583481073706260E+001 -0.336799230369872E+001
 -0.336770254923080E+001  0.655379940005542E+002  0.360173697446125E+000  0.707626695834297E+000  0.639826302553875E+000 -0.583481073706260E+001 -0.336770254923080E+001
 -0.336336601633871E+001  0.650827603348022E+002  0.341413454205912E+000  0.630983934552010E+000  0.658586545794088E+000 -0.583481073706260E+001 -0.336336601633871E+001
 -0.336178929118688E+001  0.687055056339366E+002  0.294756081163822E+000  0.706586299474348E+000  0.705243918836178E+000 -0.583481073706260E+001 -0.336178929118688E+001
 -0.336017595661803E+001  0.648976312140074E+002  0.337824185645929E+000  0.667783578072419E+000  0.662175814354071E+000 -0.583481073706260E+001 -0.336017595661803E+001
 -0.335948022946608E+001  0.648442313946638E+002  0.355168488887239E+000  0.709490974066582E+000  0.644831511112761E+000 -0.583481073706260E+001 -0.335948022946608E+001
 -0.335313782431941E+001  0.677044291854827E+002  0.330095595989184E+000  0.737992442900650E+000  0.669904404010816E+000 -0.583481073706260E+001 -0.335313782431941E+001
 -0.335232249114515E+001  0.671379419042068E+002  0.348288766340058E+000  0.706823828578874E+000  0.651711233659942E+000 -0.583481073706260E+001 -0.335232249114515E+001
 -0.335182786490742E+001  0.697868613066587E+002  0.291947296503328E+000  0.706547943052094E+000  0.708052703496672E+000 -0.583481073706260E+001 -0.335182786490742E+001
 -0.335049419654826E+001  0.696126393123382E+002  0.310106010546647E+000  0.620759284975781E+000  0.689893989453353E+000 -0.583481073706260E+001 -0.335049419654826E+001
 -0.334992663693979E+001  0.665276893470497E+002  0.330030915132282E+000  0.737057702299051E+000  0.669969084867718E+000 -0.583481073706260E+001 -0.334992663693979E+001
 -0.334912289823810E+001  0.676119287236645E+002  0.300516607944078E+000  0.674056226173238E+000  0.699483392055922E+000 -0.583481073706260E+001 -0.334912289823810E+001
 -0.334823987576066E+001  0.670851457748418E+002  0.346379735048206E+000  0.625360385946976E+000  0.653620264951794E+000 -0.583481073706260E+001 -0.334823987576066E+001
 -0.334756191956644E+001  0.664199127205216E+002  0.332403137548491E+000  0.603873770294003E+000  0.667596862451509E+000 -0.583481073706260E+001 -0.334756191956644E+001
 -0.334755406375594E+001  0.646330108682071E+002  0.356851353718544E+000  0.644218985211904E+000  0.643148646281456E+000 -0.583481073706260E+001 -0.334755406375594E+001
 -0.334398136600659E+001  0.655316950819843E+002  0.348093422206856E+000  0.724328245201454E+000  0.651906577793144E+000 -0.583481073706260E+001 -0.334398136600659E+001
 -0.334047240727179E+001  0.692388547298892E+002  0.316823074807271E+000  0.619613178991930E+000  0.683176925192729E+000 -0.583481073706260E+001 -0.334047240727179E+001
 -0.333993260667808E+001  0.671957956731294E+002  0.333963223028094E+000  0.737429853558696E+000  0.666036776971906E+000 -0.583481073706260E+001 -0.333993260667807E+001
 -0.333867773969320E+001  0.684098650282923E+002  0.298756067769720E+000  0.629098159419849E+000  0.701243932230280E+000 -0.583481073706260E+001 -0.333867773969319E+001
 -0.333819509460152E+001  0.665217228448072E+002  0.345371728005038E+000  0.728146352639036E+000  0.654628271994962E+000 -0.583481073706260E+001 -0.333819509460152E+001
 -0.333695209847837E+001  0.704283039228167E+002  0.303863398249946E+000  0.671302595615285E+000  0.696136601750054E+000 -0.583481073706260E+001 -0.333695209847837E+001
 -0.333578451924268E+001  0.652954796718015E+002  0.356058093556027E+000  0.629016894092712E+000  0.643941906443973E+000 -0.583481073706260E+001 -0.333578451924268E+001
 -0.333455190449689E+001  0.645022096874615E+002  0.356049994604722E+000  0.657716121495039E+000  0.643950005395278E+000 -0.583481073706260E+001 -0.333455190449689E+001
 -0.332780800257829E+001  0.646935958213577E+002  0.357292506965115E+000  0.646534999694144E+000  0.642707493034885E+000 -0.583481073706260E+001 -0.332780800257829E+001
 -0.332656756070118E+001  0.661610322232096E+002  0.343420867630304E+000  0.609960804889087E+000  0.656579132369696E+000 -0.583481073706260E+001 -0.332656756070118E+001
 -0.332650369660430E+001  0.656669122611254E+002  0.354866353515148E+000  0.713830400858247E+000  0.645133646484852E+000 -0.583481073706260E+001 -0.332650369660430E+001
 -0.332522878778609E+001  0.667790280316450E+002  0.335451753274700E+000  0.603522645279361E+000  0.664548246725300E+000 -0.583481073706260E+001 -0.332522878778609E+001
 -0.332205994364401E+001  0.689950919416978E+002  0.299832034521194E+000  0.720965244893647E+000  0.700167965478806E+000 -0.583481073706260E+001 -0.332205994364401E+001
 -0.332160149011496E+001  0.664866792560133E+002  0.353779786365314E+000  0.701030400396527E+000  0.646220213634686E+000 -0.583481073706260E+001 -0.332160149011496E+001
 -0.332131769034062E+001  0.650095428832537E+002  0.362947108894880E+000  0.656616513819933E+000  0.637052891105120E+000 -0.583481073706260E+001 -0.332131769034062E+001
 -0.332122868101386E+001  0.703020951973432E+002  0.299686237566036E+000  0.644430381859354E+000  0.700313762433964E+000 -0.583481073706260E+001 -0.332122868101386E+001
 -0.332048520694211E+001  0.695174354984624E+002  0.313899955555371E+000  0.713056132475433E+000  0.686100044444629E+000 -0.583481073706260E+001 -0.332048520694211E+001
 -0.331867399926380E+001  0.657571895077752E+002  0.354590353813315E+000  0.712708905361574E+000  0.645409646186685E+000 -0.583481073706260E+001 -0.331867399926380E+001
 -0.331840343140152E+001  0.670403795602659E+002  0.344365613494336E+000  0.621174335847277E+000  0.655634386505664E+000 -0.583481073706260E+001 -0.331840343140152E+001
 -0.331473186726990E+001  0.668732939041023E+002  0.322652418062162E+000  0.607659397906044E+000  0.677347581937838E+000 -0.583481073706260E+001 -0.331473186726991E+001
 -0.331286258718385E+001  0.686474557873970E+002  0.332965872979289E+000  0.664515255093484E+000  0.667034127020711E+000 -0.583481073706260E+001 -0.331286258718385E+001
 -0.331239567253778E+001  0.660924331363361E+002  0.349686628833847E+000  0.619777932234814E+000  0.650313371166153E+000 -0.583481073706260E+001 -0.331239567253778E+001
 -0.331202166571505E+001  0.701453878568974E+002  0.296977087618593E+000  0.701570232472066E+000  0.703022912381407E+000 -0.583481073706260E+001 -0.331202166571505E+001
 -0.331145661394318E+001  0.691878175572075E+002  0.291308448301482E+000  0.683222512997081E+000  0.708691551698518E+000 -0.583481073706260E+001 -0.331145661394318E+001
 -0.330971932754619E+001  0.681482544067187E+002  0.321845903476541E+000  0.604272213366718E+000  0.678154096523459E+000 -0.583481073706260E+001 -0.330971932754619E+001
 -0.330850423585268E+001  0.654824132832172E+002  0.336642406822584E+000  0.711690057037574E+000  0.663357593177416E+000 -0.583481073706260E+001 -0.330850423585268E+001
 -0.330738965588801E+001  0.670019444627967E+002  0.342374697881067E+000  0.723137348189693E+000  0.657625302118933E+000 -0.583481073706260E+001 -0.330738965588801E+001
 -0.330669327693246E+001  0.683432862010443E+002  0.297915057390122E+000  0.641538921418967E+000  0.702084942609878E+000 -0.583481073706260E+001 -0.330669327693245E+001
 -0.330649813249215E+001  0.669232161256660E+002  0.311760942235978E+000  0.703899136510820E+000  0.688239057764022E+000 -0.583481073706260E+001 -0.330649813249215E+001
 -0.330535750567818E+001  0.692350458731408E+002  0.324411539196983E+000  0.661461658483950E+000  0.675588460803017E+000 -0.583481073706260E+001 -0.330535750567818E+001
 -0.330309880826073E+001  0.666574456107165E+002  0.342162887834390E+000  0.611872903682298E+000  0.657837112165610E+000 -0.583481073706260E+001 -0.330309880826073E+001
 -0.330246563296598E+001  0.661456366462262E+002  0.334818221797236E+000  0.727807682111604E+000  0.665181778202764E+000 -0.583481073706260E+001 -0.330246563296598E+001
 -0.330207939826763E+001  0.685365071055417E+002  0.299975770624045E+000  0.713165892133575E+000  0.700024229375956E+000 -0.583481073706260E+001 -0.330207939826763E+001
 -0.330054406300768E+001  0.695641432803812E+002  0.291356597116159E+000  0.689963862162430E+000  0.708643402883841E+000 -0.583481073706260E+001 -0.330054406300768E+001
 -0.329898565724703E+001  0.661447122799879E+002  0.330129210259180E+000  0.616141052490833E+000  0.669870789740820E+000 -0.583481073706260E+001 -0.329898565724703E+001
 -0.329842091871516E+001  0.662851978414037E+002  0.320731057433068E+000  0.634295491946309E+000  0.679268942566932E+000 -0.583481073706260E+001 -0.329842091871516E+001
 -0.329564958367395E+001  0.660655403825388E+002  0.320627541698324E+000  0.683755158949637E+000  0.679372458301676E+000 -0.583481073706260E+001 -0.329564958367395E+001
 -0.329527286689880E+001  0.701568786285270E+002  0.293765239934168E+000  0.649023959367650E+000  0.706234760065832E+000 -0.583481073706260E+001 -0.329527286689880E+001
 -0.329411721448298E+001  0.679285203034685E+002  0.335386690116906E+000  0.714677725556427E+000  0.664613309883094E+000 -0.583481073706260E+001 -0.329411721448298E+001
 -0.329263953775941E+001  0.685687158573837E+002  0.294809537762888E+000  0.670982760189856E+000  0.705190462237112E+000 -0.583481073706260E+001 -0.329263953775941E+001
 -0.329139098085659E+001  0.687179321470335E+002  0.307586288669515E+000  0.727342773110723E+000  0.692413711330485E+000 -0.583481073706260E+001 -0.329139098085659E+001
 -0.329055087354026E+001  0.661014542352698E+002  0.355115452840798E+000  0.639591768380771E+000  0.644884547159202E+000 -0.583481073706260E+001 -0.329055087354026E+001
 -0.328878922504371E+001  0.661810024593216E+002  0.319837029931477E+000  0.650332961660232E+000  0.680162970068523E+000 -0.583481073706260E+001 -0.328878922504371E+001
 -0.328751922679932E+001  0.648303744256304E+002  0.355740620422313E+000  0.649264722192420E+000  0.644259379577687E+000 -0.583481073706260E+001 -0.328751922679933E+001
 -0.328711600776167E+001  0.653551025150660E+002  0.358692631185832E+000  0.695076134441080E+000  0.641307368814168E+000 -0.583481073706260E+001 -0.328711600776167E+001
 -0.328627088538337E+001  0.653232479347408E+002  0.340513134869214E+000  0.632731469108150E+000  0.659486865130786E+000 -0.583481073706260E+001 -0.328627088538337E+001
 -0.328589626642298E+001  0.703310379257243E+002  0.293995243514045E+000  0.670264703327457E+000  0.706004756485955E+000 -0.583481073706260E+001 -0.328589626642298E+001
 -0.328565356550207E+001  0.671008593404526E+002  0.344995541131150E+000  0.629614397080741E+000  0.655004458868850E+000 -0.583481073706260E+001 -0.328565356550207E+001
 -0.328230372105170E+001  0.684895327083666E+002  0.300976361140231E+000  0.712134063996792E+000  0.699023638859769E+000 -0.583481073706260E+001 -0.328230372105170E+001
 -0.328225917483052E+001  0.664624299215966E+002  0.338061915691625E+000  0.609564331630921E+000  0.661938084308375E+000 -0.583481073706260E+001 -0.328225917483052E+001
 -0.328163336790775E+001  0.688567303484158E+002  0.307529464846484E+000  0.612934646954033E+000  0.692470535153516E+000 -0.583481073706260E+001 -0.328163336790775E+001
 -0.328125276976171E+001  0.663528507829995E+002  0.344958348923767E+000  0.721961557872002E+000  0.655041651076233E+000 -0.583481073706260E+001 -0.328125276976171E+001
 -0.328021521351364E+001  0.651748088218656E+002  0.351303375418941E+000  0.634148811140131E+000  0.648696624581059E+000 -0.583481073706260E+001 -0.328021521351364E+001
 -0.327970151922444E+001  0.671238086824886E+002  0.308796489864654E+000  0.647316426013880E+000  0.691203510135346E+000 -0.583481073706260E+001 -0.327970151922444E+001
 -0.327932927750067E+001  0.675574150325906E+002  0.323258330418827E+000  0.604152011513647E+000  0.676741669581173E+000 -0.583481073706260E+001 -0.327932927750068E+001
 -0.327869718150010E+001  0.701152908932374E+002  0.293426485466798E+000  0.685367059193245E+000  0.706573514533202E+000 -0.583481073706260E+001 -0.327869718150009E+001
 -0.327785690422495E+001  0.692457287307771E+002  0.292263741375701E+000  0.680488707805569E+000  0.707736258624299E+000 -0.583481073706260E+001 -0.327785690422495E+001
 -0.327776728092042E+001  0.650218900757711E+002  0.347342810697965E+000  0.698104800085737E+000  0.652657189302035E+000 -0.583481073706260E+001 -0.327776728092042E+001
 -0.327737987493693E+001  0.669177413132370E+002  0.336533890454823E+000  0.609036475503919E+000  0.663466109545177E+000 -0.583481073706260E+001 -0.327737987493693E+001
 -0.327717980381923E+001  0.681036036454098E+002  0.298840705831923E+000  0.659877393202595E+000  0.701159294168077E+000 -0.583481073706260E+001 -0.327717980381923E+001
 -0.327700924817370E+001  0.703234582262569E+002  0.298348736293486E+000  0.676874490086834E+000  0.701651263706514E+000 -0.583481073706260E+001 -0.327700924817371E+001
 -0.327691194287209E+001  0.672446401011781E+002  0.325499387995411E+000  0.732824445354558E+000  0.674500612004589E+000 -0.583481073706260E+001 -0.327691194287209E+001
 -0.327575082024629E+001  0.698594456953984E+002  0.295938361271614E+000  0.699564086996991E+000  0.704061638728386E+000 -0.583481073706260E+001 -0.327575082024629E+001
 -0.327366458344034E+001  0.688189015248188E+002  0.323763202951394E+000  0.628147997262793E+000  0.676236797048606E+000 -0.583481073706260E+001 -0.327366458344033E+001
 -0.327272123607255E+001  0.684401661033414E+002  0.300812128415778E+000  0.708805490514900E+000  0.699187871584222E+000 -0.583481073706260E+001 -0.327272123607255E+001
 -0.327062815547187E+001  0.689672160680719E+002  0.317042177304699E+000  0.718947070588870E+000  0.682957822695301E+000 -0.583481073706260E+001 -0.327062815547188E+001
 -0.326965817738467E+001  0.648846379489095E+002  0.345528118137056E+000  0.677537423621038E+000  0.654471881862944E+000 -0.583481073706260E+001 -0.326965817738467E+001
 -0.326876626094947E+001  0.695366497505182E+002  0.318160854979539E+000  0.676233735463902E+000  0.681839145020461E+000 -0.583481073706260E+001 -0.326876626094947E+001
 -0.326517002167746E+001  0.682691385821309E+002  0.298933946701595E+000  0.648370851423611E+000  0.701066053298405E+000 -0.583481073706260E+001 -0.326517002167746E+001
 -0.326370515350964E+001  0.651276636846909E+002  0.354032797285507E+000  0.697358541050809E+000  0.645967202714493E+000 -0.583481073706260E+001 -0.326370515350964E+001
 -0.326090328139161E+001  0.675148266186837E+002  0.304918306267056E+000  0.652739202908631E+000  0.695081693732944E+000 -0.583481073706260E+001 -0.326090328139160E+001
 -0.325965407781196E+001  0.680589707267270E+002  0.337665999151721E+000  0.652058392571815E+000  0.662334000848279E+000 -0.583481073706260E+001 -0.325965407781196E+001
 -0.325652607267897E+001  0.682326399078945E+002  0.335699350488890E+000  0.684089552528429E+000  0.664300649511110E+000 -0.583481073706260E+001 -0.325652607267897E+001
 -0.325589658526213E+001  0.650690908314433E+002  0.354920136778353E+000  0.691885513045425E+000  0.645079863221647E+000 -0.583481073706260E+001 -0.325589658526214E+001
 -0.325451578130369E+001  0.690454026638523E+002  0.297761618122954E+000  0.703909016660372E+000  0.702238381877046E+000 -0.583481073706260E+001 -0.325451578130369E+001
 -0.325435188323655E+001  0.668483379082202E+002  0.311493945122397E+000  0.665569733360859E+000  0.688506054877603E+000 -0.583481073706260E+001 -0.325435188323656E+001
 -0.325362962126391E+001  0.677969393030876E+002  0.313081666939624E+000  0.724487161324428E+000  0.686918333060377E+000 -0.583481073706260E+001 -0.325362962126391E+001
 -0.325272724999953E+001  0.674179449525760E+002  0.320823541108661E+000  0.728794098712635E+000  0.679176458891339E+000 -0.583481073706260E+001 -0.325272724999953E+001
 -0.325216263635846E+001  0.695715921384305E+002  0.311894822349547E+000  0.701390713369782E+000  0.688105177650453E+000 -0.583481073706260E+001 -0.325216263635846E+001
 -0.325115883049393E+001  0.687753316955229E+002  0.326570116583567E+000  0.697462560156103E+000  0.673429883416433E+000 -0.583481073706260E+001 -0.325115883049393E+001
 -0.324978465638707E+001  0.697359620794792E+002  0.292444815859532E+000  0.669861694909756E+000  0.707555184140468E+000 -0.583481073706260E+001 -0.324978465638707E+001
 -0.324916828279435E+001  0.673657550961722E+002  0.345642243231003E+000  0.673723275730140E+000  0.654357756768997E+000 -0.583481073706260E+001 -0.324916828279435E+001
 -0.324856287301662E+001  0.697515739766929E+002  0.294966766463617E+000  0.646995237462246E+000  0.705033233536383E+000 -0.583481073706260E+001 -0.324856287301662E+001
 -0.324769723988978E+001  0.698426754517807E+002  0.307576345257693E+000  0.693870814158750E+000  0.692423654742307E+000 -0.583481073706260E+001 -0.324769723988978E+001
 -0.324751222299202E+001  0.691500685370112E+002  0.321570465853895E+000  0.645211363318877E+000  0.678429534146105E+000 -0.583481073706260E+001 -0.324751222299203E+001
 -0.324647897361526E+001  0.692673506729275E+002  0.310826670298111E+000  0.623739885446949E+000  0.689173329701889E+000 -0.583481073706260E+001 -0.324647897361526E+001
 -0.324487337644772E+001  0.674835709180112E+002  0.342556197030642E+000  0.694057234535385E+000  0.657443802969358E+000 -0.583481073706260E+001 -0.324487337644772E+001
 -0.324487053471476E+001  0.679913717671500E+002  0.313655493915404E+000  0.611167638939769E+000  0.686344506084596E+000 -0.583481073706260E+001 -0.324487053471476E+001
 -0.324464633639834E+001  0.679460434486450E+002  0.302808485815932E+000  0.642945087627146E+000  0.697191514184068E+000 -0.583481073706260E+001 -0.324464633639834E+001
 -0.324247202855040E+001  0.684920728078634E+002  0.329926509193554E+000  0.639809898788492E+000  0.670073490806446E+000 -0.583481073706260E+001 -0.324247202855040E+001
 -0.324222547832672E+001  0.689965565117032E+002  0.295853918847555E+000  0.647181351122543E+000  0.704146081152445E+000 -0.583481073706260E+001 -0.324222547832671E+001
 -0.324035118581736E+001  0.685235755543375E+002  0.303491936310021E+000  0.712592944861770E+000  0.696508063689979E+000 -0.583481073706260E+001 -0.324035118581736E+001
 -0.323967442061907E+001  0.653149828315564E+002  0.349930311661298E+000  0.700931584282574E+000  0.650069688338702E+000 -0.583481073706260E+001 -0.323967442061907E+001
 -0.323856877361652E+001  0.676929243296679E+002  0.310489660023323E+000  0.715636996474527E+000  0.689510339976677E+000 -0.583481073706260E+001 -0.323856877361652E+001
 -0.323829034596505E+001  0.669458601226447E+002  0.348612645915409E+000  0.684640858727508E+000  0.651387354084591E+000 -0.583481073706260E+001 -0.323829034596505E+001
 -0.323765822795642E+001  0.649774518581153E+002  0.349655081695192E+000  0.683682278987588E+000  0.650344918304808E+000 -0.583481073706260E+001 -0.323765822795642E+001
 -0.323575868432388E+001  0.701395561361724E+002  0.300390665279950E+000  0.671200307142871E+000  0.699609334720050E+000 -0.583481073706260E+001 -0.323575868432388E+001
 -0.323572165371359E+001  0.701037941613502E+002  0.301844302983529E+000  0.676872248468461E+000  0.698155697016471E+000 -0.583481073706260E+001 -0.323572165371359E+001
 -0.323512348875998E+001  0.689813644307166E+002  0.315740729134598E+000  0.622283606110807E+000  0.684259270865402E+000 -0.583481073706260E+001 -0.323512348875998E+001
 -0.323498786904979E+001  0.668430960075537E+002  0.329483807396564E+000  0.725765304670397E+000  0.670516192603436E+000 -0.583481073706260E+001 -0.323498786904979E+001
 -0.323275107420870E+001  0.693282981118775E+002  0.293822297568500E+000  0.676150213317519E+000  0.706177702431500E+000 -0.583481073706260E+001 -0.323275107420870E+001
 -0.323185520752791E+001  0.677424994534550E+002  0.319059481439058E+000  0.726729353340742E+000  0.680940518560942E+000 -0.583481073706260E+001 -0.323185520752791E+001
 -0.323124968823730E+001  0.684517813051467E+002  0.299231332773607E+000  0.646054299578092E+000  0.700768667226393E+000 -0.583481073706260E+001 -0.323124968823730E+001
 -0.323110879029289E+001  0.666416820841770E+002  0.314828808479897E+000  0.668242810841470E+000  0.685171191520103E+000 -0.583481073706260E+001 -0.323110879029289E+001
 -0.323101757120205E+001  0.683733008467780E+002  0.324463951438344E+000  0.717240667095362E+000  0.675536048561656E+000 -0.583481073706260E+001 -0.323101757120205E+001
 -0.322972016921406E+001  0.694406128379709E+002  0.299665899896445E+000  0.703282137385841E+000  0.700334100103555E+000 -0.583481073706260E+001 -0.322972016921406E+001
 -0.322898034350296E+001  0.675050219548402E+002  0.318771186090554E+000  0.611411312370705E+000  0.681228813909446E+000 -0.583481073706260E+001 -0.322898034350296E+001
 -0.322816973386978E+001  0.701040494354851E+002  0.299122321538292E+000  0.666267506768382E+000  0.700877678461708E+000 -0.583481073706260E+001 -0.322816973386978E+001
 -0.322751552597500E+001  0.666845222374758E+002  0.325138912587556E+000  0.719103381602249E+000  0.674861087412444E+000 -0.583481073706260E+001 -0.322751552597500E+001
 -0.322629552041975E+001  0.665251618035212E+002  0.323803444929848E+000  0.712241351499381E+000  0.676196555070152E+000 -0.583481073706260E+001 -0.322629552041975E+001
 -0.322501569027951E+001  0.661203139889925E+002  0.347077653562967E+000  0.710329009208279E+000  0.652922346437033E+000 -0.583481073706260E+001 -0.322501569027951E+001
 -0.322417894393200E+001  0.693644256715651E+002  0.294066895007245E+000  0.673538322120761E+000  0.705933104992755E+000 -0.583481073706260E+001 -0.322417894393200E+001
 -0.322415279716770E+001  0.666986407032643E+002  0.318294360361522E+000  0.633931470633704E+000  0.681705639638478E+000 -0.583481073706260E+001 -0.322415279716770E+001
 -0.322365744507405E+001  0.679911621681295E+002  0.337931791012240E+000  0.667106848750937E+000  0.662068208987760E+000 -0.583481073706260E+001 -0.322365744507405E+001
 -0.322278028891197E+001  0.666848711331113E+002  0.333644185997110E+000  0.723077954558961E+000  0.666355814002890E+000 -0.583481073706260E+001 -0.322278028891197E+001
 -0.322249065619899E+001  0.691442998666671E+002  0.299814668202680E+000  0.703845748956598E+000  0.700185331797320E+000 -0.583481073706260E+001 -0.322249065619899E+001
 -0.321976860069211E+001  0.684084249358780E+002  0.298456397137318E+000  0.670028994210429E+000  0.701543602862682E+000 -0.583481073706260E+001 -0.321976860069211E+001
 -0.321975895872372E+001  0.683846077610616E+002  0.313305508881284E+000  0.613733848322260E+000  0.686694491118716E+000 -0.583481073706260E+001 -0.321975895872372E+001
 -0.321931734413343E+001  0.667567865166463E+002  0.327309169548033E+000  0.614428362285188E+000  0.672690830451967E+000 -0.583481073706260E+001 -0.321931734413343E+001
 -0.321924751245634E+001  0.655311346218673E+002  0.332743483310997E+000  0.667334825618317E+000  0.667256516689003E+000 -0.583481073706260E+001 -0.321924751245635E+001
 -0.321871047041554E+001  0.676181092350157E+002  0.335693019906671E+000  0.711152926906726E+000  0.664306980093329E+000 -0.583481073706260E+001 -0.321871047041554E+001
 -0.321854219251185E+001  0.663955983675820E+002  0.344636672864064E+000  0.623964202926323E+000  0.655363327135936E+000 -0.583481073706260E+001 -0.321854219251185E+001
 -0.321538454821753E+001  0.650960776864717E+002  0.344441740277469E+000  0.670677288188068E+000  0.655558259722531E+000 -0.583481073706260E+001 -0.321538454821753E+001
 -0.321373763754686E+001  0.664003441726550E+002  0.322268179997487E+000  0.636707183920177E+000  0.677731820002513E+000 -0.583481073706260E+001 -0.321373763754685E+001
 -0.321289745470126E+001  0.678359372723733E+002  0.313509515531010E+000  0.719688240286961E+000  0.686490484468990E+000 -0.583481073706260E+001 -0.321289745470126E+001
 -0.321276147147204E+001  0.667091181188690E+002  0.314932606408283E+000  0.660024747674846E+000  0.685067393591717E+000 -0.583481073706260E+001 -0.321276147147204E+001
 -0.320996538148218E+001  0.682914849509341E+002  0.305178162743287E+000  0.708403106830420E+000  0.694821837256713E+000 -0.583481073706260E+001 -0.320996538148218E+001
 -0.320935205677875E+001  0.659450378021743E+002  0.327676449487045E+000  0.646573438851540E+000  0.672323550512955E+000 -0.583481073706260E+001 -0.320935205677875E+001
 -0.320861344843985E+001  0.696421393333385E+002  0.295014729592592E+000  0.663139970492094E+000  0.704985270407408E+000 -0.583481073706260E+001 -0.320861344843985E+001
 -0.320755204230765E+001  0.658182812966813E+002  0.340540634483773E+000  0.627164448329037E+000  0.659459365516227E+000 -0.583481073706260E+001 -0.320755204230765E+001
 -0.320687127263572E+001  0.669247971724947E+002  0.314309838143326E+000  0.643188829142259E+000  0.685690161856674E+000 -0.583481073706260E+001 -0.320687127263571E+001
 -0.320685628369429E+001  0.665366037748909E+002  0.318670673888368E+000  0.689733215484679E+000  0.681329326111632E+000 -0.583481073706260E+001 -0.320685628369429E+001
 -0.320633209518505E+001  0.666475195341466E+002  0.321058063201287E+000  0.629839885589411E+000  0.678941936798713E+000 -0.583481073706260E+001 -0.320633209518505E+001
 -0.320522885675390E+001  0.688155195521668E+002  0.325865246348755E+000  0.683074372261986E+000  0.674134753651245E+000 -0.583481073706260E+001 -0.320522885675391E+001
 -0.320432020869190E+001  0.696195566238404E+002  0.295293437147042E+000  0.674299456758191E+000  0.704706562852958E+000 -0.583481073706260E+001 -0.320432020869190E+001
 -0.320370379098376E+001  0.690662637687934E+002  0.319841509499657E+000  0.695364940025905E+000  0.680158490500343E+000 -0.583481073706260E+001 -0.320370379098376E+001
 -0.320249389388659E+001  0.695180971374567E+002  0.296228904097878E+000  0.683577601500322E+000  0.703771095902122E+000 -0.583481073706260E+001 -0.320249389388659E+001
 -0.320157443144975E+001  0.675793841143345E+002  0.311780186041479E+000  0.710035658120414E+000  0.688219813958521E+000 -0.583481073706260E+001 -0.320157443144974E+001
 -0.320071635749119E+001  0.691666876033596E+002  0.320901647412809E+000  0.661676181703620E+000  0.679098352587191E+000 -0.583481073706260E+001 -0.320071635749119E+001
 -0.319975155034638E+001  0.662212037161867E+002  0.343977117942782E+000  0.710605063280123E+000  0.656022882057218E+000 -0.583481073706260E+001 -0.319975155034638E+001
 -0.319924288801701E+001  0.662479489198376E+002  0.325151004270016E+000  0.637665699510210E+000  0.674848995729984E+000 -0.583481073706260E+001 -0.319924288801701E+001
 -0.319905052645921E+001  0.675230373906677E+002  0.314108870958428E+000  0.621633593947172E+000  0.685891129041572E+000 -0.583481073706260E+001 -0.319905052645921E+001
 -0.319899433597650E+001  0.699087643184000E+002  0.304587046291979E+000  0.664359993812559E+000  0.695412953708021E+000 -0.583481073706260E+001 -0.319899433597650E+001
 -0.319830397195905E+001  0.683793667786246E+002  0.315539136676623E+000  0.615543407362070E+000  0.684460863323377E+000 -0.583481073706260E+001 -0.319830397195905E+001
 -0.319823030839354E+001  0.657766060777867E+002  0.350455244520573E+000  0.638212325004451E+000  0.649544755479427E+000 -0.583481073706260E+001 -0.319823030839354E+001
 -0.319557272413398E+001  0.655704452004215E+002  0.348527510855002E+000  0.698024344519218E+000  0.651472489144998E+000 -0.583481073706260E+001 -0.319557272413398E+001
 -0.319468798052543E+001  0.698498574705455E+002  0.299968382383904E+000  0.655218760468017E+000  0.700031617616096E+000 -0.583481073706260E+001 -0.319468798052543E+001
 -0.319314829633272E+001  0.680952513787602E+002  0.306995034166490E+000  0.706858882645228E+000  0.693004965833510E+000 -0.583481073706260E+001 -0.319314829633272E+001
 -0.319155261252002E+001  0.670091799503164E+002  0.332910804138151E+000  0.719656262192335E+000  0.667089195861849E+000 -0.583481073706260E+001 -0.319155261252002E+001
 -0.319104463695719E+001  0.669042603526942E+002  0.343677510438251E+000  0.634010997836438E+000  0.656322489561749E+000 -0.583481073706260E+001 -0.319104463695719E+001
 -0.319093133701332E+001  0.683311126378327E+002  0.331770109350570E+000  0.683163033838578E+000  0.668229890649430E+000 -0.583481073706260E+001 -0.319093133701332E+001
 -0.319081917444830E+001  0.683086005306044E+002  0.312658569586298E+000  0.717758353551106E+000  0.687341430413702E+000 -0.583481073706260E+001 -0.319081917444830E+001
 -0.318818072366938E+001  0.675435920221130E+002  0.308986441061467E+000  0.640128981585438E+000  0.691013558938533E+000 -0.583481073706260E+001 -0.318818072366937E+001
 -0.318777371129747E+001  0.697470182221795E+002  0.307245955996510E+000  0.680579887962756E+000  0.692754044003490E+000 -0.583481073706260E+001 -0.318777371129747E+001
 -0.318774890124236E+001  0.656017014467391E+002  0.341921040922857E+000  0.698844317068825E+000  0.658078959077143E+000 -0.583481073706260E+001 -0.318774890124236E+001
 -0.318686988365405E+001  0.682391874927044E+002  0.303046060790312E+000  0.693732350810077E+000  0.696953939209688E+000 -0.583481073706260E+001 -0.318686988365405E+001
 -0.318612220227066E+001  0.661476354141480E+002  0.332496243295351E+000  0.707940539589153E+000  0.667503756704649E+000 -0.583481073706260E+001 -0.318612220227066E+001
 -0.318559256205487E+001  0.690376652355286E+002  0.320708245313241E+000  0.688047996347108E+000  0.679291754686759E+000 -0.583481073706260E+001 -0.318559256205487E+001
 -0.318553404003234E+001  0.660701872907488E+002  0.343943087267083E+000  0.707447136130016E+000  0.656056912732917E+000 -0.583481073706260E+001 -0.318553404003234E+001
 -0.318509235420470E+001  0.671074687866235E+002  0.340311280100908E+000  0.629440039689465E+000  0.659688719899092E+000 -0.583481073706260E+001 -0.318509235420470E+001
 -0.318433439294015E+001  0.689803292979305E+002  0.298312143053914E+000  0.686652109484833E+000  0.701687856946086E+000 -0.583481073706260E+001 -0.318433439294015E+001
 -0.318406424129066E+001  0.665412261659720E+002  0.321566966472160E+000  0.637297717811784E+000  0.678433033527840E+000 -0.583481073706260E+001 -0.318406424129066E+001
 -0.318325808092419E+001  0.680938421229733E+002  0.313492098416588E+000  0.617633468332726E+000  0.686507901583412E+000 -0.583481073706260E+001 -0.318325808092419E+001
 -0.318241310692524E+001  0.657010826924237E+002  0.349566734599976E+000  0.695216859955495E+000  0.650433265400024E+000 -0.583481073706260E+001 -0.318241310692524E+001
 -0.318051614121564E+001  0.683242249969106E+002  0.306724746675825E+000  0.707453324817698E+000  0.693275253324175E+000 -0.583481073706260E+001 -0.318051614121564E+001
 -0.318037773758656E+001  0.665602376360906E+002  0.347314060868572E+000  0.694636154934652E+000  0.652685939131428E+000 -0.583481073706260E+001 -0.318037773758656E+001
 -0.318017987722341E+001  0.663165851138621E+002  0.343444907043688E+000  0.707861933130455E+000  0.656555092956312E+000 -0.583481073706260E+001 -0.318017987722341E+001
 -0.317983811028948E+001  0.653323063714878E+002  0.344932779421716E+000  0.651002634180925E+000  0.655067220578284E+000 -0.583481073706260E+001 -0.317983811028948E+001
 -0.317968120283872E+001  0.680523939447115E+002  0.327884740620710E+000  0.623994468894339E+000  0.672115259379290E+000 -0.583481073706260E+001 -0.317968120283873E+001
 -0.317962915290455E+001  0.663667636132824E+002  0.341204520927935E+000  0.624136455118895E+000  0.658795479072065E+000 -0.583481073706260E+001 -0.317962915290455E+001
 -0.317790537964765E+001  0.661891462776915E+002  0.346643316899654E+000  0.701806319867276E+000  0.653356683100346E+000 -0.583481073706260E+001 -0.317790537964765E+001
 -0.317742894553382E+001  0.686397229282199E+002  0.322132573128875E+000  0.704154065444345E+000  0.677867426871125E+000 -0.583481073706260E+001 -0.317742894553382E+001
 -0.317631050203598E+001  0.697698082267466E+002  0.305040675187806E+000  0.658075559778196E+000  0.694959324812194E+000 -0.583481073706260E+001 -0.317631050203599E+001
 -0.317571353043115E+001  0.686875313789353E+002  0.326648610860275E+000  0.656957141223622E+000  0.673351389139725E+000 -0.583481073706260E+001 -0.317571353043115E+001
 -0.317556222361765E+001  0.669984719954795E+002  0.332178465671526E+000  0.616611574221042E+000  0.667821534328474E+000 -0.583481073706260E+001 -0.317556222361765E+001
 -0.317508206207409E+001  0.667803894999728E+002  0.342984267467827E+000  0.703394572532191E+000  0.657015732532173E+000 -0.583481073706260E+001 -0.317508206207409E+001
 -0.317282279666532E+001  0.655494516688483E+002  0.336059137381775E+000  0.674859488197583E+000  0.663940862618225E+000 -0.583481073706260E+001 -0.317282279666532E+001
 -0.317121464821059E+001  0.664832186083309E+002  0.319768909297322E+000  0.676646769739756E+000  0.680231090702678E+000 -0.583481073706260E+001 -0.317121464821059E+001
 -0.317095206296901E+001  0.697679533257168E+002  0.301074595661962E+000  0.675240108305361E+000  0.698925404338038E+000 -0.583481073706260E+001 -0.317095206296901E+001
 -0.317050706822267E+001  0.683228583226766E+002  0.328449574489754E+000  0.637616255373814E+000  0.671550425510246E+000 -0.583481073706260E+001 -0.317050706822267E+001
 -0.316886031494848E+001  0.684996581814022E+002  0.303125455174227E+000  0.696647380562195E+000  0.696874544825773E+000 -0.583481073706260E+001 -0.316886031494848E+001
 -0.316876235271639E+001  0.683201316113139E+002  0.320549646815207E+000  0.620511005424748E+000  0.679450353184793E+000 -0.583481073706260E+001 -0.316876235271639E+001
 -0.316866085486886E+001  0.686495681525862E+002  0.301856199577444E+000  0.694178632672085E+000  0.698143800422556E+000 -0.583481073706260E+001 -0.316866085486886E+001
 -0.316786052206445E+001  0.665201635118068E+002  0.320940939951856E+000  0.645550023473444E+000  0.679059060048144E+000 -0.583481073706260E+001 -0.316786052206445E+001
 -0.316751458150916E+001  0.667212458528662E+002  0.343747101741839E+000  0.700716409903479E+000  0.656252898258161E+000 -0.583481073706260E+001 -0.316751458150916E+001
 -0.316736935136915E+001  0.686155832297060E+002  0.326194837148303E+000  0.687526787708272E+000  0.673805162851697E+000 -0.583481073706260E+001 -0.316736935136915E+001
 -0.316639101887221E+001  0.694127433033183E+002  0.313562249162172E+000  0.680989423176779E+000  0.686437750837828E+000 -0.583481073706260E+001 -0.316639101887221E+001
 -0.316618854801766E+001  0.662856604553329E+002  0.329154990129998E+000  0.703540299526874E+000  0.670845009870002E+000 -0.583481073706260E+001 -0.316618854801766E+001
 -0.316557377063485E+001  0.687186176531764E+002  0.298969400217693E+000  0.668814118427377E+000  0.701030599782307E+000 -0.583481073706260E+001 -0.316557377063485E+001
 -0.316556582071129E+001  0.654364176643342E+002  0.349281449128956E+000  0.651358011645971E+000  0.650718550871044E+000 -0.583481073706260E+001 -0.316556582071129E+001
 -0.316482193707079E+001  0.668234343767949E+002  0.325723031810198E+000  0.712817798586002E+000  0.674276968189802E+000 -0.583481073706260E+001 -0.316482193707079E+001
 -0.316440990748863E+001  0.693242238204812E+002  0.314961655565375E+000  0.652333532900554E+000  0.685038344434625E+000 -0.583481073706260E+001 -0.316440990748863E+001
 -0.316440884719076E+001  0.659103641508492E+002  0.348732136847384E+000  0.693887376330449E+000  0.651267863152616E+000 -0.583481073706260E+001 -0.316440884719076E+001
 -0.316431925010116E+001  0.684782666266226E+002  0.320831564645387E+000  0.709279762730295E+000  0.679168435354613E+000 -0.583481073706260E+001 -0.316431925010117E+001
 -0.316412832824767E+001  0.660004448489354E+002  0.327904577803453E+000  0.678982176346623E+000  0.672095422196547E+000 -0.583481073706260E+001 -0.316412832824767E+001
 -0.316248712170509E+001  0.697313368821651E+002  0.300796488293706E+000  0.669052895515984E+000  0.699203511706294E+000 -0.583481073706260E+001 -0.316248712170509E+001
 -0.316187937688661E+001  0.659918776747193E+002  0.345019803994791E+000  0.700781082133602E+000  0.654980196005209E+000 -0.583481073706260E+001 -0.316187937688660E+001
 -0.316120258437598E+001  0.673808071756869E+002  0.329955916283670E+000  0.715701793834044E+000  0.670044083716330E+000 -0.583481073706260E+001 -0.316120258437598E+001
 -0.316100805812364E+001  0.663871554662439E+002  0.323400247361501E+000  0.689895492688963E+000  0.676599752638499E+000 -0.583481073706260E+001 -0.316100805812364E+001
 -0.316046385251558E+001  0.672988649090846E+002  0.339351269948098E+000  0.636480427488005E+000  0.660648730051902E+000 -0.583481073706260E+001 -0.316046385251558E+001
 -0.315935084101368E+001  0.668689170388395E+002  0.345391445212091E+000  0.686092171465526E+000  0.654608554787909E+000 -0.583481073706260E+001 -0.315935084101368E+001
 -0.315934881587571E+001  0.678836066279566E+002  0.336330841401056E+000  0.659236319842397E+000  0.663669158598944E+000 -0.583481073706260E+001 -0.315934881587571E+001
 -0.315838654971235E+001  0.680146883145431E+002  0.331630891861880E+000  0.697430513812394E+000  0.668369108138120E+000 -0.583481073706260E+001 -0.315838654971235E+001
 -0.315626704699305E+001  0.671575797579381E+002  0.343058358909029E+000  0.651140992621765E+000  0.656941641090971E+000 -0.583481073706260E+001 -0.315626704699305E+001
 -0.315617218840489E+001  0.657989330188316E+002  0.342609087526461E+000  0.636366613806184E+000  0.657390912473539E+000 -0.583481073706260E+001 -0.315617218840489E+001
 -0.315606755480405E+001  0.692737220895526E+002  0.299087696038980E+000  0.681737611044808E+000  0.700912303961020E+000 -0.583481073706260E+001 -0.315606755480405E+001
 -0.315558688178283E+001  0.691668202058413E+002  0.311072591100024E+000  0.699027213352439E+000  0.688927408899976E+000 -0.583481073706260E+001 -0.315558688178283E+001
 -0.315513827744817E+001  0.656616713413169E+002  0.345747472284336E+000  0.642013652631149E+000  0.654252527715664E+000 -0.583481073706260E+001 -0.315513827744816E+001
 -0.315474232584203E+001  0.662925227060003E+002  0.345687122986172E+000  0.635935378325943E+000  0.654312877013828E+000 -0.583481073706260E+001 -0.315474232584203E+001
 -0.315399664574295E+001  0.667434997502165E+002  0.346962374499428E+000  0.678397537839707E+000  0.653037625500572E+000 -0.583481073706260E+001 -0.315399664574295E+001
 -0.315359210553068E+001  0.678770303314114E+002  0.322090135319824E+000  0.715681122777607E+000  0.677909864680176E+000 -0.583481073706260E+001 -0.315359210553068E+001
 -0.315300835015058E+001  0.656722037473774E+002  0.343788798352253E+000  0.693087473166616E+000  0.656211201647747E+000 -0.583481073706260E+001 -0.315300835015058E+001
 -0.315288736971923E+001  0.690636666252788E+002  0.305123109092240E+000  0.699677220107640E+000  0.694876890907760E+000 -0.583481073706260E+001 -0.315288736971923E+001
 -0.315253225938774E+001  0.666348134525871E+002  0.348103529137949E+000  0.671291004453459E+000  0.651896470862051E+000 -0.583481073706260E+001 -0.315253225938774E+001
 -0.315200128975628E+001  0.677816366367509E+002  0.308683976495489E+000  0.695250177892023E+000  0.691316023504511E+000 -0.583481073706260E+001 -0.315200128975629E+001
 -0.315088305141787E+001  0.690079901733045E+002  0.318780936402029E+000  0.646064552040469E+000  0.681219063597971E+000 -0.583481073706260E+001 -0.315088305141787E+001
 -0.315018711280691E+001  0.658758723752936E+002  0.351883053216559E+000  0.668389420835274E+000  0.648116946783440E+000 -0.583481073706260E+001 -0.315018711280691E+001
 -0.315009711570502E+001  0.681376764293452E+002  0.303336729908319E+000  0.674320784751660E+000  0.696663270091681E+000 -0.583481073706260E+001 -0.315009711570502E+001
 -0.314939590028917E+001  0.665438293416236E+002  0.348549510579887E+000  0.672358972292361E+000  0.651450489420113E+000 -0.583481073706260E+001 -0.314939590028917E+001
 -0.314935398816204E+001  0.661945070995765E+002  0.350680506089030E+000  0.664144327106771E+000  0.649319493910970E+000 -0.583481073706260E+001 -0.314935398816204E+001
 -0.314913878807565E+001  0.677805307821315E+002  0.318667044774872E+000  0.618646875386163E+000  0.681332955225128E+000 -0.583481073706260E+001 -0.314913878807565E+001
 -0.314803115475555E+001  0.672049217082752E+002  0.336128506890900E+000  0.626709139251149E+000  0.663871493109100E+000 -0.583481073706260E+001 -0.314803115475555E+001
 -0.314741148833290E+001  0.676195381812573E+002  0.316393462172618E+000  0.622565823568855E+000  0.683606537827382E+000 -0.583481073706260E+001 -0.314741148833290E+001
 -0.314736216069580E+001  0.674537530295189E+002  0.311059481881061E+000  0.643494372313442E+000  0.688940518118939E+000 -0.583481073706260E+001 -0.314736216069580E+001
 -0.314724861004176E+001  0.682456388029384E+002  0.302761804842348E+000  0.675215807625796E+000  0.697238195157652E+000 -0.583481073706260E+001 -0.314724861004176E+001
 -0.314705254402177E+001  0.679645039233058E+002  0.308450949569945E+000  0.698951799606531E+000  0.691549050430055E+000 -0.583481073706260E+001 -0.314705254402177E+001
 -0.314698966528436E+001  0.676943102793263E+002  0.321925595029604E+000  0.715356336892157E+000  0.678074404970396E+000 -0.583481073706260E+001 -0.314698966528436E+001
 -0.314621902622691E+001  0.654561117271496E+002  0.348988690701588E+000  0.674062001561775E+000  0.651011309298412E+000 -0.583481073706260E+001 -0.314621902622691E+001
 -0.314591481638545E+001  0.692014527709998E+002  0.316448401433262E+000  0.679311321253801E+000  0.683551598566738E+000 -0.583481073706260E+001 -0.314591481638545E+001
 -0.314588403516938E+001  0.673356230342016E+002  0.341079238366866E+000  0.652846386072680E+000  0.658920761633134E+000 -0.583481073706260E+001 -0.314588403516938E+001
 -0.314405808366416E+001  0.671449150224797E+002  0.322089130193376E+000  0.710882165444997E+000  0.677910869806624E+000 -0.583481073706260E+001 -0.314405808366416E+001
 -0.314341543373638E+001  0.663864038996581E+002  0.348044272080804E+000  0.684342739987129E+000  0.651955727919196E+000 -0.583481073706260E+001 -0.314341543373638E+001
 -0.314284476985501E+001  0.655848233936635E+002  0.344616275539087E+000  0.648000281913695E+000  0.655383724460913E+000 -0.583481073706260E+001 -0.314284476985501E+001
 -0.314093148331186E+001  0.660707777866300E+002  0.336569627069520E+000  0.633000935539988E+000  0.663430372930480E+000 -0.583481073706260E+001 -0.314093148331186E+001
 -0.313915791844927E+001  0.687290211701138E+002  0.324190357470637E+000  0.656869149345312E+000  0.675809642529363E+000 -0.583481073706260E+001 -0.313915791844927E+001
 -0.313887555866015E+001  0.673469036614035E+002  0.337151654343537E+000  0.699238222476736E+000  0.662848345656463E+000 -0.583481073706260E+001 -0.313887555866015E+001
 -0.313884695297557E+001  0.676455923137995E+002  0.308527696104265E+000  0.651324815261688E+000  0.691472303895735E+000 -0.583481073706260E+001 -0.313884695297556E+001
 -0.313868429218703E+001  0.673467649135284E+002  0.310613500255878E+000  0.664917160792536E+000  0.689386499744122E+000 -0.583481073706260E+001 -0.313868429218702E+001
 -0.313821361578349E+001  0.680567113028196E+002  0.316805743702756E+000  0.712208727799614E+000  0.683194256297244E+000 -0.583481073706260E+001 -0.313821361578349E+001
 -0.313784707615036E+001  0.680577897516218E+002  0.328892371231328E+000  0.700184353865756E+000  0.671107628768672E+000 -0.583481073706260E+001 -0.313784707615036E+001
 -0.313730381922150E+001  0.679191782663689E+002  0.307413602837874E+000  0.643308588214060E+000  0.692586397162126E+000 -0.583481073706260E+001 -0.313730381922150E+001
 -0.313724370813151E+001  0.674336671907560E+002  0.321597540679850E+000  0.712799052759034E+000  0.678402459320150E+000 -0.583481073706260E+001 -0.313724370813151E+001
 -0.313682418113647E+001  0.678179987109639E+002  0.321865041434743E+000  0.713416647485726E+000  0.678134958565257E+000 -0.583481073706260E+001 -0.313682418113647E+001
 -0.313648822960420E+001  0.673760328885151E+002  0.328548009790274E+000  0.712830329674455E+000  0.671451990209726E+000 -0.583481073706260E+001 -0.313648822960420E+001
 -0.313550535579482E+001  0.664777260886442E+002  0.346813038502722E+000  0.648228162849567E+000  0.653186961497278E+000 -0.583481073706260E+001 -0.313550535579482E+001
 -0.313354612090835E+001  0.674514964727983E+002  0.336946909821934E+000  0.638440594930231E+000  0.663053090178066E+000 -0.583481073706260E+001 -0.313354612090835E+001
 -0.313315656250537E+001  0.687306869980487E+002  0.322288535119549E+000  0.687709862215667E+000  0.677711464880451E+000 -0.583481073706260E+001 -0.313315656250537E+001
 -0.313258787605225E+001  0.691107090855646E+002  0.309183148050263E+000  0.696445892261588E+000  0.690816851949737E+000 -0.583481073706260E+001 -0.313258787605225E+001
 -0.313219283885858E+001  0.665368620397719E+002  0.345938034703722E+000  0.646380558711557E+000  0.654061965296278E+000 -0.583481073706260E+001 -0.313219283885858E+001
 -0.313192899933542E+001  0.684970470803782E+002  0.310025950728397E+000  0.627959941227759E+000  0.689974049271603E+000 -0.583481073706260E+001 -0.313192899933542E+001
 -0.313127158190401E+001  0.669441944339779E+002  0.340032144493934E+000  0.634195792068091E+000  0.659967855506066E+000 -0.583481073706260E+001 -0.313127158190401E+001
 -0.313119869481658E+001  0.662503433498963E+002  0.349225113242263E+000  0.661739405051324E+000  0.650774886757737E+000 -0.583481073706260E+001 -0.313119869481658E+001
 -0.313108935563625E+001  0.668382020296502E+002  0.344173586046838E+000  0.685194254322526E+000  0.655826413953162E+000 -0.583481073706260E+001 -0.313108935563625E+001
 -0.313106519363102E+001  0.673155890208449E+002  0.331962296018486E+000  0.623662508631169E+000  0.668037703981514E+000 -0.583481073706260E+001 -0.313106519363102E+001
 -0.313065907921096E+001  0.674989458133679E+002  0.310476216343795E+000  0.683950354862283E+000  0.689523783656205E+000 -0.583481073706260E+001 -0.313065907921096E+001
 -0.313047200928189E+001  0.692653397981941E+002  0.314105776525577E+000  0.656698252929105E+000  0.685894223474423E+000 -0.583481073706260E+001 -0.313047200928189E+001
 -0.313000095114874E+001  0.685983051880321E+002  0.313916101483702E+000  0.626958149132115E+000  0.686083898516298E+000 -0.583481073706260E+001 -0.313000095114874E+001
 -0.312939764701443E+001  0.692433004749618E+002  0.314123371272303E+000  0.654360329724508E+000  0.685876628727697E+000 -0.583481073706260E+001 -0.312939764701443E+001
 -0.312924927994582E+001  0.688738136662530E+002  0.320111556511741E+000  0.648182788502012E+000  0.679888443488259E+000 -0.583481073706260E+001 -0.312924927994582E+001
 -0.312814619603479E+001  0.678213565489115E+002  0.331293652205068E+000  0.633637882536389E+000  0.668706347794932E+000 -0.583481073706260E+001 -0.312814619603479E+001
 -0.312766501567226E+001  0.660182518637538E+002  0.334618416617879E+000  0.693403476677630E+000  0.665381583382121E+000 -0.583481073706260E+001 -0.312766501567225E+001
 -0.312667986309506E+001  0.670474957033130E+002  0.340571302731474E+000  0.639762848481794E+000  0.659428697268526E+000 -0.583481073706260E+001 -0.312667986309506E+001
 -0.312652138505490E+001  0.678560718713950E+002  0.310163374387620E+000  0.697210874852947E+000  0.689836625612380E+000 -0.583481073706260E+001 -0.312652138505490E+001
 -0.312609063415572E+001  0.690197607714311E+002  0.318940275412297E+000  0.660317024507593E+000  0.681059724587703E+000 -0.583481073706260E+001 -0.312609063415571E+001
 -0.312532184530297E+001  0.691881678518970E+002  0.309932944061105E+000  0.641757772488541E+000  0.690067055938895E+000 -0.583481073706260E+001 -0.312532184530297E+001
 -0.312451541699587E+001  0.688495400306980E+002  0.300636378106767E+000  0.665190699100155E+000  0.699363621893233E+000 -0.583481073706260E+001 -0.312451541699587E+001
 -0.312432283257131E+001  0.675571478251666E+002  0.321477596420920E+000  0.621139825848534E+000  0.678522403579080E+000 -0.583481073706260E+001 -0.312432283257131E+001
 -0.312358989096783E+001  0.682929708648303E+002  0.317332325341379E+000  0.624315473852889E+000  0.682667674658621E+000 -0.583481073706260E+001 -0.312358989096783E+001
 -0.312351493415973E+001  0.657332608136968E+002  0.347660971845773E+000  0.679920347327098E+000  0.652339028154227E+000 -0.583481073706260E+001 -0.312351493415973E+001
 -0.312350580654596E+001  0.665611265106346E+002  0.341660099631744E+000  0.634349554672670E+000  0.658339900368256E+000 -0.583481073706260E+001 -0.312350580654596E+001
 -0.312343386396705E+001  0.683479442745779E+002  0.310422841057135E+000  0.628856024163332E+000  0.689577158942865E+000 -0.583481073706260E+001 -0.312343386396705E+001
 -0.312245248526857E+001  0.672505401319461E+002  0.334549106556261E+000  0.704460885255942E+000  0.665450893443739E+000 -0.583481073706260E+001 -0.312245248526857E+001
 -0.312206491923137E+001  0.688841566819303E+002  0.317212782305053E+000  0.640504068403834E+000  0.682787217694947E+000 -0.583481073706260E+001 -0.312206491923137E+001
 -0.312132719182123E+001  0.669237959027084E+002  0.325946599898284E+000  0.707356698455377E+000  0.674053400101716E+000 -0.583481073706260E+001 -0.312132719182123E+001
 -0.312125000724373E+001  0.681291497374708E+002  0.307508796000354E+000  0.693394294573313E+000  0.692491203999646E+000 -0.583481073706260E+001 -0.312125000724373E+001
 -0.311930719212525E+001  0.686267350231206E+002  0.314399811251338E+000  0.703392740861904E+000  0.685600188748662E+000 -0.583481073706260E+001 -0.311930719212525E+001
 -0.311928112177333E+001  0.663952900748598E+002  0.323762558939222E+000  0.673953268758585E+000  0.676237441060778E+000 -0.583481073706260E+001 -0.311928112177333E+001
 -0.311919200175048E+001  0.679392889924322E+002  0.314407479398271E+000  0.625970517524035E+000  0.685592520601729E+000 -0.583481073706260E+001 -0.311919200175048E+001
 -0.311640457476100E+001  0.685672862987961E+002  0.315050075722251E+000  0.628831938781393E+000  0.684949924277749E+000 -0.583481073706260E+001 -0.311640457476100E+001
 -0.311637768912127E+001  0.658303894126263E+002  0.337790726913391E+000  0.685025607734794E+000  0.662209273086608E+000 -0.583481073706260E+001 -0.311637768912127E+001
 -0.311516477243479E+001  0.658080227762351E+002  0.335037365988957E+000  0.664420424462066E+000  0.664962634011043E+000 -0.583481073706260E+001 -0.311516477243480E+001
 -0.311515360812029E+001  0.680797885245318E+002  0.322671067770154E+000  0.625718039722707E+000  0.677328932229846E+000 -0.583481073706260E+001 -0.311515360812029E+001
 -0.311394943244361E+001  0.677268715531248E+002  0.315357466874894E+000  0.704712113975454E+000  0.684642533125106E+000 -0.583481073706260E+001 -0.311394943244361E+001
 -0.311273329078697E+001  0.662944472836793E+002  0.345487701375822E+000  0.645505083551000E+000  0.654512298624178E+000 -0.583481073706260E+001 -0.311273329078697E+001
 -0.311263075644306E+001  0.662628106426918E+002  0.329098215332228E+000  0.643576615337736E+000  0.670901784667773E+000 -0.583481073706260E+001 -0.311263075644306E+001
 -0.311231838171493E+001  0.692674337765468E+002  0.301660965743270E+000  0.665322728575334E+000  0.698339034256730E+000 -0.583481073706260E+001 -0.311231838171493E+001
 -0.311188434211905E+001  0.691498642193733E+002  0.303369230412447E+000  0.683017684473111E+000  0.696630769587553E+000 -0.583481073706260E+001 -0.311188434211905E+001
 -0.311105265181929E+001  0.678477020537366E+002  0.326398136229513E+000  0.705490252385423E+000  0.673601863770487E+000 -0.583481073706260E+001 -0.311105265181929E+001
 -0.311089434695628E+001  0.670823557963869E+002  0.319721221460685E+000  0.633622073112946E+000  0.680278778539315E+000 -0.583481073706260E+001 -0.311089434695628E+001
 -0.311063074211107E+001  0.693214887024952E+002  0.302557310491429E+000  0.661422169365578E+000  0.697442689508571E+000 -0.583481073706260E+001 -0.311063074211107E+001
 -0.310978665014003E+001  0.683007628169799E+002  0.316006464583691E+000  0.626376466764840E+000  0.683993535416309E+000 -0.583481073706260E+001 -0.310978665014003E+001
 -0.310953934862546E+001  0.675113365765599E+002  0.338270214175473E+000  0.665510049666823E+000  0.661729785824527E+000 -0.583481073706260E+001 -0.310953934862546E+001
 -0.310893024820221E+001  0.679221091822657E+002  0.310535854803365E+000  0.636563322563203E+000  0.689464145196635E+000 -0.583481073706260E+001 -0.310893024820221E+001
 -0.310888943761886E+001  0.683498119172980E+002  0.325435288228027E+000  0.641250232766788E+000  0.674564711771973E+000 -0.583481073706260E+001 -0.310888943761885E+001
 -0.310833831506007E+001  0.658239515957293E+002  0.347952990367040E+000  0.663297482120584E+000  0.652047009632960E+000 -0.583481073706260E+001 -0.310833831506007E+001
 -0.310829847625878E+001  0.666281541290161E+002  0.327430378402012E+000  0.699878865688540E+000  0.672569621597988E+000 -0.583481073706260E+001 -0.310829847625878E+001
 -0.310824590543111E+001  0.691842193385119E+002  0.304649458046152E+000  0.648756092182233E+000  0.695350541953848E+000 -0.583481073706260E+001 -0.310824590543112E+001
 -0.310746721583646E+001  0.687249638554576E+002  0.315040545270827E+000  0.698351284427587E+000  0.684959454729173E+000 -0.583481073706260E+001 -0.310746721583646E+001
 -0.310726748666475E+001  0.678786243735921E+002  0.327021091534231E+000  0.628919751316252E+000  0.672978908465769E+000 -0.583481073706260E+001 -0.310726748666475E+001
 -0.310472748738512E+001  0.665459721385721E+002  0.345387289303900E+000  0.654043947320325E+000  0.654612710696100E+000 -0.583481073706260E+001 -0.310472748738512E+001
 -0.310435650265572E+001  0.670815837069038E+002  0.320152558529350E+000  0.698406803282855E+000  0.679847441470650E+000 -0.583481073706260E+001 -0.310435650265572E+001
 -0.310427362113371E+001  0.693825250822665E+002  0.306992811700526E+000  0.663365626889295E+000  0.693007188299474E+000 -0.583481073706260E+001 -0.310427362113371E+001
 -0.310399122772869E+001  0.658494106416442E+002  0.336750970857125E+000  0.678414190686878E+000  0.663249029142875E+000 -0.583481073706260E+001 -0.310399122772869E+001
 -0.310382570547881E+001  0.662723139009855E+002  0.344063255457573E+000  0.689120666419064E+000  0.655936744542427E+000 -0.583481073706260E+001 -0.310382570547881E+001
 -0.310260973257496E+001  0.662869462805633E+002  0.326656411492555E+000  0.673802885185902E+000  0.673343588507445E+000 -0.583481073706260E+001 -0.310260973257496E+001
 -0.310223179130015E+001  0.667551599906574E+002  0.344010478181221E+000  0.655044210900225E+000  0.655989521818779E+000 -0.583481073706260E+001 -0.310223179130015E+001
 -0.310197054069673E+001  0.673890867324165E+002  0.312165414679133E+000  0.658223902884422E+000  0.687834585320867E+000 -0.583481073706260E+001 -0.310197054069673E+001
 -0.310182636592037E+001  0.692973964378288E+002  0.308723647315061E+000  0.655648776527316E+000  0.691276352684939E+000 -0.583481073706260E+001 -0.310182636592037E+001
 -0.310181440982564E+001  0.656891587687089E+002  0.344493664678515E+000  0.666541741219803E+000  0.655506335321485E+000 -0.583481073706260E+001 -0.310181440982564E+001
 -0.310145908158671E+001  0.679940495876876E+002  0.330883826718330E+000  0.646798493064792E+000  0.669116173281670E+000 -0.583481073706260E+001 -0.310145908158671E+001
 -0.309922009437162E+001  0.663286070494166E+002  0.346803298218850E+000  0.663048394026586E+000  0.653196701781150E+000 -0.583481073706260E+001 -0.309922009437162E+001
 -0.309890131677880E+001  0.681832909898113E+002  0.313967043037549E+000  0.628640588997905E+000  0.686032956962451E+000 -0.583481073706260E+001 -0.309890131677880E+001
 -0.309860541862307E+001  0.666230066316341E+002  0.340111358709824E+000  0.636422047253088E+000  0.659888641290176E+000 -0.583481073706260E+001 -0.309860541862307E+001
 -0.309860188332892E+001  0.667934766376742E+002  0.336244576538035E+000  0.630673176471075E+000  0.663755423461965E+000 -0.583481073706260E+001 -0.309860188332892E+001
 -0.309827247972222E+001  0.657939167555479E+002  0.339757929789282E+000  0.655326706776080E+000  0.660242070210718E+000 -0.583481073706260E+001 -0.309827247972222E+001
 -0.309826177644714E+001  0.664348222402698E+002  0.345787226703987E+000  0.656223871472588E+000  0.654212773296013E+000 -0.583481073706260E+001 -0.309826177644714E+001
 -0.309732561405263E+001  0.684452780204676E+002  0.320821940937348E+000  0.635243504736789E+000  0.679178059062652E+000 -0.583481073706260E+001 -0.309732561405263E+001
 -0.309687129123292E+001  0.672121003561076E+002  0.318253158927437E+000  0.636069335793874E+000  0.681746841072563E+000 -0.583481073706260E+001 -0.309687129123292E+001
 -0.309686896207279E+001  0.676314658340796E+002  0.312803423157175E+000  0.639777467738129E+000  0.687196576842825E+000 -0.583481073706260E+001 -0.309686896207279E+001
 -0.309629585067353E+001  0.662052407074481E+002  0.331434817638460E+000  0.644966088240061E+000  0.668565182361540E+000 -0.583481073706260E+001 -0.309629585067353E+001
 -0.309624515430685E+001  0.662790218373386E+002  0.328273272516347E+000  0.651223264074116E+000  0.671726727483653E+000 -0.583481073706260E+001 -0.309624515430685E+001
 -0.309623165260638E+001  0.668393896898539E+002  0.322581918502364E+000  0.694130354261049E+000  0.677418081497636E+000 -0.583481073706260E+001 -0.309623165260638E+001
 -0.309617322340340E+001  0.686708330591353E+002  0.322324032653595E+000  0.677059342607585E+000  0.677675967346405E+000 -0.583481073706260E+001 -0.309617322340340E+001
 -0.309586778699470E+001  0.672220262035497E+002  0.317203220257637E+000  0.639334331415885E+000  0.682796779742364E+000 -0.583481073706260E+001 -0.309586778699470E+001
 -0.309577917204412E+001  0.686333560261054E+002  0.307372270862209E+000  0.639431559769425E+000  0.692627729137791E+000 -0.583481073706260E+001 -0.309577917204412E+001
 -0.309522774217049E+001  0.675063587254425E+002  0.320871794329025E+000  0.625997124565571E+000  0.679128205670975E+000 -0.583481073706260E+001 -0.309522774217049E+001
 -0.309519557760578E+001  0.689736038485348E+002  0.309219876339070E+000  0.690382004839812E+000  0.690780123660930E+000 -0.583481073706260E+001 -0.309519557760579E+001
 -0.309514245614801E+001  0.659446346777558E+002  0.342130691745478E+000  0.684899324211914E+000  0.657869308254522E+000 -0.583481073706260E+001 -0.309514245614801E+001
 -0.309503099667543E+001  0.684307343329394E+002  0.321193906124072E+000  0.635938007909381E+000  0.678806093875928E+000 -0.583481073706260E+001 -0.309503099667542E+001
 -0.309413378200315E+001  0.691326653361687E+002  0.304500325435119E+000  0.678707826049467E+000  0.695499674564881E+000 -0.583481073706260E+001 -0.309413378200315E+001
 -0.309391093304511E+001  0.686008111221346E+002  0.305074358793321E+000  0.647882667586570E+000  0.694925641206679E+000 -0.583481073706260E+001 -0.309391093304511E+001
 -0.309298624972390E+001  0.670327850599134E+002  0.322997341270251E+000  0.631335408357626E+000  0.677002658729749E+000 -0.583481073706260E+001 -0.309298624972390E+001
 -0.309261031924019E+001  0.658101708610882E+002  0.341853903285270E+000  0.676855010152135E+000  0.658146096714730E+000 -0.583481073706260E+001 -0.309261031924019E+001
 -0.309201494108850E+001  0.689385492940555E+002  0.302871406382035E+000  0.670574201154647E+000  0.697128593617965E+000 -0.583481073706260E+001 -0.309201494108850E+001
 -0.309099126331287E+001  0.691538188724101E+002  0.313143326287026E+000  0.662546461297009E+000  0.686856673712974E+000 -0.583481073706260E+001 -0.309099126331287E+001
 -0.309089958525583E+001  0.675706591426140E+002  0.311054997882672E+000  0.656641579835825E+000  0.688945002117328E+000 -0.583481073706260E+001 -0.309089958525583E+001
 -0.309082195004496E+001  0.670491209346545E+002  0.320560029764690E+000  0.636554112806646E+000  0.679439970235310E+000 -0.583481073706260E+001 -0.309082195004496E+001
 -0.309073190211476E+001  0.662698834975753E+002  0.346420957367125E+000  0.667111528350183E+000  0.653579042632875E+000 -0.583481073706260E+001 -0.309073190211477E+001
 -0.309071650427162E+001  0.679304247191729E+002  0.332610939847064E+000  0.663094766345670E+000  0.667389060152936E+000 -0.583481073706260E+001 -0.309071650427163E+001
 -0.309066135820261E+001  0.677490387313319E+002  0.327635947882277E+000  0.630031167711362E+000  0.672364052117723E+000 -0.583481073706260E+001 -0.309066135820261E+001
 -0.309064929042817E+001  0.690149516661267E+002  0.303752020757771E+000  0.676525918426099E+000  0.696247979242229E+000 -0.583481073706260E+001 -0.309064929042817E+001
 -0.309062234190703E+001  0.682544113865240E+002  0.305652915565085E+000  0.674555407493408E+000  0.694347084434915E+000 -0.583481073706260E+001 -0.309062234190703E+001
 -0.309057790354734E+001  0.666506988380179E+002  0.324831729800670E+000  0.641142652708742E+000  0.675168270199330E+000 -0.583481073706260E+001 -0.309057790354734E+001
 -0.309023533821933E+001  0.675469685969355E+002  0.334700371779481E+000  0.688209295001966E+000  0.665299628220519E+000 -0.583481073706260E+001 -0.309023533821933E+001
 -0.308986269499446E+001  0.675603117208059E+002  0.327096001204252E+000  0.626861805595000E+000  0.672903998795748E+000 -0.583481073706260E+001 -0.308986269499446E+001
 -0.308980586145332E+001  0.668522429131486E+002  0.326318179423653E+000  0.631334105651748E+000  0.673681820576347E+000 -0.583481073706260E+001 -0.308980586145332E+001
 -0.308962801081329E+001  0.685152279021386E+002  0.317529635002398E+000  0.697546167959824E+000  0.682470364997602E+000 -0.583481073706260E+001 -0.308962801081329E+001
 -0.308961656348421E+001  0.671078520677447E+002  0.335441776786433E+000  0.633575434378640E+000  0.664558223213567E+000 -0.583481073706260E+001 -0.308961656348421E+001
 -0.308942196893514E+001  0.661253781159158E+002  0.330829827876410E+000  0.658263236135480E+000  0.669170172123590E+000 -0.583481073706260E+001 -0.308942196893514E+001
 -0.308935018262968E+001  0.682129650975611E+002  0.308225596683692E+000  0.642721255241914E+000  0.691774403316308E+000 -0.583481073706260E+001 -0.308935018262967E+001
 -0.308888863951149E+001  0.661458447579894E+002  0.343257699222089E+000  0.646356174644709E+000  0.656742300777911E+000 -0.583481073706260E+001 -0.308888863951149E+001
 -0.308880765313815E+001  0.670401137343752E+002  0.327263972377564E+000  0.703804314819000E+000  0.672736027622436E+000 -0.583481073706260E+001 -0.308880765313815E+001
 -0.308879639594707E+001  0.667046225826739E+002  0.320869838277831E+000  0.662982863172184E+000  0.679130161722169E+000 -0.583481073706260E+001 -0.308879639594707E+001
 -0.308853155958451E+001  0.663760110387163E+002  0.336502824411046E+000  0.635773464556270E+000  0.663497175588954E+000 -0.583481073706260E+001 -0.308853155958451E+001
 -0.308709349451088E+001  0.673806391526202E+002  0.322128850922111E+000  0.703879612240474E+000  0.677871149077889E+000 -0.583481073706260E+001 -0.308709349451088E+001
 -0.308679297401349E+001  0.689056125805393E+002  0.317357321845443E+000  0.654755823320294E+000  0.682642678154557E+000 -0.583481073706260E+001 -0.308679297401349E+001
 -0.308656045489271E+001  0.669050382513821E+002  0.340359197373739E+000  0.644880202746552E+000  0.659640802626261E+000 -0.583481073706260E+001 -0.308656045489271E+001
 -0.308620497888012E+001  0.688602605654549E+002  0.318479831876376E+000  0.675082188856667E+000  0.681520168123624E+000 -0.583481073706260E+001 -0.308620497888012E+001
 -0.308582055278286E+001  0.692373340499546E+002  0.305835847912880E+000  0.668476244035650E+000  0.694164152087120E+000 -0.583481073706260E+001 -0.308582055278286E+001
 -0.308572351811448E+001  0.680943588872361E+002  0.309895669052314E+000  0.640039391864163E+000  0.690104330947686E+000 -0.583481073706260E+001 -0.308572351811448E+001
 -0.308570483477381E+001  0.659468814230489E+002  0.343975470948018E+000  0.653992414862041E+000  0.656024529051982E+000 -0.583481073706260E+001 -0.308570483477381E+001
 -0.308512880672021E+001  0.676269926913389E+002  0.323837994679550E+000  0.704885862912653E+000  0.676162005320450E+000 -0.583481073706260E+001 -0.308512880672021E+001
 -0.308490536977893E+001  0.673063622358183E+002  0.337023879060681E+000  0.645106411178372E+000  0.662976120939319E+000 -0.583481073706260E+001 -0.308490536977893E+001
 -0.308454784216073E+001  0.686661599934704E+002  0.304249155157300E+000  0.675423736237378E+000  0.695750844842701E+000 -0.583481073706260E+001 -0.308454784216073E+001
 -0.308392961736429E+001  0.673404347288386E+002  0.330296034345242E+000  0.629052500603036E+000  0.669703965654758E+000 -0.583481073706260E+001 -0.308392961736429E+001
 -0.308389768411849E+001  0.681503370153729E+002  0.307008546392082E+000  0.677757157631330E+000  0.692991453607918E+000 -0.583481073706260E+001 -0.308389768411848E+001
 -0.308357733830898E+001  0.658284778531781E+002  0.340225292052031E+000  0.662861856355565E+000  0.659774707947969E+000 -0.583481073706260E+001 -0.308357733830898E+001
 -0.308324122863391E+001  0.661577745615896E+002  0.345120281054154E+000  0.676552476749075E+000  0.654879718945846E+000 -0.583481073706260E+001 -0.308324122863391E+001
 -0.308297075801683E+001  0.674414644225137E+002  0.327952380056391E+000  0.703411944879905E+000  0.672047619943609E+000 -0.583481073706260E+001 -0.308297075801683E+001
 -0.308291564920331E+001  0.680095431595465E+002  0.310602075138264E+000  0.691360739721363E+000  0.689397924861736E+000 -0.583481073706260E+001 -0.308291564920331E+001
 -0.308249174445455E+001  0.664405376610392E+002  0.332315836662447E+000  0.694490239300111E+000  0.667684163337553E+000 -0.583481073706260E+001 -0.308249174445455E+001
 -0.308230850418115E+001  0.676628063992930E+002  0.320021963690268E+000  0.627599564434115E+000  0.679978036309732E+000 -0.583481073706260E+001 -0.308230850418115E+001
 -0.308213812193466E+001  0.677307248899449E+002  0.329676128587369E+000  0.635276833369236E+000  0.670323871412631E+000 -0.583481073706260E+001 -0.308213812193466E+001
 -0.308171505574356E+001  0.661671902124740E+002  0.340224585234027E+000  0.643463067201580E+000  0.659775414765973E+000 -0.583481073706260E+001 -0.308171505574356E+001
 -0.308139335223801E+001  0.678546683821254E+002  0.309131928980872E+000  0.655941941464895E+000  0.690868071019128E+000 -0.583481073706260E+001 -0.308139335223801E+001
 -0.308126337158645E+001  0.663404857209582E+002  0.345388068884176E+000  0.662968430134177E+000  0.654611931115824E+000 -0.583481073706260E+001 -0.308126337158645E+001
 -0.308117755820554E+001  0.659390141625713E+002  0.341359449319736E+000  0.679128869918869E+000  0.658640550680264E+000 -0.583481073706260E+001 -0.308117755820554E+001
 -0.308026527200171E+001  0.679782789717313E+002  0.317232411016253E+000  0.629043920263819E+000  0.682767588983747E+000 -0.583481073706260E+001 -0.308026527200171E+001
 -0.308024587525885E+001  0.663775126395775E+002  0.331922107500262E+000  0.640005514562826E+000  0.668077892499738E+000 -0.583481073706260E+001 -0.308024587525885E+001
 -0.308017050707333E+001  0.680983640307158E+002  0.322020658792117E+000  0.700064398909603E+000  0.677979341207883E+000 -0.583481073706260E+001 -0.308017050707333E+001
 -0.308004477153247E+001  0.684486163578917E+002  0.306024594923403E+000  0.680574734133179E+000  0.693975405076597E+000 -0.583481073706260E+001 -0.308004477153247E+001
 -0.307967232308193E+001  0.681061053318300E+002  0.329590580019445E+000  0.673546153742882E+000  0.670409419980555E+000 -0.583481073706260E+001 -0.307967232308193E+001
 -0.307956237161269E+001  0.661846767250513E+002  0.342315722553536E+000  0.646850087160148E+000  0.657684277446464E+000 -0.583481073706260E+001 -0.307956237161269E+001
 -0.307892118244577E+001  0.662324055898033E+002  0.329608182884569E+000  0.658453591946155E+000  0.670391817115431E+000 -0.583481073706260E+001 -0.307892118244577E+001
 -0.307881463920075E+001  0.672255499418062E+002  0.321695830232695E+000  0.631672343085689E+000  0.678304169767305E+000 -0.583481073706260E+001 -0.307881463920075E+001
 -0.307873400632296E+001  0.669002831008847E+002  0.324083143101561E+000  0.635762159885010E+000  0.675916856898439E+000 -0.583481073706260E+001 -0.307873400632296E+001
 -0.307844267270772E+001  0.677649631152868E+002  0.328383586782490E+000  0.697181563395295E+000  0.671616413217510E+000 -0.583481073706260E+001 -0.307844267270771E+001
 -0.307825719561010E+001  0.662635484780401E+002  0.339567751664689E+000  0.641868099131968E+000  0.660432248335311E+000 -0.583481073706260E+001 -0.307825719561010E+001
 -0.307817224242870E+001  0.686835916693255E+002  0.310564898502431E+000  0.692410808407226E+000  0.689435101497569E+000 -0.583481073706260E+001 -0.307817224242870E+001
 -0.307796823559763E+001  0.683023822898064E+002  0.325253724234096E+000  0.684937466408793E+000  0.674746275765904E+000 -0.583481073706260E+001 -0.307796823559763E+001
 -0.307778104006043E+001  0.683856418856741E+002  0.306207832024546E+000  0.678781808416809E+000  0.693792167975454E+000 -0.583481073706260E+001 -0.307778104006043E+001
 -0.307735921086194E+001  0.661936851680728E+002  0.330816436077262E+000  0.675151785597374E+000  0.669183563922737E+000 -0.583481073706260E+001 -0.307735921086194E+001
 -0.307717041683804E+001  0.679571279483446E+002  0.330545861383394E+000  0.680601581105152E+000  0.669454138616606E+000 -0.583481073706260E+001 -0.307717041683804E+001
 -0.307711622087272E+001  0.664380823640503E+002  0.334489691292452E+000  0.694266645508345E+000  0.665510308707548E+000 -0.583481073706260E+001 -0.307711622087272E+001
 -0.307682825773875E+001  0.662920061604960E+002  0.332915115198127E+000  0.642973949557395E+000  0.667084884801873E+000 -0.583481073706260E+001 -0.307682825773875E+001
 -0.307565520877587E+001  0.683129457337591E+002  0.306688967744600E+000  0.652943367866379E+000  0.693311032255400E+000 -0.583481073706260E+001 -0.307565520877587E+001
 -0.307489721661772E+001  0.660379308435628E+002  0.343935923080018E+000  0.657059934394723E+000  0.656064076919982E+000 -0.583481073706260E+001 -0.307489721661772E+001
 -0.307442335653955E+001  0.666346083315280E+002  0.341939748212179E+000  0.682540098689578E+000  0.658060251787821E+000 -0.583481073706260E+001 -0.307442335653955E+001
 -0.307381438871070E+001  0.688270775597328E+002  0.307283530773269E+000  0.684258213981717E+000  0.692716469226730E+000 -0.583481073706260E+001 -0.307381438871070E+001
 -0.307355971514363E+001  0.679036996787211E+002  0.323413134349643E+000  0.630329236467445E+000  0.676586865650357E+000 -0.583481073706260E+001 -0.307355971514363E+001
 -0.307289382787956E+001  0.691478101396988E+002  0.307025992240624E+000  0.666524411741018E+000  0.692974007759376E+000 -0.583481073706260E+001 -0.307289382787956E+001
 -0.307274617325444E+001  0.661580062395413E+002  0.337308976850535E+000  0.645568952160504E+000  0.662691023149465E+000 -0.583481073706260E+001 -0.307274617325444E+001
 -0.307239537191981E+001  0.663655737167117E+002  0.338752579604742E+000  0.690153125761163E+000  0.661247420395258E+000 -0.583481073706260E+001 -0.307239537191981E+001
 -0.307237180600374E+001  0.685952043672251E+002  0.315334574826816E+000  0.637949022766538E+000  0.684665425173184E+000 -0.583481073706260E+001 -0.307237180600374E+001
 -0.307235867780175E+001  0.668060020492547E+002  0.326774590142483E+000  0.695746959124334E+000  0.673225409857517E+000 -0.583481073706260E+001 -0.307235867780175E+001
 -0.307133792662098E+001  0.671978436202491E+002  0.315665712689022E+000  0.663809575034990E+000  0.684334287310978E+000 -0.583481073706260E+001 -0.307133792662098E+001
 -0.307099721801306E+001  0.689912197977797E+002  0.305596383434092E+000  0.673194264499339E+000  0.694403616565908E+000 -0.583481073706260E+001 -0.307099721801306E+001
 -0.307098346047989E+001  0.663414656868639E+002  0.335949306362881E+000  0.690589031562553E+000  0.664050693637119E+000 -0.583481073706260E+001 -0.307098346047989E+001
 -0.307057116957324E+001  0.679299031226083E+002  0.318420762457803E+000  0.700731062088650E+000  0.681579237542197E+000 -0.583481073706260E+001 -0.307057116957324E+001
 -0.307036525454013E+001  0.667533075808941E+002  0.342234870327204E+000  0.657746385245249E+000  0.657765129672796E+000 -0.583481073706260E+001 -0.307036525454013E+001
 -0.307033140035451E+001  0.672828828707952E+002  0.315660643142791E+000  0.679632503530220E+000  0.684339356857209E+000 -0.583481073706260E+001 -0.307033140035451E+001
 -0.306980757180677E+001  0.687520453534137E+002  0.318073150862988E+000  0.679921581810986E+000  0.681926849137012E+000 -0.583481073706260E+001 -0.306980757180677E+001
 -0.306965982907417E+001  0.685005999313871E+002  0.310074861053015E+000  0.639920429140120E+000  0.689925138946985E+000 -0.583481073706260E+001 -0.306965982907417E+001
 -0.306932023758844E+001  0.663978779059017E+002  0.330862934611359E+000  0.643821248170081E+000  0.669137065388641E+000 -0.583481073706260E+001 -0.306932023758844E+001
 -0.306924253443783E+001  0.688607430815199E+002  0.305030142140165E+000  0.671243647581308E+000  0.694969857859835E+000 -0.583481073706260E+001 -0.306924253443782E+001
 -0.306882425205520E+001  0.665919968345193E+002  0.342872461603499E+000  0.675096040796894E+000  0.657127538396501E+000 -0.583481073706260E+001 -0.306882425205520E+001
 -0.306872990263666E+001  0.676440179153670E+002  0.334001059402455E+000  0.677352820456607E+000  0.665998940597545E+000 -0.583481073706260E+001 -0.306872990263666E+001
 -0.306836506672948E+001  0.685738687314853E+002  0.320878675260155E+000  0.681504905873431E+000  0.679121324739845E+000 -0.583481073706260E+001 -0.306836506672948E+001
 -0.306775190645563E+001  0.678692511809366E+002  0.331328938605765E+000  0.653295346041496E+000  0.668671061394235E+000 -0.583481073706260E+001 -0.306775190645563E+001
 -0.306751946090130E+001  0.689731267032826E+002  0.305535144972017E+000  0.661566956716217E+000  0.694464855027983E+000 -0.583481073706260E+001 -0.306751946090130E+001
 -0.306750137353341E+001  0.666252664828796E+002  0.341942137435887E+000  0.651498786652873E+000  0.658057862564113E+000 -0.583481073706260E+001 -0.306750137353341E+001
 -0.306705078847623E+001  0.680295247714357E+002  0.315699145120616E+000  0.698046269337650E+000  0.684300854879384E+000 -0.583481073706260E+001 -0.306705078847623E+001
 -0.306689230913011E+001  0.684441863355073E+002  0.306314868439476E+000  0.656039674887425E+000  0.693685131560524E+000 -0.583481073706260E+001 -0.306689230913011E+001
 -0.306651842546753E+001  0.664874264053962E+002  0.337270231887160E+000  0.691415356794680E+000  0.662729768112840E+000 -0.583481073706260E+001 -0.306651842546754E+001
 -0.306644475560442E+001  0.689762786645673E+002  0.314281147989917E+000  0.661158576807081E+000  0.685718852010083E+000 -0.583481073706260E+001 -0.306644475560442E+001
 -0.306591951962557E+001  0.670957529038513E+002  0.323502069872820E+000  0.696548554063295E+000  0.676497930127180E+000 -0.583481073706260E+001 -0.306591951962557E+001
 -0.306454469536642E+001  0.686276588591834E+002  0.306731833760629E+000  0.651236834201799E+000  0.693268166239371E+000 -0.583481073706260E+001 -0.306454469536643E+001
 -0.306405893139456E+001  0.665446349935797E+002  0.341479920123486E+000  0.681754225920495E+000  0.658520079876514E+000 -0.583481073706260E+001 -0.306405893139456E+001
 -0.306372524622855E+001  0.665956304560206E+002  0.342922454657855E+000  0.662382294287451E+000  0.657077545342145E+000 -0.583481073706260E+001 -0.306372524622854E+001
 -0.306368167583667E+001  0.690667159718077E+002  0.309916198391364E+000  0.670538005868295E+000  0.690083801608636E+000 -0.583481073706260E+001 -0.306368167583667E+001
 -0.306361226919566E+001  0.670902094267791E+002  0.338800732846300E+000  0.678272269836414E+000  0.661199267153700E+000 -0.583481073706260E+001 -0.306361226919566E+001
 -0.306336150006775E+001  0.660375288993852E+002  0.336121677073423E+000  0.662919908517581E+000  0.663878322926577E+000 -0.583481073706260E+001 -0.306336150006775E+001
 -0.306329809873306E+001  0.674646640446320E+002  0.322090767934918E+000  0.630630693148863E+000  0.677909232065082E+000 -0.583481073706260E+001 -0.306329809873306E+001
 -0.306306383262735E+001  0.666610880831644E+002  0.333169252749684E+000  0.635918271236082E+000  0.666830747250316E+000 -0.583481073706260E+001 -0.306306383262735E+001
 -0.306269174155859E+001  0.673800653740221E+002  0.329660286641539E+000  0.632430937893817E+000  0.670339713358461E+000 -0.583481073706260E+001 -0.306269174155859E+001
 -0.306254272434891E+001  0.685294721154334E+002  0.307577137463809E+000  0.682011282917084E+000  0.692422862536191E+000 -0.583481073706260E+001 -0.306254272434891E+001
 -0.306227469633992E+001  0.660817101416701E+002  0.334767446728368E+000  0.664670750116874E+000  0.665232553271632E+000 -0.583481073706260E+001 -0.306227469633992E+001
 -0.306155124617369E+001  0.689574195268279E+002  0.306265469238577E+000  0.668901269382692E+000  0.693734530761423E+000 -0.583481073706260E+001 -0.306155124617369E+001
 -0.306148732282702E+001  0.666124466583529E+002  0.330812391054116E+000  0.692500949560883E+000  0.669187608945884E+000 -0.583481073706260E+001 -0.306148732282702E+001
 -0.306077245075025E+001  0.690216471735585E+002  0.307796641926413E+000  0.659968864262624E+000  0.692203358073587E+000 -0.583481073706260E+001 -0.306077245075025E+001
 -0.306077054313309E+001  0.666685922943226E+002  0.337138193200288E+000  0.691098389361988E+000  0.662861806799712E+000 -0.583481073706260E+001 -0.306077054313309E+001
 -0.306055137903722E+001  0.681060426036842E+002  0.325892782834488E+000  0.643325691967154E+000  0.674107217165512E+000 -0.583481073706260E+001 -0.306055137903722E+001
 -0.305967269741712E+001  0.660264077596564E+002  0.341288096522031E+000  0.668217273034142E+000  0.658711903477969E+000 -0.583481073706260E+001 -0.305967269741712E+001
 -0.305909617535947E+001  0.661332823486112E+002  0.337966357854429E+000  0.679087111943228E+000  0.662033642145571E+000 -0.583481073706260E+001 -0.305909617535947E+001
 -0.305891989025828E+001  0.661264731284176E+002  0.335622437157161E+000  0.675667350961091E+000  0.664377562842839E+000 -0.583481073706260E+001 -0.305891989025828E+001
 -0.305851027710234E+001  0.661283190417291E+002  0.342250230636306E+000  0.672059044815453E+000  0.657749769363694E+000 -0.583481073706260E+001 -0.305851027710234E+001
 -0.305842012324270E+001  0.670334806631353E+002  0.339704157658304E+000  0.667840380697266E+000  0.660295842341696E+000 -0.583481073706260E+001 -0.305842012324270E+001
 -0.305783279454652E+001  0.689356982645876E+002  0.312097812988855E+000  0.676531280525190E+000  0.687902187011145E+000 -0.583481073706260E+001 -0.305783279454652E+001
 -0.305770168856222E+001  0.669635513112429E+002  0.320943557467694E+000  0.682403826614984E+000  0.679056442532306E+000 -0.583481073706260E+001 -0.305770168856222E+001
 -0.305726053282482E+001  0.684158088478738E+002  0.319094267574739E+000  0.640201741401327E+000  0.680905732425261E+000 -0.583481073706260E+001 -0.305726053282481E+001
 -0.305719643178768E+001  0.664868512604687E+002  0.342347455455684E+000  0.656585874284524E+000  0.657652544544316E+000 -0.583481073706260E+001 -0.305719643178768E+001
 -0.305660618684351E+001  0.666297006801737E+002  0.324183902857406E+000  0.664353987359686E+000  0.675816097142594E+000 -0.583481073706260E+001 -0.305660618684350E+001
 -0.305618442071117E+001  0.687972733426416E+002  0.309136969333838E+000  0.649229171370975E+000  0.690863030666162E+000 -0.583481073706260E+001 -0.305618442071117E+001
 -0.305601705185233E+001  0.678743884621391E+002  0.331224482269309E+000  0.663832858756918E+000  0.668775517730691E+000 -0.583481073706260E+001 -0.305601705185233E+001
 -0.305599010170883E+001  0.682667046915198E+002  0.312108093183743E+000  0.639485055801191E+000  0.687891906816257E+000 -0.583481073706260E+001 -0.305599010170883E+001
 -0.305585832607394E+001  0.662790585489039E+002  0.341189261891671E+000  0.652061024522578E+000  0.658810738108329E+000 -0.583481073706260E+001 -0.305585832607394E+001
 -0.305530667706358E+001  0.688081763087289E+002  0.307906683991740E+000  0.677956138370914E+000  0.692093316008260E+000 -0.583481073706260E+001 -0.305530667706358E+001
 -0.305504270067510E+001  0.683710856837087E+002  0.307027579637967E+000  0.663338030513741E+000  0.692972420362033E+000 -0.583481073706260E+001 -0.305504270067510E+001
 -0.305484963475478E+001  0.687531720907466E+002  0.307397008363552E+000  0.676987892097345E+000  0.692602991636448E+000 -0.583481073706260E+001 -0.305484963475478E+001
 -0.305439611239413E+001  0.683832697611506E+002  0.319379658165391E+000  0.690111975735900E+000  0.680620341834609E+000 -0.583481073706260E+001 -0.305439611239413E+001
 -0.305427310412741E+001  0.670476787122645E+002  0.337372162673527E+000  0.646693240784317E+000  0.662627837326473E+000 -0.583481073706260E+001 -0.305427310412741E+001
 -0.305390285192395E+001  0.681297942859671E+002  0.327541221942127E+000  0.673459735695397E+000  0.672458778057873E+000 -0.583481073706260E+001 -0.305390285192395E+001
 -0.305371908468249E+001  0.668787436142082E+002  0.320753325082374E+000  0.665997632735960E+000  0.679246674917626E+000 -0.583481073706260E+001 -0.305371908468249E+001
 -0.305343678558005E+001  0.672658631102385E+002  0.335281988585380E+000  0.684994709387020E+000  0.664718011414620E+000 -0.583481073706260E+001 -0.305343678558005E+001
 -0.305319112297745E+001  0.680519298787437E+002  0.315864303507237E+000  0.695033581812006E+000  0.684135696492763E+000 -0.583481073706260E+001 -0.305319112297745E+001
 -0.305273436688895E+001  0.685154215154657E+002  0.315024194821731E+000  0.640499034203868E+000  0.684975805178269E+000 -0.583481073706260E+001 -0.305273436688895E+001
 -0.305261234279566E+001  0.679704089769390E+002  0.329793141616472E+000  0.668528819349584E+000  0.670206858383528E+000 -0.583481073706260E+001 -0.305261234279566E+001
 -0.305253909812350E+001  0.665044083850492E+002  0.333061722067223E+000  0.641706129971157E+000  0.666938277932777E+000 -0.583481073706260E+001 -0.305253909812350E+001
 -0.305243871833528E+001  0.674301790344083E+002  0.331152665105506E+000  0.692494503363347E+000  0.668847334894495E+000 -0.583481073706260E+001 -0.305243871833528E+001
 -0.305235660329399E+001  0.676293218350049E+002  0.312593350786940E+000  0.658623765449615E+000  0.687406649213060E+000 -0.583481073706260E+001 -0.305235660329399E+001
 -0.305197247871233E+001  0.660922821667365E+002  0.339950260759158E+000  0.660672002306708E+000  0.660049739240842E+000 -0.583481073706260E+001 -0.305197247871233E+001
 -0.305179086244740E+001  0.680667577790863E+002  0.310474911438558E+000  0.648551336589509E+000  0.689525088561442E+000 -0.583481073706260E+001 -0.305179086244740E+001
 -0.305169917510590E+001  0.664241553405662E+002  0.341906691535507E+000  0.656557398628297E+000  0.658093308464493E+000 -0.583481073706260E+001 -0.305169917510590E+001
 -0.305148539364636E+001  0.676459077804476E+002  0.312390845627610E+000  0.660570898144443E+000  0.687609154372390E+000 -0.583481073706260E+001 -0.305148539364636E+001
 -0.305058726657289E+001  0.676005736881209E+002  0.312799978130351E+000  0.668215083946645E+000  0.687200021869649E+000 -0.583481073706260E+001 -0.305058726657289E+001
 -0.305051639878873E+001  0.675222471849233E+002  0.314930769106156E+000  0.681793507374324E+000  0.685069230893844E+000 -0.583481073706260E+001 -0.305051639878873E+001
 -0.305039688216161E+001  0.687495144451574E+002  0.317526926371979E+000  0.661572087925999E+000  0.682473073628021E+000 -0.583481073706260E+001 -0.305039688216161E+001
 -0.305014175954663E+001  0.660933155532099E+002  0.338492234540977E+000  0.662254423606599E+000  0.661507765459023E+000 -0.583481073706260E+001 -0.305014175954663E+001
 -0.305005286553397E+001  0.670523075562433E+002  0.328109574435746E+000  0.696010895225969E+000  0.671890425564254E+000 -0.583481073706260E+001 -0.305005286553397E+001
 -0.304972730649048E+001  0.688644739935665E+002  0.311664564567506E+000  0.653204134328238E+000  0.688335435432494E+000 -0.583481073706260E+001 -0.304972730649048E+001
 -0.304889051246961E+001  0.689528262310496E+002  0.310969306809472E+000  0.663353671033834E+000  0.689030693190528E+000 -0.583481073706260E+001 -0.304889051246962E+001
 -0.304867115260682E+001  0.680628258743356E+002  0.313734510441225E+000  0.690901952223354E+000  0.686265489558775E+000 -0.583481073706260E+001 -0.304867115260682E+001
 -0.304854399282411E+001  0.663167652131688E+002  0.341679626860278E+000  0.672276339589644E+000  0.658320373139722E+000 -0.583481073706260E+001 -0.304854399282411E+001
 -0.304850619858049E+001  0.677888544152953E+002  0.322006010105996E+000  0.696997508831896E+000  0.677993989894004E+000 -0.583481073706260E+001 -0.304850619858049E+001
 -0.304847216107452E+001  0.680774002344388E+002  0.321855072054354E+000  0.693339027271548E+000  0.678144927945646E+000 -0.583481073706260E+001 -0.304847216107452E+001
 -0.304813597447335E+001  0.668776809689464E+002  0.322273661149543E+000  0.678752558264549E+000  0.677726338850457E+000 -0.583481073706260E+001 -0.304813597447335E+001
 -0.304802396342313E+001  0.665564182139568E+002  0.329973229707172E+000  0.644647662850194E+000  0.670026770292828E+000 -0.583481073706260E+001 -0.304802396342313E+001
 -0.304789247877877E+001  0.687794889457433E+002  0.310003142436783E+000  0.679419627434589E+000  0.689996857563217E+000 -0.583481073706260E+001 -0.304789247877877E+001
 -0.304761933319062E+001  0.685868821674262E+002  0.311832137685389E+000  0.685902068581119E+000  0.688167862314611E+000 -0.583481073706260E+001 -0.304761933319062E+001
 -0.304718385068859E+001  0.687546094498354E+002  0.315633606568227E+000  0.676682450904857E+000  0.684366393431773E+000 -0.583481073706260E+001 -0.304718385068858E+001
 -0.304657825684242E+001  0.674445074367933E+002  0.315513977847687E+000  0.651469669298293E+000  0.684486022152313E+000 -0.583481073706260E+001 -0.304657825684242E+001
 -0.304600038615615E+001  0.670202382490877E+002  0.337320551844774E+000  0.648627010126300E+000  0.662679448155226E+000 -0.583481073706260E+001 -0.304600038615616E+001
 -0.304597637778450E+001  0.665906263164768E+002  0.325730442200856E+000  0.666179356512488E+000  0.674269557799144E+000 -0.583481073706260E+001 -0.304597637778450E+001
 -0.304570111803457E+001  0.685329483864355E+002  0.317408318603718E+000  0.684962182012405E+000  0.682591681396282E+000 -0.583481073706260E+001 -0.304570111803457E+001
 -0.304520084264694E+001  0.670690095707524E+002  0.337933373461709E+000  0.675355140338974E+000  0.662066626538291E+000 -0.583481073706260E+001 -0.304520084264694E+001
 -0.304516455682375E+001  0.666212158667265E+002  0.327238419673201E+000  0.649176757297255E+000  0.672761580326799E+000 -0.583481073706260E+001 -0.304516455682375E+001
 -0.304458442089621E+001  0.687201988529104E+002  0.312910916053278E+000  0.648726975761512E+000  0.687089083946722E+000 -0.583481073706260E+001 -0.304458442089621E+001
 -0.304414802014532E+001  0.674294595190012E+002  0.320941116391110E+000  0.635933460639433E+000  0.679058883608890E+000 -0.583481073706260E+001 -0.304414802014532E+001
 -0.304408578150754E+001  0.661906360850427E+002  0.335396348028029E+000  0.660817230913761E+000  0.664603651971971E+000 -0.583481073706260E+001 -0.304408578150754E+001
 -0.304394987439167E+001  0.670350262061750E+002  0.320740869888817E+000  0.680212378546736E+000  0.679259130111183E+000 -0.583481073706260E+001 -0.304394987439167E+001
 -0.304381672051244E+001  0.663109683653710E+002  0.340125840828969E+000  0.675471492077215E+000  0.659874159171031E+000 -0.583481073706260E+001 -0.304381672051244E+001
 -0.304307658594254E+001  0.688117054565842E+002  0.310048990085407E+000  0.675484607084315E+000  0.689951009914593E+000 -0.583481073706260E+001 -0.304307658594254E+001
 -0.304242336545389E+001  0.676555693582006E+002  0.317725444622899E+000  0.691899254184602E+000  0.682274555377101E+000 -0.583481073706260E+001 -0.304242336545389E+001
 -0.304213674411519E+001  0.661651230129449E+002  0.338884517779163E+000  0.665964955556575E+000  0.661115482220837E+000 -0.583481073706260E+001 -0.304213674411519E+001
 -0.304196461760374E+001  0.684083442286981E+002  0.315112719856355E+000  0.688870840348840E+000  0.684887280143645E+000 -0.583481073706260E+001 -0.304196461760374E+001
 -0.304118807781022E+001  0.681742799901864E+002  0.322870441515749E+000  0.686828724810537E+000  0.677129558484251E+000 -0.583481073706260E+001 -0.304118807781022E+001
 -0.304110361112771E+001  0.663300395746156E+002  0.334755517235741E+000  0.651181235452657E+000  0.665244482764259E+000 -0.583481073706260E+001 -0.304110361112771E+001
 -0.304105640898216E+001  0.678937351141839E+002  0.327717099696342E+000  0.684242480644810E+000  0.672282900303658E+000 -0.583481073706260E+001 -0.304105640898216E+001
 -0.304097378686282E+001  0.687061843349143E+002  0.308215068675721E+000  0.671745137901123E+000  0.691784931324279E+000 -0.583481073706260E+001 -0.304097378686282E+001
 -0.304049114341660E+001  0.669478851906574E+002  0.326410528698216E+000  0.690708429198306E+000  0.673589471301784E+000 -0.583481073706260E+001 -0.304049114341660E+001
 -0.304033108694886E+001  0.683743907700942E+002  0.321162689316753E+000  0.648149630775064E+000  0.678837310683247E+000 -0.583481073706260E+001 -0.304033108694886E+001
 -0.303970297098671E+001  0.684987886283211E+002  0.313097834932701E+000  0.685781421347110E+000  0.686902165067299E+000 -0.583481073706260E+001 -0.303970297098671E+001
 -0.303904945816914E+001  0.669677283109727E+002  0.334352884935737E+000  0.688725344062466E+000  0.665647115064263E+000 -0.583481073706260E+001 -0.303904945816914E+001
 -0.303891518455971E+001  0.663556649951197E+002  0.331188053223709E+000  0.666739029561303E+000  0.668811946776291E+000 -0.583481073706260E+001 -0.303891518455971E+001
 -0.303827772358171E+001  0.665828454867847E+002  0.337471573151781E+000  0.682965072702280E+000  0.662528426848219E+000 -0.583481073706260E+001 -0.303827772358171E+001
 -0.303821274812789E+001  0.684379235062011E+002  0.321995385027153E+000  0.660813652789822E+000  0.678004614972847E+000 -0.583481073706260E+001 -0.303821274812789E+001
 -0.303816225182714E+001  0.665624866447090E+002  0.340025898221878E+000  0.655460628343128E+000  0.659974101778122E+000 -0.583481073706260E+001 -0.303816225182714E+001
 -0.303812477126136E+001  0.675383537576838E+002  0.314205803824396E+000  0.663039250774521E+000  0.685794196175604E+000 -0.583481073706260E+001 -0.303812477126136E+001
 -0.303802563206141E+001  0.674519405220205E+002  0.334417667527650E+000  0.671006424973523E+000  0.665582332472350E+000 -0.583481073706260E+001 -0.303802563206141E+001
 -0.303789383799018E+001  0.681595336132621E+002  0.316437942910203E+000  0.691223551518245E+000  0.683562057089797E+000 -0.583481073706260E+001 -0.303789383799018E+001
 -0.303782912227196E+001  0.677655235971374E+002  0.325843187355092E+000  0.691681717707203E+000  0.674156812644908E+000 -0.583481073706260E+001 -0.303782912227196E+001
 -0.303753675784593E+001  0.681677358365781E+002  0.325711985433588E+000  0.656557920505013E+000  0.674288014566412E+000 -0.583481073706260E+001 -0.303753675784593E+001
 -0.303748643291590E+001  0.677549729910010E+002  0.329368198052371E+000  0.646800303018489E+000  0.670631801947629E+000 -0.583481073706260E+001 -0.303748643291590E+001
 -0.303729048344226E+001  0.674108454921413E+002  0.332964267892941E+000  0.646739776677624E+000  0.667035732107059E+000 -0.583481073706260E+001 -0.303729048344226E+001
 -0.303711234707270E+001  0.669429039795097E+002  0.328972755023539E+000  0.637950985129703E+000  0.671027244976461E+000 -0.583481073706260E+001 -0.303711234707270E+001
 -0.303703185336456E+001  0.665958721533445E+002  0.333861188601872E+000  0.643601703390177E+000  0.666138811398128E+000 -0.583481073706260E+001 -0.303703185336456E+001
 -0.303673409920465E+001  0.688372036151601E+002  0.310409171417581E+000  0.663167099962401E+000  0.689590828582419E+000 -0.583481073706260E+001 -0.303673409920465E+001
 -0.303669127635750E+001  0.670928334372101E+002  0.336105758775102E+000  0.649105504359512E+000  0.663894241224898E+000 -0.583481073706260E+001 -0.303669127635750E+001
 -0.303657853475866E+001  0.676887722225225E+002  0.329845451382965E+000  0.645997020681931E+000  0.670154548617035E+000 -0.583481073706260E+001 -0.303657853475866E+001
 -0.303561707438776E+001  0.676800606041482E+002  0.321081100374793E+000  0.635439253593993E+000  0.678918899625207E+000 -0.583481073706260E+001 -0.303561707438776E+001
 -0.303557327699701E+001  0.682823789756360E+002  0.323636697503733E+000  0.675017246579316E+000  0.676363302496267E+000 -0.583481073706260E+001 -0.303557327699701E+001
 -0.303545894744950E+001  0.675473249840774E+002  0.332557698771472E+000  0.652344974156884E+000  0.667442301228528E+000 -0.583481073706260E+001 -0.303545894744950E+001
 -0.303534841352789E+001  0.662932248302513E+002  0.336065909784050E+000  0.674221701705731E+000  0.663934090215950E+000 -0.583481073706260E+001 -0.303534841352789E+001
 -0.303521252252512E+001  0.681327307368889E+002  0.310578654785000E+000  0.676446684872705E+000  0.689421345215000E+000 -0.583481073706260E+001 -0.303521252252512E+001
 -0.303507910248126E+001  0.671176646843508E+002  0.323797854461496E+000  0.689606637615258E+000  0.676202145538504E+000 -0.583481073706260E+001 -0.303507910248126E+001
 -0.303498769460435E+001  0.673048569374122E+002  0.334816737594231E+000  0.677692685841575E+000  0.665183262405769E+000 -0.583481073706260E+001 -0.303498769460435E+001
 -0.303496992841328E+001  0.681608488023882E+002  0.312755869135711E+000  0.685351612846715E+000  0.687244130864289E+000 -0.583481073706260E+001 -0.303496992841328E+001
 -0.303486609146721E+001  0.680741137012830E+002  0.319641076674068E+000  0.638018901571663E+000  0.680358923325932E+000 -0.583481073706260E+001 -0.303486609146721E+001
 -0.303469497841170E+001  0.675121947843044E+002  0.331119103189179E+000  0.685251693693115E+000  0.668880896810821E+000 -0.583481073706260E+001 -0.303469497841170E+001
 -0.303420347768792E+001  0.674198866638736E+002  0.333946308733439E+000  0.675931119208595E+000  0.666053691266561E+000 -0.583481073706260E+001 -0.303420347768792E+001
 -0.303401100473255E+001  0.681392968929295E+002  0.321871701278115E+000  0.641875605428648E+000  0.678128298721885E+000 -0.583481073706260E+001 -0.303401100473255E+001
 -0.303398801658361E+001  0.667869193659059E+002  0.324867533680140E+000  0.652034057972983E+000  0.675132466319860E+000 -0.583481073706260E+001 -0.303398801658361E+001
 -0.303397941150187E+001  0.671861742473975E+002  0.331635960796313E+000  0.639445842886235E+000  0.668364039203687E+000 -0.583481073706260E+001 -0.303397941150187E+001
 -0.303371778224577E+001  0.685921636658368E+002  0.316352995268489E+000  0.650738811155788E+000  0.683647004731511E+000 -0.583481073706260E+001 -0.303371778224576E+001
 -0.303364526863039E+001  0.674019948705533E+002  0.319175711304670E+000  0.687086707173838E+000  0.680824288695330E+000 -0.583481073706260E+001 -0.303364526863039E+001
 -0.303340993388895E+001  0.668132072793022E+002  0.337087841952419E+000  0.681587456698990E+000  0.662912158047581E+000 -0.583481073706260E+001 -0.303340993388895E+001
 -0.303331358713418E+001  0.687448504805941E+002  0.314618619563118E+000  0.659722116181759E+000  0.685381380436882E+000 -0.583481073706260E+001 -0.303331358713418E+001
 -0.303309763548401E+001  0.685058614654780E+002  0.309571962009590E+000  0.654183248240962E+000  0.690428037990410E+000 -0.583481073706260E+001 -0.303309763548401E+001
 -0.303309056662563E+001  0.681965996427094E+002  0.321077035438782E+000  0.642600813215243E+000  0.678922964561218E+000 -0.583481073706260E+001 -0.303309056662563E+001
 -0.303296980759669E+001  0.679803710890779E+002  0.311471492886744E+000  0.654968161384234E+000  0.688528507113256E+000 -0.583481073706260E+001 -0.303296980759669E+001
 -0.303294260737973E+001  0.676695415393769E+002  0.328468536665605E+000  0.642150299721103E+000  0.671531463334395E+000 -0.583481073706260E+001 -0.303294260737973E+001
 -0.303233380981134E+001  0.681166957166708E+002  0.325932480091820E+000  0.656033716675238E+000  0.674067519908180E+000 -0.583481073706260E+001 -0.303233380981134E+001
 -0.303225170408504E+001  0.675881807636093E+002  0.315210455337728E+000  0.678480974853801E+000  0.684789544662272E+000 -0.583481073706260E+001 -0.303225170408504E+001
 -0.303214877454111E+001  0.668650095385744E+002  0.328867065239509E+000  0.688854187311242E+000  0.671132934760491E+000 -0.583481073706260E+001 -0.303214877454111E+001
 -0.303194098902064E+001  0.678552738095200E+002  0.312910588894175E+000  0.651684663829810E+000  0.687089411105825E+000 -0.583481073706260E+001 -0.303194098902064E+001
 -0.303147351390973E+001  0.680244525680329E+002  0.312480355404203E+000  0.648451061090354E+000  0.687519644595797E+000 -0.583481073706260E+001 -0.303147351390973E+001
 -0.303077230477167E+001  0.682487245226115E+002  0.309707936674788E+000  0.659626831513192E+000  0.690292063325212E+000 -0.583481073706260E+001 -0.303077230477167E+001
 -0.303048261792201E+001  0.663485620638040E+002  0.334356771338843E+000  0.656701232074950E+000  0.665643228661157E+000 -0.583481073706260E+001 -0.303048261792202E+001
 -0.303021208706213E+001  0.681536489128690E+002  0.322193859966692E+000  0.685441500367346E+000  0.677806140033308E+000 -0.583481073706260E+001 -0.303021208706213E+001
 -0.302985842483274E+001  0.670385024192394E+002  0.332217196397379E+000  0.688942657640386E+000  0.667782803602621E+000 -0.583481073706260E+001 -0.302985842483274E+001
 -0.302982855214096E+001  0.687724292598741E+002  0.311383698412590E+000  0.666516609034940E+000  0.688616301587410E+000 -0.583481073706260E+001 -0.302982855214096E+001
 -0.302978016921600E+001  0.686233341302203E+002  0.316986499584528E+000  0.672027468865730E+000  0.683013500415472E+000 -0.583481073706260E+001 -0.302978016921600E+001
 -0.302970646103401E+001  0.685305418483465E+002  0.319183837521232E+000  0.671067282102964E+000  0.680816162478768E+000 -0.583481073706260E+001 -0.302970646103401E+001
 -0.302920571113909E+001  0.682028674812500E+002  0.309984974343190E+000  0.668885988012581E+000  0.690015025656810E+000 -0.583481073706260E+001 -0.302920571113909E+001
 -0.302899586615227E+001  0.679717794901181E+002  0.323914819850127E+000  0.687492730210158E+000  0.676085180149873E+000 -0.583481073706260E+001 -0.302899586615227E+001
 -0.302884090501830E+001  0.681731885713746E+002  0.324726569625597E+000  0.655364995960914E+000  0.675273430374403E+000 -0.583481073706260E+001 -0.302884090501830E+001
 -0.302866699387232E+001  0.666890287615234E+002  0.327707477951928E+000  0.679315417704469E+000  0.672292522048072E+000 -0.583481073706260E+001 -0.302866699387232E+001
 -0.302850106215507E+001  0.678812658501344E+002  0.328850459717590E+000  0.672155922806559E+000  0.671149540282409E+000 -0.583481073706260E+001 -0.302850106215507E+001
 -0.302816188286059E+001  0.683048417749365E+002  0.323195405349110E+000  0.668625341622493E+000  0.676804594650890E+000 -0.583481073706260E+001 -0.302816188286059E+001
 -0.302807500322837E+001  0.681361242497180E+002  0.310324172146599E+000  0.665686102951973E+000  0.689675827853401E+000 -0.583481073706260E+001 -0.302807500322836E+001
 -0.302802175714636E+001  0.672748468832244E+002  0.326006091078337E+000  0.637209230962575E+000  0.673993908921663E+000 -0.583481073706260E+001 -0.302802175714636E+001
 -0.302750070052968E+001  0.666394113246992E+002  0.339411333142959E+000  0.664726338067827E+000  0.660588666857041E+000 -0.583481073706260E+001 -0.302750070052968E+001
 -0.302741167739393E+001  0.686719382774184E+002  0.311564963044208E+000  0.673797785493907E+000  0.688435036955792E+000 -0.583481073706260E+001 -0.302741167739393E+001
 -0.302721929214567E+001  0.678754405051456E+002  0.324785750901709E+000  0.687948190834709E+000  0.675214249098291E+000 -0.583481073706260E+001 -0.302721929214567E+001
 -0.302719768781377E+001  0.669642813624004E+002  0.335128561448828E+000  0.683090468890932E+000  0.664871438551172E+000 -0.583481073706260E+001 -0.302719768781377E+001
 -0.302655914855474E+001  0.674355951910900E+002  0.318292213452430E+000  0.646346167000532E+000  0.681707786547570E+000 -0.583481073706260E+001 -0.302655914855474E+001
 -0.302654787963497E+001  0.678144667724616E+002  0.317600031209153E+000  0.640113589488012E+000  0.682399968790847E+000 -0.583481073706260E+001 -0.302654787963497E+001
 -0.302625490815598E+001  0.668365947308300E+002  0.337812604038000E+000  0.655327837206754E+000  0.662187395962000E+000 -0.583481073706260E+001 -0.302625490815598E+001
 -0.302621929424962E+001  0.670593318145334E+002  0.325664000832004E+000  0.688294512502403E+000  0.674335999167996E+000 -0.583481073706260E+001 -0.302621929424962E+001
 -0.302611287647505E+001  0.684793133133775E+002  0.319969543377257E+000  0.668402240248272E+000  0.680030456622743E+000 -0.583481073706260E+001 -0.302611287647505E+001
 -0.302530203262286E+001  0.666235460267876E+002  0.333784224255424E+000  0.682588643622874E+000  0.666215775744576E+000 -0.583481073706260E+001 -0.302530203262286E+001
 -0.302513886720809E+001  0.684250992798327E+002  0.320287536175674E+000  0.673350860211513E+000  0.679712463824326E+000 -0.583481073706260E+001 -0.302513886720809E+001
 -0.302465952266299E+001  0.685551303413110E+002  0.313376138960197E+000  0.650891993589045E+000  0.686623861039803E+000 -0.583481073706260E+001 -0.302465952266299E+001
 -0.302462231317020E+001  0.684079147957558E+002  0.310263492745830E+000  0.656239258103511E+000  0.689736507254170E+000 -0.583481073706260E+001 -0.302462231317020E+001
 -0.302445101365395E+001  0.678831653681561E+002  0.328543308873979E+000  0.671421613218262E+000  0.671456691126021E+000 -0.583481073706260E+001 -0.302445101365395E+001
 -0.302441535142925E+001  0.686802814062164E+002  0.313317793196861E+000  0.657956313465858E+000  0.686682206803139E+000 -0.583481073706260E+001 -0.302441535142925E+001
 -0.302414052608198E+001  0.678077334816724E+002  0.313450846225848E+000  0.674548362481908E+000  0.686549153774152E+000 -0.583481073706260E+001 -0.302414052608198E+001
 -0.302406086618834E+001  0.674975412655517E+002  0.331233234930829E+000  0.647993734366923E+000  0.668766765069171E+000 -0.583481073706260E+001 -0.302406086618834E+001
 -0.302403905207284E+001  0.675626522418489E+002  0.320573250474614E+000  0.689915610124887E+000  0.679426749525386E+000 -0.583481073706260E+001 -0.302403905207284E+001
 -0.302403653324392E+001  0.685358696191458E+002  0.309684780380203E+000  0.664183373267953E+000  0.690315219619797E+000 -0.583481073706260E+001 -0.302403653324392E+001
 -0.302379390582076E+001  0.684952127594563E+002  0.318655209726614E+000  0.656021945319235E+000  0.681344790273386E+000 -0.583481073706260E+001 -0.302379390582075E+001
 -0.302365611095728E+001  0.679647492857884E+002  0.327061537671990E+000  0.654701066163782E+000  0.672938462328010E+000 -0.583481073706260E+001 -0.302365611095727E+001
 -0.302345515908282E+001  0.673838069652093E+002  0.316910022727609E+000  0.661626463358532E+000  0.683089977272391E+000 -0.583481073706260E+001 -0.302345515908282E+001
 -0.302341095547889E+001  0.671683188852827E+002  0.335548245740539E+000  0.673142859841308E+000  0.664451754259461E+000 -0.583481073706260E+001 -0.302341095547889E+001
 -0.302297322686784E+001  0.686064807878357E+002  0.310187565497673E+000  0.666409359895522E+000  0.689812434502327E+000 -0.583481073706260E+001 -0.302297322686784E+001
 -0.302257927180839E+001  0.679434559335056E+002  0.312049490350223E+000  0.661265199416394E+000  0.687950509649777E+000 -0.583481073706260E+001 -0.302257927180838E+001
 -0.302235286914136E+001  0.683448009079479E+002  0.312425644276679E+000  0.680019214819329E+000  0.687574355723321E+000 -0.583481073706260E+001 -0.302235286914136E+001
 -0.302223551973020E+001  0.679305480804675E+002  0.314165020092365E+000  0.647722808603124E+000  0.685834979907635E+000 -0.583481073706260E+001 -0.302223551973020E+001
 -0.302191419577321E+001  0.668519804315893E+002  0.324124026763155E+000  0.658268135135535E+000  0.675875973236845E+000 -0.583481073706260E+001 -0.302191419577321E+001
 -0.302186742359595E+001  0.671811647405118E+002  0.320594440263068E+000  0.650970124865189E+000  0.679405559736932E+000 -0.583481073706260E+001 -0.302186742359595E+001
 -0.302157265081579E+001  0.672256045357396E+002  0.320525226840418E+000  0.648931957240965E+000  0.679474773159582E+000 -0.583481073706260E+001 -0.302157265081579E+001
 -0.302156575148318E+001  0.666159920658278E+002  0.337503243897322E+000  0.674920879918835E+000  0.662496756102678E+000 -0.583481073706260E+001 -0.302156575148318E+001
 -0.302133681698197E+001  0.672149347165040E+002  0.319399260228532E+000  0.656267668412961E+000  0.680600739771468E+000 -0.583481073706260E+001 -0.302133681698197E+001
 -0.302114553131233E+001  0.666912240411029E+002  0.326796405147818E+000  0.669695134935211E+000  0.673203594852182E+000 -0.583481073706260E+001 -0.302114553131234E+001
 -0.302083693946352E+001  0.685650728938493E+002  0.310333116402736E+000  0.663030369465486E+000  0.689666883597263E+000 -0.583481073706260E+001 -0.302083693946352E+001
 -0.302047204372055E+001  0.678711454621037E+002  0.318618034610547E+000  0.640272037967254E+000  0.681381965389453E+000 -0.583481073706260E+001 -0.302047204372055E+001
 -0.301994630205813E+001  0.667885466660048E+002  0.332180234315906E+000  0.684291072973183E+000  0.667819765684094E+000 -0.583481073706260E+001 -0.301994630205813E+001
 -0.301988424902577E+001  0.675520552188257E+002  0.319722840536940E+000  0.687333347558442E+000  0.680277159463060E+000 -0.583481073706260E+001 -0.301988424902577E+001
 -0.301975921088416E+001  0.678132201205105E+002  0.314590523217839E+000  0.650220179997933E+000  0.685409476782161E+000 -0.583481073706260E+001 -0.301975921088416E+001
 -0.301967370677797E+001  0.680084336641395E+002  0.326803499348802E+000  0.664713874922219E+000  0.673196500651198E+000 -0.583481073706260E+001 -0.301967370677797E+001
 -0.301944740497661E+001  0.664534924429884E+002  0.332990757093268E+000  0.658916027918210E+000  0.667009242906732E+000 -0.583481073706260E+001 -0.301944740497661E+001
 -0.301921946260901E+001  0.682646077828481E+002  0.316714951726076E+000  0.684270034867025E+000  0.683285048273924E+000 -0.583481073706260E+001 -0.301921946260901E+001
 -0.301918037394213E+001  0.679854355615644E+002  0.326802928178648E+000  0.658467226506554E+000  0.673197071821352E+000 -0.583481073706260E+001 -0.301918037394213E+001
 -0.301885639452574E+001  0.671814613611877E+002  0.322607555197431E+000  0.683892460420679E+000  0.677392444802569E+000 -0.583481073706260E+001 -0.301885639452574E+001
 -0.301866820329205E+001  0.680777418517506E+002  0.315177207064880E+000  0.644766674177540E+000  0.684822792935120E+000 -0.583481073706260E+001 -0.301866820329205E+001
 -0.301850387494095E+001  0.665005916921413E+002  0.331117535665151E+000  0.666472472268766E+000  0.668882464334849E+000 -0.583481073706260E+001 -0.301850387494095E+001
 -0.301832257083759E+001  0.672013159008362E+002  0.327797821787914E+000  0.688966005086773E+000  0.672202178212086E+000 -0.583481073706260E+001 -0.301832257083759E+001
 -0.301814359994602E+001  0.671505071996460E+002  0.321490565043888E+000  0.678724048515368E+000  0.678509434956112E+000 -0.583481073706260E+001 -0.301814359994602E+001
 -0.301811449620769E+001  0.671304800702603E+002  0.323654272583627E+000  0.684318207606498E+000  0.676345727416373E+000 -0.583481073706260E+001 -0.301811449620769E+001
 -0.301806788804200E+001  0.683833136144145E+002  0.320757410005871E+000  0.661258330852139E+000  0.679242589994129E+000 -0.583481073706260E+001 -0.301806788804200E+001
 -0.301804343683125E+001  0.673711770806295E+002  0.322488572304445E+000  0.641029417309202E+000  0.677511427695555E+000 -0.583481073706260E+001 -0.301804343683125E+001
 -0.301763318711805E+001  0.676026211989631E+002  0.316701013904600E+000  0.679568186877776E+000  0.683298986095400E+000 -0.583481073706260E+001 -0.301763318711805E+001
 -0.301731406935974E+001  0.665966269882387E+002  0.336260251146294E+000  0.653555934115234E+000  0.663739748853706E+000 -0.583481073706260E+001 -0.301731406935974E+001
 -0.301730476988267E+001  0.664497131230227E+002  0.333125400514779E+000  0.662808525398234E+000  0.666874599485221E+000 -0.583481073706260E+001 -0.301730476988267E+001
 -0.301717951045630E+001  0.681904005510851E+002  0.317344853056101E+000  0.644104987850702E+000  0.682655146943899E+000 -0.583481073706260E+001 -0.301717951045630E+001
 -0.301705688398952E+001  0.667590320153276E+002  0.335665891884434E+000  0.650568972851075E+000  0.664334108115566E+000 -0.583481073706260E+001 -0.301705688398952E+001
 -0.301677793319319E+001  0.677926985096063E+002  0.316534550156272E+000  0.645250932625689E+000  0.683465449843728E+000 -0.583481073706260E+001 -0.301677793319319E+001
 -0.301677462735650E+001  0.667293963203931E+002  0.326917570780879E+000  0.671741387883622E+000  0.673082429219121E+000 -0.583481073706260E+001 -0.301677462735650E+001
 -0.301646642869710E+001  0.671501407480148E+002  0.332729234813376E+000  0.646290771063022E+000  0.667270765186624E+000 -0.583481073706260E+001 -0.301646642869710E+001
 -0.301642014744042E+001  0.667155726898558E+002  0.331979598749724E+000  0.681432866685372E+000  0.668020401250276E+000 -0.583481073706260E+001 -0.301642014744042E+001
 -0.301630716481625E+001  0.681269936185629E+002  0.324009352403763E+000  0.674632256038804E+000  0.675990647596237E+000 -0.583481073706260E+001 -0.301630716481625E+001
 -0.301495087303222E+001  0.669351133822950E+002  0.323779722829113E+000  0.672511696194029E+000  0.676220277170887E+000 -0.583481073706260E+001 -0.301495087303222E+001
 -0.301494742661614E+001  0.671081646637117E+002  0.332773828739679E+000  0.646361999944779E+000  0.667226171260321E+000 -0.583481073706260E+001 -0.301494742661614E+001
 -0.301494479567282E+001  0.676271442590081E+002  0.326745844440356E+000  0.686231460906427E+000  0.673254155559644E+000 -0.583481073706260E+001 -0.301494479567282E+001
 -0.301417930614974E+001  0.670346121058598E+002  0.328333153302162E+000  0.642719078379960E+000  0.671666846697838E+000 -0.583481073706260E+001 -0.301417930614974E+001
 -0.301363309920271E+001  0.672266540649224E+002  0.334333803318455E+000  0.657630129648086E+000  0.665666196681545E+000 -0.583481073706260E+001 -0.301363309920271E+001
 -0.301334206748077E+001  0.667913444833463E+002  0.326785532176382E+000  0.674558428512355E+000  0.673214467823618E+000 -0.583481073706260E+001 -0.301334206748077E+001
 -0.301315140314231E+001  0.669345667259030E+002  0.330508765108690E+000  0.684469095615902E+000  0.669491234891310E+000 -0.583481073706260E+001 -0.301315140314231E+001
 -0.301300155737847E+001  0.679916311115036E+002  0.318042580745381E+000  0.685789435919811E+000  0.681957419254619E+000 -0.583481073706260E+001 -0.301300155737847E+001
 -0.301277448306061E+001  0.671929734958628E+002  0.325163685151369E+000  0.686262604718242E+000  0.674836314848631E+000 -0.583481073706260E+001 -0.301277448306061E+001
 -0.301243453513888E+001  0.684581674927631E+002  0.313624258141820E+000  0.653842290362049E+000  0.686375741858180E+000 -0.583481073706260E+001 -0.301243453513887E+001
 -0.301227989956551E+001  0.677797705792996E+002  0.328292933128059E+000  0.674448466923895E+000  0.671707066871941E+000 -0.583481073706260E+001 -0.301227989956551E+001
 -0.301183720562812E+001  0.675235979470283E+002  0.317146509612810E+000  0.674826887839341E+000  0.682853490387190E+000 -0.583481073706260E+001 -0.301183720562812E+001
 -0.301180527691515E+001  0.665649068934927E+002  0.336833553235818E+000  0.662577352258904E+000  0.663166446764182E+000 -0.583481073706260E+001 -0.301180527691515E+001
 -0.301137049207183E+001  0.679043359134792E+002  0.326681738384057E+000  0.654813864287468E+000  0.673318261615943E+000 -0.583481073706260E+001 -0.301137049207182E+001
 -0.301128791490607E+001  0.674918741703741E+002  0.317725001392426E+000  0.652843436716054E+000  0.682274998607574E+000 -0.583481073706260E+001 -0.301128791490607E+001
 -0.301126633374659E+001  0.668808657659897E+002  0.335164217185460E+000  0.652260229869049E+000  0.664835782814540E+000 -0.583481073706260E+001 -0.301126633374659E+001
 -0.301125307579496E+001  0.666787622159903E+002  0.336108466224482E+000  0.673201964026471E+000  0.663891533775518E+000 -0.583481073706260E+001 -0.301125307579496E+001
 -0.301102175911050E+001  0.672588304030039E+002  0.333891909004223E+000  0.670556368356644E+000  0.666108090995777E+000 -0.583481073706260E+001 -0.301102175911050E+001
 -0.301069690239893E+001  0.668908934340828E+002  0.336262841267024E+000  0.658792398152921E+000  0.663737158732976E+000 -0.583481073706260E+001 -0.301069690239893E+001
 -0.301066468440538E+001  0.666180946626379E+002  0.330656937557427E+000  0.656774789835449E+000  0.669343062442572E+000 -0.583481073706260E+001 -0.301066468440538E+001
 -0.301044657488838E+001  0.667412884304189E+002  0.330367211334632E+000  0.678688752345355E+000  0.669632788665368E+000 -0.583481073706260E+001 -0.301044657488838E+001
 -0.301008540065666E+001  0.674587799303536E+002  0.331377201071715E+000  0.653414167060448E+000  0.668622798928285E+000 -0.583481073706260E+001 -0.301008540065666E+001
 -0.300997634325965E+001  0.681573220916667E+002  0.321584113186332E+000  0.650238276909024E+000  0.678415886813668E+000 -0.583481073706260E+001 -0.300997634325965E+001
 -0.300971850349886E+001  0.668398783984789E+002  0.335063659705893E+000  0.676299957598546E+000  0.664936340294107E+000 -0.583481073706260E+001 -0.300971850349886E+001
 -0.300971774470443E+001  0.684576587632183E+002  0.312574280943456E+000  0.670616169869072E+000  0.687425719056544E+000 -0.583481073706260E+001 -0.300971774470443E+001
 -0.300958855163298E+001  0.670509598752879E+002  0.334185127976425E+000  0.676801593973179E+000  0.665814872023575E+000 -0.583481073706260E+001 -0.300958855163298E+001
 -0.300950319546538E+001  0.665851497232855E+002  0.332124895278676E+000  0.657060509047752E+000  0.667875104721324E+000 -0.583481073706260E+001 -0.300950319546538E+001
 -0.300944422374714E+001  0.680776346238737E+002  0.322642159341883E+000  0.679262894208434E+000  0.677357840658117E+000 -0.583481073706260E+001 -0.300944422374715E+001
 -0.300920595537655E+001  0.668059273789512E+002  0.336224190510196E+000  0.657883805892732E+000  0.663775809489804E+000 -0.583481073706260E+001 -0.300920595537655E+001
 -0.300913766813559E+001  0.679369235749740E+002  0.323027968378927E+000  0.645439295679289E+000  0.676972031621073E+000 -0.583481073706260E+001 -0.300913766813559E+001
 -0.300901407344948E+001  0.670176107128735E+002  0.334444956308494E+000  0.652692140377200E+000  0.665555043691506E+000 -0.583481073706260E+001 -0.300901407344948E+001
 -0.300901023429185E+001  0.670244665525674E+002  0.331788624323499E+000  0.682591749244917E+000  0.668211375676501E+000 -0.583481073706260E+001 -0.300901023429185E+001
 -0.300883744441813E+001  0.676194898624420E+002  0.315761565118446E+000  0.663714490419625E+000  0.684238434881554E+000 -0.583481073706260E+001 -0.300883744441813E+001
 -0.300878405540947E+001  0.683045970819348E+002  0.311962788202717E+000  0.668828057303907E+000  0.688037211797283E+000 -0.583481073706260E+001 -0.300878405540947E+001
 -0.300868939796827E+001  0.682474311729159E+002  0.312504868624611E+000  0.656513045548100E+000  0.687495131375389E+000 -0.583481073706260E+001 -0.300868939796828E+001
 -0.300857664860442E+001  0.676009471578630E+002  0.320434206528246E+000  0.643176935873600E+000  0.679565793471754E+000 -0.583481073706260E+001 -0.300857664860442E+001
 -0.300836359797827E+001  0.668489903979108E+002  0.334231121442505E+000  0.650955058762375E+000  0.665768878557495E+000 -0.583481073706260E+001 -0.300836359797827E+001
 -0.300835394304792E+001  0.669585813702179E+002  0.334504002467240E+000  0.676479026643582E+000  0.665495997532760E+000 -0.583481073706260E+001 -0.300835394304792E+001
 -0.300834288595826E+001  0.676768492171710E+002  0.315365292236320E+000  0.661261425349419E+000  0.684634707763680E+000 -0.583481073706260E+001 -0.300834288595826E+001
 -0.300830567305721E+001  0.680972612428205E+002  0.323538818120281E+000  0.674181029302534E+000  0.676461181879719E+000 -0.583481073706260E+001 -0.300830567305722E+001
 -0.300830230127252E+001  0.684839622760385E+002  0.316769640710501E+000  0.666535706517522E+000  0.683230359289499E+000 -0.583481073706260E+001 -0.300830230127252E+001
 -0.300822550595457E+001  0.678076590048798E+002  0.314924231077298E+000  0.673876584421992E+000  0.685075768922702E+000 -0.583481073706260E+001 -0.300822550595457E+001
 -0.300819453247380E+001  0.684616809922424E+002  0.312293881044010E+000  0.663124210111476E+000  0.687706118955990E+000 -0.583481073706260E+001 -0.300819453247380E+001
 -0.300818193489401E+001  0.670783612476035E+002  0.329329038034426E+000  0.644051045568763E+000  0.670670961965574E+000 -0.583481073706260E+001 -0.300818193489401E+001
 -0.300795793301452E+001  0.680408771424254E+002  0.323958486559835E+000  0.652692412211942E+000  0.676041513440165E+000 -0.583481073706260E+001 -0.300795793301452E+001
 -0.300779334396227E+001  0.670156803008403E+002  0.329505028123061E+000  0.683774433887589E+000  0.670494971876939E+000 -0.583481073706260E+001 -0.300779334396226E+001
 -0.300762789475544E+001  0.683482794220983E+002  0.314703725728877E+000  0.652127809352557E+000  0.685296274271123E+000 -0.583481073706260E+001 -0.300762789475544E+001
 -0.300741948096956E+001  0.665961279393016E+002  0.335713912600728E+000  0.668062917769642E+000  0.664286087399272E+000 -0.583481073706260E+001 -0.300741948096955E+001
 -0.300740550030485E+001  0.665986589106570E+002  0.335803349917591E+000  0.661098132133840E+000  0.664196650082409E+000 -0.583481073706260E+001 -0.300740550030486E+001
 -0.300724939281325E+001  0.678801623656366E+002  0.327192758991525E+000  0.667977903891120E+000  0.672807241008475E+000 -0.583481073706260E+001 -0.300724939281325E+001
 -0.300716238532544E+001  0.672737428031817E+002  0.332338109002243E+000  0.651706756648396E+000  0.667661890997757E+000 -0.583481073706260E+001 -0.300716238532544E+001
 -0.300693651393831E+001  0.682386319440961E+002  0.319267098795116E+000  0.678281074507824E+000  0.680732901204884E+000 -0.583481073706260E+001 -0.300693651393831E+001
 -0.300679603119527E+001  0.671138025384072E+002  0.327523675238012E+000  0.644044258382355E+000  0.672476324761988E+000 -0.583481073706260E+001 -0.300679603119527E+001
 -0.300671178989246E+001  0.683488565122109E+002  0.317405630957910E+000  0.652849423863354E+000  0.682594369042090E+000 -0.583481073706260E+001 -0.300671178989246E+001
 -0.300594470212639E+001  0.675808190470127E+002  0.316688619394797E+000  0.670759468064141E+000  0.683311380605203E+000 -0.583481073706260E+001 -0.300594470212639E+001
 -0.300592383109318E+001  0.679273142740907E+002  0.315855075119472E+000  0.679651823186057E+000  0.684144924880528E+000 -0.583481073706260E+001 -0.300592383109318E+001
 -0.300588415218524E+001  0.666474220975843E+002  0.335635958955231E+000  0.659780504552281E+000  0.664364041044769E+000 -0.583481073706260E+001 -0.300588415218525E+001
 -0.300555778051811E+001  0.673726082598302E+002  0.332640602313274E+000  0.663616816277532E+000  0.667359397686726E+000 -0.583481073706260E+001 -0.300555778051811E+001
 -0.300547536794179E+001  0.674240887935491E+002  0.318016631593859E+000  0.662992507515457E+000  0.681983368406141E+000 -0.583481073706260E+001 -0.300547536794179E+001
 -0.300540371243391E+001  0.681146438096164E+002  0.313258585469899E+000  0.656621696062666E+000  0.686741414530101E+000 -0.583481073706260E+001 -0.300540371243391E+001
 -0.300511337812893E+001  0.682901483121849E+002  0.313349915998320E+000  0.673181985114616E+000  0.686650084001680E+000 -0.583481073706260E+001 -0.300511337812893E+001
 -0.300493847621163E+001  0.670081313685889E+002  0.323580174232713E+000  0.658646349912155E+000  0.676419825767287E+000 -0.583481073706260E+001 -0.300493847621163E+001
 -0.300489370733615E+001  0.682660094722384E+002  0.312865946986678E+000  0.670896274655164E+000  0.687134053013322E+000 -0.583481073706260E+001 -0.300489370733616E+001
 -0.300484849617025E+001  0.671271082492385E+002  0.334430144172286E+000  0.660844901554897E+000  0.665569855827714E+000 -0.583481073706260E+001 -0.300484849617025E+001
 -0.300478992948114E+001  0.681404873115154E+002  0.318828902910128E+000  0.680898551100783E+000  0.681171097089872E+000 -0.583481073706260E+001 -0.300478992948114E+001
 -0.300449293520504E+001  0.677490281647001E+002  0.318175200832295E+000  0.682117152334861E+000  0.681824799167705E+000 -0.583481073706260E+001 -0.300449293520504E+001
 -0.300435029524229E+001  0.679808248068733E+002  0.316859712168851E+000  0.681437254341812E+000  0.683140287831149E+000 -0.583481073706260E+001 -0.300435029524229E+001
 -0.300433074103871E+001  0.678980677474802E+002  0.326144817817344E+000  0.672836274900339E+000  0.673855182182656E+000 -0.583481073706260E+001 -0.300433074103871E+001
 -0.300430794636873E+001  0.672488070420863E+002  0.320310586875332E+000  0.669268439007108E+000  0.679689413124668E+000 -0.583481073706260E+001 -0.300430794636872E+001
 -0.300419495452246E+001  0.681699496028005E+002  0.315150290287822E+000  0.650461855109498E+000  0.684849709712178E+000 -0.583481073706260E+001 -0.300419495452246E+001
 -0.300418042544980E+001  0.680565870075811E+002  0.313718222489783E+000  0.656127192835043E+000  0.686281777510217E+000 -0.583481073706260E+001 -0.300418042544980E+001
 -0.300417405535940E+001  0.682847291869007E+002  0.320476505163986E+000  0.668847287083357E+000  0.679523494836014E+000 -0.583481073706260E+001 -0.300417405535940E+001
 -0.300412279746543E+001  0.673804677030628E+002  0.321005465953134E+000  0.680501786925899E+000  0.678994534046866E+000 -0.583481073706260E+001 -0.300412279746543E+001
 -0.300404924622465E+001  0.681811197551265E+002  0.321976154787910E+000  0.656915731864545E+000  0.678023845212090E+000 -0.583481073706260E+001 -0.300404924622465E+001
 -0.300396998507265E+001  0.682575586274219E+002  0.315367893843162E+000  0.651310278910635E+000  0.684632106156838E+000 -0.583481073706260E+001 -0.300396998507265E+001
 -0.300395847050849E+001  0.666225400818550E+002  0.335143557208175E+000  0.666205890860010E+000  0.664856442791825E+000 -0.583481073706260E+001 -0.300395847050849E+001
 -0.300378133553762E+001  0.681428310394393E+002  0.321178046914856E+000  0.677141436495388E+000  0.678821953085144E+000 -0.583481073706260E+001 -0.300378133553762E+001
 -0.300374718693252E+001  0.674168314221504E+002  0.320058113274490E+000  0.649812208922856E+000  0.679941886725510E+000 -0.583481073706260E+001 -0.300374718693252E+001
 -0.300373528854601E+001  0.673110762798376E+002  0.329145725271187E+000  0.645388657890451E+000  0.670854274728813E+000 -0.583481073706260E+001 -0.300373528854601E+001
 -0.300371236340084E+001  0.680909033721090E+002  0.319775749025294E+000  0.681054210693260E+000  0.680224250974706E+000 -0.583481073706260E+001 -0.300371236340084E+001
 -0.300368516035747E+001  0.677206383364176E+002  0.324779527073815E+000  0.644889806684085E+000  0.675220472926185E+000 -0.583481073706260E+001 -0.300368516035747E+001
 -0.300363200456539E+001  0.675981406596551E+002  0.325077206395005E+000  0.684951257764934E+000  0.674922793604995E+000 -0.583481073706260E+001 -0.300363200456539E+001
 -0.300360765540146E+001  0.680618817834389E+002  0.323616292181263E+000  0.673252587902314E+000  0.676383707818737E+000 -0.583481073706260E+001 -0.300360765540146E+001
 -0.300328799902375E+001  0.672954740489313E+002  0.324418184833894E+000  0.684053339671268E+000  0.675581815166105E+000 -0.583481073706260E+001 -0.300328799902375E+001
 -0.300300076400224E+001  0.666995106287690E+002  0.333100436651816E+000  0.654821786678963E+000  0.666899563348184E+000 -0.583481073706260E+001 -0.300300076400224E+001
 -0.300295917004098E+001  0.682934499218647E+002  0.313791409842383E+000  0.672953249788652E+000  0.686208590157617E+000 -0.583481073706260E+001 -0.300295917004098E+001
 -0.300293909620349E+001  0.675134243328488E+002  0.319703525145254E+000  0.648110188749071E+000  0.680296474854746E+000 -0.583481073706260E+001 -0.300293909620349E+001
 -0.300278793216785E+001  0.683314810616091E+002  0.316784983284089E+000  0.674830200815717E+000  0.683215016715911E+000 -0.583481073706260E+001 -0.300278793216785E+001
 -0.300271729797887E+001  0.682646886745236E+002  0.314059996725733E+000  0.673973959171169E+000  0.685940003274267E+000 -0.583481073706260E+001 -0.300271729797887E+001
 -0.300270062437069E+001  0.680665189759732E+002  0.315816407491879E+000  0.649531438671420E+000  0.684183592508121E+000 -0.583481073706260E+001 -0.300270062437069E+001
 -0.300266861054115E+001  0.669018290731527E+002  0.335439819687631E+000  0.662513776115276E+000  0.664560180312369E+000 -0.583481073706260E+001 -0.300266861054115E+001
 -0.300249774577751E+001  0.672414118835730E+002  0.321224953592223E+000  0.654468549878335E+000  0.678775046407777E+000 -0.583481073706260E+001 -0.300249774577751E+001
 -0.300205935744173E+001  0.678619259866673E+002  0.322152272466184E+000  0.645143659601879E+000  0.677847727533816E+000 -0.583481073706260E+001 -0.300205935744173E+001
 -0.300204660079223E+001  0.674839083315626E+002  0.329354643044245E+000  0.678732592719024E+000  0.670645356955755E+000 -0.583481073706260E+001 -0.300204660079223E+001
 -0.300198998880135E+001  0.668676072304289E+002  0.331953611710462E+000  0.678262263941141E+000  0.668046388289538E+000 -0.583481073706260E+001 -0.300198998880135E+001
 -0.300194586160087E+001  0.669995654159893E+002  0.334894972555756E+000  0.666801054283474E+000  0.665105027444244E+000 -0.583481073706260E+001 -0.300194586160087E+001
 -0.300190342373958E+001  0.674040513101506E+002  0.319340547242131E+000  0.673923764011581E+000  0.680659452757869E+000 -0.583481073706260E+001 -0.300190342373958E+001
 -0.300186297428730E+001  0.666322590434130E+002  0.333116195504822E+000  0.660048379447793E+000  0.666883804495178E+000 -0.583481073706260E+001 -0.300186297428730E+001
 -0.300184813006074E+001  0.671067844859437E+002  0.322321804497573E+000  0.667474331629978E+000  0.677678195502427E+000 -0.583481073706260E+001 -0.300184813006073E+001
 -0.300183350118245E+001  0.683766066432095E+002  0.314552628828376E+000  0.671394112271531E+000  0.685447371171624E+000 -0.583481073706260E+001 -0.300183350118244E+001
 -0.300168919640469E+001  0.667695444636875E+002  0.335292339789385E+000  0.660258788317049E+000  0.664707660210615E+000 -0.583481073706260E+001 -0.300168919640469E+001
 -0.300145959010145E+001  0.676021912995954E+002  0.319063299946404E+000  0.648159826029547E+000  0.680936700053596E+000 -0.583481073706260E+001 -0.300145959010145E+001
 -0.300134517393509E+001  0.683692705394656E+002  0.316420416347877E+000  0.656549612755946E+000  0.683579583652123E+000 -0.583481073706260E+001 -0.300134517393509E+001
 -0.300132144554325E+001  0.672311129884025E+002  0.320911923588237E+000  0.669796315017581E+000  0.679088076411763E+000 -0.583481073706260E+001 -0.300132144554325E+001
 -0.300128819729339E+001  0.676881047203763E+002  0.324311919358953E+000  0.683759063764968E+000  0.675688080641047E+000 -0.583481073706260E+001 -0.300128819729339E+001
 -0.300118683507676E+001  0.668045615429483E+002  0.327299309579022E+000  0.665593924730377E+000  0.672700690420978E+000 -0.583481073706260E+001 -0.300118683507676E+001
 -0.300118211292153E+001  0.678591308176137E+002  0.316455630971985E+000  0.650354839188994E+000  0.683544369028015E+000 -0.583481073706260E+001 -0.300118211292153E+001
 -0.300110472589481E+001  0.676262397643499E+002  0.318151125745334E+000  0.678045638411853E+000  0.681848874254666E+000 -0.583481073706260E+001 -0.300110472589481E+001
 -0.300105730697053E+001  0.682895052958996E+002  0.320070951226547E+000  0.663027260442566E+000  0.679929048773453E+000 -0.583481073706260E+001 -0.300105730697052E+001
 -0.300105022677819E+001  0.667770618073557E+002  0.334618169352424E+000  0.671302693484017E+000  0.665381830647576E+000 -0.583481073706260E+001 -0.300105022677818E+001
 -0.300098522635197E+001  0.684302388579567E+002  0.314594245811563E+000  0.664052326702308E+000  0.685405754188437E+000 -0.583481073706260E+001 -0.300098522635197E+001
 -0.300090333343349E+001  0.674834729725173E+002  0.328927618801401E+000  0.679486068634977E+000  0.671072381198599E+000 -0.583481073706260E+001 -0.300090333343349E+001
 -0.300057611667209E+001  0.674360461353439E+002  0.327072141311136E+000  0.644862236136590E+000  0.672927858688864E+000 -0.583481073706260E+001 -0.300057611667209E+001
 -0.300053177773988E+001  0.672403317623616E+002  0.326969818230707E+000  0.644759619988742E+000  0.673030181769293E+000 -0.583481073706260E+001 -0.300053177773988E+001
 -0.300052240216926E+001  0.680420559185309E+002  0.313982528404786E+000  0.670469796294906E+000  0.686017471595214E+000 -0.583481073706260E+001 -0.300052240216926E+001
 -0.300048299521368E+001  0.669993647668256E+002  0.334056760346927E+000  0.656086075749634E+000  0.665943239653073E+000 -0.583481073706260E+001 -0.300048299521368E+001
 -0.300044143278302E+001  0.682778374267703E+002  0.318271900892561E+000  0.674298238072727E+000  0.681728099107439E+000 -0.583481073706260E+001 -0.300044143278302E+001
 -0.300043293173996E+001  0.679648875186440E+002  0.320818394208613E+000  0.681747404119208E+000  0.679181605791387E+000 -0.583481073706260E+001 -0.300043293173996E+001
 -0.300042863341172E+001  0.673002913272916E+002  0.320440694738389E+000  0.672151711759723E+000  0.679559305261611E+000 -0.583481073706260E+001 -0.300042863341172E+001
 -0.300030074857029E+001  0.673734498565387E+002  0.323513372792487E+000  0.683262706419543E+000  0.676486627207513E+000 -0.583481073706260E+001 -0.300030074857029E+001
 -0.300020405182196E+001  0.682880197264265E+002  0.319440340632792E+000  0.669973687591876E+000  0.680559659367208E+000 -0.583481073706260E+001 -0.300020405182196E+001
 -0.299996529765843E+001  0.683996297548534E+002  0.316078235914044E+000  0.660430273831496E+000  0.683921764085956E+000 -0.583481073706260E+001 -0.299996529765843E+001
 -0.299993532226747E+001  0.683188490724639E+002  0.315034611805866E+000  0.672773828579786E+000  0.684965388194134E+000 -0.583481073706260E+001 -0.299993532226748E+001
 -0.299991470369944E+001  0.675553726207580E+002  0.317354956124256E+000  0.668137372002410E+000  0.682645043875744E+000 -0.583481073706260E+001 -0.299991470369945E+001
 -0.299990758628062E+001  0.671427015093178E+002  0.325528100156552E+000  0.647419270727443E+000  0.674471899843448E+000 -0.583481073706260E+001 -0.299990758628062E+001
 -0.299975646444057E+001  0.668678277057966E+002  0.328736723410159E+000  0.652155108060809E+000  0.671263276589841E+000 -0.583481073706260E+001 -0.299975646444057E+001
 -0.299973208813576E+001  0.671677658438715E+002  0.322001791586546E+000  0.670471183904913E+000  0.677998208413454E+000 -0.583481073706260E+001 -0.299973208813576E+001
 -0.299968922198896E+001  0.671986464000263E+002  0.325746663021010E+000  0.646044410443168E+000  0.674253336978990E+000 -0.583481073706260E+001 -0.299968922198896E+001
 -0.299966985259279E+001  0.671739998855152E+002  0.333609384391971E+000  0.663427017333990E+000  0.666390615608029E+000 -0.583481073706260E+001 -0.299966985259279E+001
 -0.299962107251110E+001  0.680735017186682E+002  0.323613924472620E+000  0.667290429021821E+000  0.676386075527380E+000 -0.583481073706260E+001 -0.299962107251110E+001
 -0.299958874821969E+001  0.674723899393803E+002  0.330165994113579E+000  0.653876472363301E+000  0.669834005886421E+000 -0.583481073706260E+001 -0.299958874821969E+001
 -0.299952807420494E+001  0.678148560187078E+002  0.317164739277091E+000  0.678591353661436E+000  0.682835260722909E+000 -0.583481073706260E+001 -0.299952807420494E+001
 -0.299936234453488E+001  0.672431987307394E+002  0.325758293272920E+000  0.682866569642557E+000  0.674241706727080E+000 -0.583481073706260E+001 -0.299936234453488E+001
 -0.299930562263725E+001  0.670747760324993E+002  0.325666751416057E+000  0.678871180971709E+000  0.674333248583943E+000 -0.583481073706260E+001 -0.299930562263725E+001
 -0.299930074176511E+001  0.671879726631572E+002  0.326672424327161E+000  0.645781969875347E+000  0.673327575672839E+000 -0.583481073706260E+001 -0.299930074176511E+001
 -0.299902117111917E+001  0.675699162227678E+002  0.326552811741372E+000  0.681915315569547E+000  0.673447188258627E+000 -0.583481073706260E+001 -0.299902117111917E+001
 -0.299887679400607E+001  0.667530944506505E+002  0.330172112640137E+000  0.656708049950715E+000  0.669827887359864E+000 -0.583481073706260E+001 -0.299887679400607E+001
 -0.299886576392194E+001  0.669548439790338E+002  0.324956134184894E+000  0.662160867809053E+000  0.675043865815106E+000 -0.583481073706260E+001 -0.299886576392194E+001
 -0.299858677913383E+001  0.668821021358292E+002  0.330111304943832E+000  0.651005468865653E+000  0.669888695056168E+000 -0.583481073706260E+001 -0.299858677913383E+001
 -0.299843862454098E+001  0.675085442865453E+002  0.329076128985412E+000  0.651323998529719E+000  0.670923871014588E+000 -0.583481073706260E+001 -0.299843862454098E+001
 -0.299836679241494E+001  0.666698622754118E+002  0.332417489363751E+000  0.662057478882273E+000  0.667582510636249E+000 -0.583481073706260E+001 -0.299836679241494E+001
 -0.299835939047340E+001  0.682801904450332E+002  0.319681624991048E+000  0.662107745777671E+000  0.680318375008952E+000 -0.583481073706260E+001 -0.299835939047340E+001
 -0.299832178949104E+001  0.677082985501217E+002  0.316857406868577E+000  0.654574177583271E+000  0.683142593131423E+000 -0.583481073706260E+001 -0.299832178949104E+001
 -0.299828660931124E+001  0.675485900923684E+002  0.330015957627914E+000  0.668789185552374E+000  0.669984042372086E+000 -0.583481073706260E+001 -0.299828660931124E+001
 -0.299827288440469E+001  0.669566013275932E+002  0.329947209762454E+000  0.678945025372282E+000  0.670052790237546E+000 -0.583481073706260E+001 -0.299827288440469E+001
 -0.299793089217945E+001  0.667270107498005E+002  0.330308304548819E+000  0.659975683501705E+000  0.669691695451181E+000 -0.583481073706260E+001 -0.299793089217945E+001
 -0.299792367782924E+001  0.678604794044813E+002  0.317597997850473E+000  0.679419046395549E+000  0.682402002149527E+000 -0.583481073706260E+001 -0.299792367782924E+001
 -0.299789678929361E+001  0.681379863823179E+002  0.314007564970989E+000  0.658500164914200E+000  0.685992435029011E+000 -0.583481073706260E+001 -0.299789678929361E+001
 -0.299768179859421E+001  0.670795581509593E+002  0.332877912342520E+000  0.674170904644013E+000  0.667122087657480E+000 -0.583481073706260E+001 -0.299768179859421E+001
 -0.299746022498051E+001  0.681195826393175E+002  0.313979018168223E+000  0.659584998194185E+000  0.686020981831777E+000 -0.583481073706260E+001 -0.299746022498051E+001
 -0.299727804665529E+001  0.667952260655008E+002  0.328700186794144E+000  0.669206766350837E+000  0.671299813205857E+000 -0.583481073706260E+001 -0.299727804665529E+001
 -0.299713618226130E+001  0.669841338185061E+002  0.330276426561149E+000  0.678773078087157E+000  0.669723573438851E+000 -0.583481073706260E+001 -0.299713618226130E+001
 -0.299705160270404E+001  0.667168369427047E+002  0.333714061707471E+000  0.667271986196974E+000  0.666285938292529E+000 -0.583481073706260E+001 -0.299705160270404E+001
 -0.299704005146235E+001  0.677088939196599E+002  0.318078749148331E+000  0.650364037239092E+000  0.681921250851669E+000 -0.583481073706260E+001 -0.299704005146235E+001
 -0.299701030035489E+001  0.675228208276947E+002  0.322548538424643E+000  0.645358156711983E+000  0.677451461575357E+000 -0.583481073706260E+001 -0.299701030035489E+001
 -0.299667231322624E+001  0.679611039998532E+002  0.316784557968289E+000  0.677788799756227E+000  0.683215442031711E+000 -0.583481073706260E+001 -0.299667231322625E+001
 -0.299665030398083E+001  0.674292208735071E+002  0.327018912606892E+000  0.682119181790946E+000  0.672981087393108E+000 -0.583481073706260E+001 -0.299665030398084E+001
 -0.299648736283796E+001  0.670502637822541E+002  0.332061083742966E+000  0.651951377031350E+000  0.667938916257034E+000 -0.583481073706260E+001 -0.299648736283796E+001
 -0.299648285811152E+001  0.675406376877880E+002  0.322173770691517E+000  0.645707765870653E+000  0.677826229308483E+000 -0.583481073706260E+001 -0.299648285811152E+001
 -0.299646979558726E+001  0.679480865432486E+002  0.324939648035600E+000  0.659493860170249E+000  0.675060351964400E+000 -0.583481073706260E+001 -0.299646979558726E+001
 -0.299639363256646E+001  0.669236118726559E+002  0.333166182313949E+000  0.673507974894397E+000  0.666833817686051E+000 -0.583481073706260E+001 -0.299639363256646E+001
 -0.299634500419994E+001  0.668853756354311E+002  0.326919083602273E+000  0.669313522366536E+000  0.673080916397727E+000 -0.583481073706260E+001 -0.299634500419995E+001
 -0.299630245865526E+001  0.668450522900346E+002  0.332311434697533E+000  0.674230880608186E+000  0.667688565302467E+000 -0.583481073706260E+001 -0.299630245865526E+001
 -0.299630161717098E+001  0.670469784034646E+002  0.324995498597576E+000  0.674191745368108E+000  0.675004501402424E+000 -0.583481073706260E+001 -0.299630161717098E+001
 -0.299616093496193E+001  0.678831346964873E+002  0.325539097775518E+000  0.671134858735730E+000  0.674460902224482E+000 -0.583481073706260E+001 -0.299616093496194E+001
 -0.299613230487419E+001  0.675038754091681E+002  0.321694597818586E+000  0.681371605389949E+000  0.678305402181414E+000 -0.583481073706260E+001 -0.299613230487419E+001
 -0.299602627043634E+001  0.678080650543829E+002  0.316408213294489E+000  0.673676187891668E+000  0.683591786705511E+000 -0.583481073706260E+001 -0.299602627043635E+001
 -0.299594930218623E+001  0.678157036134176E+002  0.316896838045564E+000  0.652389147435942E+000  0.683103161954436E+000 -0.583481073706260E+001 -0.299594930218623E+001
 -0.299588599820053E+001  0.675401505559790E+002  0.318311392425165E+000  0.656683190976487E+000  0.681688607574835E+000 -0.583481073706260E+001 -0.299588599820053E+001
 -0.299577606964461E+001  0.678651177426583E+002  0.320436696765548E+000  0.681362655697538E+000  0.679563303234452E+000 -0.583481073706260E+001 -0.299577606964461E+001
 -0.299572623238997E+001  0.669410812515439E+002  0.325668193370942E+000  0.665965971877256E+000  0.674331806629058E+000 -0.583481073706260E+001 -0.299572623238997E+001
 -0.299569029236558E+001  0.668065081263564E+002  0.334307286188848E+000  0.665075146333398E+000  0.665692713811152E+000 -0.583481073706260E+001 -0.299569029236558E+001
 -0.299559452922723E+001  0.681368842730658E+002  0.317151071966516E+000  0.651668874682779E+000  0.682848928033484E+000 -0.583481073706260E+001 -0.299559452922723E+001
 -0.299553150206502E+001  0.670216075017888E+002  0.324701636251694E+000  0.670002830085627E+000  0.675298363748306E+000 -0.583481073706260E+001 -0.299553150206502E+001
 -0.299552938618230E+001  0.676510023656477E+002  0.323543948919072E+000  0.645617770534862E+000  0.676456051080928E+000 -0.583481073706260E+001 -0.299552938618230E+001
 -0.299528437025505E+001  0.667298317685174E+002  0.331540158236191E+000  0.660523266002325E+000  0.668459841763809E+000 -0.583481073706260E+001 -0.299528437025505E+001
 -0.299519173852725E+001  0.681544692543806E+002  0.321511527276338E+000  0.660657017051551E+000  0.678488472723662E+000 -0.583481073706260E+001 -0.299519173852725E+001
 -0.299515734405523E+001  0.675358295732189E+002  0.318067358346155E+000  0.660390551666930E+000  0.681932641653845E+000 -0.583481073706260E+001 -0.299515734405523E+001
 -0.299490619315890E+001  0.676509898557623E+002  0.328695301656468E+000  0.665329076456275E+000  0.671304698343532E+000 -0.583481073706260E+001 -0.299490619315890E+001
 -0.299447906464475E+001  0.670488358752808E+002  0.327375573253741E+000  0.678177119729175E+000  0.672624426746259E+000 -0.583481073706260E+001 -0.299447906464475E+001
 -0.299447184978776E+001  0.681029068851423E+002  0.314630843640405E+000  0.669658517780965E+000  0.685369156359595E+000 -0.583481073706260E+001 -0.299447184978776E+001
 -0.299441646230764E+001  0.674423149175288E+002  0.329814106826746E+000  0.674190536759603E+000  0.670185893173254E+000 -0.583481073706260E+001 -0.299441646230764E+001
 -0.299433293619490E+001  0.683162085332665E+002  0.317393220096140E+000  0.662494376933724E+000  0.682606779903860E+000 -0.583481073706260E+001 -0.299433293619490E+001
 -0.299421188104068E+001  0.672312372565787E+002  0.321600690890361E+000  0.660747769575141E+000  0.678399309109639E+000 -0.583481073706260E+001 -0.299421188104068E+001
 -0.299392807011718E+001  0.667357727934981E+002  0.332122784450251E+000  0.665892225864827E+000  0.667877215549749E+000 -0.583481073706260E+001 -0.299392807011718E+001
 -0.299391082569212E+001  0.669232012324302E+002  0.326573578494941E+000  0.668728299250249E+000  0.673426421505059E+000 -0.583481073706260E+001 -0.299391082569212E+001
 -0.299390409529852E+001  0.681810306795785E+002  0.320001506096676E+000  0.656847280518564E+000  0.679998493903324E+000 -0.583481073706260E+001 -0.299390409529853E+001
 -0.299385242205265E+001  0.669011562935857E+002  0.328055927426170E+000  0.672789483506735E+000  0.671944072573830E+000 -0.583481073706260E+001 -0.299385242205265E+001
 -0.299383139040437E+001  0.676156514118553E+002  0.322253070788837E+000  0.646166429324913E+000  0.677746929211163E+000 -0.583481073706260E+001 -0.299383139040437E+001
 -0.299372019986860E+001  0.676218208099428E+002  0.328237539210373E+000  0.672400659251799E+000  0.671762460789627E+000 -0.583481073706260E+001 -0.299372019986860E+001
 -0.299366789221042E+001  0.677913672818487E+002  0.326762500729072E+000  0.660429511569141E+000  0.673237499270928E+000 -0.583481073706260E+001 -0.299366789221042E+001
 -0.299365362303671E+001  0.671226114304804E+002  0.332286260339523E+000  0.655327847687270E+000  0.667713739660477E+000 -0.583481073706260E+001 -0.299365362303671E+001
 -0.299360518979968E+001  0.680289268705499E+002  0.321441618965705E+000  0.652146636947664E+000  0.678558381034295E+000 -0.583481073706260E+001 -0.299360518979968E+001
 -0.299337126165735E+001  0.678469653116014E+002  0.315698187493719E+000  0.660899583420716E+000  0.684301812506281E+000 -0.583481073706260E+001 -0.299337126165735E+001
 -0.299310969278881E+001  0.672750961407455E+002  0.324358778122132E+000  0.679597309347248E+000  0.675641221877868E+000 -0.583481073706260E+001 -0.299310969278881E+001
 -0.299307154678785E+001  0.672493182710616E+002  0.328411802677258E+000  0.680032656782276E+000  0.671588197322742E+000 -0.583481073706260E+001 -0.299307154678785E+001
 -0.299287392957706E+001  0.672802170557245E+002  0.331559128711284E+000  0.657507610536177E+000  0.668440871288716E+000 -0.583481073706260E+001 -0.299287392957706E+001
 -0.299286893993700E+001  0.669269045447102E+002  0.333572006457542E+000  0.660136410573236E+000  0.666427993542458E+000 -0.583481073706260E+001 -0.299286893993700E+001
 -0.299277698040355E+001  0.677724489631027E+002  0.322315574209084E+000  0.647264265978520E+000  0.677684425790916E+000 -0.583481073706260E+001 -0.299277698040355E+001
 -0.299271345839528E+001  0.679532149303557E+002  0.322153571849982E+000  0.651075680800159E+000  0.677846428150018E+000 -0.583481073706260E+001 -0.299271345839528E+001
 -0.299269461164411E+001  0.682328118007756E+002  0.318069060901615E+000  0.657129627787459E+000  0.681930939098385E+000 -0.583481073706260E+001 -0.299269461164411E+001
 -0.299264947050612E+001  0.678056245067040E+002  0.321993647570357E+000  0.680487958768128E+000  0.678006352429643E+000 -0.583481073706260E+001 -0.299264947050612E+001
 -0.299251389368328E+001  0.677181753999547E+002  0.318329678659928E+000  0.676485844045958E+000  0.681670321340072E+000 -0.583481073706260E+001 -0.299251389368328E+001
 -0.299249935230122E+001  0.682180953814129E+002  0.315747665370137E+000  0.657433683752949E+000  0.684252334629863E+000 -0.583481073706260E+001 -0.299249935230122E+001
 -0.299249656697383E+001  0.673376979689389E+002  0.328079346846777E+000  0.648244485660351E+000  0.671920653153223E+000 -0.583481073706260E+001 -0.299249656697383E+001
 -0.299248908814044E+001  0.671695245990227E+002  0.325090431579987E+000  0.677638948962679E+000  0.674909568420013E+000 -0.583481073706260E+001 -0.299248908814044E+001
 -0.299247286322003E+001  0.676248048647791E+002  0.327497425033237E+000  0.674907024457738E+000  0.672502574966763E+000 -0.583481073706260E+001 -0.299247286322003E+001
 -0.299217557473819E+001  0.679609617681601E+002  0.319857821727743E+000  0.678608192730630E+000  0.680142178272257E+000 -0.583481073706260E+001 -0.299217557473819E+001
 -0.299201507701594E+001  0.673002496398910E+002  0.331482395667683E+000  0.659126294304435E+000  0.668517604332317E+000 -0.583481073706260E+001 -0.299201507701594E+001
 -0.299176079163332E+001  0.679447820594625E+002  0.317829050257695E+000  0.677153942215962E+000  0.682170949742305E+000 -0.583481073706260E+001 -0.299176079163332E+001
 -0.299170668635470E+001  0.672119359785841E+002  0.325462779842045E+000  0.678911804028700E+000  0.674537220157955E+000 -0.583481073706260E+001 -0.299170668635470E+001
 -0.299163228720592E+001  0.679001368887674E+002  0.316420717341769E+000  0.672973786711509E+000  0.683579282658231E+000 -0.583481073706260E+001 -0.299163228720592E+001
 -0.299157617638644E+001  0.671409195428127E+002  0.330881887472836E+000  0.675824240613369E+000  0.669118112527164E+000 -0.583481073706260E+001 -0.299157617638644E+001
 -0.299149608954300E+001  0.679214005012510E+002  0.321429758877831E+000  0.678289579443974E+000  0.678570241122169E+000 -0.583481073706260E+001 -0.299149608954300E+001
 -0.299146234195190E+001  0.672036112610116E+002  0.331647487864835E+000  0.672025640092834E+000  0.668352512135165E+000 -0.583481073706260E+001 -0.299146234195191E+001
 -0.299143344800519E+001  0.678495936266360E+002  0.318581724907436E+000  0.650016823627856E+000  0.681418275092564E+000 -0.583481073706260E+001 -0.299143344800519E+001
 -0.299132211652248E+001  0.673975921228375E+002  0.328176228565530E+000  0.649521263533557E+000  0.671823771434469E+000 -0.583481073706260E+001 -0.299132211652248E+001
 -0.299130675057540E+001  0.674543899253587E+002  0.320795720672362E+000  0.652064268758425E+000  0.679204279327638E+000 -0.583481073706260E+001 -0.299130675057540E+001
 -0.299118005726133E+001  0.670906646582407E+002  0.323901271596889E+000  0.662937851828020E+000  0.676098728403111E+000 -0.583481073706260E+001 -0.299118005726134E+001
 -0.299101392969391E+001  0.681578282429710E+002  0.320692419729940E+000  0.661770005420972E+000  0.679307580270060E+000 -0.583481073706260E+001 -0.299101392969391E+001
 -0.299097569298190E+001  0.671197014378218E+002  0.323736772627714E+000  0.668780229700525E+000  0.676263227372286E+000 -0.583481073706260E+001 -0.299097569298191E+001
 -0.299095311255132E+001  0.681070069084998E+002  0.316659762041793E+000  0.673642394922022E+000  0.683340237958207E+000 -0.583481073706260E+001 -0.299095311255132E+001
 -0.299090209231965E+001  0.673683816689611E+002  0.324538334204222E+000  0.647655817407250E+000  0.675461665795778E+000 -0.583481073706260E+001 -0.299090209231965E+001
 -0.299086199516007E+001  0.677037187304881E+002  0.327216309754376E+000  0.670259480657709E+000  0.672783690245624E+000 -0.583481073706260E+001 -0.299086199516007E+001
 -0.299056088589154E+001  0.678771774060459E+002  0.320016069369837E+000  0.649112015106036E+000  0.679983930630163E+000 -0.583481073706260E+001 -0.299056088589154E+001
 -0.299047643936769E+001  0.675298600165469E+002  0.324322770444272E+000  0.680881481781094E+000  0.675677229555728E+000 -0.583481073706260E+001 -0.299047643936769E+001
 -0.299047522990514E+001  0.672082967683971E+002  0.326351736125333E+000  0.649011322890470E+000  0.673648263874667E+000 -0.583481073706260E+001 -0.299047522990514E+001
 -0.299047300307635E+001  0.670361306880216E+002  0.330075437461921E+000  0.676165956881498E+000  0.669924562538079E+000 -0.583481073706260E+001 -0.299047300307635E+001
 -0.299039652815654E+001  0.675987439517136E+002  0.319761854674233E+000  0.676690013278215E+000  0.680238145325767E+000 -0.583481073706260E+001 -0.299039652815654E+001
 -0.299036178265507E+001  0.677878169566737E+002  0.317136616600382E+000  0.672321453325177E+000  0.682863383399618E+000 -0.583481073706260E+001 -0.299036178265507E+001
 -0.299035099485767E+001  0.675997153582298E+002  0.325879003307798E+000  0.649246073942764E+000  0.674120996692202E+000 -0.583481073706260E+001 -0.299035099485767E+001
 -0.299023550851179E+001  0.677415057366063E+002  0.325889530792163E+000  0.653805494486222E+000  0.674110469207837E+000 -0.583481073706260E+001 -0.299023550851179E+001
 -0.299003210481591E+001  0.678277092413167E+002  0.323742159960755E+000  0.676776691212847E+000  0.676257840039245E+000 -0.583481073706260E+001 -0.299003210481591E+001
 -0.298998536782331E+001  0.680347998941500E+002  0.316899106123457E+000  0.653895359177754E+000  0.683100893876543E+000 -0.583481073706260E+001 -0.298998536782331E+001
 -0.298998088948074E+001  0.671269655114366E+002  0.325008471889182E+000  0.674367484858912E+000  0.674991528110818E+000 -0.583481073706260E+001 -0.298998088948074E+001
 -0.298984295651652E+001  0.676736097033605E+002  0.322927536393864E+000  0.680289780237253E+000  0.677072463606136E+000 -0.583481073706260E+001 -0.298984295651652E+001
 -0.298980783291757E+001  0.678976303884257E+002  0.324801624559893E+000  0.667674871830859E+000  0.675198375440107E+000 -0.583481073706260E+001 -0.298980783291757E+001
 -0.298973571304324E+001  0.669475407880373E+002  0.331422201368720E+000  0.672802345039363E+000  0.668577798631280E+000 -0.583481073706260E+001 -0.298973571304324E+001
 -0.298950927869530E+001  0.676724350113213E+002  0.320943118245788E+000  0.648589940781079E+000  0.679056881754212E+000 -0.583481073706260E+001 -0.298950927869531E+001
 -0.298950611155866E+001  0.672378510546925E+002  0.324515580350781E+000  0.650838206471849E+000  0.675484419649219E+000 -0.583481073706260E+001 -0.298950611155866E+001
 -0.298946121247293E+001  0.680276327502237E+002  0.320603046665545E+000  0.674998395412511E+000  0.679396953334455E+000 -0.583481073706260E+001 -0.298946121247293E+001
 -0.298943722176064E+001  0.672891207791067E+002  0.325544751495495E+000  0.648656919986274E+000  0.674455248504505E+000 -0.583481073706260E+001 -0.298943722176064E+001
 -0.298935812009298E+001  0.677263534893512E+002  0.324252202984032E+000  0.649711726341865E+000  0.675747797015968E+000 -0.583481073706260E+001 -0.298935812009298E+001
 -0.298921728001552E+001  0.669165040000615E+002  0.328954690440750E+000  0.656384598451718E+000  0.671045309559250E+000 -0.583481073706260E+001 -0.298921728001551E+001
 -0.298907727092830E+001  0.672006359068244E+002  0.328030394901541E+000  0.678328521392843E+000  0.671969605098459E+000 -0.583481073706260E+001 -0.298907727092831E+001
 -0.298906785249611E+001  0.675237626125855E+002  0.322173922483147E+000  0.648701883611695E+000  0.677826077516853E+000 -0.583481073706260E+001 -0.298906785249611E+001
 -0.298906400829179E+001  0.681957936455805E+002  0.318456494633279E+000  0.658936532642223E+000  0.681543505366721E+000 -0.583481073706260E+001 -0.298906400829179E+001
 -0.298901091049838E+001  0.672999418766999E+002  0.329976303538717E+000  0.653479322421665E+000  0.670023696461283E+000 -0.583481073706260E+001 -0.298901091049838E+001
 -0.298898256211257E+001  0.681431839487991E+002  0.316609755517581E+000  0.671243200538196E+000  0.683390244482419E+000 -0.583481073706260E+001 -0.298898256211257E+001
 -0.298896501800687E+001  0.680739800178927E+002  0.315691446472555E+000  0.669107973248906E+000  0.684308553527445E+000 -0.583481073706260E+001 -0.298896501800687E+001
 -0.298895345169874E+001  0.675465733081133E+002  0.329060289369574E+000  0.662302405698883E+000  0.670939710630426E+000 -0.583481073706260E+001 -0.298895345169874E+001
 -0.298864526428298E+001  0.674787996754712E+002  0.320045028738211E+000  0.655759914886198E+000  0.679954971261789E+000 -0.583481073706260E+001 -0.298864526428298E+001
 -0.298861767398143E+001  0.676738450409026E+002  0.319504399856173E+000  0.676615534670023E+000  0.680495600143827E+000 -0.583481073706260E+001 -0.298861767398143E+001
 -0.298846497871098E+001  0.672495010312719E+002  0.324318978349333E+000  0.676593661540822E+000  0.675681021650667E+000 -0.583481073706260E+001 -0.298846497871098E+001
 -0.298841569480214E+001  0.668544292291925E+002  0.329442723225617E+000  0.662515915921872E+000  0.670557276774383E+000 -0.583481073706260E+001 -0.298841569480214E+001
 -0.298836178125884E+001  0.679926320780273E+002  0.315594938624862E+000  0.663065651692959E+000  0.684405061375138E+000 -0.583481073706260E+001 -0.298836178125884E+001
 -0.298834405260561E+001  0.672808068455157E+002  0.330883508882798E+000  0.657467643900014E+000  0.669116491117202E+000 -0.583481073706260E+001 -0.298834405260561E+001
 -0.298826218475951E+001  0.669102385738172E+002  0.330330141603582E+000  0.656520828473714E+000  0.669669858396418E+000 -0.583481073706260E+001 -0.298826218475950E+001
 -0.298812765936036E+001  0.675286480678214E+002  0.319165721982591E+000  0.669251104474001E+000  0.680834278017409E+000 -0.583481073706260E+001 -0.298812765936036E+001
 -0.298800040571090E+001  0.673651240758025E+002  0.324504489445362E+000  0.648905531215143E+000  0.675495510554638E+000 -0.583481073706260E+001 -0.298800040571090E+001
 -0.298796706052201E+001  0.675138503098801E+002  0.328898528135496E+000  0.670070660803003E+000  0.671101471864504E+000 -0.583481073706260E+001 -0.298796706052201E+001
 -0.298782236866497E+001  0.681002910549743E+002  0.320537318370473E+000  0.669887607240363E+000  0.679462681629527E+000 -0.583481073706260E+001 -0.298782236866497E+001
 -0.298771665553264E+001  0.676915743729624E+002  0.327253734051175E+000  0.666560877112101E+000  0.672746265948825E+000 -0.583481073706260E+001 -0.298771665553264E+001
 -0.298771365620611E+001  0.673515481691704E+002  0.321779885067113E+000  0.672871171869100E+000  0.678220114932887E+000 -0.583481073706260E+001 -0.298771365620611E+001
 -0.298771329981017E+001  0.677462515056328E+002  0.322067735697308E+000  0.678938622902980E+000  0.677932264302692E+000 -0.583481073706260E+001 -0.298771329981017E+001
 -0.298757911330571E+001  0.677833853258465E+002  0.324349458265635E+000  0.675538172789911E+000  0.675650541734365E+000 -0.583481073706260E+001 -0.298757911330571E+001
 -0.298757476859589E+001  0.675824178198638E+002  0.318947878002217E+000  0.670856346592427E+000  0.681052121997783E+000 -0.583481073706260E+001 -0.298757476859589E+001
 -0.298752548316619E+001  0.680204567690642E+002  0.315987106368232E+000  0.659308249634249E+000  0.684012893631768E+000 -0.583481073706260E+001 -0.298752548316619E+001
 -0.298737966629734E+001  0.681748829207015E+002  0.317729780222127E+000  0.658708399416899E+000  0.682270219777873E+000 -0.583481073706260E+001 -0.298737966629733E+001
 -0.298737714882496E+001  0.679436680363497E+002  0.316613466534915E+000  0.670962886224957E+000  0.683386533465085E+000 -0.583481073706260E+001 -0.298737714882496E+001
 -0.298727794411344E+001  0.674048426045359E+002  0.324560060627757E+000  0.679132823885746E+000  0.675439939372243E+000 -0.583481073706260E+001 -0.298727794411344E+001
 -0.298720712535621E+001  0.669772848876954E+002  0.326913594992969E+000  0.659954284372810E+000  0.673086405007031E+000 -0.583481073706260E+001 -0.298720712535621E+001
 -0.298705780109613E+001  0.669003753360356E+002  0.330410842522443E+000  0.669772296100309E+000  0.669589157477557E+000 -0.583481073706260E+001 -0.298705780109613E+001
 -0.298703003145468E+001  0.669822441206471E+002  0.326578303407078E+000  0.665311382160840E+000  0.673421696592922E+000 -0.583481073706260E+001 -0.298703003145467E+001
 -0.298700746569772E+001  0.672667757452939E+002  0.322090422540783E+000  0.661527797361799E+000  0.677909577459217E+000 -0.583481073706260E+001 -0.298700746569772E+001
 -0.298692718301629E+001  0.670163992516561E+002  0.326660405355742E+000  0.657550709079724E+000  0.673339594644258E+000 -0.583481073706260E+001 -0.298692718301630E+001
 -0.298677298964979E+001  0.675728677459702E+002  0.327402493717443E+000  0.654262428132364E+000  0.672597506282557E+000 -0.583481073706260E+001 -0.298677298964979E+001
 -0.298659834419167E+001  0.675580735717405E+002  0.321240908208425E+000  0.677164735688593E+000  0.678759091791575E+000 -0.583481073706260E+001 -0.298659834419167E+001
 -0.298659168342881E+001  0.668610873271369E+002  0.330651697266734E+000  0.664726384497310E+000  0.669348302733266E+000 -0.583481073706260E+001 -0.298659168342881E+001
 -0.298654943678914E+001  0.679394830553419E+002  0.317427331027452E+000  0.654801361771399E+000  0.682572668972548E+000 -0.583481073706260E+001 -0.298654943678914E+001
 -0.298627221166903E+001  0.679332169781491E+002  0.320828606544671E+000  0.652162606461262E+000  0.679171393455329E+000 -0.583481073706260E+001 -0.298627221166903E+001
 -0.298626875073172E+001  0.673064742957503E+002  0.329390906639896E+000  0.653496537776224E+000  0.670609093360104E+000 -0.583481073706260E+001 -0.298626875073172E+001
 -0.298613113147052E+001  0.677307681142727E+002  0.326462208931483E+000  0.667698412500523E+000  0.673537791068517E+000 -0.583481073706260E+001 -0.298613113147052E+001
 -0.298607315107301E+001  0.678889798351322E+002  0.321514334088877E+000  0.676143570750559E+000  0.678485665911123E+000 -0.583481073706260E+001 -0.298607315107301E+001
 -0.298592917294084E+001  0.673448723046077E+002  0.327772675554873E+000  0.677051717251608E+000  0.672227324445127E+000 -0.583481073706260E+001 -0.298592917294084E+001
 -0.298590974816003E+001  0.672575664560825E+002  0.322746364807573E+000  0.669869997331219E+000  0.677253635192427E+000 -0.583481073706260E+001 -0.298590974816003E+001
 -0.298577976784648E+001  0.676879281244701E+002  0.317784654562061E+000  0.663612529072135E+000  0.682215345437939E+000 -0.583481073706260E+001 -0.298577976784648E+001
 -0.298567611842791E+001  0.669637465779008E+002  0.330578033050298E+000  0.657051203435907E+000  0.669421966949702E+000 -0.583481073706260E+001 -0.298567611842791E+001
 -0.298553468915377E+001  0.679796455572380E+002  0.321394509729943E+000  0.672960612446899E+000  0.678605490270056E+000 -0.583481073706260E+001 -0.298553468915377E+001
 -0.298544647196723E+001  0.677541548537014E+002  0.325203457369217E+000  0.655105330212364E+000  0.674796542630783E+000 -0.583481073706260E+001 -0.298544647196723E+001
 -0.298544371884880E+001  0.678194098538547E+002  0.317269815245767E+000  0.658539656644079E+000  0.682730184754233E+000 -0.583481073706260E+001 -0.298544371884880E+001
 -0.298538192486336E+001  0.670952438291084E+002  0.326976939068751E+000  0.653887798417810E+000  0.673023060931249E+000 -0.583481073706260E+001 -0.298538192486336E+001
 -0.298536717135762E+001  0.680496391081212E+002  0.321474957380308E+000  0.660817313105573E+000  0.678525042619692E+000 -0.583481073706260E+001 -0.298536717135762E+001
 -0.298535944857513E+001  0.675415741648772E+002  0.325985073539648E+000  0.677147522656806E+000  0.674014926460352E+000 -0.583481073706260E+001 -0.298535944857513E+001
 -0.298530938037064E+001  0.678681835557603E+002  0.319306837182271E+000  0.652081604168848E+000  0.680693162817729E+000 -0.583481073706260E+001 -0.298530938037064E+001
 -0.298517539298273E+001  0.674363577790853E+002  0.325419727640415E+000  0.649461924781880E+000  0.674580272359585E+000 -0.583481073706260E+001 -0.298517539298273E+001
 -0.298516541621600E+001  0.674014380297229E+002  0.327607355737542E+000  0.676360808982277E+000  0.672392644262458E+000 -0.583481073706260E+001 -0.298516541621600E+001
 -0.298514715960529E+001  0.673570857443261E+002  0.321351354805182E+000  0.667892955210501E+000  0.678648645194818E+000 -0.583481073706260E+001 -0.298514715960529E+001
 -0.298513121686026E+001  0.675680299123882E+002  0.320103599199867E+000  0.654208362005456E+000  0.679896400800133E+000 -0.583481073706260E+001 -0.298513121686026E+001
 -0.298510591932187E+001  0.669366391153640E+002  0.330929116112925E+000  0.668682045310865E+000  0.669070883887075E+000 -0.583481073706260E+001 -0.298510591932187E+001
 -0.298503221268116E+001  0.676697648331465E+002  0.321701250987259E+000  0.677888830130222E+000  0.678298749012741E+000 -0.583481073706260E+001 -0.298503221268116E+001
 -0.298503022096232E+001  0.677916042714789E+002  0.320315042236083E+000  0.651006055309476E+000  0.679684957763917E+000 -0.583481073706260E+001 -0.298503022096232E+001
 -0.298501903567816E+001  0.677053433326785E+002  0.326472494989811E+000  0.668901568053494E+000  0.673527505010189E+000 -0.583481073706260E+001 -0.298501903567816E+001
 -0.298497198300017E+001  0.673087476883761E+002  0.327656647806241E+000  0.650978421383662E+000  0.672343352193759E+000 -0.583481073706260E+001 -0.298497198300018E+001
 -0.298494722254373E+001  0.674909694537163E+002  0.320224790754302E+000  0.657284357407897E+000  0.679775209245698E+000 -0.583481073706260E+001 -0.298494722254373E+001
 -0.298493789647836E+001  0.681108169186030E+002  0.317486465885092E+000  0.658438505762294E+000  0.682513534114908E+000 -0.583481073706260E+001 -0.298493789647836E+001
 -0.298488737111387E+001  0.680082294606102E+002  0.320598869067700E+000  0.672589619880431E+000  0.679401130932300E+000 -0.583481073706260E+001 -0.298488737111387E+001
 -0.298471884544196E+001  0.675527594168327E+002  0.322538210487616E+000  0.649948710002300E+000  0.677461789512384E+000 -0.583481073706260E+001 -0.298471884544196E+001
 -0.298444067269351E+001  0.674061670515172E+002  0.324325322785978E+000  0.677666345693298E+000  0.675674677214022E+000 -0.583481073706260E+001 -0.298444067269351E+001
 -0.298429685675237E+001  0.673890888182071E+002  0.324950219666690E+000  0.677722007100090E+000  0.675049780333310E+000 -0.583481073706260E+001 -0.298429685675237E+001
 -0.298419859496343E+001  0.677231761570099E+002  0.322636667629204E+000  0.677306892582381E+000  0.677363332370796E+000 -0.583481073706260E+001 -0.298419859496343E+001
 -0.298391559828953E+001  0.671162595264403E+002  0.324875553914049E+000  0.666554433880717E+000  0.675124446085951E+000 -0.583481073706260E+001 -0.298391559828953E+001
 -0.298391490433163E+001  0.673889118490563E+002  0.328289742167680E+000  0.653473657946842E+000  0.671710257832320E+000 -0.583481073706260E+001 -0.298391490433163E+001
 -0.298385471590262E+001  0.672777251206467E+002  0.329000124614537E+000  0.674213415912868E+000  0.670999875385463E+000 -0.583481073706260E+001 -0.298385471590262E+001
 -0.298381805721227E+001  0.680763104728820E+002  0.317068558082206E+000  0.659651601778182E+000  0.682931441917794E+000 -0.583481073706260E+001 -0.298381805721227E+001
 -0.298365439248198E+001  0.673999829217142E+002  0.328474943255567E+000  0.673372522109009E+000  0.671525056744433E+000 -0.583481073706260E+001 -0.298365439248198E+001
 -0.298362858638157E+001  0.673992131772132E+002  0.321223141073100E+000  0.658856849653051E+000  0.678776858926900E+000 -0.583481073706260E+001 -0.298362858638157E+001
 -0.298353081127421E+001  0.672007398428161E+002  0.328130226531026E+000  0.675302614441325E+000  0.671869773468974E+000 -0.583481073706260E+001 -0.298353081127421E+001
 -0.298350822342825E+001  0.678606453184165E+002  0.322280987652904E+000  0.674491996272128E+000  0.677719012347096E+000 -0.583481073706260E+001 -0.298350822342825E+001
 -0.298347910458566E+001  0.672621999252323E+002  0.330352877332915E+000  0.658659205654184E+000  0.669647122667085E+000 -0.583481073706260E+001 -0.298347910458566E+001
 -0.298342183435955E+001  0.673903544716196E+002  0.327730345369108E+000  0.652507020405348E+000  0.672269654630892E+000 -0.583481073706260E+001 -0.298342183435955E+001
 -0.298340663578673E+001  0.670459368128894E+002  0.331018835574464E+000  0.658784827266977E+000  0.668981164425536E+000 -0.583481073706260E+001 -0.298340663578673E+001
 -0.298332222468995E+001  0.680374814483318E+002  0.321303861447324E+000  0.662123508414915E+000  0.678696138552676E+000 -0.583481073706260E+001 -0.298332222468995E+001
 -0.298331370730820E+001  0.676812396143639E+002  0.318979156504137E+000  0.656258247383405E+000  0.681020843495863E+000 -0.583481073706260E+001 -0.298331370730820E+001
 -0.298330870282372E+001  0.674718097291189E+002  0.326956341547591E+000  0.675473667116739E+000  0.673043658452409E+000 -0.583481073706260E+001 -0.298330870282372E+001
 -0.298327455361149E+001  0.678817764401674E+002  0.321934838998317E+000  0.653609041979697E+000  0.678065161001683E+000 -0.583481073706260E+001 -0.298327455361149E+001
 -0.298327255547019E+001  0.679878985388907E+002  0.317342144321116E+000  0.657908543434733E+000  0.682657855678884E+000 -0.583481073706260E+001 -0.298327255547019E+001
 -0.298326849353062E+001  0.676803224059265E+002  0.318794845738060E+000  0.670564217819315E+000  0.681205154261940E+000 -0.583481073706260E+001 -0.298326849353062E+001
 -0.298322095287717E+001  0.673875531155448E+002  0.321233090937133E+000  0.667085380414275E+000  0.678766909062867E+000 -0.583481073706260E+001 -0.298322095287717E+001
 -0.298318674445137E+001  0.679948050375916E+002  0.322142139547549E+000  0.665391484665635E+000  0.677857860452451E+000 -0.583481073706260E+001 -0.298318674445136E+001
 -0.298316810052295E+001  0.672645453850146E+002  0.330629614876921E+000  0.662360466551041E+000  0.669370385123079E+000 -0.583481073706260E+001 -0.298316810052295E+001
 -0.298315249753563E+001  0.677703909555438E+002  0.320202554335322E+000  0.675676813350544E+000  0.679797445664678E+000 -0.583481073706260E+001 -0.298315249753563E+001
 -0.298303221539694E+001  0.674284231713121E+002  0.327487962831183E+000  0.674953898440214E+000  0.672512037168817E+000 -0.583481073706260E+001 -0.298303221539694E+001
 -0.298300307406481E+001  0.677002602063777E+002  0.325883437564579E+000  0.657053765818058E+000  0.674116562435421E+000 -0.583481073706260E+001 -0.298300307406481E+001
 -0.298298494675312E+001  0.676469621201899E+002  0.321893495156274E+000  0.676933030717792E+000  0.678106504843726E+000 -0.583481073706260E+001 -0.298298494675312E+001
 -0.298282056928007E+001  0.672705007712177E+002  0.328684850831549E+000  0.653518940318512E+000  0.671315149168451E+000 -0.583481073706260E+001 -0.298282056928007E+001
 -0.298281924777068E+001  0.676303078877877E+002  0.323398215545372E+000  0.650549994567672E+000  0.676601784454628E+000 -0.583481073706260E+001 -0.298281924777068E+001
 -0.298277815195698E+001  0.679308973380036E+002  0.317924963652398E+000  0.671383642892240E+000  0.682075036347602E+000 -0.583481073706260E+001 -0.298277815195698E+001
 -0.298277669213246E+001  0.678894413555083E+002  0.322859416151360E+000  0.671536259183182E+000  0.677140583848640E+000 -0.583481073706260E+001 -0.298277669213246E+001
 -0.298275880339537E+001  0.678597219689780E+002  0.323106598460819E+000  0.655458107479974E+000  0.676893401539181E+000 -0.583481073706260E+001 -0.298275880339536E+001
 -0.298270632484500E+001  0.677061466689824E+002  0.319228762250111E+000  0.655073435406972E+000  0.680771237749889E+000 -0.583481073706260E+001 -0.298270632484500E+001
 -0.298268503645552E+001  0.671419025768739E+002  0.327635292406753E+000  0.653744611487131E+000  0.672364707593247E+000 -0.583481073706260E+001 -0.298268503645552E+001
 -0.298265442428397E+001  0.676391553499842E+002  0.326342916236915E+000  0.656050890659592E+000  0.673657083763085E+000 -0.583481073706260E+001 -0.298265442428397E+001
 -0.298263839585224E+001  0.677401332842509E+002  0.318938555746610E+000  0.655373394918972E+000  0.681061444253390E+000 -0.583481073706260E+001 -0.298263839585224E+001
 -0.298261890292295E+001  0.676741395926663E+002  0.318868176841480E+000  0.670019764125523E+000  0.681131823158520E+000 -0.583481073706260E+001 -0.298261890292295E+001
 -0.298253851027913E+001  0.675636896606730E+002  0.325794327129195E+000  0.675514385038211E+000  0.674205672870805E+000 -0.583481073706260E+001 -0.298253851027913E+001
 -0.298242226100084E+001  0.671812959631887E+002  0.324545527151392E+000  0.669557087393229E+000  0.675454472848608E+000 -0.583481073706260E+001 -0.298242226100084E+001
 -0.298238859669025E+001  0.673879007045936E+002  0.324269079630844E+000  0.676311485044655E+000  0.675730920369156E+000 -0.583481073706260E+001 -0.298238859669024E+001
 -0.298235527056270E+001  0.673480496385691E+002  0.323445630390664E+000  0.653548684334663E+000  0.676554369609336E+000 -0.583481073706260E+001 -0.298235527056270E+001
 -0.298229590850820E+001  0.671177474974311E+002  0.325550660440191E+000  0.668829147038309E+000  0.674449339559809E+000 -0.583481073706260E+001 -0.298229590850820E+001
 -0.298225013569604E+001  0.679673555778769E+002  0.318072922669204E+000  0.656704183757470E+000  0.681927077330796E+000 -0.583481073706260E+001 -0.298225013569604E+001
 -0.298220742799750E+001  0.669784249724849E+002  0.330833282442159E+000  0.662554205648970E+000  0.669166717557841E+000 -0.583481073706260E+001 -0.298220742799750E+001
 -0.298219184107750E+001  0.678557688480970E+002  0.319566000299691E+000  0.674179042619186E+000  0.680433999700309E+000 -0.583481073706260E+001 -0.298219184107750E+001
 -0.298212086632558E+001  0.681016941869457E+002  0.318930175029953E+000  0.662894129827579E+000  0.681069824970047E+000 -0.583481073706260E+001 -0.298212086632558E+001
 -0.298205157734346E+001  0.679799783490177E+002  0.317598672196324E+000  0.669425661330045E+000  0.682401327803676E+000 -0.583481073706260E+001 -0.298205157734346E+001
 -0.298202810061069E+001  0.679991947370987E+002  0.321525621737338E+000  0.667397481198864E+000  0.678474378262662E+000 -0.583481073706260E+001 -0.298202810061069E+001
 -0.298196867321301E+001  0.669608548532383E+002  0.330216798943818E+000  0.662762173278931E+000  0.669783201056182E+000 -0.583481073706260E+001 -0.298196867321301E+001
 -0.298194464042820E+001  0.680075635950734E+002  0.317621025407383E+000  0.669013698994258E+000  0.682378974592617E+000 -0.583481073706260E+001 -0.298194464042820E+001
 -0.298190040394034E+001  0.674366450581839E+002  0.320865223837348E+000  0.666713767627391E+000  0.679134776162652E+000 -0.583481073706260E+001 -0.298190040394034E+001
 -0.298186073668445E+001  0.676700960642358E+002  0.324065056147195E+000  0.675693690531785E+000  0.675934943852805E+000 -0.583481073706260E+001 -0.298186073668445E+001
 -0.298184070709980E+001  0.671440554660369E+002  0.327209423991211E+000  0.673286629335430E+000  0.672790576008789E+000 -0.583481073706260E+001 -0.298184070709980E+001
 -0.298182550226322E+001  0.675431149108597E+002  0.320035311491352E+000  0.658533908308001E+000  0.679964688508648E+000 -0.583481073706260E+001 -0.298182550226322E+001
 -0.298182425549623E+001  0.677265050374245E+002  0.318154434077959E+000  0.662235247141753E+000  0.681845565922041E+000 -0.583481073706260E+001 -0.298182425549623E+001
 -0.298180928900813E+001  0.673285478226871E+002  0.323952656946481E+000  0.674282251798096E+000  0.676047343053519E+000 -0.583481073706260E+001 -0.298180928900813E+001
 -0.298178550740405E+001  0.678206918529500E+002  0.320774972471177E+000  0.652667618642770E+000  0.679225027528823E+000 -0.583481073706260E+001 -0.298178550740405E+001
 -0.298176970875990E+001  0.673815537263693E+002  0.321952719674547E+000  0.670109190179960E+000  0.678047280325453E+000 -0.583481073706260E+001 -0.298176970875990E+001
 -0.298173745873335E+001  0.680930757784195E+002  0.318072985387858E+000  0.665588966474528E+000  0.681927014612142E+000 -0.583481073706260E+001 -0.298173745873335E+001
 -0.298170665807587E+001  0.675555540433860E+002  0.325087759794153E+000  0.676146094716690E+000  0.674912240205847E+000 -0.583481073706260E+001 -0.298170665807587E+001
 -0.298170659583790E+001  0.670065802030759E+002  0.329462728365873E+000  0.658820228320693E+000  0.670537271634127E+000 -0.583481073706260E+001 -0.298170659583790E+001
 -0.298168851276534E+001  0.675925888452141E+002  0.327300263025660E+000  0.668116338568068E+000  0.672699736974340E+000 -0.583481073706260E+001 -0.298168851276534E+001
 -0.298164686916772E+001  0.675615174744813E+002  0.326298857152114E+000  0.673942542805828E+000  0.673701142847886E+000 -0.583481073706260E+001 -0.298164686916773E+001
 -0.298158054063018E+001  0.678847952818919E+002  0.317283837110935E+000  0.662828311015033E+000  0.682716162889065E+000 -0.583481073706260E+001 -0.298158054063017E+001
 -0.298154265294040E+001  0.680377973259033E+002  0.318109464366136E+000  0.668879499150201E+000  0.681890535633864E+000 -0.583481073706260E+001 -0.298154265294040E+001
 -0.298145592733023E+001  0.673706621335712E+002  0.321654291566225E+000  0.661969034846721E+000  0.678345708433775E+000 -0.583481073706260E+001 -0.298145592733023E+001
 -0.298144805827167E+001  0.672595573340400E+002  0.323983906910526E+000  0.656346600612160E+000  0.676016093089474E+000 -0.583481073706260E+001 -0.298144805827167E+001
 -0.298142326793624E+001  0.671679332248761E+002  0.328430543225997E+000  0.654330668894124E+000  0.671569456774003E+000 -0.583481073706260E+001 -0.298142326793624E+001
 -0.298140624204307E+001  0.676719703401924E+002  0.324918609532889E+000  0.673937417737039E+000  0.675081390467111E+000 -0.583481073706260E+001 -0.298140624204307E+001
 -0.298135748841813E+001  0.676210268732861E+002  0.322852543199861E+000  0.676476083046411E+000  0.677147456800139E+000 -0.583481073706260E+001 -0.298135748841813E+001
 -0.298134519005535E+001  0.674712289831010E+002  0.326989949517908E+000  0.653518369540215E+000  0.673010050482092E+000 -0.583481073706260E+001 -0.298134519005535E+001
 -0.298130850951585E+001  0.672690288587898E+002  0.323886026449957E+000  0.671423879498411E+000  0.676113973550043E+000 -0.583481073706260E+001 -0.298130850951585E+001
 -0.298125492411981E+001  0.673106820068315E+002  0.329975654623821E+000  0.662455305803839E+000  0.670024345376179E+000 -0.583481073706260E+001 -0.298125492411981E+001
 -0.298123679094006E+001  0.677381761369236E+002  0.318585296233143E+000  0.669446501412064E+000  0.681414703766857E+000 -0.583481073706260E+001 -0.298123679094006E+001
 -0.298118619552404E+001  0.678079250153630E+002  0.324000641338833E+000  0.670746178145994E+000  0.675999358661167E+000 -0.583481073706260E+001 -0.298118619552404E+001
 -0.298115347325148E+001  0.678132640622643E+002  0.320061887806261E+000  0.674226492661011E+000  0.679938112193739E+000 -0.583481073706260E+001 -0.298115347325148E+001
 -0.298108333473150E+001  0.680212265867495E+002  0.319097028707719E+000  0.669785097514171E+000  0.680902971292281E+000 -0.583481073706260E+001 -0.298108333473150E+001
 -0.298108281987087E+001  0.672217403245922E+002  0.324063668701578E+000  0.658990891575961E+000  0.675936331298422E+000 -0.583481073706260E+001 -0.298108281987087E+001
 -0.298107634176715E+001  0.676201256543963E+002  0.319132429415924E+000  0.661990592746114E+000  0.680867570584076E+000 -0.583481073706260E+001 -0.298107634176715E+001
 -0.298102245470913E+001  0.671715404490981E+002  0.330002784156004E+000  0.657679858444225E+000  0.669997215843996E+000 -0.583481073706260E+001 -0.298102245470913E+001
 -0.298101913712633E+001  0.670151290154514E+002  0.330320287511407E+000  0.666937880610496E+000  0.669679712488593E+000 -0.583481073706260E+001 -0.298101913712633E+001
 -0.298100218878496E+001  0.674845226407215E+002  0.322619720831883E+000  0.675083485949031E+000  0.677380279168117E+000 -0.583481073706260E+001 -0.298100218878496E+001
 -0.298091906835799E+001  0.679536668829076E+002  0.317464674465745E+000  0.667181248478797E+000  0.682535325534255E+000 -0.583481073706260E+001 -0.298091906835799E+001
 -0.298089421189171E+001  0.679964994382568E+002  0.321472516051786E+000  0.662518260753979E+000  0.678527483948214E+000 -0.583481073706260E+001 -0.298089421189171E+001
 -0.298084812929252E+001  0.672682373229785E+002  0.330205898791892E+000  0.663931804004236E+000  0.669794101208108E+000 -0.583481073706260E+001 -0.298084812929253E+001
 -0.298082501798888E+001  0.672271762846755E+002  0.323893148798381E+000  0.667768437848358E+000  0.676106851201619E+000 -0.583481073706260E+001 -0.298082501798888E+001
 -0.298081057045636E+001  0.673374358783124E+002  0.322153688377363E+000  0.662677415604448E+000  0.677846311622637E+000 -0.583481073706260E+001 -0.298081057045636E+001
 -0.298069027950310E+001  0.677123256110334E+002  0.325503237760750E+000  0.658278298564816E+000  0.674496762239250E+000 -0.583481073706260E+001 -0.298069027950310E+001
 -0.298067033366879E+001  0.679701284887634E+002  0.319634222805426E+000  0.671227066617267E+000  0.680365777194574E+000 -0.583481073706260E+001 -0.298067033366878E+001
 -0.298064080615661E+001  0.680559171181726E+002  0.319626383625788E+000  0.661858573926225E+000  0.680373616374212E+000 -0.583481073706260E+001 -0.298064080615661E+001
 -0.298062698631513E+001  0.679402206192032E+002  0.322545949150156E+000  0.663759111335623E+000  0.677454050849844E+000 -0.583481073706260E+001 -0.298062698631513E+001
 -0.298061597332121E+001  0.676875317384197E+002  0.321904331908082E+000  0.675622724387163E+000  0.678095668091918E+000 -0.583481073706260E+001 -0.298061597332121E+001
 -0.298057503550626E+001  0.671647801357590E+002  0.326484405402870E+000  0.672267617784536E+000  0.673515594597130E+000 -0.583481073706260E+001 -0.298057503550626E+001
 -0.298055814207604E+001  0.677259880102937E+002  0.319517020882453E+000  0.655396870167415E+000  0.680482979117547E+000 -0.583481073706260E+001 -0.298055814207605E+001
 -0.298047098951102E+001  0.676116879524623E+002  0.320075597661879E+000  0.671297974242177E+000  0.679924402338121E+000 -0.583481073706260E+001 -0.298047098951102E+001
 -0.298042005932095E+001  0.671410652178712E+002  0.325152550482404E+000  0.664762678339844E+000  0.674847449517596E+000 -0.583481073706260E+001 -0.298042005932095E+001
 -0.298040126223192E+001  0.670519012285573E+002  0.330254818789432E+000  0.660287582917145E+000  0.669745181210568E+000 -0.583481073706260E+001 -0.298040126223192E+001
 -0.298036363402505E+001  0.674244156985404E+002  0.325939731196052E+000  0.675559576136116E+000  0.674060268803948E+000 -0.583481073706260E+001 -0.298036363402505E+001
 -0.298036009523438E+001  0.680200797273780E+002  0.320728358217220E+000  0.665064328555852E+000  0.679271641782780E+000 -0.583481073706260E+001 -0.298036009523438E+001
 -0.298034500593004E+001  0.680357387832370E+002  0.320268664812589E+000  0.665170321043920E+000  0.679731335187411E+000 -0.583481073706260E+001 -0.298034500593004E+001
 -0.298019416829874E+001  0.676383528856928E+002  0.323096400163496E+000  0.675760162279919E+000  0.676903599836504E+000 -0.583481073706260E+001 -0.298019416829874E+001
 -0.298014943657569E+001  0.673670274417338E+002  0.328404143167326E+000  0.671634351976199E+000  0.671595856832674E+000 -0.583481073706260E+001 -0.298014943657569E+001
 -0.298007313593494E+001  0.670709472665213E+002  0.327417307067196E+000  0.668688657930615E+000  0.672582692932804E+000 -0.583481073706260E+001 -0.298007313593494E+001
 -0.298004837634138E+001  0.678249467314577E+002  0.324212777326536E+000  0.666113823008716E+000  0.675787222673464E+000 -0.583481073706260E+001 -0.298004837634138E+001
 -0.298003302594494E+001  0.676864718929986E+002  0.326070706727963E+000  0.666321690380861E+000  0.673929293272037E+000 -0.583481073706260E+001 -0.298003302594494E+001
 -0.297996960894762E+001  0.675822213965497E+002  0.319893289225909E+000  0.668325600028272E+000  0.680106710774091E+000 -0.583481073706260E+001 -0.297996960894762E+001
 -0.297986453077491E+001  0.676160687193751E+002  0.323394286690477E+000  0.675649730433456E+000  0.676605713309523E+000 -0.583481073706260E+001 -0.297986453077491E+001
 -0.297985375808146E+001  0.673245193816879E+002  0.329214972422234E+000  0.658627290941419E+000  0.670785027577766E+000 -0.583481073706260E+001 -0.297985375808146E+001
 -0.297977808032976E+001  0.679826011657268E+002  0.321026219121051E+000  0.667619709135791E+000  0.678973780878949E+000 -0.583481073706260E+001 -0.297977808032977E+001
 -0.297974705823523E+001  0.675326616337335E+002  0.327774982891701E+000  0.665741098520273E+000  0.672225017108299E+000 -0.583481073706260E+001 -0.297974705823523E+001
 -0.297972389277562E+001  0.672946743904474E+002  0.325367837261116E+000  0.674034248991401E+000  0.674632162738884E+000 -0.583481073706260E+001 -0.297972389277562E+001
 -0.297955416779250E+001  0.675794926335891E+002  0.321130726798279E+000  0.673025591291158E+000  0.678869273201721E+000 -0.583481073706260E+001 -0.297955416779250E+001
 -0.297953786047761E+001  0.678046194924265E+002  0.318872237555670E+000  0.657153473731212E+000  0.681127762444330E+000 -0.583481073706260E+001 -0.297953786047760E+001
 -0.297952364341924E+001  0.677905817072029E+002  0.320024797798294E+000  0.654546893125837E+000  0.679975202201706E+000 -0.583481073706260E+001 -0.297952364341924E+001
 -0.297948279307599E+001  0.675242394708072E+002  0.323949833902909E+000  0.652001861643862E+000  0.676050166097091E+000 -0.583481073706260E+001 -0.297948279307599E+001
 -0.297946538606143E+001  0.676448693151039E+002  0.321196055825022E+000  0.674101224717924E+000  0.678803944174978E+000 -0.583481073706260E+001 -0.297946538606143E+001
 -0.297932017009803E+001  0.675743008080393E+002  0.319873222296616E+000  0.666038999910809E+000  0.680126777703384E+000 -0.583481073706260E+001 -0.297932017009803E+001
 -0.297927296203618E+001  0.672917191219588E+002  0.328677282283035E+000  0.656280357955545E+000  0.671322717716965E+000 -0.583481073706260E+001 -0.297927296203618E+001
 -0.297927049853928E+001  0.680216320050983E+002  0.319553540869326E+000  0.666825439672551E+000  0.680446459130674E+000 -0.583481073706260E+001 -0.297927049853928E+001
 -0.297925513045152E+001  0.680039939048393E+002  0.318309201458466E+000  0.666900341616329E+000  0.681690798541534E+000 -0.583481073706260E+001 -0.297925513045152E+001
 -0.297921004976815E+001  0.674851744137998E+002  0.327537600810424E+000  0.670361797016198E+000  0.672462399189576E+000 -0.583481073706260E+001 -0.297921004976815E+001
 -0.297919979388001E+001  0.673048394924791E+002  0.323874692231215E+000  0.671242170281118E+000  0.676125307768785E+000 -0.583481073706260E+001 -0.297919979388001E+001
 -0.297916437902729E+001  0.678801482193661E+002  0.322769491505277E+000  0.668513484937515E+000  0.677230508494723E+000 -0.583481073706260E+001 -0.297916437902729E+001
 -0.297914531664416E+001  0.676538402725852E+002  0.326333216830085E+000  0.661964387037997E+000  0.673666783169915E+000 -0.583481073706260E+001 -0.297914531664416E+001
 -0.297911319412045E+001  0.675612003372312E+002  0.321137912758710E+000  0.655372080487547E+000  0.678862087241290E+000 -0.583481073706260E+001 -0.297911319412045E+001
 -0.297910085578855E+001  0.678708334427180E+002  0.320215078381250E+000  0.672319535147101E+000  0.679784921618750E+000 -0.583481073706260E+001 -0.297910085578856E+001
 -0.297908196418900E+001  0.671410579386464E+002  0.327499123048894E+000  0.656516789077316E+000  0.672500876951106E+000 -0.583481073706260E+001 -0.297908196418900E+001
 -0.297903401561216E+001  0.673843409202844E+002  0.328140419056414E+000  0.671117418992339E+000  0.671859580943586E+000 -0.583481073706260E+001 -0.297903401561216E+001
 -0.297902112283632E+001  0.675611242956225E+002  0.320008650171580E+000  0.665157050100604E+000  0.679991349828420E+000 -0.583481073706260E+001 -0.297902112283632E+001
 -0.297898309267825E+001  0.676416983941366E+002  0.319709978451877E+000  0.669148930212211E+000  0.680290021548123E+000 -0.583481073706260E+001 -0.297898309267826E+001
 -0.297897569202430E+001  0.675622889010001E+002  0.326933711865565E+000  0.669265788672293E+000  0.673066288134435E+000 -0.583481073706260E+001 -0.297897569202430E+001
 -0.297896274966976E+001  0.673362653904454E+002  0.322722115739999E+000  0.667549301477963E+000  0.677277884260001E+000 -0.583481073706260E+001 -0.297896274966976E+001
 -0.297895600243501E+001  0.673050495252019E+002  0.322945942567004E+000  0.662633220613658E+000  0.677054057432996E+000 -0.583481073706260E+001 -0.297895600243501E+001
 -0.297893772230022E+001  0.679792759440673E+002  0.319564836072031E+000  0.658625482115315E+000  0.680435163927970E+000 -0.583481073706260E+001 -0.297893772230022E+001
 -0.297887503769197E+001  0.670654337825044E+002  0.327884971964714E+000  0.667365477835429E+000  0.672115028035286E+000 -0.583481073706260E+001 -0.297887503769197E+001
 -0.297885674454746E+001  0.670796439193657E+002  0.330116492835011E+000  0.665023824582445E+000  0.669883507164988E+000 -0.583481073706260E+001 -0.297885674454746E+001
 -0.297883959526315E+001  0.674914303895901E+002  0.328049138018208E+000  0.664745618619041E+000  0.671950861981792E+000 -0.583481073706260E+001 -0.297883959526315E+001
 -0.297882986506239E+001  0.679196934233115E+002  0.322423860275056E+000  0.664280988403855E+000  0.677576139724944E+000 -0.583481073706260E+001 -0.297882986506239E+001
 -0.297869372609286E+001  0.674007271253338E+002  0.322596972430987E+000  0.656702433878846E+000  0.677403027569013E+000 -0.583481073706260E+001 -0.297869372609285E+001
 -0.297863464336209E+001  0.674156272243951E+002  0.321714225150544E+000  0.660925652017232E+000  0.678285774849456E+000 -0.583481073706260E+001 -0.297863464336210E+001
 -0.297861622146245E+001  0.672203501422802E+002  0.328916268244901E+000  0.656987825522558E+000  0.671083731755099E+000 -0.583481073706260E+001 -0.297861622146245E+001
 -0.297860867612455E+001  0.671856981309122E+002  0.329393448055421E+000  0.669312773261876E+000  0.670606551944579E+000 -0.583481073706260E+001 -0.297860867612455E+001
 -0.297850018886097E+001  0.675752243985156E+002  0.327054843599165E+000  0.661291175835674E+000  0.672945156400835E+000 -0.583481073706260E+001 -0.297850018886097E+001
 -0.297840552778755E+001  0.670722740415813E+002  0.327952917169023E+000  0.667197179259711E+000  0.672047082830977E+000 -0.583481073706260E+001 -0.297840552778755E+001
 -0.297836620948947E+001  0.679770003846438E+002  0.320948658373527E+000  0.662474449117738E+000  0.679051341626473E+000 -0.583481073706260E+001 -0.297836620948947E+001
 -0.297829439062576E+001  0.678155026099226E+002  0.321856863164271E+000  0.672542002398244E+000  0.678143136835729E+000 -0.583481073706260E+001 -0.297829439062576E+001
 -0.297823042369954E+001  0.671238514649415E+002  0.326358590238152E+000  0.660937654039291E+000  0.673641409761848E+000 -0.583481073706260E+001 -0.297823042369954E+001
 -0.297821564963954E+001  0.672583625116732E+002  0.329297457220554E+000  0.659239408879838E+000  0.670702542779446E+000 -0.583481073706260E+001 -0.297821564963954E+001
 -0.297817459303172E+001  0.679281588953399E+002  0.319532203885653E+000  0.669868308580169E+000  0.680467796114347E+000 -0.583481073706260E+001 -0.297817459303172E+001
 -0.297801724135977E+001  0.678970092518226E+002  0.322608898261497E+000  0.663590972072045E+000  0.677391101738503E+000 -0.583481073706260E+001 -0.297801724135977E+001
 -0.297799112640929E+001  0.678998937127904E+002  0.320427082569602E+000  0.656854778045665E+000  0.679572917430398E+000 -0.583481073706260E+001 -0.297799112640928E+001
 -0.297784882187803E+001  0.671847408759468E+002  0.325196819996387E+000  0.661287540602609E+000  0.674803180003613E+000 -0.583481073706260E+001 -0.297784882187803E+001
 -0.297784033663812E+001  0.675184419290222E+002  0.324123659526422E+000  0.674615448103042E+000  0.675876340473578E+000 -0.583481073706260E+001 -0.297784033663812E+001
 -0.297780034139183E+001  0.673063133138066E+002  0.325502990136334E+000  0.654534464341505E+000  0.674497009863666E+000 -0.583481073706260E+001 -0.297780034139183E+001
 -0.297753028284862E+001  0.671577857195141E+002  0.326687169016093E+000  0.669305704085850E+000  0.673312830983907E+000 -0.583481073706260E+001 -0.297753028284862E+001
 -0.297725451098076E+001  0.678310509531491E+002  0.319113248400218E+000  0.658566518743722E+000  0.680886751599782E+000 -0.583481073706260E+001 -0.297725451098076E+001
 -0.297710367696392E+001  0.672386943133909E+002  0.328168758148230E+000  0.670737427076460E+000  0.671831241851770E+000 -0.583481073706260E+001 -0.297710367696392E+001
 -0.297707801352303E+001  0.671164974915812E+002  0.327084560639385E+000  0.666432591340063E+000  0.672915439360615E+000 -0.583481073706260E+001 -0.297707801352303E+001
 -0.297707026997338E+001  0.675528374263085E+002  0.324673724658725E+000  0.673717785456534E+000  0.675326275341275E+000 -0.583481073706260E+001 -0.297707026997339E+001
 -0.297706514808514E+001  0.674800293482122E+002  0.321869035392073E+000  0.657505180249347E+000  0.678130964607927E+000 -0.583481073706260E+001 -0.297706514808514E+001
 -0.297696245649160E+001  0.675960406369614E+002  0.324162468045967E+000  0.653920539010221E+000  0.675837531954033E+000 -0.583481073706260E+001 -0.297696245649160E+001
 -0.297685148446139E+001  0.671396001873094E+002  0.326956259713523E+000  0.667745712161065E+000  0.673043740286477E+000 -0.583481073706260E+001 -0.297685148446140E+001
 -0.297679390697785E+001  0.672336683459083E+002  0.329399868473312E+000  0.665061946137337E+000  0.670600131526688E+000 -0.583481073706260E+001 -0.297679390697785E+001
 -0.297676247772090E+001  0.679408300606298E+002  0.319064611735152E+000  0.666586429555842E+000  0.680935388264848E+000 -0.583481073706260E+001 -0.297676247772090E+001
 -0.297675763135454E+001  0.671125856185375E+002  0.327706968720830E+000  0.660683301173737E+000  0.672293031279170E+000 -0.583481073706260E+001 -0.297675763135454E+001
 -0.297668978041769E+001  0.672192870237536E+002  0.325007383109530E+000  0.660732169924280E+000  0.674992616890470E+000 -0.583481073706260E+001 -0.297668978041769E+001
 -0.297657782502319E+001  0.677101567099465E+002  0.323481863922034E+000  0.672004729918052E+000  0.676518136077966E+000 -0.583481073706260E+001 -0.297657782502319E+001
 -0.297653269117125E+001  0.679388127539837E+002  0.321039471728190E+000  0.664919114354276E+000  0.678960528271810E+000 -0.583481073706260E+001 -0.297653269117125E+001
 -0.297637462318153E+001  0.673652772691267E+002  0.322790588585044E+000  0.661410568039778E+000  0.677209411414956E+000 -0.583481073706260E+001 -0.297637462318153E+001
 -0.297632649193224E+001  0.672334903685853E+002  0.325011281380248E+000  0.659946283757643E+000  0.674988718619752E+000 -0.583481073706260E+001 -0.297632649193224E+001
 -0.297618618194178E+001  0.679469419459055E+002  0.320028003354402E+000  0.665928908991340E+000  0.679971996645598E+000 -0.583481073706260E+001 -0.297618618194178E+001
 -0.297617941754614E+001  0.673693115120865E+002  0.327006994367002E+000  0.655827355880471E+000  0.672993005632998E+000 -0.583481073706260E+001 -0.297617941754614E+001
 -0.297610457252379E+001  0.678413755625060E+002  0.322794325757947E+000  0.666767937818609E+000  0.677205674242053E+000 -0.583481073706260E+001 -0.297610457252379E+001
 -0.297606872747598E+001  0.672051380008108E+002  0.328606102007131E+000  0.659141834656742E+000  0.671393897992869E+000 -0.583481073706260E+001 -0.297606872747598E+001
 -0.297606327875889E+001  0.672556562283642E+002  0.324603094557537E+000  0.660530024056179E+000  0.675396905442463E+000 -0.583481073706260E+001 -0.297606327875889E+001
 -0.297604218965824E+001  0.675769992669204E+002  0.322063020624781E+000  0.655286180290516E+000  0.677936979375219E+000 -0.583481073706260E+001 -0.297604218965824E+001
 -0.297603519530152E+001  0.673964494459431E+002  0.324874859663214E+000  0.672808051852703E+000  0.675125140336786E+000 -0.583481073706260E+001 -0.297603519530152E+001
 -0.297596476069184E+001  0.678381868540647E+002  0.322437686571839E+000  0.659180194749393E+000  0.677562313428161E+000 -0.583481073706260E+001 -0.297596476069184E+001
 -0.297576549722162E+001  0.672614598688398E+002  0.325206221129738E+000  0.658185923697871E+000  0.674793778870262E+000 -0.583481073706260E+001 -0.297576549722162E+001
 -0.297565861527106E+001  0.672004095062747E+002  0.327372706661730E+000  0.669363277466717E+000  0.672627293338270E+000 -0.583481073706260E+001 -0.297565861527106E+001
 -0.297565013543594E+001  0.678827530683308E+002  0.319809226326544E+000  0.659419407693826E+000  0.680190773673456E+000 -0.583481073706260E+001 -0.297565013543594E+001
 -0.297559872492083E+001  0.678829687537209E+002  0.322003517757081E+000  0.664433722667002E+000  0.677996482242919E+000 -0.583481073706260E+001 -0.297559872492083E+001
 -0.297550764309929E+001  0.674319199257394E+002  0.324227312526933E+000  0.655028287628867E+000  0.675772687473067E+000 -0.583481073706260E+001 -0.297550764309929E+001
 -0.297544667413965E+001  0.671984563633131E+002  0.327698073733105E+000  0.658589022255758E+000  0.672301926266895E+000 -0.583481073706260E+001 -0.297544667413965E+001
 -0.297535686719651E+001  0.672875481393975E+002  0.328653429480993E+000  0.666282740686459E+000  0.671346570519007E+000 -0.583481073706260E+001 -0.297535686719651E+001
 -0.297533361991524E+001  0.671448160743528E+002  0.327103183175277E+000  0.662852589986068E+000  0.672896816824723E+000 -0.583481073706260E+001 -0.297533361991524E+001
 -0.297532894283036E+001  0.675253802031036E+002  0.322007092109215E+000  0.657109509803584E+000  0.677992907890785E+000 -0.583481073706260E+001 -0.297532894283036E+001
 -0.297521207269832E+001  0.674253860202427E+002  0.327859432798456E+000  0.662990383211324E+000  0.672140567201544E+000 -0.583481073706260E+001 -0.297521207269832E+001
 -0.297518597075087E+001  0.677934649737156E+002  0.319524412509705E+000  0.660246107814485E+000  0.680475587490295E+000 -0.583481073706260E+001 -0.297518597075087E+001
 -0.297511152966134E+001  0.674303365395118E+002  0.327343516506081E+000  0.658972573747149E+000  0.672656483493919E+000 -0.583481073706260E+001 -0.297511152966134E+001
 -0.297506062424762E+001  0.678630055015598E+002  0.319586748397799E+000  0.667015048299023E+000  0.680413251602201E+000 -0.583481073706260E+001 -0.297506062424762E+001
 -0.297502894872621E+001  0.675284140836811E+002  0.323056121334517E+000  0.672172464090903E+000  0.676943878665483E+000 -0.583481073706260E+001 -0.297502894872622E+001
 -0.297466052184684E+001  0.678368796364367E+002  0.321541535635514E+000  0.668497861862637E+000  0.678458464364486E+000 -0.583481073706260E+001 -0.297466052184683E+001
 -0.297455645427828E+001  0.674979216831609E+002  0.324251879599975E+000  0.672271986074659E+000  0.675748120400025E+000 -0.583481073706260E+001 -0.297455645427828E+001
 -0.297448242792376E+001  0.678239625006291E+002  0.322196503783267E+000  0.667671601564990E+000  0.677803496216733E+000 -0.583481073706260E+001 -0.297448242792376E+001
 -0.297446946466756E+001  0.673346189569585E+002  0.325160904907664E+000  0.656910765751700E+000  0.674839095092336E+000 -0.583481073706260E+001 -0.297446946466756E+001
 -0.297435824366174E+001  0.676853130573965E+002  0.324135640246801E+000  0.669285517802514E+000  0.675864359753199E+000 -0.583481073706260E+001 -0.297435824366173E+001
 -0.297434417208749E+001  0.672486432479623E+002  0.328044101865612E+000  0.659849959455714E+000  0.671955898134388E+000 -0.583481073706260E+001 -0.297434417208749E+001
 -0.297424472237599E+001  0.676414589766929E+002  0.323448021420341E+000  0.671466688043410E+000  0.676551978579659E+000 -0.583481073706260E+001 -0.297424472237599E+001
 -0.297415230589522E+001  0.677784940004592E+002  0.319606089152965E+000  0.663981279854457E+000  0.680393910847035E+000 -0.583481073706260E+001 -0.297415230589522E+001
 -0.297410881596497E+001  0.678897225951891E+002  0.320367494523618E+000  0.663176311077307E+000  0.679632505476382E+000 -0.583481073706260E+001 -0.297410881596497E+001
 -0.297409704446219E+001  0.677570901522105E+002  0.319886159970848E+000  0.661046236469373E+000  0.680113840029152E+000 -0.583481073706260E+001 -0.297409704446219E+001
 -0.297407007824056E+001  0.677413625491475E+002  0.322289181488196E+000  0.657205121730234E+000  0.677710818511804E+000 -0.583481073706260E+001 -0.297407007824056E+001
 -0.297404535548136E+001  0.677028978926689E+002  0.322360487883800E+000  0.670880163684288E+000  0.677639512116200E+000 -0.583481073706260E+001 -0.297404535548136E+001
 -0.297404035728436E+001  0.672898359537834E+002  0.326928568099760E+000  0.657902246617889E+000  0.673071431900240E+000 -0.583481073706260E+001 -0.297404035728436E+001
 -0.297391540966833E+001  0.672368332361554E+002  0.326650818784570E+000  0.659333125417239E+000  0.673349181215430E+000 -0.583481073706260E+001 -0.297391540966833E+001
 -0.297379430186821E+001  0.673138292878603E+002  0.328111815322743E+000  0.665381380306348E+000  0.671888184677257E+000 -0.583481073706260E+001 -0.297379430186821E+001
 -0.297370040370742E+001  0.672051670230606E+002  0.326651134199614E+000  0.665586063418759E+000  0.673348865800386E+000 -0.583481073706260E+001 -0.297370040370742E+001
 -0.297368548270776E+001  0.674247567155356E+002  0.327468735540763E+000  0.663846261596793E+000  0.672531264459236E+000 -0.583481073706260E+001 -0.297368548270777E+001
 -0.297362956156942E+001  0.674905814679124E+002  0.323531136012460E+000  0.671017816484112E+000  0.676468863987540E+000 -0.583481073706260E+001 -0.297362956156942E+001
 -0.297358325348374E+001  0.673844881825623E+002  0.325628886770509E+000  0.656694425993131E+000  0.674371113229491E+000 -0.583481073706260E+001 -0.297358325348374E+001
 -0.297327013401168E+001  0.675757776622581E+002  0.323572807330903E+000  0.671146874211973E+000  0.676427192669097E+000 -0.583481073706260E+001 -0.297327013401168E+001
 -0.297321083177492E+001  0.676469155579705E+002  0.323134080571955E+000  0.670612763227757E+000  0.676865919428045E+000 -0.583481073706260E+001 -0.297321083177492E+001
 -0.297303678953981E+001  0.676204076120814E+002  0.322111919916480E+000  0.670014255492407E+000  0.677888080083520E+000 -0.583481073706260E+001 -0.297303678953982E+001
 -0.297298643207575E+001  0.674749641918357E+002  0.326366393347670E+000  0.668082737853795E+000  0.673633606652330E+000 -0.583481073706260E+001 -0.297298643207575E+001
 -0.297285241207079E+001  0.676448927461008E+002  0.323782081815155E+000  0.669670297417373E+000  0.676217918184845E+000 -0.583481073706260E+001 -0.297285241207079E+001
 -0.297282069068317E+001  0.676578524707176E+002  0.324660148105171E+000  0.666063459847681E+000  0.675339851894829E+000 -0.583481073706260E+001 -0.297282069068317E+001
 -0.297281256611307E+001  0.673400864536785E+002  0.324486438602270E+000  0.667228102066179E+000  0.675513561397730E+000 -0.583481073706260E+001 -0.297281256611307E+001
 -0.297275738063747E+001  0.675800327693508E+002  0.321453223280695E+000  0.660877371181886E+000  0.678546776719305E+000 -0.583481073706260E+001 -0.297275738063747E+001
 -0.297274904896252E+001  0.677237064971543E+002  0.320400835203029E+000  0.665419435193563E+000  0.679599164796971E+000 -0.583481073706260E+001 -0.297274904896252E+001
 -0.297239458087396E+001  0.675934046200575E+002  0.323832282414234E+000  0.657316079669273E+000  0.676167717585766E+000 -0.583481073706260E+001 -0.297239458087396E+001
 -0.297222430966424E+001  0.673407559768011E+002  0.326541650456812E+000  0.659256585802458E+000  0.673458349543188E+000 -0.583481073706260E+001 -0.297222430966424E+001
 -0.297221813462372E+001  0.676627532822248E+002  0.320823741372502E+000  0.663987108412269E+000  0.679176258627498E+000 -0.583481073706260E+001 -0.297221813462372E+001
 -0.297184088446853E+001  0.674967571334373E+002  0.323508065474152E+000  0.658167001067116E+000  0.676491934525848E+000 -0.583481073706260E+001 -0.297184088446853E+001
 -0.297161693222645E+001  0.674364324872382E+002  0.323498855488648E+000  0.666864126491696E+000  0.676501144511352E+000 -0.583481073706260E+001 -0.297161693222645E+001
 -0.297160948728299E+001  0.675095174121682E+002  0.325091140265739E+000  0.658537731556034E+000  0.674908859734261E+000 -0.583481073706260E+001 -0.297160948728299E+001
 -0.297137825655185E+001  0.673929435656795E+002  0.326751075828181E+000  0.665400069751873E+000  0.673248924171819E+000 -0.583481073706260E+001 -0.297137825655185E+001
 -0.297132194223885E+001  0.677265490603250E+002  0.322829198912152E+000  0.665767566249924E+000  0.677170801087848E+000 -0.583481073706260E+001 -0.297132194223886E+001
 -0.297102395442727E+001  0.677131363070535E+002  0.321885837139985E+000  0.660782134006440E+000  0.678114162860015E+000 -0.583481073706260E+001 -0.297102395442727E+001
 -0.297087156394167E+001  0.675031583133461E+002  0.324199010877170E+000  0.658757705652301E+000  0.675800989122830E+000 -0.583481073706260E+001 -0.297087156394167E+001
 -0.297058682400768E+001  0.677042714512770E+002  0.322847780091161E+000  0.664918163656091E+000  0.677152219908839E+000 -0.583481073706260E+001 -0.297058682400768E+001
 -0.297045438596977E+001  0.675233465448625E+002  0.324358657792974E+000  0.659409901932729E+000  0.675641342207026E+000 -0.583481073706260E+001 -0.297045438596977E+001
 -0.297038613831941E+001  0.673976649663456E+002  0.324975362319262E+000  0.660890744014317E+000  0.675024637680738E+000 -0.583481073706260E+001 -0.297038613831941E+001
 -0.297034037516782E+001  0.674014366839062E+002  0.324356442078961E+000  0.664363969463898E+000  0.675643557921039E+000 -0.583481073706260E+001 -0.297034037516782E+001
 -0.297033770929936E+001  0.677121711937119E+002  0.322190322208494E+000  0.664049939851976E+000  0.677809677791506E+000 -0.583481073706260E+001 -0.297033770929936E+001
 -0.297019395896180E+001  0.676273152375535E+002  0.322992388776187E+000  0.666900009498936E+000  0.677007611223813E+000 -0.583481073706260E+001 -0.297019395896180E+001
 -0.296976395565954E+001  0.675547828758893E+002  0.322799209268891E+000  0.664502215619518E+000  0.677200790731109E+000 -0.583481073706260E+001 -0.296976395565954E+001
 -0.296951872203165E+001  0.675819279548637E+002  0.323424780833474E+000  0.665882156087357E+000  0.676575219166526E+000 -0.583481073706260E+001 -0.296951872203165E+001
 -0.296933281355564E+001  0.675978029246226E+002  0.322916439043111E+000  0.663440060375496E+000  0.677083560956889E+000 -0.583481073706260E+001 -0.296933281355564E+001
 -0.296922096316511E+001  0.675313713796331E+002  0.323786874538476E+000  0.662186485908498E+000  0.676213125461524E+000 -0.583481073706260E+001 -0.296922096316511E+001
