  0.100000000000000E+001  0.585304584798752E+002  0.750321871406741E+002  0.153236780306221E+001  0.220931161978998E+001  0.161135362736403E+001 -0.274167942285219E+001 -0.762657020629066E+001 -0.292652292399376E+002
  0.100000000000000E+001  0.113341287793241E+003  0.552373139371319E+002  0.282797749677597E+001  0.295200262378373E+001  0.103179113569669E+001 -0.477998012055970E+001 -0.762657020629066E+001 -0.566706438966207E+002
  0.100000000000000E+001  0.641282661762126E+002  0.516725001576282E+002  0.197606549971242E+001  0.145071848838589E+001  0.124784136140400E+001 -0.242678398809830E+001 -0.762657020629066E+001 -0.320641330881063E+002
  0.100000000000000E+001  0.136722792369511E+005  0.930723963747252E+002  0.210467433609066E+001  0.248870259019272E+001  0.166448882444879E+000 -0.359337692628338E+001 -0.762657020629066E+001 -0.683613961847553E+004
  0.100000000000000E+001  0.151003306115938E+003  0.932313013987965E+002  0.105590318624796E+000 -0.551500851848753E+000  0.167785390166064E+001  0.144591053322396E+001 -0.762657020629066E+001 -0.755016530579689E+002
  0.100000000000000E+001  0.237096411416053E+004  0.814335353087029E+002  0.261128395082324E+000  0.121981790238765E+000  0.195631355539578E+000  0.616889814678911E+000 -0.762657020629066E+001 -0.118548205708027E+004
  0.100000000000000E+001  0.109838442661905E+003  0.934472475873548E+002  0.582691590785308E+000  0.447864292003022E+000  0.186121068488083E+001 -0.305558827883293E-001 -0.762657020629066E+001 -0.549192213309523E+002
  0.100000000000000E+001  0.418573956482984E+004  0.993252254986305E+002  0.165948122617786E+001  0.111895112170595E+001  0.421471741195632E+000 -0.177843234788381E+001 -0.762657020629066E+001 -0.209286978241492E+004
  0.100000000000000E+001  0.332053205549197E+004  0.965287659783140E+002  0.192832528255707E+001 -0.263615943531193E+001  0.932910807498147E+000  0.170783415275486E+001 -0.762657020629066E+001 -0.166026602774599E+004
  0.100000000000000E+001  0.440248438366226E+004  0.820371913222427E+002  0.293521645149175E+001  0.449959073689579E+000  0.538110022223845E+000 -0.238517552518133E+001 -0.762657020629066E+001 -0.220124219183113E+004
  0.100000000000000E+001  0.900035017909984E+002  0.767908802570569E+002  0.163561614605588E+001  0.220010540179383E+001  0.109038323028407E+001 -0.283572154784971E+001 -0.762657020629066E+001 -0.450017508954992E+002
  0.100000000000000E+001  0.550251033461501E+003  0.974384095872922E+002  0.190965208297641E+001 -0.570808589722606E+000  0.186201564144186E+001 -0.338843493253802E+000 -0.762657020629066E+001 -0.275125516730751E+003
  0.100000000000000E+001  0.231092864189014E+004  0.657622573694848E+002  0.239489133511798E+001  0.104279064697733E+001  0.392808470621537E+000 -0.243768198209531E+001 -0.762657020629066E+001 -0.115546432094507E+004
  0.100000000000000E+001  0.115909215233301E+003  0.510112471093568E+002  0.219759469688848E+001 -0.434122419644233E+000  0.169495555603763E+001 -0.763472277244244E+000 -0.762657020629066E+001 -0.579546076166503E+002
  0.100000000000000E+001  0.993156768854786E+002  0.565399835078203E+002  0.156151870713663E+001  0.115762970763971E+001  0.793992512784391E+000 -0.171914841477634E+001 -0.762657020629066E+001 -0.496578384427393E+002
  0.100000000000000E+001  0.444757662346331E+003  0.982220409369244E+002  0.160872059470932E+001  0.275038417381626E+000  0.163111535538427E+001 -0.883759012090942E+000 -0.762657020629066E+001 -0.222378831173166E+003
  0.100000000000000E+001  0.796193835629505E+004  0.665428338062196E+002  0.171757014477907E+001 -0.192308391786378E+001  0.305793516481642E+000  0.120551377308471E+001 -0.762657020629066E+001 -0.398096917814752E+004
  0.100000000000000E+001  0.249177964849801E+004  0.428377032076406E+002  0.290257933651554E+001  0.134827654622077E+001  0.202140367476675E+000 -0.325085588273631E+001 -0.762657020629066E+001 -0.124588982424900E+004
  0.100000000000000E+001  0.455432096108000E+002  0.578635888303942E+002  0.327555316235366E-001  0.341395269522877E-001  0.183412484103514E+001  0.933104941424176E+000 -0.762657020629066E+001 -0.227716048054000E+002
  0.100000000000000E+001  0.161303528925033E+004  0.976176039073218E+002  0.276203995997758E+001 -0.248519800343436E+001  0.152486166743751E+001  0.723158043456779E+000 -0.762657020629066E+001 -0.806517644625167E+003
  0.100000000000000E+001  0.478112030148349E+003  0.996519036076399E+002  0.114191563527841E+001 -0.889163686947128E+000  0.177122039152203E+001  0.747248051668713E+000 -0.762657020629066E+001 -0.239056015074174E+003
  0.100000000000000E+001  0.371254220240120E+004  0.967943868867653E+002  0.150683941610043E+001 -0.306777892816404E+000  0.579544392882907E+000 -0.200061523284030E+000 -0.762657020629066E+001 -0.185627110120060E+004
  0.100000000000000E+001  0.789812376558858E+003  0.591119149987132E+002  0.297575146889868E+001  0.244993931755453E+001  0.504267723020120E+000 -0.442569078645321E+001 -0.762657020629066E+001 -0.394906188279429E+003
  0.100000000000000E+001  0.188546392031097E+003  0.461131853125738E+002  0.253953378258058E-001 -0.145942643191374E+001  0.351833671759455E+000  0.243403109408793E+001 -0.762657020629066E+001 -0.942731960155484E+002
  0.100000000000000E+001  0.957732943089986E+003  0.585005452484254E+002  0.264083727547036E+001 -0.134297414066598E+001  0.806931863633589E+000 -0.297863134804379E+000 -0.762657020629066E+001 -0.478866471544993E+003
  0.100000000000000E+001  0.902081807117560E+003  0.743980657987634E+002  0.266031477632997E+001 -0.240052128992490E+001  0.138055216830901E+001  0.740206513594932E+000 -0.762657020629066E+001 -0.451040903558780E+003
  0.100000000000000E+001  0.195808437923166E+003  0.431619963061100E+002  0.200509231658027E+001 -0.224026489777500E+001  0.102724858870396E+001  0.123517258119472E+001 -0.762657020629066E+001 -0.979042189615828E+002
  0.100000000000000E+001  0.195005179967230E+004  0.603954863739503E+002  0.133604584592280E+001 -0.190614678390734E+001  0.469406129618650E+000  0.157010093798454E+001 -0.762657020629066E+001 -0.975025899836151E+003
  0.100000000000000E+001  0.241431153967591E+003  0.932989574517260E+002  0.166637146059007E+001  0.226597416499847E+001  0.956284941605047E+000 -0.293234562558854E+001 -0.762657020629066E+001 -0.120715576983795E+003
  0.100000000000000E+001  0.894875338397447E+003  0.900767630261914E+002  0.188797272012541E+001 -0.312035927579264E-001  0.113873321887739E+001 -0.856769127367483E+000 -0.762657020629066E+001 -0.447437669198723E+003
  0.100000000000000E+001  0.145663321547178E+004  0.954971898703841E+002  0.204896477793405E+001 -0.280221123915620E+001  0.145066897069780E+001  0.175324646122215E+001 -0.762657020629066E+001 -0.728316607735892E+003
  0.100000000000000E+001  0.244495684084788E+003  0.532413466167630E+002  0.287432225775073E+001 -0.293132895550934E+001  0.187933185546305E+001  0.105700669775862E+001 -0.762657020629066E+001 -0.122247842042394E+003
  0.100000000000000E+001  0.347637962458769E+003  0.490173775297155E+002  0.695786760761485E+000  0.154934146871022E+001  0.447228169752090E+000 -0.124512822947170E+001 -0.762657020629066E+001 -0.173818981229384E+003
  0.100000000000000E+001  0.154336663447669E+003  0.461886458640859E+002  0.215318379441758E+001 -0.212505216289088E+001  0.145608120446486E+001  0.971868368473304E+000 -0.762657020629066E+001 -0.771683317238347E+002
  0.100000000000000E+001  0.844083390837652E+002  0.427964241455903E+002  0.199323434857256E+001 -0.129995512151090E+001  0.173575198618352E+001  0.306720772938344E+000 -0.762657020629066E+001 -0.422041695418826E+002
  0.100000000000000E+001  0.159565871802827E+003  0.707389620970902E+002  0.243311654120434E+001  0.151487689517273E+001  0.179483720989885E+001 -0.294799343637707E+001 -0.762657020629066E+001 -0.797829359014135E+002
  0.100000000000000E+001  0.594836762565858E+004  0.537503281850971E+002  0.190020171210711E+001 -0.244134748394582E+001  0.276110693144146E+000  0.154114577183871E+001 -0.762657020629066E+001 -0.297418381282929E+004
  0.100000000000000E+001  0.276227423690007E+003  0.421350998415808E+002  0.758146722866000E+000  0.225905949607789E+001  0.967276321601248E+000 -0.201720621894389E+001 -0.762657020629066E+001 -0.138113711845003E+003
  0.100000000000000E+001  0.499277834682131E+003  0.984815594313698E+002  0.918177891654200E+000 -0.323447538432574E+000  0.134130364564242E+001  0.405269646778374E+000 -0.762657020629066E+001 -0.249638917341065E+003
  0.100000000000000E+001  0.124507432475764E+003  0.429349989211731E+002  0.225884836801702E+001  0.120716332578857E+001  0.678472563268669E+000 -0.246601169380560E+001 -0.762657020629066E+001 -0.622537162378819E+002
  0.100000000000000E+001  0.597256509752651E+003  0.910494204612607E+002  0.731506845357624E+000  0.847600295554805E+000  0.508338192458768E+000 -0.579107140912428E+000 -0.762657020629066E+001 -0.298628254876325E+003
  0.100000000000000E+001  0.370946666596897E+002  0.447426034107796E+002  0.262754790236763E+000 -0.927841458814325E+000  0.140454941778261E+001  0.166508666857756E+001 -0.762657020629066E+001 -0.185473333298448E+002
  0.100000000000000E+001  0.395977995721145E+004  0.570868670096577E+002  0.129635038830586E+001 -0.956258605123860E+000  0.238912276323488E+000  0.659908216817995E+000 -0.762657020629066E+001 -0.197988997860572E+004
  0.100000000000000E+001  0.242188126373805E+003  0.614612036568532E+002  0.137118155894051E+001 -0.289061521741022E+001  0.178588203917950E+001  0.251943365846971E+001 -0.762657020629066E+001 -0.121094063186902E+003
  0.100000000000000E+001  0.663496398399501E+002  0.661932087478932E+002  0.302970622440739E+000  0.878787094678124E-002  0.647923244830473E+000  0.688241506612480E+000 -0.762657020629066E+001 -0.331748199199751E+002
  0.100000000000000E+001  0.574335601174603E+003  0.680141904491754E+002  0.144685290312396E+001 -0.327967946961528E+000  0.795600578313413E+000 -0.118884956162436E+000 -0.762657020629066E+001 -0.287167800587301E+003
  0.100000000000000E+001  0.425376208281256E+003  0.639377831718638E+002  0.266677630695060E+001  0.750875372541664E+000  0.103725717243525E+001 -0.241765167949226E+001 -0.762657020629066E+001 -0.212688104140628E+003
  0.100000000000000E+001  0.643980250255865E+002  0.583545306285422E+002  0.721820501540678E+000  0.182721472069005E+001  0.138979616234642E+001 -0.154903522223073E+001 -0.762657020629066E+001 -0.321990125127933E+002
  0.100000000000000E+001  0.433050884135338E+003  0.791843853763810E+002  0.499547247811987E+000 -0.481261277338309E+000  0.783667905027548E+000  0.981714029526322E+000 -0.762657020629066E+001 -0.216525442067669E+003
  0.100000000000000E+001  0.396521965172257E+004  0.988654903573921E+002  0.120324125524120E+001 -0.271033998478149E+001  0.783705783756976E+000  0.250709872954029E+001 -0.762657020629066E+001 -0.198260982586129E+004
  0.100000000000000E+001  0.419220628133550E+002  0.612751167359640E+002  0.119964138846592E+001  0.137378518784453E+001  0.141341416200729E+001 -0.157342657631045E+001 -0.762657020629066E+001 -0.209610314066775E+002
  0.100000000000000E+001  0.295473673501706E+003  0.903161143872910E+002  0.239892151360647E+000  0.870520076711064E+000  0.295144371472697E+000 -0.110412228071711E+000 -0.762657020629066E+001 -0.147736836750853E+003
  0.100000000000000E+001  0.167830921094823E+004  0.617888664589400E+002  0.245453688448302E+001 -0.169659890711320E+001  0.669897187087347E+000  0.242062022630180E+000 -0.762657020629066E+001 -0.839154605474114E+003
  0.100000000000000E+001  0.353724424571951E+005  0.972570167104027E+002  0.173301521314969E+001 -0.139089251464238E+001  0.240776799970962E+000  0.657877301492686E+000 -0.762657020629066E+001 -0.176862212285975E+005
  0.100000000000000E+001  0.475749939929015E+002  0.531382399409429E+002  0.144783584451468E+001  0.221625741007500E+001  0.145543002547124E+001 -0.266409325458968E+001 -0.762657020629066E+001 -0.237874969964507E+002
  0.100000000000000E+001  0.634891144520898E+002  0.850599806503622E+002  0.187575971414140E+000  0.215765103761560E+000  0.149036746863677E+001  0.596658924824300E+000 -0.762657020629066E+001 -0.317445572260449E+002
  0.100000000000000E+001  0.286095947052390E+003  0.881186945209465E+002  0.448357175277616E+000 -0.629370345565802E+000  0.128546194478073E+001  0.118101317028819E+001 -0.762657020629066E+001 -0.143047973526195E+003
  0.100000000000000E+001  0.644900693259503E+002  0.539246446316899E+002  0.218696241094939E+001  0.199920096900901E+001  0.143726404598958E+001 -0.318616337995840E+001 -0.762657020629066E+001 -0.322450346629752E+002
  0.100000000000000E+001  0.566115893750666E+004  0.914512868861040E+002  0.283768783665150E+001  0.125134818447227E+000  0.568873044257882E+000 -0.196282265509872E+001 -0.762657020629066E+001 -0.283057946875333E+004
  0.100000000000000E+001  0.109652273742555E+003  0.523519576278689E+002  0.571330776444713E+000  0.347099234629256E-001  0.402620376088412E+000  0.393959300092362E+000 -0.762657020629066E+001 -0.548261368712776E+002
  0.100000000000000E+001  0.280490323467239E+003  0.655634078610098E+002  0.270613019788931E+001  0.188591238281896E+001  0.106708642384535E+001 -0.359204258070828E+001 -0.762657020629066E+001 -0.140245161733619E+003
  0.100000000000000E+001  0.379706174997861E+004  0.871845717986658E+002  0.907896842000062E+000  0.400175991642640E+000  0.290311080073717E+000 -0.308072833642702E+000 -0.762657020629066E+001 -0.189853087498930E+004
  0.100000000000000E+001  0.828864343998447E+002  0.476343089660788E+002  0.294197090537070E+001  0.209533499209620E+001  0.137234144032788E+001 -0.403730589746690E+001 -0.762657020629066E+001 -0.414432171999224E+002
  0.100000000000000E+001  0.167636743602807E+004  0.555275357921042E+002  0.116420506662756E+001  0.211186545952130E+001  0.173861706134616E+000 -0.227607052614886E+001 -0.762657020629066E+001 -0.838183718014035E+003
  0.100000000000000E+001  0.170161735249277E+005  0.854577237672410E+002  0.268558744634091E+001 -0.165676354437955E+001  0.356073751796572E+000 -0.288239019613621E-001 -0.762657020629066E+001 -0.850808676246385E+004
  0.100000000000000E+001  0.239039170032768E+004  0.699472738046013E+002  0.467843225826966E+000  0.183281256089090E+001  0.274980672214867E+000 -0.130065578671787E+001 -0.762657020629066E+001 -0.119519585016384E+004
  0.100000000000000E+001  0.183652853088806E+004  0.943940012869158E+002  0.276937599705008E+001  0.235143276794191E+001  0.693004555824809E+000 -0.412080876499199E+001 -0.762657020629066E+001 -0.918264265444030E+003
  0.100000000000000E+001  0.271900788336019E+003  0.821911099378623E+002  0.148069475507794E+001 -0.137476252394631E+000  0.169430079630103E+001 -0.343218502683309E+000 -0.762657020629066E+001 -0.135950394168009E+003
  0.100000000000000E+001  0.193381071812372E+005  0.782445600162577E+002  0.835428608380244E+000 -0.270873180348132E+001  0.232692923828938E+000  0.287330319510108E+001 -0.762657020629066E+001 -0.966905359061862E+004
  0.100000000000000E+001  0.183902254294431E+004  0.470751451248768E+002  0.948250632442283E+000  0.799863181819345E+000  0.127006991037071E+000 -0.748113814261628E+000 -0.762657020629066E+001 -0.919511271472153E+003
  0.100000000000000E+001  0.120621128579414E+003  0.948538239695080E+002  0.674100205159454E+000  0.184603284093692E+001  0.567088328321436E+000 -0.152013304609637E+001 -0.762657020629066E+001 -0.603105642897070E+002
  0.100000000000000E+001  0.504850560064331E+003  0.907039577630348E+002  0.489264035223652E+000 -0.153549694389849E+001  0.134615869849635E+001  0.204623290867484E+001 -0.762657020629066E+001 -0.252425280032166E+003
  0.100000000000000E+001  0.925911141019840E+004  0.980809949893023E+002  0.241267787544992E+001 -0.242465753813021E+001  0.600859928475593E+000  0.101197966268029E+001 -0.762657020629066E+001 -0.462955570509920E+004
  0.100000000000000E+001  0.105198199839981E+003  0.994009128663056E+002  0.571567253955063E+000  0.117540545211791E+001  0.851883872075673E+000 -0.746972706072976E+000 -0.762657020629066E+001 -0.525990999199907E+002
  0.100000000000000E+001  0.569833050092440E+004  0.584467601886408E+002  0.260250144367576E+001 -0.237304339611663E+001  0.370092473457206E+000  0.770541952440875E+000 -0.762657020629066E+001 -0.284916525046220E+004
  0.100000000000000E+001  0.481271704263356E+003  0.565575963192154E+002  0.254921220611387E+001 -0.962839181014904E+000  0.100963368906617E+001 -0.586373025098970E+000 -0.762657020629066E+001 -0.240635852131678E+003
  0.100000000000000E+001  0.144105604008143E+003  0.737256789375211E+002  0.257524616354871E+001  0.217207146315745E+001  0.188467423178889E+001 -0.374731762670615E+001 -0.762657020629066E+001 -0.720528020040715E+002
  0.100000000000000E+001  0.766106773761477E+005  0.625334556789494E+002  0.268590044080954E+001 -0.193923930246116E+001  0.109282325041573E+000  0.253338861651615E+000 -0.762657020629066E+001 -0.383053386880738E+005
  0.100000000000000E+001  0.763041159374311E+002  0.405936395332509E+002  0.153410417974709E+001 -0.139667080782964E+001  0.116657949580915E+001  0.862566628082551E+000 -0.762657020629066E+001 -0.381520579687156E+002
  0.100000000000000E+001  0.145046884452131E+004  0.755654446839286E+002  0.735913687758735E+000 -0.112749247496839E+001  0.556536733982957E+000  0.139157878720965E+001 -0.762657020629066E+001 -0.725234422260655E+003
  0.100000000000000E+001  0.469179377030209E+004  0.663648978897459E+002  0.278132169274766E+001 -0.280380056823816E+001  0.532738743681932E+000  0.102247887549050E+001 -0.762657020629066E+001 -0.234589688515104E+004
  0.100000000000000E+001  0.225767302340809E+005  0.828256536618403E+002  0.204816855556579E+001  0.136706482977195E+001  0.150584316169212E+000 -0.241523338533774E+001 -0.762657020629066E+001 -0.112883651170405E+005
  0.100000000000000E+001  0.410066674125118E+004  0.892983913144971E+002  0.175919790411909E+001 -0.254038541372655E+001  0.724865962678902E+000  0.178118750960746E+001 -0.762657020629066E+001 -0.205033337062559E+004
  0.100000000000000E+001  0.178042766205548E+003  0.744022997280535E+002  0.136457257683490E+001  0.171724201856861E+000  0.156846154980681E+001 -0.536296778691757E+000 -0.762657020629066E+001 -0.890213831027742E+002
  0.100000000000000E+001  0.739569760476702E+003  0.919035954386275E+002  0.247097334334771E+001 -0.174080796236628E+001  0.189815257265537E+001  0.269834619018569E+000 -0.762657020629066E+001 -0.369784880238351E+003
  0.100000000000000E+001  0.220764600784815E+004  0.799730917812597E+002  0.271737433726962E+001 -0.277148623355126E+001  0.100665100916634E+001  0.105411189628164E+001 -0.762657020629066E+001 -0.110382300392407E+004
  0.100000000000000E+001  0.969010456498802E+002  0.400528660127746E+002  0.285040672074413E+001 -0.230946076733836E-001  0.123673056763553E+001 -0.182731211307075E+001 -0.762657020629066E+001 -0.484505228249401E+002
  0.100000000000000E+001  0.604336931059129E+002  0.528482054214715E+002  0.616962511292657E+000  0.142303090493157E+001  0.105277148013779E+001 -0.103999341622422E+001 -0.762657020629066E+001 -0.302168465529564E+002
  0.100000000000000E+001  0.282025710809284E+004  0.807690470466598E+002  0.292078559283070E+001 -0.281421690600257E+001  0.930035227504277E+000  0.893431313171861E+000 -0.762657020629066E+001 -0.141012855404642E+004
  0.100000000000000E+001  0.537179426543291E+003  0.995832037469184E+002  0.768034426373523E+000 -0.172721920522072E+001  0.174498434475687E+001  0.195918477884720E+001 -0.762657020629066E+001 -0.268589713271645E+003
  0.100000000000000E+001  0.115851493491005E+003  0.724085414493966E+002  0.254284773045699E+001  0.290066885869854E+001  0.156361870246280E+001 -0.444351658915553E+001 -0.762657020629066E+001 -0.579257467455024E+002
  0.100000000000000E+001  0.425228011371087E+004  0.963687130526772E+002  0.853299354850060E+000 -0.185295210017704E+001  0.594521692190712E+000  0.199965274532698E+001 -0.762657020629066E+001 -0.212614005685543E+004
  0.100000000000000E+001  0.785547055751949E+002  0.446614927029475E+002  0.238772594718482E+001  0.286791522555524E+001  0.916186167789361E+000 -0.425564117274006E+001 -0.762657020629066E+001 -0.392773527875974E+002
  0.100000000000000E+001  0.174967321153482E+005  0.856834985321350E+002  0.186852370664925E+001 -0.108372933682155E+001  0.280905200044296E+000  0.215205630172297E+000 -0.762657020629066E+001 -0.874836605767411E+004
  0.100000000000000E+001  0.130032495788637E+004  0.938737123177248E+002  0.222998259355987E+001 -0.222534818761819E+000  0.113544755947726E+001 -0.100744777479805E+001 -0.762657020629066E+001 -0.650162478943185E+003
  0.100000000000000E+001  0.174891751955594E+003  0.916963654313942E+002  0.187670768401909E+001  0.271329046207100E+001  0.108000996610551E+001 -0.358999814609009E+001 -0.762657020629066E+001 -0.874458759777968E+002
  0.100000000000000E+001  0.148762361966936E+003  0.719277787583494E+002  0.266606603023139E+001  0.245318906218513E+001  0.163943701980114E+001 -0.411925509241652E+001 -0.762657020629066E+001 -0.743811809834682E+002
  0.100000000000000E+001  0.472648145389193E+002  0.804776309358467E+002  0.832944372006900E-001  0.889313832377958E+000  0.146716682432769E+001  0.273917304213523E-001 -0.762657020629066E+001 -0.236324072694597E+002
  0.100000000000000E+001  0.133095043288252E+005  0.440683295676127E+002  0.281194163023872E+001  0.508878958367512E+000  0.103805031720673E+000 -0.232082058860624E+001 -0.762657020629066E+001 -0.665475216441258E+004
  0.100000000000000E+001  0.415124889925990E+003  0.475626833529882E+002  0.294708516162236E+001 -0.205359265829962E+001  0.100721013788679E+001  0.106507496677266E+000 -0.762657020629066E+001 -0.207562444962995E+003
  0.100000000000000E+001  0.523276784275286E+003  0.922380985607987E+002  0.199230714059322E+001  0.432167714607406E+000  0.148829738734845E+001 -0.142447485520063E+001 -0.762657020629066E+001 -0.261638392137643E+003
  0.100000000000000E+001  0.171746993214867E+005  0.889342037880003E+002  0.295955871636201E+001 -0.219997505846613E+001  0.409798960309101E+000  0.240416342104116E+000 -0.762657020629066E+001 -0.858734966074335E+004
  0.100000000000000E+001  0.181882892408138E+004  0.462601788129730E+002  0.151334589919923E+001  0.196442319599722E+001  0.162899485837669E+000 -0.247776909519646E+001 -0.762657020629066E+001 -0.909414462040691E+003
  0.100000000000000E+001  0.545335091987816E+002  0.529214171136401E+002  0.148034868166942E+001  0.186179915721834E+001  0.195964979487512E+001 -0.234214783888776E+001 -0.762657020629066E+001 -0.272667545993908E+002
  0.100000000000000E+001  0.101111122403099E+003  0.892324594037965E+002  0.198406659542157E+000 -0.562038592642802E-001  0.155934968929243E+001  0.857797199722124E+000 -0.762657020629066E+001 -0.505555612015493E+002
  0.100000000000000E+001  0.110560005470583E+003  0.579701394129976E+002  0.888918969973311E+000  0.132160713157523E-001  0.771930166454584E+000  0.978649587109368E-001 -0.762657020629066E+001 -0.552800027352917E+002
  0.100000000000000E+001  0.376975630386294E+002  0.590785692052078E+002  0.673723199695590E+000  0.325907336376959E+000  0.124535524200537E+001  0.369463927451630E-003 -0.762657020629066E+001 -0.188487815193147E+002
  0.100000000000000E+001  0.110870543609118E+004  0.868256637813351E+002  0.295754746732142E+001 -0.256579072053625E+001  0.163651108862983E+001  0.608243253214837E+000 -0.762657020629066E+001 -0.554352718045592E+003
  0.100000000000000E+001  0.305992384145982E+002  0.418016503757680E+002  0.219377654830568E+000 -0.110577797970115E+001  0.881741670512990E+000  0.188640032487058E+001 -0.762657020629066E+001 -0.152996192072991E+002
  0.100000000000000E+001  0.180294111845059E+003  0.577459423531505E+002  0.299464017587836E+001  0.120778953823312E+001  0.146644952779139E+001 -0.320242971411148E+001 -0.762657020629066E+001 -0.901470559225295E+002
  0.100000000000000E+001  0.590474019127775E+002  0.901471421580895E+002  0.567064186406903E+000  0.102986351945980E+001  0.179219400646000E+001 -0.596927705866703E+000 -0.762657020629066E+001 -0.295237009563887E+002
  0.100000000000000E+001  0.200132088286365E+003  0.500337845356933E+002  0.425027278810075E+000  0.140502785590177E+001  0.716420952492774E+000 -0.830055134711847E+000 -0.762657020629066E+001 -0.100066044143182E+003
  0.100000000000000E+001  0.654193555748791E+004  0.927519923138576E+002  0.128854155501028E+001  0.182186719634978E+001  0.156536800963697E+000 -0.211040875136006E+001 -0.762657020629066E+001 -0.327096777874395E+004
  0.100000000000000E+001  0.269046330286308E+003  0.407390928511948E+002  0.117134605506709E+001 -0.225952886015196E+001  0.569485283387561E+000  0.208818280508487E+001 -0.762657020629066E+001 -0.134523165143154E+003
  0.100000000000000E+001  0.522725829138318E+003  0.657946557748299E+002  0.961674370099696E+000  0.226435846078657E+000  0.466451938512000E+000 -0.188110216178354E+000 -0.762657020629066E+001 -0.261362914569159E+003
  0.100000000000000E+001  0.222545190728669E+004  0.686758892379659E+002  0.262812235656701E+001 -0.204087733185416E+001  0.738069598243101E+000  0.412754975287151E+000 -0.762657020629066E+001 -0.111272595364334E+004
  0.100000000000000E+001  0.253536667871259E+003  0.581396710823393E+002  0.203807694180466E+001 -0.152181620738393E+001  0.147353077285026E+001  0.483739265579274E+000 -0.762657020629066E+001 -0.126768333935629E+003
  0.100000000000000E+001  0.169583176335803E+004  0.583013126609373E+002  0.294134234273792E+001  0.201704543342404E+001  0.368067154989914E+000 -0.395838777616197E+001 -0.762657020629066E+001 -0.847915881679014E+003
  0.100000000000000E+001  0.570376754736595E+003  0.921736676110842E+002  0.263609110615796E+001  0.195868636202740E+001  0.127152067394523E+001 -0.359477746818536E+001 -0.762657020629066E+001 -0.285188377368298E+003
  0.100000000000000E+001  0.120384042667868E+004  0.922128340913125E+002  0.186859400584138E+001  0.501714435427388E+000  0.900216916737531E+000 -0.137030844126877E+001 -0.762657020629066E+001 -0.601920213339341E+003
  0.100000000000000E+001  0.630489594242123E+003  0.515015640168274E+002  0.197763971636452E+001 -0.609548622231028E+000  0.578115493318745E+000 -0.368091094133493E+000 -0.762657020629066E+001 -0.315244797121061E+003
  0.100000000000000E+001  0.236357169937118E+003  0.615321642445830E+002  0.225023662859822E+001  0.131243742030717E+001  0.957630817493179E+000 -0.256267404890539E+001 -0.762657020629066E+001 -0.118178584968559E+003
  0.100000000000000E+001  0.531624069254173E+002  0.461177867622052E+002  0.156090358519468E+001  0.443611961308461E+000  0.151142189003722E+001 -0.100451554650314E+001 -0.762657020629066E+001 -0.265812034627087E+002
  0.100000000000000E+001  0.149692102995382E+003  0.748738191558187E+002  0.135897792108489E+000  0.104671198494918E+000  0.450309259424048E+000  0.759431009396593E+000 -0.762657020629066E+001 -0.748460514976908E+002
  0.100000000000000E+001  0.565387697754356E+002  0.483685515210934E+002  0.136070652222206E+001  0.217398963503979E+001  0.117967448169665E+001 -0.253469615726185E+001 -0.762657020629066E+001 -0.282693848877178E+002
  0.100000000000000E+001  0.809374583642340E+002  0.734878807102986E+002  0.964731343005203E+000  0.848501116885515E+000  0.122375580126137E+001 -0.813232459890718E+000 -0.762657020629066E+001 -0.404687291821170E+002
  0.100000000000000E+001  0.384037377709379E+003  0.729521022467910E+002  0.198257055882633E+001 -0.226936838389726E+000  0.135572042933459E+001 -0.755633720436607E+000 -0.762657020629066E+001 -0.192018688854690E+003
  0.100000000000000E+001  0.965611636131715E+003  0.782525877175178E+002  0.133175759861520E+001 -0.495989693855631E+000  0.788556058368382E+000  0.164232095240430E+000 -0.762657020629066E+001 -0.482805818065857E+003
  0.100000000000000E+001  0.272630180635623E+004  0.519566017868674E+002  0.183843131713389E+001  0.207043597607317E+001  0.132605438061930E+000 -0.290886729320707E+001 -0.762657020629066E+001 -0.136315090317812E+004
  0.100000000000000E+001  0.450116138704651E+003  0.473718665156176E+002  0.108966466341545E+001  0.245051219423953E+001  0.558646276998618E+000 -0.254017685765498E+001 -0.762657020629066E+001 -0.225058069352325E+003
  0.100000000000000E+001  0.135539578231922E+003  0.411893383348380E+002  0.281118215418517E+001 -0.178129048279063E+001  0.140594912358972E+001 -0.298916713945370E-001 -0.762657020629066E+001 -0.677697891159610E+002
  0.100000000000000E+001  0.889614124669144E+005  0.975490040463333E+002  0.243978041892837E+001 -0.100655683715506E+001  0.167281660232079E+000 -0.433223581773317E+000 -0.762657020629066E+001 -0.444807062334572E+005
  0.100000000000000E+001  0.109433224584881E+004  0.926624182567153E+002  0.296472427671257E+001 -0.401330082171896E+000  0.146131330922599E+001 -0.156339419454068E+001 -0.762657020629066E+001 -0.547166122924406E+003
  0.100000000000000E+001  0.457784442477928E+003  0.578159910916731E+002  0.245397073456318E+001 -0.173653709600711E+001  0.117962605359843E+001  0.282566361443929E+000 -0.762657020629066E+001 -0.228892221238964E+003
  0.100000000000000E+001  0.416125977714119E+004  0.768155935688043E+002  0.118674813663752E+001 -0.263145354142584E+001  0.520973038462005E+000  0.244470540478833E+001 -0.762657020629066E+001 -0.208062988857060E+004
  0.100000000000000E+001  0.819591563946214E+003  0.993434538507084E+002  0.953114314886969E+000 -0.264589871962543E+001  0.167653843549753E+001  0.269278440473846E+001 -0.762657020629066E+001 -0.409795781973107E+003
  0.100000000000000E+001  0.221143813059809E+003  0.801200488211250E+002  0.180266346690269E+001  0.597110314751664E+000  0.174325657214185E+001 -0.139977378165435E+001 -0.762657020629066E+001 -0.110571906529905E+003
  0.100000000000000E+001  0.527808129906176E+003  0.520215650493549E+002  0.642490389304859E+000  0.876539983324980E+000  0.210553863839912E+000 -0.519030372629840E+000 -0.762657020629066E+001 -0.263904064953088E+003
  0.100000000000000E+001  0.566576354852918E+002  0.409162066301514E+002  0.647721771119017E+000 -0.200675203386735E+001  0.177260646032543E+001  0.235903026274833E+001 -0.762657020629066E+001 -0.283288177426459E+002
  0.100000000000000E+001  0.858711844459430E+004  0.938840589759220E+002  0.273478942635943E+001 -0.125391632790391E+001  0.551744430866618E+000 -0.480873098455519E+000 -0.762657020629066E+001 -0.429355922229715E+004
  0.100000000000000E+001  0.127897638590178E+004  0.913994588980888E+002  0.239381156349916E+001  0.349130639612822E+000  0.104676603903790E+001 -0.174294220311198E+001 -0.762657020629066E+001 -0.639488192950889E+003
  0.100000000000000E+001  0.160442850197188E+004  0.612897325230521E+002  0.248816641507769E+001  0.118650348793219E+001  0.415038634887434E+000 -0.267466990300988E+001 -0.762657020629066E+001 -0.802214250985942E+003
  0.100000000000000E+001  0.261948160838021E+003  0.466063265328316E+002  0.232623530877507E+001 -0.198253159681567E+000  0.769482524589313E+000 -0.112798214909351E+001 -0.762657020629066E+001 -0.130974080419011E+003
  0.100000000000000E+001  0.482749790268369E+004  0.875501601649086E+002  0.167365292801878E+001  0.104822733608459E+001  0.325714723204343E+000 -0.172188026410336E+001 -0.762657020629066E+001 -0.241374895134185E+004
  0.100000000000000E+001  0.177807538301687E+003  0.755893240134127E+002  0.417107069354503E+000  0.155154570832742E+001  0.623042486462490E+000 -0.968652777681921E+000 -0.762657020629066E+001 -0.889037691508436E+002
  0.100000000000000E+001  0.889563211097143E+002  0.406753836647914E+002  0.288714041449743E+001  0.232933304216095E+001  0.884549479226950E+000 -0.421647345665838E+001 -0.762657020629066E+001 -0.444781605548572E+002
  0.100000000000000E+001  0.889359527910233E+002  0.695373866667790E+002  0.127495580230545E+001  0.929317010190314E+000  0.142345908645004E+001 -0.120427281249576E+001 -0.762657020629066E+001 -0.444679763955117E+002
  0.100000000000000E+001  0.639341347353556E+002  0.403946658324907E+002  0.208234800584414E+001 -0.147499634922315E+000  0.177091380416614E+001 -0.934848370921822E+000 -0.762657020629066E+001 -0.319670673676778E+002
  0.100000000000000E+001  0.115005325771221E+004  0.877069931025231E+002  0.816613418349764E+000 -0.149039181827428E+001  0.914700501393642E+000  0.167377839992452E+001 -0.762657020629066E+001 -0.575026628856103E+003
  0.100000000000000E+001  0.457546388820050E+003  0.897224059416110E+002  0.213744174185583E+001  0.141935238629399E+001  0.126877465708351E+001 -0.255679412814982E+001 -0.762657020629066E+001 -0.228773194410025E+003
  0.100000000000000E+001  0.453008968500003E+002  0.612184394376533E+002  0.113366317772163E+000  0.617281828111985E+000  0.701982648029441E+000  0.269351854115852E+000 -0.762657020629066E+001 -0.226504484250002E+002
  0.100000000000000E+001  0.191639258984472E+003  0.683459971697573E+002  0.185999755595632E+001  0.712776639184560E+000  0.134875475531717E+001 -0.157277419514088E+001 -0.762657020629066E+001 -0.958196294922361E+002
  0.100000000000000E+001  0.118662018849089E+004  0.615244184142278E+002  0.217020420277107E+001 -0.269770953156430E+001  0.845372343016840E+000  0.152750532879323E+001 -0.762657020629066E+001 -0.593310094245447E+003
  0.100000000000000E+001  0.105301706320537E+003  0.525116179683778E+002  0.279161662210912E+001  0.182307366634219E+001  0.136605288007582E+001 -0.361469028845131E+001 -0.762657020629066E+001 -0.526508531602686E+002
  0.100000000000000E+001  0.126603836498736E+003  0.997224695120329E+002  0.211273279620560E+000 -0.283963369940090E-001  0.180388318917171E+001  0.817123057373449E+000 -0.762657020629066E+001 -0.633019182493679E+002
  0.100000000000000E+001  0.104143464204344E+004  0.714548374227263E+002  0.269989465381218E+001 -0.903941914823963E+000  0.102630888128065E+001 -0.795952738988213E+000 -0.762657020629066E+001 -0.520717321021722E+003
  0.100000000000000E+001  0.178514608260668E+003  0.673022839111642E+002  0.133720649896944E+001 -0.119002390879388E+001  0.190115393122657E+001  0.852817409824447E+000 -0.762657020629066E+001 -0.892573041303342E+002
  0.100000000000000E+001  0.210497854356911E+004  0.731697863712835E+002  0.295977738896247E+001 -0.100303046733544E+001  0.791259573364291E+000 -0.956746921627039E+000 -0.762657020629066E+001 -0.105248927178456E+004
  0.100000000000000E+001  0.131084944572520E+003  0.685911069555435E+002  0.243820347772653E+001  0.220467835681247E+001  0.151239057072010E+001 -0.364288183453900E+001 -0.762657020629066E+001 -0.655424722862600E+002
  0.100000000000000E+001  0.235159683948947E+003  0.647212165736307E+002  0.238773481619522E+001  0.247868825824220E-001  0.159674584356993E+001 -0.141252169877764E+001 -0.762657020629066E+001 -0.117579841974474E+003
  0.100000000000000E+001  0.987014191711083E+002  0.663763492863739E+002  0.638376464057871E+000  0.116404034717663E+001  0.304608122413045E+000 -0.802416811234501E+000 -0.762657020629066E+001 -0.493507095855541E+002
  0.100000000000000E+001  0.816444042159713E+003  0.726947648763079E+002  0.274281009005732E+001  0.215699630994513E+001  0.696807220100599E+000 -0.389980640000245E+001 -0.762657020629066E+001 -0.408222021079857E+003
  0.100000000000000E+001  0.855899088417272E+002  0.501060629260990E+002  0.136998534726442E+001 -0.848324138748890E+000  0.157147926947541E+001  0.478338791484472E+000 -0.762657020629066E+001 -0.427949544208636E+002
  0.100000000000000E+001  0.141240340072305E+003  0.466074473654023E+002  0.986390547380181E+000 -0.256351210802900E+001  0.112557246052718E+001  0.257712156064882E+001 -0.762657020629066E+001 -0.706201700361523E+002
  0.100000000000000E+001  0.857907051713911E+004  0.682512572480637E+002  0.151156444347617E+001 -0.835103275342138E+000  0.240368396751438E+000  0.323538831865970E+000 -0.762657020629066E+001 -0.428953525856955E+004
  0.100000000000000E+001  0.378145339786499E+003  0.721998751315191E+002  0.202817651473077E+001 -0.124135631907459E+000  0.133422370736038E+001 -0.904040882823315E+000 -0.762657020629066E+001 -0.189072669893250E+003
  0.100000000000000E+001  0.921038965870556E+003  0.603670808562422E+002  0.265000405419878E+001 -0.516980839022558E+000  0.775471353001993E+000 -0.113302321517622E+001 -0.762657020629066E+001 -0.460519482935278E+003
  0.100000000000000E+001  0.569112986720384E+002  0.503491979728703E+002  0.101043126160506E+001 -0.292344214081752E+000  0.162873250342197E+001  0.281912952476695E+000 -0.762657020629066E+001 -0.284556493360192E+002
  0.100000000000000E+001  0.127976616801885E+004  0.988750837500676E+002  0.241578346975122E+001 -0.160370739049335E+001  0.152836564157659E+001  0.187923920742133E+000 -0.762657020629066E+001 -0.639883084009427E+003
  0.100000000000000E+001  0.132044402937116E+003  0.544705396038244E+002  0.267363550978841E+001  0.115102317381414E+001  0.142024019227048E+001 -0.282465868360255E+001 -0.762657020629066E+001 -0.660222014685580E+002
  0.100000000000000E+001  0.110963882674873E+005  0.919003370697797E+002  0.252892919707334E+001 -0.147715018970316E+001  0.466316147369508E+000 -0.517790073701765E-001 -0.762657020629066E+001 -0.554819413374364E+004
  0.100000000000000E+001  0.126749531936655E+004  0.760076342457928E+002  0.364637412578573E+000 -0.951315421076099E+000  0.468693090865976E+000  0.158667800849753E+001 -0.762657020629066E+001 -0.633747659683276E+003
  0.100000000000000E+001  0.151233510827654E+005  0.806846352784879E+002  0.640560783000983E+000 -0.127127788648177E+001  0.195490054820659E+000  0.163071710348079E+001 -0.762657020629066E+001 -0.756167554138272E+004
  0.100000000000000E+001  0.209365780934616E+004  0.989251704385955E+002  0.122516589200286E+001 -0.230673732667859E+001  0.103251152010023E+001  0.208157143467573E+001 -0.762657020629066E+001 -0.104682890467308E+004
  0.100000000000000E+001  0.377379966850171E+002  0.531820280640534E+002  0.135662376983729E+001  0.134778363907159E+001  0.100175276860784E+001 -0.170440740890888E+001 -0.762657020629066E+001 -0.188689983425085E+002
  0.100000000000000E+001  0.806109017312050E+002  0.551569174922076E+002  0.640042319461508E+000  0.182033938215410E+001  0.143552354732206E+001 -0.146038170161561E+001 -0.762657020629066E+001 -0.403054508656025E+002
  0.100000000000000E+001  0.130271771538442E+004  0.433141829371600E+002  0.217707360080250E+001  0.148347807550225E+001  0.208548036781564E+000 -0.266055167630475E+001 -0.762657020629066E+001 -0.651358857692211E+003
  0.100000000000000E+001  0.455441671727329E+003  0.968362421913329E+002  0.293107291758610E+001  0.126346053246616E+001  0.199680438060373E+001 -0.319453345005226E+001 -0.762657020629066E+001 -0.227720835863665E+003
  0.100000000000000E+001  0.824098873258335E+003  0.778042531065549E+002  0.104274704192744E+001 -0.218698591210788E+001  0.108893105455130E+001  0.214423887018044E+001 -0.762657020629066E+001 -0.412049436629167E+003
  0.100000000000000E+001  0.838424199358417E+003  0.771480429697136E+002  0.672383272001523E+000 -0.171348298292847E+000  0.519646274397065E+000  0.498965026291324E+000 -0.762657020629066E+001 -0.419212099679208E+003
  0.100000000000000E+001  0.360851490328084E+002  0.512742809560952E+002  0.458048130539549E+000  0.216991928838513E+000  0.148171068298334E+001  0.324959940621938E+000 -0.762657020629066E+001 -0.180425745164042E+002
  0.100000000000000E+001  0.113179967902886E+004  0.608418486202773E+002  0.185542890521293E+001 -0.167457488540178E+001  0.691840391186727E+000  0.819145980188855E+000 -0.762657020629066E+001 -0.565899839514431E+003
  0.100000000000000E+001  0.194767431507980E+003  0.529742552297306E+002  0.235056409769019E+001 -0.114075307617674E+001  0.148633863308569E+001 -0.209811021513447E+000 -0.762657020629066E+001 -0.973837157539902E+002
  0.100000000000000E+001  0.215733477773921E+003  0.621968246225658E+002  0.103171720700420E+001 -0.196684863116311E+001  0.148189751769290E+001  0.193513142415891E+001 -0.762657020629066E+001 -0.107866738886960E+003
  0.100000000000000E+001  0.442226586178175E+003  0.666897706403420E+002  0.189454770305084E+001  0.113101522291301E+000  0.947959638245388E+000 -0.100764922534214E+001 -0.762657020629066E+001 -0.221113293089088E+003
  0.100000000000000E+001  0.474278087423649E+002  0.423077476901179E+002  0.149696109504741E+001  0.131934440503605E+001  0.151585741137452E+001 -0.181630550008346E+001 -0.762657020629066E+001 -0.237139043711824E+002
  0.100000000000000E+001  0.693052554635690E+002  0.574707636428904E+002  0.969733827355940E+000 -0.340671028713855E-001  0.129242600208872E+001  0.643332755154453E-001 -0.762657020629066E+001 -0.346526277317845E+002
  0.100000000000000E+001  0.734332591580710E+003  0.502955222975754E+002  0.843255560230357E+000  0.171126417143655E+001  0.294482675536687E+000 -0.155451973166690E+001 -0.762657020629066E+001 -0.367166295790355E+003
  0.100000000000000E+001  0.100772980517281E+004  0.572664736939941E+002  0.243706654653792E+001 -0.209295280179934E+001  0.799013335720442E+000  0.655886255261421E+000 -0.762657020629066E+001 -0.503864902586407E+003
  0.100000000000000E+001  0.100041026349295E+003  0.653527590912962E+002  0.127321344451330E+001  0.271243093734918E+001  0.109572765022997E+001 -0.298564438186249E+001 -0.762657020629066E+001 -0.500205131746477E+002
  0.100000000000000E+001  0.181334138733485E+003  0.452183533264936E+002  0.163582730505184E+001 -0.200149990980156E+001  0.100837928189043E+001  0.136567260474972E+001 -0.762657020629066E+001 -0.906670693667423E+002
  0.100000000000000E+001  0.123451020915960E+005  0.960700604342782E+002  0.263200882341744E+001  0.188296264614410E+001  0.290837008142709E+000 -0.351497146956154E+001 -0.762657020629066E+001 -0.617255104579798E+004
  0.100000000000000E+001  0.144363824940822E+004  0.992686047283314E+002  0.204657743324681E+001 -0.499007270135978E+000  0.116503351414800E+001 -0.547570163110835E+000 -0.762657020629066E+001 -0.721819124704110E+003
  0.100000000000000E+001  0.491364979174540E+003  0.546680968934488E+002  0.149908118529603E+001  0.276599009564086E+001  0.408459424746926E+000 -0.326507128093688E+001 -0.762657020629066E+001 -0.245682489587270E+003
  0.100000000000000E+001  0.885826105635699E+003  0.757342732403332E+002  0.273322144293403E+000 -0.279836933432677E+001  0.899656443122507E+000  0.352504719003337E+001 -0.762657020629066E+001 -0.442913052817849E+003
  0.100000000000000E+001  0.413875989981093E+002  0.412531839975740E+002  0.339620102739678E+000 -0.659282637459105E+000  0.704648479120889E+000  0.131966253471943E+001 -0.762657020629066E+001 -0.206937994990546E+002
  0.100000000000000E+001  0.222074526147871E+003  0.563066358623932E+002  0.260050415736321E+001 -0.132867962567902E+001  0.170981857992260E+001 -0.271824531684192E+000 -0.762657020629066E+001 -0.111037263073935E+003
  0.100000000000000E+001  0.296493580153941E+004  0.963299248999833E+002  0.174701582393975E+001 -0.131956610144115E+001  0.814122489840119E+000  0.572550277501400E+000 -0.762657020629066E+001 -0.148246790076971E+004
  0.100000000000000E+001  0.246089207466058E+003  0.615758166621961E+002  0.233369064729733E+001 -0.140798434740923E+001  0.179370508287477E+001  0.742937001118957E-001 -0.762657020629066E+001 -0.123044603733029E+003
  0.100000000000000E+001  0.182445845530867E+003  0.656413843536350E+002  0.192816494323365E+001  0.348996383325574E+000  0.149104468741400E+001 -0.127716132655922E+001 -0.762657020629066E+001 -0.912229227654336E+002
  0.100000000000000E+001  0.230774368856376E+003  0.799284655898560E+002  0.128463651960314E+001  0.937522706794015E+000  0.103398327197604E+001 -0.122215922639716E+001 -0.762657020629066E+001 -0.115387184428188E+003
  0.100000000000000E+001  0.233267647501002E+003  0.453409171391313E+002  0.107200739727061E+001 -0.278401543769270E+001  0.845440691767634E+000  0.271200804042209E+001 -0.762657020629066E+001 -0.116633823750501E+003
  0.100000000000000E+001  0.505243623962248E+002  0.588974153199158E+002  0.899930583058125E+000  0.457662791542418E+000  0.158804919806606E+001 -0.357593374600543E+000 -0.762657020629066E+001 -0.252621811981124E+002
  0.100000000000000E+001  0.874733401700861E+002  0.523549243706075E+002  0.518911223748946E+000  0.176768713450510E+001  0.189644500536050E+001 -0.128659835825405E+001 -0.762657020629066E+001 -0.437366700850430E+002
  0.100000000000000E+001  0.744147473554652E+003  0.913788798494993E+002  0.287799467281866E+001  0.125770048424311E+001  0.136263569147125E+001 -0.313569515706177E+001 -0.762657020629066E+001 -0.372073736777326E+003
  0.100000000000000E+001  0.291596800733775E+004  0.736815666519362E+002  0.245432921953839E+001 -0.171555600881289E+001  0.670787213639125E+000  0.261226789274499E+000 -0.762657020629066E+001 -0.145798400366888E+004
  0.100000000000000E+001  0.546890829022759E+003  0.848761067161578E+002  0.119176093054399E+001 -0.184922264298391E+001  0.154013480722584E+001  0.165746171243993E+001 -0.762657020629066E+001 -0.273445414511379E+003
  0.100000000000000E+001  0.359871187133097E+003  0.859783290396209E+002  0.292541518245487E+001  0.107061720535716E+001  0.196993697879152E+001 -0.299603238781203E+001 -0.762657020629066E+001 -0.179935593566548E+003
  0.100000000000000E+001  0.293102157615064E+003  0.893090634870641E+002  0.191585174352894E+000 -0.966615547400297E+000  0.127544181043172E+001  0.177503037304740E+001 -0.762657020629066E+001 -0.146551078807532E+003
  0.100000000000000E+001  0.602865849740861E+003  0.581767901784714E+002  0.268107581451831E+001  0.207488726860662E+000  0.807247387626025E+000 -0.188856454137897E+001 -0.762657020629066E+001 -0.301432924870431E+003
  0.100000000000000E+001  0.781856256915154E+002  0.576035057732605E+002  0.492744503409074E+000 -0.102887183843388E+001  0.135929449622641E+001  0.153612733502480E+001 -0.762657020629066E+001 -0.390928128457577E+002
  0.100000000000000E+001  0.360516448090524E+003  0.609016888902616E+002  0.661975867464026E+000  0.403303395455247E+000  0.283487295987056E+000 -0.652792629192739E-001 -0.762657020629066E+001 -0.180258224045262E+003
  0.100000000000000E+001  0.761931895765893E+002  0.541799535754585E+002  0.320305848058040E+000 -0.121545279006860E+001  0.975234158397327E+000  0.189514694201056E+001 -0.762657020629066E+001 -0.380965947882946E+002
  0.100000000000000E+001  0.803959070459259E+003  0.719506233311534E+002  0.153376435131231E+001 -0.290670057877094E+001  0.120820682789644E+001  0.237293622745863E+001 -0.762657020629066E+001 -0.401979535229630E+003
  0.100000000000000E+001  0.208500677901171E+005  0.840010074590851E+002  0.275640528904121E+000 -0.168420368669882E+001  0.171989833793846E+000  0.240856315779470E+001 -0.762657020629066E+001 -0.104250338950585E+005
  0.100000000000000E+001  0.657392036586199E+004  0.606525067620128E+002  0.158552981281989E+001  0.866299365535850E+000  0.137725797115013E+000 -0.145182917835574E+001 -0.762657020629066E+001 -0.328696018293100E+004
  0.100000000000000E+001  0.883691893756163E+002  0.639967443654235E+002  0.188021291480549E+001  0.243442591469131E+001  0.825737775709807E+000 -0.331463882949681E+001 -0.762657020629066E+001 -0.441845946878082E+002
  0.100000000000000E+001  0.716328109132588E+002  0.990504774253503E+002  0.137366304936581E+001  0.249351993111261E+001  0.174106841262194E+001 -0.286718298047842E+001 -0.762657020629066E+001 -0.358164054566294E+002
  0.100000000000000E+001  0.404221926073656E+004  0.813211692086845E+002  0.285718570956811E+001 -0.573517338699194E+000  0.622575410886310E+000 -0.128366837086892E+001 -0.762657020629066E+001 -0.202110963036828E+004
  0.100000000000000E+001  0.630442147521008E+002  0.587635933339066E+002  0.849825603861936E+000  0.321772238466798E-001  0.121584304773127E+001  0.117997172291384E+000 -0.762657020629066E+001 -0.315221073760504E+002
  0.100000000000000E+001  0.870197654643362E+003  0.835104462984229E+002  0.924740768346457E+000  0.623369621393570E+000  0.494531986449238E+000 -0.548110389740027E+000 -0.762657020629066E+001 -0.435098827321681E+003
  0.100000000000000E+001  0.329942117027478E+002  0.841492951997132E+002  0.170098512606330E+000  0.588518088763380E+000  0.822829493067899E+000  0.241383398630289E+000 -0.762657020629066E+001 -0.164971058513739E+002
  0.100000000000000E+001  0.525668871937167E+004  0.902693395733075E+002  0.160957238239813E+001 -0.209857655446857E+001  0.599923397851221E+000  0.148900417207044E+001 -0.762657020629066E+001 -0.262834435968584E+004
  0.100000000000000E+001  0.177092168009769E+003  0.911516307404821E+002  0.196673610481703E+001  0.175474109517342E+001  0.197646001593647E+001 -0.272147719999045E+001 -0.762657020629066E+001 -0.885460840048844E+002
  0.100000000000000E+001  0.766464553172735E+002  0.774035325734224E+002  0.112555242297771E+001  0.212123936459202E+001  0.538700289804110E+000 -0.224679178756973E+001 -0.762657020629066E+001 -0.383232276586368E+002
  0.100000000000000E+001  0.607597998995717E+003  0.940847657818317E+002  0.133849374815606E+001 -0.110627098002172E+001  0.156374811799656E+001  0.767777231865661E+000 -0.762657020629066E+001 -0.303798999497858E+003
  0.100000000000000E+001  0.413218440625225E+003  0.805411580631179E+002  0.185147554175451E+001 -0.969357399173165E+000  0.170757505228910E+001  0.117881857418659E+000 -0.762657020629066E+001 -0.206609220312613E+003
  0.100000000000000E+001  0.165517605389361E+004  0.744349156427647E+002  0.123168884068343E+001 -0.287556525553148E+001  0.822332425592588E+000  0.264387641484805E+001 -0.762657020629066E+001 -0.827588026946805E+003
  0.100000000000000E+001  0.428678712577736E+004  0.876434042195962E+002  0.175925534729903E+001 -0.810342721114086E+000  0.546648405581696E+000  0.510873738150552E-001 -0.762657020629066E+001 -0.214339356288868E+004
  0.100000000000000E+001  0.687989329157111E+004  0.796678222092107E+002  0.171653535031285E+001 -0.119566016851583E+001  0.392467411908034E+000  0.479124818202976E+000 -0.762657020629066E+001 -0.343994664578556E+004
  0.100000000000000E+001  0.462933379128795E+003  0.705256674269726E+002  0.290396773733922E+001 -0.147791606335004E+001  0.174121595876479E+001 -0.426051673989178E+000 -0.762657020629066E+001 -0.231466689564397E+003
  0.100000000000000E+001  0.203291385005293E+004  0.421181145411945E+002  0.628374681057270E+000 -0.111912322105710E+000  0.123838617818661E+000  0.483537641048440E+000 -0.762657020629066E+001 -0.101645692502647E+004
  0.100000000000000E+001  0.191906192522758E+003  0.800647054969692E+002  0.852383569276171E+000 -0.859781220457360E+000  0.190494558407160E+001  0.100739765118119E+001 -0.762657020629066E+001 -0.959530962613789E+002
  0.100000000000000E+001  0.789406697397770E+002  0.471924968576255E+002  0.233915753659159E+001  0.253219402272579E+001  0.849824841858649E+000 -0.387135155931738E+001 -0.762657020629066E+001 -0.394703348698885E+002
  0.100000000000000E+001  0.296265997140014E+004  0.867399102321469E+002  0.294082835182640E+001  0.120098935706442E+001  0.636886570285206E+000 -0.314181770889082E+001 -0.762657020629066E+001 -0.148132998570007E+004
  0.100000000000000E+001  0.117176715475689E+003  0.440388839786597E+002  0.120171300437981E+000  0.105329599175623E+001  0.128203414146807E+001 -0.173467292194211E+000 -0.762657020629066E+001 -0.585883577378446E+002
  0.100000000000000E+001  0.112842503500287E+003  0.428817995960148E+002  0.174090645973444E+000 -0.525639849771482E+000  0.434232192389674E+000  0.135154920379804E+001 -0.762657020629066E+001 -0.564212517501437E+002
  0.100000000000000E+001  0.563876578522565E+002  0.608213949733486E+002  0.277008710616162E+000 -0.471799589299271E+000  0.909496729398118E+000  0.119479087868311E+001 -0.762657020629066E+001 -0.281938289261282E+002
  0.100000000000000E+001  0.689774470730731E+003  0.462480616351781E+002  0.116827649533338E+001  0.950701129093662E+000  0.210913907465992E+000 -0.111897762442704E+001 -0.762657020629066E+001 -0.344887235365366E+003
  0.100000000000000E+001  0.796442171336157E+002  0.481309630216102E+002  0.254324394935793E+001  0.172169535459180E+001  0.121651916361216E+001 -0.326493930394973E+001 -0.762657020629066E+001 -0.398221085668078E+002
  0.100000000000000E+001  0.113575981954015E+003  0.449082273140815E+002  0.231198840288894E+001 -0.165105571338058E+000  0.116715081464395E+001 -0.114688283155089E+001 -0.762657020629066E+001 -0.567879909770077E+002
  0.100000000000000E+001  0.659831184082230E+003  0.771395556710499E+002  0.183004189308692E+001 -0.270005984276963E+001  0.154814580869473E+001  0.187001794968271E+001 -0.762657020629066E+001 -0.329915592041115E+003
  0.100000000000000E+001  0.599451134829799E+002  0.704626164778568E+002  0.925084001008326E+000  0.903293129454335E+000  0.117834727613745E+001 -0.828377130462661E+000 -0.762657020629066E+001 -0.299725567414900E+002
  0.100000000000000E+001  0.231583259462113E+002  0.834776311158176E+002  0.537398196205079E+000  0.141703940466142E+001  0.101345790641038E+001 -0.954437600866498E+000 -0.762657020629066E+001 -0.115791629731057E+002
  0.100000000000000E+001  0.782923000706191E+002  0.490123890524083E+002  0.537134636080692E-001 -0.297070502782767E+001  0.163294536711991E+001  0.391699156421960E+001 -0.762657020629066E+001 -0.391461500353095E+002
  0.100000000000000E+001  0.217744371170408E+004  0.939030396697166E+002  0.191570594925723E+001 -0.163021104091527E+001  0.990173552255735E+000  0.714505091658036E+000 -0.762657020629066E+001 -0.108872185585204E+004
  0.100000000000000E+001  0.149489748388703E+003  0.584306068387947E+002  0.253696473706185E+000 -0.257049182667171E+001  0.139024460109516E+001  0.331679535296552E+001 -0.762657020629066E+001 -0.747448741943516E+002
  0.100000000000000E+001  0.842457339249170E+003  0.529709655370504E+002  0.176039364935280E+001  0.157743406029584E+001  0.249039349011010E+000 -0.233782770964864E+001 -0.762657020629066E+001 -0.421228669624585E+003
  0.100000000000000E+001  0.511347941777812E+003  0.780101463584267E+002  0.756541310193857E+000 -0.110226366643623E+001  0.100847087146964E+001  0.134572235624238E+001 -0.762657020629066E+001 -0.255673970888906E+003
  0.100000000000000E+001  0.548244255905592E+002  0.418646330718583E+002  0.140716474347271E+001  0.178312662248738E+001  0.121347665183004E+001 -0.219029136596009E+001 -0.762657020629066E+001 -0.274122127952796E+002
  0.100000000000000E+001  0.623250835115434E+005  0.797629673680460E+002  0.136506848340323E+001 -0.204875716472372E+001  0.137142644194457E+000  0.168368868132049E+001 -0.762657020629066E+001 -0.311625417557717E+005
  0.100000000000000E+001  0.343323460821334E+005  0.818278289182410E+002  0.267334195464085E+001 -0.226480552648762E+001  0.249947192789322E+000  0.591463571846775E+000 -0.762657020629066E+001 -0.171661730410667E+005
  0.100000000000000E+001  0.263137687805108E+003  0.441717064599653E+002  0.215247639147524E+001 -0.180375109684407E+001  0.882486027541408E+000  0.651274705368826E+000 -0.762657020629066E+001 -0.131568843902554E+003
  0.100000000000000E+001  0.478820756708623E+004  0.706970786322963E+002  0.265458949004725E+001 -0.274080808521253E+001  0.564994450047937E+000  0.108621859516528E+001 -0.762657020629066E+001 -0.239410378354312E+004
  0.100000000000000E+001  0.235173033084046E+003  0.511917453011347E+002  0.149725960219183E+001 -0.285079227172456E+001  0.128273139990376E+001  0.235353266953273E+001 -0.762657020629066E+001 -0.117586516542023E+003
  0.100000000000000E+001  0.893894088736197E+002  0.574143853702463E+002  0.271574652803255E+001  0.214809893140084E+001  0.196717276532559E+001 -0.386384545943339E+001 -0.762657020629066E+001 -0.446947044368098E+002
  0.100000000000000E+001  0.262754403461144E+003  0.885146533805039E+002  0.221022744185767E+001  0.251331210649771E+001  0.120486437461079E+001 -0.372353954835538E+001 -0.762657020629066E+001 -0.131377201730572E+003
  0.100000000000000E+001  0.746196765996938E+002  0.659459052020483E+002  0.110049024513164E+000 -0.900375348509973E+000  0.133965943781790E+001  0.179032632399681E+001 -0.762657020629066E+001 -0.373098382998469E+002
  0.100000000000000E+001  0.372165789848513E+002  0.513118245166039E+002  0.138558725465282E+001  0.147599352513586E+001  0.952956434961963E+000 -0.186158077978868E+001 -0.762657020629066E+001 -0.186082894924257E+002
  0.100000000000000E+001  0.124272076369876E+003  0.531940973416602E+002  0.106642095994771E+001 -0.213827708990629E+001  0.167606968120297E+001  0.207185612995858E+001 -0.762657020629066E+001 -0.621360381849380E+002
  0.100000000000000E+001  0.795456151593458E+002  0.450116998648858E+002  0.173015399150361E+001 -0.438055281971881E+000  0.124932598483657E+001 -0.292098709531729E+000 -0.762657020629066E+001 -0.397728075796729E+002
  0.100000000000000E+001  0.112449749768772E+004  0.574700941387740E+002  0.197270116883995E+001 -0.247402162198710E+001  0.724772393459179E+000  0.150132045314715E+001 -0.762657020629066E+001 -0.562248748843861E+003
  0.100000000000000E+001  0.660589310036562E+003  0.630620395901959E+002  0.182492085669534E+001 -0.237760751034447E+000  0.730701563289885E+000 -0.587160105660898E+000 -0.762657020629066E+001 -0.330294655018281E+003
  0.100000000000000E+001  0.901800091642737E+003  0.769425760622478E+002  0.152614828946769E+001 -0.294176206339980E+001  0.126664103371128E+001  0.241561377393211E+001 -0.762657020629066E+001 -0.450900045821369E+003
  0.100000000000000E+001  0.578658665329614E+002  0.530994993878255E+002  0.184860937211620E+001  0.181904495379751E+001  0.187766319088420E+001 -0.266765432591371E+001 -0.762657020629066E+001 -0.289329332664807E+002
  0.100000000000000E+001  0.802327443574952E+002  0.690347907381079E+002  0.150445384238712E+001  0.137137418625267E+001  0.154116204782294E+001 -0.187582802863979E+001 -0.762657020629066E+001 -0.401163721787476E+002
  0.100000000000000E+001  0.779577262666434E+002  0.587754405671598E+002  0.195867803278213E+001  0.140154960261661E+001  0.170819349723466E+001 -0.236022763539874E+001 -0.762657020629066E+001 -0.389788631333217E+002
  0.100000000000000E+001  0.191111524684762E+004  0.527627297301914E+002  0.200990121684183E+001 -0.262843371979392E+001  0.492710096310282E+000  0.161853250295208E+001 -0.762657020629066E+001 -0.955557623423811E+003
  0.100000000000000E+001  0.376582917036856E+004  0.961307553702953E+002  0.204383039390757E+001 -0.181799297269909E+001  0.813045595244910E+000  0.774162578791521E+000 -0.762657020629066E+001 -0.188291458518428E+004
  0.100000000000000E+001  0.125617102633977E+004  0.477562779909962E+002  0.269749246789611E+001 -0.118572117692272E+001  0.487147297287782E+000 -0.511771290973384E+000 -0.762657020629066E+001 -0.628085513169884E+003
  0.100000000000000E+001  0.240412561154972E+003  0.573185010429517E+002  0.115195218650361E+001 -0.567191410735227E+000  0.804353744301277E+000  0.415239224231621E+000 -0.762657020629066E+001 -0.120206280577486E+003
  0.100000000000000E+001  0.103328832346996E+004  0.994370247261842E+002  0.217839197418793E+001 -0.279917961070800E+001  0.187386352522058E+001  0.162078763652007E+001 -0.762657020629066E+001 -0.516644161734978E+003
  0.100000000000000E+001  0.427962278877124E+003  0.601253191899970E+002  0.215000712855813E+001 -0.177808642634158E+001  0.123213039226609E+001  0.628079297783449E+000 -0.762657020629066E+001 -0.213981139438562E+003
  0.100000000000000E+001  0.472421178473351E+002  0.497719936553287E+002  0.683949236253932E+000 -0.362800020324451E+000  0.160742771937280E+001  0.678850784070520E+000 -0.762657020629066E+001 -0.236210589236675E+002
  0.100000000000000E+001  0.219822326870773E+003  0.680478176669573E+002  0.854577634763488E+000 -0.262011882029105E+001  0.192718818232300E+001  0.276554118552756E+001 -0.762657020629066E+001 -0.109911163435386E+003
  0.100000000000000E+001  0.469355440544318E+005  0.749286278442208E+002  0.243235393971467E+001  0.400664694615511E+000  0.127073127539127E+000 -0.183301863433018E+001 -0.762657020629066E+001 -0.234677720272159E+005
  0.100000000000000E+001  0.371307465082299E+003  0.852987800575829E+002  0.251863649772307E-001 -0.258194820236671E+001  0.156820280485726E+001  0.355676183738948E+001 -0.762657020629066E+001 -0.185653732541149E+003
  0.100000000000000E+001  0.250136781199030E+003  0.660594852918044E+002  0.217736064059781E+001  0.115830003204946E+001  0.109028324754731E+001 -0.233566067264727E+001 -0.762657020629066E+001 -0.125068390599515E+003
  0.100000000000000E+001  0.404703377154892E+005  0.928941511526395E+002  0.244654510166648E+001  0.210819371964490E+001  0.133788516809473E+000 -0.355473882131138E+001 -0.762657020629066E+001 -0.202351688577446E+005
  0.100000000000000E+001  0.545991197161687E+004  0.679593877979958E+002  0.266030340346842E+001 -0.225393542564943E+001  0.476604348034133E+000  0.593632022181011E+000 -0.762657020629066E+001 -0.272995598580843E+004
  0.100000000000000E+001  0.238064204177463E+004  0.400112611391584E+002  0.279788222253163E+000  0.800885068356611E+000  0.207282295809367E+000 -0.806732906097741E-001 -0.762657020629066E+001 -0.119032102088732E+004
  0.100000000000000E+001  0.394461805776070E+003  0.577681584418625E+002  0.290360434362085E+001 -0.474838922418628E+000  0.118996760651371E+001 -0.142876542120222E+001 -0.762657020629066E+001 -0.197230902888035E+003
  0.100000000000000E+001  0.548863126686544E+003  0.961641218655664E+002  0.186971307369638E+001  0.131011716283955E+001  0.117425105923820E+001 -0.217983023653593E+001 -0.762657020629066E+001 -0.274431563343272E+003
  0.100000000000000E+001  0.119344970538904E+003  0.810558362704990E+002  0.866965820752595E+000  0.213372740013707E+000  0.186597846123816E+001 -0.803385607663023E-001 -0.762657020629066E+001 -0.596724852694520E+002
  0.100000000000000E+001  0.966217089995922E+004  0.409828119114193E+002  0.727002271443146E+000  0.213509131471644E+001  0.153320819939039E+000 -0.186209358615959E+001 -0.762657020629066E+001 -0.483108544997961E+004
  0.100000000000000E+001  0.308593050659265E+004  0.989521848340235E+002  0.198811415874186E+001 -0.248124258893058E+001  0.994992280203499E+000  0.149312843018872E+001 -0.762657020629066E+001 -0.154296525329632E+004
  0.100000000000000E+001  0.113273565810445E+003  0.981039197223175E+002  0.186316664355954E+001  0.281885953162077E+001  0.169024444751689E+001 -0.368202617518031E+001 -0.762657020629066E+001 -0.566367829052224E+002
  0.100000000000000E+001  0.175545393521119E+003  0.487064721692440E+002  0.789715446632184E+000  0.163270119236257E+001  0.604270290717728E+000 -0.142241663899476E+001 -0.762657020629066E+001 -0.877726967605594E+002
  0.100000000000000E+001  0.746194509736296E+003  0.834806216284175E+002  0.190113933628783E+001 -0.769813849846871E+000  0.127334685706757E+001 -0.131325486440958E+000 -0.762657020629066E+001 -0.373097254868148E+003
  0.100000000000000E+001  0.983780918338345E+003  0.934932907627586E+002  0.220762537194089E+001 -0.157581930690366E+001  0.155996922296350E+001  0.368193934962774E+000 -0.762657020629066E+001 -0.491890459169173E+003
  0.100000000000000E+001  0.897135417477889E+002  0.841420340036717E+002  0.176923129797135E+000  0.122855701697083E+001  0.102019884198232E+001 -0.405480146767970E+000 -0.762657020629066E+001 -0.448567708738945E+002
  0.100000000000000E+001  0.179505543626697E+003  0.883265629141756E+002  0.223905211923233E+001  0.236761862899334E+001  0.169942242025289E+001 -0.360667074822567E+001 -0.762657020629066E+001 -0.897527718133487E+002
  0.100000000000000E+001  0.371338973856818E+003  0.522153126542066E+002  0.164363352742398E+001 -0.101703515081371E+001  0.750181604483435E+000  0.373401623389737E+000 -0.762657020629066E+001 -0.185669486928409E+003
  0.100000000000000E+001  0.304231758408885E+003  0.572331030871426E+002  0.237268381864727E+001 -0.176643498833615E+001  0.144645918247088E+001  0.393751169688874E+000 -0.762657020629066E+001 -0.152115879204443E+003
  0.100000000000000E+001  0.756976347916957E+004  0.961430861999661E+002  0.208641777954778E+001  0.551372834589343E+000  0.407283787697068E+000 -0.163779061413712E+001 -0.762657020629066E+001 -0.378488173958479E+004
  0.100000000000000E+001  0.403956375708039E+002  0.543914846079594E+002  0.108016279458823E+001  0.703912292196714E+000  0.121322688764423E+001 -0.784075086784943E+000 -0.762657020629066E+001 -0.201978187854019E+002
  0.100000000000000E+001  0.115826081826988E+005  0.936914723909987E+002  0.140216596954007E+001 -0.283774760808280E+001  0.448006380780302E+000  0.243558163854273E+001 -0.762657020629066E+001 -0.579130409134939E+004
  0.100000000000000E+001  0.564134079659023E+004  0.652188085359349E+002  0.224001729964517E+001 -0.255330318508291E+001  0.423135375501718E+000  0.131328588543774E+001 -0.762657020629066E+001 -0.282067039829511E+004
  0.100000000000000E+001  0.176496738921815E+003  0.464642024263802E+002  0.833180828695971E+000 -0.582654084493599E+000  0.458319187039175E+000  0.749473255797627E+000 -0.762657020629066E+001 -0.882483694609075E+002
  0.100000000000000E+001  0.528049483147441E+003  0.730745274649261E+002  0.258123534424978E+001 -0.272862883438864E+001  0.184226635539244E+001  0.114739349013886E+001 -0.762657020629066E+001 -0.264024741573721E+003
  0.100000000000000E+001  0.964602681201856E+002  0.460623297279080E+002  0.116356366251150E+001 -0.211914944096379E+001  0.145229183501177E+001  0.195558577845229E+001 -0.762657020629066E+001 -0.482301340600928E+002
  0.100000000000000E+001  0.103999955070153E+005  0.714645375857364E+002  0.294873893339363E+001  0.123173138748092E+001  0.250834637837935E+000 -0.318047032087456E+001 -0.762657020629066E+001 -0.519999775350766E+004
  0.100000000000000E+001  0.177527929984823E+003  0.607768381123735E+002  0.279435091917931E+001  0.521832736504931E+000  0.179846100401063E+001 -0.231618365568424E+001 -0.762657020629066E+001 -0.887639649924115E+002
  0.100000000000000E+001  0.853890538551460E+003  0.614652357695107E+002  0.145867980417692E+001 -0.137072751105628E+001  0.686121458176271E+000  0.912047706879360E+000 -0.762657020629066E+001 -0.426945269275730E+003
  0.100000000000000E+001  0.303092015667835E+003  0.897624270488542E+002  0.243365428383602E+001  0.223190231712676E+001  0.146777420136137E+001 -0.366555660096278E+001 -0.762657020629066E+001 -0.151546007833918E+003
  0.100000000000000E+001  0.260723606381751E+003  0.779762792372820E+002  0.101361063526971E+001  0.249724819897685E+001  0.688892714042773E+000 -0.251085883424655E+001 -0.762657020629066E+001 -0.130361803190876E+003
  0.100000000000000E+001  0.178612799342919E+003  0.688147208435338E+002  0.264628774261353E+001  0.121874032075238E+001  0.186947668673275E+001 -0.286502806336591E+001 -0.762657020629066E+001 -0.893063996714595E+002
  0.100000000000000E+001  0.257529469843257E+003  0.827633950790694E+002  0.232322915566204E+001  0.106306195114436E+001  0.186402138661772E+001 -0.238629110680640E+001 -0.762657020629066E+001 -0.128764734921629E+003
  0.100000000000000E+001  0.455302006526463E+002  0.630419911465576E+002  0.545223003550210E+000  0.144472959516207E+001  0.108828696843407E+001 -0.989952598712278E+000 -0.762657020629066E+001 -0.227651003263232E+002
  0.100000000000000E+001  0.702460660357710E+002  0.428474504118100E+002  0.991583537174732E+000  0.125017684535462E+001  0.802128892237407E+000 -0.124176038252936E+001 -0.762657020629066E+001 -0.351230330178855E+002
  0.100000000000000E+001  0.107175855447448E+004  0.411719849424290E+002  0.233664030610303E+001  0.179479947652224E+000  0.284175023113259E+000 -0.151612025375526E+001 -0.762657020629066E+001 -0.535879277237241E+003
  0.100000000000000E+001  0.164966533169905E+004  0.848366891228586E+002  0.208567271959699E+001 -0.183952259920215E+000  0.824814497313296E+000 -0.901720459676771E+000 -0.762657020629066E+001 -0.824832665849524E+003
  0.100000000000000E+001  0.136732714071643E+005  0.831652561284222E+002  0.723862062207191E+000 -0.172801211918470E+001  0.248035922910812E+000  0.200415005697751E+001 -0.762657020629066E+001 -0.683663570358214E+004
  0.100000000000000E+001  0.222189184120526E+003  0.705172627608052E+002  0.906475871987572E+000 -0.240257919240411E+001  0.199929757203587E+001  0.249610332041654E+001 -0.762657020629066E+001 -0.111094592060263E+003
  0.100000000000000E+001  0.663613862571735E+002  0.989408866784517E+002  0.744344070339629E+000  0.207056550059852E+001  0.185216726806211E+001 -0.181490957093815E+001 -0.762657020629066E+001 -0.331806931285868E+002
  0.100000000000000E+001  0.398818534012927E+003  0.832076564582947E+002  0.805764641789261E+000 -0.150017420976178E+001  0.147600455867573E+001  0.169440956797251E+001 -0.762657020629066E+001 -0.199409267006464E+003
  0.100000000000000E+001  0.310045792047997E+004  0.803576110096794E+002  0.293523159855737E+001 -0.100481457565416E+001  0.744413294832881E+000 -0.930417022903216E+000 -0.762657020629066E+001 -0.155022896023998E+004
  0.100000000000000E+001  0.207758689577884E+003  0.670122145100508E+002  0.143506554551083E+001 -0.119436770162081E+001  0.173732923619153E+001  0.759302156109982E+000 -0.762657020629066E+001 -0.103879344788942E+003
  0.100000000000000E+001  0.123143870587150E+005  0.946605638408488E+002  0.266449386810826E+001 -0.154172492387547E+001  0.474402753768461E+000 -0.122768944232796E+000 -0.762657020629066E+001 -0.615719352935748E+004
  0.100000000000000E+001  0.103757223412551E+004  0.706946684819632E+002  0.256548969792829E+001 -0.178702485802533E+001  0.109501100287387E+001  0.221535160097033E+000 -0.762657020629066E+001 -0.518786117062753E+003
  0.100000000000000E+001  0.122701352144404E+003  0.447081300618468E+002  0.273016055702791E+001 -0.188043094048533E+001  0.194153010975940E+001  0.150270383457417E+000 -0.762657020629066E+001 -0.613506760722019E+002
  0.100000000000000E+001  0.271766033815360E+004  0.983134199021699E+002  0.183794834295825E+001 -0.294020423882848E+001  0.107571086516445E+001  0.210225589587023E+001 -0.762657020629066E+001 -0.135883016907680E+004
  0.100000000000000E+001  0.164192920337373E+003  0.506469091281889E+002  0.257863629765055E+001  0.126166477564150E+001  0.938910413896044E+000 -0.284030107329205E+001 -0.762657020629066E+001 -0.820964601686866E+002
  0.100000000000000E+001  0.339468583462493E+004  0.824058654815661E+002  0.183329863839800E+001 -0.182417107285698E+001  0.660179909024808E+000  0.990872434458982E+000 -0.762657020629066E+001 -0.169734291731246E+004
  0.100000000000000E+001  0.635079126565008E+004  0.991806282793736E+002  0.844717549648989E-001 -0.130048234878690E+001  0.339859221777928E+000  0.221601059382200E+001 -0.762657020629066E+001 -0.317539563282504E+004
  0.100000000000000E+001  0.728255442167014E+003  0.879406115428542E+002  0.142179979198847E+000 -0.226581293501305E+001  0.109962126068238E+001  0.312363295581421E+001 -0.762657020629066E+001 -0.364127721083507E+003
  0.100000000000000E+001  0.331969426695923E+003  0.652929995303028E+002  0.283916341451849E+001 -0.208617507966199E+001  0.199198218248706E+001  0.247011665143500E+000 -0.762657020629066E+001 -0.165984713347962E+003
  0.100000000000000E+001  0.122555619454295E+005  0.672453981727762E+002  0.176066757988980E+001  0.259022350838434E+000  0.166878305613152E+000 -0.101968993072823E+001 -0.762657020629066E+001 -0.612778097271476E+004
  0.100000000000000E+001  0.267855957611992E+003  0.930744144477601E+002  0.230615804001167E+001  0.270947320228802E+001  0.130572098734941E+001 -0.401563124229969E+001 -0.762657020629066E+001 -0.133927978805996E+003
  0.100000000000000E+001  0.118554998942890E+003  0.847577598358432E+002  0.104766437522579E+001  0.708661684768969E+000  0.185750594329697E+001 -0.756326059994763E+000 -0.762657020629066E+001 -0.592774994714450E+002
  0.100000000000000E+001  0.145221376162273E+003  0.694797001160215E+002  0.191990742464335E+001  0.107431100651334E+001  0.157083012197489E+001 -0.199421843115669E+001 -0.762657020629066E+001 -0.726106880811364E+002
  0.100000000000000E+001  0.462043457135825E+003  0.657478079138071E+002  0.281395935052229E+001  0.149380226619600E+001  0.941427655627148E+000 -0.330776161671829E+001 -0.762657020629066E+001 -0.231021728567913E+003
  0.100000000000000E+001  0.844243741152383E+003  0.515866275007449E+002  0.202287885056930E+001 -0.236747530001717E+001  0.688872753133438E+000  0.134459644944786E+001 -0.762657020629066E+001 -0.422121870576192E+003
  0.100000000000000E+001  0.278062807232417E+003  0.875069035197612E+002  0.197853504264232E+001  0.212638448959302E+001  0.112540651142303E+001 -0.310491953223533E+001 -0.762657020629066E+001 -0.139031403616209E+003
  0.100000000000000E+001  0.825126884488030E+002  0.511293455518407E+002  0.984312750175925E+000 -0.146039754134570E+001  0.197845486082345E+001  0.147608479116978E+001 -0.762657020629066E+001 -0.412563442244015E+002
  0.100000000000000E+001  0.173847782597533E+003  0.460964465749039E+002  0.286343691079343E+001 -0.135465447960005E+001  0.143205516622337E+001 -0.508782431193374E+000 -0.762657020629066E+001 -0.869238912987667E+002
  0.100000000000000E+001  0.141408114602596E+005  0.881622419696871E+002  0.764466658089327E+000  0.374881371027417E+000  0.140364783760336E+000 -0.139348029116744E+000 -0.762657020629066E+001 -0.707040573012982E+004
  0.100000000000000E+001  0.212064982189405E+003  0.559905326061497E+002  0.711210684984715E+000 -0.290408808990552E+001  0.131004459239718E+001  0.319287740492080E+001 -0.762657020629066E+001 -0.106032491094702E+003
  0.100000000000000E+001  0.166507805557837E+003  0.547378593531013E+002  0.219262315453362E+001  0.794045088004569E+000  0.103414377353837E+001 -0.198666824253819E+001 -0.762657020629066E+001 -0.832539027789185E+002
  0.100000000000000E+001  0.126669393368249E+004  0.863494965828457E+002  0.274209570952507E+001 -0.122867038632971E+001  0.128991145585737E+001 -0.513425323195359E+000 -0.762657020629066E+001 -0.633346966841246E+003
  0.100000000000000E+001  0.145733576041219E+004  0.945710131869874E+002  0.191111814818660E+001 -0.292772901652892E+001  0.141831116298792E+001  0.201661086834232E+001 -0.762657020629066E+001 -0.728667880206097E+003
  0.100000000000000E+001  0.317922773231570E+003  0.768871322592194E+002  0.861533876887088E+000 -0.152595240903394E+001  0.149979693110151E+001  0.166441853214685E+001 -0.762657020629066E+001 -0.158961386615785E+003
  0.100000000000000E+001  0.833558194815450E+002  0.457084660314911E+002  0.465989460124310E-001  0.431314389714222E+000  0.934464274439454E+000  0.522086664273347E+000 -0.762657020629066E+001 -0.416779097407725E+002
  0.100000000000000E+001  0.518129731424192E+002  0.959564735167618E+002  0.853507121727461E+000  0.170323457311165E+001  0.134663967713204E+001 -0.155674169483911E+001 -0.762657020629066E+001 -0.259064865712096E+002
  0.100000000000000E+001  0.545697353233599E+002  0.489129737442593E+002  0.469720530827034E+000 -0.152871699709435E+000  0.506553196015891E+000  0.683151168882401E+000 -0.762657020629066E+001 -0.272848676616799E+002
  0.100000000000000E+001  0.247370726954342E+004  0.811021941671697E+002  0.242367680681718E+001 -0.162836963706518E+001  0.826921027292496E+000  0.204692830248001E+000 -0.762657020629066E+001 -0.123685363477171E+004
  0.100000000000000E+001  0.165908293602999E+003  0.818830377178488E+002  0.206238234556004E+001  0.226585847884102E+001  0.135922296842401E+001 -0.332824082440106E+001 -0.762657020629066E+001 -0.829541468014993E+002
  0.100000000000000E+001  0.327752777544706E+005  0.827233906626641E+002  0.157261125809140E+001 -0.219960985120877E+001  0.213213941865882E+000  0.162699859311737E+001 -0.762657020629066E+001 -0.163876388772353E+005
  0.100000000000000E+001  0.120704346264665E+003  0.586990275697421E+002  0.392315602716329E+000 -0.176957778465455E+001  0.132718435545076E+001  0.237726218193822E+001 -0.762657020629066E+001 -0.603521731323324E+002
  0.100000000000000E+001  0.727283644839597E+004  0.978487277698901E+002  0.267376259124229E+001 -0.259572394977510E+001  0.711283532391164E+000  0.921961358532808E+000 -0.762657020629066E+001 -0.363641822419799E+004
  0.100000000000000E+001  0.598581523039994E+003  0.957983138509603E+002  0.120769502425107E+001 -0.240059426094722E+001  0.193262291473707E+001  0.219289923669615E+001 -0.762657020629066E+001 -0.299290761519997E+003
  0.100000000000000E+001  0.134712799438441E+003  0.704662870505149E+002  0.185420866733316E+000 -0.118335466247667E+001  0.132063079653719E+001  0.199793379574335E+001 -0.762657020629066E+001 -0.673563997192207E+002
  0.100000000000000E+001  0.705229169751657E+002  0.670353714452283E+002  0.210247035647442E+000 -0.693535358931725E+000  0.159569321453616E+001  0.148328832328428E+001 -0.762657020629066E+001 -0.352614584875828E+002
  0.100000000000000E+001  0.108031126624493E+003  0.946266256090335E+002  0.177008539921623E+001  0.244081215683586E+001  0.192473505843147E+001 -0.321089755605208E+001 -0.762657020629066E+001 -0.540155633122463E+002
  0.100000000000000E+001  0.111200998489333E+003  0.623024521425995E+002  0.113472933084789E+001  0.271718215423030E+001  0.158989119598302E+001 -0.285191148507819E+001 -0.762657020629066E+001 -0.556004992446666E+002
  0.100000000000000E+001  0.280374570751013E+004  0.939569899229935E+002  0.263374515278896E+001 -0.195261838282631E+001  0.102167374740677E+001  0.318873230037344E+000 -0.762657020629066E+001 -0.140187285375506E+004
  0.100000000000000E+001  0.198267135568241E+003  0.670901100581918E+002  0.288867390491494E+001  0.215150776280263E+001  0.141641497712727E+001 -0.404018166771757E+001 -0.762657020629066E+001 -0.991335677841206E+002
  0.100000000000000E+001  0.517370397105126E+002  0.437743481106457E+002  0.603533233733838E+000  0.500873624341258E+000  0.182197763270594E+001 -0.104406858075096E+000 -0.762657020629066E+001 -0.258685198552563E+002
  0.100000000000000E+001  0.135094204443166E+004  0.880247758676978E+002  0.149529861816824E+001  0.209661936074090E+001  0.321155163320000E+000 -0.259191797890913E+001 -0.762657020629066E+001 -0.675471022215831E+003
  0.100000000000000E+001  0.437773915263807E+004  0.746410025856588E+002  0.182845609206057E+001 -0.467165550120185E+000  0.402496408672970E+000 -0.361290541940381E+000 -0.762657020629066E+001 -0.218886957631903E+004
  0.100000000000000E+001  0.152634723101721E+003  0.438851453704467E+002  0.143206210323740E+001 -0.118242831229944E+001  0.772372549244328E+000  0.750366209062043E+000 -0.762657020629066E+001 -0.763173615508607E+002
  0.100000000000000E+001  0.545332341777594E+002  0.422987894747224E+002  0.146920076793899E+001 -0.228712165880788E+000  0.163599299697065E+001 -0.240488602058206E+000 -0.762657020629066E+001 -0.272666170888797E+002
  0.100000000000000E+001  0.357394066287171E+002  0.556194179183049E+002  0.106195949335125E+001  0.123477371718645E+001  0.137731975177119E+001 -0.129673321053771E+001 -0.762657020629066E+001 -0.178697033143586E+002
  0.100000000000000E+001  0.484690627160485E+002  0.875104307608249E+002  0.976913633552229E+000  0.190359601101265E+001  0.169067968088371E+001 -0.188050964456488E+001 -0.762657020629066E+001 -0.242345313580242E+002
  0.100000000000000E+001  0.140904263868747E+003  0.837995530361406E+002  0.740161803653204E+000  0.727104221083776E+000  0.978700677665899E+000 -0.467266024736980E+000 -0.762657020629066E+001 -0.704521319343736E+002
  0.100000000000000E+001  0.561990770529365E+003  0.932921110938764E+002  0.261480989926971E+001  0.108822583819223E+001  0.156533975284492E+001 -0.270303573746194E+001 -0.762657020629066E+001 -0.280995385264683E+003
  0.100000000000000E+001  0.137907163464995E+005  0.741109833796701E+002  0.137833719500569E+001 -0.155875575123492E+001  0.240457558433980E+000  0.118041855622923E+001 -0.762657020629066E+001 -0.689535817324977E+004
  0.100000000000000E+001  0.945596276433326E+003  0.929693120492239E+002  0.268311687552566E+001  0.602454039554242E+000  0.130207797528628E+001 -0.228557091507990E+001 -0.762657020629066E+001 -0.472798138216663E+003
  0.100000000000000E+001  0.449173955022062E+003  0.496299729461654E+002  0.259584336109137E+001  0.253918466259401E+001  0.404680794010924E+000 -0.413502802368538E+001 -0.762657020629066E+001 -0.224586977511031E+003
  0.100000000000000E+001  0.832864231559135E+003  0.451059407389090E+002  0.297243633528018E+001 -0.256533588314439E+001  0.678046349620412E+000  0.592899547864213E+000 -0.762657020629066E+001 -0.416432115779567E+003
  0.100000000000000E+001  0.113891390323481E+003  0.713561893365227E+002  0.370603752736040E+000 -0.120572779832157E+001  0.199703370310618E+001  0.183512404558552E+001 -0.762657020629066E+001 -0.569456951617405E+002
  0.100000000000000E+001  0.118667656539575E+002  0.664995414699967E+002  0.188977644480081E+000  0.456375367353455E+000  0.905920004912977E+000  0.354646988166464E+000 -0.762657020629066E+001 -0.593338282697874E+001
  0.100000000000000E+001  0.792827364459054E+003  0.575431210681731E+002  0.244371381150719E+001  0.515946034926701E+000  0.597706433325952E+000 -0.195965984643389E+001 -0.762657020629066E+001 -0.396413682229527E+003
  0.100000000000000E+001  0.203454743235542E+004  0.804580704352489E+002  0.254711830303476E+001 -0.131451627986603E+001  0.890284106009160E+000 -0.232602023168733E+000 -0.762657020629066E+001 -0.101727371617771E+004
  0.100000000000000E+001  0.502272999372302E+003  0.974816691534289E+002  0.237451798510014E+000  0.988341291798130E+000  0.271021623562141E+000 -0.225793090308144E+000 -0.762657020629066E+001 -0.251136499686151E+003
  0.100000000000000E+001  0.486611213442421E+003  0.746052214612105E+002  0.403318750404932E+000 -0.240321861346749E+001  0.115296530924375E+001  0.299989986306256E+001 -0.762657020629066E+001 -0.243305606721210E+003
  0.100000000000000E+001  0.288600953764986E+003  0.509540521033476E+002  0.239925624153744E+001  0.147449598222720E+001  0.600295689894556E+000 -0.287375222376464E+001 -0.762657020629066E+001 -0.144300476882493E+003
  0.100000000000000E+001  0.506995742452399E+004  0.960607075972249E+002  0.267652271389139E+001  0.933247902527244E+000  0.551186627545140E+000 -0.260977061641863E+001 -0.762657020629066E+001 -0.253497871226199E+004
  0.100000000000000E+001  0.528028531673475E+003  0.801019625763020E+002  0.238484742168610E+001 -0.129110235834078E+001  0.174462229125346E+001 -0.937450633453176E-001 -0.762657020629066E+001 -0.264014265836737E+003
  0.100000000000000E+001  0.549937611103441E+002  0.768748002817199E+002  0.434571972119098E+000  0.142656930399952E+001  0.192474236238375E+001 -0.861141276118621E+000 -0.762657020629066E+001 -0.274968805551720E+002
  0.100000000000000E+001  0.913448438024575E+003  0.864314299470575E+002  0.138650703888188E+001 -0.225719862383001E+001  0.133696736134599E+001  0.187069158494814E+001 -0.762657020629066E+001 -0.456724219012287E+003
  0.100000000000000E+001  0.620208989095804E+003  0.549348628031866E+002  0.187800902700500E+001 -0.291450775598180E+001  0.943600400555169E+000  0.203649872897679E+001 -0.762657020629066E+001 -0.310104494547902E+003
  0.100000000000000E+001  0.691463893768517E+003  0.893036479073952E+002  0.200184095192507E+001 -0.213212235272518E+001  0.181730442585674E+001  0.113028140080011E+001 -0.762657020629066E+001 -0.345731946884258E+003
  0.100000000000000E+001  0.300446967411709E+003  0.548096455849180E+002  0.172209966029152E+001 -0.198775337860353E+001  0.116755158677960E+001  0.126565371831201E+001 -0.762657020629066E+001 -0.150223483705854E+003
  0.100000000000000E+001  0.236807963800238E+005  0.459934911723334E+002  0.170696262194444E+001 -0.287185719283602E+001  0.106447422841885E+000  0.216489457089158E+001 -0.762657020629066E+001 -0.118403981900119E+005
  0.100000000000000E+001  0.190655316207740E+004  0.751976817379282E+002  0.213122566232377E+000 -0.109072870683204E+001  0.361011707458314E+000  0.187760614059966E+001 -0.762657020629066E+001 -0.953276581038701E+003
  0.100000000000000E+001  0.846628365508643E+004  0.739071056480864E+002  0.281044320163116E+001 -0.270690523949743E+000  0.356016920013270E+000 -0.153975267768142E+001 -0.762657020629066E+001 -0.423314182754322E+004
  0.100000000000000E+001  0.124744386593959E+003  0.868091232441260E+002  0.628457839937749E-001 -0.821303329483572E+000  0.192122752182463E+001  0.175845754548980E+001 -0.762657020629066E+001 -0.623721932969795E+002
  0.100000000000000E+001  0.510427657238010E+003  0.541677953027663E+002  0.188102149485077E+001 -0.592120090620619E+000  0.683791409844698E+000 -0.288901404230156E+000 -0.762657020629066E+001 -0.255213828619005E+003
  0.100000000000000E+001  0.211875407481116E+005  0.814661534830079E+002  0.213572895841401E+001 -0.178011672534900E+001  0.274708756600474E+000  0.644387766934991E+000 -0.762657020629066E+001 -0.105937703740558E+005
  0.100000000000000E+001  0.372466078661213E+003  0.536557914041274E+002  0.274036738367013E+001 -0.220172591319281E+001  0.130586995914178E+001  0.461358529522678E+000 -0.762657020629066E+001 -0.186233039330607E+003
  0.100000000000000E+001  0.125220814176417E+005  0.832382999167642E+002  0.189745558773778E+001  0.786945358662113E+000  0.222911725576976E+000 -0.168440094639989E+001 -0.762657020629066E+001 -0.626104070882085E+004
  0.100000000000000E+001  0.840537863305479E+002  0.536280615885394E+002  0.158242865655266E+001  0.153062796518503E+000  0.146165410413118E+001 -0.735491453071166E+000 -0.762657020629066E+001 -0.420268931652739E+002
  0.100000000000000E+001  0.363749992549911E+002  0.512863680575769E+002  0.136113980810702E+001  0.143776425272012E+001  0.970438148674553E+000 -0.179890406082714E+001 -0.762657020629066E+001 -0.181874996274955E+002
  0.100000000000000E+001  0.268580184190466E+004  0.701866344467354E+002  0.273433984759347E+001 -0.261575136453984E+000  0.571484971080197E+000 -0.147276471113949E+001 -0.762657020629066E+001 -0.134290092095233E+004
  0.100000000000000E+001  0.480287202382726E+004  0.979639832735159E+002  0.123919380799722E+001 -0.271629980976045E+001  0.708172901654648E+000  0.247710600176323E+001 -0.762657020629066E+001 -0.240143601191363E+004
  0.100000000000000E+001  0.921264288870713E+003  0.888829319995472E+002  0.173894521593437E+001  0.239429327567411E+001  0.435104304638497E+000 -0.313323849160847E+001 -0.762657020629066E+001 -0.460632144435357E+003
  0.100000000000000E+001  0.209333726919110E+003  0.772778495507735E+002  0.180683711946637E+000 -0.748191225733665E+000  0.979022399422423E+000  0.156750751378703E+001 -0.762657020629066E+001 -0.104666863459555E+003
  0.100000000000000E+001  0.856554613313008E+003  0.719274837602444E+002  0.270463290841119E+001  0.889972222013380E+000  0.871229337806786E+000 -0.259460513042457E+001 -0.762657020629066E+001 -0.428277306656504E+003
  0.100000000000000E+001  0.169714470783307E+004  0.632089757776885E+002  0.208111352745193E+001 -0.181038952991284E+001  0.648425912129694E+000  0.729276002460909E+000 -0.762657020629066E+001 -0.848572353916534E+003
  0.100000000000000E+001  0.635046442549090E+004  0.466604773729467E+002  0.293327838591970E+001  0.144741383491310E+001  0.145754449500394E+000 -0.338069222083280E+001 -0.762657020629066E+001 -0.317523221274545E+004
  0.100000000000000E+001  0.734613996228389E+003  0.970488312211511E+002  0.215093242503713E+000 -0.395203222004338E+000  0.716813916077437E+000  0.118010997950063E+001 -0.762657020629066E+001 -0.367306998114194E+003
  0.100000000000000E+001  0.619039048589706E+003  0.844026935624767E+002  0.972098835229505E+000 -0.842232882977934E-001  0.853789599046263E+000  0.112124453068288E+000 -0.762657020629066E+001 -0.309519524294853E+003
  0.100000000000000E+001  0.339547945861441E+002  0.646286674669496E+002  0.112165867938041E+001  0.145609644512696E+001  0.980519180454707E+000 -0.157775512450737E+001 -0.762657020629066E+001 -0.169773972930720E+002
  0.100000000000000E+001  0.202780823288300E+003  0.608446423887285E+002  0.281124760240904E+001 -0.529729373866404E+000  0.199731840490508E+001 -0.128151822854264E+001 -0.762657020629066E+001 -0.101390411644150E+003
  0.100000000000000E+001  0.183691350837904E+005  0.923670026880619E+002  0.261233998618324E+001  0.204802268422548E+001  0.214433708691010E+000 -0.366036267040872E+001 -0.762657020629066E+001 -0.918456754189518E+004
  0.100000000000000E+001  0.393693726987848E+003  0.435366308562708E+002  0.276327181258867E+001 -0.107684193012021E+001  0.731473144160707E+000 -0.686429882468460E+000 -0.762657020629066E+001 -0.196846863493924E+003
  0.100000000000000E+001  0.854589586514357E+002  0.490833539816614E+002  0.160311367964954E+001 -0.601635676215012E+000  0.157066715213329E+001 -0.147800343453053E-002 -0.762657020629066E+001 -0.427294793257178E+002
  0.100000000000000E+001  0.209879311904476E+003  0.455337523866627E+002  0.885953199381543E+000 -0.279408163454907E+001  0.845386378345244E+000  0.290812843516753E+001 -0.762657020629066E+001 -0.104939655952238E+003
  0.100000000000000E+001  0.653958973640811E+002  0.702964668089357E+002  0.158415393873754E+001  0.205795416409206E+001  0.112227229204201E+001 -0.264210810282961E+001 -0.762657020629066E+001 -0.326979486820405E+002
  0.100000000000000E+001  0.654512790917895E+003  0.562902868243666E+002  0.108513377263487E+001 -0.185356551788797E+001  0.643889254814387E+000  0.176843174525309E+001 -0.762657020629066E+001 -0.327256395458948E+003
  0.100000000000000E+001  0.348280747374566E+003  0.873674733746106E+002  0.355903543494030E+000 -0.237756665694715E+001  0.182429124440942E+001  0.302166311345312E+001 -0.762657020629066E+001 -0.174140373687283E+003
  0.100000000000000E+001  0.230277480670986E+004  0.911698397373133E+002  0.267978840224423E+001 -0.180627494335877E+001  0.107581754684881E+001  0.126486541114538E+000 -0.762657020629066E+001 -0.115138740335493E+004
  0.100000000000000E+001  0.643196085899821E+003  0.953224645406817E+002  0.112068626684776E+001  0.299283159412615E+000  0.997412909267459E+000 -0.419969426260372E+000 -0.762657020629066E+001 -0.321598042949910E+003
  0.100000000000000E+001  0.588882839157948E+004  0.920872891436500E+002  0.247292472376728E+001  0.998474811209516E+000  0.447665401754189E+000 -0.247139953497679E+001 -0.762657020629066E+001 -0.294441419578974E+004
  0.100000000000000E+001  0.174802219687941E+003  0.822474662342492E+002  0.145713209889875E+001  0.388393165793915E+000  0.197171420967572E+001 -0.845525264692664E+000 -0.762657020629066E+001 -0.874011098439704E+002
  0.100000000000000E+001  0.818175558155449E+002  0.475536192976707E+002  0.122035176145187E+001 -0.142303309884392E+001  0.161707802158312E+001  0.120268133739205E+001 -0.762657020629066E+001 -0.409087779077724E+002
  0.100000000000000E+001  0.314123190502847E+005  0.881750978918549E+002  0.269394715809056E+001 -0.165143789121353E+001  0.274062230802326E+000 -0.425092668770257E-001 -0.762657020629066E+001 -0.157061595251423E+005
  0.100000000000000E+001  0.247226325428544E+004  0.693351514473325E+002  0.245448610673530E+001 -0.181533192021750E+001  0.671884782480434E+000  0.360845813482201E+000 -0.762657020629066E+001 -0.123613162714272E+004
  0.100000000000000E+001  0.782601899621710E+002  0.643050290782496E+002  0.393032235500964E+000 -0.831680671884055E+000  0.192814774116927E+001  0.143864843638309E+001 -0.762657020629066E+001 -0.391300949810855E+002
  0.100000000000000E+001  0.120535085028334E+003  0.449847947270715E+002  0.140104958338707E+001 -0.202002999661426E+001  0.119903689742073E+001  0.161898041322719E+001 -0.762657020629066E+001 -0.602675425141670E+002
  0.100000000000000E+001  0.248840613272065E+003  0.745785344921389E+002  0.269926917561713E+001  0.194777003226514E+001  0.145616102362546E+001 -0.364703920788226E+001 -0.762657020629066E+001 -0.124420306636033E+003
  0.100000000000000E+001  0.101386299465199E+003  0.580938055203846E+002  0.224001659930370E+001  0.106863865344609E+001  0.177016767688959E+001 -0.230865525274979E+001 -0.762657020629066E+001 -0.506931497325993E+002
  0.100000000000000E+001  0.969630422153312E+005  0.907669720501436E+002  0.290047751496668E+001 -0.226134573468391E+001  0.176947220999727E+000  0.360868219717238E+000 -0.762657020629066E+001 -0.484815211076656E+005
  0.100000000000000E+001  0.153625506795890E+004  0.842998418337030E+002  0.283709630381394E+001 -0.278117176766234E+001  0.132692012673994E+001  0.944075463848403E+000 -0.762657020629066E+001 -0.768127533979451E+003
  0.100000000000000E+001  0.105215679421064E+003  0.605582044709519E+002  0.215022160981015E+001  0.253933463070085E+001  0.849004488024860E+000 -0.368955624051101E+001 -0.762657020629066E+001 -0.526078397105320E+002
  0.100000000000000E+001  0.590805732460949E+004  0.984684117640999E+002  0.146553567369841E+001 -0.214129219290350E+000  0.456635827546460E+000 -0.251406454408059E+000 -0.762657020629066E+001 -0.295402866230474E+004
  0.100000000000000E+001  0.152341077961474E+004  0.921116650659839E+002  0.178424141903133E+001 -0.827289208273704E+000  0.100104112378587E+001  0.430477892423733E-001 -0.762657020629066E+001 -0.761705389807368E+003
  0.100000000000000E+001  0.241875227313303E+005  0.795319141840708E+002  0.164134405227191E+001 -0.485966471543565E+000  0.180746711263484E+000 -0.155377580728344E+000 -0.762657020629066E+001 -0.120937613656652E+005
  0.100000000000000E+001  0.672175032240717E+003  0.802059570490171E+002  0.167310274059126E+000 -0.194594064736497E+001  0.904216944210005E+000  0.277863037330584E+001 -0.762657020629066E+001 -0.336087516120358E+003
  0.100000000000000E+001  0.157397206657549E+003  0.524463373630414E+002  0.195907631797989E+001 -0.218684550019719E+001  0.186273081532083E+001  0.122776918221730E+001 -0.762657020629066E+001 -0.786986033287745E+002
  0.100000000000000E+001  0.219984742635081E+003  0.739631143717414E+002  0.141724782323662E+001  0.126085182588611E+001  0.826692193434646E+000 -0.167809964912273E+001 -0.762657020629066E+001 -0.109992371317541E+003
  0.100000000000000E+001  0.855325098964013E+003  0.954803814583364E+002  0.615275251915260E+000 -0.697979689426025E+000  0.926142966432659E+000  0.108270443751076E+001 -0.762657020629066E+001 -0.427662549482006E+003
  0.100000000000000E+001  0.369003212031103E+002  0.890533207462998E+002  0.738388444357485E+000  0.156502564103581E+001  0.129747910776406E+001 -0.130341408539329E+001 -0.762657020629066E+001 -0.184501606015552E+002
  0.100000000000000E+001  0.118210725569298E+004  0.527541133640976E+002  0.192728558937835E+001  0.965204461024522E+000  0.288416890379704E+000 -0.189249005040287E+001 -0.762657020629066E+001 -0.591053627846489E+003
  0.100000000000000E+001  0.966878340299446E+002  0.467299729393316E+002  0.189809796793742E+001 -0.978740203771213E+000  0.160251988997978E+001  0.806422358337953E-001 -0.762657020629066E+001 -0.483439170149723E+002
  0.100000000000000E+001  0.259433070084910E+003  0.496348424571202E+002  0.265494521662988E+001  0.255046530266085E+001  0.539857098091303E+000 -0.420541051929073E+001 -0.762657020629066E+001 -0.129716535042455E+003
  0.100000000000000E+001  0.768145959229702E+002  0.582092607486756E+002  0.486159248109502E+000 -0.116164342745193E+001  0.198898160104957E+001  0.167548417934243E+001 -0.762657020629066E+001 -0.384072979614851E+002
  0.100000000000000E+001  0.347046401898437E+002  0.669912614947550E+002  0.209657822247166E+000  0.431194939957749E-001  0.128250080183046E+001  0.747222683757059E+000 -0.762657020629066E+001 -0.173523200949219E+002
  0.100000000000000E+001  0.672409457048573E+002  0.481262009094856E+002  0.187681477698165E+001  0.490181844852479E+000  0.166748209199341E+001 -0.136699662183413E+001 -0.762657020629066E+001 -0.336204728524286E+002
  0.100000000000000E+001  0.173083231785812E+004  0.905810281196927E+002  0.191954152643958E+001 -0.623948950135322E+000  0.916278727192704E+000 -0.295592576304260E+000 -0.762657020629066E+001 -0.865416158929061E+003
  0.100000000000000E+001  0.148726839684557E+004  0.674885865168165E+002  0.177086769686938E+001 -0.107488381357776E+001  0.638736744013154E+000  0.304016116708376E+000 -0.762657020629066E+001 -0.743634198422787E+003
  0.100000000000000E+001  0.613851426963805E+003  0.413259985692019E+002  0.920370559874384E-002 -0.242891990619371E+000  0.274955109710928E+000  0.123368828502063E+001 -0.762657020629066E+001 -0.306925713481902E+003
  0.100000000000000E+001  0.118255648506757E+004  0.583978426682520E+002  0.110645544053471E+001 -0.119311282791224E+001  0.444181506145435E+000  0.108665738737753E+001 -0.762657020629066E+001 -0.591278242533786E+003
  0.100000000000000E+001  0.164748380430958E+004  0.830953671604535E+002  0.189300217915954E+001 -0.299812815999254E+001  0.111436983444783E+001  0.210512598083300E+001 -0.762657020629066E+001 -0.823741902154789E+003
  0.100000000000000E+001  0.104897625068273E+003  0.558155276020292E+002  0.277336137352224E+001  0.191162862157898E+001  0.157121785339910E+001 -0.368498999510121E+001 -0.762657020629066E+001 -0.524488125341363E+002
  0.100000000000000E+001  0.274817926390934E+005  0.843807936493669E+002  0.118014500024079E+001 -0.193193668800197E+001  0.211413648792406E+000  0.175179168776118E+001 -0.762657020629066E+001 -0.137408963195467E+005
  0.100000000000000E+001  0.612112525121824E+002  0.664642233926105E+002  0.175555510145326E+001  0.284731269376785E+001  0.197519814503098E+001 -0.360286779522110E+001 -0.762657020629066E+001 -0.306056262560912E+002
  0.100000000000000E+001  0.399001973455293E+003  0.858164291211638E+002  0.119086310406789E+001 -0.190912855950371E+001  0.190634824174934E+001  0.171826545543582E+001 -0.762657020629066E+001 -0.199500986727646E+003
  0.100000000000000E+001  0.112840326787947E+003  0.666020296917944E+002  0.157943333620398E+001  0.792897069786206E+000  0.151977034635620E+001 -0.137233040599018E+001 -0.762657020629066E+001 -0.564201633939735E+002
  0.100000000000000E+001  0.321572877306237E+004  0.988825194542269E+002  0.268669010880157E+001 -0.385434493249657E+000  0.871925065553639E+000 -0.130125561555192E+001 -0.762657020629066E+001 -0.160786438653118E+004
  0.100000000000000E+001  0.848780181667147E+002  0.534145843104289E+002  0.111731914720502E+001 -0.966491205584188E+000  0.183876449062552E+001  0.849172058379167E+000 -0.762657020629066E+001 -0.424390090833573E+002
  0.100000000000000E+001  0.140624820320327E+003  0.594520546041437E+002  0.143219574207933E+001  0.272470476953509E+001  0.726312468873480E+000 -0.315690051161441E+001 -0.762657020629066E+001 -0.703124101601633E+002
  0.100000000000000E+001  0.345956201452158E+003  0.902756133500928E+002  0.246160647312625E+001  0.240894110242554E+001  0.131276827393161E+001 -0.387054757555179E+001 -0.762657020629066E+001 -0.172978100726079E+003
  0.100000000000000E+001  0.556438431893815E+004  0.952384646936358E+002  0.119011319122791E+001 -0.451852402789887E+000  0.427705234090303E+000  0.261739211561980E+000 -0.762657020629066E+001 -0.278219215946907E+004
  0.100000000000000E+001  0.154622996717167E+004  0.549787001143249E+002  0.215672895619488E+001 -0.226721451720325E+000  0.415014901247131E+000 -0.930007504474558E+000 -0.762657020629066E+001 -0.773114983585833E+003
  0.100000000000000E+001  0.194843342965690E+003  0.612430731439452E+002  0.211184449687874E+001  0.101881108331780E+001  0.108037927874065E+001 -0.213065558019654E+001 -0.762657020629066E+001 -0.974216714828449E+002
  0.100000000000000E+001  0.124541799881060E+005  0.759263479713943E+002  0.215741434871515E+001 -0.475281862634378E+000  0.270278715433014E+000 -0.682132486080770E+000 -0.762657020629066E+001 -0.622708999405298E+004
  0.100000000000000E+001  0.106185937233023E+003  0.451111256170441E+002  0.501563408490797E+000 -0.244926992448023E+001  0.928881816991250E+000  0.294770651598943E+001 -0.762657020629066E+001 -0.530929686165115E+002
  0.100000000000000E+001  0.104402679194870E+003  0.547464193383823E+002  0.122847787838808E+001 -0.440736620761591E+000  0.122098566672031E+001  0.212258742373512E+000 -0.762657020629066E+001 -0.522013395974350E+002
  0.100000000000000E+001  0.719484191685056E+002  0.401648143688788E+002  0.191318072701705E+001 -0.113656097640647E+001  0.152247080500055E+001  0.223380249389424E+000 -0.762657020629066E+001 -0.359742095842528E+002
  0.100000000000000E+001  0.566319818014494E+002  0.610753672448898E+002  0.186553587524794E+001  0.292584405240796E+001  0.127898642193516E+001 -0.379137992765591E+001 -0.762657020629066E+001 -0.283159909007247E+002
  0.100000000000000E+001  0.990982473966984E+003  0.924678182122173E+002  0.199769097288779E+001 -0.218562003802053E+001  0.157934942272376E+001  0.118792906513275E+001 -0.762657020629066E+001 -0.495491236983492E+003
  0.100000000000000E+001  0.125122300882611E+003  0.946991913968723E+002  0.184612567725695E+000  0.135045372226628E+000  0.122696357898035E+001  0.680342060047677E+000 -0.762657020629066E+001 -0.625611504413053E+002
  0.100000000000000E+001  0.189530629812089E+003  0.713396830235463E+002  0.180288682995614E+001  0.368196238553210E+000  0.163298043448953E+001 -0.117108306850935E+001 -0.762657020629066E+001 -0.947653149060444E+002
  0.100000000000000E+001  0.233037652556068E+003  0.794223100046571E+002  0.201372021503345E+001  0.195660958339814E+001  0.112805229713843E+001 -0.297032979843159E+001 -0.762657020629066E+001 -0.116518826278034E+003
  0.100000000000000E+001  0.787678095506763E+003  0.673900772555032E+002  0.269692143832095E+001 -0.661981416971407E+000  0.104547704440587E+001 -0.103494002134954E+001 -0.762657020629066E+001 -0.393839047753381E+003
  0.100000000000000E+001  0.188233240127800E+004  0.677310103976069E+002  0.150203304808496E+001 -0.274602871335205E+001  0.690000293898723E+000  0.224399566526709E+001 -0.762657020629066E+001 -0.941166200638998E+003
  0.100000000000000E+001  0.248896904807281E+003  0.679593442063997E+002  0.267264439924041E+001 -0.189113533651471E+000  0.192755870894109E+001 -0.148353086558894E+001 -0.762657020629066E+001 -0.124448452403640E+003
  0.100000000000000E+001  0.121106441649708E+004  0.820413027492808E+002  0.712399813498824E+000 -0.110606728249918E+000  0.494601017670098E+000  0.398206914751094E+000 -0.762657020629066E+001 -0.605532208248538E+003
  0.100000000000000E+001  0.950971478288723E+004  0.916862402984678E+002  0.162278522263478E+001 -0.217187424279395E+001  0.461596651253110E+000  0.154908902015917E+001 -0.762657020629066E+001 -0.475485739144362E+004
  0.100000000000000E+001  0.209640058469805E+003  0.490630884409407E+002  0.270173701632805E+001  0.232009186037898E+000  0.102632503183005E+001 -0.193374620236595E+001 -0.762657020629066E+001 -0.104820029234903E+003
  0.100000000000000E+001  0.263149182467562E+003  0.759088815564981E+002  0.139024137363289E+000 -0.213626180054785E+001  0.143384779509392E+001  0.299723766318456E+001 -0.762657020629066E+001 -0.131574591233781E+003
  0.100000000000000E+001  0.340453552519448E+003  0.553621161010647E+002  0.225142326424250E+001 -0.120082997764723E+001  0.112560331394007E+001 -0.505932865952716E-001 -0.762657020629066E+001 -0.170226776259724E+003
  0.100000000000000E+001  0.152206230486698E+005  0.638475666822377E+002  0.255794177843780E+001 -0.283036166831925E+000  0.198718848722827E+000 -0.127490561160588E+001 -0.762657020629066E+001 -0.761031152433488E+004
  0.100000000000000E+001  0.985096054152735E+002  0.476073832948407E+002  0.278608557790461E+001  0.697116439921918E+000  0.162373479864154E+001 -0.248320201782653E+001 -0.762657020629066E+001 -0.492548027076368E+002
  0.100000000000000E+001  0.907946805138556E+002  0.962897654824989E+002  0.874522725009591E+000  0.150479787877851E+001  0.107648578216647E+001 -0.137932060378811E+001 -0.762657020629066E+001 -0.453973402569278E+002
  0.100000000000000E+001  0.140652136650552E+003  0.538880009779481E+002  0.271430260986166E+001  0.109160672233561E+001  0.136361265036717E+001 -0.280590933219727E+001 -0.762657020629066E+001 -0.703260683252758E+002
  0.100000000000000E+001  0.220544525847613E+003  0.897788718850393E+002  0.177106708945596E+001  0.179617038289948E+001  0.135574243918947E+001 -0.256723747235544E+001 -0.762657020629066E+001 -0.110272262923806E+003
  0.100000000000000E+001  0.368667682383067E+004  0.844772004133937E+002  0.137113469647675E+000 -0.685655793956342E+000  0.263467444294545E+000  0.154854232430867E+001 -0.762657020629066E+001 -0.184333841191534E+004
  0.100000000000000E+001  0.790264755856091E+002  0.497993016462396E+002  0.404509342162130E+000  0.133123490222785E+001  0.133464523077523E+001 -0.735744244389984E+000 -0.762657020629066E+001 -0.395132377928046E+002
  0.100000000000000E+001  0.150220845767807E+004  0.458961452271344E+002  0.203637503571936E+001  0.359504070389818E+000  0.247718436912231E+000 -0.139587910610918E+001 -0.762657020629066E+001 -0.751104228839036E+003
  0.100000000000000E+001  0.615458083974163E+002  0.606700351795606E+002  0.123376479690985E+001  0.161749892611803E+001  0.571147822877604E+000 -0.185126372302788E+001 -0.762657020629066E+001 -0.307729041987081E+002
  0.100000000000000E+001  0.231755823819755E+002  0.756001590414274E+002  0.727020023145993E+000  0.128039638337530E+001  0.733349152220485E+000 -0.100741640652129E+001 -0.762657020629066E+001 -0.115877911909878E+002
  0.100000000000000E+001  0.179053655284460E+003  0.772115219232124E+002  0.161299169001953E+001  0.796301079861442E+000  0.155989515107235E+001 -0.140929276988097E+001 -0.762657020629066E+001 -0.895268276422298E+002
  0.100000000000000E+001  0.394150652663847E+003  0.799340054520496E+002  0.117501872464324E+001  0.663286256329905E+000  0.808653013215345E+000 -0.838304980973148E+000 -0.762657020629066E+001 -0.197075326331923E+003
  0.100000000000000E+001  0.153558522682968E+003  0.608969174595033E+002  0.180345455248431E+001 -0.752472274142961E+000  0.186664762292353E+001 -0.509822783413458E-001 -0.762657020629066E+001 -0.767792613414840E+002
  0.100000000000000E+001  0.668383004717286E+003  0.907559137618989E+002  0.272697899082339E+001 -0.855290056098440E+000  0.186911624376839E+001 -0.871688934724954E+000 -0.762657020629066E+001 -0.334191502358643E+003
  0.100000000000000E+001  0.948407983293962E+002  0.529113636494382E+002  0.237086052551941E+001  0.110254447199244E+001  0.152668980302074E+001 -0.247340499751186E+001 -0.762657020629066E+001 -0.474203991646981E+002
  0.100000000000000E+001  0.198431734432722E+003  0.689887357591522E+002  0.129195090818651E+001 -0.122424909845574E+001  0.182426537544845E+001  0.932298190269233E+000 -0.762657020629066E+001 -0.992158672163608E+002
  0.100000000000000E+001  0.161102356378831E+005  0.713290629756249E+002  0.158944222839547E+001 -0.158318713728378E+001  0.221958119961034E+000  0.993744908888317E+000 -0.762657020629066E+001 -0.805511781894157E+004
  0.100000000000000E+001  0.126741085631730E+003  0.464175938313955E+002  0.194113683753824E+001 -0.185974689819523E+000  0.968597422452483E+000 -0.755162147718720E+000 -0.762657020629066E+001 -0.633705428158650E+002
  0.100000000000000E+001  0.719234300267386E+002  0.959826860867246E+002  0.816192343200485E+000  0.137006241336070E+001  0.168795340453905E+001 -0.118625475656118E+001 -0.762657020629066E+001 -0.359617150133693E+002
  0.100000000000000E+001  0.298468455238267E+003  0.602406914602918E+002  0.223734429109585E+001 -0.128544136668833E+001  0.144704785536183E+001  0.480970755924797E-001 -0.762657020629066E+001 -0.149234227619133E+003
  0.100000000000000E+001  0.556214598533504E+002  0.523801665914735E+002  0.132997543043757E+001  0.573831282072003E+000  0.166325176412578E+001 -0.903806712509578E+000 -0.762657020629066E+001 -0.278107299266752E+002
  0.100000000000000E+001  0.522026462755632E+005  0.861572241253672E+002  0.235091100897287E+001 -0.152861047312959E+001  0.191822180615014E+000  0.177699464156724E+000 -0.762657020629066E+001 -0.261013231377816E+005
  0.100000000000000E+001  0.198967545291994E+004  0.750624357091616E+002  0.102923217998010E+001  0.380402637236621E-001  0.372924278923737E+000 -0.672724437037646E-001 -0.762657020629066E+001 -0.994837726459970E+003
  0.100000000000000E+001  0.125318956222961E+003  0.672258401485311E+002  0.284998873058830E+001  0.284016744197011E+001  0.160232372197971E+001 -0.469015617255841E+001 -0.762657020629066E+001 -0.626594781114806E+002
  0.100000000000000E+001  0.228620155075507E+004  0.910580349411605E+002  0.950816591139987E+000  0.682481798978495E+000  0.366383798509008E+000 -0.633298390118483E+000 -0.762657020629066E+001 -0.114310077537753E+004
  0.100000000000000E+001  0.937818532162462E+004  0.913105923998549E+002  0.292237190097604E+001 -0.277838688741258E+001  0.599157576550443E+000  0.856014986436545E+000 -0.762657020629066E+001 -0.468909266081231E+004
  0.100000000000000E+001  0.105717978861465E+003  0.874481393888387E+002  0.185607817749548E+001  0.233408660855894E+001  0.193079142601903E+001 -0.319016478605442E+001 -0.762657020629066E+001 -0.528589894307327E+002
  0.100000000000000E+001  0.799474280084751E+003  0.532747894232138E+002  0.168076755133845E+001 -0.120907893959082E+001  0.560996296607065E+000  0.528311388252375E+000 -0.762657020629066E+001 -0.399737140042376E+003
  0.100000000000000E+001  0.515395247440475E+003  0.524896886835313E+002  0.206752186127251E+001  0.186783264398854E+000  0.572271985801779E+000 -0.125430512567137E+001 -0.762657020629066E+001 -0.257697623720237E+003
  0.100000000000000E+001  0.190053246250118E+003  0.719730772397842E+002  0.287679263697713E+001  0.266870673193904E+001  0.144003191115960E+001 -0.454549936891617E+001 -0.762657020629066E+001 -0.950266231250591E+002
  0.100000000000000E+001  0.281291312450284E+003  0.962229853129424E+002  0.164548325461088E+001  0.185557937245176E+001  0.117632731879860E+001 -0.250106262706263E+001 -0.762657020629066E+001 -0.140645656225142E+003
  0.100000000000000E+001  0.208426842659322E+004  0.588317132166716E+002  0.294603288661403E+001  0.196352733876363E+001  0.342840864924068E+000 -0.390956022537766E+001 -0.762657020629066E+001 -0.104213421329661E+004
  0.100000000000000E+001  0.538147262293702E+003  0.954479586919819E+002  0.153406644355763E+001 -0.145971075129989E+001  0.191700105356410E+001  0.925644307742257E+000 -0.762657020629066E+001 -0.269073631146851E+003
  0.100000000000000E+001  0.443729743359677E+003  0.684507198654788E+002  0.193245775666531E+001 -0.211278613710224E+001  0.151158491092015E+001  0.118032838043693E+001 -0.762657020629066E+001 -0.221864871679839E+003
  0.100000000000000E+001  0.102695819618320E+003  0.870914591073502E+002  0.653572278443352E+000  0.209543700271694E+001  0.150762234597733E+001 -0.174900928116029E+001 -0.762657020629066E+001 -0.513479098091600E+002
  0.100000000000000E+001  0.667513942650168E+002  0.571083604811031E+002  0.170300674080940E+001  0.295473259659432E+001  0.199724315108408E+001 -0.365773933740372E+001 -0.762657020629066E+001 -0.333756971325084E+002
  0.100000000000000E+001  0.163578266674577E+004  0.537658237100534E+002  0.237931300318402E+001 -0.187068059857102E+001  0.539608243687016E+000  0.491367595386999E+000 -0.762657020629066E+001 -0.817891333372886E+003
  0.100000000000000E+001  0.489695502747965E+003  0.936268111627581E+002  0.184202456098397E+001  0.249785256952238E+001  0.697338373982726E+000 -0.333987713050634E+001 -0.762657020629066E+001 -0.244847751373983E+003
  0.100000000000000E+001  0.755864519674367E+003  0.814724235576414E+002  0.278354116351088E+001 -0.130460523414739E+001  0.158355809999683E+001 -0.478935929363490E+000 -0.762657020629066E+001 -0.377932259837183E+003
  0.100000000000000E+001  0.921750506313113E+002  0.407147836864261E+002  0.430622985902595E+000 -0.290863510083282E+001  0.856487179735768E+000  0.347801211493022E+001 -0.762657020629066E+001 -0.460875253156556E+002
  0.100000000000000E+001  0.119559165991840E+004  0.912277212233926E+002  0.298053215020983E+001 -0.112218990059029E+001  0.147945352127092E+001 -0.858342249619540E+000 -0.762657020629066E+001 -0.597795829959199E+003
  0.100000000000000E+001  0.302143414946156E+003  0.672186652559061E+002  0.956191242119871E-001 -0.291879896248645E+001  0.124522783525416E+001  0.382317983827446E+001 -0.762657020629066E+001 -0.151071707473078E+003
  0.100000000000000E+001  0.565152491829440E+003  0.686315744407346E+002  0.284323391518909E+001 -0.207992496517780E+001  0.157018618289602E+001  0.236691049988708E+000 -0.762657020629066E+001 -0.282576245914720E+003
  0.100000000000000E+001  0.131091762423145E+003  0.727655827336455E+002  0.999536368880421E+000 -0.114149712990294E+000  0.167748105295918E+001  0.114613344109873E+000 -0.762657020629066E+001 -0.655458812115726E+002
  0.100000000000000E+001  0.110149560534272E+004  0.878027807657921E+002  0.128594323739354E+001 -0.105062381989011E+000  0.801172354524609E+000 -0.180880855404531E+000 -0.762657020629066E+001 -0.550747802671359E+003
  0.100000000000000E+001  0.409388027435455E+003  0.747816167716808E+002  0.183785276493380E+001 -0.249906542071500E+001  0.189716072354558E+001  0.166121265578120E+001 -0.762657020629066E+001 -0.204694013717728E+003
  0.100000000000000E+001  0.245623604124810E+003  0.721969369332496E+002  0.206222640235030E+001  0.227497830885057E+001  0.794761929552219E+000 -0.333720471120087E+001 -0.762657020629066E+001 -0.122811802062405E+003
  0.100000000000000E+001  0.311397900597364E+004  0.817259637576778E+002  0.250714577528594E+001  0.172633971956811E+001  0.439762105974029E+000 -0.323348549485405E+001 -0.762657020629066E+001 -0.155698950298682E+004
  0.100000000000000E+001  0.859634270416273E+003  0.758091643859065E+002  0.271407188562971E+001 -0.280653886921324E+001  0.152572236196026E+001  0.109246698358353E+001 -0.762657020629066E+001 -0.429817135208137E+003
  0.100000000000000E+001  0.695105713282153E+002  0.675052390708752E+002  0.804039288922836E+000  0.128068700364386E+001  0.390136256324485E+000 -0.108472629256669E+001 -0.762657020629066E+001 -0.347552856641076E+002
  0.100000000000000E+001  0.109388412806869E+003  0.766781043775049E+002  0.169523887737338E+001  0.166388577224077E+001  0.159163210743799E+001 -0.235912464961415E+001 -0.762657020629066E+001 -0.546942064034347E+002
  0.100000000000000E+001  0.156809297306969E+003  0.454334904358210E+002  0.192712482962146E+001  0.779691445174977E+000  0.608027110070528E+000 -0.170681627479644E+001 -0.762657020629066E+001 -0.784046486534845E+002
  0.100000000000000E+001  0.240373958009476E+003  0.520847861481745E+002  0.137343668761180E+001 -0.117159026295095E+001  0.872897810547404E+000  0.798153575339147E+000 -0.762657020629066E+001 -0.120186979004738E+003
  0.100000000000000E+001  0.928695936489424E+003  0.980436272418682E+002  0.208636015946615E+001 -0.780853224032825E+000  0.151666918156979E+001 -0.305506935433322E+000 -0.762657020629066E+001 -0.464347968244712E+003
  0.100000000000000E+001  0.954947302385895E+002  0.677450252643891E+002  0.858624143324519E-001 -0.109919974773091E+001  0.133091398788084E+001  0.201333733339846E+001 -0.762657020629066E+001 -0.477473651192948E+002
  0.100000000000000E+001  0.247982005207263E+003  0.846677960818173E+002  0.266838090372088E+001  0.204778076592704E+001  0.179248494912762E+001 -0.371616166964793E+001 -0.762657020629066E+001 -0.123991002603632E+003
  0.100000000000000E+001  0.562518222552155E+003  0.866565773759509E+002  0.166327508670008E+001 -0.121866593396603E+001  0.159659433785250E+001  0.555390847265953E+000 -0.762657020629066E+001 -0.281259111276078E+003
  0.100000000000000E+001  0.168145199945619E+004  0.801183800305995E+002  0.288728919702370E+001  0.761013087439834E+000  0.793371752120464E+000 -0.264830228446353E+001 -0.762657020629066E+001 -0.840725999728093E+003
  0.100000000000000E+001  0.172154283440633E+004  0.568192505588254E+002  0.247154789507208E+001 -0.311706085609787E+000  0.469819578230546E+000 -0.115984180946229E+001 -0.762657020629066E+001 -0.860771417203164E+003
  0.100000000000000E+001  0.648550257631166E+004  0.838805552521010E+002  0.122287887393895E+001 -0.535208348741572E+000  0.332453795697442E+000  0.312329474802622E+000 -0.762657020629066E+001 -0.324275128815583E+004
  0.100000000000000E+001  0.332381179236239E+002  0.785377276639055E+002  0.417556752315093E+000  0.831268202562862E+000  0.626853165680184E+000 -0.248824954877955E+000 -0.762657020629066E+001 -0.166190589618120E+002
  0.100000000000000E+001  0.146503065097061E+003  0.563927654593441E+002  0.764524963462653E+000 -0.186102729927052E+001  0.132621561099010E+001  0.209650233580787E+001 -0.762657020629066E+001 -0.732515325485307E+002
  0.100000000000000E+001  0.192588411291022E+003  0.720940692897437E+002  0.275194542154097E+001  0.213319120853002E+001  0.157763099379421E+001 -0.388513663007099E+001 -0.762657020629066E+001 -0.962942056455109E+002
  0.100000000000000E+001  0.686023226470323E+004  0.691510742011338E+002  0.268177846527866E+001 -0.254701446726148E+001  0.450712557215728E+000  0.865236001982829E+000 -0.762657020629066E+001 -0.343011613235161E+004
  0.100000000000000E+001  0.114179476187256E+004  0.724712875068663E+002  0.286399150488298E+001 -0.760315913696770E+000  0.101608878900881E+001 -0.110367559118621E+001 -0.762657020629066E+001 -0.570897380936280E+003
  0.100000000000000E+001  0.408640396950698E+004  0.935359767056832E+002  0.418537498644887E+000 -0.165674230252841E+001  0.486306178966192E+000  0.223820480388352E+001 -0.762657020629066E+001 -0.204320198475349E+004
  0.100000000000000E+001  0.111467854104330E+004  0.842788080602553E+002  0.607904968573578E+000 -0.175903833115882E+001  0.859515893381813E+000  0.215113336258524E+001 -0.762657020629066E+001 -0.557339270521649E+003
  0.100000000000000E+001  0.177525717991120E+004  0.919555813409378E+002  0.272281166844431E+001 -0.268900660955538E+000  0.105594045348676E+001 -0.145391100748877E+001 -0.762657020629066E+001 -0.887628589955602E+003
  0.100000000000000E+001  0.445082770786650E+002  0.485525582815605E+002  0.506725443988795E+000 -0.923683072417814E+000  0.113648189633761E+001  0.141695762842902E+001 -0.762657020629066E+001 -0.222541385393325E+002
  0.100000000000000E+001  0.255499618463243E+004  0.890773563866410E+002  0.223770574358916E+001  0.332857316187819E+000  0.680304447440851E+000 -0.157056305977698E+001 -0.762657020629066E+001 -0.127749809231621E+004
  0.100000000000000E+001  0.210497351402484E+005  0.978443813006159E+002  0.281294683432891E+001  0.817886916106634E-001  0.324934320543231E+000 -0.189473552593957E+001 -0.762657020629066E+001 -0.105248675701242E+005
  0.100000000000000E+001  0.936239333510983E+002  0.468882944045091E+002  0.182436402875181E+001  0.918988759239105E+000  0.760038518592955E+000 -0.174335278799091E+001 -0.762657020629066E+001 -0.468119666755491E+002
  0.100000000000000E+001  0.810604216286211E+002  0.423918943532488E+002  0.164594907781545E+001 -0.105295426407980E+001  0.120107752944913E+001  0.407005186264352E+000 -0.762657020629066E+001 -0.405302108143106E+002
  0.100000000000000E+001  0.324172839889414E+003  0.739995175198964E+002  0.220016097272676E+001  0.853739034094669E-001  0.155386768325726E+001 -0.128553487613623E+001 -0.762657020629066E+001 -0.162086419944707E+003
  0.100000000000000E+001  0.317902888545966E+003  0.918647788560779E+002  0.267869028672958E+001  0.212385032143317E+001  0.173742359084172E+001 -0.380254060816276E+001 -0.762657020629066E+001 -0.158951444272983E+003
  0.100000000000000E+001  0.787525604358183E+004  0.914880268394194E+002  0.213784150166703E+001 -0.124525663731561E-001  0.416910825114827E+000 -0.112538893529387E+001 -0.762657020629066E+001 -0.393762802179092E+004
  0.100000000000000E+001  0.197976955566001E+003  0.523320738583360E+002  0.483538692508459E+000 -0.289168664151145E+001  0.106313166486176E+001  0.340814794900299E+001 -0.762657020629066E+001 -0.989884777830003E+002
  0.100000000000000E+001  0.105807702254954E+004  0.835507213656925E+002  0.172168637435914E+001 -0.123421177978441E+001  0.109205404573438E+001  0.512525405425271E+000 -0.762657020629066E+001 -0.529038511274770E+003
  0.100000000000000E+001  0.502458554218304E+003  0.934360368859522E+002  0.208391232332692E+001 -0.941799800532666E-001  0.177609244046931E+001 -0.989732343273650E+000 -0.762657020629066E+001 -0.251229277109152E+003
  0.100000000000000E+001  0.987150806774790E+002  0.423294481636495E+002  0.284447271410806E+001 -0.102725468963564E+001  0.192412260464809E+001 -0.817218024472426E+000 -0.762657020629066E+001 -0.493575403387395E+002
  0.100000000000000E+001  0.746609972743605E+004  0.905749811835443E+002  0.248775440358063E+001 -0.276119465738727E+001  0.626563240958865E+000  0.127344025380665E+001 -0.762657020629066E+001 -0.373304986371802E+004
  0.100000000000000E+001  0.195955097167711E+003  0.575379417127118E+002  0.253193375987480E+001 -0.117960633139579E+001  0.188418301758472E+001 -0.352327428479008E+000 -0.762657020629066E+001 -0.979775485838556E+002
  0.100000000000000E+001  0.270327702903581E+003  0.660646938700874E+002  0.181063692106097E+001 -0.447589803154022E+000  0.136496630608988E+001 -0.363047117906951E+000 -0.762657020629066E+001 -0.135163851451790E+003
  0.100000000000000E+001  0.800970036450310E+002  0.928824051023699E+002  0.166058860809234E+001  0.284621630528715E+001  0.152163419994311E+001 -0.350680491337949E+001 -0.762657020629066E+001 -0.400485018225155E+002
  0.100000000000000E+001  0.631618548979710E+003  0.542999091429757E+002  0.253107419421490E+001 -0.287306193602172E+001  0.103549582716167E+001  0.134198774180682E+001 -0.762657020629066E+001 -0.315809274489855E+003
  0.100000000000000E+001  0.656049306672813E+004  0.931890933534432E+002  0.781519485469465E+000 -0.173034735581582E+000  0.292679627111070E+000  0.391515250112117E+000 -0.762657020629066E+001 -0.328024653336406E+004
  0.100000000000000E+001  0.575618409237767E+002  0.515320346510661E+002  0.282551108170938E-001 -0.180858434656333E+001  0.120801763843376E+001  0.278032923574624E+001 -0.762657020629066E+001 -0.287809204618884E+002
  0.100000000000000E+001  0.501690747962440E+002  0.477895009242863E+002  0.100250662090849E+001  0.847429879285082E-001  0.174190543584079E+001 -0.872496088369965E-001 -0.762657020629066E+001 -0.250845373981220E+002
  0.100000000000000E+001  0.595681258467819E+003  0.812612509820454E+002  0.506388730795464E+000 -0.118258797547814E+001  0.917989822125934E+000  0.167619924468267E+001 -0.762657020629066E+001 -0.297840629233909E+003
  0.100000000000000E+001  0.568589403430279E+002  0.608274830605069E+002  0.102492196916233E+001  0.992951056375282E+000  0.689935654549933E+000 -0.101787302553761E+001 -0.762657020629066E+001 -0.284294701715139E+002
  0.100000000000000E+001  0.200077877790273E+004  0.853494997912740E+002  0.187989588456093E+001 -0.295473322544479E+001  0.104158051127714E+001  0.207483734088386E+001 -0.762657020629066E+001 -0.100038938895136E+004
  0.100000000000000E+001  0.101226291394834E+004  0.904510745603416E+002  0.107954914234082E+001  0.129320320092253E+001  0.420545998814881E+000 -0.137275234326335E+001 -0.762657020629066E+001 -0.506131456974170E+003
  0.100000000000000E+001  0.407497364983863E+002  0.405137942470893E+002  0.360145994918362E+000 -0.474877390300581E+000  0.795147809839925E+000  0.111473139538222E+001 -0.762657020629066E+001 -0.203748682491931E+002
  0.100000000000000E+001  0.369202835938174E+003  0.461268186141095E+002  0.185051916296949E+001 -0.138673199938188E+001  0.677913610860004E+000  0.536212836412394E+000 -0.762657020629066E+001 -0.184601417969087E+003
  0.100000000000000E+001  0.145247233997627E+003  0.758392179659077E+002  0.142844594852844E+001  0.742381099760481E+000  0.157070928956485E+001 -0.117082704828892E+001 -0.762657020629066E+001 -0.726236169988135E+002
  0.100000000000000E+001  0.331048538464667E+003  0.710295559814645E+002  0.178171713263447E+000  0.142073313853902E+001  0.793086570924853E+000 -0.598904851802472E+000 -0.762657020629066E+001 -0.165524269232333E+003
  0.100000000000000E+001  0.582423010775421E+005  0.744218148432430E+002  0.181595230651877E+001 -0.214229437847771E+001  0.142424182022458E+000  0.132634207195894E+001 -0.762657020629066E+001 -0.291211505387711E+005
  0.100000000000000E+001  0.274928698705201E+003  0.565712035697668E+002  0.552978714532812E+000 -0.262941178504469E+001  0.100941022873948E+001  0.307643307051188E+001 -0.762657020629066E+001 -0.137464349352600E+003
  0.100000000000000E+001  0.366126517232321E+005  0.815625275366000E+002  0.165954584909140E+001 -0.286594358811075E+001  0.217595017024711E+000  0.220639773901935E+001 -0.762657020629066E+001 -0.183063258616160E+005
  0.100000000000000E+001  0.430577581137610E+004  0.897937864151374E+002  0.166623668190110E+001 -0.118402651246681E+001  0.586381867927021E+000  0.517789830565708E+000 -0.762657020629066E+001 -0.215288790568805E+004
  0.100000000000000E+001  0.159133484609811E+004  0.925004862729854E+002  0.168888470987060E+001 -0.159071297254819E+001  0.107914363563338E+001  0.901828262677589E+000 -0.762657020629066E+001 -0.795667423049054E+003
  0.100000000000000E+001  0.419590151751809E+004  0.522594140394428E+002  0.540820426634018E+000  0.164227638703474E+001  0.166232119941061E+000 -0.118309681366876E+001 -0.762657020629066E+001 -0.209795075875904E+004
  0.100000000000000E+001  0.281626495187802E+003  0.691346190024528E+002  0.162745898282251E+001 -0.722622765779526E+000  0.144967125935264E+001  0.951637829570147E-001 -0.762657020629066E+001 -0.140813247593901E+003
  0.100000000000000E+001  0.110728417600681E+004  0.486467541531991E+002  0.122871788130873E+001  0.930319440182421E+000  0.170813227790434E+000 -0.115903732149115E+001 -0.762657020629066E+001 -0.553642088003405E+003
  0.100000000000000E+001  0.840240411606605E+003  0.796434774093883E+002  0.220041497757520E+001  0.616935617165637E+000  0.933468051067319E+000 -0.181735059474083E+001 -0.762657020629066E+001 -0.420120205803302E+003
  0.100000000000000E+001  0.800943044861634E+002  0.578652906458559E+002  0.159569468068845E+001  0.154132740181146E+001  0.792973295167247E+000 -0.213702208249991E+001 -0.762657020629066E+001 -0.400471522430817E+002
  0.100000000000000E+001  0.655524140834065E+002  0.447439518781890E+002  0.194382736379249E+001  0.259144835314839E+000  0.181262212673853E+001 -0.120297219910732E+001 -0.762657020629066E+001 -0.327762070417032E+002
  0.100000000000000E+001  0.109746625715228E+003  0.464651307070154E+002  0.225531475424946E+001 -0.146964088562161E+001  0.190009805915603E+001  0.214326131372147E+000 -0.762657020629066E+001 -0.548733128576138E+002
  0.100000000000000E+001  0.873475504430096E+003  0.738060174980510E+002  0.170034429974553E+001 -0.279868417216342E+001  0.122703179967485E+001  0.209833987241789E+001 -0.762657020629066E+001 -0.436737752215048E+003
  0.100000000000000E+001  0.276795307283924E+004  0.816329751261183E+002  0.281487730907649E+001  0.254761114465199E+001  0.432921600698190E+000 -0.436248845372848E+001 -0.762657020629066E+001 -0.138397653641962E+004
  0.100000000000000E+001  0.820437503165512E+002  0.506945192649848E+002  0.207104451498706E+001  0.821169182402216E+000  0.137025450887974E+001 -0.189221369738927E+001 -0.762657020629066E+001 -0.410218751582756E+002
  0.100000000000000E+001  0.287811581261877E+003  0.865734707332509E+002  0.925512234690972E+000 -0.120923115892282E+000  0.135450731187540E+001  0.195410881201310E+000 -0.762657020629066E+001 -0.143905790630938E+003
  0.100000000000000E+001  0.315104443099945E+004  0.782344712943975E+002  0.448739717685277E+000 -0.700551257979416E+000  0.302510040759437E+000  0.125181154029414E+001 -0.762657020629066E+001 -0.157552221549972E+004
  0.100000000000000E+001  0.159408570916868E+003  0.786183040130088E+002  0.172645239063518E+001  0.235329337941018E+001  0.811747518486175E+000 -0.307974577004535E+001 -0.762657020629066E+001 -0.797042854584340E+002
  0.100000000000000E+001  0.500139465891493E+002  0.708469273514164E+002  0.798660379667147E+000  0.158025881948779E+001  0.197121185017610E+001 -0.137891919915494E+001 -0.762657020629066E+001 -0.250069732945747E+002
  0.100000000000000E+001  0.236309572626051E+003  0.660313694409272E+002  0.285812684087007E+001  0.129248862272391E+001  0.149453963588270E+001 -0.315061546359398E+001 -0.762657020629066E+001 -0.118154786313025E+003
  0.100000000000000E+001  0.101144960485784E+003  0.984300865097214E+002  0.113687317724833E+001  0.190175925101416E+001  0.115727615529692E+001 -0.203863242826249E+001 -0.762657020629066E+001 -0.505724802428922E+002
  0.100000000000000E+001  0.159778502456720E+004  0.820116918389304E+002  0.168493444914398E+001 -0.187962335650044E+001  0.935804367780145E+000  0.119468890735645E+001 -0.762657020629066E+001 -0.798892512283602E+003
  0.100000000000000E+001  0.618357114629789E+004  0.596700511951708E+002  0.214464227957190E+001  0.160657231274990E+001  0.151705261517790E+000 -0.275121459232181E+001 -0.762657020629066E+001 -0.309178557314894E+004
  0.100000000000000E+001  0.226475733640409E+003  0.482096583535674E+002  0.115207897737779E+001 -0.280011635094862E+001  0.102172022988178E+001  0.264803737357084E+001 -0.762657020629066E+001 -0.113237866820204E+003
  0.100000000000000E+001  0.539204832113887E+004  0.759666773159861E+002  0.156748439598983E+000 -0.196244722222469E+001  0.288536867368195E+000  0.280569878262570E+001 -0.762657020629066E+001 -0.269602416056944E+004
  0.100000000000000E+001  0.227977257924516E+003  0.899835721812113E+002  0.198228409894656E+000  0.513449656659856E+000  0.471482676363299E+000  0.288321933445488E+000 -0.762657020629066E+001 -0.113988628962258E+003
  0.100000000000000E+001  0.115874975348308E+003  0.417241859235337E+002  0.266966312750236E+001 -0.100901272854976E+001  0.136374856120510E+001 -0.660650398952592E+000 -0.762657020629066E+001 -0.579374876741539E+002
  0.100000000000000E+001  0.156434689801666E+003  0.612145932685402E+002  0.890716862530032E+000 -0.234079307725243E+001  0.191726974571787E+001  0.245007621472240E+001 -0.762657020629066E+001 -0.782173449008331E+002
  0.100000000000000E+001  0.152872134913641E+003  0.575200652480640E+002  0.951302510161413E+000 -0.287726635020912E+001  0.196671382344056E+001  0.292596384004771E+001 -0.762657020629066E+001 -0.764360674568206E+002
  0.100000000000000E+001  0.770830732240058E+002  0.848662446654288E+002  0.170098485053027E+001  0.282575994862477E+001  0.124415642892202E+001 -0.352674479915504E+001 -0.762657020629066E+001 -0.385415366120029E+002
  0.100000000000000E+001  0.146547169737890E+003  0.637509779570032E+002  0.974216862722055E+000 -0.115790159245294E+001  0.162510993669267E+001  0.118368472973088E+001 -0.762657020629066E+001 -0.732735848689448E+002
  0.100000000000000E+001  0.204923685291561E+003  0.936934197065492E+002  0.218373451275770E+001  0.238832465088424E+001  0.165681335594923E+001 -0.357205916364193E+001 -0.762657020629066E+001 -0.102461842645780E+003
  0.100000000000000E+001  0.605149262611423E+002  0.473978486496946E+002  0.130680972001944E+000 -0.218060240681527E+001  0.183350273699664E+001  0.304992143481333E+001 -0.762657020629066E+001 -0.302574631305711E+002
  0.100000000000000E+001  0.170397860708325E+004  0.950404337962200E+002  0.113965289188403E+001 -0.286479547281289E+001  0.114472094268782E+001  0.272514258092886E+001 -0.762657020629066E+001 -0.851989303541627E+003
  0.100000000000000E+001  0.132365420102089E+004  0.978279556025996E+002  0.205583355421216E+001  0.236511811800994E+001  0.588088972379504E+000 -0.342095167222210E+001 -0.762657020629066E+001 -0.661827100510444E+003
  0.100000000000000E+001  0.217708057853119E+003  0.706001333497153E+002  0.211438246897002E+001  0.831927203518434E+000  0.146904348572830E+001 -0.194630967248845E+001 -0.762657020629066E+001 -0.108854028926560E+003
  0.100000000000000E+001  0.107643219055604E+004  0.912966793183248E+002  0.209301442158776E+001  0.134219250142021E+001  0.832539882639958E+000 -0.243520692300797E+001 -0.762657020629066E+001 -0.538216095278022E+003
  0.100000000000000E+001  0.334867994525391E+003  0.785075995096710E+002  0.221342281409230E+001 -0.332689619202394E+000  0.184304215605541E+001 -0.880733194889909E+000 -0.762657020629066E+001 -0.167433997262695E+003
  0.100000000000000E+001  0.129536697336231E+004  0.807301822784410E+002  0.147973920068769E+001 -0.236008020579481E+001  0.103897675431904E+001  0.188034100510712E+001 -0.762657020629066E+001 -0.647683486681153E+003
  0.100000000000000E+001  0.147900622509926E+003  0.692236577982000E+002  0.286240125068813E+000 -0.144345685201977E+001  0.144959403456070E+001  0.215721672695096E+001 -0.762657020629066E+001 -0.739503112549629E+002
  0.100000000000000E+001  0.395711458085535E+003  0.983994139053860E+002  0.161765953767298E+001  0.201553374216923E+001  0.907513166796662E+000 -0.263319327984221E+001 -0.762657020629066E+001 -0.197855729042768E+003
  0.100000000000000E+001  0.116539709858164E+003  0.789166005666776E+002  0.657624047795543E+000  0.793373249132908E+000  0.709984761425566E+000 -0.450997296928451E+000 -0.762657020629066E+001 -0.582698549290820E+002
  0.100000000000000E+001  0.401106184356337E+004  0.501382951108586E+002  0.283805102138921E+001 -0.170024109325914E+001  0.330310886898744E+000 -0.137809928130073E+000 -0.762657020629066E+001 -0.200553092178169E+004
  0.100000000000000E+001  0.743371070456033E+002  0.645185708927761E+002  0.131968396226443E+001  0.886890656051236E+000  0.151127823294190E+001 -0.120657461831567E+001 -0.762657020629066E+001 -0.371685535228017E+002
  0.100000000000000E+001  0.164878448692792E+003  0.667721782177329E+002  0.280971257963754E+000 -0.172393804900093E+001  0.136256121487129E+001  0.244296679103718E+001 -0.762657020629066E+001 -0.824392243463962E+002
  0.100000000000000E+001  0.518179217644937E+003  0.780082241916879E+002  0.136586531338385E+001  0.359915591860353E+000  0.855729620119817E+000 -0.725780905244205E+000 -0.762657020629066E+001 -0.259089608822469E+003
  0.100000000000000E+001  0.627112441091400E+003  0.885052726875180E+002  0.173020829537553E+001  0.108851985402834E+001  0.940603862939576E+000 -0.181872814940387E+001 -0.762657020629066E+001 -0.313556220545700E+003
  0.100000000000000E+001  0.607970614128616E+002  0.583307059844711E+002  0.773042744987857E+000  0.350646147866890E+000  0.705422301601435E+000 -0.123688892854747E+000 -0.762657020629066E+001 -0.303985307064308E+002
  0.100000000000000E+001  0.280166315917539E+004  0.954628354821604E+002  0.932923682528676E+000 -0.199261001260397E+001  0.755331098636290E+000  0.205968633007529E+001 -0.762657020629066E+001 -0.140083157958769E+004
  0.100000000000000E+001  0.592143747075798E+003  0.894437096448578E+002  0.112230261004849E+001  0.247804800182531E+001  0.342578540944969E+000 -0.260035061187380E+001 -0.762657020629066E+001 -0.296071873537899E+003
  0.100000000000000E+001  0.318283480731167E+002  0.538443399638888E+002  0.548643129130938E+000  0.793304128221042E+000  0.129074223201335E+001 -0.341947257351980E+000 -0.762657020629066E+001 -0.159141740365583E+002
  0.100000000000000E+001  0.203075744509489E+003  0.808587958187128E+002  0.218166210223646E+001  0.299958150267094E+001  0.902272661006309E+000 -0.418124360490740E+001 -0.762657020629066E+001 -0.101537872254744E+003
  0.100000000000000E+001  0.257018699204833E+003  0.418604902837377E+002  0.213379763867159E+001 -0.672492683552166E+000  0.637421033485760E+000 -0.461304955119427E+000 -0.762657020629066E+001 -0.128509349602417E+003
  0.100000000000000E+001  0.173132854249242E+004  0.520115159896014E+002  0.163263345623938E+001 -0.416340499198070E+000  0.298764198983133E+000 -0.216292957041311E+000 -0.762657020629066E+001 -0.865664271246212E+003
  0.100000000000000E+001  0.380936407888537E+002  0.549424974858462E+002  0.140998613605380E+001  0.193536638993775E+001  0.121012026374993E+001 -0.234535252599155E+001 -0.762657020629066E+001 -0.190468203944269E+002
  0.100000000000000E+001  0.545532571560619E+002  0.561636336216007E+002  0.759448687542967E+000  0.159475308496064E+001  0.181913461193272E+001 -0.135420177250361E+001 -0.762657020629066E+001 -0.272766285780309E+002
  0.100000000000000E+001  0.128560499595342E+003  0.450268668312105E+002  0.226208248195346E-001  0.538798859242438E+000  0.827315574008433E+000  0.438580315938028E+000 -0.762657020629066E+001 -0.642802497976708E+002
  0.100000000000000E+001  0.530967852984012E+003  0.951290097888219E+002  0.209118141474285E+001  0.118044482623620E+001  0.135115913816377E+001 -0.227162624097905E+001 -0.762657020629066E+001 -0.265483926492006E+003
  0.100000000000000E+001  0.347231812142944E+002  0.698589894592113E+002  0.242010733159580E+000  0.655451082146689E+000  0.153419294615095E+001  0.102538184693731E+000 -0.762657020629066E+001 -0.173615906071472E+002
  0.100000000000000E+001  0.231380556969767E+004  0.588921117095112E+002  0.183727819171020E+001 -0.148884395562585E+001  0.441651624606498E+000  0.651565763915651E+000 -0.762657020629066E+001 -0.115690278484883E+004
  0.100000000000000E+001  0.476211603025576E+003  0.845349428985799E+002  0.295256072634495E+001 -0.201962625181387E+000  0.197121639913691E+001 -0.175059810116356E+001 -0.762657020629066E+001 -0.238105801512788E+003
  0.100000000000000E+001  0.924167583334237E+002  0.640311404290841E+002  0.119258221169368E+001  0.222691060167423E+001  0.588047230524813E+000 -0.241949281336791E+001 -0.762657020629066E+001 -0.462083791667119E+002
  0.100000000000000E+001  0.263290268205773E+004  0.401460613780039E+002  0.100236160169433E+001 -0.228753221488755E+001  0.174905663058054E+000  0.228517061319322E+001 -0.762657020629066E+001 -0.131645134102887E+004
  0.100000000000000E+001  0.144224574929357E+003  0.711320783002654E+002  0.173320117766257E+001  0.223611510712131E+001  0.729286352601682E+000 -0.296931628478389E+001 -0.762657020629066E+001 -0.721122874646787E+002
  0.100000000000000E+001  0.192411522393713E+003  0.555739733250277E+002  0.195649202754487E+001  0.120810181964451E+001  0.730796360163343E+000 -0.216459384718938E+001 -0.762657020629066E+001 -0.962057611968564E+002
  0.100000000000000E+001  0.256866751280415E+004  0.796352937753317E+002  0.263363634270102E+001  0.835458067694171E+000  0.584550574117285E+000 -0.246909441039519E+001 -0.762657020629066E+001 -0.128433375640207E+004
  0.100000000000000E+001  0.561408435913809E+002  0.455682590277715E+002  0.235003255299974E+001  0.208653257666436E+001  0.129352417180135E+001 -0.343656512966409E+001 -0.762657020629066E+001 -0.280704217956905E+002
  0.100000000000000E+001  0.648061974433041E+003  0.566702181533329E+002  0.237813012294409E+001 -0.264771630588803E+001  0.104188919337143E+001  0.126958618294394E+001 -0.762657020629066E+001 -0.324030987216520E+003
  0.100000000000000E+001  0.173008341646384E+003  0.770432923581997E+002  0.133562748907758E+001 -0.442450449894283E-001  0.186562322115586E+001 -0.291382444088148E+000 -0.762657020629066E+001 -0.865041708231922E+002
  0.100000000000000E+001  0.238552992847129E+003  0.479507163501343E+002  0.219159106671678E+001  0.449394755200121E+000  0.692574805708040E+000 -0.164098582191690E+001 -0.762657020629066E+001 -0.119276496423564E+003
  0.100000000000000E+001  0.734241560748231E+003  0.804157358510965E+002  0.160805212600192E+001  0.179586021492935E+001  0.483248631598102E+000 -0.240391234093127E+001 -0.762657020629066E+001 -0.367120780374115E+003
  0.100000000000000E+001  0.629079987987308E+002  0.403031164464336E+002  0.171420803217893E+001  0.160113403299536E+001  0.858510686279838E+000 -0.231534206517428E+001 -0.762657020629066E+001 -0.314539993993654E+002
  0.100000000000000E+001  0.151155063609240E+004  0.893783515765480E+002  0.270236804957692E+001 -0.288485390934511E+001  0.143681892824410E+001  0.118248585976818E+001 -0.762657020629066E+001 -0.755775318046201E+003
  0.100000000000000E+001  0.275564965499485E+004  0.612024881924045E+002  0.144869921558389E+001 -0.255268216550078E+000  0.290753196219408E+000 -0.193430999033812E+000 -0.762657020629066E+001 -0.137782482749742E+004
  0.100000000000000E+001  0.148432871765094E+005  0.823138343480960E+002  0.176134186389287E+001  0.341758390811486E+000  0.212489738410072E+000 -0.110310025470435E+001 -0.762657020629066E+001 -0.742164358825471E+004
  0.100000000000000E+001  0.695634619869868E+003  0.779710378906094E+002  0.277876445709005E+001 -0.371106761745361E-001  0.131884821369747E+001 -0.174165378091552E+001 -0.762657020629066E+001 -0.347817309934934E+003
  0.100000000000000E+001  0.122239072651497E+004  0.752965839131282E+002  0.123696099556051E+001  0.101260578891432E+001  0.354254613808796E+000 -0.124956678447482E+001 -0.762657020629066E+001 -0.611195363257485E+003
  0.100000000000000E+001  0.251477856428753E+003  0.563041929876248E+002  0.161380139136362E+001  0.420330347568481E-001  0.798577027800308E+000 -0.655834426120467E+000 -0.762657020629066E+001 -0.125738928214376E+003
  0.100000000000000E+001  0.113844945783707E+004  0.444705177710470E+002  0.130324149105287E+001  0.241084272470667E+001  0.299602904389269E+000 -0.271408421575954E+001 -0.762657020629066E+001 -0.569224728918535E+003
  0.100000000000000E+001  0.565008679858574E+004  0.968690416998773E+002  0.173123495607869E+001 -0.116772197013283E+001  0.579272678671681E+000  0.436487014054142E+000 -0.762657020629066E+001 -0.282504339929287E+004
  0.100000000000000E+001  0.282113740536816E+004  0.944900952443154E+002  0.147667715225308E+001 -0.256725754437280E+001  0.903265295456083E+000  0.209058039211973E+001 -0.762657020629066E+001 -0.141056870268408E+004
  0.100000000000000E+001  0.210520521667976E+003  0.968697142273407E+002  0.251099712056953E+001  0.271503605740041E+001  0.193254043834743E+001 -0.422603317796994E+001 -0.762657020629066E+001 -0.105260260833988E+003
  0.100000000000000E+001  0.131360789046152E+004  0.840594676246355E+002  0.292685586423833E+001 -0.284618714990599E+001  0.145866600282741E+001  0.919331285667657E+000 -0.762657020629066E+001 -0.656803945230761E+003
  0.100000000000000E+001  0.374586100102702E+003  0.771686473574235E+002  0.970640156374226E+000 -0.168790011712198E+001  0.147604728825185E+001  0.171725996074776E+001 -0.762657020629066E+001 -0.187293050051351E+003
  0.100000000000000E+001  0.632242720572714E+003  0.523697633481234E+002  0.187617721187262E+001 -0.508081545055237E+000  0.561675210600609E+000 -0.368095666817378E+000 -0.762657020629066E+001 -0.316121360286357E+003
  0.100000000000000E+001  0.854096064186420E+004  0.564639464147814E+002  0.201841390107997E+001 -0.232266669378963E+001  0.253776105477787E+000  0.130425279270965E+001 -0.762657020629066E+001 -0.427048032093210E+004
  0.100000000000000E+001  0.486015605529704E+002  0.421516422697061E+002  0.123436776085131E+000 -0.685153525540070E+000  0.179690746695654E+001  0.156171674945494E+001 -0.762657020629066E+001 -0.243007802764852E+002
  0.100000000000000E+001  0.551589260879896E+003  0.779304329434462E+002  0.680419364190352E+000 -0.450010234900926E+000  0.744751226154751E+000  0.769590870710575E+000 -0.762657020629066E+001 -0.275794630439948E+003
  0.100000000000000E+001  0.186966019887212E+003  0.614130685031021E+002  0.122711323854798E+001 -0.671842286710564E+000  0.119543466280761E+001  0.444729048162588E+000 -0.762657020629066E+001 -0.934830099436062E+002
  0.100000000000000E+001  0.285832455696782E+003  0.608054862010027E+002  0.538572465970880E+000 -0.962160327277163E+000  0.664213929271212E+000  0.142358786130628E+001 -0.762657020629066E+001 -0.142916227848391E+003
  0.100000000000000E+001  0.116640521474994E+003  0.547420568189907E+002  0.105166209365741E+001  0.212562819686283E+000  0.667820042187699E+000 -0.264224913343696E+000 -0.762657020629066E+001 -0.583202607374972E+002
  0.100000000000000E+001  0.642378988698547E+004  0.629228344120454E+002  0.263639526767441E+001  0.277582872264238E+001  0.154779128291207E+000 -0.441222399031679E+001 -0.762657020629066E+001 -0.321189494349273E+004
  0.100000000000000E+001  0.383578045907565E+002  0.520795421493782E+002  0.505938640174427E+000  0.270241824186897E+000  0.155828668632838E+001  0.223819535638676E+000 -0.762657020629066E+001 -0.191789022953782E+002
  0.100000000000000E+001  0.224772647963305E+003  0.968038161100835E+002  0.151289105521609E+001  0.135930175216936E+001  0.158712928647419E+001 -0.187219280738545E+001 -0.762657020629066E+001 -0.112386323981652E+003
  0.100000000000000E+001  0.391186833531290E+003  0.846954789226929E+002  0.104112525335071E+001 -0.538435549872939E+000  0.132066653136292E+001  0.497310296522226E+000 -0.762657020629066E+001 -0.195593416765645E+003
  0.100000000000000E+001  0.738708247633562E+002  0.634921813721647E+002  0.119138505462942E+001  0.259980002791264E+001  0.162162847017657E+001 -0.279118508254206E+001 -0.762657020629066E+001 -0.369354123816781E+002
  0.100000000000000E+001  0.754828142303068E+003  0.911448012950843E+002  0.260955423085631E+001 -0.126368946748616E+001  0.180280667780611E+001 -0.345864763370151E+000 -0.762657020629066E+001 -0.377414071151534E+003
  0.100000000000000E+001  0.180919879838370E+003  0.415275915436446E+002  0.232437704545158E+001  0.280077754342126E+001  0.587370289653146E+000 -0.412515458887284E+001 -0.762657020629066E+001 -0.904599399191848E+002
  0.100000000000000E+001  0.752699366269235E+002  0.427890940002364E+002  0.108630947539348E+001 -0.912467333817088E+000  0.817473630166721E+000  0.826157858423612E+000 -0.762657020629066E+001 -0.376349683134617E+002
  0.100000000000000E+001  0.113364822361507E+003  0.709177545176534E+002  0.129028821076106E+001  0.228719096112456E+000  0.199323433884789E+001 -0.519007306873518E+000 -0.762657020629066E+001 -0.566824111807534E+002
  0.100000000000000E+001  0.143017942114671E+003  0.778793274378549E+002  0.201563021525765E+000 -0.507947439806660E+000  0.110367387673737E+001  0.130638441828089E+001 -0.762657020629066E+001 -0.715089710573356E+002
  0.100000000000000E+001  0.143148679397518E+003  0.811796932072027E+002  0.189488272819711E+000 -0.118128397047558E+001  0.190998566435226E+001  0.199179569765587E+001 -0.762657020629066E+001 -0.715743396987590E+002
  0.100000000000000E+001  0.127933584638889E+004  0.925548584362241E+002  0.803598092000189E+000 -0.279662702310541E+001  0.117956860650057E+001  0.299302893110522E+001 -0.762657020629066E+001 -0.639667923194443E+003
  0.100000000000000E+001  0.578708117668745E+002  0.936055894574378E+002  0.369723126698021E-001  0.354612431305096E+000  0.156603347914071E+001  0.608415256025102E+000 -0.762657020629066E+001 -0.289354058834372E+002
  0.100000000000000E+001  0.762735449778517E+003  0.881790511457178E+002  0.250998348371904E+001  0.227049761043353E+001  0.878238539956986E+000 -0.378048109415257E+001 -0.762657020629066E+001 -0.381367724889259E+003
  0.100000000000000E+001  0.234292032019809E+003  0.786841823702368E+002  0.151983594391062E+001  0.278058395662572E+001  0.504587288004605E+000 -0.330041990053633E+001 -0.762657020629066E+001 -0.117146016009905E+003
  0.100000000000000E+001  0.438869730632088E+003  0.977700944022428E+002  0.577957818667324E+000 -0.182326467594274E+001  0.183167212624267E+001  0.224530685727542E+001 -0.762657020629066E+001 -0.219434865316044E+003
  0.100000000000000E+001  0.262568507418456E+003  0.760071735818448E+002  0.178740455805667E+001  0.716242665464469E+000  0.132897141711500E+001 -0.150364722352114E+001 -0.762657020629066E+001 -0.131284253709228E+003
  0.100000000000000E+001  0.100457978510848E+004  0.482896196373653E+002  0.184835607031257E+001 -0.217486001152787E+001  0.518752817941919E+000  0.132650394121531E+001 -0.762657020629066E+001 -0.502289892554240E+003
  0.100000000000000E+001  0.490573495051615E+002  0.470018074013528E+002  0.911016129422121E+000  0.751341650466687E+000  0.182068219466909E+001 -0.662357779888808E+000 -0.762657020629066E+001 -0.245286747525807E+002
  0.100000000000000E+001  0.268706134822917E+003  0.693699113256679E+002  0.815764966050672E+000 -0.102714343237648E+001  0.114245846391200E+001  0.121137846632581E+001 -0.762657020629066E+001 -0.134353067411458E+003
  0.100000000000000E+001  0.900254320146778E+003  0.946005414687383E+002  0.225674548198680E+001 -0.229119442014850E+001  0.181481134702228E+001  0.103444893816170E+001 -0.762657020629066E+001 -0.450127160073389E+003
  0.100000000000000E+001  0.606986427536883E+002  0.770745021543715E+002  0.164718605097221E+001  0.280814726430300E+001  0.179080423453654E+001 -0.345533331527521E+001 -0.762657020629066E+001 -0.303493213768441E+002
  0.100000000000000E+001  0.495025802562366E+003  0.516393423016694E+002  0.185597942433573E+001 -0.173773990658790E+001  0.785952248291167E+000  0.881760482252172E+000 -0.762657020629066E+001 -0.247512901281183E+003
  0.100000000000000E+001  0.893216609971998E+002  0.836681594281210E+002  0.210941471389279E+000  0.213210743133235E+000  0.924152723586497E+000  0.575847785477485E+000 -0.762657020629066E+001 -0.446608304985999E+002
  0.100000000000000E+001  0.335801737839714E+003  0.526474179928934E+002  0.285065182959678E+001 -0.258566677292389E+000  0.104127508452137E+001 -0.159208515230439E+001 -0.762657020629066E+001 -0.167900868919857E+003
  0.100000000000000E+001  0.122917943595892E+004  0.547027083962379E+002  0.296287949638275E+001 -0.200052721438646E+001  0.731317599542259E+000  0.376477180037140E-001 -0.762657020629066E+001 -0.614589717979461E+003
  0.100000000000000E+001  0.101831826482171E+003  0.539094168132131E+002  0.445606442880708E+000 -0.270422668570836E+001  0.196111970612542E+001  0.325862024282765E+001 -0.762657020629066E+001 -0.509159132410853E+002
  0.100000000000000E+001  0.483062285028020E+004  0.902633179178069E+002  0.288826971639271E+001  0.173472820070085E+001  0.474881285307022E+000 -0.362299791709356E+001 -0.762657020629066E+001 -0.241531142514010E+004
  0.100000000000000E+001  0.562193271513662E+003  0.675200242014788E+002  0.296925973156991E+001 -0.164071133520969E+001  0.149671992404922E+001 -0.328548396360216E+000 -0.762657020629066E+001 -0.281096635756831E+003
  0.100000000000000E+001  0.511300044253272E+003  0.697452637868260E+002  0.247680329782594E+001 -0.158731938304890E+000  0.122370305293445E+001 -0.131807135952105E+001 -0.762657020629066E+001 -0.255650022126636E+003
  0.100000000000000E+001  0.177031982084177E+003  0.802983628568875E+002  0.176614705609819E+000 -0.104058241010717E+001  0.141754885191436E+001  0.186396770449735E+001 -0.762657020629066E+001 -0.885159910420886E+002
  0.100000000000000E+001  0.719426691871473E+003  0.963909968185217E+002  0.194753716963713E+001  0.302322193230549E+000  0.135752550920799E+001 -0.124985936286768E+001 -0.762657020629066E+001 -0.359713345935737E+003
  0.100000000000000E+001  0.971730578970948E+002  0.477657010866254E+002  0.260570018472034E+001  0.315064478136370E+000  0.171113015806070E+001 -0.192076466285671E+001 -0.762657020629066E+001 -0.485865289485474E+002
  0.100000000000000E+001  0.761344612101020E+002  0.450501547697576E+002  0.103071463617249E+001 -0.167712040912725E+001  0.133216546298424E+001  0.164640577295476E+001 -0.762657020629066E+001 -0.380672306050510E+002
  0.100000000000000E+001  0.702450820381317E+004  0.838348891327715E+002  0.403124642889827E+000 -0.163470037620371E+001  0.305866529233313E+000  0.223157573331388E+001 -0.762657020629066E+001 -0.351225410190659E+004
  0.100000000000000E+001  0.339210548697519E+004  0.749528987641190E+002  0.220265351916191E+001 -0.335934973386337E+000  0.500396066302439E+000 -0.866718545775575E+000 -0.762657020629066E+001 -0.169605274348760E+004
  0.100000000000000E+001  0.729053953246421E+003  0.741380863545026E+002  0.231509972188426E+001  0.189193292355181E+001  0.664187038384897E+000 -0.320703264543608E+001 -0.762657020629066E+001 -0.364526976623210E+003
  0.100000000000000E+001  0.200091667604523E+003  0.453696960517799E+002  0.242203861205956E+001  0.166765478240553E+001  0.569523157621159E+000 -0.308969339446509E+001 -0.762657020629066E+001 -0.100045833802262E+003
  0.100000000000000E+001  0.292707981826259E+005  0.932042856172773E+002  0.570659697107955E-001 -0.295243709392844E+001  0.211586366080178E+000  0.389537112421764E+001 -0.762657020629066E+001 -0.146353990913129E+005
  0.100000000000000E+001  0.704696655284923E+004  0.629537835836200E+002  0.239355758639840E+001 -0.432644684477892E+000  0.279042562473896E+000 -0.960912901920512E+000 -0.762657020629066E+001 -0.352348327642461E+004
  0.100000000000000E+001  0.903168036221132E+003  0.966249459316131E+002  0.103516220836069E+001 -0.792113142330729E+000  0.112091363872495E+001  0.756950933970035E+000 -0.762657020629066E+001 -0.451584018110566E+003
  0.100000000000000E+001  0.542446967073562E+002  0.550510628112143E+002  0.134982252429759E+000 -0.890352681880515E+000  0.192351904166695E+001  0.175537042945076E+001 -0.762657020629066E+001 -0.271223483536781E+002
  0.100000000000000E+001  0.257793315048957E+005  0.821182970647133E+002  0.270948903479071E+001  0.116728512652348E+001  0.187425713617616E+000 -0.287677416131419E+001 -0.762657020629066E+001 -0.128896657524478E+005
  0.100000000000000E+001  0.489641088096150E+003  0.782328315742178E+002  0.210341156814724E+001 -0.273897013020170E+001  0.197925892041570E+001  0.163555856205446E+001 -0.762657020629066E+001 -0.244820544048075E+003
  0.100000000000000E+001  0.580218777908070E+002  0.574548296072285E+002  0.280788214271411E-001 -0.116589887705099E+001  0.187967615428524E+001  0.213782005562385E+001 -0.762657020629066E+001 -0.290109388954035E+002
  0.100000000000000E+001  0.252703866578174E+003  0.500656527858877E+002  0.134402590320519E+001 -0.101919770024188E+000  0.540299121612461E+000 -0.242106133181005E+000 -0.762657020629066E+001 -0.126351933289087E+003
  0.100000000000000E+001  0.424565390675120E+002  0.498543292163657E+002  0.156413499309961E+000 -0.118748222279624E+001  0.142825008675429E+001  0.203106872348628E+001 -0.762657020629066E+001 -0.212282695337560E+002
  0.100000000000000E+001  0.691155995828878E+003  0.811287318626572E+002  0.260853104071765E+001 -0.214684174303753E+001  0.175456853176610E+001  0.538310702319885E+000 -0.762657020629066E+001 -0.345577997914439E+003
  0.100000000000000E+001  0.393223228744979E+002  0.676063895115796E+002  0.119457865603034E+001  0.214686026991653E+001  0.137137353766626E+001 -0.234143892594687E+001 -0.762657020629066E+001 -0.196611614372490E+002
  0.100000000000000E+001  0.437228336247655E+002  0.777358888694835E+002  0.107249812282271E+001  0.184582339606921E+001  0.157033456395151E+001 -0.191832151889192E+001 -0.762657020629066E+001 -0.218614168123828E+002
  0.100000000000000E+001  0.559902975734340E+002  0.899536576696841E+002  0.124904892808537E+001  0.231019650736838E+001  0.116864276443171E+001 -0.255924543545375E+001 -0.762657020629066E+001 -0.279951487867170E+002
  0.100000000000000E+001  0.503820666418507E+005  0.981722407149891E+002  0.583638919693043E+000 -0.212710555940020E+001  0.173727019464631E+000  0.254346663970716E+001 -0.762657020629066E+001 -0.251910333209253E+005
  0.100000000000000E+001  0.121519888347022E+004  0.692218632515100E+002  0.281574069544376E+001  0.970888171325157E+000  0.697074121867642E+000 -0.278662886676892E+001 -0.762657020629066E+001 -0.607599441735108E+003
  0.100000000000000E+001  0.468174254679546E+003  0.483772290949845E+002  0.282697575546813E+001 -0.170523216430061E+001  0.909463197742454E+000 -0.121743591167522E+000 -0.762657020629066E+001 -0.234087127339773E+003
  0.100000000000000E+001  0.436242743619470E+005  0.823902490266451E+002  0.135790301543064E+001 -0.224826962874373E+001  0.176798518320946E+000  0.189036661331309E+001 -0.762657020629066E+001 -0.218121371809735E+005
  0.100000000000000E+001  0.199655103079305E+003  0.403010377936284E+002  0.230833314539926E+001 -0.112580925662007E+001  0.783491872821815E+000 -0.182523888779194E+000 -0.762657020629066E+001 -0.998275515396525E+002
  0.100000000000000E+001  0.645017881475870E+003  0.495561067609060E+002  0.278079437740738E+001  0.675112117654824E+000  0.545260005060285E+000 -0.245590649506220E+001 -0.762657020629066E+001 -0.322508940737935E+003
  0.100000000000000E+001  0.107646947572638E+003  0.431313359801525E+002  0.225292085741000E+001 -0.239379448897918E+001  0.194294859322763E+001  0.114087363156918E+001 -0.762657020629066E+001 -0.538234737863188E+002
  0.100000000000000E+001  0.117039471757633E+003  0.422302218516308E+002  0.237871530719978E+001  0.953051763703337E+000  0.766997982323286E+000 -0.233176707090312E+001 -0.762657020629066E+001 -0.585197358788165E+002
  0.100000000000000E+001  0.303871700791860E+002  0.428554895478631E+002  0.470916968563975E+000 -0.481027697363796E+000  0.983129087779517E+000  0.101011072879982E+001 -0.762657020629066E+001 -0.151935850395930E+002
  0.100000000000000E+001  0.263858949473257E+003  0.531536266696149E+002  0.296504621721556E+001  0.277679244111669E+000  0.114967888180858E+001 -0.224272546132723E+001 -0.762657020629066E+001 -0.131929474736629E+003
  0.100000000000000E+001  0.882759458589114E+003  0.530855698860429E+002  0.141553307034661E+001  0.103130574131158E+001  0.227459798998253E+000 -0.144683881165819E+001 -0.762657020629066E+001 -0.441379729294557E+003
  0.100000000000000E+001  0.123858255055421E+003  0.786321911316353E+002  0.114340954343252E+001  0.792014268707828E+000  0.145576990528063E+001 -0.935423812140350E+000 -0.762657020629066E+001 -0.619291275277107E+002
  0.100000000000000E+001  0.510017359907229E+003  0.897339612857621E+002  0.147195776061304E+001 -0.162095374916134E+001  0.181443065411477E+001  0.114899598854830E+001 -0.762657020629066E+001 -0.255008679953615E+003
  0.100000000000000E+001  0.141310854601145E+003  0.844426303556600E+002  0.736705466829561E+000  0.998538865204401E-001  0.165581655268422E+001  0.163440646649999E+000 -0.762657020629066E+001 -0.706554273005725E+002
  0.100000000000000E+001  0.338681203557527E+003  0.666127343413768E+002  0.203825459834071E+001 -0.175771877518618E+001  0.164971714449972E+001  0.719464176845471E+000 -0.762657020629066E+001 -0.169340601778763E+003
  0.100000000000000E+001  0.871137622059352E+003  0.647416773197996E+002  0.732321994721656E+000 -0.151047579689665E+001  0.590305426038118E+000  0.177815380217500E+001 -0.762657020629066E+001 -0.435568811029676E+003
  0.100000000000000E+001  0.619056088481605E+003  0.944010862976840E+002  0.176016296960937E+001  0.164844853762548E+001  0.884772636337423E+000 -0.240861150723485E+001 -0.762657020629066E+001 -0.309528044240803E+003
  0.100000000000000E+001  0.251855192193908E+003  0.684696758425597E+002  0.140410464007208E+001  0.583322843962705E+000  0.892587092687304E+000 -0.987427484034784E+000 -0.762657020629066E+001 -0.125927596096954E+003
  0.100000000000000E+001  0.342791999721444E+003  0.609973578403902E+002  0.181387883868034E+001 -0.241470606686607E+001  0.145802378832523E+001  0.160082722818573E+001 -0.762657020629066E+001 -0.171395999860722E+003
  0.100000000000000E+001  0.495404770291856E+002  0.841316980700400E+002  0.252203955303277E+000  0.524778239187583E+000  0.932025552903574E+000  0.223017805509140E+000 -0.762657020629066E+001 -0.247702385145928E+002
  0.100000000000000E+001  0.891348799833529E+002  0.677525656247278E+002  0.159952913376868E+001  0.278685456872222E+001  0.772121279943548E+000 -0.338638370249090E+001 -0.762657020629066E+001 -0.445674399916764E+002
  0.100000000000000E+001  0.499400362370117E+003  0.729387541992767E+002  0.159577222107976E+001  0.253883704829489E+001  0.315836199265849E+000 -0.313460926937465E+001 -0.762657020629066E+001 -0.249700181185059E+003
  0.100000000000000E+001  0.516956860581215E+002  0.411190455055994E+002  0.181811615344925E+000 -0.149167611451515E+001  0.191547439019275E+001  0.230986449917022E+001 -0.762657020629066E+001 -0.258478430290607E+002
  0.100000000000000E+001  0.475699551946176E+002  0.925940882896941E+002  0.706185159027744E+000  0.186746254791692E+001  0.150278088929245E+001 -0.157364770694466E+001 -0.762657020629066E+001 -0.237849775973088E+002
  0.100000000000000E+001  0.395021948009272E+005  0.920357017195027E+002  0.211977254361850E+001  0.407071238184357E+000  0.173816341952619E+000 -0.152684378180286E+001 -0.762657020629066E+001 -0.197510974004636E+005
  0.100000000000000E+001  0.843277341441917E+002  0.457862070057943E+002  0.247648856782293E+001  0.192439928810018E+000  0.181352030305340E+001 -0.166892849663295E+001 -0.762657020629066E+001 -0.421638670720959E+002
  0.100000000000000E+001  0.678153856122993E+002  0.538324702531794E+002  0.167585833819466E+001  0.852720692115962E+000  0.196821968098514E+001 -0.152857903031062E+001 -0.762657020629066E+001 -0.339076928061497E+002
  0.100000000000000E+001  0.812070483256699E+002  0.476949027158946E+002  0.234209577951723E+001  0.536952153651145E+000  0.173178716322069E+001 -0.187904793316838E+001 -0.762657020629066E+001 -0.406035241628349E+002
  0.100000000000000E+001  0.411726464990069E+003  0.408872822384361E+002  0.211768126037985E+001 -0.714420953053804E+000  0.483871900148110E+000 -0.403260307326047E+000 -0.762657020629066E+001 -0.205863232495034E+003
  0.100000000000000E+001  0.131000772499522E+003  0.586277184737753E+002  0.772347084830873E+000 -0.131737794743152E+001  0.132134520563959E+001  0.154503086260064E+001 -0.762657020629066E+001 -0.655003862497610E+002
  0.100000000000000E+001  0.749457470307029E+002  0.631751790264182E+002  0.685262005098497E+000 -0.266756330506173E+000  0.148720682980041E+001  0.581494325407676E+000 -0.762657020629066E+001 -0.374728735153514E+002
  0.100000000000000E+001  0.110935542114332E+004  0.407210967807517E+002  0.472628239671305E+000  0.646427959663014E+000  0.236875849394421E+000 -0.119056199334318E+000 -0.762657020629066E+001 -0.554677710571661E+003
  0.100000000000000E+001  0.187279494564434E+004  0.487453941142924E+002  0.266273551220410E+001 -0.168162005702864E+001  0.440411111435154E+000  0.188845448245312E-001 -0.762657020629066E+001 -0.936397472822170E+003
  0.100000000000000E+001  0.170227967797199E+005  0.671406464239731E+002  0.283022095058845E+001 -0.254873110992105E+001  0.280550054122989E+000  0.718510159332595E+000 -0.762657020629066E+001 -0.851139838985997E+004
  0.100000000000000E+001  0.151185907218035E+003  0.613682194101005E+002  0.459200427347412E+000 -0.182884730077769E+001  0.135072431924049E+001  0.236964687343028E+001 -0.762657020629066E+001 -0.755929536090175E+002
  0.100000000000000E+001  0.936628631789725E+003  0.990977490582640E+002  0.212733094685062E+000 -0.146660387384226E+001  0.988016381578796E+000  0.225387077915720E+001 -0.762657020629066E+001 -0.468314315894862E+003
  0.100000000000000E+001  0.187439945216156E+004  0.953650918013278E+002  0.267454033327189E+001  0.661530171282487E+000  0.938898602843215E+000 -0.233607050455438E+001 -0.762657020629066E+001 -0.937199726080781E+003
  0.100000000000000E+001  0.990720759920949E+002  0.602385665530526E+002  0.140966192957191E+001 -0.379354761880890E-001  0.174737627785843E+001 -0.371726453383820E+000 -0.762657020629066E+001 -0.495360379960474E+002
  0.100000000000000E+001  0.423926440160008E+005  0.728301506424750E+002  0.177999572383068E+001 -0.160211721596343E+001  0.148826754581819E+000  0.822121492132755E+000 -0.762657020629066E+001 -0.211963220080004E+005
  0.100000000000000E+001  0.498180864704076E+004  0.910818351153148E+002  0.368912266340721E+000 -0.802767435733211E+000  0.321730055599271E+000  0.143385516939249E+001 -0.762657020629066E+001 -0.249090432352038E+004
  0.100000000000000E+001  0.565265839016595E+002  0.574956019725987E+002  0.201823774246055E+001  0.234224664851317E+001  0.136362663259235E+001 -0.336048439097372E+001 -0.762657020629066E+001 -0.282632919508297E+002
  0.100000000000000E+001  0.462977751479087E+003  0.673799662703974E+002  0.901289974933320E+000 -0.984033540834530E+000  0.819351728509379E+000  0.108274356590121E+001 -0.762657020629066E+001 -0.231488875739544E+003
  0.100000000000000E+001  0.753634642042004E+003  0.801788285588315E+002  0.264622015179831E+001  0.166377951808064E+000  0.123995266750386E+001 -0.181259810360637E+001 -0.762657020629066E+001 -0.376817321021002E+003
  0.100000000000000E+001  0.235186539021103E+003  0.781264719634843E+002  0.267567203341124E+001  0.207643341298092E+001  0.158009456586870E+001 -0.375210544639216E+001 -0.762657020629066E+001 -0.117593269510552E+003
  0.100000000000000E+001  0.101669269791375E+003  0.948380793569094E+002  0.618181492991829E+000  0.107650932070593E+001  0.956430984018713E+000 -0.694690813697762E+000 -0.762657020629066E+001 -0.508346348956876E+002
  0.100000000000000E+001  0.100787467813868E+003  0.455978772709603E+002  0.707898773717396E+000 -0.260291988791994E+001  0.120483056509871E+001  0.289502111420254E+001 -0.762657020629066E+001 -0.503937339069339E+002
  0.100000000000000E+001  0.491672825768228E+002  0.602884860992272E+002  0.107935489735097E+001  0.831526068226700E+000  0.143210673279976E+001 -0.910880965577671E+000 -0.762657020629066E+001 -0.245836412884114E+002
  0.100000000000000E+001  0.526289747548501E+002  0.704647603495771E+002  0.698049022846544E+000  0.904000876044184E+000  0.194365843217309E+001 -0.602049898890728E+000 -0.762657020629066E+001 -0.263144873774250E+002
  0.100000000000000E+001  0.420479945463170E+003  0.871654816649509E+002  0.228281353067856E+001 -0.484301994259105E+000  0.199023581932840E+001 -0.798511536419459E+000 -0.762657020629066E+001 -0.210239972731585E+003
  0.100000000000000E+001  0.381493907497153E+004  0.798345003497887E+002  0.326519715083227E-001 -0.294662621400473E+001  0.452029316671945E+000  0.391397424249641E+001 -0.762657020629066E+001 -0.190746953748577E+004
  0.100000000000000E+001  0.423493800024625E+002  0.420599688626438E+002  0.181892142407249E+000 -0.204755827422062E+001  0.127391950085117E+001  0.286566613181337E+001 -0.762657020629066E+001 -0.211746900012313E+002
  0.100000000000000E+001  0.591255740020835E+004  0.884199579074449E+002  0.268428540887981E+001 -0.180166899998861E+001  0.641838487923467E+000  0.117383591108800E+000 -0.762657020629066E+001 -0.295627870010418E+004
  0.100000000000000E+001  0.592155098475122E+003  0.660277446146057E+002  0.277005158556597E+001 -0.877927981571044E+000  0.123121703396682E+001 -0.892123603994929E+000 -0.762657020629066E+001 -0.296077549237561E+003
  0.100000000000000E+001  0.131903956569150E+003  0.504406149802354E+002  0.223090223428762E+001 -0.817736116110206E+000  0.161966305949642E+001 -0.413166118177410E+000 -0.762657020629066E+001 -0.659519782845750E+002
  0.100000000000000E+001  0.585803351031713E+002  0.435553264499840E+002  0.205031279908875E+001  0.722701269076217E+000  0.144133806238954E+001 -0.177301406816497E+001 -0.762657020629066E+001 -0.292901675515856E+002
  0.100000000000000E+001  0.941910198750351E+002  0.976531223242489E+002  0.614341166348834E+000  0.113031250997635E+001  0.103538117494817E+001 -0.744653676325181E+000 -0.762657020629066E+001 -0.470955099375176E+002
  0.100000000000000E+001  0.189735618834255E+003  0.880326169796949E+002  0.775392115241371E+000 -0.658665236331095E-001  0.164198441637909E+001  0.290474408391738E+000 -0.762657020629066E+001 -0.948678094171274E+002
  0.100000000000000E+001  0.140861673135496E+003  0.709917659471444E+002  0.256049467368369E+001  0.248674558600699E+001  0.151479942482828E+001 -0.404724025969068E+001 -0.762657020629066E+001 -0.704308365677479E+002
  0.100000000000000E+001  0.385668550168794E+003  0.525729643645682E+002  0.224222283025085E+001 -0.189623055544756E+001  0.105858236250766E+001  0.654007725196719E+000 -0.762657020629066E+001 -0.192834275084397E+003
  0.100000000000000E+001  0.540356200997169E+003  0.623117534391640E+002  0.210624094395971E+001 -0.224779683181324E+001  0.121867013816471E+001  0.114155588785353E+001 -0.762657020629066E+001 -0.270178100498584E+003
  0.100000000000000E+001  0.570475921966310E+002  0.885278033196823E+002  0.407624124796478E+000  0.746503583424847E+000  0.164364550842587E+001 -0.154127708221325E+000 -0.762657020629066E+001 -0.285237960983155E+002
  0.100000000000000E+001  0.172529477261006E+003  0.607195026541327E+002  0.610213548595844E+000 -0.140468885987924E+001  0.111249166602340E+001  0.179447531128340E+001 -0.762657020629066E+001 -0.862647386305029E+002
  0.100000000000000E+001  0.459006082842774E+002  0.576223389810052E+002  0.140447746148285E+001  0.185492996617544E+001  0.163472146777692E+001 -0.225940742765829E+001 -0.762657020629066E+001 -0.229503041421387E+002
  0.100000000000000E+001  0.791113496533692E+003  0.881524995497471E+002  0.435164302467669E+000  0.308273762084635E+000  0.437194988186249E+000  0.256561935447696E+000 -0.762657020629066E+001 -0.395556748266846E+003
  0.100000000000000E+001  0.668033496202748E+002  0.410311045100697E+002  0.135157357812684E+001 -0.717866543936605E+000  0.911786237269960E+000  0.366292965809766E+000 -0.762657020629066E+001 -0.334016748101374E+002
  0.100000000000000E+001  0.373574094405151E+003  0.766917989686657E+002  0.254477567881160E+001 -0.978889707350688E+000  0.198832101543983E+001 -0.565885971460914E+000 -0.762657020629066E+001 -0.186787047202576E+003
  0.100000000000000E+001  0.227632704676183E+003  0.669801444107834E+002  0.669129563620629E+000  0.160315739279216E+001  0.353473015609709E+000 -0.127228695641279E+001 -0.762657020629066E+001 -0.113816352338091E+003
  0.100000000000000E+001  0.225349183475854E+003  0.874422665156357E+002  0.731833433368878E+000 -0.220337248583601E+000  0.148873984108379E+001  0.488503815214724E+000 -0.762657020629066E+001 -0.112674591737927E+003
  0.100000000000000E+001  0.694311686299822E+002  0.955955766375630E+002  0.228636701852484E+000  0.910101664711278E+000  0.655205032762465E+000 -0.138738366563762E+000 -0.762657020629066E+001 -0.347155843149911E+002
  0.100000000000000E+001  0.430616507649387E+003  0.553260436676618E+002  0.595253726450039E+000 -0.427568856513421E+000  0.340241287018671E+000  0.832315130063382E+000 -0.762657020629066E+001 -0.215308253824693E+003
  0.100000000000000E+001  0.973493026836749E+002  0.441064671642919E+002  0.210586540643018E+001  0.729228608467598E+000  0.846357957421293E+000 -0.183509401489778E+001 -0.762657020629066E+001 -0.486746513418375E+002
  0.100000000000000E+001  0.723289579140184E+003  0.743449925167847E+002  0.216721107506854E+000 -0.277817926969563E+001  0.945719082078064E+000  0.356145816218878E+001 -0.762657020629066E+001 -0.361644789570092E+003
  0.100000000000000E+001  0.108285629046670E+003  0.529549865320059E+002  0.267885977780750E+001  0.274027607168689E+001  0.934919301349294E+000 -0.441913584949439E+001 -0.762657020629066E+001 -0.541428145233351E+002
  0.100000000000000E+001  0.789119458028188E+002  0.726469178523536E+002  0.692729966136319E+000  0.185592137465693E+000  0.174847579425900E+001  0.121677896397989E+000 -0.762657020629066E+001 -0.394559729014094E+002
  0.100000000000000E+001  0.477859633655134E+003  0.945319307047803E+002  0.493346658133086E+000 -0.827253465135858E+000  0.121717939357947E+001  0.133390680700277E+001 -0.762657020629066E+001 -0.238929816827567E+003
  0.100000000000000E+001  0.103813992823980E+004  0.926577515841198E+002  0.245777602920473E+001  0.124816851754979E+000  0.125550759532908E+001 -0.158259288095971E+001 -0.762657020629066E+001 -0.519069964119902E+003
  0.100000000000000E+001  0.540796032753463E+002  0.405638410105492E+002  0.147646303389102E+001 -0.420611211940479E+000  0.109868038267104E+001 -0.558518219505459E-001 -0.762657020629066E+001 -0.270398016376731E+002
  0.100000000000000E+001  0.608051345368680E+003  0.973855085435606E+002  0.349485685365552E+000 -0.392917932999058E+000  0.876686675413258E+000  0.104343224763351E+001 -0.762657020629066E+001 -0.304025672684340E+003
  0.100000000000000E+001  0.130030759840695E+003  0.921829799290867E+002  0.215931291324499E+001  0.293436716663123E+001  0.171138879595369E+001 -0.409368007987621E+001 -0.762657020629066E+001 -0.650153799203477E+002
  0.100000000000000E+001  0.515174614777319E+002  0.498787578231247E+002  0.479164530143295E+000 -0.124416064794970E+000  0.197713204801245E+001  0.645251534651675E+000 -0.762657020629066E+001 -0.257587307388659E+002
  0.100000000000000E+001  0.292447727581500E+003  0.930469254009347E+002  0.777345047837176E+000  0.206876443399192E+000  0.122306642539308E+001  0.157785087636318E-001 -0.762657020629066E+001 -0.146223863790750E+003
  0.100000000000000E+001  0.721776740232913E+002  0.481732170955825E+002  0.351413665920691E+000 -0.240763140783357E+001  0.176553306590580E+001  0.305621774191288E+001 -0.762657020629066E+001 -0.360888370116456E+002
  0.100000000000000E+001  0.419518346179591E+004  0.771204553945367E+002  0.100164555238101E+001 -0.154106222238462E+001  0.414179168920206E+000  0.153941667000361E+001 -0.762657020629066E+001 -0.209759173089796E+004
  0.100000000000000E+001  0.687207104820572E+003  0.563491985919745E+002  0.271452638480021E+001 -0.138801165090766E+001  0.917204229918777E+000 -0.326514733892551E+000 -0.762657020629066E+001 -0.343603552410286E+003
  0.100000000000000E+001  0.458395998062762E+003  0.705818659222494E+002  0.256883015574226E+001 -0.260750108016657E+001  0.186924967240425E+001  0.103867092442432E+001 -0.762657020629066E+001 -0.229197999031381E+003
  0.100000000000000E+001  0.545445861967817E+002  0.498105380318477E+002  0.754394359949773E-001  0.173148859857850E+000  0.197487807962046E+001  0.751411704147173E+000 -0.762657020629066E+001 -0.272722930983909E+002
  0.100000000000000E+001  0.174949150098682E+003  0.707509117754750E+002  0.194961384189876E+000  0.406423839278790E+000  0.261790682702169E+000  0.398614776531334E+000 -0.762657020629066E+001 -0.874745750493410E+002
  0.100000000000000E+001  0.400294187455898E+003  0.806415435020555E+002  0.787808795595095E+000 -0.231341132510321E+001  0.164383333638382E+001  0.252560252950811E+001 -0.762657020629066E+001 -0.200147093727949E+003
  0.100000000000000E+001  0.113157155118055E+004  0.552897530332414E+002  0.190977001063640E+001  0.222589851984616E+001  0.213961469536984E+000 -0.313566853048256E+001 -0.762657020629066E+001 -0.565785775590273E+003
  0.100000000000000E+001  0.158622446011887E+003  0.916981420305476E+002  0.151812249794029E+001  0.164234436091835E+001  0.154897015165699E+001 -0.216046685885864E+001 -0.762657020629066E+001 -0.793112230059435E+002
  0.100000000000000E+001  0.166929825296099E+003  0.576037618004482E+002  0.298610860740420E+001  0.216883764188238E+001  0.119705327816574E+001 -0.415494624928658E+001 -0.762657020629066E+001 -0.834649126480496E+002
  0.100000000000000E+001  0.166880033393657E+003  0.710170368444152E+002  0.104069341789298E+001 -0.404074255839797E+000  0.150265684239433E+001  0.363380837946813E+000 -0.762657020629066E+001 -0.834400166968286E+002
  0.100000000000000E+001  0.493758057357804E+004  0.934197644750988E+002  0.257182977228999E+001 -0.241911018047088E+001  0.788734101528011E+000  0.847280408180885E+000 -0.762657020629066E+001 -0.246879028678902E+004
  0.100000000000000E+001  0.113877107541774E+003  0.678731816778512E+002  0.210860260751868E+001  0.134555630394617E+001  0.197799846119359E+001 -0.245415891146485E+001 -0.762657020629066E+001 -0.569385537708870E+002
  0.100000000000000E+001  0.970458325562576E+003  0.562015510987988E+002  0.207608888260570E+001  0.736871278400404E+000  0.417932353221723E+000 -0.181296016100610E+001 -0.762657020629066E+001 -0.485229162781288E+003
  0.100000000000000E+001  0.133792742402792E+003  0.770154092372547E+002  0.236381558424299E+001  0.254095608171466E+001  0.160854370844423E+001 -0.390477166595764E+001 -0.762657020629066E+001 -0.668963712013961E+002
  0.100000000000000E+001  0.144528158755118E+003  0.957865176636248E+002  0.818868707559537E-001  0.238632126058916E+000  0.857105783145620E+000  0.679481003185130E+000 -0.762657020629066E+001 -0.722640793775588E+002
  0.100000000000000E+001  0.109573670068659E+004  0.969866963454085E+002  0.243787358076841E+001 -0.291190938238857E+001  0.183980396137480E+001  0.147403580162016E+001 -0.762657020629066E+001 -0.547868350343296E+003
  0.100000000000000E+001  0.658998836108928E+004  0.998768619347733E+002  0.226539603122200E+001 -0.123799443535549E+001  0.630391972399107E+000 -0.274015958665099E-001 -0.762657020629066E+001 -0.329499418054464E+004
  0.100000000000000E+001  0.191879114728888E+003  0.543954383132570E+002  0.297248792273956E+001  0.682193129551809E+000  0.136972799116301E+001 -0.265468105229137E+001 -0.762657020629066E+001 -0.959395573644439E+002
  0.100000000000000E+001  0.209465787953507E+003  0.415470509510311E+002  0.164665455242875E+001  0.169196895936568E+001  0.450912346103238E+000 -0.233862351179443E+001 -0.762657020629066E+001 -0.104732893976753E+003
  0.100000000000000E+001  0.101885686366943E+003  0.522608873865084E+002  0.945792145041683E+000 -0.150252180210360E+001  0.142086090845017E+001  0.155672965706192E+001 -0.762657020629066E+001 -0.509428431834717E+002
  0.100000000000000E+001  0.597539578968255E+003  0.924443566871472E+002  0.152471664792439E+001  0.127634258413122E+001  0.860580454696796E+000 -0.180105923205561E+001 -0.762657020629066E+001 -0.298769789484128E+003
  0.100000000000000E+001  0.229642923634184E+004  0.882644940972774E+002  0.251907375269227E+001  0.450586634727932E+000  0.750138311624150E+000 -0.196966038742021E+001 -0.762657020629066E+001 -0.114821461817092E+004
  0.100000000000000E+001  0.136656129731479E+004  0.409693528910337E+002  0.248345801205029E+001  0.225579604620063E+001  0.210641526105899E+000 -0.373925405825092E+001 -0.762657020629066E+001 -0.683280648657397E+003
  0.100000000000000E+001  0.208793964978698E+004  0.658673323607193E+002  0.155722686612626E+001 -0.232606179252948E+001  0.597837848508662E+000  0.176883492640322E+001 -0.762657020629066E+001 -0.104396982489349E+004
  0.100000000000000E+001  0.302257359122208E+003  0.735656041771642E+002  0.920605055350830E-001  0.792101281950176E+000  0.308842907260922E+000  0.115838212514741E+000 -0.762657020629066E+001 -0.151128679561104E+003
  0.100000000000000E+001  0.121174577439473E+005  0.945970400811059E+002  0.749199912179320E+000  0.135399657161449E+000  0.193010007275583E+000  0.115400430659231E+000 -0.762657020629066E+001 -0.605872887197364E+004
  0.100000000000000E+001  0.968929595547686E+004  0.494854533014305E+002  0.180103171457942E+001 -0.189056405244059E+001  0.167428184823005E+000  0.108953233786116E+001 -0.762657020629066E+001 -0.484464797773843E+004
  0.100000000000000E+001  0.742269517678050E+002  0.761233019100429E+002  0.246028578923705E+000 -0.244939635904491E+000  0.185294272410000E+001  0.998911056980786E+000 -0.762657020629066E+001 -0.371134758839025E+002
  0.100000000000000E+001  0.109685557329741E+003  0.470915191469650E+002  0.210629626608684E-001 -0.150603890052330E+001  0.465048628718417E+000  0.248497593786243E+001 -0.762657020629066E+001 -0.548427786648703E+002
  0.100000000000000E+001  0.868045613256019E+003  0.582420853737143E+002  0.415248435719719E+000  0.430100238188409E+000  0.132389233802947E+000  0.154651326091872E+000 -0.762657020629066E+001 -0.434022806628009E+003
  0.100000000000000E+001  0.589245260487657E+002  0.425065662896842E+002  0.231411336137398E+001  0.177769164437719E+001  0.106423972272356E+001 -0.309180500575118E+001 -0.762657020629066E+001 -0.294622630243829E+002
  0.100000000000000E+001  0.107444560197648E+005  0.510344094845955E+002  0.286057059874600E+001 -0.310804776017604E+000  0.174438130505905E+000 -0.154976582272840E+001 -0.762657020629066E+001 -0.537222800988241E+004
  0.100000000000000E+001  0.621372482641067E+004  0.557397145056190E+002  0.267487451337322E+001  0.209862302363605E+001  0.155640451076719E+000 -0.377349753700927E+001 -0.762657020629066E+001 -0.310686241320533E+004
  0.100000000000000E+001  0.124055467859896E+003  0.958618015940985E+002  0.787570815539515E+000  0.172479796496651E+001  0.513743084689552E+000 -0.151236878050603E+001 -0.762657020629066E+001 -0.620277339299481E+002
  0.100000000000000E+001  0.434782489001818E+003  0.969663516468279E+002  0.488801176393666E+000 -0.243445053424965E+001  0.199940631826537E+001  0.294564935785598E+001 -0.762657020629066E+001 -0.217391244500909E+003
  0.100000000000000E+001  0.765660072623359E+002  0.599109653777424E+002  0.118812628787714E+001  0.204746608239375E+001  0.583487392167374E+000 -0.223559237027090E+001 -0.762657020629066E+001 -0.382830036311679E+002
  0.100000000000000E+001  0.838023202164033E+003  0.994743838895005E+002  0.208821803116754E+001  0.139676315309328E+001  0.107402847941932E+001 -0.248498118426082E+001 -0.762657020629066E+001 -0.419011601082016E+003
  0.100000000000000E+001  0.352023782855438E+003  0.798380129774664E+002  0.497785683205723E+000 -0.124199793587714E+001  0.119820688926918E+001  0.174421225267141E+001 -0.762657020629066E+001 -0.176011891427719E+003
  0.100000000000000E+001  0.858107920729694E+002  0.829228484202311E+002  0.118193344869150E+001  0.270281763638724E+001  0.162695332309061E+001 -0.288475108507874E+001 -0.762657020629066E+001 -0.429053960364847E+002
  0.100000000000000E+001  0.685129821282866E+002  0.886900617259749E+002  0.448018280969453E+000  0.167125068215868E+001  0.150640249253624E+001 -0.111926896312814E+001 -0.762657020629066E+001 -0.342564910641433E+002
  0.100000000000000E+001  0.175344365142799E+004  0.527205760630556E+002  0.297630744766605E+001  0.232281347645118E+001  0.287799969307178E+000 -0.429912092411723E+001 -0.762657020629066E+001 -0.876721825713994E+003
  0.100000000000000E+001  0.374642790220078E+003  0.811920650248274E+002  0.214358993199332E+001  0.225077228730021E+001  0.879127234515499E+000 -0.339436221929353E+001 -0.762657020629066E+001 -0.187321395110039E+003
  0.100000000000000E+001  0.309078630411184E+004  0.716652573155302E+002  0.240727890324815E+001  0.318378569147480E+000  0.460815278686551E+000 -0.172565747239563E+001 -0.762657020629066E+001 -0.154539315205592E+004
  0.100000000000000E+001  0.525185480218296E+002  0.469076461299981E+002  0.938915006454240E+000 -0.639218175978627E+000  0.146508448544085E+001  0.700303169524386E+000 -0.762657020629066E+001 -0.262592740109148E+002
  0.100000000000000E+001  0.326244360035376E+003  0.632677979713055E+002  0.208401318871984E+001 -0.284551100712213E+001  0.180577104942258E+001  0.176149781840229E+001 -0.762657020629066E+001 -0.163122180017688E+003
  0.100000000000000E+001  0.638937700343210E+003  0.980665760487021E+002  0.438973760194503E+000 -0.151213155438862E+001  0.131772389579173E+001  0.207315779419412E+001 -0.762657020629066E+001 -0.319468850171605E+003
  0.100000000000000E+001  0.146782975405123E+005  0.952672349574046E+002  0.585492462115110E+000 -0.133522875076845E+001  0.260854974547468E+000  0.174973628865335E+001 -0.762657020629066E+001 -0.733914877025613E+004
  0.100000000000000E+001  0.248801894617215E+005  0.731514487695913E+002  0.398242861173836E+000 -0.263017667422701E+001  0.161047136819534E+000  0.323193381305317E+001 -0.762657020629066E+001 -0.124400947308608E+005
  0.100000000000000E+001  0.102768505963209E+003  0.580861617986065E+002  0.182069915507729E+001  0.938419203594767E+000  0.124836846560178E+001 -0.175911835867206E+001 -0.762657020629066E+001 -0.513842529816045E+002
  0.100000000000000E+001  0.134563200498331E+004  0.879458450340812E+002  0.152415470527805E+001 -0.259751114998504E+001  0.120379772715027E+001  0.207335644470699E+001 -0.762657020629066E+001 -0.672816002491656E+003
  0.100000000000000E+001  0.310909446218357E+003  0.555129536813586E+002  0.174244654472347E+001  0.890401013966144E+000  0.553989458325206E+000 -0.163284755868961E+001 -0.762657020629066E+001 -0.155454723109178E+003
  0.100000000000000E+001  0.341892187685500E+003  0.657516367671916E+002  0.951287206340712E+000 -0.199895562503668E+001  0.122095213778355E+001  0.204766841869597E+001 -0.762657020629066E+001 -0.170946093842750E+003
  0.100000000000000E+001  0.514532821808811E+002  0.401510336866518E+002  0.839376257039770E+000 -0.520404966122366E+000  0.184705605764965E+001  0.681028709082596E+000 -0.762657020629066E+001 -0.257266410904406E+002
  0.100000000000000E+001  0.191536107035350E+003  0.735921926465815E+002  0.187006618806029E+001  0.168607916995347E+001  0.107694993556260E+001 -0.255614535801376E+001 -0.762657020629066E+001 -0.957680535176749E+002
  0.100000000000000E+001  0.169899613693600E+003  0.969209796140964E+002  0.877273958298382E+000  0.452548070839853E+000  0.186990058500900E+001 -0.329822029138235E+000 -0.762657020629066E+001 -0.849498068468000E+002
  0.100000000000000E+001  0.326790844729106E+003  0.987638366879716E+002  0.139677624614361E+001  0.721205776985173E+000  0.156620336600557E+001 -0.111798202312879E+001 -0.762657020629066E+001 -0.163395422364553E+003
  0.100000000000000E+001  0.138809526498814E+003  0.623968964846409E+002  0.158778472032549E+001 -0.701142125591770E+000  0.195453870494931E+001  0.113357405266283E+000 -0.762657020629066E+001 -0.694047632494069E+002
  0.100000000000000E+001  0.196573834248825E+005  0.986344323680643E+002  0.251218945903586E+001 -0.291235943149793E+001  0.439507539772726E+000  0.140016997246207E+001 -0.762657020629066E+001 -0.982869171244124E+004
  0.100000000000000E+001  0.129768379604950E+003  0.763558501795293E+002  0.359647912923143E+000 -0.111933496384061E+001  0.198085848578993E+001  0.175968705091747E+001 -0.762657020629066E+001 -0.648841898024752E+002
  0.100000000000000E+001  0.151086411058847E+003  0.911575513357863E+002  0.770341424724629E+000  0.365425311653437E+000  0.167583365302626E+001 -0.135766736378065E+000 -0.762657020629066E+001 -0.755432055294233E+002
  0.100000000000000E+001  0.133679775321752E+004  0.993267499116508E+002  0.224396865323482E+001 -0.101702813248252E+001  0.136092519539913E+001 -0.226940520752300E+000 -0.762657020629066E+001 -0.668398876608760E+003
  0.100000000000000E+001  0.193521915939132E+005  0.818966753886046E+002  0.150379617132107E+001 -0.233627150409574E+001  0.274219387685680E+000  0.183247533277467E+001 -0.762657020629066E+001 -0.967609579695659E+004
  0.100000000000000E+001  0.223663107324500E+003  0.533918454609578E+002  0.187227562551529E+001 -0.206169797955666E+001  0.140605645487988E+001  0.118942235404138E+001 -0.762657020629066E+001 -0.111831553662250E+003
  0.100000000000000E+001  0.899843458889975E+002  0.459942334211693E+002  0.297932738463805E+001  0.165379344561722E+001  0.133257408299960E+001 -0.363312083025527E+001 -0.762657020629066E+001 -0.449921729444987E+002
  0.100000000000000E+001  0.792702026501024E+003  0.880730796658549E+002  0.221333233615177E+001 -0.679594029195763E+000  0.142782542467589E+001 -0.533738306956002E+000 -0.762657020629066E+001 -0.396351013250512E+003
  0.100000000000000E+001  0.235708107343385E+003  0.990602776129537E+002  0.173321263947044E+001  0.129441874165791E+001  0.193713023793938E+001 -0.202763138112835E+001 -0.762657020629066E+001 -0.117854053671692E+003
  0.100000000000000E+001  0.184015832774956E+003  0.554881541542939E+002  0.209039274401603E+001 -0.458312432642174E-001  0.121581173648019E+001 -0.104456150075182E+001 -0.762657020629066E+001 -0.920079163874778E+002
  0.100000000000000E+001  0.449398458775606E+002  0.507339449738187E+002  0.154908840231323E+001  0.214091682627119E+001  0.113295164714501E+001 -0.269000522858442E+001 -0.762657020629066E+001 -0.224699229387803E+002
  0.100000000000000E+001  0.241652805977536E+004  0.860774178102193E+002  0.786050551485481E-001 -0.218209752300765E+001  0.551578739560593E+000  0.310349246785910E+001 -0.762657020629066E+001 -0.120826402988768E+004
  0.100000000000000E+001  0.619165138202399E+003  0.744373732925547E+002  0.197084895079698E+001 -0.210683052924291E+001  0.144882105777821E+001  0.113598157844593E+001 -0.762657020629066E+001 -0.309582569101200E+003
  0.100000000000000E+001  0.732133522658304E+003  0.641267379986484E+002  0.194920904463090E+001  0.200782946012762E+001  0.368318600561477E+000 -0.295703850475851E+001 -0.762657020629066E+001 -0.366066761329152E+003
  0.100000000000000E+001  0.294500909005587E+003  0.727364102278238E+002  0.174171726736076E+001 -0.180988888144692E+001  0.198044393312263E+001  0.106817161408616E+001 -0.762657020629066E+001 -0.147250454502794E+003
  0.100000000000000E+001  0.844783727012640E+003  0.793236187062957E+002  0.188508322425734E+001 -0.710468993841634E+000  0.108243964689264E+001 -0.174614230415708E+000 -0.762657020629066E+001 -0.422391863506320E+003
  0.100000000000000E+001  0.339681415319371E+003  0.470471477844512E+002  0.250739995484894E+001 -0.176653582862370E+001  0.957890937765225E+000  0.259135873774762E+000 -0.762657020629066E+001 -0.169840707659685E+003
  0.100000000000000E+001  0.575989536563973E+002  0.753279077892847E+002  0.151389130628772E+001  0.222123536899598E+001  0.163685746408140E+001 -0.273512667528370E+001 -0.762657020629066E+001 -0.287994768281986E+002
  0.100000000000000E+001  0.148571694550460E+003  0.513223392588038E+002  0.225132004155532E+001  0.279943939709467E+001  0.602789463495306E+000 -0.405075943864998E+001 -0.762657020629066E+001 -0.742858472752301E+002
  0.100000000000000E+001  0.273321360545884E+004  0.825922562896994E+002  0.264558233906548E+001 -0.180471125882169E+001  0.854352217711366E+000  0.159128919756213E+000 -0.762657020629066E+001 -0.136660680272942E+004
  0.100000000000000E+001  0.110413882972556E+004  0.683051284960039E+002  0.117641286601300E+001 -0.142838700859576E+001  0.674668527053977E+000  0.125197414258276E+001 -0.762657020629066E+001 -0.552069414862780E+003
  0.100000000000000E+001  0.295979976273762E+002  0.535094697879605E+002  0.160277181367492E+000 -0.446170423845462E-001  0.132077643418235E+001  0.884339861017054E+000 -0.762657020629066E+001 -0.147989988136881E+002
  0.100000000000000E+001  0.924527420694722E+002  0.486010766489535E+002  0.942123460850589E+000 -0.233140650004700E+001  0.182887469742791E+001  0.238928303919641E+001 -0.762657020629066E+001 -0.462263710347361E+002
  0.100000000000000E+001  0.136490140192580E+003  0.667446973610693E+002  0.110844203440427E+001  0.831803903628681E+000  0.759115689164436E+000 -0.940245938032951E+000 -0.762657020629066E+001 -0.682450700962900E+002
  0.100000000000000E+001  0.273036305885805E+003  0.833475388526677E+002  0.571350991270955E-001 -0.101175337804638E+001  0.105836820407892E+001  0.195461827891929E+001 -0.762657020629066E+001 -0.136518152942903E+003
  0.100000000000000E+001  0.446029113646411E+004  0.691011142262561E+002  0.181584169318832E+001 -0.245268307632152E+001  0.475248015351435E+000  0.163684138313320E+001 -0.762657020629066E+001 -0.223014556823205E+004
  0.100000000000000E+001  0.479828738368872E+002  0.527193903566028E+002  0.159905829495054E+001  0.137717522485236E+001  0.133310468683765E+001 -0.197623351980290E+001 -0.762657020629066E+001 -0.239914369184436E+002
  0.100000000000000E+001  0.657846888417929E+002  0.437418439444295E+002  0.129564012244478E+001 -0.354773097698541E+000  0.892645173002190E+000  0.591329752537653E-001 -0.762657020629066E+001 -0.328923444208965E+002
  0.100000000000000E+001  0.118421619098578E+004  0.650137455121004E+002  0.223948007400325E+001 -0.274774203843732E+001  0.941511044979255E+000  0.150826196443407E+001 -0.762657020629066E+001 -0.592108095492890E+003
  0.100000000000000E+001  0.623993588421572E+002  0.991975130501523E+002  0.479034222017426E+000  0.141349499129130E+001  0.683573677851332E+000 -0.892529213308723E+000 -0.762657020629066E+001 -0.311996794210786E+002
  0.100000000000000E+001  0.331792845798438E+003  0.687982840158052E+002  0.866918864123666E+000 -0.956708092352936E+000  0.997947327072381E+000  0.108978922822927E+001 -0.762657020629066E+001 -0.165896422899219E+003
  0.100000000000000E+001  0.625683554786519E+003  0.815601311550503E+002  0.270240901152968E+001  0.257540173005280E+001  0.857040192653429E+000 -0.427781074158249E+001 -0.762657020629066E+001 -0.312841777393260E+003
  0.100000000000000E+001  0.183737021542206E+003  0.591980886562434E+002  0.105054215973672E+001 -0.255666501751977E+001  0.172368814585772E+001  0.250612285778306E+001 -0.762657020629066E+001 -0.918685107711030E+002
  0.100000000000000E+001  0.231529850319211E+004  0.960113845287498E+002  0.286959281484368E+001  0.787052672927154E+000  0.877312770543360E+000 -0.265664548777083E+001 -0.762657020629066E+001 -0.115764925159606E+004
  0.100000000000000E+001  0.993532096670455E+003  0.959607223091899E+002  0.171647785150011E+001  0.113039484034137E+001  0.838470770890109E+000 -0.184687269184149E+001 -0.762657020629066E+001 -0.496766048335227E+003
  0.100000000000000E+001  0.459803411058500E+003  0.745360750903573E+002  0.767429177766048E+000 -0.254649948750160E+001  0.137179014119948E+001  0.277907030973555E+001 -0.762657020629066E+001 -0.229901705529250E+003
  0.100000000000000E+001  0.628409460819052E+003  0.841280123361672E+002  0.144748391335843E+001 -0.277683973483468E+001  0.170550917695015E+001  0.232935582147625E+001 -0.762657020629066E+001 -0.314204730409526E+003
  0.100000000000000E+001  0.160278892587755E+004  0.759831048708736E+002  0.130637812788329E+001  0.119763399447140E+001  0.304906276506123E+000 -0.150401212235470E+001 -0.762657020629066E+001 -0.801394462938777E+003
  0.100000000000000E+001  0.180331402011719E+005  0.938268422241556E+002  0.574538744869148E+000  0.504709610313575E+000  0.110313652609641E+000 -0.792483551827226E-001 -0.762657020629066E+001 -0.901657010058595E+004
  0.100000000000000E+001  0.412266927638397E+002  0.764342137998737E+002  0.652207423327216E+000  0.946316479798554E+000  0.969082488568703E+000 -0.598523903125771E+000 -0.762657020629066E+001 -0.206133463819199E+002
  0.100000000000000E+001  0.925832102678448E+003  0.804411841248589E+002  0.241346901673338E+001 -0.115829664880795E+001  0.127653293098397E+001 -0.255172367925431E+000 -0.762657020629066E+001 -0.462916051339224E+003
  0.100000000000000E+001  0.138991120120542E+004  0.776984083764215E+002  0.292297185354600E+001  0.226403096588470E+001  0.630426866376974E+000 -0.418700281943070E+001 -0.762657020629066E+001 -0.694955600602709E+003
  0.100000000000000E+001  0.567335755547490E+003  0.960243799009201E+002  0.912822232727467E+000 -0.282582710267502E+001  0.199172807050407E+001  0.291300486994756E+001 -0.762657020629066E+001 -0.283667877773745E+003
  0.100000000000000E+001  0.106824666845771E+003  0.667480381675638E+002  0.419326062576423E+000 -0.939943665704916E+000  0.147277249702783E+001  0.152061760312849E+001 -0.762657020629066E+001 -0.534123334228857E+002
  0.100000000000000E+001  0.515246211235640E+002  0.431976446618331E+002  0.510356417296591E+000 -0.168666381930171E+001  0.159792964175522E+001  0.217630740200512E+001 -0.762657020629066E+001 -0.257623105617820E+002
  0.100000000000000E+001  0.595661679761732E+002  0.456640182860762E+002  0.233938854482301E+001  0.165836880035409E+001  0.160356437332099E+001 -0.299775734517710E+001 -0.762657020629066E+001 -0.297830839880866E+002
  0.100000000000000E+001  0.643688300483712E+002  0.570711922572699E+002  0.155471302207525E+001  0.106778859648132E+001  0.131190962102170E+001 -0.162250161855657E+001 -0.762657020629066E+001 -0.321844150241856E+002
  0.100000000000000E+001  0.404954689205483E+004  0.953369263385540E+002  0.147140662210428E+001 -0.268608157973451E+001  0.772433540799108E+000  0.221467495763023E+001 -0.762657020629066E+001 -0.202477344602742E+004
  0.100000000000000E+001  0.365255402273391E+004  0.952931867388595E+002  0.178053609416587E+001 -0.209470782459457E+001  0.802799744918863E+000  0.131417173042870E+001 -0.762657020629066E+001 -0.182627701136696E+004
  0.100000000000000E+001  0.231651625697847E+003  0.524452068464777E+002  0.975633759463955E+000 -0.175197801135359E+001  0.885969611063690E+000  0.177634425188963E+001 -0.762657020629066E+001 -0.115825812848924E+003
  0.100000000000000E+001  0.243422433877067E+003  0.843635815256134E+002  0.446866701074507E+000  0.563030638597712E+000  0.546327144002413E+000 -0.989733967221895E-002 -0.762657020629066E+001 -0.121711216938534E+003
  0.100000000000000E+001  0.122294195921686E+004  0.900181362307526E+002  0.176368815986860E+001 -0.179150514005234E+001  0.123984254414805E+001  0.102781698018374E+001 -0.762657020629066E+001 -0.611470979608429E+003
  0.100000000000000E+001  0.434887135526155E+003  0.630835434356487E+002  0.159335494724871E+001 -0.257410462766432E+001  0.131086796094604E+001  0.198074968041561E+001 -0.762657020629066E+001 -0.217443567763077E+003
  0.100000000000000E+001  0.312494266729093E+002  0.408110821722002E+002  0.275681779292222E-001 -0.129343986459699E+001  0.108194429687281E+001  0.226587168666777E+001 -0.762657020629066E+001 -0.156247133364547E+002
  0.100000000000000E+001  0.144588218843057E+004  0.412156900460165E+002  0.273978881884788E+001 -0.600658502420452E+000  0.320528830991549E+000 -0.113913031642743E+001 -0.762657020629066E+001 -0.722941094215283E+003
  0.100000000000000E+001  0.111410767169670E+004  0.849953475219492E+002  0.170375074711009E+001  0.299190665040113E+001  0.291645204884807E+000 -0.369565739751122E+001 -0.762657020629066E+001 -0.557053835848348E+003
  0.100000000000000E+001  0.870484845988136E+002  0.569054508954176E+002  0.241291641885992E+001  0.170414891504961E+001  0.178247288617838E+001 -0.311706533390954E+001 -0.762657020629066E+001 -0.435242422994068E+002
  0.100000000000000E+001  0.512157496882595E+004  0.954717831517745E+002  0.245603810156415E+001 -0.173815374944354E+001  0.734155120172481E+000  0.282115647879380E+000 -0.762657020629066E+001 -0.256078748441298E+004
  0.100000000000000E+001  0.275869764067922E+003  0.971677293557654E+002  0.742547595664672E+000  0.428898134060762E+000  0.120080872054977E+001 -0.171445729725434E+000 -0.762657020629066E+001 -0.137934882033961E+003
  0.100000000000000E+001  0.126704061196407E+004  0.675522467696597E+002  0.175940219129434E+001 -0.156358494288329E+001  0.750174705262802E+000  0.804182751588953E+000 -0.762657020629066E+001 -0.633520305982034E+003
  0.100000000000000E+001  0.513201836901412E+002  0.564666417283674E+002  0.194361932296505E+001  0.246375136341052E+001  0.124345479466726E+001 -0.340737068637557E+001 -0.762657020629066E+001 -0.256600918450706E+002
  0.100000000000000E+001  0.781521102758800E+003  0.887428735516696E+002  0.174774738223195E+001 -0.216457001011195E+001  0.160989431638266E+001  0.141682262788000E+001 -0.762657020629066E+001 -0.390760551379400E+003
  0.100000000000000E+001  0.379401529198123E+003  0.596986482733768E+002  0.647158592944000E+000 -0.145983036836301E+001  0.714024385398152E+000  0.181267177541901E+001 -0.762657020629066E+001 -0.189700764599062E+003
  0.100000000000000E+001  0.273875539731516E+003  0.492089830263392E+002  0.257958907195632E+001 -0.130685555276537E+001  0.112483162376324E+001 -0.272733519190945E+000 -0.762657020629066E+001 -0.136937769865758E+003
  0.100000000000000E+001  0.534841544829557E+002  0.498662546712614E+002  0.204375763844314E+001  0.189452864787169E+001  0.142995562591050E+001 -0.293828628631482E+001 -0.762657020629066E+001 -0.267420772414779E+002
  0.100000000000000E+001  0.301379155544609E+003  0.801221229491424E+002  0.193709946495315E+001  0.490687703979759E+000  0.155370295806748E+001 -0.142778716893291E+001 -0.762657020629066E+001 -0.150689577772305E+003
  0.100000000000000E+001  0.977533055073076E+002  0.421985705504846E+002  0.242420447574353E+000 -0.209545664922845E+001  0.597976106906921E+000  0.285303620165410E+001 -0.762657020629066E+001 -0.488766527536538E+002
  0.100000000000000E+001  0.273671312547895E+003  0.502606147115241E+002  0.194579410521817E+001 -0.240850939590662E+001  0.118191980034924E+001  0.146271529068844E+001 -0.762657020629066E+001 -0.136835656273948E+003
  0.100000000000000E+001  0.186423686051088E+005  0.801232874020890E+002  0.286075376222678E+001  0.224565884720874E+001  0.178721497363608E+000 -0.410641260943552E+001 -0.762657020629066E+001 -0.932118430255442E+004
  0.100000000000000E+001  0.546256624807064E+002  0.744959108271751E+002  0.152153223794100E+001  0.232305447849434E+001  0.163262695772678E+001 -0.284458671643534E+001 -0.762657020629066E+001 -0.273128312403532E+002
  0.100000000000000E+001  0.713822531881906E+003  0.985959020931075E+002  0.110454606975227E+001 -0.941562079878906E+000  0.138869335700726E+001  0.837016010126631E+000 -0.762657020629066E+001 -0.356911265940953E+003
  0.100000000000000E+001  0.215987650044925E+005  0.915903931301171E+002  0.895935732928048E+000 -0.253209674180471E+001  0.276088986624872E+000  0.263616100887667E+001 -0.762657020629066E+001 -0.107993825022463E+005
  0.100000000000000E+001  0.283467515036144E+003  0.625066535376646E+002  0.266001410426003E+001  0.134064863088257E+001  0.108798851372309E+001 -0.300066273514259E+001 -0.762657020629066E+001 -0.141733757518072E+003
  0.100000000000000E+001  0.429306577507259E+002  0.750408662922003E+002  0.110826883519934E+001  0.166355595051707E+001  0.124614214135852E+001 -0.177182478571641E+001 -0.762657020629066E+001 -0.214653288753630E+002
  0.100000000000000E+001  0.116560288196222E+004  0.704567279267519E+002  0.299925454373921E+001  0.190406081720137E+000  0.873719507025520E+000 -0.218966062545935E+001 -0.762657020629066E+001 -0.582801440981112E+003
  0.100000000000000E+001  0.433500174896031E+003  0.927583121271241E+002  0.109663501503621E+001 -0.633542776350501E+000  0.154063987742639E+001  0.536907761314293E+000 -0.762657020629066E+001 -0.216750087448016E+003
  0.100000000000000E+001  0.589471160303311E+004  0.777337020709541E+002  0.191911293019475E+001  0.613917994418464E+000  0.303882751182050E+000 -0.153303092461322E+001 -0.762657020629066E+001 -0.294735580151656E+004
  0.100000000000000E+001  0.406995500631309E+002  0.541109897366291E+002  0.593221349384035E+000 -0.192783200740016E+000  0.982976710820185E+000  0.599561851355981E+000 -0.762657020629066E+001 -0.203497750315654E+002
  0.100000000000000E+001  0.795122558150206E+004  0.704431278274806E+002  0.340491663862916E+000 -0.239771920417781E+001  0.248260335542499E+000  0.305722754031489E+001 -0.762657020629066E+001 -0.397561279075103E+004
  0.100000000000000E+001  0.712966128170375E+002  0.500882580815337E+002  0.236971886872361E+001  0.157584562440462E+001  0.153021946907166E+001 -0.294556449312822E+001 -0.762657020629066E+001 -0.356483064085188E+002
  0.100000000000000E+001  0.186186153613740E+003  0.645116936182484E+002  0.105092352471134E+001 -0.137541299865887E+001  0.154132431346902E+001  0.132448947394754E+001 -0.762657020629066E+001 -0.930930768068700E+002
  0.100000000000000E+001  0.279239843336924E+003  0.876787784488569E+002  0.199608256039379E+001  0.177954636366333E+001  0.132564772482142E+001 -0.277562892405712E+001 -0.762657020629066E+001 -0.139619921668462E+003
  0.100000000000000E+001  0.604628683757510E+003  0.705537522412340E+002  0.843663304220481E+000 -0.798743006395936E+000  0.719665004629834E+000  0.955079702175455E+000 -0.762657020629066E+001 -0.302314341878755E+003
  0.100000000000000E+001  0.781432414371026E+004  0.528370491508828E+002  0.206857954597621E+001 -0.114890844897826E+001  0.200233470206365E+000  0.803289030020555E-001 -0.762657020629066E+001 -0.390716207185513E+004
  0.100000000000000E+001  0.323333216158531E+003  0.620049691707371E+002  0.184846088138766E+001  0.150046599893335E+001  0.584372341940852E+000 -0.234892688032101E+001 -0.762657020629066E+001 -0.161666608079266E+003
  0.100000000000000E+001  0.106997415338983E+005  0.543410998580585E+002  0.274824455160985E+001 -0.240235584739643E+001  0.247408956288808E+000  0.654111295786580E+000 -0.762657020629066E+001 -0.534987076694914E+004
  0.100000000000000E+001  0.290511405755882E+003  0.675080961409086E+002  0.178286310451959E+001 -0.105893939889187E+001  0.153830410249320E+001  0.276076294372274E+000 -0.762657020629066E+001 -0.145255702877941E+003
  0.100000000000000E+001  0.524476020159027E+003  0.993442725166536E+002  0.135297767207312E+001 -0.943540235259981E+000  0.180463848613138E+001  0.590562563186861E+000 -0.762657020629066E+001 -0.262238010079514E+003
  0.100000000000000E+001  0.250633770005358E+004  0.941808760696956E+002  0.252934095821531E+001 -0.171447460817479E+001  0.104264736226440E+001  0.185133649959481E+000 -0.762657020629066E+001 -0.125316885002679E+004
  0.100000000000000E+001  0.437608321829243E+003  0.940341080870965E+002  0.602824118432264E+000 -0.660626065674370E+000  0.126607194287931E+001  0.105780194724211E+001 -0.762657020629066E+001 -0.218804160914622E+003
  0.100000000000000E+001  0.105179903067266E+004  0.922657506275977E+002  0.166252259556644E+001  0.181031968089398E+001  0.560612447881189E+000 -0.247284227646042E+001 -0.762657020629066E+001 -0.525899515336332E+003
  0.100000000000000E+001  0.399263282651649E+004  0.929943687289917E+002  0.244323516055554E+001  0.993473363454775E-001  0.636726159406309E+000 -0.154258249690101E+001 -0.762657020629066E+001 -0.199631641325824E+004
  0.100000000000000E+001  0.116983334900764E+003  0.584220754358708E+002  0.133722247817335E+001 -0.123702737896157E+000  0.127231674965225E+001 -0.213519740277191E+000 -0.762657020629066E+001 -0.584916674503819E+002
  0.100000000000000E+001  0.425464274103288E+003  0.738824642022203E+002  0.177477146800457E+001  0.961133761043728E+000  0.872021519953250E+000 -0.173590522904830E+001 -0.762657020629066E+001 -0.212732137051644E+003
  0.100000000000000E+001  0.404173006125550E+002  0.515249832472282E+002  0.153411250292650E+001  0.158812017469950E+001  0.110038952527716E+001 -0.212223267762600E+001 -0.762657020629066E+001 -0.202086503062775E+002
  0.100000000000000E+001  0.844292829521971E+002  0.682772700798840E+002  0.128244767449990E+001  0.143228394458666E+001  0.839006740322529E+000 -0.171473161908655E+001 -0.762657020629066E+001 -0.422146414760985E+002
  0.100000000000000E+001  0.705437395775756E+002  0.498999089159066E+002  0.173556315158098E+001  0.297607750221550E+000  0.167756890526193E+001 -0.103317090180253E+001 -0.762657020629066E+001 -0.352718697887878E+002
  0.100000000000000E+001  0.392671493535641E+003  0.419943326529125E+002  0.255924824897014E+000 -0.263984681956072E+001  0.372641463320266E+000  0.338392199466371E+001 -0.762657020629066E+001 -0.196335746767820E+003
  0.100000000000000E+001  0.119236942573459E+004  0.749735594076836E+002  0.117556067517860E+001  0.141180614877381E+001  0.253430958240078E+000 -0.158736682395241E+001 -0.762657020629066E+001 -0.596184712867294E+003
  0.100000000000000E+001  0.503557886195583E+003  0.463900327781972E+002  0.254501365684208E+001 -0.205785618033847E+001  0.795029453828395E+000  0.512842523496382E+000 -0.762657020629066E+001 -0.251778943097791E+003
  0.100000000000000E+001  0.825930908983260E+002  0.487638736548879E+002  0.213644116573755E+001  0.178059790964640E+000  0.189551398228065E+001 -0.131450095670219E+001 -0.762657020629066E+001 -0.412965454491630E+002
  0.100000000000000E+001  0.103047777455777E+004  0.972265417261140E+002  0.236302939668517E+001 -0.376897762164186E-001  0.135587841764129E+001 -0.132533962046875E+001 -0.762657020629066E+001 -0.515238887278885E+003
  0.100000000000000E+001  0.313145924298230E+003  0.639983404293514E+002  0.181900827307647E+001  0.229721985588892E+001  0.428803827504020E+000 -0.311622812896539E+001 -0.762657020629066E+001 -0.156572962149115E+003
  0.100000000000000E+001  0.478592823924358E+005  0.904099265240760E+002  0.282260337763959E+001 -0.142777665091964E+001  0.229438748584875E+000 -0.394826726719947E+000 -0.762657020629066E+001 -0.239296411962179E+005
  0.100000000000000E+001  0.513265958152144E+003  0.883473845352786E+002  0.853135308594296E+000  0.191628362725402E+001  0.237617406564023E+000 -0.176941893584831E+001 -0.762657020629066E+001 -0.256632979076072E+003
  0.100000000000000E+001  0.376934553979383E+005  0.815968214499582E+002  0.868068810669533E+000 -0.218543908464122E+001  0.165000325002950E+000  0.231737027397168E+001 -0.762657020629066E+001 -0.188467276989691E+005
  0.100000000000000E+001  0.149589018506213E+004  0.767009574201088E+002  0.255440990611289E+001  0.347410071464407E-001  0.808438441794936E+000 -0.158915091325933E+001 -0.762657020629066E+001 -0.747945092531065E+003
  0.100000000000000E+001  0.666672320388001E+002  0.639270611287618E+002  0.137642326619912E+001  0.272530149030158E+001  0.188006589692934E+001 -0.310172475650070E+001 -0.762657020629066E+001 -0.333336160194001E+002
  0.100000000000000E+001  0.701793927260032E+003  0.960699137911840E+002  0.109834084227558E+001 -0.283835886324639E+001  0.183953595450668E+001  0.274001802097081E+001 -0.762657020629066E+001 -0.350896963630016E+003
  0.100000000000000E+001  0.114667326507891E+004  0.871584971342964E+002  0.289946068358102E+001 -0.175619367924844E+001  0.149088909702542E+001 -0.143267004332580E+000 -0.762657020629066E+001 -0.573336632539457E+003
  0.100000000000000E+001  0.211425918235257E+004  0.555855693483235E+002  0.962028959545372E+000 -0.289633859246461E+001  0.414985713717936E+000  0.293430963291924E+001 -0.762657020629066E+001 -0.105712959117628E+004
  0.100000000000000E+001  0.832637311496486E+002  0.933415719352690E+002  0.282819868051235E+000  0.474835938989227E+000  0.126829202497580E+001  0.242344192959537E+000 -0.762657020629066E+001 -0.416318655748243E+002
  0.100000000000000E+001  0.432492736711300E+002  0.500941453477647E+002  0.336602672314185E+000 -0.542829290848656E+000  0.617588352525234E+000  0.120622661853447E+001 -0.762657020629066E+001 -0.216246368355650E+002
  0.100000000000000E+001  0.173148676837496E+002  0.728283353624335E+002  0.620347376049802E+000  0.142938256613339E+001  0.820321443359304E+000 -0.104972994218319E+001 -0.762657020629066E+001 -0.865743384187479E+001
  0.100000000000000E+001  0.106674716472307E+003  0.408367889817703E+002  0.121383730387095E+001  0.198363645698330E+001  0.907869499737801E+000 -0.219747376085424E+001 -0.762657020629066E+001 -0.533373582361533E+002
  0.100000000000000E+001  0.690342022339406E+003  0.843250460029869E+002  0.921420047522479E+000  0.854499924473859E+000  0.488808987340630E+000 -0.775919971996337E+000 -0.762657020629066E+001 -0.345171011169703E+003
  0.100000000000000E+001  0.364761992875462E+003  0.589534757967528E+002  0.154462351992953E+001 -0.154910728283154E+001  0.105376164630535E+001  0.100448376290201E+001 -0.762657020629066E+001 -0.182380996437731E+003
  0.100000000000000E+001  0.699113410504491E+002  0.764452319446936E+002  0.207918547562918E+000 -0.198783024278531E+000  0.179046327848233E+001  0.990864476715613E+000 -0.762657020629066E+001 -0.349556705252246E+002
  0.100000000000000E+001  0.171205347509368E+003  0.668644605624437E+002  0.231241123519997E+001  0.116740812906986E+001  0.154961506469032E+001 -0.247981936426982E+001 -0.762657020629066E+001 -0.856026737546842E+002
  0.100000000000000E+001  0.288130033325333E+003  0.559342421571750E+002  0.213891306119081E+001 -0.271146376701861E+000  0.101570063766735E+001 -0.867766684488945E+000 -0.762657020629066E+001 -0.144065016662666E+003
  0.100000000000000E+001  0.248057048329989E+004  0.596177045207878E+002  0.253535977863376E+001 -0.125649906976006E+000  0.421375639299100E+000 -0.140970987165775E+001 -0.762657020629066E+001 -0.124028524164995E+004
  0.100000000000000E+001  0.109008400637739E+003  0.494294088816828E+002  0.108327615579864E+001 -0.276836616631850E+001  0.194085015969446E+001  0.268509001051986E+001 -0.762657020629066E+001 -0.545042003188694E+002
  0.100000000000000E+001  0.816866773245953E+002  0.557968327502559E+002  0.125562026003594E+001 -0.259230815665379E+000  0.169683528832600E+001  0.361055562943480E-002 -0.762657020629066E+001 -0.408433386622976E+002
  0.100000000000000E+001  0.842394492786930E+002  0.634290965910872E+002  0.104177092303360E+001 -0.515360776605900E-001  0.198546011529887E+001  0.976515462698946E-002 -0.762657020629066E+001 -0.421197246393465E+002
  0.100000000000000E+001  0.688499839587194E+002  0.711914711595566E+002  0.127797940277149E+001  0.240298180648425E+001  0.710010432757388E+000 -0.268096120925574E+001 -0.762657020629066E+001 -0.344249919793597E+002
  0.100000000000000E+001  0.106935272141404E+003  0.457245801071100E+002  0.165460438904382E+001  0.294896153804027E+001  0.110691745099113E+001 -0.360356592708408E+001 -0.762657020629066E+001 -0.534676360707018E+002
  0.100000000000000E+001  0.818800090509578E+002  0.809431821983852E+002  0.366265420093683E+000  0.366798887688939E+000  0.955938884008269E+000  0.266935692217379E+000 -0.762657020629066E+001 -0.409400045254789E+002
  0.100000000000000E+001  0.151690284551075E+003  0.490014210835105E+002  0.175272674496200E+001 -0.249667134088245E+001  0.161378357816633E+001  0.174394459592045E+001 -0.762657020629066E+001 -0.758451422755376E+002
  0.100000000000000E+001  0.186281951842850E+003  0.758241618053554E+002  0.194191393581690E+001  0.752493416065928E+000  0.180693066565944E+001 -0.169440735188283E+001 -0.762657020629066E+001 -0.931409759214252E+002
  0.100000000000000E+001  0.609762506947046E+003  0.771754030112879E+002  0.443653368631957E+000 -0.218893549275131E+001  0.104924714126795E+001  0.274528212411935E+001 -0.762657020629066E+001 -0.304881253473523E+003
  0.100000000000000E+001  0.951668845171593E+002  0.558928205784207E+002  0.206560287386067E+001  0.161147564302987E+001  0.105876448902055E+001 -0.267707851689055E+001 -0.762657020629066E+001 -0.475834422585797E+002
  0.100000000000000E+001  0.575350847464286E+002  0.514931428922386E+002  0.893727455030102E+000  0.166723443360375E+001  0.188654624350567E+001 -0.156096188863385E+001 -0.762657020629066E+001 -0.287675423732143E+002
  0.100000000000000E+001  0.993485767977818E+002  0.433306666687391E+002  0.262824996624940E+001 -0.677974359075597E+000  0.164692598599689E+001 -0.950275607173807E+000 -0.762657020629066E+001 -0.496742883988909E+002
  0.100000000000000E+001  0.713512912603398E+002  0.489610070119925E+002  0.261070996860618E+001  0.298719957323485E+001  0.108650921498157E+001 -0.459790954184102E+001 -0.762657020629066E+001 -0.356756456301699E+002
  0.100000000000000E+001  0.119439747353709E+003  0.477688391381616E+002  0.281242069907745E+001  0.203180458496057E+001  0.934843443437112E+000 -0.384422528403802E+001 -0.762657020629066E+001 -0.597198736768544E+002
  0.100000000000000E+001  0.119350653590886E+005  0.920679826914815E+002  0.218134347964643E+000  0.157227185824899E+001  0.178319354133990E+000 -0.790406206213637E+000 -0.762657020629066E+001 -0.596753267954428E+004
  0.100000000000000E+001  0.138077231141983E+003  0.412395002100730E+002  0.212632183783471E+001 -0.164915084851432E+000  0.765128631010697E+000 -0.961406752983279E+000 -0.762657020629066E+001 -0.690386155709914E+002
  0.100000000000000E+001  0.368307379245499E+004  0.911137072940115E+002  0.110339021535913E+001 -0.838591076145872E+000  0.518104644694883E+000  0.735200860786737E+000 -0.762657020629066E+001 -0.184153689622750E+004
  0.100000000000000E+001  0.405936883946047E+003  0.960384031931249E+002  0.268840098429816E+001  0.296711268369916E+001  0.127223165682368E+001 -0.465551366799732E+001 -0.762657020629066E+001 -0.202968441973024E+003
  0.100000000000000E+001  0.112823753889062E+003  0.481639420015603E+002  0.162576128633310E+001  0.101610186819342E+001  0.599545158582509E+000 -0.164186315452652E+001 -0.762657020629066E+001 -0.564118769445312E+002
  0.100000000000000E+001  0.233371047462325E+003  0.971888714666148E+002  0.193522712356753E+001  0.187626043773462E+001  0.169411629826477E+001 -0.281148756130214E+001 -0.762657020629066E+001 -0.116685523731162E+003
  0.100000000000000E+001  0.359340937795549E+003  0.631691475940790E+002  0.184116232598167E+001  0.248898827401121E+000  0.895337876856192E+000 -0.109006115338279E+001 -0.762657020629066E+001 -0.179670468897775E+003
  0.100000000000000E+001  0.376536485428121E+005  0.857056745781067E+002  0.296219239926123E+001  0.142281208673468E+001  0.170669320533207E+000 -0.338500448599591E+001 -0.762657020629066E+001 -0.188268242714061E+005
  0.100000000000000E+001  0.271063580060190E+004  0.755014144265560E+002  0.210319075056577E+001 -0.177046569266955E+001  0.679559139364819E+000  0.667274942103777E+000 -0.762657020629066E+001 -0.135531790030095E+004
  0.100000000000000E+001  0.543597876599628E+002  0.527681607310419E+002  0.779293143926673E+000  0.119791578797469E+001  0.602552055673489E+000 -0.977208931901362E+000 -0.762657020629066E+001 -0.271798938299814E+002
  0.100000000000000E+001  0.925569715980966E+003  0.597616401210051E+002  0.265263897216809E+001  0.182117907152308E+001  0.476992489185258E+000 -0.347381804369117E+001 -0.762657020629066E+001 -0.462784857990483E+003
  0.100000000000000E+001  0.670288748112849E+002  0.651258734164855E+002  0.190392941784527E+001  0.241580180230567E+001  0.115118538579921E+001 -0.331973122015094E+001 -0.762657020629066E+001 -0.335144374056424E+002
  0.100000000000000E+001  0.625450197355302E+002  0.458117478825381E+002  0.205343137063194E+001  0.285909526613391E+001  0.185711022676152E+001 -0.391252663676585E+001 -0.762657020629066E+001 -0.312725098677651E+002
  0.100000000000000E+001  0.181858282844261E+003  0.531261216576279E+002  0.325498571165555E+000  0.157708255378026E+001  0.106173386936119E+001 -0.902581124945818E+000 -0.762657020629066E+001 -0.909291414221303E+002
  0.100000000000000E+001  0.607243725325023E+002  0.437472041353902E+002  0.696668197315729E+000 -0.175139199538508E+001  0.184720621123829E+001  0.205472379806935E+001 -0.762657020629066E+001 -0.303621862662511E+002
  0.100000000000000E+001  0.383754041375381E+003  0.993178601471366E+002  0.168998681413240E+001  0.151246512840231E+001  0.127244943627702E+001 -0.220245194253471E+001 -0.762657020629066E+001 -0.191877020687690E+003
  0.100000000000000E+001  0.302636905799916E+004  0.637517081865648E+002  0.274905181583198E+001 -0.178910043174772E+001  0.560716612257825E+000  0.400486159157338E-001 -0.762657020629066E+001 -0.151318452899958E+004
  0.100000000000000E+001  0.424625139298948E+003  0.766796039943299E+002  0.284421707584575E+001  0.338120853907704E+000  0.162637871391463E+001 -0.218233792975345E+001 -0.762657020629066E+001 -0.212312569649474E+003
  0.100000000000000E+001  0.753166540689846E+004  0.862714321595310E+002  0.822996679781457E+000  0.112297635210437E+001  0.114696800486213E+000 -0.945973031885830E+000 -0.762657020629066E+001 -0.376583270344923E+004
  0.100000000000000E+001  0.158267882725846E+003  0.616765630103303E+002  0.135203490947325E+001  0.205443326399878E+001  0.399236315140273E+000 -0.240646817347203E+001 -0.762657020629066E+001 -0.791339413629232E+002
  0.100000000000000E+001  0.596698114016905E+002  0.401236853704469E+002  0.182800334205744E+001  0.213344810887232E+001  0.182121172102419E+001 -0.296145145092977E+001 -0.762657020629066E+001 -0.298349057008453E+002
  0.100000000000000E+001  0.172078911237140E+003  0.546880673954420E+002  0.199770290248704E+001 -0.196108835139244E+001  0.184078111420290E+001  0.963385448905405E+000 -0.762657020629066E+001 -0.860394556185702E+002
  0.100000000000000E+001  0.164033921706438E+003  0.550408307351537E+002  0.105617084451274E+001 -0.334151448057106E+000  0.759919858036042E+000  0.277980603544366E+000 -0.762657020629066E+001 -0.820169608532191E+002
  0.100000000000000E+001  0.268589589710493E+003  0.627626960746296E+002  0.163241051441832E+001 -0.155144241482506E+001  0.147205205977641E+001  0.919031900406737E+000 -0.762657020629066E+001 -0.134294794855246E+003
  0.100000000000000E+001  0.216978259311970E+003  0.677710749154287E+002  0.203242285767666E+001 -0.545225914559895E-001  0.165432131077359E+001 -0.977900266220669E+000 -0.762657020629066E+001 -0.108489129655985E+003
  0.100000000000000E+001  0.468576555539121E+003  0.918972258862558E+002  0.635570602598028E+000 -0.265065442644444E+001  0.189595061613771E+001  0.301508382384641E+001 -0.762657020629066E+001 -0.234288277769560E+003
  0.100000000000000E+001  0.469984478906559E+005  0.935783275615099E+002  0.262785276703488E+001  0.529631582904422E+000  0.184023371647172E+000 -0.215748434993930E+001 -0.762657020629066E+001 -0.234992239453279E+005
  0.100000000000000E+001  0.133785972045129E+004  0.979237277037245E+002  0.135173342602014E+001  0.163180309051825E-001  0.867142619386467E+000 -0.368051456925324E+000 -0.762657020629066E+001 -0.668929860225645E+003
  0.100000000000000E+001  0.470877495389498E+002  0.514532385201965E+002  0.141778420111799E+001  0.115620209398573E+001  0.155967422664450E+001 -0.157398629510372E+001 -0.762657020629066E+001 -0.235438747694749E+002
  0.100000000000000E+001  0.668448508464616E+004  0.951564471430154E+002  0.279071460970206E+001 -0.253450656492550E+001  0.722635646080835E+000  0.743791955223440E+000 -0.762657020629066E+001 -0.334224254232308E+004
  0.100000000000000E+001  0.423854204802986E+003  0.545240997846385E+002  0.185698977267179E+001 -0.233099525420216E+001  0.104514021421275E+001  0.147400548153037E+001 -0.762657020629066E+001 -0.211927102401493E+003
  0.100000000000000E+001  0.661939693267841E+003  0.898669659000608E+002  0.210435347008763E+001 -0.191794667770485E+001  0.186816158261161E+001  0.813593207617225E+000 -0.762657020629066E+001 -0.330969846633921E+003
  0.100000000000000E+001  0.364280675036364E+003  0.465901349005411E+002  0.195888421935865E+001  0.806977238452664E+000  0.428043660558953E+000 -0.176586145781131E+001 -0.762657020629066E+001 -0.182140337518182E+003
  0.100000000000000E+001  0.100343853100061E+005  0.973573380272058E+002  0.121276359200588E+001  0.128814046793102E+001  0.182545960670331E+000 -0.150090405993690E+001 -0.762657020629066E+001 -0.501719265500304E+004
  0.100000000000000E+001  0.371726152784457E+003  0.830483109727233E+002  0.156578613778767E+001 -0.141446746770676E+001  0.191620083480435E+001  0.848681329919092E+000 -0.762657020629066E+001 -0.185863076392228E+003
  0.100000000000000E+001  0.208848856845866E+005  0.767865398148920E+002  0.273323982838629E+001 -0.440074772315871E+000  0.241935331039710E+000 -0.129316505607042E+001 -0.762657020629066E+001 -0.104424428422933E+005
  0.100000000000000E+001  0.993185898532674E+004  0.919755804883847E+002  0.126562551070767E+001 -0.160985403758882E+001  0.388018674851831E+000  0.134422852688116E+001 -0.762657020629066E+001 -0.496592949266337E+004
  0.100000000000000E+001  0.907542155080778E+002  0.706167604136137E+002  0.212697340113810E+001  0.224325987020494E+001  0.184695567586338E+001 -0.337023327134304E+001 -0.762657020629066E+001 -0.453771077540389E+002
  0.100000000000000E+001  0.207224705922508E+005  0.899350087916580E+002  0.188322558759496E+001 -0.656279866666496E+000  0.260845408837508E+000 -0.226945720928460E+000 -0.762657020629066E+001 -0.103612352961254E+005
  0.100000000000000E+001  0.778305932486835E+002  0.422845633953626E+002  0.231259895629027E+001 -0.504299057150169E+000  0.192065554920685E+001 -0.808299899140105E+000 -0.762657020629066E+001 -0.389152966243417E+002
  0.100000000000000E+001  0.493594830904310E+002  0.731385116961047E+002  0.410641692315350E+000  0.318030395182514E+000  0.122038097014897E+001  0.271327912502137E+000 -0.762657020629066E+001 -0.246797415452155E+002
  0.100000000000000E+001  0.853362789437655E+003  0.763486048221492E+002  0.150507100201144E+001 -0.284912297113641E+001  0.126884199716399E+001  0.234405196912497E+001 -0.762657020629066E+001 -0.426681394718828E+003
  0.100000000000000E+001  0.172308469721395E+003  0.743041408454845E+002  0.558206526441131E+000 -0.149493442324491E+001  0.186328127303644E+001  0.193672789680378E+001 -0.762657020629066E+001 -0.861542348606974E+002
  0.100000000000000E+001  0.108864421385235E+004  0.495861630376396E+002  0.530814022447745E+000  0.138324918653282E+001  0.271361858440676E+000 -0.914063208980566E+000 -0.762657020629066E+001 -0.544322106926175E+003
  0.100000000000000E+001  0.100129682466959E+003  0.901981478030734E+002  0.514195019694268E+000  0.184366277100854E+001  0.123496466257979E+001 -0.135785779070281E+001 -0.762657020629066E+001 -0.500648412334797E+002
  0.100000000000000E+001  0.433936571915773E+003  0.963746653466014E+002  0.927316665354482E+000 -0.490149891296769E+000  0.147526459611906E+001  0.562833225942286E+000 -0.762657020629066E+001 -0.216968285957886E+003
  0.100000000000000E+001  0.138561291843744E+004  0.647046616874585E+002  0.258676798818625E+001  0.289102622593165E+001  0.322973048598014E+000 -0.447779421411791E+001 -0.762657020629066E+001 -0.692806459218718E+003
  0.100000000000000E+001  0.208728807365626E+003  0.598104286318257E+002  0.205687982114880E+001 -0.110478779906389E+001  0.166155939400710E+001  0.479079779150908E-001 -0.762657020629066E+001 -0.104364403682813E+003
  0.100000000000000E+001  0.680592280725807E+002  0.796273104381984E+002  0.175142151246196E+001  0.273189266027441E+001  0.198959580335221E+001 -0.348331417273637E+001 -0.762657020629066E+001 -0.340296140362904E+002
  0.100000000000000E+001  0.342932145018119E+004  0.843911562208912E+002  0.286098089784004E+001 -0.295887729280389E+001  0.898586278555300E+000  0.109789639496384E+001 -0.762657020629066E+001 -0.171466072509060E+004
  0.100000000000000E+001  0.869024142158298E+003  0.566727733224365E+002  0.222567639040545E+001  0.768422286328708E+000  0.477559135324464E+000 -0.199409867673416E+001 -0.762657020629066E+001 -0.434512071079149E+003
  0.100000000000000E+001  0.205497785872825E+003  0.465804573265671E+002  0.217454576595009E+001 -0.254035044774570E+001  0.130626238132690E+001  0.136580468179561E+001 -0.762657020629066E+001 -0.102748892936412E+003
  0.100000000000000E+001  0.162314788538869E+004  0.769986875178911E+002  0.167457683476173E+001  0.228017096281549E+001  0.242749493963715E+000 -0.295474779757722E+001 -0.762657020629066E+001 -0.811573942694343E+003
  0.100000000000000E+001  0.373537594951480E+002  0.833773113690134E+002  0.533833732902953E+000  0.143937732277683E+001  0.572366030864779E+000 -0.973211055679779E+000 -0.762657020629066E+001 -0.186768797475740E+002
  0.100000000000000E+001  0.375150729790347E+003  0.996320295249850E+002  0.107201621701807E+000 -0.230547889089543E+001  0.197645399197303E+001  0.319827726919362E+001 -0.762657020629066E+001 -0.187575364895173E+003
  0.100000000000000E+001  0.594820189655653E+003  0.910239715283506E+002  0.292870265054038E+001  0.980612085646849E+000  0.162754412883139E+001 -0.290931473618723E+001 -0.762657020629066E+001 -0.297410094827826E+003
  0.100000000000000E+001  0.120461524482181E+003  0.465860112464567E+002  0.230666537404510E+001 -0.202820465138880E+001  0.198729281767180E+001  0.721539277343706E+000 -0.762657020629066E+001 -0.602307622410905E+002
  0.100000000000000E+001  0.816024312915144E+004  0.693938929430960E+002  0.294298503076578E+001  0.960986633170086E+000  0.282180389356979E+000 -0.290397166393587E+001 -0.762657020629066E+001 -0.408012156457572E+004
  0.100000000000000E+001  0.556468682609264E+003  0.530379367580266E+002  0.989790405478084E+000 -0.409982400219167E+000  0.374160036915419E+000  0.420191994741083E+000 -0.762657020629066E+001 -0.278234341304632E+003
  0.100000000000000E+001  0.135700045692044E+003  0.677821071049473E+002  0.118527204584706E+001 -0.307129442782972E+000  0.168165471738207E+001  0.121857396935913E+000 -0.762657020629066E+001 -0.678500228460218E+002
  0.100000000000000E+001  0.203761776424518E+003  0.949690939576641E+002  0.212414692609900E+001  0.245054198784788E+001  0.158397257971104E+001 -0.357468891394688E+001 -0.762657020629066E+001 -0.101880888212259E+003
  0.100000000000000E+001  0.283249342055679E+005  0.638464360980858E+002  0.280132792994525E+001 -0.232132733090555E+001  0.196620458526185E+000  0.519999400960294E+000 -0.762657020629066E+001 -0.141624671027840E+005
  0.100000000000000E+001  0.160492194810595E+004  0.828616526347174E+002  0.215212155844228E+001  0.818178330772097E+000  0.674806689714549E+000 -0.197029988921438E+001 -0.762657020629066E+001 -0.802460974052975E+003
  0.100000000000000E+001  0.665325446478470E+003  0.713526896180806E+002  0.272609504450739E+001 -0.125430567105813E+001  0.136216093330959E+001 -0.471789373449254E+000 -0.762657020629066E+001 -0.332662723239235E+003
  0.100000000000000E+001  0.646815095642594E+002  0.428391894149371E+002  0.227241733979904E+001  0.920523063428678E+000  0.198628732843559E+001 -0.219294040322771E+001 -0.762657020629066E+001 -0.323407547821297E+002
  0.100000000000000E+001  0.149727859787501E+003  0.844354244689105E+002  0.221747484831526E+001  0.247047726324029E+001  0.165881605647965E+001 -0.368795211155555E+001 -0.762657020629066E+001 -0.748639298937504E+002
  0.100000000000000E+001  0.468378445863560E+004  0.812300187532042E+002  0.198214931417748E+001 -0.320414426681148E+000  0.454539989445523E+000 -0.661734887496333E+000 -0.762657020629066E+001 -0.234189222931780E+004
  0.100000000000000E+001  0.513790497554431E+003  0.873566195749567E+002  0.422038418102678E+000 -0.926198857458180E+000  0.100397102297291E+001  0.150416043935550E+001 -0.762657020629066E+001 -0.256895248777215E+003
  0.100000000000000E+001  0.883722180158759E+002  0.982661737085893E+002  0.110032397263754E+001  0.201706833342526E+001  0.991038327433643E+000 -0.211739230606280E+001 -0.762657020629066E+001 -0.441861090079379E+002
  0.100000000000000E+001  0.506520602981116E+002  0.552424598132445E+002  0.495237479451881E+000 -0.535524178220022E+000  0.148345087810976E+001  0.104028669876814E+001 -0.762657020629066E+001 -0.253260301490558E+002
  0.100000000000000E+001  0.271352876748402E+004  0.731696572572756E+002  0.231123242394682E+001  0.228336562619272E+001  0.296351178993533E+000 -0.359459805013955E+001 -0.762657020629066E+001 -0.135676438374201E+004
  0.100000000000000E+001  0.719882689855691E+003  0.872749373616833E+002  0.168929856942647E+001 -0.151265538688065E+001  0.148376015590530E+001  0.823356817454176E+000 -0.762657020629066E+001 -0.359941344927846E+003
  0.100000000000000E+001  0.103336179835292E+004  0.819360876123900E+002  0.245047621148218E+001  0.113052790993941E+001  0.861337388208036E+000 -0.258100412142158E+001 -0.762657020629066E+001 -0.516680899176458E+003
  0.100000000000000E+001  0.384167885532956E+004  0.983777172123448E+002  0.108238994946016E+000 -0.205949633190148E+001  0.535415208760000E+000  0.295125733695546E+001 -0.762657020629066E+001 -0.192083942766478E+004
  0.100000000000000E+001  0.113614200662353E+003  0.588210192883648E+002  0.159147731249954E+001  0.145087335068194E+000  0.144361785141486E+001 -0.736564647567730E+000 -0.762657020629066E+001 -0.568071003311764E+002
  0.100000000000000E+001  0.731632206100191E+004  0.803500316066415E+002  0.231935534325000E+001 -0.129003138358172E+001  0.446710157105264E+000 -0.293239596682775E-001 -0.762657020629066E+001 -0.365816103050095E+004
  0.100000000000000E+001  0.145127693339378E+004  0.708679657945212E+002  0.187399066754499E+001 -0.108291690265666E+001  0.723557523057275E+000  0.208926235111671E+000 -0.762657020629066E+001 -0.725638466696890E+003
  0.100000000000000E+001  0.107238301551397E+004  0.989368569531671E+002  0.151448483311576E+001  0.146684000594562E+001  0.664026693681363E+000 -0.198132483906138E+001 -0.762657020629066E+001 -0.536191507756987E+003
  0.100000000000000E+001  0.111121599906260E+005  0.685956897599377E+002  0.694490428773446E+000 -0.229074841045890E+001  0.220338569891641E+000  0.259625798168546E+001 -0.762657020629066E+001 -0.555607999531301E+004
  0.100000000000000E+001  0.862290099722682E+002  0.478852067769808E+002  0.152053841659953E+001 -0.696933110422011E+000  0.135394147489519E+001  0.176394693822481E+000 -0.762657020629066E+001 -0.431145049861341E+002
  0.100000000000000E+001  0.167595682058825E+005  0.559469717578382E+002  0.280019902007796E+001 -0.751364816211701E+000  0.172231759350584E+000 -0.104883420386625E+001 -0.762657020629066E+001 -0.837978410294126E+004
  0.100000000000000E+001  0.595138647836050E+003  0.593937764145334E+002  0.121694779271433E+001 -0.120941957977718E+001  0.680072515503272E+000  0.992471787062844E+000 -0.762657020629066E+001 -0.297569323918025E+003
  0.100000000000000E+001  0.672703262950033E+003  0.953017346911230E+002  0.252568122492836E+000 -0.268296347234319E+001  0.148198191538986E+001  0.343039534985035E+001 -0.762657020629066E+001 -0.336351631475017E+003
  0.100000000000000E+001  0.460976131716235E+002  0.409391631098162E+002  0.118529214467019E+001  0.990667509180768E+000  0.141479320577680E+001 -0.117595965385096E+001 -0.762657020629066E+001 -0.230488065858117E+002
  0.100000000000000E+001  0.379724847421772E+003  0.589891435096890E+002  0.242175758413383E+001 -0.190943216470318E+001  0.138180565468612E+001  0.487674580569350E+000 -0.762657020629066E+001 -0.189862423710886E+003
  0.100000000000000E+001  0.195967601033152E+003  0.706854034042203E+002  0.130877722514231E+001 -0.308918823213841E+000  0.149458425368519E+001  0.141598071530691E-003 -0.762657020629066E+001 -0.979838005165760E+002
  0.100000000000000E+001  0.820215548709281E+002  0.434735878264247E+002  0.208891324310103E+001 -0.927141277411156E+000  0.188140495242271E+001 -0.161771965689872E+000 -0.762657020629066E+001 -0.410107774354641E+002
  0.100000000000000E+001  0.507223556393819E+004  0.937378089791726E+002  0.571379175460184E+000 -0.279068688992793E+001  0.567578871219319E+000  0.321930771446774E+001 -0.762657020629066E+001 -0.253611778196910E+004
  0.100000000000000E+001  0.120939824656775E+003  0.750544882166596E+002  0.911358140426017E+000  0.306570360674546E+000  0.139133560538027E+001 -0.217928501100563E+000 -0.762657020629066E+001 -0.604699123283875E+002
  0.100000000000000E+001  0.232031648917409E+003  0.548808082091690E+002  0.154072786990670E+001  0.116671693322088E+001  0.469373485159652E+000 -0.170744480312758E+001 -0.762657020629066E+001 -0.116015824458705E+003
  0.100000000000000E+001  0.390284297027530E+003  0.706857268760605E+002  0.288192397237871E+001  0.163391972292518E+001  0.117432896430030E+001 -0.351584369530389E+001 -0.762657020629066E+001 -0.195142148513765E+003
  0.100000000000000E+001  0.753170293288379E+004  0.737670072269977E+002  0.220819960717829E+001 -0.277504343568067E+001  0.449214787341674E+000  0.156684382850239E+001 -0.762657020629066E+001 -0.376585146644190E+004
  0.100000000000000E+001  0.126178737025595E+003  0.467511342225970E+002  0.261687220624327E+001 -0.156361246776867E+001  0.191745792621042E+001 -0.532597384745930E-001 -0.762657020629066E+001 -0.630893685127974E+002
  0.100000000000000E+001  0.211531537338570E+002  0.613334094168398E+002  0.940676401164021E+000  0.133192524835707E+001  0.883734466706184E+000 -0.127260164952109E+001 -0.762657020629066E+001 -0.105765768669285E+002
  0.100000000000000E+001  0.305636547972763E+003  0.845037665086163E+002  0.170717719162680E+001  0.200074400072059E+000  0.166661589360815E+001 -0.907251591698859E+000 -0.762657020629066E+001 -0.152818273986382E+003
  0.100000000000000E+001  0.268355442516209E+004  0.911687684620558E+002  0.293610594584273E+001  0.112268667765284E+001  0.729280701527281E+000 -0.305879262349557E+001 -0.762657020629066E+001 -0.134177721258104E+004
  0.100000000000000E+001  0.396249427877441E+003  0.639101137509803E+002  0.246555201553107E+001  0.204853107248557E+001  0.703168221845278E+000 -0.351408308801664E+001 -0.762657020629066E+001 -0.198124713938720E+003
  0.100000000000000E+001  0.950243843820245E+002  0.701438128356635E+002  0.152531415039283E+001  0.106417439656493E+001  0.179843372189529E+001 -0.158948854695776E+001 -0.762657020629066E+001 -0.475121921910123E+002
  0.100000000000000E+001  0.110946344506759E+005  0.932509620972233E+002  0.785439831440947E+000 -0.157171043778400E+001  0.326224115946177E+000  0.178627060634305E+001 -0.762657020629066E+001 -0.554731722533797E+004
  0.100000000000000E+001  0.382819889307839E+003  0.859133738257498E+002  0.522751942079951E+000 -0.127624982071642E+000  0.856208313582496E+000  0.604873039991691E+000 -0.762657020629066E+001 -0.191409944653919E+003
  0.100000000000000E+001  0.129676949884911E+003  0.920797443482195E+002  0.164382834969308E+001  0.187420977465448E+001  0.187510995935738E+001 -0.251803812434756E+001 -0.762657020629066E+001 -0.648384749424553E+002
  0.100000000000000E+001  0.750731386830030E+002  0.640458821341424E+002  0.164400667363283E+001  0.132812596192982E+001  0.188642092391768E+001 -0.197213263556265E+001 -0.762657020629066E+001 -0.375365693415015E+002
  0.100000000000000E+001  0.577400615060882E+002  0.418195047277264E+002  0.349476890914709E+000 -0.231941690769827E+001  0.187135715515178E+001  0.296994001678356E+001 -0.762657020629066E+001 -0.288700307530441E+002
  0.100000000000000E+001  0.285313461013150E+003  0.559443960928720E+002  0.259916853703608E+001 -0.827839427319626E+000  0.131983814574075E+001 -0.771329109716456E+000 -0.762657020629066E+001 -0.142656730506575E+003
  0.100000000000000E+001  0.821017422541408E+004  0.716302310884183E+002  0.202090944994017E+000 -0.483444517136896E+000  0.113064595598790E+000  0.128135357214288E+001 -0.762657020629066E+001 -0.410508711270704E+004
  0.100000000000000E+001  0.159497003448350E+003  0.448224030052810E+002  0.265257502649189E+001 -0.186087306049504E+001  0.146689549311270E+001  0.208298034003152E+000 -0.762657020629066E+001 -0.797485017241749E+002
  0.100000000000000E+001  0.320409019375800E+003  0.998782011862482E+002  0.611065031707212E+000 -0.821865787309856E+000  0.180585482856728E+001  0.121080075560264E+001 -0.762657020629066E+001 -0.160204509687900E+003
  0.100000000000000E+001  0.952221767940200E+002  0.413386650979767E+002  0.243477354644174E+001 -0.104487327453179E+001  0.148443153973386E+001 -0.389900271909947E+000 -0.762657020629066E+001 -0.476110883970100E+002
  0.100000000000000E+001  0.159225423180817E+004  0.918737622811715E+002  0.254551331710063E+001 -0.126267782542189E+001  0.121352599661450E+001 -0.282835491678739E+000 -0.762657020629066E+001 -0.796127115904085E+003
  0.100000000000000E+001  0.275861796841116E+003  0.787613551943679E+002  0.100422599852886E+000 -0.235438928104829E+001  0.157249292437947E+001  0.325396668119540E+001 -0.762657020629066E+001 -0.137930898420558E+003
  0.100000000000000E+001  0.662465639934311E+003  0.696825774627828E+002  0.811501280714693E+000 -0.110010996700893E+001  0.724013098362379E+000  0.128860868629424E+001 -0.762657020629066E+001 -0.331232819967155E+003
  0.100000000000000E+001  0.140278507961961E+003  0.503133213005698E+002  0.208617342086186E+001 -0.186726141045602E+001  0.183328917076662E+001  0.781087989594160E+000 -0.762657020629066E+001 -0.701392539809804E+002
  0.100000000000000E+001  0.555505274123939E+003  0.625759749348915E+002  0.240806962102629E+001 -0.242786500942584E+001  0.131247867727686E+001  0.101979538839955E+001 -0.762657020629066E+001 -0.277752637061969E+003
  0.100000000000000E+001  0.973535816050547E+003  0.934655024330997E+002  0.250668328223394E+001  0.208707556806330E+001  0.898240413060561E+000 -0.359375885029723E+001 -0.762657020629066E+001 -0.486767908025274E+003
  0.100000000000000E+001  0.896392672069517E+003  0.768594279137268E+002  0.253145921257832E+001 -0.135658963747538E+001  0.127072152636005E+001 -0.174869575102940E+000 -0.762657020629066E+001 -0.448196336034759E+003
  0.100000000000000E+001  0.752127507662270E+003  0.895249620988785E+002  0.289034015799301E+001 -0.113642086912277E+001  0.182345099847769E+001 -0.753919288870245E+000 -0.762657020629066E+001 -0.376063753831135E+003
  0.100000000000000E+001  0.136356515966407E+003  0.599898301705762E+002  0.968005943477593E+000  0.195740306994899E+001  0.527415211348129E+000 -0.192540901342658E+001 -0.762657020629066E+001 -0.681782579832033E+002
  0.100000000000000E+001  0.121459671281348E+004  0.671708912149059E+002  0.125389001966501E+001 -0.385544703882032E+000  0.495730983794140E+000  0.131654684217025E+000 -0.762657020629066E+001 -0.607298356406740E+003
  0.100000000000000E+001  0.194610988447581E+003  0.533345403610868E+002  0.209062975773676E+001 -0.153901402687417E+001  0.149905667277303E+001  0.448384269137410E+000 -0.762657020629066E+001 -0.973054942237907E+002
  0.100000000000000E+001  0.148948929242197E+003  0.893031890821138E+002  0.609042800244732E+000  0.972687379485084E+000  0.692501691463157E+000 -0.581730179729815E+000 -0.762657020629066E+001 -0.744744646210986E+002
  0.100000000000000E+001  0.938813561471457E+002  0.601712611676422E+002  0.443244128222973E+000  0.173245976046180E+001  0.169791665708050E+001 -0.117570388868477E+001 -0.762657020629066E+001 -0.469406780735729E+002
  0.100000000000000E+001  0.858675580624359E+003  0.929922946066406E+002  0.273020168315728E+001  0.162984700890960E+001  0.115490180366648E+001 -0.336004869206688E+001 -0.762657020629066E+001 -0.429337790312179E+003
  0.100000000000000E+001  0.111175428199998E+004  0.999783274990593E+002  0.231435073170512E+001 -0.272492797180807E+001  0.183855165748182E+001  0.141057724010294E+001 -0.762657020629066E+001 -0.555877140999988E+003
  0.100000000000000E+001  0.445282129652604E+004  0.952685802382960E+002  0.161603995725908E+001 -0.227414845756579E+001  0.719866812832064E+000  0.165810850030671E+001 -0.762657020629066E+001 -0.222641064826302E+004
  0.100000000000000E+001  0.100145258369180E+003  0.568696740356057E+002  0.189474579089237E+001  0.647821560167896E+000  0.149858173747983E+001 -0.154256735106026E+001 -0.762657020629066E+001 -0.500726291845902E+002
  0.100000000000000E+001  0.779035832848681E+003  0.951050469176563E+002  0.224131299923541E+001  0.196903450933948E+001  0.943848767471789E+000 -0.321034750857489E+001 -0.762657020629066E+001 -0.389517916424341E+003
  0.100000000000000E+001  0.364920268699413E+004  0.724796410380988E+002  0.612951808968071E+000  0.114835906281296E-002  0.190472181800167E+000  0.385899831969116E+000 -0.762657020629066E+001 -0.182460134349706E+004
  0.100000000000000E+001  0.210659481848815E+004  0.567966938876943E+002  0.199535530157553E+001 -0.581318811029554E+000  0.385156409429651E+000 -0.414036490545972E+000 -0.762657020629066E+001 -0.105329740924408E+004
  0.100000000000000E+001  0.461171373183962E+002  0.508176953890616E+002  0.159943031295939E+001  0.141863215431517E+001  0.140959309094932E+001 -0.201806246727456E+001 -0.762657020629066E+001 -0.230585686591981E+002
  0.100000000000000E+001  0.830670371861521E+002  0.839649622698549E+002  0.176505901759945E+001  0.292788465738015E+001  0.119129172514979E+001 -0.369294367497960E+001 -0.762657020629066E+001 -0.415335185930760E+002
  0.100000000000000E+001  0.820224387832631E+002  0.967593203960424E+002  0.155245209468290E+001  0.253784128499463E+001  0.190431718186053E+001 -0.309029337967753E+001 -0.762657020629066E+001 -0.410112193916315E+002
  0.100000000000000E+001  0.138160587206076E+003  0.717346194485924E+002  0.208964674884926E+001  0.123040935104894E+001  0.190672598729982E+001 -0.232005609989820E+001 -0.762657020629066E+001 -0.690802936030381E+002
  0.100000000000000E+001  0.260791255010828E+003  0.515735965070656E+002  0.192750834489939E+001 -0.666770766270135E-001  0.782306953951121E+000 -0.860831268272376E+000 -0.762657020629066E+001 -0.130395627505414E+003
  0.100000000000000E+001  0.457017453818342E+002  0.606878966625140E+002  0.106174461325163E+001  0.901702781224165E+000  0.134740858431509E+001 -0.963447394475795E+000 -0.762657020629066E+001 -0.228508726909171E+002
  0.100000000000000E+001  0.434275114702875E+003  0.698068978833128E+002  0.105807626964908E+001  0.125676609488055E+000  0.666901611926888E+000 -0.183752879137137E+000 -0.762657020629066E+001 -0.217137557351437E+003
  0.100000000000000E+001  0.712693709906133E+003  0.812235116714875E+002  0.273262962932848E+001  0.129328444348335E+001  0.109718451306625E+001 -0.302591407281183E+001 -0.762657020629066E+001 -0.356346854953066E+003
  0.100000000000000E+001  0.255971465195645E+003  0.404303841699925E+002  0.205066683023589E+000 -0.153975690041508E+001  0.315389562996206E+000  0.233469021739150E+001 -0.762657020629066E+001 -0.127985732597823E+003
  0.100000000000000E+001  0.248135993761621E+003  0.458722670846832E+002  0.234042701179004E+001 -0.712349439494262E+000  0.857170473807263E+000 -0.628077572295775E+000 -0.762657020629066E+001 -0.124067996880811E+003
  0.100000000000000E+001  0.481757755376203E+004  0.760035788019785E+002  0.159238014148254E+001 -0.173435663652233E+001  0.458856807946239E+000  0.114197649503979E+001 -0.762657020629066E+001 -0.240878877688102E+004
  0.100000000000000E+001  0.431647120369528E+002  0.725947291119085E+002  0.829856887120261E+000  0.178413656579265E+001  0.164939164072544E+001 -0.161399345291291E+001 -0.762657020629066E+001 -0.215823560184764E+002
  0.100000000000000E+001  0.342153393567439E+003  0.430510903232578E+002  0.187089012541319E+001 -0.568059526820699E+000  0.514511969989673E+000 -0.302830598592492E+000 -0.762657020629066E+001 -0.171076696783720E+003
  0.100000000000000E+001  0.968957713662620E+002  0.505327662032427E+002  0.261432803459364E+001  0.588946439968462E+000  0.195451773526484E+001 -0.220327447456210E+001 -0.762657020629066E+001 -0.484478856831310E+002
  0.100000000000000E+001  0.143323868033153E+004  0.933756941909373E+002  0.218175199576600E+001 -0.745511753602716E+000  0.114393351479392E+001 -0.436240242163284E+000 -0.762657020629066E+001 -0.716619340165767E+003
  0.100000000000000E+001  0.638916795907497E+003  0.800640139842399E+002  0.259505329878864E+001 -0.278916615910109E+001  0.191031676414090E+001  0.119411286031245E+001 -0.762657020629066E+001 -0.319458397953748E+003
  0.100000000000000E+001  0.379756262923318E+002  0.433641171115473E+002  0.722231197714602E+000 -0.387502242930435E+000  0.133235760563819E+001  0.665271045215834E+000 -0.762657020629066E+001 -0.189878131461659E+002
  0.100000000000000E+001  0.170141637704499E+003  0.491191705592360E+002  0.151478710238438E+001 -0.129522080667409E+001  0.102617735058964E+001  0.780433704289714E+000 -0.762657020629066E+001 -0.850708188522493E+002
  0.100000000000000E+001  0.382203418351851E+004  0.695690311385311E+002  0.204629174856740E+001 -0.734534075544459E+000  0.427738776368332E+000 -0.311757673022945E+000 -0.762657020629066E+001 -0.191101709175925E+004
  0.100000000000000E+001  0.980656158167076E+003  0.545080821027875E+002  0.206249947195967E+001 -0.564672417858713E+000  0.529814540580140E+000 -0.497827054100958E+000 -0.762657020629066E+001 -0.490328079083538E+003
  0.100000000000000E+001  0.737302957651222E+003  0.823119948025594E+002  0.257698332264699E+001 -0.141777456614337E+001  0.159036264167345E+001 -0.159208756503618E+000 -0.762657020629066E+001 -0.368651478825611E+003
  0.100000000000000E+001  0.735612263702062E+003  0.870714649676435E+002  0.256430475671230E+001  0.764267694567085E+000  0.126614469532395E+001 -0.232857245127939E+001 -0.762657020629066E+001 -0.367806131851031E+003
  0.100000000000000E+001  0.303490098263022E+004  0.873110237256255E+002  0.213605874356791E+001  0.291612298061720E+001  0.266770347044995E+000 -0.405218172418510E+001 -0.762657020629066E+001 -0.151745049131511E+004
  0.100000000000000E+001  0.172591511251666E+004  0.918678877455098E+002  0.249741523830364E+000  0.435952612793308E+000  0.231550871342283E+000  0.314305863376328E+000 -0.762657020629066E+001 -0.862957556258328E+003
  0.100000000000000E+001  0.295478593650707E+003  0.914712662121755E+002  0.219039261791828E+001  0.925509774006924E+000  0.199907411588981E+001 -0.211590239192520E+001 -0.762657020629066E+001 -0.147739296825353E+003
  0.100000000000000E+001  0.113757024062865E+004  0.900422868444772E+002  0.186435371967005E+001  0.476228706309807E+000  0.895262281436196E+000 -0.134058242597985E+001 -0.762657020629066E+001 -0.568785120314324E+003
  0.100000000000000E+001  0.952819591507984E+002  0.501750528966448E+002  0.160708369517244E+001 -0.808950610419981E+000  0.161779739709931E+001  0.201866915247545E+000 -0.762657020629066E+001 -0.476409795753992E+002
  0.100000000000000E+001  0.476495868807934E+003  0.909860802255839E+002  0.383429188299603E+000 -0.151830149733408E+000  0.782864723105693E+000  0.768400961433806E+000 -0.762657020629066E+001 -0.238247934403967E+003
  0.100000000000000E+001  0.244259474675186E+003  0.550762335923846E+002  0.239233063107548E+001 -0.259652614951871E+001  0.174848656012702E+001  0.120419551844323E+001 -0.762657020629066E+001 -0.122129737337593E+003
  0.100000000000000E+001  0.518926708987353E+003  0.666703931425265E+002  0.223885016014145E+001 -0.177773261559259E+001  0.135154609391340E+001  0.538882455451140E+000 -0.762657020629066E+001 -0.259463354493676E+003
  0.100000000000000E+001  0.350829303844975E+003  0.985317601072188E+002  0.228229010444884E+001  0.193870762764210E+001  0.161004231576040E+001 -0.322099773209093E+001 -0.762657020629066E+001 -0.175414651922488E+003
  0.100000000000000E+001  0.306546214143394E+004  0.927080927198519E+002  0.790928146717536E-001 -0.201309572004170E+001  0.532378640495042E+000  0.293400290536995E+001 -0.762657020629066E+001 -0.153273107071697E+004
  0.100000000000000E+001  0.445783983071414E+003  0.899847305203297E+002  0.611005467154952E+000 -0.219232264462188E+001  0.172311575062050E+001  0.258131717746693E+001 -0.762657020629066E+001 -0.222891991535707E+003
  0.100000000000000E+001  0.972210806308332E+002  0.690180572632521E+002  0.121030263099203E+001  0.156836206308821E+001  0.608831302014924E+000 -0.177866469408023E+001 -0.762657020629066E+001 -0.486105403154166E+002
  0.100000000000000E+001  0.501504391955289E+003  0.709188256432429E+002  0.192093314883630E+001 -0.158123479255204E+001  0.138292769337144E+001  0.660301643715736E+000 -0.762657020629066E+001 -0.250752195977645E+003
  0.100000000000000E+001  0.896070417810433E+002  0.533195291369462E+002  0.158945324191475E+001 -0.416795755603514E+000  0.192466669656498E+001 -0.172657486311238E+000 -0.762657020629066E+001 -0.448035208905216E+002
  0.100000000000000E+001  0.406591354867716E+003  0.882784368740273E+002  0.218124120224777E+001 -0.836021885091531E-001  0.188695778504074E+001 -0.109763901373862E+001 -0.762657020629066E+001 -0.203295677433858E+003
  0.100000000000000E+001  0.405551495946896E+003  0.497496822958652E+002  0.193532273249942E+001  0.177485157437620E+001  0.345378910179530E+000 -0.271017430687562E+001 -0.762657020629066E+001 -0.202775747973448E+003
  0.100000000000000E+001  0.483822151970742E+003  0.927422866031811E+002  0.146338311516804E+001  0.244553911351573E+001  0.445818451719359E+000 -0.290892222868377E+001 -0.762657020629066E+001 -0.241911075985371E+003
  0.100000000000000E+001  0.498891306028830E+002  0.815857880054895E+002  0.130062679576655E+001  0.217936160200394E+001  0.136231624859766E+001 -0.247998839777050E+001 -0.762657020629066E+001 -0.249445653014415E+002
  0.100000000000000E+001  0.450229489342490E+003  0.571591845506382E+002  0.900761269512192E+000 -0.121504973402689E+001  0.625524065669769E+000  0.131428846451469E+001 -0.762657020629066E+001 -0.225114744671245E+003
  0.100000000000000E+001  0.529513892269535E+003  0.497611135971600E+002  0.217246268634984E+001  0.874227333727252E+000  0.445178694670655E+000 -0.204669002007709E+001 -0.762657020629066E+001 -0.264756946134767E+003
  0.100000000000000E+001  0.947166434051369E+003  0.998634843261243E+002  0.211198121782014E+001 -0.212435111752545E+001  0.182713400569764E+001  0.101236989970531E+001 -0.762657020629066E+001 -0.473583217025685E+003
  0.100000000000000E+001  0.251035381171823E+004  0.743418090597303E+002  0.242851207327692E+001 -0.417442776284851E+000  0.615883413133293E+000 -0.101106929699207E+001 -0.762657020629066E+001 -0.125517690585912E+004
  0.100000000000000E+001  0.372327453530591E+002  0.422070605891512E+002  0.175525411441933E+000 -0.375584874069968E+000  0.935333984299431E+000  0.120005946262804E+001 -0.762657020629066E+001 -0.186163726765295E+002
  0.100000000000000E+001  0.225346156054849E+003  0.626707236341850E+002  0.120415350551171E+001 -0.240030597544567E+001  0.170562586992581E+001  0.219615246993396E+001 -0.762657020629066E+001 -0.112673078027425E+003
  0.100000000000000E+001  0.133632111280288E+003  0.469269197071890E+002  0.259777955446546E+001  0.227209285058236E+001  0.715837986361991E+000 -0.386987240504782E+001 -0.762657020629066E+001 -0.668160556401440E+002
  0.100000000000000E+001  0.521560249045750E+002  0.471624917655555E+002  0.971924282719826E+000  0.569287940590305E+000  0.194088695939851E+001 -0.541212223310131E+000 -0.762657020629066E+001 -0.260780124522875E+002
  0.100000000000000E+001  0.111232621914237E+004  0.799532736877236E+002  0.280598098187264E+001 -0.175762780881003E+001  0.131961287673299E+001 -0.483531730626059E-001 -0.762657020629066E+001 -0.556163109571183E+003
  0.100000000000000E+001  0.733373954381333E+002  0.478034431370134E+002  0.132923185129885E+000 -0.284737253606504E+001  0.165971334290698E+001  0.371444935093515E+001 -0.762657020629066E+001 -0.366686977190666E+002
  0.100000000000000E+001  0.963497905436518E+003  0.778534568880237E+002  0.241226408733007E+001 -0.227454052786628E+001  0.135282715704625E+001  0.862276440536216E+000 -0.762657020629066E+001 -0.481748952718259E+003
  0.100000000000000E+001  0.193149253668509E+003  0.622773980647209E+002  0.240648662738434E+001  0.259400152226657E+001  0.774756810740773E+000 -0.400048814965091E+001 -0.762657020629066E+001 -0.965746268342543E+002
  0.100000000000000E+001  0.493309314835567E+002  0.500293205791834E+002  0.440164917843771E+000  0.859403550484906E+000  0.162658706426661E+001 -0.299568468328677E+000 -0.762657020629066E+001 -0.246654657417784E+002
  0.100000000000000E+001  0.536668631294776E+002  0.528204324789872E+002  0.158600618579709E+001  0.109563657930060E+001  0.136487745454351E+001 -0.168164276509770E+001 -0.762657020629066E+001 -0.268334315647388E+002
  0.100000000000000E+001  0.128902067789353E+003  0.781863684356435E+002  0.139540836861713E+001  0.799052904250920E+000  0.181300997402611E+001 -0.119446127286805E+001 -0.762657020629066E+001 -0.644510338946766E+002
  0.100000000000000E+001  0.244992768698867E+003  0.660017558347887E+002  0.160300265323585E+001  0.484857636061732E+000  0.991897670634184E+000 -0.108786028929758E+001 -0.762657020629066E+001 -0.122496384349433E+003
  0.100000000000000E+001  0.103301623645255E+004  0.978938173082086E+002  0.102715803538467E+001 -0.988209574654679E+000  0.111147644889510E+001  0.961051539270009E+000 -0.762657020629066E+001 -0.516508118226275E+003
  0.100000000000000E+001  0.240499048232620E+003  0.908702488172117E+002  0.191517508499234E+001  0.221579639399505E+001  0.120640899112363E+001 -0.313097147898739E+001 -0.762657020629066E+001 -0.120249524116310E+003
  0.100000000000000E+001  0.691348450644334E+002  0.597410730531229E+002  0.225309767168446E+001  0.266779545659102E+001  0.128355053002171E+001 -0.392089312827548E+001 -0.762657020629066E+001 -0.345674225322167E+002
  0.100000000000000E+001  0.406277872041989E+003  0.621941624808867E+002  0.252108602187047E+001  0.271151036043227E+001  0.552115608978227E+000 -0.423259638230274E+001 -0.762657020629066E+001 -0.203138936020994E+003
  0.100000000000000E+001  0.503902496532714E+003  0.898155738092587E+002  0.825914910147816E+000 -0.203256574002803E+001  0.165253477932735E+001  0.220665082988021E+001 -0.762657020629066E+001 -0.251951248266357E+003
  0.100000000000000E+001  0.361097624150249E+004  0.755635433861237E+002  0.282171992458887E+001 -0.133040940269457E+001  0.640256983822391E+000 -0.491310521894303E+000 -0.762657020629066E+001 -0.180548812075124E+004
  0.100000000000000E+001  0.485357136607769E+002  0.658806955795179E+002  0.115545526693289E+001  0.166592166371715E+001  0.180730967517402E+001 -0.182137693065004E+001 -0.762657020629066E+001 -0.242678568303885E+002
  0.100000000000000E+001  0.556083325417950E+004  0.666860794545283E+002  0.254599278423369E+001  0.268201176976326E+001  0.178834697883051E+000 -0.422800455399695E+001 -0.762657020629066E+001 -0.278041662708975E+004
  0.100000000000000E+001  0.760557964156910E+002  0.530462060389154E+002  0.514467858733660E+000 -0.135391384810370E+001  0.128208088963872E+001  0.183944598937004E+001 -0.762657020629066E+001 -0.380278982078455E+002
  0.100000000000000E+001  0.683512891262440E+002  0.611295540337878E+002  0.115969620058738E+001  0.540336120534190E+000  0.140527970161717E+001 -0.700032321121574E+000 -0.762657020629066E+001 -0.341756445631220E+002
  0.100000000000000E+001  0.927959887285604E+002  0.477461041812248E+002  0.253843782977373E+001  0.556812328642808E+000  0.158273314330509E+001 -0.209525015841654E+001 -0.762657020629066E+001 -0.463979943642802E+002
  0.100000000000000E+001  0.462829869460999E+004  0.820930661923279E+002  0.586033095269893E+000 -0.297064573839545E+001  0.501530519492838E+000  0.338461264312555E+001 -0.762657020629066E+001 -0.231414934730500E+004
  0.100000000000000E+001  0.734322973798040E+002  0.414411152204931E+002  0.277895762543840E+001  0.240602619708961E+001  0.998150528603711E+000 -0.418498382252801E+001 -0.762657020629066E+001 -0.367161486899020E+002
  0.100000000000000E+001  0.227304376442788E+004  0.966085199833083E+002  0.165303629481421E+001 -0.159750354377682E+000  0.751477648113439E+000 -0.493285940436532E+000 -0.762657020629066E+001 -0.113652188221394E+004
  0.100000000000000E+001  0.450299345198587E+002  0.685844686381657E+002  0.322625074902135E+000  0.116658369199784E+001  0.918323362513825E+000 -0.489208766899979E+000 -0.762657020629066E+001 -0.225149672599293E+002
  0.100000000000000E+001  0.304370887019077E+005  0.712914364665884E+002  0.217772203239802E+001  0.494175682418300E+000  0.131272560197169E+000 -0.167189771481631E+001 -0.762657020629066E+001 -0.152185443509539E+005
  0.100000000000000E+001  0.478881460386864E+003  0.770291169998623E+002  0.155371733182688E+001 -0.234508782051546E+001  0.167251642487365E+001  0.179137048868858E+001 -0.762657020629066E+001 -0.239440730193432E+003
  0.100000000000000E+001  0.223155286832500E+003  0.662501249874533E+002  0.119545656209538E+001 -0.583820078600441E+000  0.121761816391266E+001  0.388363516505056E+000 -0.762657020629066E+001 -0.111577643416250E+003
  0.100000000000000E+001  0.351455033377625E+002  0.488688991179327E+002  0.607244123951186E+000 -0.351083568035719E+000  0.918419464388128E+000  0.743839444084533E+000 -0.762657020629066E+001 -0.175727516688812E+002
  0.100000000000000E+001  0.523923341529851E+002  0.733479349373841E+002  0.128672904633967E+001  0.231639132373119E+001  0.185131416477507E+001 -0.260312037007087E+001 -0.762657020629066E+001 -0.261961670764926E+002
  0.100000000000000E+001  0.592059944643092E+003  0.684102536925498E+002  0.993220662744262E+000  0.986874007661199E+000  0.303364502721432E+000 -0.980094670405461E+000 -0.762657020629066E+001 -0.296029972321546E+003
  0.100000000000000E+001  0.172105231280597E+003  0.930328268506789E+002  0.105896584468485E+001  0.720233097145053E+000  0.168491961090476E+001 -0.779198941829903E+000 -0.762657020629066E+001 -0.860526156402987E+002
  0.100000000000000E+001  0.568766606954438E+003  0.882057203627818E+002  0.787173750435300E+000 -0.157468470673203E+001  0.135011136944198E+001  0.178751095629673E+001 -0.762657020629066E+001 -0.284383303477219E+003
  0.100000000000000E+001  0.532306916125314E+003  0.824537298270645E+002  0.246818679136337E+001 -0.541710383129528E+000  0.167125146076419E+001 -0.926476408233841E+000 -0.762657020629066E+001 -0.266153458062657E+003
  0.100000000000000E+001  0.389411537357016E+004  0.591325116509555E+002  0.221517602598820E+001 -0.514439890164823E+000  0.323798493541209E+000 -0.700736135823376E+000 -0.762657020629066E+001 -0.194705768678508E+004
  0.100000000000000E+001  0.407014538529200E+003  0.648224303201170E+002  0.133125817530408E+001 -0.165635535353214E+000  0.775783151219907E+000 -0.165622639950862E+000 -0.762657020629066E+001 -0.203507269264600E+003
  0.100000000000000E+001  0.443122505639106E+005  0.725585310116030E+002  0.259532531995598E+001 -0.197201662901076E+001  0.177802304569047E+000  0.376691309054783E+000 -0.762657020629066E+001 -0.221561252819553E+005
  0.100000000000000E+001  0.171879715210491E+005  0.819013838561967E+002  0.755656444433828E-002 -0.140457476654761E+001  0.145276472984114E+000  0.239701820210327E+001 -0.762657020629066E+001 -0.859398576052453E+004
  0.100000000000000E+001  0.687993957967244E+003  0.651756059385239E+002  0.251123674260694E+001 -0.797590274357416E+000  0.103623926298751E+001 -0.713646468249525E+000 -0.762657020629066E+001 -0.343996978983622E+003
  0.100000000000000E+001  0.171522972292787E+003  0.627878301368619E+002  0.464177566254394E+000 -0.279881042422942E+001  0.177350617766336E+001  0.333463285797503E+001 -0.762657020629066E+001 -0.857614861463934E+002
  0.100000000000000E+001  0.115628807721552E+004  0.988772873238168E+002  0.160082254560643E+001 -0.240986496397395E+001  0.152871273753192E+001  0.180904241836752E+001 -0.762657020629066E+001 -0.578144038607761E+003
  0.100000000000000E+001  0.914203618795225E+002  0.450673326179014E+002  0.274265077389044E+001  0.813887259645935E+000  0.138542869358427E+001 -0.255653803353637E+001 -0.762657020629066E+001 -0.457101809397613E+002
  0.100000000000000E+001  0.699358945451912E+002  0.524589663592831E+002  0.181540602642397E+001  0.786613848130032E+000  0.179247035231889E+001 -0.160201987455400E+001 -0.762657020629066E+001 -0.349679472725956E+002
  0.100000000000000E+001  0.461202284351711E+002  0.752044775008718E+002  0.658694326482990E+000  0.834394134274740E+000  0.114775025897623E+001 -0.493088460757730E+000 -0.762657020629066E+001 -0.230601142175856E+002
  0.100000000000000E+001  0.596346431371270E+003  0.504291095184743E+002  0.261477931689986E+001  0.318712714523143E+000  0.592728256728000E+000 -0.193349203142301E+001 -0.762657020629066E+001 -0.298173215685635E+003
  0.100000000000000E+001  0.473259844142830E+003  0.579335189323908E+002  0.157154383592880E+001 -0.110988377765884E+001  0.814330171915332E+000  0.538339941730035E+000 -0.762657020629066E+001 -0.236629922071415E+003
  0.100000000000000E+001  0.350845298599824E+002  0.855484082100068E+002  0.156937374808564E+000  0.669067524432332E+000  0.132674510603604E+001  0.173995100759104E+000 -0.762657020629066E+001 -0.175422649299912E+002
  0.100000000000000E+001  0.139699394108836E+005  0.784278661383840E+002  0.200202663578818E+001 -0.172224280164510E+001  0.309283576297723E+000  0.720216165856922E+000 -0.762657020629066E+001 -0.698496970544179E+004
  0.100000000000000E+001  0.829338223116305E+003  0.955864175680629E+002  0.199867160866837E+001 -0.273471031016064E+001  0.193338125351685E+001  0.173603870149227E+001 -0.762657020629066E+001 -0.414669111558152E+003
  0.100000000000000E+001  0.137794044421582E+004  0.914688620125810E+002  0.188272802163191E+001 -0.209761720586872E+001  0.126795624012055E+001  0.121488918423681E+001 -0.762657020629066E+001 -0.688970222107910E+003
  0.100000000000000E+001  0.383414425925340E+003  0.902323718417183E+002  0.118718955807453E+001  0.402046112727509E+000  0.119212075337606E+001 -0.589235670802040E+000 -0.762657020629066E+001 -0.191707212962670E+003
  0.100000000000000E+001  0.954832819662324E+002  0.872587662146447E+002  0.118249628506381E+001  0.169211934259212E+001  0.114007080437775E+001 -0.187461562765593E+001 -0.762657020629066E+001 -0.477416409831162E+002
  0.100000000000000E+001  0.111185073850255E+004  0.962373939853843E+002  0.248694941953424E+001  0.246805010092814E+001  0.782947793575821E+000 -0.395499952046238E+001 -0.762657020629066E+001 -0.555925369251277E+003
  0.100000000000000E+001  0.114253826105689E+004  0.924889081195949E+002  0.674285606000002E-002 -0.213723246648323E+001  0.874497831362629E+000  0.313048961042323E+001 -0.762657020629066E+001 -0.571269130528443E+003
  0.100000000000000E+001  0.866003695606745E+002  0.435921529447765E+002  0.222995508772376E+001 -0.889840465734220E+000  0.181670541392974E+001 -0.340114621989542E+000 -0.762657020629066E+001 -0.433001847803372E+002
  0.100000000000000E+001  0.743337529000206E+003  0.659047471033210E+002  0.907773054444889E+000 -0.158908700632268E+001  0.725849765162680E+000  0.168131395187779E+001 -0.762657020629066E+001 -0.371668764500103E+003
  0.100000000000000E+001  0.241590787821926E+003  0.616649499141170E+002  0.237233960446053E+001  0.563662983312195E+000  0.124756811256542E+001 -0.193600258777272E+001 -0.762657020629066E+001 -0.120795393910963E+003
  0.100000000000000E+001  0.299053180985896E+003  0.769650788683847E+002  0.158103630989928E+001 -0.534288772594707E+000  0.161684451844976E+001 -0.467475373045769E-001 -0.762657020629066E+001 -0.149526590492948E+003
  0.100000000000000E+001  0.189357912794655E+003  0.692920346781232E+002  0.242488173600752E+001  0.672432033740055E+000  0.189115108134908E+001 -0.209731376974757E+001 -0.762657020629066E+001 -0.946789563973277E+002
  0.100000000000000E+001  0.452694510020414E+004  0.636406395370548E+002  0.277377823278720E+001 -0.233383185128121E+001  0.486238566847361E+000  0.560053618494007E+000 -0.762657020629066E+001 -0.226347255010207E+004
  0.100000000000000E+001  0.399258964318308E+003  0.850246059818328E+002  0.149603860407108E+001 -0.392521380377803E+000  0.152418703766269E+001 -0.103517223693275E+000 -0.762657020629066E+001 -0.199629482159154E+003
  0.100000000000000E+001  0.696250776451484E+002  0.481596372861767E+002  0.151192444407336E+001 -0.268448418404669E+000  0.192434991918712E+001 -0.243476025668691E+000 -0.762657020629066E+001 -0.348125388225742E+002
  0.100000000000000E+001  0.101553134702090E+004  0.998751283160865E+002  0.163812668685420E+001 -0.181554900891782E+001  0.155386924913904E+001  0.117742232206362E+001 -0.762657020629066E+001 -0.507765673510451E+003
  0.100000000000000E+001  0.994522366512542E+002  0.583455202534298E+002  0.244486270012364E+001  0.133323289815976E+001  0.199195410557657E+001 -0.277809559828340E+001 -0.762657020629066E+001 -0.497261183256271E+002
  0.100000000000000E+001  0.487802416342539E+003  0.451953985434191E+002  0.276304419631875E+001 -0.413232185820771E-001  0.595756015267586E+000 -0.172172097773667E+001 -0.762657020629066E+001 -0.243901208171270E+003
  0.100000000000000E+001  0.124643738775070E+003  0.781388719973665E+002  0.529775301876229E+000  0.202676845406709E+001  0.189939266837895E+001 -0.155654375594332E+001 -0.762657020629066E+001 -0.623218693875351E+002
  0.100000000000000E+001  0.761993339547631E+002  0.787777253265778E+002  0.194704537308367E+001  0.286227023966458E+001  0.156630753310953E+001 -0.380931561274826E+001 -0.762657020629066E+001 -0.380996669773816E+002
  0.100000000000000E+001  0.101055873949983E+005  0.578235107437680E+002  0.531443042638731E+000 -0.112848822954551E+001  0.110183137236984E+000  0.159704518690677E+001 -0.762657020629066E+001 -0.505279369749913E+004
  0.100000000000000E+001  0.338288369937157E+003  0.953913735324704E+002  0.174717454232826E+001  0.236579743777526E+001  0.858815324044363E+000 -0.311297198010352E+001 -0.762657020629066E+001 -0.169144184968579E+003
  0.100000000000000E+001  0.958928892512881E+002  0.726518927526077E+002  0.203193390298612E+001  0.207525915706022E+001  0.185805791073818E+001 -0.310719306004634E+001 -0.762657020629066E+001 -0.479464446256440E+002
  0.100000000000000E+001  0.121009116827384E+003  0.712038939458865E+002  0.229159253637193E+001  0.293576416930117E+001  0.108773836682149E+001 -0.422735670567310E+001 -0.762657020629066E+001 -0.605045584136922E+002
  0.100000000000000E+001  0.104448974691118E+003  0.600192236538589E+002  0.167500300642615E+001  0.252760057138978E+001  0.599110848240221E+000 -0.320260357781593E+001 -0.762657020629066E+001 -0.522244873455590E+002
  0.100000000000000E+001  0.273493831360946E+003  0.908364685973406E+002  0.241843607136807E-001 -0.217256727895449E+001  0.192748560758217E+001  0.314838291824081E+001 -0.762657020629066E+001 -0.136746915680473E+003
  0.100000000000000E+001  0.555403566908150E+002  0.759310624049273E+002  0.148235096799731E+001  0.236237048813054E+001  0.176490439155491E+001 -0.284472145612785E+001 -0.762657020629066E+001 -0.277701783454075E+002
  0.100000000000000E+001  0.151378700719783E+003  0.663964801362841E+002  0.374295552112519E+000 -0.232544522795199E+001  0.190572131411596E+001  0.295114967583947E+001 -0.762657020629066E+001 -0.756893503598917E+002
  0.100000000000000E+001  0.569004922695418E+002  0.785282129920773E+002  0.152562872459237E+001  0.258946697208695E+001  0.111375742708308E+001 -0.311509569667932E+001 -0.762657020629066E+001 -0.284502461347709E+002
  0.100000000000000E+001  0.321985076531588E+003  0.791342260270731E+002  0.181846849646727E+001  0.898482371309231E+000  0.122248641033835E+001 -0.171695086777650E+001 -0.762657020629066E+001 -0.160992538265794E+003
  0.100000000000000E+001  0.408635875454666E+003  0.922381369946864E+002  0.191200833553077E+001 -0.217141421084377E+000  0.191357237158723E+001 -0.694866914446394E+000 -0.762657020629066E+001 -0.204317937727333E+003
  0.100000000000000E+001  0.573102379625583E+003  0.872449335577357E+002  0.147504693366283E+001 -0.218652332971120E+001  0.176727928123030E+001  0.171147639604836E+001 -0.762657020629066E+001 -0.286551189812792E+003
  0.100000000000000E+001  0.195966790284472E+004  0.636942370426545E+002  0.164022849934851E+001 -0.991739314220645E+000  0.475815238684802E+000  0.351510814872130E+000 -0.762657020629066E+001 -0.979833951422361E+003
  0.100000000000000E+001  0.338189291617123E+003  0.497225576599109E+002  0.112765293996601E+001 -0.282312031321523E+001  0.870388130792702E+000  0.269546737324922E+001 -0.762657020629066E+001 -0.169094645808561E+003
  0.100000000000000E+001  0.444351883091223E+003  0.819650091964153E+002  0.187242440144778E+001 -0.113763966005677E+001  0.174103503419922E+001  0.265215258608988E+000 -0.762657020629066E+001 -0.222175941545612E+003
  0.100000000000000E+001  0.169674104057579E+003  0.587171687409823E+002  0.290014754295565E+001  0.451154556200170E+000  0.182806056252767E+001 -0.235130209915582E+001 -0.762657020629066E+001 -0.848370520287894E+002
  0.100000000000000E+001  0.705162528924143E+002  0.434112973376559E+002  0.297870563995615E+001  0.174576387724653E+001  0.176788746542114E+001 -0.372446951720268E+001 -0.762657020629066E+001 -0.352581264462072E+002
  0.100000000000000E+001  0.534352300577304E+002  0.454288100840949E+002  0.912171252500330E+000  0.630862339530255E+000  0.197746005934679E+001 -0.543033592030585E+000 -0.762657020629066E+001 -0.267176150288652E+002
  0.100000000000000E+001  0.730198572181100E+002  0.400978970404982E+002  0.275812981591125E+001  0.378114068099155E+000  0.157103518989434E+001 -0.213624388401041E+001 -0.762657020629066E+001 -0.365099286090550E+002
  0.100000000000000E+001  0.208622403560891E+004  0.890829907826370E+002  0.206817527591305E+001 -0.121104803214802E+001  0.916627136901448E+000  0.142872756234973E+000 -0.762657020629066E+001 -0.104311201780446E+004
  0.100000000000000E+001  0.158324977963462E+004  0.930176550067798E+002  0.221162042723474E+001  0.273924747403152E+001  0.472368001454122E+000 -0.395086790126626E+001 -0.762657020629066E+001 -0.791624889817308E+003
  0.100000000000000E+001  0.219682194890000E+003  0.740906156024264E+002  0.237517590897510E+001  0.294514230781219E+001  0.879146648275382E+000 -0.432031821678730E+001 -0.762657020629066E+001 -0.109841097445000E+003
  0.100000000000000E+001  0.385018810299909E+002  0.416989516978287E+002  0.307194655502849E-001 -0.217744985529609E+001  0.106827886085752E+001  0.314673038974581E+001 -0.762657020629066E+001 -0.192509405149954E+002
  0.100000000000000E+001  0.310274836238191E+003  0.866561235990633E+002  0.109832619983692E+001 -0.639771957607485E-001  0.140192280013916E+001 -0.343490040761760E-001 -0.762657020629066E+001 -0.155137418119096E+003
  0.100000000000000E+001  0.386464904115080E+003  0.641551791632529E+002  0.220343635035011E+001  0.771341107655061E+000  0.911041881946351E+000 -0.197477745800518E+001 -0.762657020629066E+001 -0.193232452057540E+003
  0.100000000000000E+001  0.413395968293565E+002  0.424230132295044E+002  0.484641115985898E+000 -0.105638399860749E+001  0.145505492579703E+001  0.157174288262159E+001 -0.762657020629066E+001 -0.206697984146783E+002
  0.100000000000000E+001  0.180824676612695E+003  0.526090677488185E+002  0.189840517613181E+001 -0.409694343623262E+000  0.109484868102909E+001 -0.488710832508553E+000 -0.762657020629066E+001 -0.904123383063476E+002
  0.100000000000000E+001  0.825473171450253E+005  0.940827645548963E+002  0.142482438268108E+001 -0.267117836258872E+001  0.166512486487393E+000  0.224635397990764E+001 -0.762657020629066E+001 -0.412736585725127E+005
  0.100000000000000E+001  0.415347772672647E+003  0.791440288058242E+002  0.849115219054111E+000 -0.289298995892525E+001  0.175079654309203E+001  0.304387473987113E+001 -0.762657020629066E+001 -0.207673886336324E+003
  0.100000000000000E+001  0.310735871171121E+003  0.807516690484158E+002  0.201291135434289E+001  0.886060502991030E+000  0.143732047519453E+001 -0.189897185733392E+001 -0.762657020629066E+001 -0.155367935585561E+003
  0.100000000000000E+001  0.238129724744533E+003  0.589327774363262E+002  0.117787598421029E+001 -0.210736134088238E+001  0.134530783058230E+001  0.192948535667209E+001 -0.762657020629066E+001 -0.119064862372266E+003
  0.100000000000000E+001  0.230010259547158E+005  0.893845997743585E+002  0.206920868161240E+001  0.242801175437781E+001  0.119275721615152E+000 -0.349722043599021E+001 -0.762657020629066E+001 -0.115005129773579E+005
  0.100000000000000E+001  0.764536028321173E+003  0.715152548057951E+002  0.167026383070248E+001 -0.208869641616339E+001  0.113318620271054E+001  0.141843258546091E+001 -0.762657020629066E+001 -0.382268014160587E+003
  0.100000000000000E+001  0.483748630648077E+003  0.926856314099620E+002  0.196644978064991E+001  0.288057528093956E+001  0.639878822644417E+000 -0.384702506158947E+001 -0.762657020629066E+001 -0.241874315324038E+003
  0.100000000000000E+001  0.218348592162408E+004  0.945480085736848E+002  0.175782012729141E+001 -0.246315972386202E-001  0.746403538625460E+000 -0.733188530052792E+000 -0.762657020629066E+001 -0.109174296081204E+004
  0.100000000000000E+001  0.202148968251225E+003  0.667291388658708E+002  0.978790527917048E+000  0.248466317593601E+000  0.782946332567363E+000 -0.227256845510650E+000 -0.762657020629066E+001 -0.101074484125613E+003
  0.100000000000000E+001  0.157072436432775E+004  0.888343552401865E+002  0.179030720615070E+001 -0.567128220824938E+000  0.894415545048765E+000 -0.223178985325762E+000 -0.762657020629066E+001 -0.785362182163876E+003
  0.100000000000000E+001  0.907962232284284E+004  0.899442553200725E+002  0.177312471565517E+001  0.226320601948287E+001  0.161251303373360E+000 -0.303633073513804E+001 -0.762657020629066E+001 -0.453981116142142E+004
  0.100000000000000E+001  0.314819674924098E+003  0.877036853901158E+002  0.150661835943201E+001  0.389965061024673E+000  0.151600150113092E+001 -0.896583420456682E+000 -0.762657020629066E+001 -0.157409837462049E+003
  0.100000000000000E+001  0.213691915149614E+003  0.443384181516074E+002  0.273402181788700E+001 -0.293591172884808E+001  0.138583490307779E+001  0.120188991096108E+001 -0.762657020629066E+001 -0.106845957574807E+003
  0.100000000000000E+001  0.230754293613749E+003  0.845159176427994E+002  0.783415438484910E+000  0.178327737444765E+001  0.299993866727904E+000 -0.156669281293256E+001 -0.762657020629066E+001 -0.115377146806874E+003
  0.100000000000000E+001  0.138697194729774E+004  0.538546753852534E+002  0.843508207795404E+000  0.527628684114050E-001  0.180082548404252E+000  0.103728923793191E+000 -0.762657020629066E+001 -0.693485973648871E+003
  0.100000000000000E+001  0.124496025925347E+005  0.976030878700131E+002  0.215617931543290E+001 -0.197170542585457E+001  0.473229980473952E+000  0.815526110421667E+000 -0.762657020629066E+001 -0.622480129626736E+004
  0.100000000000000E+001  0.217002898716873E+004  0.405497093770209E+002  0.107843336071025E+001 -0.111000309767271E+001  0.155071999420099E+000  0.103156973696246E+001 -0.762657020629066E+001 -0.108501449358437E+004
  0.100000000000000E+001  0.185487119036356E+003  0.613275826844976E+002  0.875368105588442E+000 -0.176253631111189E+001  0.141409947489822E+001  0.188716820552345E+001 -0.762657020629066E+001 -0.927435595181780E+002
  0.100000000000000E+001  0.616125129450531E+002  0.602988459000020E+002  0.361320328121902E+000 -0.559546833731366E+000  0.108968628706026E+001  0.119822650560946E+001 -0.762657020629066E+001 -0.308062564725265E+002
  0.100000000000000E+001  0.109330760807893E+004  0.798230420527123E+002  0.254527661768288E+001 -0.148865004340988E+001  0.123406743376870E+001 -0.566265742730032E-001 -0.762657020629066E+001 -0.546653804039466E+003
  0.100000000000000E+001  0.336252254809076E+003  0.710904908003548E+002  0.287599156524764E+001  0.841221361445461E-001  0.172889845266750E+001 -0.196011370139218E+001 -0.762657020629066E+001 -0.168126127404538E+003
  0.100000000000000E+001  0.265721922923118E+003  0.443935276219009E+002  0.847727768124324E+000  0.112772256713073E+001  0.394287848905571E+000 -0.975450335255057E+000 -0.762657020629066E+001 -0.132860961461559E+003
  0.100000000000000E+001  0.241823565567126E+003  0.853909353787033E+002  0.277595523238879E+001  0.209186264842109E+001  0.192899070006542E+001 -0.386781788080988E+001 -0.762657020629066E+001 -0.120911782783563E+003
  0.100000000000000E+001  0.265556364040997E+003  0.627127318040503E+002  0.140040279055552E+001 -0.191046606407941E+001  0.147610913475888E+001  0.151006327352389E+001 -0.762657020629066E+001 -0.132778182020499E+003
  0.100000000000000E+001  0.366568613964685E+004  0.796690801570287E+002  0.190022733417699E+001 -0.243270184104523E+001  0.659139921921115E+000  0.153247450686824E+001 -0.762657020629066E+001 -0.183284306982342E+004
  0.100000000000000E+001  0.379678939834338E+003  0.403543398494446E+002  0.214516113866604E+001 -0.165419069187380E-001  0.434025331287269E+000 -0.112861923174731E+001 -0.762657020629066E+001 -0.189839469917169E+003
  0.100000000000000E+001  0.183701298374170E+003  0.727352204801160E+002  0.178713980446083E+001  0.103436249513875E+001  0.135627367133225E+001 -0.182150229959958E+001 -0.762657020629066E+001 -0.918506491870852E+002
  0.100000000000000E+001  0.699162411792337E+003  0.889612429233270E+002  0.165285194436534E+001  0.171964558011463E+001  0.663023622461776E+000 -0.237249752447997E+001 -0.762657020629066E+001 -0.349581205896169E+003
  0.100000000000000E+001  0.209122970990270E+003  0.460654619375934E+002  0.108681458555115E+001 -0.198693211345472E+001  0.772813859981407E+000  0.190011752790356E+001 -0.762657020629066E+001 -0.104561485495135E+003
  0.100000000000000E+001  0.477981008753734E+003  0.727347570432112E+002  0.910478473120084E-001 -0.281035958570718E+001  0.109207920518724E+001  0.371931173839518E+001 -0.762657020629066E+001 -0.238990504376867E+003
  0.100000000000000E+001  0.298670049624542E+003  0.661603886990119E+002  0.201674609192085E+001 -0.876833223357884E+000  0.151094098258309E+001 -0.139912868562968E+000 -0.762657020629066E+001 -0.149335024812271E+003
  0.100000000000000E+001  0.290941899491145E+003  0.998045549336605E+002  0.100666585110506E+001  0.203525849823549E+001  0.442879002764861E+000 -0.204192434934055E+001 -0.762657020629066E+001 -0.145470949745573E+003
  0.100000000000000E+001  0.204537332629771E+004  0.480365905771751E+002  0.267285639667346E+001  0.185604135811684E+000  0.308700524519757E+000 -0.185846053248514E+001 -0.762657020629066E+001 -0.102268666314885E+004
  0.100000000000000E+001  0.576932170816754E+003  0.889210787928259E+002  0.249008124069045E+001 -0.552659733465243E+000  0.180640709131644E+001 -0.937421507225207E+000 -0.762657020629066E+001 -0.288466085408377E+003
  0.100000000000000E+001  0.971179046895427E+003  0.572939455638339E+002  0.198758838068930E+001 -0.143843786237208E+001  0.669154981022994E+000  0.450849481682779E+000 -0.762657020629066E+001 -0.485589523447713E+003
  0.100000000000000E+001  0.177016652319539E+003  0.617186041353650E+002  0.232568448158210E+000 -0.288826143836591E+001  0.153731771211872E+001  0.365569299020770E+001 -0.762657020629066E+001 -0.885083261597694E+002
  0.100000000000000E+001  0.452326955339220E+002  0.780944186616320E+002  0.117484914180231E+001  0.232906258548040E+001  0.141832341247592E+001 -0.250391172728272E+001 -0.762657020629066E+001 -0.226163477669610E+002
  0.100000000000000E+001  0.215437533589669E+004  0.664037652196876E+002  0.261277995778423E+001 -0.139914580778842E+001  0.660462075960496E+000 -0.213634149995815E+000 -0.762657020629066E+001 -0.107718766794835E+004
  0.100000000000000E+001  0.206532384571108E+003  0.756815763742643E+002  0.821042915040374E+000 -0.151438688095147E+001  0.191504047080669E+001  0.169334396591110E+001 -0.762657020629066E+001 -0.103266192285554E+003
  0.100000000000000E+001  0.166010658983482E+005  0.772764226442402E+002  0.265163093875539E+001 -0.190220849681853E+000  0.260150910330107E+000 -0.146141008907354E+001 -0.762657020629066E+001 -0.830053294917408E+004
  0.100000000000000E+001  0.629045341292924E+002  0.600926021514036E+002  0.618218977622563E+000  0.169018408154693E+001  0.178771898706112E+001 -0.130840305916950E+001 -0.762657020629066E+001 -0.314522670646462E+002
  0.100000000000000E+001  0.509989222528673E+003  0.562540428345601E+002  0.208256783032365E+001 -0.175211435924831E+001  0.971356905550725E+000  0.669546528924662E+000 -0.762657020629066E+001 -0.254994611264336E+003
  0.100000000000000E+001  0.879803563154901E+003  0.727701471209063E+002  0.236179886545078E+001 -0.297877227175682E+001  0.136684498465183E+001  0.161697340630604E+001 -0.762657020629066E+001 -0.439901781577450E+003
  0.100000000000000E+001  0.141974643298357E+003  0.488387884602559E+002  0.287206588526368E+001 -0.726284826852075E+000  0.174626686796637E+001 -0.114578105841161E+001 -0.762657020629066E+001 -0.709873216491787E+002
  0.100000000000000E+001  0.143230787903423E+005  0.960368384393437E+002  0.117813053842665E+001 -0.349240147609441E+000  0.263009625975516E+000  0.171109609182795E+000 -0.762657020629066E+001 -0.716153939517115E+004
  0.100000000000000E+001  0.250676563000137E+004  0.562600472391969E+002  0.509626179150598E+000 -0.290438659363464E+001  0.340525827956342E+000  0.339476041448404E+001 -0.762657020629066E+001 -0.125338281500069E+004
  0.100000000000000E+001  0.292517547846639E+004  0.621609331667234E+002  0.299004577369010E+001 -0.238958767441788E+001  0.606680067674121E+000  0.399541900727785E+000 -0.762657020629066E+001 -0.146258773923320E+004
  0.100000000000000E+001  0.101439309959643E+004  0.972756447997440E+002  0.265342048565104E+001  0.270888844362310E+001  0.847486610319693E+000 -0.436230892927415E+001 -0.762657020629066E+001 -0.507196549798215E+003
  0.100000000000000E+001  0.970858786849295E+002  0.745629398310882E+002  0.118701682085388E+001  0.728448703996837E+000  0.182457096526141E+001 -0.915465524850716E+000 -0.762657020629066E+001 -0.485429393424648E+002
  0.100000000000000E+001  0.114658553252375E+003  0.443833885499918E+002  0.747242018099085E+000 -0.819643869795888E+000  0.530200496118131E+000  0.107240185169680E+001 -0.762657020629066E+001 -0.573292766261877E+002
  0.100000000000000E+001  0.433184649843229E+003  0.909110441629813E+002  0.285382214434848E+001  0.202560403604739E+001  0.155729168795831E+001 -0.387942618039588E+001 -0.762657020629066E+001 -0.216592324921615E+003
  0.100000000000000E+001  0.654914345911486E+003  0.587733253411184E+002  0.417478545329724E-001 -0.117118051497576E+001  0.302103268860868E+000  0.212943266044279E+001 -0.762657020629066E+001 -0.327457172955743E+003
  0.100000000000000E+001  0.212976742609913E+003  0.722535016590264E+002  0.172453552756168E+001  0.116105582740688E+001  0.109753233327246E+001 -0.188559135496857E+001 -0.762657020629066E+001 -0.106488371304956E+003
  0.100000000000000E+001  0.497239080716552E+002  0.897615524299883E+002  0.217734787069849E-001  0.539906449158777E+000  0.758571675883214E+000  0.438320072134238E+000 -0.762657020629066E+001 -0.248619540358276E+002
  0.100000000000000E+001  0.120337333601001E+004  0.844086777335411E+002  0.604136602201226E+000  0.502954597066358E+000  0.335848359714817E+000 -0.107091199267584E+000 -0.762657020629066E+001 -0.601686668005007E+003
  0.100000000000000E+001  0.137826207336176E+003  0.923955124321171E+002  0.216254878598028E+001  0.293065017624341E+001  0.163472942462367E+001 -0.409319896222369E+001 -0.762657020629066E+001 -0.689131036680879E+002
  0.100000000000000E+001  0.820061512465629E+003  0.581320353811583E+002  0.228604743240258E+001 -0.425626677302349E-001  0.636022650019945E+000 -0.124348476467234E+001 -0.762657020629066E+001 -0.410030756232815E+003
  0.100000000000000E+001  0.192555964271590E+004  0.459437406992868E+002  0.285392697434959E+001 -0.271959392391717E+001  0.459061435614429E+000  0.865666949567580E+000 -0.762657020629066E+001 -0.962779821357952E+003
  0.100000000000000E+001  0.905368429124856E+002  0.453794658713495E+002  0.249681059015757E+001  0.189615846467100E+000  0.152340977265383E+001 -0.168642643662467E+001 -0.762657020629066E+001 -0.452684214562428E+002
  0.100000000000000E+001  0.214147300908794E+003  0.545208187748538E+002  0.125562836628505E+001 -0.227633233639364E+001  0.129528855849672E+001  0.202070397010859E+001 -0.762657020629066E+001 -0.107073650454397E+003
  0.100000000000000E+001  0.438285518024443E+003  0.704211106418135E+002  0.265806004820693E+001  0.150708938269647E+001  0.103001295259474E+001 -0.316514943090340E+001 -0.762657020629066E+001 -0.219142759012221E+003
  0.100000000000000E+001  0.144373022141048E+004  0.581744780851064E+002  0.724208833166785E+000 -0.885324477443755E+000  0.297306360516008E+000  0.116111564427697E+001 -0.762657020629066E+001 -0.721865110705240E+003
  0.100000000000000E+001  0.225288421541954E+003  0.572865603148019E+002  0.251543587997579E+001 -0.732775401224277E-001  0.136303553551214E+001 -0.144215833985336E+001 -0.762657020629066E+001 -0.112644210770977E+003
  0.100000000000000E+001  0.236377975795171E+004  0.888548542894927E+002  0.102305501457886E+001 -0.201412451793443E+001  0.758136272495909E+000  0.199106950335558E+001 -0.762657020629066E+001 -0.118188987897586E+004
  0.100000000000000E+001  0.251076940807614E+004  0.862510175770120E+002  0.270541721045937E+001  0.110426997414881E+001  0.652203230495616E+000 -0.280968718460819E+001 -0.762657020629066E+001 -0.125538470403807E+004
  0.100000000000000E+001  0.184599067454608E+003  0.667276556877800E+002  0.398525589958960E+000 -0.258601821859734E+001  0.177073591647081E+001  0.318749262863838E+001 -0.762657020629066E+001 -0.922995337273041E+002
  0.100000000000000E+001  0.555981447649792E+003  0.631360115201209E+002  0.208911242143418E+001  0.298572422409902E+001  0.346436542758257E+000 -0.407483664553320E+001 -0.762657020629066E+001 -0.277990723824896E+003
  0.100000000000000E+001  0.214148423880131E+003  0.758442294368527E+002  0.109086192699589E+001 -0.108461409382754E+001  0.186708552075833E+001  0.993752166831646E+000 -0.762657020629066E+001 -0.107074211940065E+003
  0.100000000000000E+001  0.156189630134529E+003  0.653737094845423E+002  0.695539469203047E+000 -0.110691711422152E+001  0.135794959163995E+001  0.141137764501847E+001 -0.762657020629066E+001 -0.780948150672644E+002
  0.100000000000000E+001  0.324254277708962E+004  0.541287882010394E+002  0.299939531398329E+001 -0.151727889255301E+001  0.422440452265498E+000 -0.482116421430279E+000 -0.762657020629066E+001 -0.162127138854481E+004
  0.100000000000000E+001  0.147560396957221E+003  0.825198500333871E+002  0.114878261605772E+001  0.636030816537579E+000  0.160435964935361E+001 -0.784813432595302E+000 -0.762657020629066E+001 -0.737801984786105E+002
  0.100000000000000E+001  0.187903195426347E+004  0.815065113400070E+002  0.179892158196353E+001 -0.421324009961365E+000  0.696377751628107E+000 -0.377597572002165E+000 -0.762657020629066E+001 -0.939515977131734E+003
  0.100000000000000E+001  0.941905617000106E+004  0.652155951166661E+002  0.166803272429021E+001 -0.326217964188647E+000  0.199929346399747E+000 -0.341814760101564E+000 -0.762657020629066E+001 -0.470952808500053E+004
  0.100000000000000E+001  0.750097024609877E+003  0.524508889901311E+002  0.165037326049395E+001  0.285827938060377E+001  0.327511457836162E+000 -0.350865264109772E+001 -0.762657020629066E+001 -0.375048512304938E+003
  0.100000000000000E+001  0.601188080409202E+002  0.789809164861404E+002  0.543074415475278E+000  0.584278774617173E+000  0.143205421723374E+001 -0.127353190092451E+000 -0.762657020629066E+001 -0.300594040204601E+002
  0.100000000000000E+001  0.616212912709157E+002  0.671204990007029E+002  0.128213522936779E+001  0.230200982988660E+001  0.687545105204959E+000 -0.258414505925439E+001 -0.762657020629066E+001 -0.308106456354578E+002
  0.100000000000000E+001  0.357002542267719E+002  0.881171659978588E+002  0.465830566621696E+000  0.145818662538552E+001  0.114723417846214E+001 -0.924017192007212E+000 -0.762657020629066E+001 -0.178501271133860E+002
  0.100000000000000E+001  0.115299831994267E+003  0.946258966780554E+002  0.194797653129862E+000 -0.122039663743946E+000  0.180313019535149E+001  0.927242010614084E+000 -0.762657020629066E+001 -0.576499159971337E+002
  0.100000000000000E+001  0.132741203753941E+003  0.850734617860586E+002  0.806299654793026E+000  0.120056670786168E+001  0.696096623374098E+000 -0.100686636265470E+001 -0.762657020629066E+001 -0.663706018769705E+002
  0.100000000000000E+001  0.342316528718873E+004  0.747892621426083E+002  0.181721799335147E+001 -0.294745046697187E+001  0.648424709820777E+000  0.213023247362040E+001 -0.762657020629066E+001 -0.171158264359436E+004
  0.100000000000000E+001  0.576454562748991E+002  0.412643855239521E+002  0.124421519131783E+001  0.139209901165017E+001  0.189987679423850E+001 -0.163631420296800E+001 -0.762657020629066E+001 -0.288227281374496E+002
  0.100000000000000E+001  0.193128549584384E+003  0.932996280835303E+002  0.123962092473807E+001  0.799620304115833E+000  0.173479492201961E+001 -0.103924122885391E+001 -0.762657020629066E+001 -0.965642747921918E+002
  0.100000000000000E+001  0.117889242215039E+004  0.844229220930616E+002  0.102597488607315E+001  0.799146505538042E+000  0.432863873899156E+000 -0.825121391611190E+000 -0.762657020629066E+001 -0.589446211075194E+003
  0.100000000000000E+001  0.780265439171492E+003  0.733160862062752E+002  0.122514449662274E+001 -0.148047184549607E+001  0.937988427830921E+000  0.125532734887333E+001 -0.762657020629066E+001 -0.390132719585746E+003
  0.100000000000000E+001  0.102951918612236E+004  0.791058902226783E+002  0.218659814644334E+001  0.139806871458829E+001  0.682566944261791E+000 -0.258466686103164E+001 -0.762657020629066E+001 -0.514759593061181E+003
  0.100000000000000E+001  0.121867310259253E+003  0.474545892345145E+002  0.166185819560969E+001 -0.103515257268253E+001  0.117882641381812E+001  0.373294377072848E+000 -0.762657020629066E+001 -0.609336551296266E+002
  0.100000000000000E+001  0.305999163693056E+002  0.591144084064776E+002  0.552018728370794E+000  0.888979829560600E+000  0.136094303381512E+001 -0.440998557931394E+000 -0.762657020629066E+001 -0.152999581846528E+002
  0.100000000000000E+001  0.201512750878122E+003  0.429739098721847E+002  0.225423116548301E+001 -0.177639219658410E+001  0.994082661272116E+000  0.522161031101084E+000 -0.762657020629066E+001 -0.100756375439061E+003
  0.100000000000000E+001  0.133204724795520E+005  0.907994495210786E+002  0.252320216797340E+001 -0.160310121612234E+001  0.423837719936545E+000  0.798990481489459E-001 -0.762657020629066E+001 -0.666023623977602E+004
  0.100000000000000E+001  0.267237679773712E+004  0.596712644706992E+002  0.129964394074854E+000 -0.560558728624900E+000  0.116518373017057E+000  0.143059433455005E+001 -0.762657020629066E+001 -0.133618839886856E+004
  0.100000000000000E+001  0.897574905886908E+002  0.481841408562741E+002  0.206542054315908E+001  0.921713733237610E+000  0.100587515290894E+001 -0.198713427639669E+001 -0.762657020629066E+001 -0.448787452943454E+002
  0.100000000000000E+001  0.569534765964685E+003  0.616887849096715E+002  0.162316776251515E+000 -0.141032831087240E+001  0.459096670006111E+000  0.224801153462089E+001 -0.762657020629066E+001 -0.284767382982342E+003
  0.100000000000000E+001  0.259141713996487E+004  0.835136359721973E+002  0.246662194174888E+001 -0.323381757152406E+000  0.721565553810705E+000 -0.114324018459647E+001 -0.762657020629066E+001 -0.129570856998243E+004
  0.100000000000000E+001  0.502355394302194E+003  0.876860415162588E+002  0.263225360509402E+001 -0.236339663218172E+000  0.189218384681871E+001 -0.139591394187585E+001 -0.762657020629066E+001 -0.251177697151097E+003
  0.100000000000000E+001  0.118926796975964E+004  0.907405906143630E+002  0.260196493415185E+001 -0.247096302761425E+001  0.158218687254891E+001  0.868998093462397E+000 -0.762657020629066E+001 -0.594633984879821E+003
  0.100000000000000E+001  0.124306614031512E+005  0.683823516343711E+002  0.262711091090835E+001  0.797850209376400E+000  0.209057375452169E+000 -0.242496112028475E+001 -0.762657020629066E+001 -0.621533070157558E+004
  0.100000000000000E+001  0.993329314539034E+003  0.916292536180453E+002  0.188041412433743E+001 -0.203803566293216E+001  0.149795180063493E+001  0.115762153859473E+001 -0.762657020629066E+001 -0.496664657269517E+003
  0.100000000000000E+001  0.893969157460759E+002  0.768071423952840E+002  0.215443617532604E+001  0.290374357294863E+001  0.155649183673329E+001 -0.405817974827467E+001 -0.762657020629066E+001 -0.446984578730379E+002
  0.100000000000000E+001  0.141077852151588E+003  0.607293973287122E+002  0.748815378875445E+000 -0.237256193349636E+001  0.197453306207578E+001  0.262374655462092E+001 -0.762657020629066E+001 -0.705389260757940E+002
  0.100000000000000E+001  0.134386948644912E+003  0.496234070710492E+002  0.187548178921031E+001 -0.202061761720021E+001  0.176374699280614E+001  0.114513582798990E+001 -0.762657020629066E+001 -0.671934743224558E+002
  0.100000000000000E+001  0.329298565842872E+004  0.747213710766502E+002  0.298307793442320E+001 -0.108972188511696E+001  0.660996192455414E+000 -0.893356049306233E+000 -0.762657020629066E+001 -0.164649282921436E+004
  0.100000000000000E+001  0.683716212816241E+003  0.832970984251506E+002  0.203593549239507E+001  0.241480153331949E+000  0.114740866704161E+001 -0.127741564572701E+001 -0.762657020629066E+001 -0.341858106408121E+003
  0.100000000000000E+001  0.474843309190800E+002  0.462020872808096E+002  0.188934044906431E+001  0.169654268188260E+001  0.129714652314123E+001 -0.258588313094691E+001 -0.762657020629066E+001 -0.237421654595400E+002
  0.100000000000000E+001  0.100355331317383E+005  0.980293923637359E+002  0.196928893077419E+001  0.903624209105622E-001  0.383688541286989E+000 -0.105965135168475E+001 -0.762657020629066E+001 -0.501776656586917E+004
  0.100000000000000E+001  0.135420242473116E+003  0.540620488640358E+002  0.283518874700837E+001  0.996925122545638E+000  0.155235122014357E+001 -0.283211386955400E+001 -0.762657020629066E+001 -0.677101212365581E+002
  0.100000000000000E+001  0.571869224413721E+003  0.858086029985904E+002  0.260828615862831E+001  0.218300713365316E+001  0.104781854711570E+001 -0.379129329228147E+001 -0.762657020629066E+001 -0.285934612206861E+003
  0.100000000000000E+001  0.216903176532900E+003  0.913483806065609E+002  0.177599905809329E+001  0.253079658142403E+001  0.929949618890522E+000 -0.330679563951731E+001 -0.762657020629066E+001 -0.108451588266450E+003
  0.100000000000000E+001  0.117651041009726E+003  0.837901317040460E+002  0.137688052865110E+001  0.172763245920899E+001  0.116676351760683E+001 -0.210451298786008E+001 -0.762657020629066E+001 -0.588255205048629E+002
  0.100000000000000E+001  0.229286118779045E+005  0.603821812750539E+002  0.299709274502997E+001 -0.759046839908799E+000  0.174671016053976E+000 -0.123804590512117E+001 -0.762657020629066E+001 -0.114643059389522E+005
  0.100000000000000E+001  0.521468957817370E+004  0.540964358797910E+002  0.118700862110065E+001 -0.135289890206514E+000  0.136371852430653E+000 -0.517187308941387E-001 -0.762657020629066E+001 -0.260734478908685E+004
  0.100000000000000E+001  0.126647045873162E+003  0.654336037491799E+002  0.138518948338455E+001  0.245474878286760E+001  0.534171288297105E+000 -0.283993826625214E+001 -0.762657020629066E+001 -0.633235229365808E+002
  0.100000000000000E+001  0.198250368771844E+005  0.759764216050599E+002  0.174839198917198E+001 -0.526724364427422E-001  0.175109017938809E+000 -0.695719552729238E+000 -0.762657020629066E+001 -0.991251843859218E+004
  0.100000000000000E+001  0.118292275950350E+004  0.988986694678127E+002  0.241662376762863E+001  0.947036658952299E+000  0.111080769679033E+001 -0.236366042658092E+001 -0.762657020629066E+001 -0.591461379751750E+003
  0.100000000000000E+001  0.147186404048374E+004  0.822056449212041E+002  0.154285414934219E+001 -0.247771046806129E+001  0.102872684203280E+001  0.193485631871910E+001 -0.762657020629066E+001 -0.735932020241869E+003
  0.100000000000000E+001  0.618042486775040E+005  0.893603544439794E+002  0.265828561333338E+001 -0.106061679933699E+001  0.186060433075595E+000 -0.597668813996396E+000 -0.762657020629066E+001 -0.309021243387520E+005
  0.100000000000000E+001  0.161653120651939E+004  0.802700697708459E+002  0.113223432855060E+001 -0.113576365153154E+001  0.683856542797961E+000  0.100352932298094E+001 -0.762657020629066E+001 -0.808265603259697E+003
  0.100000000000000E+001  0.352759072515466E+005  0.817441067401656E+002  0.194348832940718E+001 -0.689231390388004E+000  0.176754642567029E+000 -0.254256939019176E+000 -0.762657020629066E+001 -0.176379536257733E+005
  0.100000000000000E+001  0.288301247277212E+002  0.715288484601681E+002  0.925108779638861E+000  0.143565533670553E+001  0.810764387157356E+000 -0.136076411634439E+001 -0.762657020629066E+001 -0.144150623638606E+002
  0.100000000000000E+001  0.537952359771872E+003  0.604573853979326E+002  0.322390578870768E+000 -0.242444210493197E+001  0.703354152421708E+000  0.310205152606120E+001 -0.762657020629066E+001 -0.268976179885936E+003
  0.100000000000000E+001  0.191338536266209E+003  0.814766945494183E+002  0.209789625473858E+001  0.266859991087296E+001  0.102245966419884E+001 -0.376649616561154E+001 -0.762657020629066E+001 -0.956692681331047E+002
  0.100000000000000E+001  0.521784009066834E+003  0.929849340027940E+002  0.180064952935572E+001 -0.121359129114778E+000  0.159090037125289E+001 -0.679290400240938E+000 -0.762657020629066E+001 -0.260892004533417E+003
  0.100000000000000E+001  0.526057428942794E+005  0.794240703389879E+002  0.146423421679587E+001 -0.198448852738068E+000  0.108076758314302E+000 -0.265785364057797E+000 -0.762657020629066E+001 -0.263028714471397E+005
  0.100000000000000E+001  0.808979427904326E+002  0.424281853573451E+002  0.103741532929703E+001 -0.287426296456117E+001  0.177496447291270E+001  0.283684763526414E+001 -0.762657020629066E+001 -0.404489713952163E+002
  0.100000000000000E+001  0.828279879106025E+003  0.799880601494465E+002  0.222637238482050E+001 -0.166425092558645E+001  0.137781615692947E+001  0.437878540765947E+000 -0.762657020629066E+001 -0.414139939553013E+003
  0.100000000000000E+001  0.992755604374530E+004  0.599340377138950E+002  0.124227985058449E+001 -0.221215778932918E+001  0.212521331111913E+000  0.196987793874469E+001 -0.762657020629066E+001 -0.496377802187265E+004
  0.100000000000000E+001  0.593308667469535E+002  0.595233328713619E+002  0.183621341267379E+001  0.194149883701950E+001  0.136058683708558E+001 -0.277771224969329E+001 -0.762657020629066E+001 -0.296654333734768E+002
  0.100000000000000E+001  0.668501651364049E+003  0.772618809882986E+002  0.659018728347735E+000 -0.678339452640994E+000  0.714976968042014E+000  0.101932072429326E+001 -0.762657020629066E+001 -0.334250825682024E+003
  0.100000000000000E+001  0.939239034892142E+003  0.622918391340847E+002  0.273626983474022E+001  0.198613245523955E+001  0.510400374087070E+000 -0.372240228997977E+001 -0.762657020629066E+001 -0.469619517446071E+003
  0.100000000000000E+001  0.804168449148671E+002  0.469549976946431E+002  0.166346195987304E+001 -0.881950041515765E+000  0.197001676918873E+001  0.218488081642724E+000 -0.762657020629066E+001 -0.402084224574336E+002
  0.100000000000000E+001  0.269926783592048E+005  0.967662748657732E+002  0.264589243979013E+001 -0.242742288499435E+001  0.357465566944118E+000  0.781530445204225E+000 -0.762657020629066E+001 -0.134963391796024E+005
  0.100000000000000E+001  0.635776444007260E+002  0.696476965809546E+002  0.568039888530046E+000  0.260485896911780E+000  0.112548863227876E+001  0.171474214558174E+000 -0.762657020629066E+001 -0.317888222003630E+002
  0.100000000000000E+001  0.559470831625804E+002  0.548647144721438E+002  0.114989429598531E+001  0.219164357243783E+001  0.136042478804989E+001 -0.234153786842314E+001 -0.762657020629066E+001 -0.279735415812902E+002
  0.100000000000000E+001  0.101074927889654E+003  0.444011807894602E+002  0.149663783556922E+001  0.279451381817968E+001  0.123114581907982E+001 -0.329115165374890E+001 -0.762657020629066E+001 -0.505374639448269E+002
  0.100000000000000E+001  0.585266051710504E+002  0.841166103317926E+002  0.515919996911093E-001  0.895043165746834E+000  0.190865233751717E+001  0.533648345620564E-001 -0.762657020629066E+001 -0.292633025855252E+002
  0.100000000000000E+001  0.144384063611556E+004  0.979212445020589E+002  0.296440772811866E+001  0.128360841653260E+001  0.108899176648601E+001 -0.324801614465126E+001 -0.762657020629066E+001 -0.721920318057782E+003
  0.100000000000000E+001  0.109275206961034E+005  0.871349911811297E+002  0.152526658086502E+001  0.146445594203639E+001  0.166473186752047E+000 -0.198972252290141E+001 -0.762657020629066E+001 -0.546376034805169E+004
  0.100000000000000E+001  0.315887533404164E+004  0.695435608209470E+002  0.385770623356218E+000 -0.278938840472784E+001  0.423008637000271E+000  0.340361778137163E+001 -0.762657020629066E+001 -0.157943766702082E+004
  0.100000000000000E+001  0.166480771402172E+004  0.936583376876177E+002  0.141031843396328E+001 -0.235669970774667E+001  0.112186529474063E+001  0.194638127378339E+001 -0.762657020629066E+001 -0.832403857010862E+003
  0.100000000000000E+001  0.260676865499417E+003  0.435697986212467E+002  0.201476828416612E+000  0.146618979666455E+001  0.102729625368137E+001 -0.667666625081164E+000 -0.762657020629066E+001 -0.130338432749708E+003
  0.100000000000000E+001  0.219550045569198E+003  0.499341094445397E+002  0.258075297210991E+001  0.652476331230542E+000  0.899192815305673E+000 -0.223322930334045E+001 -0.762657020629066E+001 -0.109775022784599E+003
  0.100000000000000E+001  0.483788664227524E+002  0.653909670137241E+002  0.737876621719210E+000  0.112124360686457E+001  0.192593493818433E+001 -0.859120228583779E+000 -0.762657020629066E+001 -0.241894332113762E+002
  0.100000000000000E+001  0.296383560666405E+005  0.963145833923255E+002  0.193667313428623E+001 -0.187519271645559E+001  0.287022859636823E+000  0.938519582169359E+000 -0.762657020629066E+001 -0.148191780333203E+005
  0.100000000000000E+001  0.175368710269558E+004  0.528170373755301E+002  0.254788325480183E+001 -0.201708379583587E+001  0.533594501002972E+000  0.469200541034046E+000 -0.762657020629066E+001 -0.876843551347788E+003
  0.100000000000000E+001  0.243055726948852E+004  0.725329842463337E+002  0.106004949504772E+001 -0.564141229173319E+000  0.392852683402958E+000  0.504091734125604E+000 -0.762657020629066E+001 -0.121527863474426E+004
  0.100000000000000E+001  0.320480830644358E+004  0.765540790606408E+002  0.298269559551395E+001  0.141977517104078E+001  0.491617640617657E+000 -0.340247076655473E+001 -0.762657020629066E+001 -0.160240415322179E+004
  0.100000000000000E+001  0.264843827627237E+004  0.431715417032877E+002  0.156449533412610E+001  0.213541542015150E+001  0.154841674937798E+000 -0.269991075427760E+001 -0.762657020629066E+001 -0.132421913813618E+004
  0.100000000000000E+001  0.592390232092883E+003  0.957171939247761E+002  0.189334464118914E+001 -0.829551954058640E+000  0.180331793556198E+001 -0.637926871304995E-001 -0.762657020629066E+001 -0.296195116046442E+003
  0.100000000000000E+001  0.218477981886938E+004  0.840156245790894E+002  0.292836381955275E+000 -0.176950605623251E+001  0.543850685212368E+000  0.247666967427723E+001 -0.762657020629066E+001 -0.109238990943469E+004
  0.100000000000000E+001  0.376855746652533E+002  0.454317180145097E+002  0.273113484469621E-001 -0.137540918405336E+001  0.141620960826627E+001  0.234809783560640E+001 -0.762657020629066E+001 -0.188427873326267E+002
  0.100000000000000E+001  0.215170165656745E+003  0.648013853366188E+002  0.846588900318972E+000 -0.185399273021584E+001  0.146620976035590E+001  0.200740382989687E+001 -0.762657020629066E+001 -0.107585082828373E+003
  0.100000000000000E+001  0.290044992996799E+004  0.635336117244951E+002  0.226058077279088E+001  0.931098394231883E+000  0.320224362888802E+000 -0.219167916702276E+001 -0.762657020629066E+001 -0.145022496498399E+004
  0.100000000000000E+001  0.900548001665506E+002  0.599226000301408E+002  0.223007482667321E+001  0.275997354436257E+001  0.927593333741483E+000 -0.399004837103578E+001 -0.762657020629066E+001 -0.450274000832753E+002
  0.100000000000000E+001  0.237739155606028E+003  0.582277400320508E+002  0.606655298071605E+000 -0.138409377194368E+000  0.429198350158381E+000  0.531754079122764E+000 -0.762657020629066E+001 -0.118869577803014E+003
  0.100000000000000E+001  0.111494382733069E+004  0.916676771446284E+002  0.187897931347878E+000 -0.659780902080596E+000  0.577640043212540E+000  0.147188297073272E+001 -0.762657020629066E+001 -0.557471913665345E+003
  0.100000000000000E+001  0.677756106875589E+003  0.911704499849223E+002  0.189097880959071E+001 -0.209632158350140E+001  0.184793772512038E+001  0.120534277391069E+001 -0.762657020629066E+001 -0.338878053437794E+003
  0.100000000000000E+001  0.366724857252449E+002  0.579388139618598E+002  0.113587821028113E+001  0.136129990597823E+001  0.707381720661123E+000 -0.149717811625936E+001 -0.762657020629066E+001 -0.183362428626225E+002
  0.100000000000000E+001  0.321520476904642E+005  0.986013035572702E+002  0.248988565861122E+001 -0.874353881635228E+000  0.280467474913836E+000 -0.615531776975990E+000 -0.762657020629066E+001 -0.160760238452321E+005
  0.100000000000000E+001  0.577164725657912E+003  0.790002004116645E+002  0.204270694677950E+000 -0.153191284557037E+001  0.851677989750358E+000  0.232764215089242E+001 -0.762657020629066E+001 -0.288582362828956E+003
  0.100000000000000E+001  0.111854285174112E+004  0.928045108134526E+002  0.298268111792784E+001 -0.783381664499265E+000  0.151552026527461E+001 -0.119929945342858E+001 -0.762657020629066E+001 -0.559271425870558E+003
  0.100000000000000E+001  0.463449568118291E+002  0.642310941609678E+002  0.298642270258412E+000  0.102899889622188E+000  0.176276373237878E+001  0.598457840119401E+000 -0.762657020629066E+001 -0.231724784059145E+002
  0.100000000000000E+001  0.787909334314898E+002  0.478098972009975E+002  0.239532658966744E+001  0.128722799694890E+001  0.127281945665996E+001 -0.268255458661634E+001 -0.762657020629066E+001 -0.393954667157449E+002
  0.100000000000000E+001  0.114606791922310E+003  0.476141950034322E+002  0.264590304534165E+001 -0.833273323819944E+000  0.195829867281758E+001 -0.812629721521706E+000 -0.762657020629066E+001 -0.573033959611551E+002
  0.100000000000000E+001  0.518161940946841E+002  0.759696385674451E+002  0.151276784609888E+001  0.242471486603170E+001  0.142662326438181E+001 -0.293748271213058E+001 -0.762657020629066E+001 -0.259080970473421E+002
  0.100000000000000E+001  0.838513738248661E+003  0.980481642329757E+002  0.312635139598299E+000  0.893972091449805E+000  0.256732554677154E+000 -0.206607231048104E+000 -0.762657020629066E+001 -0.419256869124331E+003
  0.100000000000000E+001  0.895473761930889E+002  0.409153574747328E+002  0.167819699861540E+001 -0.292415105415020E+001  0.195779616490969E+001  0.224595405553480E+001 -0.762657020629066E+001 -0.447736880965444E+002
  0.100000000000000E+001  0.813925899501029E+002  0.451953936438023E+002  0.180398067465361E+001  0.186189588679319E+001  0.680384889520270E+000 -0.266587656144679E+001 -0.762657020629066E+001 -0.406962949750515E+002
  0.100000000000000E+001  0.132781291436165E+003  0.463483175634631E+002  0.169211101957491E+001 -0.694262929635935E+000  0.953392289627268E+000  0.215191006102633E-002 -0.762657020629066E+001 -0.663906457180827E+002
  0.100000000000000E+001  0.300625939079491E+003  0.470255778003962E+002  0.146418263120010E+001 -0.143529311744789E+001  0.684918224575461E+000  0.971110486247790E+000 -0.762657020629066E+001 -0.150312969539745E+003
  0.100000000000000E+001  0.100978351813880E+004  0.831293385000015E+002  0.174621676316836E+001 -0.174925504304498E+001  0.120462365250864E+001  0.100303827987662E+001 -0.762657020629066E+001 -0.504891759069400E+003
  0.100000000000000E+001  0.997145962842520E+003  0.772315254764120E+002  0.295652498333121E+001  0.846072561588990E+000  0.982284523012053E+000 -0.280259754492020E+001 -0.762657020629066E+001 -0.498572981421260E+003
  0.100000000000000E+001  0.688529992251617E+004  0.790908225750057E+002  0.214933690008685E+001  0.195311655503810E+001  0.219360167156762E+000 -0.310245345512494E+001 -0.762657020629066E+001 -0.344264996125808E+004
  0.100000000000000E+001  0.286286795158937E+003  0.929443445170943E+002  0.130673923718551E+001  0.392154021151013E+000  0.161951527913922E+001 -0.698893258336524E+000 -0.762657020629066E+001 -0.143143397579468E+003
  0.100000000000000E+001  0.713792353496004E+002  0.579906936523410E+002  0.951676825503016E+000 -0.673150706105901E-001  0.130016775467431E+001  0.115638245107574E+000 -0.762657020629066E+001 -0.356896176748002E+002
  0.100000000000000E+001  0.607690177702490E+003  0.755600680213303E+002  0.117058193245448E+001  0.968512050440499E+000  0.482736923913280E+000 -0.113909398289498E+001 -0.762657020629066E+001 -0.303845088851245E+003
  0.100000000000000E+001  0.291660980312097E+002  0.638255468749545E+002  0.479759026754514E+000  0.987804082509011E+000  0.485791842238932E+000 -0.467563109263525E+000 -0.762657020629066E+001 -0.145830490156049E+002
  0.100000000000000E+001  0.369332286411983E+002  0.691494389431561E+002  0.690541286280804E+000  0.129595452439715E+001  0.157979046489865E+001 -0.986495810677957E+000 -0.762657020629066E+001 -0.184666143205991E+002
  0.100000000000000E+001  0.515233695784288E+004  0.986235571226591E+002  0.107550026080612E+000  0.133865737284004E+001  0.230030454400302E+000 -0.446207398920648E+000 -0.762657020629066E+001 -0.257616847892144E+004
  0.100000000000000E+001  0.185407727386769E+003  0.918159958567703E+002  0.663018611746199E+000  0.154156278521262E+000  0.149140439273132E+001  0.182825109732539E+000 -0.762657020629066E+001 -0.927038636933844E+002
  0.100000000000000E+001  0.739535340128306E+003  0.829752433396023E+002  0.203282094233973E+000  0.496199599837916E+000  0.215335938691020E+000  0.300518305928111E+000 -0.762657020629066E+001 -0.369767670064153E+003
  0.100000000000000E+001  0.510583986212128E+003  0.750606289217455E+002  0.265910707704440E+001  0.721667628496281E-001  0.140302636541615E+001 -0.173127383989403E+001 -0.762657020629066E+001 -0.255291993106064E+003
  0.100000000000000E+001  0.206490980476781E+004  0.752449666017819E+002  0.814831227371663E+000 -0.244066547550757E+001  0.634190218428357E+000  0.262583424813591E+001 -0.762657020629066E+001 -0.103245490238391E+004
  0.100000000000000E+001  0.736201786109282E+002  0.443662968494630E+002  0.266092161132388E+001  0.164324883780960E+001  0.120527013757337E+001 -0.330417044913348E+001 -0.762657020629066E+001 -0.368100893054641E+002
  0.100000000000000E+001  0.826704856933215E+003  0.841303059382465E+002  0.277236580410644E+001  0.185162448295370E+001  0.970538827848362E+000 -0.362399028706014E+001 -0.762657020629066E+001 -0.413352428466607E+003
  0.100000000000000E+001  0.567811940472370E+002  0.760348349566774E+002  0.142184925922870E+001  0.238180911786936E+001  0.193218559299091E+001 -0.280365837709806E+001 -0.762657020629066E+001 -0.283905970236185E+002
  0.100000000000000E+001  0.226582922405695E+004  0.948543718471120E+002  0.226007261740917E+001 -0.192781286361984E+001  0.108405220835903E+001  0.667740246210677E+000 -0.762657020629066E+001 -0.113291461202848E+004
  0.100000000000000E+001  0.353349373933341E+003  0.823774302765217E+002  0.770232447230183E+000 -0.237877881197607E+001  0.185521941967844E+001  0.260854636474588E+001 -0.762657020629066E+001 -0.176674686966670E+003
  0.100000000000000E+001  0.101889748791318E+005  0.968795835271827E+002  0.292938128362433E+001  0.127158812956877E+001  0.398831322385753E+000 -0.320096941319310E+001 -0.762657020629066E+001 -0.509448743956592E+004
  0.100000000000000E+001  0.354344064770590E+003  0.917222551634332E+002  0.265935779953234E+001  0.130313036097175E+001  0.194772991743613E+001 -0.296248816050409E+001 -0.762657020629066E+001 -0.177172032385295E+003
  0.100000000000000E+001  0.319880334486968E+003  0.581128512423818E+002  0.194168327709552E+001 -0.125251644979304E+001  0.118175489345681E+001  0.310833172697512E+000 -0.762657020629066E+001 -0.159940167243484E+003
  0.100000000000000E+001  0.931760237154499E+002  0.414500707590351E+002  0.288966172661652E+001  0.205533008434493E+001  0.897482118375054E+000 -0.394499181096145E+001 -0.762657020629066E+001 -0.465880118577250E+002
  0.100000000000000E+001  0.235954142282683E+005  0.917293215178867E+002  0.271123551661378E+001 -0.198771296530308E+001  0.345466492870769E+000  0.276477448689297E+000 -0.762657020629066E+001 -0.117977071141342E+005
  0.100000000000000E+001  0.481686561386558E+003  0.785875294630771E+002  0.174024193452673E+001 -0.570848088891882E+000  0.134699440994699E+001 -0.169393845634843E+000 -0.762657020629066E+001 -0.240843280693279E+003
  0.100000000000000E+001  0.619847930971461E+003  0.843144372612657E+002  0.185563828255238E+001 -0.207528678478733E+001  0.171148941639580E+001  0.121964850223495E+001 -0.762657020629066E+001 -0.309923965485730E+003
  0.100000000000000E+001  0.114263802884150E+003  0.727982625176718E+002  0.456115286794910E-001  0.743877477178047E+000  0.510700340132161E+000  0.210510994142462E+000 -0.762657020629066E+001 -0.571319014420749E+002
  0.100000000000000E+001  0.470146815798274E+004  0.832377081068739E+002  0.162705344760823E+001 -0.162654745880200E+001  0.530127480592156E+000  0.999494011193767E+000 -0.762657020629066E+001 -0.235073407899137E+004
  0.100000000000000E+001  0.403587735295694E+003  0.874526278271086E+002  0.491148969072229E+000 -0.791488189498715E-001  0.821935849029412E+000  0.587999849877643E+000 -0.762657020629066E+001 -0.201793867647847E+003
  0.100000000000000E+001  0.107288858323739E+005  0.588401063668819E+002  0.256544563131532E+001 -0.287274987813926E+001  0.285742542702689E+000  0.130730424682395E+001 -0.762657020629066E+001 -0.536444291618697E+004
  0.100000000000000E+001  0.249989874218902E+003  0.501734370591531E+002  0.274853221314045E+001 -0.461855875172972E+000  0.112580012176152E+001 -0.128667633796748E+001 -0.762657020629066E+001 -0.124994937109451E+003
  0.100000000000000E+001  0.884731575139443E+002  0.808264927008076E+002  0.129991536796804E+000  0.117059456407588E+001  0.112899068642205E+001 -0.300586100872681E+000 -0.762657020629066E+001 -0.442365787569722E+002
  0.100000000000000E+001  0.896443940839470E+002  0.443574329745053E+002  0.683870393409417E+000 -0.264919541337653E+001  0.122960484055136E+001  0.296532501996711E+001 -0.762657020629066E+001 -0.448221970419735E+002
  0.100000000000000E+001  0.819285840842588E+002  0.499348542647196E+002  0.735534476923771E-001 -0.226516850237194E+001  0.104826266745526E+001  0.319161505467956E+001 -0.762657020629066E+001 -0.409642920421294E+002
  0.100000000000000E+001  0.959537769034138E+003  0.689562666442378E+002  0.573993152613269E+000 -0.198744911581984E+001  0.674763670538034E+000  0.241345596320658E+001 -0.762657020629066E+001 -0.479768884517069E+003
  0.100000000000000E+001  0.416975149461345E+003  0.712568845814904E+002  0.267200787692516E+001  0.139604380930489E+001  0.111675298661078E+001 -0.306805168623005E+001 -0.762657020629066E+001 -0.208487574730673E+003
  0.100000000000000E+001  0.145937635060883E+003  0.658221040641668E+002  0.130568213242987E+001  0.420975237968328E+000  0.112557512442216E+001 -0.726657370398196E+000 -0.762657020629066E+001 -0.729688175304413E+002
  0.100000000000000E+001  0.634985830794385E+003  0.538055030224768E+002  0.148835586121144E+001 -0.656393188387211E+000  0.521834474131024E+000  0.168037327175772E+000 -0.762657020629066E+001 -0.317492915397193E+003
  0.100000000000000E+001  0.616967192607924E+004  0.967803582204646E+002  0.141519988580678E+001 -0.113210237340767E+001  0.509802603614479E+000  0.716902487600889E+000 -0.762657020629066E+001 -0.308483596303962E+004
  0.100000000000000E+001  0.140353886626350E+003  0.930775917106820E+002  0.449591243651423E+000  0.137826930232358E+001  0.406581044354028E+000 -0.827860545975004E+000 -0.762657020629066E+001 -0.701769433131751E+002
  0.100000000000000E+001  0.729264903320124E+002  0.452799821818078E+002  0.210931010333077E+001  0.159638195131797E+001  0.848310777104698E+000 -0.270569205464874E+001 -0.762657020629066E+001 -0.364632451660062E+002
  0.100000000000000E+001  0.107427237406230E+003  0.602503172969351E+002  0.105306114861722E+001  0.279907349745550E-001  0.105850443909864E+001 -0.810518835917793E-001 -0.762657020629066E+001 -0.537136187031151E+002
  0.100000000000000E+001  0.689778352452275E+003  0.924885890198112E+002  0.269272162036257E+001 -0.532857935382617E+000  0.180319291890494E+001 -0.115986368497995E+001 -0.762657020629066E+001 -0.344889176226138E+003
  0.100000000000000E+001  0.343441466492401E+003  0.622268254086950E+002  0.224896411419760E+000  0.152336932667102E+001  0.843050315621257E+000 -0.748265738090781E+000 -0.762657020629066E+001 -0.171720733246200E+003
  0.100000000000000E+001  0.140361255651307E+004  0.764110902795555E+002  0.893083019875467E+000  0.164739147393960E+001  0.124903234233174E+000 -0.154047449381507E+001 -0.762657020629066E+001 -0.701806278256536E+003
  0.100000000000000E+001  0.109885686637766E+003  0.816922527394929E+002  0.557563110779298E+000  0.691328138959442E-001  0.157900679563380E+001  0.373304075324758E+000 -0.762657020629066E+001 -0.549428433188831E+002
  0.100000000000000E+001  0.516730249730985E+003  0.613381927721305E+002  0.146325685055919E+001  0.481306220492193E+000  0.521811713085109E+000 -0.944563071051385E+000 -0.762657020629066E+001 -0.258365124865492E+003
  0.100000000000000E+001  0.914764784785881E+002  0.938111849055016E+002  0.115861942394802E+001  0.251913208682706E+001  0.933716129411048E+000 -0.267775151077508E+001 -0.762657020629066E+001 -0.457382392392940E+002
  0.100000000000000E+001  0.189828872642627E+005  0.638014255217681E+002  0.228138185003157E+001 -0.146254360962572E+001  0.197350519441703E+000  0.181161759594155E+000 -0.762657020629066E+001 -0.949144363213133E+004
  0.100000000000000E+001  0.951068741324020E+002  0.747751896710836E+002  0.508586292453981E+000  0.515757986577213E+000  0.681759842763702E+000 -0.243442790311940E-001 -0.762657020629066E+001 -0.475534370662010E+002
  0.100000000000000E+001  0.352404408067956E+002  0.432148497576158E+002  0.208175593544069E+000 -0.544681425291522E+000  0.130455231345831E+001  0.133650583174745E+001 -0.762657020629066E+001 -0.176202204033978E+002
  0.100000000000000E+001  0.724577652331189E+003  0.756071363574229E+002  0.135506317690281E+001 -0.214300162070775E+001  0.119541588976455E+001  0.178793844380494E+001 -0.762657020629066E+001 -0.362288826165594E+003
  0.100000000000000E+001  0.181447901156279E+003  0.641964387147861E+002  0.256421174157111E+001  0.534914149148030E+000  0.181624677104782E+001 -0.209912589071914E+001 -0.762657020629066E+001 -0.907239505781395E+002
  0.100000000000000E+001  0.179296380523085E+005  0.981376877849793E+002  0.166643926641499E+001 -0.182852995878585E+001  0.357619933372396E+000  0.116209069237085E+001 -0.762657020629066E+001 -0.896481902615425E+004
  0.100000000000000E+001  0.360587843487102E+003  0.724588700338992E+002  0.283090051541413E+001  0.151194280415533E+000  0.167318672759823E+001 -0.198209479582966E+001 -0.762657020629066E+001 -0.180293921743551E+003
  0.100000000000000E+001  0.526546713908598E+003  0.893619587779573E+002  0.256063493239624E+001 -0.889309186518563E-001  0.182450097081352E+001 -0.147170401374439E+001 -0.762657020629066E+001 -0.263273356954299E+003
  0.100000000000000E+001  0.475788695224557E+003  0.738552977429312E+002  0.961208391157697E+000  0.572628272137281E+000  0.531621954951896E+000 -0.533836663294977E+000 -0.762657020629066E+001 -0.237894347612279E+003
  0.100000000000000E+001  0.455105871285130E+003  0.604406495223884E+002  0.305413501095741E+000 -0.193112678281180E+001  0.654447496292114E+000  0.262571328171606E+001 -0.762657020629066E+001 -0.227552935642565E+003
  0.100000000000000E+001  0.125156687807039E+004  0.478515903597663E+002  0.194211679365002E+001  0.431361878754709E+000  0.274049684520826E+000 -0.137347867240473E+001 -0.762657020629066E+001 -0.625783439035193E+003
  0.100000000000000E+001  0.367148763707430E+002  0.450950137385340E+002  0.709677110548216E+000  0.610009663009821E+000  0.117822112540711E+001 -0.319686773558038E+000 -0.762657020629066E+001 -0.183574381853715E+002
  0.100000000000000E+001  0.295467214150699E+003  0.694812063114791E+002  0.115009730016522E+001 -0.922141597055021E+000  0.123245333750931E+001  0.772044296889804E+000 -0.762657020629066E+001 -0.147733607075349E+003
  0.100000000000000E+001  0.139708680688332E+003  0.425393773146861E+002  0.237884880514262E+001 -0.116804549363139E+001  0.114078317277560E+001 -0.210803311511224E+000 -0.762657020629066E+001 -0.698543403441659E+002
  0.100000000000000E+001  0.250838620784947E+003  0.522943818202369E+002  0.182349140774470E+001 -0.288179737041272E+001  0.141176556700201E+001  0.205830596266803E+001 -0.762657020629066E+001 -0.125419310392473E+003
  0.100000000000000E+001  0.140144762468452E+003  0.641262120556322E+002  0.274240046320023E+001  0.213636159269978E+001  0.154186453023858E+001 -0.387876205590001E+001 -0.762657020629066E+001 -0.700723812342259E+002
  0.100000000000000E+001  0.558533910567869E+003  0.521932176592892E+002  0.235198892194046E+001 -0.136101579857712E+001  0.812357421664207E+000  0.902687663666057E-002 -0.762657020629066E+001 -0.279266955283935E+003
  0.100000000000000E+001  0.529759039668593E+002  0.505872947654695E+002  0.186690906899951E+001  0.177416172644579E+001  0.164843856108628E+001 -0.264107079544530E+001 -0.762657020629066E+001 -0.264879519834297E+002
  0.100000000000000E+001  0.106410406282311E+005  0.745114401034352E+002  0.115282302728358E+001 -0.275820430952718E+001  0.314482565595072E+000  0.260538128224360E+001 -0.762657020629066E+001 -0.532052031411557E+004
  0.100000000000000E+001  0.499725485135514E+002  0.594644849182841E+002  0.341710599927217E+000 -0.427456415239812E+000  0.999788509645511E+000  0.108574581531259E+001 -0.762657020629066E+001 -0.249862742567757E+002
  0.100000000000000E+001  0.659438897599766E+003  0.983656783947252E+002  0.162399816202738E+001  0.121606794803030E+001  0.999898373430951E+000 -0.184006611005768E+001 -0.762657020629066E+001 -0.329719448799883E+003
  0.100000000000000E+001  0.627361544688207E+005  0.911529880780085E+002  0.275881429495154E+001  0.113360046111441E+001  0.143902605533514E+000 -0.289241475606595E+001 -0.762657020629066E+001 -0.313680772344104E+005
  0.100000000000000E+001  0.143126507474019E+003  0.802942597887244E+002  0.680137130066791E+000  0.455491415190672E+000  0.100005217880309E+001 -0.135628545257463E+000 -0.762657020629066E+001 -0.715632537370097E+002
  0.100000000000000E+001  0.642806021636323E+004  0.912122017003856E+002  0.298899534674950E+000 -0.198387185577363E+001  0.385291667547397E+000  0.268497232109868E+001 -0.762657020629066E+001 -0.321403010818162E+004
  0.100000000000000E+001  0.614278765939538E+003  0.532137879591544E+002  0.219424842238170E+001  0.246996494340593E+001  0.311202670099355E+000 -0.366421336578763E+001 -0.762657020629066E+001 -0.307139382969769E+003
  0.100000000000000E+001  0.163276635250034E+003  0.859861206076647E+002  0.554517738656184E+000  0.160505643059514E+001  0.410221971654122E+000 -0.115957416925133E+001 -0.762657020629066E+001 -0.816383176250172E+002
  0.100000000000000E+001  0.301248167827868E+003  0.594965307266237E+002  0.155946989786753E+001 -0.284661391176807E+001  0.151121192726464E+001  0.228714401390054E+001 -0.762657020629066E+001 -0.150624083913934E+003
  0.100000000000000E+001  0.875981812053932E+003  0.701334942334739E+002  0.223866702542280E+001 -0.334175015262144E+000  0.895272826735974E+000 -0.904492010160660E+000 -0.762657020629066E+001 -0.437990906026966E+003
  0.100000000000000E+001  0.578241541872861E+004  0.909742376705439E+002  0.562882063717732E+000 -0.246927871627286E+001  0.481424956468273E+000  0.290639665255513E+001 -0.762657020629066E+001 -0.289120770936430E+004
  0.100000000000000E+001  0.148797610601215E+003  0.475359091325408E+002  0.264902530640589E+001 -0.190554465808034E+001  0.181225805626858E+001  0.256519351674454E+000 -0.762657020629066E+001 -0.743988053006077E+002
  0.100000000000000E+001  0.980727586864857E+002  0.835779504529966E+002  0.154095418586780E+001  0.178344851402926E+001  0.179426997861504E+001 -0.232440269989706E+001 -0.762657020629066E+001 -0.490363793432428E+002
  0.100000000000000E+001  0.114033594451480E+004  0.584494793612302E+002  0.256189205002114E+001  0.169788822947250E+000  0.572400823572275E+000 -0.173168087296839E+001 -0.762657020629066E+001 -0.570167972257401E+003
  0.100000000000000E+001  0.288682634555050E+003  0.690956862775046E+002  0.229037326534036E+001 -0.503034367135380E+000  0.169880728646675E+001 -0.787338898204982E+000 -0.762657020629066E+001 -0.144341317277525E+003
  0.100000000000000E+001  0.349633934994209E+003  0.797789097901633E+002  0.134910598140162E+001 -0.107246071013132E+001  0.162752172768290E+001  0.723354728729699E+000 -0.762657020629066E+001 -0.174816967497104E+003
  0.100000000000000E+001  0.214461946544703E+005  0.710557067581025E+002  0.169944424884659E+001 -0.219712526292718E+001  0.214606512904368E+000  0.149768101408059E+001 -0.762657020629066E+001 -0.107230973272351E+005
  0.100000000000000E+001  0.261919010734963E+003  0.745040089158885E+002  0.134648707592640E+001 -0.171225230167470E+001  0.197391399098597E+001  0.136576522574830E+001 -0.762657020629066E+001 -0.130959505367481E+003
  0.100000000000000E+001  0.533063100853468E+004  0.916582940450308E+002  0.244114733946458E+001 -0.206368708692657E+001  0.701630354315492E+000  0.622539747461992E+000 -0.762657020629066E+001 -0.266531550426734E+004
  0.100000000000000E+001  0.136365135217565E+005  0.883913322633788E+002  0.352488616542224E+000 -0.154381778764510E+001  0.230538440092877E+000  0.219132917110288E+001 -0.762657020629066E+001 -0.681825676087826E+004
  0.100000000000000E+001  0.861129895660817E+003  0.928286280979774E+002  0.215824666786904E+001  0.219440517433008E+001  0.759967945938512E+000 -0.335265184219912E+001 -0.762657020629066E+001 -0.430564947830409E+003
  0.100000000000000E+001  0.532195210244084E+002  0.549494338485918E+002  0.134367450494439E+000 -0.118752104905749E+001  0.158666177254836E+001  0.205315359856305E+001 -0.762657020629066E+001 -0.266097605122042E+002
  0.100000000000000E+001  0.544614414826699E+004  0.752364314471503E+002  0.951955669737236E+000 -0.914901466785247E-001  0.228664300176055E+000  0.139534476941288E+000 -0.762657020629066E+001 -0.272307207413350E+004
  0.100000000000000E+001  0.935050244608706E+003  0.871074839836399E+002  0.246983102274880E+001  0.124292491219531E+001  0.985596916936733E+000 -0.271275593494411E+001 -0.762657020629066E+001 -0.467525122304353E+003
  0.100000000000000E+001  0.140010269531349E+003  0.830438325741529E+002  0.197569499085941E+001  0.252752512385622E+001  0.124927465517258E+001 -0.350322011471562E+001 -0.762657020629066E+001 -0.700051347656747E+002
  0.100000000000000E+001  0.156693780182514E+003  0.846278213574465E+002  0.822487145701886E+000  0.168421059607613E+000  0.158474499425915E+001  0.909179469050014E-002 -0.762657020629066E+001 -0.783468900912568E+002
  0.100000000000000E+001  0.285594683829007E+003  0.704574287227132E+002  0.109930048996823E+001 -0.234074495632369E+001  0.175119184527246E+001  0.224144446635545E+001 -0.762657020629066E+001 -0.142797341914504E+003
  0.100000000000000E+001  0.207738963090279E+004  0.792390274185131E+002  0.223936957736481E+001 -0.200574517628402E+001  0.881139249998277E+000  0.766375598919206E+000 -0.762657020629066E+001 -0.103869481545139E+004
  0.100000000000000E+001  0.258631070803782E+003  0.686275016961697E+002  0.170434702568879E+001 -0.143986124982870E+000  0.134522583031985E+001 -0.560360900705924E+000 -0.762657020629066E+001 -0.129315535401891E+003
  0.100000000000000E+001  0.958931028173644E+003  0.418175413684982E+002  0.124419401727791E+001 -0.142953749774106E+001  0.278743135660302E+000  0.118534348046315E+001 -0.762657020629066E+001 -0.479465514086822E+003
  0.100000000000000E+001  0.217186246419340E+004  0.919995772809440E+002  0.292616570645686E+001 -0.232535976710415E+001  0.121874187123004E+001  0.399194060647293E+000 -0.762657020629066E+001 -0.108593123209670E+004
  0.100000000000000E+001  0.249874658998264E+003  0.833591475977640E+002  0.696485987686723E+000  0.116425040583671E+001  0.394961852197330E+000 -0.860736393523436E+000 -0.762657020629066E+001 -0.124937329499132E+003
  0.100000000000000E+001  0.976467644409125E+002  0.865589147353639E+002  0.560135953496280E+000  0.283118473104138E+000  0.190725238831067E+001  0.156745573399582E+000 -0.762657020629066E+001 -0.488233822204563E+002
  0.100000000000000E+001  0.595111068478196E+002  0.619135998347109E+002  0.588935867676487E+000  0.160879655702602E+001  0.113254917768116E+001 -0.119773242470251E+001 -0.762657020629066E+001 -0.297555534239098E+002
  0.100000000000000E+001  0.735900114504930E+002  0.620368391945409E+002  0.146124488460684E+001  0.101285616425755E+001  0.142617207891854E+001 -0.147410104886438E+001 -0.762657020629066E+001 -0.367950057252465E+002
  0.100000000000000E+001  0.290464778136825E+003  0.640222126105859E+002  0.246553371161712E+001  0.978997271020338E+000  0.113222065800791E+001 -0.244453098263746E+001 -0.762657020629066E+001 -0.145232389068412E+003
  0.100000000000000E+001  0.854706714427955E+002  0.567226402183839E+002  0.644226006876305E+000 -0.993290326672162E+000  0.133435783754863E+001  0.134906431979586E+001 -0.762657020629066E+001 -0.427353357213978E+002
  0.100000000000000E+001  0.106453061118800E+003  0.619657598582507E+002  0.580748065326470E-001 -0.232658415456427E+001  0.190132394762962E+001  0.326850934803162E+001 -0.762657020629066E+001 -0.532265305594000E+002
  0.100000000000000E+001  0.708983379601877E+002  0.511253087530038E+002  0.198279773181488E+001  0.930524130915563E+000  0.196169107641894E+001 -0.191332186273044E+001 -0.762657020629066E+001 -0.354491689800938E+002
  0.100000000000000E+001  0.190865762625347E+003  0.546895285190288E+002  0.204553389934106E+001 -0.109060411149110E+001  0.144628043377303E+001  0.450702121500477E-001 -0.762657020629066E+001 -0.954328813126736E+002
  0.100000000000000E+001  0.107657672676177E+004  0.731734424133226E+002  0.937796847301224E+000 -0.225358030588356E+001  0.841447763395553E+000  0.231578345858233E+001 -0.762657020629066E+001 -0.538288363380885E+003
  0.100000000000000E+001  0.751688638478790E+002  0.796856132917662E+002  0.542314495323013E+000  0.184393395604234E+001  0.172762786341933E+001 -0.138624845136535E+001 -0.762657020629066E+001 -0.375844319239395E+002
  0.100000000000000E+001  0.138831383407998E+004  0.557520435961796E+002  0.299487707582120E+001 -0.198020997386579E+001  0.712288998208614E+000 -0.146671019554170E-001 -0.762657020629066E+001 -0.694156917039992E+003
  0.100000000000000E+001  0.323099702032207E+005  0.861020913093622E+002  0.387825780370457E+000 -0.254412194560349E+001  0.181204111073174E+000  0.315629616523303E+001 -0.762657020629066E+001 -0.161549851016103E+005
  0.100000000000000E+001  0.698500475445270E+003  0.840622846653599E+002  0.166087663555977E+001 -0.139794368895640E+001  0.138826531758717E+001  0.737067053396633E+000 -0.762657020629066E+001 -0.349250237722635E+003
  0.100000000000000E+001  0.749896349889939E+003  0.916195333905500E+002  0.204593988485944E+001 -0.186752774609519E+001  0.176272975611046E+001  0.821587861235747E+000 -0.762657020629066E+001 -0.374948174944970E+003
  0.100000000000000E+001  0.691214630627977E+003  0.821830715966580E+002  0.159567408608263E+001 -0.228521427909653E+001  0.150917393894397E+001  0.168954019301391E+001 -0.762657020629066E+001 -0.345607315313988E+003
  0.100000000000000E+001  0.773359902626469E+002  0.663751818243781E+002  0.170209271556967E+001  0.176668397012275E+001  0.128367109267831E+001 -0.246877668569242E+001 -0.762657020629066E+001 -0.386679951313235E+002
  0.100000000000000E+001  0.176403224397265E+004  0.750541166125351E+002  0.766280767710440E+000  0.242632172597542E+000  0.295192463982135E+000 -0.891294030798229E-002 -0.762657020629066E+001 -0.882016121986325E+003
  0.100000000000000E+001  0.323394268506837E+003  0.918906552231404E+002  0.256526511286985E+001  0.271155459677041E+001  0.135600921910459E+001 -0.427681970964026E+001 -0.762657020629066E+001 -0.161697134253419E+003
  0.100000000000000E+001  0.192294403007337E+004  0.568503204006060E+002  0.134256432229719E+001 -0.298093805170537E+001  0.506443957508452E+000  0.263837372940819E+001 -0.762657020629066E+001 -0.961472015036687E+003
  0.100000000000000E+001  0.120103750595837E+003  0.747840885306711E+002  0.261237907413168E+000 -0.955601468118254E+000  0.165820799868060E+001  0.169436356070509E+001 -0.762657020629066E+001 -0.600518752979187E+002
  0.100000000000000E+001  0.252570588780363E+005  0.817225076761418E+002  0.279493514504222E+001 -0.256048389943182E+001  0.303840806305198E+000  0.765548754389597E+000 -0.762657020629066E+001 -0.126285294390181E+005
  0.100000000000000E+001  0.589151306403618E+002  0.596009340423336E+002  0.511496342998345E+000 -0.384662869695386E+000  0.173802793372212E+001  0.873166526697041E+000 -0.762657020629066E+001 -0.294575653201809E+002
  0.100000000000000E+001  0.436238249185105E+004  0.764565097373254E+002  0.632072102831528E+000 -0.345275824315760E+000  0.238269275323680E+000  0.713203721484232E+000 -0.762657020629066E+001 -0.218119124592553E+004
  0.100000000000000E+001  0.488164834344827E+002  0.455766389491676E+002  0.182400705255233E+001  0.205265040851257E+001  0.110843240509708E+001 -0.287665746106491E+001 -0.762657020629066E+001 -0.244082417172414E+002
  0.100000000000000E+001  0.100339921663643E+003  0.912484449663644E+002  0.303851615627463E+000  0.161074071943508E+001  0.181033438528481E+001 -0.914592335062547E+000 -0.762657020629066E+001 -0.501699608318213E+002
  0.100000000000000E+001  0.840262244344590E+002  0.452614881322923E+002  0.140294764882132E+001 -0.176672243599839E+001  0.175597508328197E+001  0.136377478717707E+001 -0.762657020629066E+001 -0.420131122172295E+002
  0.100000000000000E+001  0.542408218506262E+003  0.773331048962059E+002  0.256522819598820E+001 -0.408183514187384E+000  0.149747102684248E+001 -0.115704468180082E+001 -0.762657020629066E+001 -0.271204109253131E+003
  0.100000000000000E+001  0.233252527780106E+003  0.793558855093173E+002  0.172376734891613E+001 -0.127541027926392E+000  0.194819863265137E+001 -0.596226320989735E+000 -0.762657020629066E+001 -0.116626263890053E+003
  0.100000000000000E+001  0.577557657503483E+002  0.965060951941457E+002  0.457291168106738E+000  0.104901210241980E+001  0.111645483983036E+001 -0.506303270526534E+000 -0.762657020629066E+001 -0.288778828751741E+002
  0.100000000000000E+001  0.281516513262929E+004  0.717578978331004E+002  0.246808574750335E-002 -0.243010612604156E+001  0.381228727518332E+000  0.342763804029405E+001 -0.762657020629066E+001 -0.140758256631464E+004
  0.100000000000000E+001  0.675739875607951E+002  0.641253346262735E+002  0.132944277628031E+001  0.100880486536306E+001  0.175071007550708E+001 -0.133824764164337E+001 -0.762657020629066E+001 -0.337869937803976E+002
  0.100000000000000E+001  0.106649989688232E+004  0.755083075950507E+002  0.188378505189596E+001  0.517242887063492E-001  0.761838210185861E+000 -0.935509340602310E+000 -0.762657020629066E+001 -0.533249948441159E+003
  0.100000000000000E+001  0.570426437796840E+003  0.809704356849440E+002  0.705106449832202E+000 -0.409594407555852E+000  0.792121881052789E+000  0.704487957723650E+000 -0.762657020629066E+001 -0.285213218898420E+003
  0.100000000000000E+001  0.224429897772710E+003  0.607000160578618E+002  0.183793142485940E+001 -0.154625134750812E+001  0.165333504827881E+001  0.708319922648721E+000 -0.762657020629066E+001 -0.112214948886355E+003
  0.100000000000000E+001  0.179845098377598E+002  0.531593236000795E+002  0.377650466138524E-002 -0.584853936250144E+000  0.797948301003951E+000  0.158107743158876E+001 -0.762657020629066E+001 -0.899225491887990E+001
  0.100000000000000E+001  0.833587165424434E+003  0.859139594589207E+002  0.175303051840970E+001 -0.237373413786325E+001  0.152159574979330E+001  0.162070361945356E+001 -0.762657020629066E+001 -0.416793582712217E+003
  0.100000000000000E+001  0.285328800766317E+003  0.633239679385695E+002  0.236429953010238E+001  0.213048744471939E+000  0.128573102134918E+001 -0.157734827457432E+001 -0.762657020629066E+001 -0.142664400383159E+003
  0.100000000000000E+001  0.123571388763665E+003  0.518726554644463E+002  0.332032374060542E-001 -0.259231798134262E+001  0.997199306263264E+000  0.355911474393656E+001 -0.762657020629066E+001 -0.617856943818326E+002
  0.100000000000000E+001  0.179563970706654E+004  0.768856057658092E+002  0.195903943906343E+001  0.766868616471486E+000  0.525872211371820E+000 -0.172590805553492E+001 -0.762657020629066E+001 -0.897819853533269E+003
  0.100000000000000E+001  0.516182308045692E+002  0.772690674168921E+002  0.520225511378647E-002  0.637737538854317E+000  0.189236533812451E+001  0.357060206031896E+000 -0.762657020629066E+001 -0.258091154022846E+002
  0.100000000000000E+001  0.649253761237898E+003  0.963722436407083E+002  0.765898926998465E+000 -0.150905182814123E+001  0.142301220956404E+001  0.174315290114277E+001 -0.762657020629066E+001 -0.324626880618949E+003
  0.100000000000000E+001  0.393136056697316E+003  0.433885693562409E+002  0.977526981851703E+000 -0.205997286442285E+000  0.286780850317717E+000  0.228470304590583E+000 -0.762657020629066E+001 -0.196568028348658E+003
  0.100000000000000E+001  0.999633703602404E+003  0.894983519808098E+002  0.215763505987508E+001 -0.162055886107983E+001  0.144627158829557E+001  0.462923801204748E+000 -0.762657020629066E+001 -0.499816851801202E+003
  0.100000000000000E+001  0.581489438259776E+003  0.826841134103614E+002  0.200207514230839E+001 -0.285242995204886E+001  0.193768096215376E+001  0.185035480974047E+001 -0.762657020629066E+001 -0.290744719129888E+003
  0.100000000000000E+001  0.432116629203959E+002  0.715519387787270E+002  0.782057426578730E+000  0.101518189283793E+001  0.146717416436065E+001 -0.797239319416655E+000 -0.762657020629066E+001 -0.216058314601980E+002
  0.100000000000000E+001  0.905152607042583E+002  0.624333896723661E+002  0.222523624397300E+001  0.245300828527253E+001  0.115560813998110E+001 -0.367824452924552E+001 -0.762657020629066E+001 -0.452576303521292E+002
  0.100000000000000E+001  0.139535647207519E+003  0.719941662758986E+002  0.157692119240186E+001  0.900744249593187E+000  0.147481116504431E+001 -0.147766544199504E+001 -0.762657020629066E+001 -0.697678236037594E+002
  0.100000000000000E+001  0.186623532219064E+003  0.612039594951988E+002  0.210739835458429E+001 -0.122389085735672E+001  0.198706255499014E+001  0.116492502772430E+000 -0.762657020629066E+001 -0.933117661095322E+002
  0.100000000000000E+001  0.260980911729147E+004  0.671093908530819E+002  0.220350136712049E+001 -0.105342767597199E+001  0.533295292814742E+000 -0.150073691148499E+000 -0.762657020629066E+001 -0.130490455864573E+004
  0.100000000000000E+001  0.323370047606012E+003  0.824559317919823E+002  0.181336110890819E+001  0.101703537090989E+001  0.126867661398468E+001 -0.183039647981808E+001 -0.762657020629066E+001 -0.161685023803006E+003
  0.100000000000000E+001  0.737157526870668E+003  0.900623660255678E+002  0.222729904299138E+001 -0.731727608346509E+000  0.155295940029614E+001 -0.495571434644873E+000 -0.762657020629066E+001 -0.368578763435334E+003
  0.100000000000000E+001  0.840479051106627E+002  0.435367871143109E+002  0.223384632230743E+001 -0.636328204402877E+000  0.170534636253292E+001 -0.597518117904551E+000 -0.762657020629066E+001 -0.420239525553313E+002
  0.100000000000000E+001  0.644845482692572E+003  0.675953221935109E+002  0.276670227113506E+001 -0.965687077444334E+000  0.123529383809447E+001 -0.801015193690725E+000 -0.762657020629066E+001 -0.322422741346286E+003
  0.100000000000000E+001  0.647185730773068E+003  0.711376848296117E+002  0.168445167521613E+001 -0.277662630678600E+000  0.886001626730535E+000 -0.406789044537529E+000 -0.762657020629066E+001 -0.323592865386534E+003
  0.100000000000000E+001  0.537547109394611E+003  0.638869614099032E+002  0.252655337427328E+001 -0.178442247326767E+001  0.131106977653597E+001  0.257869098994382E+000 -0.762657020629066E+001 -0.268773554697305E+003
  0.100000000000000E+001  0.706457785184114E+003  0.944212004764871E+002  0.201189866253652E+001  0.330409761310709E+000  0.134723704067786E+001 -0.134230842384723E+001 -0.762657020629066E+001 -0.353228892592057E+003
  0.100000000000000E+001  0.236086974581074E+003  0.727584215195943E+002  0.682616266198344E+000 -0.254933470191981E+001  0.194843243964158E+001  0.286671843572147E+001 -0.762657020629066E+001 -0.118043487290537E+003
  0.100000000000000E+001  0.119464083522612E+003  0.530848637158776E+002  0.224107268626694E+001 -0.295239357231044E+000  0.181397725501377E+001 -0.945833329035891E+000 -0.762657020629066E+001 -0.597320417613060E+002
  0.100000000000000E+001  0.508196376228404E+004  0.434746977809155E+002  0.225926940907958E+001  0.194425264415718E+001  0.107326279318317E+000 -0.320352205323675E+001 -0.762657020629066E+001 -0.254098188114202E+004
  0.100000000000000E+001  0.342000875555425E+003  0.580723411599187E+002  0.608999071674903E+000 -0.756551125991634E+000  0.517188270990821E+000  0.114755205431673E+001 -0.762657020629066E+001 -0.171000437777713E+003
  0.100000000000000E+001  0.426833061179978E+002  0.536604982218490E+002  0.153561160634005E+001  0.173770133580891E+001  0.137554109371836E+001 -0.227331294214896E+001 -0.762657020629066E+001 -0.213416530589989E+002
  0.100000000000000E+001  0.314715504805501E+002  0.588467895220025E+002  0.758463273815436E+000  0.107122541699086E+001  0.136578183802947E+001 -0.829688690806295E+000 -0.762657020629066E+001 -0.157357752402750E+002
  0.100000000000000E+001  0.545003836605633E+003  0.918560459364936E+002  0.977443629979269E+000 -0.208131215032156E+001  0.172233648131569E+001  0.210386852034229E+001 -0.762657020629066E+001 -0.272501918302816E+003
  0.100000000000000E+001  0.108742036849790E+005  0.725170458066942E+002  0.676432071470933E+000 -0.244861496689729E+000  0.133477781068979E+000  0.568429425218796E+000 -0.762657020629066E+001 -0.543710184248948E+004
  0.100000000000000E+001  0.362898527491574E+002  0.402615825443061E+002  0.394622961542215E-001 -0.104680081123546E+001  0.824715495379366E+000  0.200733851508124E+001 -0.762657020629066E+001 -0.181449263745787E+002
  0.100000000000000E+001  0.230909612075660E+003  0.675369814852308E+002  0.255494194182257E+001  0.100448071109916E+001  0.150324083063207E+001 -0.255942265292173E+001 -0.762657020629066E+001 -0.115454806037830E+003
  0.100000000000000E+001  0.118951366496162E+003  0.586956751808345E+002  0.171155385243161E+001 -0.333509755400414E+000  0.183983732579479E+001 -0.378044097031191E+000 -0.762657020629066E+001 -0.594756832480812E+002
  0.100000000000000E+001  0.461424947604339E+002  0.849760145285890E+002  0.884431874681615E+000  0.205713438252761E+001  0.151154041057588E+001 -0.194156625720923E+001 -0.762657020629066E+001 -0.230712473802170E+002
  0.100000000000000E+001  0.186199479563738E+004  0.591789183253630E+002  0.252605474374069E+001 -0.149831800074910E+001  0.586056483675122E+000 -0.277367429915931E-001 -0.762657020629066E+001 -0.930997397818691E+003
  0.100000000000000E+001  0.282277979173125E+003  0.572736681716115E+002  0.218107911795469E+001 -0.216409840723258E+001  0.153659771857124E+001  0.983019289277888E+000 -0.762657020629066E+001 -0.141138989586562E+003
  0.100000000000000E+001  0.461048594908451E+002  0.426427203600506E+002  0.998954377790860E+000 -0.729829793373884E+000  0.119927667430923E+001  0.730875415583024E+000 -0.762657020629066E+001 -0.230524297454225E+002
  0.100000000000000E+001  0.437626890087347E+002  0.517651237901940E+002  0.103553091552362E+001  0.135825239436268E+001  0.161400769322685E+001 -0.139378330988630E+001 -0.762657020629066E+001 -0.218813445043673E+002
  0.100000000000000E+001  0.697551134593624E+002  0.561413770445447E+002  0.293513169673544E+000 -0.141044968255621E+001  0.179927704759461E+001  0.211693651288267E+001 -0.762657020629066E+001 -0.348775567296812E+002
  0.100000000000000E+001  0.675313096820049E+002  0.447926158906473E+002  0.223510084843198E+001  0.683260843181483E+000  0.155697812707964E+001 -0.191836169161346E+001 -0.762657020629066E+001 -0.337656548410024E+002
  0.100000000000000E+001  0.125096312169924E+004  0.928793238201812E+002  0.108426677870219E+001 -0.274657973396153E+001  0.126510243769099E+001  0.266231295525934E+001 -0.762657020629066E+001 -0.625481560849619E+003
  0.100000000000000E+001  0.384610662871840E+003  0.566865911811651E+002  0.373406750053974E+000  0.890804416551297E+000  0.269784854804266E+000 -0.264211166605271E+000 -0.762657020629066E+001 -0.192305331435920E+003
  0.100000000000000E+001  0.862871757156138E+002  0.511551025342192E+002  0.188780803678828E+000  0.118465697405232E+001  0.161340081046575E+001 -0.373437777731151E+000 -0.762657020629066E+001 -0.431435878578069E+002
  0.100000000000000E+001  0.277039116988474E+003  0.516458906972537E+002  0.296464273742038E+001  0.600724419488048E+000  0.992219112985323E+000 -0.256536715690843E+001 -0.762657020629066E+001 -0.138519558494237E+003
  0.100000000000000E+001  0.246659950219289E+004  0.480298047085734E+002  0.296769606994261E+001 -0.262841018720033E+001  0.443250143623934E+000  0.660714117257716E+000 -0.762657020629066E+001 -0.123329975109644E+004
  0.100000000000000E+001  0.167911295525505E+004  0.896840637634640E+002  0.523510976432798E-001 -0.182568956785485E+001  0.639629260036805E+000  0.277333847021157E+001 -0.762657020629066E+001 -0.839556477627526E+003
  0.100000000000000E+001  0.234351927010426E+004  0.565896894013911E+002  0.141906252731570E+001 -0.768472664475579E+000  0.304968480987922E+000  0.349410137159881E+000 -0.762657020629066E+001 -0.117175963505213E+004
  0.100000000000000E+001  0.126047685074705E+003  0.495480064114696E+002  0.136892094352177E+001  0.193931778126193E+001  0.526106646419020E+000 -0.230823872478370E+001 -0.762657020629066E+001 -0.630238425373525E+002
  0.100000000000000E+001  0.253473221916495E+004  0.958682481538985E+002  0.544935180234812E+000  0.200099986471627E+000  0.357947737478309E+000  0.254964833293561E+000 -0.762657020629066E+001 -0.126736610958248E+004
  0.100000000000000E+001  0.541116274762616E+003  0.944022378603184E+002  0.498907618700365E+000 -0.280940473713580E+001  0.180336438813688E+001  0.331049711843543E+001 -0.762657020629066E+001 -0.270558137381308E+003
  0.100000000000000E+001  0.637341257081149E+005  0.987643851578714E+002  0.268358291616731E+001  0.135946482322819E+001  0.151086128409976E+000 -0.304304773939551E+001 -0.762657020629066E+001 -0.318670628540575E+005
  0.100000000000000E+001  0.345372969569344E+003  0.774878928096497E+002  0.244110271823207E+001  0.485283420801184E+000  0.162294546666894E+001 -0.192638613903325E+001 -0.762657020629066E+001 -0.172686484784672E+003
  0.100000000000000E+001  0.115764502798041E+003  0.686873609761646E+002  0.135621315992003E+001  0.137201835137983E+001  0.836023813318869E+000 -0.172823151129986E+001 -0.762657020629066E+001 -0.578822513990204E+002
  0.100000000000000E+001  0.223918571888152E+004  0.854604695496437E+002  0.224036867916056E+001  0.189464320668145E+001  0.471368474791822E+000 -0.313501188584201E+001 -0.762657020629066E+001 -0.111959285944076E+004
  0.100000000000000E+001  0.443007604636441E+003  0.848823904404634E+002  0.265989876478717E+001  0.648228189197412E+000  0.169363981096176E+001 -0.230812695398458E+001 -0.762657020629066E+001 -0.221503802318221E+003
  0.100000000000000E+001  0.161602113955001E+003  0.937421919095223E+002  0.657792541233628E-001 -0.366083377879365E+000  0.134035946953603E+001  0.130030412375600E+001 -0.762657020629066E+001 -0.808010569775007E+002
  0.100000000000000E+001  0.134400645307492E+003  0.484431327066368E+002  0.257110271021412E+001 -0.137569076707685E+001  0.185960168426334E+001 -0.195411943137271E+000 -0.762657020629066E+001 -0.672003226537460E+002
  0.100000000000000E+001  0.623456591414431E+004  0.981388543153491E+002  0.852264939085070E+000 -0.619047134194703E+000  0.388184122212925E+000  0.766782195109633E+000 -0.762657020629066E+001 -0.311728295707215E+004
  0.100000000000000E+001  0.909672534477914E+002  0.751759065055666E+002  0.770443857008247E+000  0.172158182610294E+000  0.191265551473256E+001  0.573979603814587E-001 -0.762657020629066E+001 -0.454836267238957E+002
  0.100000000000000E+001  0.299752585355315E+004  0.757762715795257E+002  0.242111912317345E+001  0.130147222988171E+000  0.531795124610737E+000 -0.155126634616162E+001 -0.762657020629066E+001 -0.149876292677657E+004
  0.100000000000000E+001  0.163996208783497E+003  0.770609026353303E+002  0.263399001719379E+001  0.241606670130414E+001  0.176009874840195E+001 -0.405005671849792E+001 -0.762657020629066E+001 -0.819981043917484E+002
  0.100000000000000E+001  0.593357326839709E+005  0.769480712579540E+002  0.707952567272833E+000 -0.268345413906497E+001  0.125005215302072E+000  0.297550157179214E+001 -0.762657020629066E+001 -0.296678663419855E+005
  0.100000000000000E+001  0.571444852789252E+002  0.421857255949398E+002  0.148848264299096E+001 -0.347415013337184E+000  0.172877471520803E+001 -0.141067629653771E+000 -0.762657020629066E+001 -0.285722426394626E+002
  0.100000000000000E+001  0.165291005296195E+004  0.601545033339492E+002  0.236353528569505E+001 -0.286514795201650E+001  0.726688681823473E+000  0.150161266632145E+001 -0.762657020629066E+001 -0.826455026480974E+003
  0.100000000000000E+001  0.477259729220234E+002  0.912789316454678E+002  0.496828290519227E+000  0.160696401841953E+001  0.121082684467145E+001 -0.110379230893875E+001 -0.762657020629066E+001 -0.238629864610117E+002
  0.100000000000000E+001  0.235851422789582E+003  0.431588643418138E+002  0.240185666904783E+001  0.149103658461147E+001  0.504898125340321E+000 -0.289289325365931E+001 -0.762657020629066E+001 -0.117925711394791E+003
  0.100000000000000E+001  0.104185526079922E+004  0.848399931359386E+002  0.193021988567285E+001 -0.127508578595365E+001  0.119155525659629E+001  0.344865900280802E+000 -0.762657020629066E+001 -0.520927630399610E+003
  0.100000000000000E+001  0.462673513339902E+003  0.963054018771988E+002  0.297516752313210E+001  0.139234237922830E+001  0.194186552793645E+001 -0.336750990236040E+001 -0.762657020629066E+001 -0.231336756669951E+003
  0.100000000000000E+001  0.896452638452427E+002  0.572611011502519E+002  0.170502416169940E+001  0.287440490592338E+001  0.860937746119001E+000 -0.357942906762279E+001 -0.762657020629066E+001 -0.448226319226213E+002
  0.100000000000000E+001  0.980603328741008E+003  0.460242180367183E+002  0.133577805608404E+001 -0.232053325282158E+001  0.420822302523357E+000  0.198475519673755E+001 -0.762657020629066E+001 -0.490301664370504E+003
  0.100000000000000E+001  0.342792912992261E+003  0.718790180529474E+002  0.150843952305677E+001 -0.273942101242352E+001  0.190961853299560E+001  0.223098148936675E+001 -0.762657020629066E+001 -0.171396456496131E+003
  0.100000000000000E+001  0.707319462585930E+004  0.986391721145072E+002  0.203819287370070E+001 -0.888501294713784E+000  0.546807492104094E+000 -0.149691578986915E+000 -0.762657020629066E+001 -0.353659731292965E+004
  0.100000000000000E+001  0.235275719225210E+004  0.878987705294471E+002  0.314486644819614E+000 -0.261243002961469E+001  0.685623976985169E+000  0.329794338479508E+001 -0.762657020629066E+001 -0.117637859612605E+004
  0.100000000000000E+001  0.775451119580329E+002  0.411271110239993E+002  0.157773767394255E+001  0.222218614570171E+001  0.101160280967859E+001 -0.279992381964427E+001 -0.762657020629066E+001 -0.387725559790165E+002
  0.100000000000000E+001  0.351248510284373E+002  0.442378610644285E+002  0.865588536430881E+000 -0.129926177323706E+000  0.993106579445983E+000  0.264337640892825E+000 -0.762657020629066E+001 -0.175624255142187E+002
  0.100000000000000E+001  0.178866300836641E+004  0.955391609642456E+002  0.160692613364615E+001 -0.194770341742769E+001  0.109817152848889E+001  0.134077728378154E+001 -0.762657020629066E+001 -0.894331504183204E+003
  0.100000000000000E+001  0.259986254138600E+003  0.841711279775895E+002  0.247162088528002E+001  0.262815589620995E+001  0.126696459814844E+001 -0.409977678148997E+001 -0.762657020629066E+001 -0.129993127069300E+003
  0.100000000000000E+001  0.118754645172569E+003  0.684612484361808E+002  0.107488872470520E+001 -0.568994347702443E-001  0.159049959222300E+001 -0.179892899349552E-001 -0.762657020629066E+001 -0.593773225862843E+002
  0.100000000000000E+001  0.249592084861749E+004  0.471462847427137E+002  0.173384166740624E+001 -0.171926282190129E+001  0.283463950657111E+000  0.985421154495056E+000 -0.762657020629066E+001 -0.124796042430874E+004
  0.100000000000000E+001  0.329650376380737E+003  0.821200415434155E+002  0.189391019466852E+001  0.174914346626848E+001  0.991738596552237E+000 -0.264305366093699E+001 -0.762657020629066E+001 -0.164825188190368E+003
  0.100000000000000E+001  0.663033288960210E+003  0.817915441344965E+002  0.150701060903958E+001 -0.222698382308518E+001  0.149187306961826E+001  0.171997321404560E+001 -0.762657020629066E+001 -0.331516644480105E+003
  0.100000000000000E+001  0.289479741671378E+004  0.871377688959977E+002  0.293319001435954E+001 -0.261550231509340E+001  0.100357267223121E+001  0.682312300733857E+000 -0.762657020629066E+001 -0.144739870835689E+004
  0.100000000000000E+001  0.595723945460386E+002  0.501077789821142E+002  0.234547971429858E+001  0.273275867435486E+001  0.178426533730572E+001 -0.407823838865344E+001 -0.762657020629066E+001 -0.297861972730193E+002
  0.100000000000000E+001  0.130318750393206E+003  0.501213553318709E+002  0.297669471058927E+001  0.458897637245677E+000  0.162416019264096E+001 -0.243559234783495E+001 -0.762657020629066E+001 -0.651593751966030E+002
  0.100000000000000E+001  0.670994147505339E+002  0.460956485118543E+002  0.269724017873285E+001  0.239585383354878E+001  0.122708801761101E+001 -0.409309401228164E+001 -0.762657020629066E+001 -0.335497073752669E+002
  0.100000000000000E+001  0.462415706813406E+004  0.824257147786088E+002  0.159993119390663E+001  0.252632459844656E+000  0.364414533598279E+000 -0.852563653751286E+000 -0.762657020629066E+001 -0.231207853406703E+004
  0.100000000000000E+001  0.368750762311063E+003  0.647472658133904E+002  0.242089504879307E+001 -0.296194713513817E+001  0.187694396148533E+001  0.154105208634511E+001 -0.762657020629066E+001 -0.184375381155532E+003
  0.100000000000000E+001  0.213195229141953E+003  0.758120914156627E+002  0.113510492047644E+001 -0.508960619716697E+000  0.160576242523963E+001  0.373855699240254E+000 -0.762657020629066E+001 -0.106597614570977E+003
  0.100000000000000E+001  0.646151964685266E+003  0.494390770479089E+002  0.180917183981262E+001 -0.218144100788350E+001  0.670234883343186E+000  0.137226916807089E+001 -0.762657020629066E+001 -0.323075982342633E+003
  0.100000000000000E+001  0.299345231218576E+003  0.892749779440308E+002  0.156736884111982E+001  0.118619732594061E+001  0.125595329275216E+001 -0.175356616706044E+001 -0.762657020629066E+001 -0.149672615609288E+003
  0.100000000000000E+001  0.326389984074397E+003  0.806301684158781E+002  0.187934197691987E+001  0.822413136065142E+000  0.132942331429197E+001 -0.170175511298502E+001 -0.762657020629066E+001 -0.163194992037199E+003
  0.100000000000000E+001  0.519924731120845E+002  0.814426748914837E+002  0.136305976852487E+001  0.234438262130740E+001  0.155892667227527E+001 -0.270744238983227E+001 -0.762657020629066E+001 -0.259962365560422E+002
  0.100000000000000E+001  0.692820373463491E+003  0.975081534058253E+002  0.109131641307172E+001 -0.117784375415415E+001  0.144946574641600E+001  0.108652734108243E+001 -0.762657020629066E+001 -0.346410186731745E+003
  0.100000000000000E+001  0.116071857087249E+003  0.780599296212364E+002  0.114977114160206E+001  0.469269738635512E+000  0.196961354342494E+001 -0.619040880237575E+000 -0.762657020629066E+001 -0.580359285436247E+002
  0.100000000000000E+001  0.189381993663011E+003  0.901258626929633E+002  0.227584021350785E+001  0.218793196870878E+001  0.189317342274627E+001 -0.346377218221662E+001 -0.762657020629066E+001 -0.946909968315057E+002
  0.100000000000000E+001  0.340608128497832E+002  0.574644966508138E+002  0.394735799100727E+000 -0.187717422179785E+000  0.986780955432867E+000  0.792981623079058E+000 -0.762657020629066E+001 -0.170304064248916E+002
  0.100000000000000E+001  0.396171622870895E+002  0.531115459510323E+002  0.745741333859473E+000  0.170038302155086E+000  0.139821097243898E+001  0.842203639854416E-001 -0.762657020629066E+001 -0.198085811435447E+002
  0.100000000000000E+001  0.898158345418752E+002  0.421356884799467E+002  0.161164767818842E+000 -0.731112057859919E+000  0.471127391340788E+000  0.156994729004108E+001 -0.762657020629066E+001 -0.449079172709376E+002
  0.100000000000000E+001  0.612136430629262E+002  0.477199710446234E+002  0.133700365615877E+001  0.228325526732387E+001  0.144250067711250E+001 -0.262025892348264E+001 -0.762657020629066E+001 -0.306068215314631E+002
  0.100000000000000E+001  0.892301935843035E+003  0.917180496937161E+002  0.493854215390708E+000 -0.250723294735895E+001  0.124149878879308E+001  0.301337873196824E+001 -0.762657020629066E+001 -0.446150967921518E+003
  0.100000000000000E+001  0.590934459594654E+002  0.464411654401885E+002  0.204554285830503E+001  0.120667385906456E+001  0.171628572574699E+001 -0.225221671736959E+001 -0.762657020629066E+001 -0.295467229797327E+002
  0.100000000000000E+001  0.827814540143946E+003  0.593446038258511E+002  0.135479189762367E+001 -0.248280016480129E+001  0.775300800317809E+000  0.212800826717762E+001 -0.762657020629066E+001 -0.413907270071973E+003
  0.100000000000000E+001  0.302217226532208E+005  0.521800215551960E+002  0.296012732483488E+001 -0.287386304733992E+001  0.149922551094326E+000  0.913735722505044E+000 -0.762657020629066E+001 -0.151108613266104E+005
  0.100000000000000E+001  0.417804674171652E+003  0.711351549392716E+002  0.295282803001878E+001 -0.321305288972062E+000  0.163999639547348E+001 -0.163152274104672E+001 -0.762657020629066E+001 -0.208902337085826E+003
  0.100000000000000E+001  0.279408151294148E+003  0.798649296565343E+002  0.159321536854567E+001 -0.526678325479963E+000  0.181822808723204E+001 -0.665370430657104E-001 -0.762657020629066E+001 -0.139704075647074E+003
  0.100000000000000E+001  0.178937628859642E+003  0.913668316750337E+002  0.308245053837647E+000 -0.752231881461733E+000  0.185751450758726E+001  0.144398682762409E+001 -0.762657020629066E+001 -0.894688144298211E+002
  0.100000000000000E+001  0.349186866278511E+004  0.835206055605165E+002  0.201434256602867E+000 -0.286094616464724E+001  0.526109554224096E+000  0.365951190804437E+001 -0.762657020629066E+001 -0.174593433139256E+004
  0.100000000000000E+001  0.367265366782427E+002  0.526345745884474E+002  0.134769847789849E+001  0.163435295984436E+001  0.893502499808067E+000 -0.198205143774284E+001 -0.762657020629066E+001 -0.183632683391213E+002
  0.100000000000000E+001  0.576805014449202E+002  0.430983266862329E+002  0.100419139547560E+001 -0.132960203404153E+001  0.144117298261628E+001  0.132541063856593E+001 -0.762657020629066E+001 -0.288402507224601E+002
  0.100000000000000E+001  0.268690816763982E+005  0.786980633819316E+002  0.138652298837718E+001 -0.584827863417461E+000  0.158037323201853E+000  0.198304875040285E+000 -0.762657020629066E+001 -0.134345408381991E+005
  0.100000000000000E+001  0.120601705706447E+003  0.521611429922955E+002  0.287124746625065E+001  0.611290111775475E+000  0.180660413032017E+001 -0.248253757802613E+001 -0.762657020629066E+001 -0.603008528532235E+002
  0.100000000000000E+001  0.419008351678870E+003  0.972910271476407E+002  0.163331467805847E+001  0.162959673196302E+001  0.106300293477571E+001 -0.226291141002148E+001 -0.762657020629066E+001 -0.209504175839435E+003
  0.100000000000000E+001  0.144995294811548E+002  0.732706118389911E+002  0.770779544408468E+000  0.149738487494494E+001  0.736712283515998E+000 -0.126816441935341E+001 -0.762657020629066E+001 -0.724976474057741E+001
  0.100000000000000E+001  0.441537715544311E+003  0.626608778885463E+002  0.609614826896420E+000 -0.290070211170794E+001  0.103949356565501E+001  0.329108728481152E+001 -0.762657020629066E+001 -0.220768857772155E+003
  0.100000000000000E+001  0.179836928539192E+004  0.915107413451883E+002  0.141639750680859E+001  0.903663068094457E+000  0.523400449760288E+000 -0.132006057490305E+001 -0.762657020629066E+001 -0.899184642695962E+003
  0.100000000000000E+001  0.670885197909551E+004  0.706706206408143E+002  0.257554108646741E+001  0.108334838226476E+001  0.278938557357766E+000 -0.265888946873216E+001 -0.762657020629066E+001 -0.335442598954775E+004
  0.100000000000000E+001  0.538520142947653E+003  0.941004097005750E+002  0.256067091802212E+001  0.215822632370937E+001  0.124880281762017E+001 -0.371889724173150E+001 -0.762657020629066E+001 -0.269260071473826E+003
  0.100000000000000E+001  0.218422310072004E+003  0.577457232279391E+002  0.268053945363594E+001 -0.125667681731169E+001  0.183979467499709E+001 -0.423862636324248E+000 -0.762657020629066E+001 -0.109211155036002E+003
  0.100000000000000E+001  0.200070652249577E+004  0.530843197753143E+002  0.226896916426123E+001 -0.288473510000726E+001  0.529063416481650E+000  0.161576593574603E+001 -0.762657020629066E+001 -0.100035326124788E+004
  0.100000000000000E+001  0.210528963832126E+003  0.769747999460127E+002  0.713363503876978E+000 -0.110701074481105E+001  0.164021530411283E+001  0.139364724093407E+001 -0.762657020629066E+001 -0.105264481916063E+003
  0.100000000000000E+001  0.450133092528851E+002  0.678494877178847E+002  0.350654886927448E+000  0.570666796596899E+000  0.183400335889484E+001  0.786783164756535E-001 -0.762657020629066E+001 -0.225066546264426E+002
  0.100000000000000E+001  0.140588632494513E+003  0.598326986164045E+002  0.138744086022036E+001 -0.967523541016874E+000  0.168044654825302E+001  0.580082680796512E+000 -0.762657020629066E+001 -0.702943162472565E+002
  0.100000000000000E+001  0.475235793234247E+005  0.850088970042134E+002  0.139218931686164E+001 -0.288231920731334E+001  0.193641335746068E+000  0.249012989045170E+001 -0.762657020629066E+001 -0.237617896617124E+005
  0.100000000000000E+001  0.483577935969225E+003  0.744678887634754E+002  0.502796753930412E+000 -0.242888311678565E+001  0.119923196349288E+001  0.292608636285524E+001 -0.762657020629066E+001 -0.241788967984612E+003
  0.100000000000000E+001  0.518179788585159E+002  0.444875607120939E+002  0.142182395004971E+001  0.226769236112303E-001  0.120943872493500E+001 -0.444500873660943E+000 -0.762657020629066E+001 -0.259089894292579E+002
  0.100000000000000E+001  0.150711118937079E+004  0.799854140332280E+002  0.992602516310436E+000 -0.180529372153533E+001  0.770374444598564E+000  0.181269120522489E+001 -0.762657020629066E+001 -0.753555594685394E+003
  0.100000000000000E+001  0.346205624921240E+003  0.670807159480259E+002  0.131143369815318E+001  0.150547133211476E+001  0.385663584228998E+000 -0.181690503026794E+001 -0.762657020629066E+001 -0.173102812460620E+003
  0.100000000000000E+001  0.444533179306783E+003  0.542633826358542E+002  0.169639212182614E+001 -0.863398594536366E+000  0.729797782041586E+000  0.167006472710230E+000 -0.762657020629066E+001 -0.222266589653392E+003
  0.100000000000000E+001  0.147953726644082E+003  0.889683508221360E+002  0.136994725163208E+001  0.210228103390491E+001  0.827946979546102E+000 -0.247222828553700E+001 -0.762657020629066E+001 -0.739768633220411E+002
  0.100000000000000E+001  0.167892234336355E+004  0.786971055779636E+002  0.178146813487353E+001 -0.798118413408992E+000  0.741726210023444E+000  0.166502785354656E-001 -0.762657020629066E+001 -0.839461171681776E+003
  0.100000000000000E+001  0.197076885323142E+003  0.771300498506627E+002  0.150380621196077E+001  0.101501855543769E+001  0.121238953421573E+001 -0.151882476739846E+001 -0.762657020629066E+001 -0.985384426615711E+002
  0.100000000000000E+001  0.110737815628323E+004  0.424402762047654E+002  0.202415645873932E+001  0.971932904033042E+000  0.223957299349683E+000 -0.199608936277236E+001 -0.762657020629066E+001 -0.553689078141617E+003
  0.100000000000000E+001  0.202372065915283E+004  0.619392438040094E+002  0.851561634260739E+000 -0.241196408414911E+001  0.458836996302590E+000  0.256040244988837E+001 -0.762657020629066E+001 -0.101186032957641E+004
  0.100000000000000E+001  0.531802233434899E+003  0.682019787624429E+002  0.250051400182696E+001 -0.149647234259544E+001  0.141064752986626E+001 -0.404165923152688E-002 -0.762657020629066E+001 -0.265901116717450E+003
  0.100000000000000E+001  0.230307570888185E+005  0.742222931464452E+002  0.235216671723371E+001  0.514451708538904E+000  0.170471186837960E+000 -0.186661842577261E+001 -0.762657020629066E+001 -0.115153785444093E+005
  0.100000000000000E+001  0.680798730894733E+002  0.599696263521807E+002  0.874879647513426E+000 -0.434243666475904E-001  0.146721806042611E+001  0.168544719134164E+000 -0.762657020629066E+001 -0.340399365447366E+002
  0.100000000000000E+001  0.789715871325807E+004  0.812698612870172E+002  0.213984549141615E+001 -0.174236114631070E+001  0.446133581169103E+000  0.602515654894546E+000 -0.762657020629066E+001 -0.394857935662903E+004
  0.100000000000000E+001  0.358256465409492E+005  0.803142610790164E+002  0.149580270593507E+001 -0.259419005378687E+001  0.202129188557696E+000  0.209838734785180E+001 -0.762657020629066E+001 -0.179128232704746E+005
  0.100000000000000E+001  0.472490631521671E+003  0.935035531383619E+002  0.203256242299989E+001  0.612020254368542E+000  0.157287316521686E+001 -0.164458267736843E+001 -0.762657020629066E+001 -0.236245315760836E+003
  0.100000000000000E+001  0.246120269183338E+005  0.742665373673802E+002  0.221310068829764E+001 -0.272259426790208E+001  0.250242225934574E+000  0.150949357960445E+001 -0.762657020629066E+001 -0.123060134591669E+005
  0.100000000000000E+001  0.122706888603682E+003  0.872216685835588E+002  0.213738523630335E+000  0.150604376742917E+001  0.166160793414983E+001 -0.719782291059507E+000 -0.762657020629066E+001 -0.613534443018412E+002
  0.100000000000000E+001  0.143305805810211E+004  0.931162604205522E+002  0.263435553166140E+001 -0.188639017000580E+001  0.141417253101792E+001  0.252034638344399E+000 -0.762657020629066E+001 -0.716529029051056E+003
  0.100000000000000E+001  0.695847146245849E+003  0.898405307360002E+002  0.179186503475461E+001 -0.196425945444063E+001  0.171897048125731E+001  0.117239441968602E+001 -0.762657020629066E+001 -0.347923573122925E+003
  0.100000000000000E+001  0.512452195053068E+004  0.459324423916185E+002  0.205942988324739E+001 -0.260882428277181E+001  0.237572440659611E+000  0.154939439952441E+001 -0.762657020629066E+001 -0.256226097526534E+004
  0.100000000000000E+001  0.485414632521076E+002  0.602887704942851E+002  0.162631831703052E+000 -0.664396758805666E+000  0.107513519443913E+001  0.150176492710261E+001 -0.762657020629066E+001 -0.242707316260538E+002
  0.100000000000000E+001  0.171113606993909E+003  0.647644547809011E+002  0.293321616463503E+001  0.205202953445829E+001  0.153855035778691E+001 -0.398524569909331E+001 -0.762657020629066E+001 -0.855568034969544E+002
  0.100000000000000E+001  0.795225877297770E+002  0.537173414984871E+002  0.175473106396106E+001  0.406158409933635E+000  0.176720433774561E+001 -0.116088947389469E+001 -0.762657020629066E+001 -0.397612938648885E+002
  0.100000000000000E+001  0.830955136407600E+002  0.509342362642587E+002  0.220445728286627E+001  0.260328962050537E+001  0.804287814220758E+000 -0.380774690337164E+001 -0.762657020629066E+001 -0.415477568203800E+002
  0.100000000000000E+001  0.427095804247129E+004  0.553838329664787E+002  0.298333355872059E+001  0.173312007677869E+001  0.230636463881498E+000 -0.371645363549928E+001 -0.762657020629066E+001 -0.213547902123564E+004
  0.100000000000000E+001  0.327166443405258E+003  0.928165786056845E+002  0.234962554918473E+001  0.250844397674390E+001  0.128688153145234E+001 -0.385806952592863E+001 -0.762657020629066E+001 -0.163583221702629E+003
  0.100000000000000E+001  0.140090408131328E+003  0.587480015865082E+002  0.101096127307758E+001 -0.204024638393396E+001  0.186025622025181E+001  0.202928511085637E+001 -0.762657020629066E+001 -0.700452040656641E+002
  0.100000000000000E+001  0.943036940755031E+003  0.704821332080005E+002  0.625208603767118E-001 -0.253263895346399E+001  0.667789611230401E+000  0.347011809308728E+001 -0.762657020629066E+001 -0.471518470377515E+003
  0.100000000000000E+001  0.581326601820951E+002  0.418458044358967E+002  0.179235160426323E+001  0.214955653399812E+001  0.179728808666475E+001 -0.294190813826136E+001 -0.762657020629066E+001 -0.290663300910476E+002
  0.100000000000000E+001  0.105952722645807E+003  0.493678701986636E+002  0.174436271050039E+001 -0.109508839635053E+001  0.163212202880714E+001  0.350725685850143E+000 -0.762657020629066E+001 -0.529763613229036E+002
  0.100000000000000E+001  0.518776233246560E+003  0.814287339303715E+002  0.277684591683200E+001 -0.992124648284347E+000  0.188427984951442E+001 -0.784721268547652E+000 -0.762657020629066E+001 -0.259388116623280E+003
  0.100000000000000E+001  0.537572524126403E+003  0.777399397022367E+002  0.221861926384209E+001  0.523902055791910E+000  0.116442217593743E+001 -0.174252131963400E+001 -0.762657020629066E+001 -0.268786262063202E+003
  0.100000000000000E+001  0.267609088656055E+003  0.618724990999251E+002  0.181819150418827E+001 -0.113222039111094E+001  0.140061761533472E+001  0.314028886922672E+000 -0.762657020629066E+001 -0.133804544328028E+003
  0.100000000000000E+001  0.696860177912656E+003  0.863711725401746E+002  0.176732805942053E+001  0.416473617269969E+000  0.105180265772444E+001 -0.118380167669049E+001 -0.762657020629066E+001 -0.348430088956328E+003
  0.100000000000000E+001  0.412651690159422E+003  0.554862237230057E+002  0.106016449372779E+001  0.145009258216087E+000  0.392714921888780E+000 -0.205173751943882E+000 -0.762657020629066E+001 -0.206325845079711E+003
  0.100000000000000E+001  0.686864493664913E+002  0.445717054895165E+002  0.658900754308582E+000  0.143173191352640E+001  0.198552018009094E+001 -0.109063266783498E+001 -0.762657020629066E+001 -0.343432246832457E+002
  0.100000000000000E+001  0.514372842886386E+004  0.852422726203058E+002  0.233432807614976E+001  0.119663035693953E+001  0.388615001273200E+000 -0.253095843308929E+001 -0.762657020629066E+001 -0.257186421443193E+004
  0.100000000000000E+001  0.212485085257477E+004  0.889477763291059E+002  0.299569548800697E+000 -0.285225362075489E+001  0.764823796713013E+000  0.355268407195419E+001 -0.762657020629066E+001 -0.106242542628738E+004
  0.100000000000000E+001  0.294352733988429E+003  0.944342217370212E+002  0.111402048629730E+001  0.558759124324702E+000  0.136412884176634E+001 -0.672779610621999E+000 -0.762657020629066E+001 -0.147176366994215E+003
  0.100000000000000E+001  0.413372469395271E+003  0.547645642490209E+002  0.424253183912325E+000 -0.133997539234102E+001  0.464593916996167E+000  0.191572220842869E+001 -0.762657020629066E+001 -0.206686234697635E+003
  0.100000000000000E+001  0.997034012467622E+002  0.987660868678225E+002  0.162547992263772E+001  0.274291872478234E+001  0.138524158338047E+001 -0.336839864742006E+001 -0.762657020629066E+001 -0.498517006233811E+002
  0.100000000000000E+001  0.825854363833868E+003  0.447666105529997E+002  0.751916474528511E-001  0.235561407987366E+000  0.256294361349756E+000  0.689246944559783E+000 -0.762657020629066E+001 -0.412927181916934E+003
  0.100000000000000E+001  0.179713652613091E+003  0.449655238557989E+002  0.246013144811935E+001 -0.123711826566307E+000  0.911127787949465E+000 -0.133641962155304E+001 -0.762657020629066E+001 -0.898568263065453E+002
  0.100000000000000E+001  0.591197397471503E+002  0.489917138463201E+002  0.244750146399902E+001  0.266497123998959E+001  0.131673977918523E+001 -0.411247270398862E+001 -0.762657020629066E+001 -0.295598698735752E+002
  0.100000000000000E+001  0.163096842899866E+003  0.976865491790324E+002  0.191352782336632E+001  0.295981691882988E+001  0.119247273151821E+001 -0.387334474219620E+001 -0.762657020629066E+001 -0.815484214499332E+002
  0.100000000000000E+001  0.438075295140598E+003  0.915728289454676E+002  0.125315181185841E+001  0.992288175137742E+000  0.926727212678251E+000 -0.124543998699615E+001 -0.762657020629066E+001 -0.219037647570299E+003
  0.100000000000000E+001  0.154702156872803E+003  0.401497295521440E+002  0.241735856749228E+001  0.131288109154854E+001  0.592944667646947E+000 -0.273023965904082E+001 -0.762657020629066E+001 -0.773510784364015E+002
  0.100000000000000E+001  0.785479663641713E+002  0.480088062427090E+002  0.421064785114607E+000 -0.250054258794075E+001  0.155751159473652E+001  0.307947780282614E+001 -0.762657020629066E+001 -0.392739831820857E+002
  0.100000000000000E+001  0.264140269217154E+003  0.814227345465691E+002  0.140448982683884E+001  0.995539710424413E+000  0.107122136250888E+001 -0.140002953726326E+001 -0.762657020629066E+001 -0.132070134608577E+003
  0.100000000000000E+001  0.903688641626759E+002  0.988365915773778E+002  0.167281048012016E+001  0.269618941713627E+001  0.191745402345013E+001 -0.336899989725643E+001 -0.762657020629066E+001 -0.451844320813379E+002
  0.100000000000000E+001  0.123680876626957E+004  0.903985266485408E+002  0.244895767211276E+001 -0.666536660649025E+000  0.123410045383544E+001 -0.782421011463739E+000 -0.762657020629066E+001 -0.618404383134785E+003
  0.100000000000000E+001  0.289512758286132E+004  0.862805302597106E+002  0.515359237407712E+000 -0.201025000439324E+001  0.565851149283693E+000  0.249489076698553E+001 -0.762657020629066E+001 -0.144756379143066E+004
  0.100000000000000E+001  0.229443037115405E+003  0.732749978405069E+002  0.122140131650368E+001 -0.153107560811893E+001  0.194281387803994E+001  0.130967429161526E+001 -0.762657020629066E+001 -0.114721518557702E+003
  0.100000000000000E+001  0.159959078562846E+003  0.739594810526972E+002  0.677958629660268E+000  0.217031847700578E+001  0.120866959288018E+001 -0.184827710666605E+001 -0.762657020629066E+001 -0.799795392814231E+002
  0.100000000000000E+001  0.367256904224819E+003  0.773160654169581E+002  0.230645093218585E+001  0.460248138085454E+000  0.149588291049058E+001 -0.176669907027131E+001 -0.762657020629066E+001 -0.183628452112410E+003
  0.100000000000000E+001  0.737106565032275E+003  0.882014854404104E+002  0.290994121413588E+001 -0.292245725985151E+000  0.164295148843391E+001 -0.161769548815073E+001 -0.762657020629066E+001 -0.368553282516138E+003
  0.100000000000000E+001  0.642709011612838E+002  0.783901703273726E+002  0.135692269473602E+001  0.273841531426906E+001  0.172991763747217E+001 -0.309533800900508E+001 -0.762657020629066E+001 -0.321354505806419E+002
  0.100000000000000E+001  0.724187357264229E+003  0.905644307974357E+002  0.255069206337706E+001 -0.383516223189017E+000  0.161919701792797E+001 -0.116717584018804E+001 -0.762657020629066E+001 -0.362093678632115E+003
  0.100000000000000E+001  0.169042455320949E+003  0.447298948717463E+002  0.544997633317704E+000 -0.136020455530677E+001  0.480714618771778E+000  0.181520692198906E+001 -0.762657020629066E+001 -0.845212276604744E+002
  0.100000000000000E+001  0.320466556774125E+002  0.700735442199072E+002  0.778321072617887E+000  0.109223817009039E+001  0.119440747482047E+001 -0.870559242708279E+000 -0.762657020629066E+001 -0.160233278387063E+002
  0.100000000000000E+001  0.289517974794447E+003  0.677157152205294E+002  0.154276610867341E+001 -0.143140201436579E+001  0.154643544560205E+001  0.888635905692379E+000 -0.762657020629066E+001 -0.144758987397224E+003
  0.100000000000000E+001  0.572110395567279E+004  0.876515997631725E+002  0.142766477262566E+001  0.965426334078439E+000  0.267997738529435E+000 -0.139309110670410E+001 -0.762657020629066E+001 -0.286055197783639E+004
  0.100000000000000E+001  0.641483854368977E+004  0.867974600459833E+002  0.152241735599102E+001 -0.264362347215135E+001  0.539696987724004E+000  0.212120611616033E+001 -0.762657020629066E+001 -0.320741927184489E+004
  0.100000000000000E+001  0.158999120810586E+004  0.688165949905385E+002  0.184366453908695E+000  0.140611879464693E+001  0.346659019549615E+000 -0.590485248555621E+000 -0.762657020629066E+001 -0.794995604052931E+003
  0.100000000000000E+001  0.133096648038013E+004  0.767168642230390E+002  0.256301528971770E-001 -0.296274662016210E+001  0.715504121766525E+000  0.393711646726492E+001 -0.762657020629066E+001 -0.665483240190065E+003
  0.100000000000000E+001  0.160518291128736E+004  0.835515567816022E+002  0.639670042950762E+000 -0.584817142568835E+000  0.514668431395667E+000  0.945147099618073E+000 -0.762657020629066E+001 -0.802591455643679E+003
  0.100000000000000E+001  0.213808635837136E+005  0.528601361715306E+002  0.229238739368550E+001 -0.132811543889451E+001  0.132864331612157E+000  0.357280452090054E-001 -0.762657020629066E+001 -0.106904317918568E+005
  0.100000000000000E+001  0.112823117291324E+004  0.657715217845213E+002  0.192396573632488E+001 -0.214556145341525E+001  0.860499015522745E+000  0.122159571709037E+001 -0.762657020629066E+001 -0.564115586456621E+003
  0.100000000000000E+001  0.645672215923215E+002  0.414610392159191E+002  0.147184187146820E+001  0.214476950458998E+001  0.191473159606916E+001 -0.261661137605819E+001 -0.762657020629066E+001 -0.322836107961608E+002
  0.100000000000000E+001  0.117533401190750E+004  0.493465508536223E+002  0.206081010006007E+001 -0.186746033191558E+001  0.504027504924545E+000  0.806650231855514E+000 -0.762657020629066E+001 -0.587667005953748E+003
  0.100000000000000E+001  0.416376519088349E+002  0.714753465920186E+002  0.115224377044469E+000  0.675527832131800E+000  0.164702697952644E+001  0.209247790823731E+000 -0.762657020629066E+001 -0.208188259544174E+002
  0.100000000000000E+001  0.143290996207008E+003  0.667472647602472E+002  0.268128330224238E+001  0.184372245553202E+001  0.178499174217278E+001 -0.352500575777439E+001 -0.762657020629066E+001 -0.716454981035038E+002
  0.100000000000000E+001  0.167445151617533E+004  0.578491751877533E+002  0.241898874069564E+001 -0.193456581440884E+001  0.614808607470696E+000  0.515577073713204E+000 -0.762657020629066E+001 -0.837225758087663E+003
  0.100000000000000E+001  0.137328857526688E+004  0.658830101622996E+002  0.237458264684144E+001  0.910045691688386E-001  0.617705991122212E+000 -0.146558721601028E+001 -0.762657020629066E+001 -0.686644287633442E+003
  0.100000000000000E+001  0.509971716497294E+003  0.752790931532597E+002  0.255901591241223E+001 -0.196864922258323E+001  0.181121284591378E+001  0.409633310170998E+000 -0.762657020629066E+001 -0.254985858248647E+003
  0.100000000000000E+001  0.286898536591988E+003  0.662192564557692E+002  0.136441628608070E+001  0.710652568990080E+000  0.702217816583673E+000 -0.107506885507078E+001 -0.762657020629066E+001 -0.143449268295994E+003
  0.100000000000000E+001  0.384077395828904E+003  0.609422126244338E+002  0.220819435394186E+001 -0.273811789769485E+001  0.154621165168824E+001  0.152992354375299E+001 -0.762657020629066E+001 -0.192038697914452E+003
  0.100000000000000E+001  0.244930707128044E+003  0.702942272430876E+002  0.266912019124166E+001  0.592817948114938E+000  0.179230848580078E+001 -0.226193813935659E+001 -0.762657020629066E+001 -0.122465353564022E+003
  0.100000000000000E+001  0.411531616556686E+002  0.475211894414938E+002  0.146270780698636E+001  0.157943954158542E+001  0.127447308305933E+001 -0.204214734857178E+001 -0.762657020629066E+001 -0.205765808278343E+002
  0.100000000000000E+001  0.485185540603816E+002  0.685698862729857E+002  0.350790963859398E-001  0.713398558037407E+000  0.158717475361547E+001  0.251522345576654E+000 -0.762657020629066E+001 -0.242592770301908E+002
  0.100000000000000E+001  0.536093460419535E+003  0.777030926249942E+002  0.220736144773417E+001  0.699474465976061E+000  0.111607139036754E+001 -0.190683591371023E+001 -0.762657020629066E+001 -0.268046730209768E+003
  0.100000000000000E+001  0.144179242411027E+003  0.961046544927503E+002  0.882800626828035E+000  0.647281409250317E+000  0.188620170342464E+001 -0.530082036078352E+000 -0.762657020629066E+001 -0.720896212055135E+002
  0.100000000000000E+001  0.193015928211280E+003  0.405637810027777E+002  0.139913689888718E+001  0.280960135188674E+001  0.942523379952515E+000 -0.320873825077392E+001 -0.762657020629066E+001 -0.965079641056398E+002
  0.100000000000000E+001  0.137350085136633E+004  0.717965515847298E+002  0.271955975013328E+001  0.181465570557317E+001  0.565786270141135E+000 -0.353421545570645E+001 -0.762657020629066E+001 -0.686750425683164E+003
  0.100000000000000E+001  0.401017838538634E+004  0.773639772550377E+002  0.172037782347437E+001  0.449105436275890E-001  0.386931185088978E+000 -0.765288367101957E+000 -0.762657020629066E+001 -0.200508919269317E+004
  0.100000000000000E+001  0.109730225750363E+003  0.895181506919608E+002  0.307235575540460E+000  0.156230886609674E+001  0.128724216898983E+001 -0.869544441637196E+000 -0.762657020629066E+001 -0.548651128751814E+002
  0.100000000000000E+001  0.623376177171435E+005  0.908034991532999E+002  0.921884895297349E+000 -0.198516303332302E+001  0.148379761067100E+000  0.206327813802567E+001 -0.762657020629066E+001 -0.311688088585717E+005
  0.100000000000000E+001  0.174317663804330E+005  0.894692780173907E+002  0.110062660656347E+001 -0.182145727245482E+001  0.279212943179702E+000  0.172083066589135E+001 -0.762657020629066E+001 -0.871588319021650E+004
  0.100000000000000E+001  0.980536110190807E+003  0.968212373160627E+002  0.171847306603332E+001 -0.142347969143792E+001  0.145953329399439E+001  0.705006625404599E+000 -0.762657020629066E+001 -0.490268055095403E+003
  0.100000000000000E+001  0.413181264006464E+004  0.403969735793980E+002  0.157287637149732E+001  0.152561410381966E+001  0.111965347469313E+000 -0.209849047531698E+001 -0.762657020629066E+001 -0.206590632003232E+004
  0.100000000000000E+001  0.883539353904921E+003  0.479991604435964E+002  0.202595094254398E+001  0.638883540355032E+000  0.321549361826497E+000 -0.166483448289901E+001 -0.762657020629066E+001 -0.441769676952460E+003
  0.100000000000000E+001  0.196016430610616E+004  0.709342552944025E+002  0.240890439819543E+001 -0.714934072825876E+000  0.672734989364218E+000 -0.693970325369551E+000 -0.762657020629066E+001 -0.980082153053078E+003
  0.100000000000000E+001  0.524580768159504E+002  0.734841036138743E+002  0.130788871942934E+001  0.255544212119808E+001  0.129751815138342E+001 -0.286333084062742E+001 -0.762657020629066E+001 -0.262290384079752E+002
  0.100000000000000E+001  0.257590319875966E+004  0.926528993078601E+002  0.847539177930262E+000 -0.144506908064240E+001  0.664941889522356E+000  0.159752990271213E+001 -0.762657020629066E+001 -0.128795159937983E+004
  0.100000000000000E+001  0.216171661079382E+003  0.469262212261882E+002  0.250723014621228E+001 -0.277197723768117E+001  0.144199723213982E+001  0.126474709146889E+001 -0.762657020629066E+001 -0.108085830539691E+003
  0.100000000000000E+001  0.919490646970639E+002  0.570742811156472E+002  0.334137537455267E+000  0.883212283059138E+000  0.525071158763322E+000 -0.217349820514405E+000 -0.762657020629066E+001 -0.459745323485320E+002
  0.100000000000000E+001  0.103634472906410E+003  0.571701297594691E+002  0.596908629863547E+000 -0.152890803889921E+001  0.147201783438285E+001  0.193199940903567E+001 -0.762657020629066E+001 -0.518172364532052E+002
  0.100000000000000E+001  0.112263097823716E+003  0.480973352343146E+002  0.159445422936417E+001  0.251837196834400E+001  0.739553637235296E+000 -0.311282619770816E+001 -0.762657020629066E+001 -0.561315489118581E+002
  0.100000000000000E+001  0.398286228454647E+004  0.920208442939862E+002  0.104567305742651E+001  0.167058522223407E+001  0.156376616268018E+000 -0.171625827966058E+001 -0.762657020629066E+001 -0.199143114227323E+004
  0.100000000000000E+001  0.694516366259924E+004  0.794062552593411E+002  0.294320803258651E+001 -0.110300775771112E+001  0.494674684096817E+000 -0.840200274875391E+000 -0.762657020629066E+001 -0.347258183129962E+004
  0.100000000000000E+001  0.250034541189564E+004  0.908612775671627E+002  0.193431347745148E+001  0.661365818425841E+000  0.600577783258737E+000 -0.159567929587732E+001 -0.762657020629066E+001 -0.125017270594782E+004
  0.100000000000000E+001  0.117067917807717E+005  0.937478887193362E+002  0.217535832007429E+001  0.150895229306349E+001  0.261873157545022E+000 -0.268431061313778E+001 -0.762657020629066E+001 -0.585339589038586E+004
  0.100000000000000E+001  0.148680927236682E+003  0.506726385465992E+002  0.244806104892834E+001 -0.187177398081391E+001  0.199265526323427E+001  0.423712931885572E+000 -0.762657020629066E+001 -0.743404636183412E+002
  0.100000000000000E+001  0.349414466009449E+003  0.848333915514857E+002  0.151316926039976E+001 -0.825184821087881E+000  0.182092617830742E+001  0.312015560688122E+000 -0.762657020629066E+001 -0.174707233004724E+003
  0.100000000000000E+001  0.265867621239687E+003  0.883330645734487E+002  0.275037511986160E+001  0.248106319445762E+001  0.170216889160866E+001 -0.423143831431922E+001 -0.762657020629066E+001 -0.132933810619844E+003
  0.100000000000000E+001  0.458575883082956E+002  0.782444110481148E+002  0.110489048724674E+001  0.198092251350688E+001  0.166665106920210E+001 -0.208581300075362E+001 -0.762657020629066E+001 -0.229287941541478E+002
  0.100000000000000E+001  0.173518785575066E+003  0.971055548784751E+002  0.123971194291054E+001  0.109880946382332E+001  0.176256171721736E+001 -0.133852140673386E+001 -0.762657020629066E+001 -0.867593927875328E+002
  0.100000000000000E+001  0.400360502867045E+004  0.955928756956230E+002  0.278769294374980E+001  0.219434709767902E+000  0.703897881242670E+000 -0.200712765351771E+001 -0.762657020629066E+001 -0.200180251433523E+004
  0.100000000000000E+001  0.250848553119265E+003  0.484855806936850E+002  0.291670396626344E+001 -0.721206364473513E+000  0.114878500440629E+001 -0.119549760178992E+001 -0.762657020629066E+001 -0.125424276559632E+003
  0.100000000000000E+001  0.104540183387634E+003  0.499766988743791E+002  0.125037742243448E+001 -0.284936336914774E+000  0.869104783941217E+000  0.345589144802969E-001 -0.762657020629066E+001 -0.522700916938170E+002
  0.100000000000000E+001  0.313269359919389E+003  0.568638812380794E+002  0.267918796051366E+001  0.795396287428863E+000  0.973309829274739E+000 -0.247458424794252E+001 -0.762657020629066E+001 -0.156634679959695E+003
  0.100000000000000E+001  0.128002457648573E+004  0.880246530199995E+002  0.723857628858360E+000 -0.610376121498993E+000  0.668910373812348E+000  0.886518492640633E+000 -0.762657020629066E+001 -0.640012288242867E+003
  0.100000000000000E+001  0.240534858518796E+004  0.755529183991628E+002  0.257001258439289E+001 -0.276627638041245E+001  0.870031674812325E+000  0.119626379601956E+001 -0.762657020629066E+001 -0.120267429259398E+004
  0.100000000000000E+001  0.124608705610254E+004  0.545625219402977E+002  0.124334179295625E+001  0.119457359274273E+000  0.261675033283122E+000 -0.362799152230523E+000 -0.762657020629066E+001 -0.623043528051270E+003
  0.100000000000000E+001  0.203023269926627E+003  0.739334906988840E+002  0.100184585420469E+000 -0.220246099654988E+001  0.161802819517886E+001  0.310227641112941E+001 -0.762657020629066E+001 -0.101511634963313E+003
  0.100000000000000E+001  0.241707932370981E+003  0.813196570254811E+002  0.197746618003489E+001  0.191797805787081E+001  0.114924062992333E+001 -0.289544423790570E+001 -0.762657020629066E+001 -0.120853966185491E+003
  0.100000000000000E+001  0.239648428976997E+003  0.682259066389247E+002  0.141775556686844E+001  0.289652925080876E+001  0.666926870310089E+000 -0.331428481767720E+001 -0.762657020629066E+001 -0.119824214488498E+003
  0.100000000000000E+001  0.681886282783617E+003  0.814353760875423E+002  0.258099257245110E+001  0.408513737100174E+000  0.126719333340778E+001 -0.198950630955128E+001 -0.762657020629066E+001 -0.340943141391808E+003
  0.100000000000000E+001  0.847891801448436E+003  0.685118609676248E+002  0.264445742097744E+001  0.975790085171027E+000  0.776082506895318E+000 -0.262024750614846E+001 -0.762657020629066E+001 -0.423945900724218E+003
  0.100000000000000E+001  0.431853964698418E+003  0.903341012691267E+002  0.107665574252677E+001 -0.208127376850350E+001  0.197393446157315E+001  0.200461802597673E+001 -0.762657020629066E+001 -0.215926982349209E+003
  0.100000000000000E+001  0.555618759408148E+002  0.542012789925199E+002  0.194535397759073E+001  0.234701403580801E+001  0.178101985422597E+001 -0.329236801339874E+001 -0.762657020629066E+001 -0.277809379704074E+002
  0.100000000000000E+001  0.280465991564784E+003  0.975307190383438E+002  0.211098799355247E+001  0.259295942776961E+001  0.125487872503623E+001 -0.370394742132208E+001 -0.762657020629066E+001 -0.140232995782392E+003
  0.100000000000000E+001  0.484102435988200E+002  0.452012802043748E+002  0.386094063328549E+000 -0.119675495504521E+001  0.169983615246681E+001  0.181066089171666E+001 -0.762657020629066E+001 -0.242051217994100E+002
  0.100000000000000E+001  0.237943115156645E+003  0.527996307679945E+002  0.244614367960792E+001 -0.285468721456559E+001  0.171470237655693E+001  0.140854353495767E+001 -0.762657020629066E+001 -0.118971557578322E+003
  0.100000000000000E+001  0.664169441326634E+003  0.988080147768519E+002  0.220242655288754E+001  0.180377117633762E+001  0.112891627687063E+001 -0.300619772922516E+001 -0.762657020629066E+001 -0.332084720663317E+003
  0.100000000000000E+001  0.215723570485879E+003  0.539363233677059E+002  0.217152504066401E+001 -0.415238474994959E+000  0.116694812517412E+001 -0.756286565669055E+000 -0.762657020629066E+001 -0.107861785242939E+003
  0.100000000000000E+001  0.109718198311009E+004  0.618870108878283E+002  0.255737958312841E+001  0.161350685051308E+001  0.472499097578858E+000 -0.317088643364149E+001 -0.762657020629066E+001 -0.548590991555044E+003
  0.100000000000000E+001  0.845141952593222E+004  0.938739540827915E+002  0.298545599520689E+001 -0.267042646345150E+001  0.654205647680794E+000  0.684970468244612E+000 -0.762657020629066E+001 -0.422570976296611E+004
  0.100000000000000E+001  0.145663981513558E+004  0.749270979192145E+002  0.216118068030662E+001 -0.976880954709536E+000  0.835472786391307E+000 -0.184299725597088E+000 -0.762657020629066E+001 -0.728319907567788E+003
  0.100000000000000E+001  0.731241365652549E+003  0.782176706543481E+002  0.122258632992606E+001 -0.106672632598185E+000  0.778126772453951E+000 -0.115913697327870E+000 -0.762657020629066E+001 -0.365620682826274E+003
  0.100000000000000E+001  0.754662335184289E+003  0.771771995384523E+002  0.160367986650014E+001  0.946513370473827E-001  0.839114791021861E+000 -0.698331203547527E+000 -0.762657020629066E+001 -0.377331167592145E+003
  0.100000000000000E+001  0.337730935402072E+003  0.691484175736177E+002  0.277378641373124E+001  0.153253706835117E+001  0.120017285196370E+001 -0.330632348208242E+001 -0.762657020629066E+001 -0.168865467701036E+003
  0.100000000000000E+001  0.619213201532989E+003  0.672238427760506E+002  0.254703789669711E+001 -0.188409386335459E+001  0.134045123768489E+001  0.337055966657481E+000 -0.762657020629066E+001 -0.309606600766494E+003
  0.100000000000000E+001  0.331340885925914E+003  0.956371508025645E+002  0.296922932986049E+001  0.298235399062935E+001  0.164960866875759E+001 -0.495158332048985E+001 -0.762657020629066E+001 -0.165670442962957E+003
  0.100000000000000E+001  0.212746463011892E+004  0.859633551996835E+002  0.124965424119184E+001 -0.267693560739007E+001  0.881760380097119E+000  0.242728136619823E+001 -0.762657020629066E+001 -0.106373231505946E+004
  0.100000000000000E+001  0.864565664806078E+005  0.989319951602101E+002  0.190175483559968E+001  0.124397948980857E+000  0.129404217901990E+000 -0.102615278458054E+001 -0.762657020629066E+001 -0.432282832403039E+005
  0.100000000000000E+001  0.315403228284410E+002  0.463424517446331E+002  0.842083728043810E+000  0.609140821128960E+000  0.917476310735573E+000 -0.451224549172770E+000 -0.762657020629066E+001 -0.157701614142205E+002
  0.100000000000000E+001  0.486402663464609E+002  0.507041137695781E+002  0.859977900110478E+000 -0.213860444660723E+000  0.144848944852852E+001  0.353882544550245E+000 -0.762657020629066E+001 -0.243201331732305E+002
  0.100000000000000E+001  0.672116866640247E+003  0.684960632574991E+002  0.264539874886940E+001 -0.276316035224959E+001  0.147494266702286E+001  0.111776160338019E+001 -0.762657020629066E+001 -0.336058433320124E+003
  0.100000000000000E+001  0.856687506367935E+003  0.949410874172128E+002  0.139043925432442E+001 -0.276510715964957E+001  0.169931682613597E+001  0.237466790532515E+001 -0.762657020629066E+001 -0.428343753183967E+003
  0.100000000000000E+001  0.543245164284093E+003  0.909043575442977E+002  0.284913538742828E+001  0.187312725224042E+001  0.141278247138848E+001 -0.372226263966869E+001 -0.762657020629066E+001 -0.271622582142047E+003
  0.100000000000000E+001  0.433408564829117E+003  0.645802338218550E+002  0.282211063302145E+001  0.252567687419571E+001  0.727912825472222E+000 -0.434778750721716E+001 -0.762657020629066E+001 -0.216704282414558E+003
  0.100000000000000E+001  0.441699322821578E+004  0.644208926524742E+002  0.814434784354597E+000 -0.129404607456967E+000  0.167259073448517E+000  0.314969823102371E+000 -0.762657020629066E+001 -0.220849661410789E+004
  0.100000000000000E+001  0.312819561154290E+003  0.848278949145279E+002  0.835277676732134E+000 -0.167790688905196E+001  0.186917116541315E+001  0.184262921231983E+001 -0.762657020629066E+001 -0.156409780577145E+003
  0.100000000000000E+001  0.198591021301456E+003  0.685584317294985E+002  0.271842085898577E+000  0.154327898749575E+001  0.996163534710708E+000 -0.815121073394324E+000 -0.762657020629066E+001 -0.992955106507281E+002
  0.100000000000000E+001  0.209223257287602E+003  0.911912108168872E+002  0.955963008190028E+000  0.898184350749218E+000  0.111871066168191E+001 -0.854147358939246E+000 -0.762657020629066E+001 -0.104611628643801E+003
  0.100000000000000E+001  0.343972291668824E+003  0.817573799736422E+002  0.263216132831224E+001  0.154773163575599E+001  0.152218381805115E+001 -0.317989296406823E+001 -0.762657020629066E+001 -0.171986145834412E+003
  0.100000000000000E+001  0.355094284370538E+003  0.643644514660242E+002  0.195059855284788E+001 -0.121766587732948E+001  0.134789804294334E+001  0.267067324481600E+000 -0.762657020629066E+001 -0.177547142185269E+003
  0.100000000000000E+001  0.127373710289346E+003  0.839281467674174E+002  0.135054930101878E+001  0.129408899666379E+001  0.153692830619994E+001 -0.164463829768257E+001 -0.762657020629066E+001 -0.636868551446730E+002
  0.100000000000000E+001  0.694180986481514E+002  0.986997805419632E+002  0.566960817683539E-001  0.366086404778399E+000  0.151867946150697E+001  0.577217513453247E+000 -0.762657020629066E+001 -0.347090493240757E+002
  0.100000000000000E+001  0.137836479219544E+003  0.690279643098737E+002  0.125342746985989E+001  0.180816857276522E+001  0.455385301939127E+000 -0.206159604262510E+001 -0.762657020629066E+001 -0.689182396097718E+002
  0.100000000000000E+001  0.525823486592855E+003  0.708792343013566E+002  0.263063640298624E+001 -0.243925172937232E-002  0.125898036382068E+001 -0.162819715125687E+001 -0.762657020629066E+001 -0.262911743296428E+003
  0.100000000000000E+001  0.477547527353245E+004  0.872779294077335E+002  0.103003647886014E+001 -0.130746516748569E+000  0.341785296939094E+000  0.100710037888430E+000 -0.762657020629066E+001 -0.238773763676623E+004
  0.100000000000000E+001  0.498723066420374E+003  0.503757278411813E+002  0.154334222049637E+000  0.870278464151687E+000  0.403909592958598E+000 -0.246126862013238E-001 -0.762657020629066E+001 -0.249361533210187E+003
  0.100000000000000E+001  0.137169941908243E+003  0.735246347007038E+002  0.141932598988734E+000 -0.173924339952129E+000  0.627155302150391E+000  0.103199174096340E+001 -0.762657020629066E+001 -0.685849709541215E+002
  0.100000000000000E+001  0.549735942318169E+002  0.542245126454737E+002  0.188333601736942E+001  0.192052707861392E+001  0.164344082569661E+001 -0.280386309598334E+001 -0.762657020629066E+001 -0.274867971159084E+002
  0.100000000000000E+001  0.436236061227033E+003  0.977524674276898E+002  0.950232765484670E+000 -0.155425912892918E+001  0.195597911193166E+001  0.160402636344451E+001 -0.762657020629066E+001 -0.218118030613517E+003
  0.100000000000000E+001  0.300306086207214E+003  0.658358100144320E+002  0.632958115779008E+000 -0.145109302623082E+001  0.998002202432197E+000  0.181813491045182E+001 -0.762657020629066E+001 -0.150153043103607E+003
  0.100000000000000E+001  0.433191039001309E+003  0.999713662637009E+002  0.137678037816354E+001  0.804231273295294E+000  0.130115457221311E+001 -0.118101165145883E+001 -0.762657020629066E+001 -0.216595519500654E+003
  0.100000000000000E+001  0.909552141748786E+003  0.730859501941722E+002  0.437947189181382E+000 -0.982398619524030E+000  0.537964080307658E+000  0.154445143034265E+001 -0.762657020629066E+001 -0.454776070874393E+003
  0.100000000000000E+001  0.860594821106688E+002  0.445732824307382E+002  0.217100477167362E+001  0.424931881881354E+000  0.110062453714238E+001 -0.159593665355498E+001 -0.762657020629066E+001 -0.430297410553344E+002
  0.100000000000000E+001  0.431444362830342E+003  0.701997083527000E+002  0.238606467635788E+001 -0.189518914929395E+001  0.171403152308249E+001  0.509124472936070E+000 -0.762657020629066E+001 -0.215722181415171E+003
  0.100000000000000E+001  0.485924217762579E+002  0.791696277846014E+002  0.169045909786783E+000  0.442729304834915E+000  0.182836047257339E+001  0.388224785378303E+000 -0.762657020629066E+001 -0.242962108881290E+002
  0.100000000000000E+001  0.412083540542418E+002  0.412800938979578E+002  0.239434440183321E+000 -0.165021562140712E+001  0.143863224398155E+001  0.241078118122380E+001 -0.762657020629066E+001 -0.206041770271209E+002
  0.100000000000000E+001  0.188745817240610E+004  0.468675937506230E+002  0.254658573445209E+001 -0.257508307780081E+001  0.445819683045498E+000  0.102849734334872E+001 -0.762657020629066E+001 -0.943729086203049E+003
  0.100000000000000E+001  0.111183906796744E+004  0.933717238059893E+002  0.178774095007721E+001  0.118234822940505E+001  0.770600065409892E+000 -0.197008917948226E+001 -0.762657020629066E+001 -0.555919533983718E+003
  0.100000000000000E+001  0.615993468215139E+003  0.854133661409105E+002  0.454363897643504E+000  0.334552206499660E+000  0.456035533965930E+000  0.211083895856835E+000 -0.762657020629066E+001 -0.307996734107569E+003
  0.100000000000000E+001  0.433817581870764E+003  0.430916539959477E+002  0.243424475703687E+001  0.740037901556521E+000  0.439834527310305E+000 -0.217428265859339E+001 -0.762657020629066E+001 -0.216908790935382E+003
  0.100000000000000E+001  0.581217590925305E+002  0.533727685864631E+002  0.122924626470929E+001  0.226257356581346E+001  0.126542379601311E+001 -0.249181983052276E+001 -0.762657020629066E+001 -0.290608795462653E+002
  0.100000000000000E+001  0.421289065459376E+003  0.914423348821278E+002  0.128301826003679E+001 -0.158306515115728E+001  0.198316296456113E+001  0.130004689112049E+001 -0.762657020629066E+001 -0.210644532729688E+003
  0.100000000000000E+001  0.771607809044000E+002  0.641779326697764E+002  0.230226728933514E+001  0.289951906304678E+001  0.130958809446920E+001 -0.420178635238192E+001 -0.762657020629066E+001 -0.385803904522000E+002
  0.100000000000000E+001  0.142485367897658E+003  0.684135347572565E+002  0.594081908249168E-001 -0.225687781025439E+001  0.178494305211129E+001  0.319746961942947E+001 -0.762657020629066E+001 -0.712426839488288E+002
  0.100000000000000E+001  0.336775638684249E+003  0.521793104000592E+002  0.426799569783210E+000  0.182040215609992E+001  0.856123588422460E+000 -0.124720172588313E+001 -0.762657020629066E+001 -0.168387819342125E+003
  0.100000000000000E+001  0.267166628051300E+003  0.881591349969438E+002  0.934484180303907E+000 -0.612764465408848E+000  0.175682413351561E+001  0.678280285104941E+000 -0.762657020629066E+001 -0.133583314025650E+003
  0.100000000000000E+001  0.839211893014178E+003  0.522814724890790E+002  0.170375165112915E+001 -0.280222910119753E+001  0.699162226554793E+000  0.209847745006839E+001 -0.762657020629066E+001 -0.419605946507089E+003
  0.100000000000000E+001  0.102952894302927E+003  0.434174264380926E+002  0.239563596181790E+000  0.386658552843252E+000  0.681563953643483E+000  0.373777850974959E+000 -0.762657020629066E+001 -0.514764471514636E+002
  0.100000000000000E+001  0.299043533385592E+003  0.759119842565978E+002  0.761100274950943E+000 -0.121742579200974E+001  0.134016469566280E+001  0.145632551705880E+001 -0.762657020629066E+001 -0.149521766692796E+003
  0.100000000000000E+001  0.953984068610156E+002  0.473741414504081E+002  0.786220578092849E+000 -0.199313143159493E+001  0.118979822676884E+001  0.220691085350208E+001 -0.762657020629066E+001 -0.476992034305078E+002
  0.100000000000000E+001  0.220174664226590E+004  0.975974293883649E+002  0.737885998234012E+000  0.218437013919362E+001  0.260314176870976E+000 -0.192225613742763E+001 -0.762657020629066E+001 -0.110087332113295E+004
  0.100000000000000E+001  0.122303784618325E+004  0.977177859707910E+002  0.125407742456943E+001 -0.152392508113281E+001  0.119816385205808E+001  0.126984765656338E+001 -0.762657020629066E+001 -0.611518923091624E+003
  0.100000000000000E+001  0.700579182051641E+002  0.576895319002794E+002  0.799053513876719E+000 -0.434435957219318E+000  0.155440701435887E+001  0.635382443342599E+000 -0.762657020629066E+001 -0.350289591025820E+002
  0.100000000000000E+001  0.587072784947897E+002  0.596435646409395E+002  0.166815768107643E+001  0.284298320055051E+001  0.130915573552886E+001 -0.351114088162694E+001 -0.762657020629066E+001 -0.293536392473948E+002
  0.100000000000000E+001  0.548446722808829E+002  0.554715830851034E+002  0.696190731311630E+000  0.415314194375690E+000  0.529510177134032E+000 -0.111504925687320E+000 -0.762657020629066E+001 -0.274223361404414E+002
  0.100000000000000E+001  0.425665177517414E+003  0.675780840981955E+002  0.299962113601330E+000 -0.129637715053868E+001  0.688865698522376E+000  0.199641503693735E+001 -0.762657020629066E+001 -0.212832588758707E+003
  0.100000000000000E+001  0.110825389811778E+004  0.869945944375347E+002  0.246600345947939E+001 -0.176411410604911E+001  0.141260027940445E+001  0.298110646569721E+000 -0.762657020629066E+001 -0.554126949058889E+003
  0.100000000000000E+001  0.311890126337281E+004  0.853776687921114E+002  0.198363002300997E+001 -0.264280819740732E+000  0.596199786885356E+000 -0.719349203269237E+000 -0.762657020629066E+001 -0.155945063168641E+004
  0.100000000000000E+001  0.654505310514468E+002  0.570913388644343E+002  0.122899499936595E+001  0.244719833574782E+001  0.131966636918175E+001 -0.267619333511376E+001 -0.762657020629066E+001 -0.327252655257234E+002
  0.100000000000000E+001  0.764758109885346E+004  0.407078827944989E+002  0.146970296600764E+001  0.239241083290632E+001  0.114865062763477E+000 -0.286211379891396E+001 -0.762657020629066E+001 -0.382379054942673E+004
  0.100000000000000E+001  0.622575678924869E+002  0.507718318835169E+002  0.196687905538936E+001  0.130104098242382E+001  0.140416045540963E+001 -0.226792003781318E+001 -0.762657020629066E+001 -0.311287839462434E+002
  0.100000000000000E+001  0.252229366188779E+003  0.831684770131482E+002  0.181361717137779E+001  0.130381360621458E+001  0.135408344455092E+001 -0.211743077759237E+001 -0.762657020629066E+001 -0.126114683094389E+003
  0.100000000000000E+001  0.612398042546675E+002  0.831057136448770E+002  0.774307900350777E+000  0.123344096468543E+001  0.893715162096623E+000 -0.100774886503620E+001 -0.762657020629066E+001 -0.306199021273337E+002
  0.100000000000000E+001  0.646439667063047E+003  0.426795754730826E+002  0.118778025281803E+000 -0.161168445661051E+001  0.210446471528519E+000  0.249290643132871E+001 -0.762657020629066E+001 -0.323219833531524E+003
  0.100000000000000E+001  0.667723981806845E+004  0.624543235334589E+002  0.122878583968463E+001 -0.176693743262725E+001  0.255723201855100E+000  0.153815159294261E+001 -0.762657020629066E+001 -0.333861990903422E+004
  0.100000000000000E+001  0.240912074799593E+003  0.623860516885387E+002  0.286957827686938E+001  0.361014866868224E+000  0.160392044745001E+001 -0.223059314373761E+001 -0.762657020629066E+001 -0.120456037399797E+003
  0.100000000000000E+001  0.118714470846054E+004  0.999466584831718E+002  0.184181712782516E+001 -0.218336822791468E+001  0.155733967105603E+001  0.134155110008952E+001 -0.762657020629066E+001 -0.593572354230269E+003
  0.100000000000000E+001  0.635688464021021E+002  0.561731516086842E+002  0.240346526143187E+000  0.100026515675127E+001  0.109724519217364E+001 -0.240611682894454E+000 -0.762657020629066E+001 -0.317844232010511E+002
  0.100000000000000E+001  0.634980711276760E+002  0.424991754214524E+002  0.130557211523951E+001 -0.112155402058738E+001  0.131167559288804E+001  0.815981905347868E+000 -0.762657020629066E+001 -0.317490355638380E+002
  0.100000000000000E+001  0.516880447199735E+003  0.900780124159829E+002  0.937860148230456E+000 -0.331739923769171E+000  0.113423840942107E+001  0.393879775538714E+000 -0.762657020629066E+001 -0.258440223599868E+003
  0.100000000000000E+001  0.442030481805434E+002  0.579646908599279E+002  0.136702946714813E+001  0.167610506169944E+001  0.155492004866177E+001 -0.204313452884757E+001 -0.762657020629066E+001 -0.221015240902717E+002
  0.100000000000000E+001  0.163652308747697E+004  0.855073803712841E+002  0.901002617915011E+000 -0.149858852243586E+001  0.755115426787754E+000  0.159758590452085E+001 -0.762657020629066E+001 -0.818261543738486E+003
  0.100000000000000E+001  0.525308871744398E+002  0.581038916134139E+002  0.182814116829863E+001  0.248174212162900E+001  0.165375824021521E+001 -0.330988328992763E+001 -0.762657020629066E+001 -0.262654435872199E+002
  0.100000000000000E+001  0.340746608997498E+004  0.915817084248074E+002  0.282869103048257E+001 -0.582294368109002E+000  0.800270530189555E+000 -0.124639666237357E+001 -0.762657020629066E+001 -0.170373304498749E+004
  0.100000000000000E+001  0.450185883884225E+004  0.937563418008440E+002  0.920289535727809E+000 -0.130443431050653E+001  0.509541892683471E+000  0.138414477477872E+001 -0.762657020629066E+001 -0.225092941942113E+004
  0.100000000000000E+001  0.242630995869682E+003  0.618858205977676E+002  0.136260147326920E+001 -0.238566901011985E+001  0.165157485012404E+001  0.202306753685065E+001 -0.762657020629066E+001 -0.121315497934841E+003
  0.100000000000000E+001  0.598090402719408E+003  0.880031169379865E+002  0.895492597199272E+000  0.146191513409680E+001  0.327115433416952E+000 -0.135740773129607E+001 -0.762657020629066E+001 -0.299045201359704E+003
  0.100000000000000E+001  0.141608607916453E+003  0.804264673614635E+002  0.562303213872711E+000  0.158648722018295E+001  0.425404673645837E+000 -0.114879043405566E+001 -0.762657020629066E+001 -0.708043039582264E+002
  0.100000000000000E+001  0.791082285031280E+003  0.916166940706932E+002  0.139501066156698E+001 -0.228245344790242E+001  0.158496680233074E+001  0.188744278633545E+001 -0.762657020629066E+001 -0.395541142515640E+003
  0.100000000000000E+001  0.527580359920113E+004  0.413083245065242E+002  0.117466470901263E+001  0.278446819972827E+001  0.221343184994922E+000 -0.295913290874090E+001 -0.762657020629066E+001 -0.263790179960057E+004
  0.100000000000000E+001  0.663714218015328E+003  0.911842143281429E+002  0.189977557837584E+001 -0.141430438939731E+001  0.171541173265426E+001  0.514528811021471E+000 -0.762657020629066E+001 -0.331857109007664E+003
  0.100000000000000E+001  0.988202217547376E+002  0.480280259654392E+002  0.104449666486332E+001 -0.217628585203021E+001  0.155712448508397E+001  0.213178918716689E+001 -0.762657020629066E+001 -0.494101108773688E+002
  0.100000000000000E+001  0.399402688581497E+003  0.699152434519191E+002  0.157303459878278E+001  0.232173268086001E+000  0.917914158969518E+000 -0.805207866868780E+000 -0.762657020629066E+001 -0.199701344290748E+003
  0.100000000000000E+001  0.127878729982145E+004  0.681160171626294E+002  0.789133961492210E+000 -0.182682709604053E+001  0.595035025697574E+000  0.203769313454832E+001 -0.762657020629066E+001 -0.639393649910723E+003
  0.100000000000000E+001  0.190271625701693E+003  0.708829921668068E+002  0.228314101982917E+001  0.762521930006061E+000  0.181275635557047E+001 -0.204566294983523E+001 -0.762657020629066E+001 -0.951358128508467E+002
  0.100000000000000E+001  0.345022658775569E+002  0.868691806954232E+002  0.251787865645628E+000  0.110146580838571E+001  0.106799712338759E+001 -0.353253674031336E+000 -0.762657020629066E+001 -0.172511329387784E+002
  0.100000000000000E+001  0.200755085444960E+004  0.563195044078831E+002  0.293540394513041E+001 -0.273188060575049E+001  0.642651451472869E+000  0.796476660620085E+000 -0.762657020629066E+001 -0.100377542722480E+004
  0.100000000000000E+001  0.184878063435834E+004  0.531037248111199E+002  0.155660644199154E+001 -0.281779398079751E+001  0.469473014671688E+000  0.226118753880597E+001 -0.762657020629066E+001 -0.924390317179168E+003
  0.100000000000000E+001  0.418121596298214E+004  0.997116864893843E+002  0.243540693375518E+001 -0.165322611139124E+001  0.851741175706522E+000  0.217819177636069E+000 -0.762657020629066E+001 -0.209060798149107E+004
  0.100000000000000E+001  0.641417331753651E+002  0.516238467322318E+002  0.168947194418032E+001  0.780482174830503E+000  0.181247828144448E+001 -0.146995411901082E+001 -0.762657020629066E+001 -0.320708665876826E+002
  0.100000000000000E+001  0.935728391080219E+003  0.862246906700866E+002  0.247330159891051E+001 -0.270483479905704E+001  0.167860973611173E+001  0.123153320014652E+001 -0.762657020629066E+001 -0.467864195540110E+003
  0.100000000000000E+001  0.261395145245989E+003  0.737242039954829E+002  0.292125384208261E+001  0.154613523911581E+001  0.167767213085283E+001 -0.346738908119842E+001 -0.762657020629066E+001 -0.130697572622994E+003
  0.100000000000000E+001  0.498680704161522E+003  0.816303771749569E+002  0.214152113210166E+001  0.229632298982519E+000  0.136741477478991E+001 -0.137115343108418E+001 -0.762657020629066E+001 -0.249340352080761E+003
  0.100000000000000E+001  0.263519013986192E+003  0.812617431931089E+002  0.296304454061877E+001  0.208523324131547E+001  0.179814779257909E+001 -0.404827778193424E+001 -0.762657020629066E+001 -0.131759506993096E+003
  0.100000000000000E+001  0.575323849106025E+002  0.413013867089313E+002  0.205172405484013E+001  0.446335596623193E+000  0.139604739424222E+001 -0.149805965146333E+001 -0.762657020629066E+001 -0.287661924553013E+002
  0.100000000000000E+001  0.418953809721348E+003  0.942174313700224E+002  0.451672961855315E-001 -0.278529719697316E+001  0.182925911505328E+001  0.374012990078763E+001 -0.762657020629066E+001 -0.209476904860674E+003
  0.100000000000000E+001  0.500060586280736E+002  0.674607832645411E+002  0.928666658192289E+000  0.186766529451442E+001  0.185817270129554E+001 -0.179633195270670E+001 -0.762657020629066E+001 -0.250030293140368E+002
  0.100000000000000E+001  0.269331318097572E+003  0.647504704316299E+002  0.197339755776756E+001 -0.409594063856548E+000  0.138440674082947E+001 -0.563803493911014E+000 -0.762657020629066E+001 -0.134665659048786E+003
  0.100000000000000E+001  0.494944449826317E+005  0.884668560637945E+002  0.262318585218908E+001 -0.248683709831119E+001  0.234773824118020E+000  0.863651246122112E+000 -0.762657020629066E+001 -0.247472224913159E+005
  0.100000000000000E+001  0.485245013987976E+003  0.933559943074195E+002  0.267235560143052E+001  0.453086205927496E+000  0.193722109902179E+001 -0.212544180735802E+001 -0.762657020629066E+001 -0.242622506993988E+003
  0.100000000000000E+001  0.353683854379095E+005  0.814638697405640E+002  0.489832186968111E+000 -0.241221736871681E+001  0.159271915033634E+000  0.292238518174870E+001 -0.762657020629066E+001 -0.176841927189547E+005
  0.100000000000000E+001  0.111046499681923E+005  0.874979148461975E+002  0.137930136741086E+001 -0.225931969434441E+001  0.384699636316275E+000  0.188001832693355E+001 -0.762657020629066E+001 -0.555232498409617E+004
  0.100000000000000E+001  0.173756264058713E+003  0.794981702493513E+002  0.106713108889032E+001  0.478439812529845E+000  0.129772362166971E+001 -0.545570901420163E+000 -0.762657020629066E+001 -0.868781320293564E+002
  0.100000000000000E+001  0.272321454670381E+004  0.643065099960620E+002  0.262365278988427E+001 -0.221555023467586E+001  0.613620993225642E+000  0.591897444791582E+000 -0.762657020629066E+001 -0.136160727335190E+004
  0.100000000000000E+001  0.151055883698064E+003  0.705225862646220E+002  0.144068073104710E+001  0.246667879428471E+001  0.481183060543512E+000 -0.290735952533181E+001 -0.762657020629066E+001 -0.755279418490320E+002
  0.100000000000000E+001  0.392368231986812E+003  0.774808341777452E+002  0.173608307114841E+001 -0.225752265635256E+001  0.195714041905196E+001  0.152143958520415E+001 -0.762657020629066E+001 -0.196184115993406E+003
  0.100000000000000E+001  0.145995164159326E+004  0.850114245075373E+002  0.273466195374144E+001 -0.221738957636895E+001  0.129287597914296E+001  0.482727622627517E+000 -0.762657020629066E+001 -0.729975820796628E+003
  0.100000000000000E+001  0.125153698139184E+003  0.491028831016588E+002  0.162141086833880E+001 -0.200977158340192E+001  0.165133102340349E+001  0.138836071506312E+001 -0.762657020629066E+001 -0.625768490695920E+002
  0.100000000000000E+001  0.249584267207179E+003  0.723912606694146E+002  0.248498739892310E+001  0.294125150075513E+000  0.186914768322629E+001 -0.177911254899861E+001 -0.762657020629066E+001 -0.124792133603590E+003
  0.100000000000000E+001  0.251274723631333E+003  0.569211406406184E+002  0.288590892344774E+001  0.243016926522932E+001  0.807273607189049E+000 -0.431607818867706E+001 -0.762657020629066E+001 -0.125637361815666E+003
  0.100000000000000E+001  0.986475762132536E+003  0.573560795990503E+002  0.252779126182810E+001 -0.224063861744614E+001  0.839071261230278E+000  0.712847355618043E+000 -0.762657020629066E+001 -0.493237881066268E+003
  0.100000000000000E+001  0.817826718153469E+002  0.705730460178838E+002  0.404767162371069E+000  0.137834209488792E+001  0.711781125566302E+000 -0.783109257258991E+000 -0.762657020629066E+001 -0.408913359076735E+002
  0.100000000000000E+001  0.926036246033269E+003  0.733090555174168E+002  0.108644740277758E+001 -0.109825550512170E+001  0.754107097338894E+000  0.101180810234412E+001 -0.762657020629066E+001 -0.463018123016635E+003
  0.100000000000000E+001  0.179574922944916E+004  0.406333782307791E+002  0.103838167689502E+001  0.202033244549409E+001  0.253353281408822E+000 -0.205871412238911E+001 -0.762657020629066E+001 -0.897874614724579E+003
  0.100000000000000E+001  0.122860406942719E+004  0.919462765296252E+002  0.294005912843864E+001 -0.184532807106781E+001  0.157108476225716E+001 -0.947310573708289E-001 -0.762657020629066E+001 -0.614302034713594E+003
  0.100000000000000E+001  0.663343506871274E+004  0.524078093759391E+002  0.289545866322168E+001 -0.136800758485526E+001  0.269972823929554E+000 -0.527451078366425E+000 -0.762657020629066E+001 -0.331671753435637E+004
  0.100000000000000E+001  0.688188843082002E+003  0.432130452822163E+002  0.140165060534075E+001 -0.138959223070411E+001  0.368244001350093E+000  0.987941625363362E+000 -0.762657020629066E+001 -0.344094421541001E+003
  0.100000000000000E+001  0.418334343806388E+002  0.555380671115916E+002  0.338690508221079E+000 -0.468908322765446E+000  0.141829280155222E+001  0.113021781454437E+001 -0.762657020629066E+001 -0.209167171903194E+002
  0.100000000000000E+001  0.429888228207850E+002  0.456634902497534E+002  0.302096561905412E+000  0.270478027797889E-001  0.157891080258580E+001  0.670855635314799E+000 -0.762657020629066E+001 -0.214944114103925E+002
  0.100000000000000E+001  0.866807412216887E+003  0.767974600897010E+002  0.273616102864149E+001 -0.259749944328317E+001  0.152363286339284E+001  0.861338414641689E+000 -0.762657020629066E+001 -0.433403706108444E+003
  0.100000000000000E+001  0.297917918977546E+002  0.596245828020483E+002  0.112951552514467E+001  0.143861332916550E+001  0.834976978406481E+000 -0.156812885431017E+001 -0.762657020629066E+001 -0.148958959488773E+002
  0.100000000000000E+001  0.147648412045205E+004  0.976109386555551E+002  0.290628656451652E+001 -0.271138313879425E+001  0.165749559750338E+001  0.805096574277731E+000 -0.762657020629066E+001 -0.738242060226027E+003
  0.100000000000000E+001  0.411442194346610E+003  0.707531302788456E+002  0.263967862144998E+001 -0.188949399745978E+001  0.187491735622667E+001  0.249815376009805E+000 -0.762657020629066E+001 -0.205721097173305E+003
  0.100000000000000E+001  0.936752848373694E+002  0.752553460028615E+002  0.391735278248330E+000  0.146001944376762E+000  0.911556786895958E+000  0.462262777374908E+000 -0.762657020629066E+001 -0.468376424186847E+002
  0.100000000000000E+001  0.130326758857733E+004  0.884552697413197E+002  0.115932516571960E+001 -0.277401797139736E+001  0.117478382296190E+001  0.261469280567776E+001 -0.762657020629066E+001 -0.651633794288666E+003
  0.100000000000000E+001  0.365179410464595E+004  0.619849199017932E+002  0.156485479173058E+001  0.194339782683765E+001  0.115034465920294E+000 -0.250825261856823E+001 -0.762657020629066E+001 -0.182589705232297E+004
  0.100000000000000E+001  0.251385580592908E+003  0.713934341794279E+002  0.114071865591888E+001 -0.232719225220323E+001  0.198081318142205E+001  0.218647359628435E+001 -0.762657020629066E+001 -0.125692790296454E+003
  0.100000000000000E+001  0.140197765513845E+003  0.584947109534609E+002  0.192639719347059E+001  0.215711625344861E+001  0.631617881728274E+000 -0.308351344691921E+001 -0.762657020629066E+001 -0.700988827569227E+002
  0.100000000000000E+001  0.951467416025071E+004  0.462299135387471E+002  0.173761573581944E+001 -0.709614696612666E+000  0.115055406860051E+000 -0.280010392067713E-001 -0.762657020629066E+001 -0.475733708012535E+004
  0.100000000000000E+001  0.131171728579401E+004  0.797497461337125E+002  0.152852504694409E+001 -0.411076041202118E+000  0.735741058117037E+000 -0.117449005741975E+000 -0.762657020629066E+001 -0.655858642897005E+003
  0.100000000000000E+001  0.104355705849320E+003  0.657851892913506E+002  0.212605139251108E+001  0.211732691649698E+001  0.127647802570972E+001 -0.324337830900806E+001 -0.762657020629066E+001 -0.521778529246601E+002
  0.100000000000000E+001  0.110561266519183E+003  0.434180345044583E+002  0.886126652887388E+000  0.184689904428835E+001  0.999958124163825E+000 -0.173302569717574E+001 -0.762657020629066E+001 -0.552806332595913E+002
  0.100000000000000E+001  0.195168698526826E+005  0.905197030193655E+002  0.251729487414630E+001 -0.214631432486922E+001  0.367838267441227E+000  0.629019450722925E+000 -0.762657020629066E+001 -0.975843492634128E+004
  0.100000000000000E+001  0.319580515082932E+003  0.724723676109029E+002  0.148517664927098E+001 -0.253224525081841E+001  0.195678106363762E+001  0.204706860154743E+001 -0.762657020629066E+001 -0.159790257541466E+003
  0.100000000000000E+001  0.637616803420043E+003  0.531130146350384E+002  0.272749053014180E+000  0.126416753601202E+001  0.418465412010901E+000 -0.536916589026199E+000 -0.762657020629066E+001 -0.318808401710021E+003
  0.100000000000000E+001  0.309036203823656E+003  0.839638672560816E+002  0.290192265814235E+001  0.259812937269955E+001  0.146791983606210E+001 -0.450005203084189E+001 -0.762657020629066E+001 -0.154518101911828E+003
  0.100000000000000E+001  0.899089254560355E+003  0.570575524493156E+002  0.296992861974127E+001 -0.275089016527639E+001  0.993990760720050E+000  0.780961545535118E+000 -0.762657020629066E+001 -0.449544627280178E+003
  0.100000000000000E+001  0.198034679790948E+004  0.761712157797177E+002  0.208077492641144E+001 -0.104390818054784E+001  0.727573504740477E+000 -0.368667458636018E-001 -0.762657020629066E+001 -0.990173398954740E+003
  0.100000000000000E+001  0.742090048361525E+003  0.748582885702711E+002  0.256881441540829E+001 -0.168183071735870E+001  0.141210374991993E+001  0.113016301950407E+000 -0.762657020629066E+001 -0.371045024180763E+003
  0.100000000000000E+001  0.835522116479703E+002  0.448474715495610E+002  0.278939679859968E+001  0.633427692131116E+000  0.181028871007208E+001 -0.242282449073080E+001 -0.762657020629066E+001 -0.417761058239852E+002
  0.100000000000000E+001  0.557021456505715E+002  0.599011166581858E+002  0.110178797726657E+001  0.100582171107419E+001  0.196235041213120E+001 -0.110760968834075E+001 -0.762657020629066E+001 -0.278510728252857E+002
  0.100000000000000E+001  0.770731517646127E+003  0.901751832167207E+002  0.283592772415563E+001 -0.111390700151400E+001  0.179650891887781E+001 -0.722020722641635E+000 -0.762657020629066E+001 -0.385365758823063E+003
  0.100000000000000E+001  0.169480492215493E+003  0.806643639252232E+002  0.197079561073318E+001  0.138390126232630E+001  0.181711181605552E+001 -0.235469687305948E+001 -0.762657020629066E+001 -0.847402461077466E+002
  0.100000000000000E+001  0.729048463772664E+002  0.469737366174509E+002  0.114904321089732E+001  0.164143551463859E+001  0.729692529121572E+000 -0.179047872553591E+001 -0.762657020629066E+001 -0.364524231886332E+002
  0.100000000000000E+001  0.236733770355578E+003  0.456873447759045E+002  0.186908926781973E+001  0.170021083520995E+000  0.575309909348335E+000 -0.103911035134073E+001 -0.762657020629066E+001 -0.118366885177789E+003
  0.100000000000000E+001  0.484029449593984E+002  0.496369072488958E+002  0.496977249288789E+000 -0.577992457679689E+000  0.729163348617378E+000  0.108101520839090E+001 -0.762657020629066E+001 -0.242014724796992E+002
  0.100000000000000E+001  0.815175355941842E+003  0.483412753468180E+002  0.645635243749270E+000 -0.495802296583992E+000  0.207381012069447E+000  0.850167052834722E+000 -0.762657020629066E+001 -0.407587677970921E+003
  0.100000000000000E+001  0.147685908343839E+003  0.563315433185253E+002  0.160379627205453E+001 -0.927898378782657E-001  0.114573454446405E+001 -0.511006434176269E+000 -0.762657020629066E+001 -0.738429541719195E+002
  0.100000000000000E+001  0.738779089628813E+002  0.444536617092455E+002  0.167348762341729E+001  0.277261192024591E+001  0.140421533969076E+001 -0.344609954366320E+001 -0.762657020629066E+001 -0.369389544814406E+002
  0.100000000000000E+001  0.129909664289555E+003  0.619685005569581E+002  0.108450293503790E+001 -0.417125157412636E+000  0.131075841600225E+001  0.332622222374740E+000 -0.762657020629066E+001 -0.649548321447777E+002
  0.100000000000000E+001  0.419847154778446E+004  0.920288690393895E+002  0.486590796548338E+000  0.187578543084137E+001  0.208425573880309E+000 -0.136237622738971E+001 -0.762657020629066E+001 -0.209923577389223E+004
  0.100000000000000E+001  0.533227439881145E+003  0.780943642396755E+002  0.172609123680045E+001  0.284667336436449E+000  0.103073335504701E+001 -0.101075857323690E+001 -0.762657020629066E+001 -0.266613719940572E+003
  0.100000000000000E+001  0.382488196640790E+002  0.540998019230668E+002  0.320763051881063E+000 -0.496308637049871E+000  0.134670932690819E+001  0.117554558516881E+001 -0.762657020629066E+001 -0.191244098320395E+002
  0.100000000000000E+001  0.141929170058784E+003  0.561417314941524E+002  0.276929465881575E+001  0.113524777544362E+001  0.152482677115570E+001 -0.290454243425937E+001 -0.762657020629066E+001 -0.709645850293921E+002
  0.100000000000000E+001  0.531308226895164E+003  0.625469472420038E+002  0.410742446266488E+000  0.252302324403368E+000  0.200568432271796E+000  0.336955229330144E+000 -0.762657020629066E+001 -0.265654113447582E+003
  0.100000000000000E+001  0.235949422526181E+003  0.992629599565878E+002  0.129440780925890E+000 -0.679678824312517E+000  0.153840376351446E+001  0.155023804338663E+001 -0.762657020629066E+001 -0.117974711263091E+003
  0.100000000000000E+001  0.122029507139392E+004  0.982868922531173E+002  0.262285667686629E+001  0.292800872115138E+001  0.722789799329184E+000 -0.455086539801767E+001 -0.762657020629066E+001 -0.610147535696958E+003
  0.100000000000000E+001  0.277054454697512E+003  0.995924713109864E+002  0.652346211033603E+000  0.305982452762217E+000  0.125398997218693E+001  0.416713362041801E-001 -0.762657020629066E+001 -0.138527227348756E+003
  0.100000000000000E+001  0.487282016878276E+003  0.942702351953144E+002  0.289691547818715E+001  0.237798598981004E+001  0.144896301792721E+001 -0.427490146799719E+001 -0.762657020629066E+001 -0.243641008439138E+003
  0.100000000000000E+001  0.324334446107623E+004  0.672285520878619E+002  0.292917812353283E+000 -0.270677277681871E+001  0.374767243206262E+000  0.341385496446542E+001 -0.762657020629066E+001 -0.162167223053811E+004
  0.100000000000000E+001  0.970546952910055E+002  0.570095930849199E+002  0.243126226681267E+001  0.128065604664059E+001  0.192204006741306E+001 -0.271191831345325E+001 -0.762657020629066E+001 -0.485273476455027E+002
  0.100000000000000E+001  0.229924053505285E+003  0.952096864866216E+002  0.795182299572764E+000 -0.237517542130131E+000  0.185428614564806E+001  0.442335242557368E+000 -0.762657020629066E+001 -0.114962026752643E+003
  0.100000000000000E+001  0.859253400849845E+003  0.885344911561535E+002  0.634604120793192E+000  0.296260672881033E+000  0.526766289299284E+000  0.691352063257746E-001 -0.762657020629066E+001 -0.429626700424922E+003
  0.100000000000000E+001  0.727489852437563E+003  0.960786019654987E+002  0.260330824998792E+001  0.200451270718467E+001  0.116482086610180E+001 -0.360782095717259E+001 -0.762657020629066E+001 -0.363744926218781E+003
  0.100000000000000E+001  0.412237429848850E+003  0.755500331604325E+002  0.150864475722190E+001 -0.274711471735296E+001  0.185358438998840E+001  0.223846996013106E+001 -0.762657020629066E+001 -0.206118714924425E+003
  0.100000000000000E+001  0.105911710034494E+005  0.903093077766737E+002  0.119714073001850E+001 -0.116422098923333E+001  0.332208836868059E+000  0.967080259214835E+000 -0.762657020629066E+001 -0.529558550172471E+004
  0.100000000000000E+001  0.961689146952309E+003  0.977235246535137E+002  0.824873617158979E+000  0.227074669714679E+001  0.365897672321699E+000 -0.209562031430577E+001 -0.762657020629066E+001 -0.480844573476154E+003
  0.100000000000000E+001  0.703352642295712E+002  0.545719263430507E+002  0.113504578820793E-001  0.786036365040648E+000  0.167810021285462E+001  0.202613177077273E+000 -0.762657020629066E+001 -0.351676321147856E+002
  0.100000000000000E+001  0.357341886334925E+003  0.557164139080314E+002  0.111264151221266E+000 -0.233608107726644E+001  0.632982933789565E+000  0.322481692604517E+001 -0.762657020629066E+001 -0.178670943167462E+003
  0.100000000000000E+001  0.963159983497505E+002  0.566308712633144E+002  0.171354645280029E+001  0.473667103032802E+000  0.142839126412759E+001 -0.118721355583309E+001 -0.762657020629066E+001 -0.481579991748753E+002
  0.100000000000000E+001  0.714896377416935E+003  0.782956794080968E+002  0.252627161629572E+001 -0.263489279216199E+001  0.169268267348531E+001  0.110862117586627E+001 -0.762657020629066E+001 -0.357448188708467E+003
  0.100000000000000E+001  0.117155799960807E+003  0.516509651398705E+002  0.192770394206621E+001 -0.851603254281512E+000  0.171496388617808E+001 -0.761006877846973E-001 -0.762657020629066E+001 -0.585778999804036E+002
  0.100000000000000E+001  0.591393481087218E+002  0.520682545556031E+002  0.498915348540085E+000 -0.107246898775241E+001  0.168040360878152E+001  0.157355363921233E+001 -0.762657020629066E+001 -0.295696740543609E+002
  0.100000000000000E+001  0.411403324398243E+003  0.713733335618315E+002  0.281441421468902E+001 -0.113752339627773E+001  0.179816233669820E+001 -0.676890818411288E+000 -0.762657020629066E+001 -0.205701662199122E+003
  0.100000000000000E+001  0.354838233083507E+004  0.931817544323758E+002  0.224376631288903E+001 -0.717628371957250E+000  0.727416121529049E+000 -0.526137940931784E+000 -0.762657020629066E+001 -0.177419116541753E+004
  0.100000000000000E+001  0.443530917767334E+003  0.473808276626994E+002  0.282829127830535E+001  0.316244130422220E+000  0.656187483857461E+000 -0.214453540872757E+001 -0.762657020629066E+001 -0.221765458883667E+003
  0.100000000000000E+001  0.597742141260836E+002  0.558442161358827E+002  0.198213092856345E+001  0.289904071135859E+001  0.186509378954989E+001 -0.388117163992204E+001 -0.762657020629066E+001 -0.298871070630418E+002
  0.100000000000000E+001  0.254827125778873E+003  0.719783665976037E+002  0.969856690170982E+000 -0.969955340397765E+000  0.135622138893224E+001  0.100009865022678E+001 -0.762657020629066E+001 -0.127413562889437E+003
  0.100000000000000E+001  0.468493777777420E+003  0.753926627844102E+002  0.208320211436642E+001 -0.216233007207366E+001  0.178483504105318E+001  0.107912795770724E+001 -0.762657020629066E+001 -0.234246888888710E+003
  0.100000000000000E+001  0.823786229940577E+004  0.768889007397583E+002  0.169023143862718E+001 -0.540323213604847E+000  0.300033577231580E+000 -0.149908225022332E+000 -0.762657020629066E+001 -0.411893114970289E+004
  0.100000000000000E+001  0.960649942583906E+003  0.652208281842760E+002  0.296875251275431E+000 -0.259599104576878E+001  0.632622599942301E+000  0.329911579449335E+001 -0.762657020629066E+001 -0.480324971291953E+003
  0.100000000000000E+001  0.169639552817922E+005  0.878024050702572E+002  0.225046512767485E+001 -0.197155882284622E+001  0.356135923241686E+000  0.721093695171367E+000 -0.762657020629066E+001 -0.848197764089612E+004
  0.100000000000000E+001  0.476119877428477E+002  0.446521000876238E+002  0.122030339548953E+001  0.121427477876015E+001  0.162987917161202E+001 -0.143457817424968E+001 -0.762657020629066E+001 -0.238059938714238E+002
  0.100000000000000E+001  0.392825296846542E+003  0.605876317875342E+002  0.183417686773712E+001 -0.279819918013748E+001  0.140893564567538E+001  0.196402231240036E+001 -0.762657020629066E+001 -0.196412648423271E+003
  0.100000000000000E+001  0.849920032352412E+002  0.567989296618083E+002  0.178776596113609E+001  0.804866054086354E+000  0.151290479277160E+001 -0.159263201522244E+001 -0.762657020629066E+001 -0.424960016176206E+002
  0.100000000000000E+001  0.293585784882842E+005  0.875080842590670E+002  0.641170235811434E+000 -0.205563236928386E+001  0.191361063378438E+000  0.241446213347242E+001 -0.762657020629066E+001 -0.146792892441421E+005
  0.100000000000000E+001  0.526530388298697E+002  0.891600140794221E+002  0.103502485842087E+001  0.228611916142517E+001  0.158408940889070E+001 -0.232114401984604E+001 -0.762657020629066E+001 -0.263265194149348E+002
  0.100000000000000E+001  0.120936943395240E+004  0.773796399777720E+002  0.998413182183974E-001 -0.209498461246843E+001  0.635253137525110E+000  0.299514329425003E+001 -0.762657020629066E+001 -0.604684716976200E+003
  0.100000000000000E+001  0.110057280516376E+003  0.757023832920197E+002  0.165060148857371E+001  0.223591594693403E+001  0.893931249566154E+000 -0.288651743550774E+001 -0.762657020629066E+001 -0.550286402581881E+002
  0.100000000000000E+001  0.405432385201255E+003  0.992071651467749E+002  0.610773707170972E+000  0.520436194205745E+000  0.844280487971725E+000 -0.131209901376717E+000 -0.762657020629066E+001 -0.202716192600628E+003
  0.100000000000000E+001  0.249222935604718E+005  0.979935962800867E+002  0.204363636387736E+001  0.106187062244676E+001  0.204290785185298E+000 -0.210550698632412E+001 -0.762657020629066E+001 -0.124611467802359E+005
  0.100000000000000E+001  0.267623435512205E+003  0.615571586659681E+002  0.153335615393058E+000 -0.126667615270705E+001  0.611074765515480E+000  0.211334053731399E+001 -0.762657020629066E+001 -0.133811717756102E+003
  0.100000000000000E+001  0.107161957941794E+003  0.501883855182840E+002  0.120451020767622E+000 -0.186602361237820E+001  0.737290473356642E+000  0.274557259161057E+001 -0.762657020629066E+001 -0.535809789708972E+002
  0.100000000000000E+001  0.591598402769127E+003  0.718487701128992E+002  0.911482408491956E+000  0.141275423412736E+000  0.542523787330358E+000 -0.527578319046921E-001 -0.762657020629066E+001 -0.295799201384563E+003
  0.100000000000000E+001  0.208018545931891E+004  0.818681817613001E+002  0.996049928824554E+000  0.164587749588347E+001  0.146612251634881E+000 -0.164192742470803E+001 -0.762657020629066E+001 -0.104009272965945E+004
  0.100000000000000E+001  0.113751129613843E+004  0.577941945141211E+002  0.256037528002567E+001 -0.154194492130024E+001  0.730524455377210E+000 -0.184303587254362E-001 -0.762657020629066E+001 -0.568755648069214E+003
  0.100000000000000E+001  0.666705349846618E+003  0.829631627115312E+002  0.294169324070049E+001 -0.124654409821203E+001  0.178113510802978E+001 -0.695149142488465E+000 -0.762657020629066E+001 -0.333352674923309E+003
  0.100000000000000E+001  0.118588895635784E+004  0.570209176530779E+002  0.299176382581327E+001 -0.189975690566151E+001  0.793190620823505E+000 -0.920069201517635E-001 -0.762657020629066E+001 -0.592944478178922E+003
  0.100000000000000E+001  0.268465494360559E+003  0.618967355404192E+002  0.667793398525689E+000 -0.153328351993200E+001  0.966624079373727E+000  0.186549012140631E+001 -0.762657020629066E+001 -0.134232747180280E+003
  0.100000000000000E+001  0.165629299398364E+004  0.828099986459301E+002  0.177325879193121E+001 -0.249383740070132E+000  0.730651587683165E+000 -0.523875051861080E+000 -0.762657020629066E+001 -0.828146496991818E+003
  0.100000000000000E+001  0.714584982622641E+003  0.689417414772874E+002  0.171593755984947E+001  0.166436172080897E+001  0.414648583509973E+000 -0.238029928065844E+001 -0.762657020629066E+001 -0.357292491311321E+003
  0.100000000000000E+001  0.808241077253999E+003  0.482442824802384E+002  0.280410162277345E+001  0.862088418973196E+000  0.451111516503689E+000 -0.266619004174664E+001 -0.762657020629066E+001 -0.404120538627000E+003
  0.100000000000000E+001  0.353939190766960E+004  0.997945272580062E+002  0.243338946685743E+001 -0.208847114492087E+001  0.968100054747191E+000  0.655081678063438E+000 -0.762657020629066E+001 -0.176969595383480E+004
  0.100000000000000E+001  0.363160106626771E+003  0.604692363157706E+002  0.238757071384671E+001 -0.292513093125740E+001  0.166864448665888E+001  0.153756021741069E+001 -0.762657020629066E+001 -0.181580053313386E+003
  0.100000000000000E+001  0.915277117043613E+002  0.434067093484648E+002  0.124643855963080E+001  0.268636293740127E+001  0.191514929684900E+001 -0.293280149703207E+001 -0.762657020629066E+001 -0.457638558521806E+002
  0.100000000000000E+001  0.240151308674632E+003  0.826334605138615E+002  0.180016008637386E+001  0.136247005069653E+001  0.133366250242727E+001 -0.216263013707039E+001 -0.762657020629066E+001 -0.120075654337316E+003
  0.100000000000000E+001  0.361741792031542E+004  0.606471524883348E+002  0.348733502589288E+000 -0.230489144908884E+001  0.269978255334750E+000  0.295615794649955E+001 -0.762657020629066E+001 -0.180870896015771E+004
  0.100000000000000E+001  0.373892083321496E+004  0.991628524308949E+002  0.104512491032694E+000 -0.263502181646754E+001  0.619762491098448E+000  0.353050932543485E+001 -0.762657020629066E+001 -0.186946041660748E+004
  0.100000000000000E+001  0.364784480575748E+004  0.669464019462978E+002  0.773948541972219E+000  0.224665103562390E+001  0.219693808511978E+000 -0.202059957759612E+001 -0.762657020629066E+001 -0.182392240287874E+004
  0.100000000000000E+001  0.178682880524059E+005  0.759006529007038E+002  0.149465609470422E+001 -0.567609253395413E+000  0.188419028797308E+000  0.729531586911962E-001 -0.762657020629066E+001 -0.893414402620294E+004
  0.100000000000000E+001  0.290515862378208E+002  0.483413716656085E+002  0.786128995881189E+000  0.691639928605500E+000  0.100088203391678E+001 -0.477768924486690E+000 -0.762657020629066E+001 -0.145257931189104E+002
  0.100000000000000E+001  0.396914405349554E+002  0.806875390076226E+002  0.105858904855843E+001  0.206239609698943E+001  0.141478982301142E+001 -0.212098514554786E+001 -0.762657020629066E+001 -0.198457202674777E+002
  0.100000000000000E+001  0.118749335738885E+005  0.797609351220314E+002  0.734290973534254E+000 -0.790964465333402E+000  0.196436387724895E+000  0.105667349179915E+001 -0.762657020629066E+001 -0.593746678694423E+004
  0.100000000000000E+001  0.880860343369259E+003  0.466362950731739E+002  0.132023621737745E+001 -0.195280343506436E+001  0.420503366585021E+000  0.163256721768690E+001 -0.762657020629066E+001 -0.440430171684630E+003
  0.100000000000000E+001  0.684160973198070E+002  0.679719279747650E+002  0.859067001027432E+000  0.538384653971518E+000  0.123025825766540E+001 -0.397451654998951E+000 -0.762657020629066E+001 -0.342080486599035E+002
  0.100000000000000E+001  0.251948098891777E+003  0.705830690932299E+002  0.219378592694762E+001 -0.348978003952936E+000  0.182794193371685E+001 -0.844807922994681E+000 -0.762657020629066E+001 -0.125974049445889E+003
  0.100000000000000E+001  0.732773163808297E+002  0.538263503706487E+002  0.498899363039766E-001 -0.217831884658967E+001  0.179873341203048E+001  0.312842891028570E+001 -0.762657020629066E+001 -0.366386581904148E+002
  0.100000000000000E+001  0.144921802112163E+003  0.416420512327501E+002  0.282476217165244E+001 -0.194538664376025E+001  0.141220891114557E+001  0.120624472107814E+000 -0.762657020629066E+001 -0.724609010560817E+002
  0.100000000000000E+001  0.195254005918630E+003  0.694167435475338E+002  0.118144738625187E+001 -0.128524574045980E+001  0.181719807980154E+001  0.110379835420793E+001 -0.762657020629066E+001 -0.976270029593151E+002
  0.100000000000000E+001  0.261890682499927E+005  0.830670449720301E+002  0.133529847020123E+001 -0.705970533743491E+000  0.176598795512411E+000  0.370672063542262E+000 -0.762657020629066E+001 -0.130945341249964E+005
  0.100000000000000E+001  0.687500094551072E+002  0.613531512361191E+002  0.182167091253002E+001  0.171748216948761E+001  0.149566940119832E+001 -0.253915308201763E+001 -0.762657020629066E+001 -0.343750047275536E+002
  0.100000000000000E+001  0.921296321007718E+002  0.403255250899127E+002  0.256270226398428E+001 -0.539911958934509E+000  0.131637913018972E+001 -0.102279030504977E+001 -0.762657020629066E+001 -0.460648160503859E+002
  0.100000000000000E+001  0.121863158489446E+003  0.573232625328300E+002  0.123967633854968E+001 -0.142990902215023E+001  0.187074199091825E+001  0.119023268360055E+001 -0.762657020629066E+001 -0.609315792447228E+002
  0.100000000000000E+001  0.429275752516376E+003  0.987435850480989E+002  0.293028149220850E+000 -0.120933620749535E+001  0.143713139439952E+001  0.191630805827450E+001 -0.762657020629066E+001 -0.214637876258188E+003
  0.100000000000000E+001  0.565360004292298E+002  0.556334831813174E+002  0.527632833538119E+000  0.140422757206787E+001  0.149180416109736E+001 -0.931860405605985E+000 -0.762657020629066E+001 -0.282680002146149E+002
  0.100000000000000E+001  0.155909046781273E+003  0.405845237721276E+002  0.231472481538632E+001 -0.135720367909757E+001  0.962040044852790E+000  0.424788637112574E-001 -0.762657020629066E+001 -0.779545233906366E+002
  0.100000000000000E+001  0.948783367086329E+002  0.413089153358935E+002  0.928823952319110E+000 -0.827070567925787E+000  0.586946277702268E+000  0.898246615606677E+000 -0.762657020629066E+001 -0.474391683543165E+002
  0.100000000000000E+001  0.110816784746034E+003  0.616109401968468E+002  0.731211682442629E+000  0.226738730099021E+001  0.194912275333805E+001 -0.199859898343284E+001 -0.762657020629066E+001 -0.554083923730172E+002
  0.100000000000000E+001  0.334280506253891E+003  0.539522831575478E+002  0.150187212329956E+001 -0.227552296413316E+000  0.641133573940921E+000 -0.274319826886243E+000 -0.762657020629066E+001 -0.167140253126945E+003
  0.100000000000000E+001  0.148284803279937E+003  0.940746932615542E+002  0.149323806968827E+001  0.184820377123930E+001  0.146556298139041E+001 -0.234144184092757E+001 -0.762657020629066E+001 -0.741424016399685E+002
  0.100000000000000E+001  0.289192164730758E+003  0.645876541763122E+002  0.269277003141285E+001  0.233252181692655E+001  0.887307075918001E+000 -0.402529184833940E+001 -0.762657020629066E+001 -0.144596082365379E+003
  0.100000000000000E+001  0.229287030720692E+005  0.585925967343482E+002  0.221625467271802E+001 -0.252211928395643E+001  0.176148791120127E+000  0.130586461123841E+001 -0.762657020629066E+001 -0.114643515360346E+005
  0.100000000000000E+001  0.864425459380994E+003  0.942577042929860E+002  0.205346196819038E+001  0.218689317285433E+001  0.730491161682737E+000 -0.324035514104471E+001 -0.762657020629066E+001 -0.432212729690497E+003
  0.100000000000000E+001  0.125648546706634E+003  0.628884149135241E+002  0.635164246811853E+000 -0.145742554179997E+001  0.164204606860137E+001  0.182226129498812E+001 -0.762657020629066E+001 -0.628242733533171E+002
  0.100000000000000E+001  0.520404920072056E+003  0.984963029169724E+002  0.144119606186633E+001 -0.538385881166221E+000  0.169578487864690E+001  0.971898192998908E-001 -0.762657020629066E+001 -0.260202460036028E+003
  0.100000000000000E+001  0.946491186961829E+002  0.692568894372385E+002  0.531812176685134E-001 -0.137708018704495E+001  0.187399051653482E+001  0.232389896937644E+001 -0.762657020629066E+001 -0.473245593480914E+002
  0.100000000000000E+001  0.577578132171484E+002  0.766327441282383E+002  0.127762016349071E+001  0.176984615454778E+001  0.143012739673745E+001 -0.204746631803849E+001 -0.762657020629066E+001 -0.288789066085742E+002
  0.100000000000000E+001  0.397229488472873E+004  0.771572196546244E+002  0.226965988720870E+001  0.272308444237382E+001  0.224060724946913E+000 -0.399274432958252E+001 -0.762657020629066E+001 -0.198614744236436E+004
  0.100000000000000E+001  0.129581438958009E+003  0.869697379512908E+002  0.173053943495480E+001  0.207056365167195E+001  0.152388780349063E+001 -0.280110308662675E+001 -0.762657020629066E+001 -0.647907194790046E+002
  0.100000000000000E+001  0.738521605931969E+003  0.812100827894410E+002  0.129759757147942E+001  0.106502660057268E+001  0.550304700644271E+000 -0.136262417205210E+001 -0.762657020629066E+001 -0.369260802965984E+003
  0.100000000000000E+001  0.787431602799746E+005  0.977295724035456E+002  0.674202539041542E+000 -0.286781037425116E+001  0.158870488693856E+000  0.319360783520962E+001 -0.762657020629066E+001 -0.393715801399873E+005
  0.100000000000000E+001  0.687034583434910E+003  0.425350380228849E+002  0.296934425164042E+001 -0.256773953431100E+001  0.670794876447496E+000  0.598395282670574E+000 -0.762657020629066E+001 -0.343517291717455E+003
  0.100000000000000E+001  0.127903355689524E+006  0.745214332170475E+002  0.256246394353379E+001 -0.299190094070091E+001  0.119425382536165E+000  0.142943699716711E+001 -0.762657020629066E+001 -0.639516778447619E+005
  0.100000000000000E+001  0.185256636129737E+004  0.596152399086856E+002  0.189993895721194E+001 -0.661842124907492E+000  0.442009809413861E+000 -0.238096832304453E+000 -0.762657020629066E+001 -0.926283180648684E+003
  0.100000000000000E+001  0.684688360362632E+003  0.901655867450632E+002  0.276743318022451E+001  0.276846517180353E+001  0.952565562227255E+000 -0.453589835202804E+001 -0.762657020629066E+001 -0.342344180181316E+003
  0.100000000000000E+001  0.562657866636808E+002  0.513159498213808E+002  0.407691992523152E+000  0.107805344466556E+001  0.162557658428715E+001 -0.485745437188713E+000 -0.762657020629066E+001 -0.281328933318404E+002
  0.100000000000000E+001  0.169101947434199E+002  0.626048921524085E+002  0.524249594316880E-001  0.292118571838653E+000  0.918351422612203E+000  0.655456468729659E+000 -0.762657020629066E+001 -0.845509737170994E+001
  0.100000000000000E+001  0.220685759293085E+003  0.737810633165106E+002  0.208653097331903E+001 -0.263935964711344E-001  0.197627335365719E+001 -0.106013737684790E+001 -0.762657020629066E+001 -0.110342879646542E+003
  0.100000000000000E+001  0.375307370298124E+003  0.788628973411065E+002  0.265216869439043E+000  0.513385738423035E+000  0.268105773731059E+000  0.221397392137922E+000 -0.762657020629066E+001 -0.187653685149062E+003
  0.100000000000000E+001  0.165020395499937E+005  0.543196198252886E+002  0.286255060866497E+001 -0.101108935797587E+001  0.173261961087828E+000 -0.851461250689106E+000 -0.762657020629066E+001 -0.825101977499684E+004
  0.100000000000000E+001  0.269564027341532E+004  0.575782386507233E+002  0.188738953545387E+001 -0.123429280925427E-001  0.296871440683524E+000 -0.875046607361324E+000 -0.762657020629066E+001 -0.134782013670766E+004
  0.100000000000000E+001  0.988581892284047E+002  0.828959894678536E+002  0.114682677316150E+001  0.119785549446361E+001  0.154843291316042E+001 -0.134468226762511E+001 -0.762657020629066E+001 -0.494290946142023E+002
  0.100000000000000E+001  0.448788638899063E+002  0.422109628142340E+002  0.955010927562199E+000  0.885917024452958E+000  0.137299834056973E+001 -0.840927952015156E+000 -0.762657020629066E+001 -0.224394319449531E+002
  0.100000000000000E+001  0.632223981215002E+002  0.532481365276077E+002  0.171006729823758E+001  0.277832084561162E+001  0.115088415264042E+001 -0.348838814384920E+001 -0.762657020629066E+001 -0.316111990607501E+002
  0.100000000000000E+001  0.446180546269851E+005  0.854438133082801E+002  0.140704581008389E+001 -0.229016884987968E+001  0.187506338175706E+000  0.188312303979578E+001 -0.762657020629066E+001 -0.223090273134926E+005
  0.100000000000000E+001  0.948284559162994E+003  0.910711994675140E+002  0.248802033310341E+001 -0.205553054313997E+000  0.135797569764443E+001 -0.128246727878941E+001 -0.762657020629066E+001 -0.474142279581497E+003
  0.100000000000000E+001  0.310091433290148E+003  0.674923036379563E+002  0.707044587694789E+000  0.209766676411304E+001  0.658707783428934E+000 -0.180471135180783E+001 -0.762657020629066E+001 -0.155045716645074E+003
  0.100000000000000E+001  0.130497919861684E+004  0.753300600579241E+002  0.242665449215804E+001 -0.245999100083371E+001  0.112347882735691E+001  0.103333650867568E+001 -0.762657020629066E+001 -0.652489599308420E+003
  0.100000000000000E+001  0.876416592458093E+004  0.984115758924224E+002  0.259487451393998E+001 -0.282977070317168E+001  0.658741002567578E+000  0.123489618923170E+001 -0.762657020629066E+001 -0.438208296229046E+004
  0.100000000000000E+001  0.121396832674837E+005  0.838435453295423E+002  0.979704136967130E+000  0.747909838636494E-001  0.181428129142286E+000 -0.544951208307792E-001 -0.762657020629066E+001 -0.606984163374184E+004
  0.100000000000000E+001  0.840314287734609E+003  0.994298186211593E+002  0.190298784279450E+001  0.185930360382570E+000  0.132323122408855E+001 -0.108891820317707E+001 -0.762657020629066E+001 -0.420157143867305E+003
  0.100000000000000E+001  0.578708372493826E+002  0.413209745627039E+002  0.189582607827515E+001  0.237377745145536E+001  0.140862744835775E+001 -0.326960352973051E+001 -0.762657020629066E+001 -0.289354186246913E+002
  0.100000000000000E+001  0.480036661866659E+005  0.828608153298906E+002  0.287169830786473E+001  0.566891668436313E+000  0.160761921653185E+000 -0.243858997630105E+001 -0.762657020629066E+001 -0.240018330933329E+005
  0.100000000000000E+001  0.218298991988725E+003  0.919373210221334E+002  0.157459736554514E+001  0.159337964386758E+001  0.134715762709369E+001 -0.216797700941272E+001 -0.762657020629066E+001 -0.109149495994363E+003
  0.100000000000000E+001  0.261081637987503E+004  0.872435867305641E+002  0.167544537772634E+001 -0.171054449097972E+001  0.780910752975606E+000  0.103509911325338E+001 -0.762657020629066E+001 -0.130540818993752E+004
  0.100000000000000E+001  0.144550626173409E+003  0.571828931080439E+002  0.499515645703235E+000 -0.602398091708681E+000  0.628755318831801E+000  0.110288244600545E+001 -0.762657020629066E+001 -0.722753130867045E+002
  0.100000000000000E+001  0.230018559041010E+003  0.688377887803944E+002  0.105663109468020E+001 -0.194005052771567E+001  0.176442066448002E+001  0.188341943303547E+001 -0.762657020629066E+001 -0.115009279520505E+003
  0.100000000000000E+001  0.723932346882790E+002  0.440618143748837E+002  0.175744336725126E+001 -0.702059635162948E+000  0.168593028635312E+001 -0.553837320883102E-001 -0.762657020629066E+001 -0.361966173441395E+002
  0.100000000000000E+001  0.365592546336846E+003  0.578316908798608E+002  0.682862291295567E+000 -0.266907381664624E+001  0.957067748110019E+000  0.298621152535067E+001 -0.762657020629066E+001 -0.182796273168423E+003
  0.100000000000000E+001  0.427031756941613E+002  0.419250598719905E+002  0.101226202900679E+001  0.325113443403104E-001  0.810004341334157E+000 -0.447733733471010E-001 -0.762657020629066E+001 -0.213515878470806E+002
  0.100000000000000E+001  0.255321646305554E+005  0.595292016292398E+002  0.117996728889703E+001 -0.181136083698088E+001  0.119502061931717E+000  0.163139354808385E+001 -0.762657020629066E+001 -0.127660823152777E+005
  0.100000000000000E+001  0.161138150803456E+003  0.726928058323020E+002  0.462739106949379E+000 -0.254547797319247E+000  0.923191987442016E+000  0.791808690369868E+000 -0.762657020629066E+001 -0.805690754017281E+002
  0.100000000000000E+001  0.198772103075102E+004  0.848120596128382E+002  0.288917363138239E+001 -0.115249550368397E+001  0.101458156478290E+001 -0.736678127698420E+000 -0.762657020629066E+001 -0.993860515375509E+003
  0.100000000000000E+001  0.163102174658167E+004  0.611156465860902E+002  0.111947522313019E+001 -0.230796316277484E+001  0.529325084230332E+000  0.218848793964465E+001 -0.762657020629066E+001 -0.815510873290836E+003
  0.100000000000000E+001  0.780582139010881E+002  0.531022678504359E+002  0.784379935798709E-001 -0.234399637797008E+001  0.163047025717919E+001  0.326555838439021E+001 -0.762657020629066E+001 -0.390291069505441E+002
  0.100000000000000E+001  0.972792476626575E+004  0.803381228425558E+002  0.230151924650245E+001 -0.246343662587280E+001  0.439964615090775E+000  0.116191737937035E+001 -0.762657020629066E+001 -0.486396238313287E+004
  0.100000000000000E+001  0.447704739761781E+003  0.692934817771082E+002  0.937342704393971E+000 -0.577283547045035E+000  0.789188692821831E+000  0.639940842651063E+000 -0.762657020629066E+001 -0.223852369880891E+003
  0.100000000000000E+001  0.129579226142417E+004  0.748570678433365E+002  0.200110975808132E+001 -0.173784107990372E+001  0.949796615152953E+000  0.736731321822404E+000 -0.762657020629066E+001 -0.647896130712086E+003
  0.100000000000000E+001  0.542255172599159E+002  0.667450495018658E+002  0.338714251293613E+000  0.928694258138276E-001  0.193916121542595E+001  0.568416322892560E+000 -0.762657020629066E+001 -0.271127586299580E+002
  0.100000000000000E+001  0.645783116385017E+003  0.950922348891135E+002  0.259972351946911E+001 -0.605251134461072E+000  0.193032226313809E+001 -0.994472385008043E+000 -0.762657020629066E+001 -0.322891558192509E+003
  0.100000000000000E+001  0.221354508545964E+004  0.600912238764004E+002  0.181929256066812E+001 -0.142430774964162E+001  0.460607665051060E+000  0.605015188973501E+000 -0.762657020629066E+001 -0.110677254272982E+004
  0.100000000000000E+001  0.895296585840932E+004  0.631625076966166E+002  0.164852648209023E+001 -0.841123112525967E+000  0.214849228947459E+000  0.192596630435740E+000 -0.762657020629066E+001 -0.447648292920466E+004
  0.100000000000000E+001  0.129947251136603E+003  0.754891310546186E+002  0.214230839880601E+001  0.274069834507193E+001  0.111086365046864E+001 -0.388300674387794E+001 -0.762657020629066E+001 -0.649736255683013E+002
  0.100000000000000E+001  0.854497974619952E+003  0.976346061252203E+002  0.275914338907690E+001  0.214646171408106E+001  0.112959715505719E+001 -0.390560510315796E+001 -0.762657020629066E+001 -0.427248987309976E+003
  0.100000000000000E+001  0.748271518768409E+003  0.892582162250558E+002  0.111190918310988E+001 -0.600280961619241E+000  0.106571902352626E+001  0.488371778509362E+000 -0.762657020629066E+001 -0.374135759384204E+003
  0.100000000000000E+001  0.761784854922952E+003  0.766052015639962E+002  0.140848140304245E+001 -0.806424582702776E+000  0.947513215192261E+000  0.397943179660328E+000 -0.762657020629066E+001 -0.380892427461476E+003
  0.100000000000000E+001  0.258681539564441E+003  0.555476072168330E+002  0.243792004246539E+001  0.163159960687711E+001  0.737901939811514E+000 -0.306951964934250E+001 -0.762657020629066E+001 -0.129340769782221E+003
  0.100000000000000E+001  0.483081921448950E+003  0.881451463743514E+002  0.170271142538301E+001  0.136591777073548E+001  0.953413186716860E+000 -0.206862919611848E+001 -0.762657020629066E+001 -0.241540960724475E+003
  0.100000000000000E+001  0.323978543951142E+003  0.650051034594940E+002  0.209179251555072E+001 -0.902275008063906E+000  0.142842914327442E+001 -0.189517507486813E+000 -0.762657020629066E+001 -0.161989271975571E+003
  0.100000000000000E+001  0.208404406745086E+004  0.555980599857855E+002  0.208090108896538E+001  0.299592824638968E+001  0.176767366178702E+000 -0.407682933535505E+001 -0.762657020629066E+001 -0.104202203372543E+004
  0.100000000000000E+001  0.151892366952173E+003  0.868153264209402E+002  0.712505456342732E-001 -0.749938893340393E+000  0.151051192254903E+001  0.167868834770612E+001 -0.762657020629066E+001 -0.759461834760864E+002
  0.100000000000000E+001  0.692138875047342E+003  0.874264767662247E+002  0.259502236482451E+001 -0.163783823208753E+000  0.154143337318395E+001 -0.143123854161576E+001 -0.762657020629066E+001 -0.346069437523671E+003
  0.100000000000000E+001  0.231228497006321E+004  0.744977370001386E+002  0.751823595239801E+000 -0.149234467118368E+001  0.475866245372094E+000  0.174052107594388E+001 -0.762657020629066E+001 -0.115614248503160E+004
  0.100000000000000E+001  0.276087606723822E+003  0.606912880191167E+002  0.204243457880704E+001  0.519797169503716E+000  0.970597166328669E+000 -0.156223174831075E+001 -0.762657020629066E+001 -0.138043803361911E+003
  0.100000000000000E+001  0.101209209654773E+003  0.539222905694071E+002  0.164441323379033E+001  0.465718661096000E+000  0.108722547939839E+001 -0.111013189488633E+001 -0.762657020629066E+001 -0.506046048273866E+002
  0.100000000000000E+001  0.208203313536434E+003  0.663417903038088E+002  0.652303952759149E+000 -0.223294569705073E+001  0.161215219764446E+001  0.258064174429158E+001 -0.762657020629066E+001 -0.104101656768217E+003
  0.100000000000000E+001  0.176748178681862E+003  0.610376575921687E+002  0.280455497203945E+001  0.449247348490696E+000  0.185968683750639E+001 -0.225380232053015E+001 -0.762657020629066E+001 -0.883740893409310E+002
  0.100000000000000E+001  0.241361754993918E+004  0.988506018040557E+002  0.118249812986174E+001  0.344523237982790E+000  0.552731113912802E+000 -0.527021367844534E+000 -0.762657020629066E+001 -0.120680877496959E+004
  0.100000000000000E+001  0.844639131637762E+004  0.888559104686356E+002  0.270402057046183E+001 -0.143435098798002E+001  0.522827579428768E+000 -0.269669582481803E+000 -0.762657020629066E+001 -0.422319565818881E+004
  0.100000000000000E+001  0.107904860304941E+003  0.464591342209286E+002  0.132655300278873E+001 -0.117463926900018E+001  0.104996825461088E+001  0.848086266211448E+000 -0.762657020629066E+001 -0.539524301524704E+002
  0.100000000000000E+001  0.372790433977454E+002  0.561190440794223E+002  0.330278051931615E+000  0.321319570743229E+000  0.449739223485039E+000  0.348402377325156E+000 -0.762657020629066E+001 -0.186395216988727E+002
  0.100000000000000E+001  0.259109086145397E+004  0.778069735461550E+002  0.263946131373418E+001  0.293540431990537E+001  0.335616332413057E+000 -0.457486563363955E+001 -0.762657020629066E+001 -0.129554543072699E+004
  0.100000000000000E+001  0.785593158956818E+003  0.851945876201051E+002  0.135210504603050E+001  0.298358443929780E+000  0.827215952379726E+000 -0.650463489960279E+000 -0.762657020629066E+001 -0.392796579478409E+003
  0.100000000000000E+001  0.886377850245635E+002  0.477990988697259E+002  0.158209996377022E+001  0.464498805627081E+000  0.806078690177931E+000 -0.104659876939730E+001 -0.762657020629066E+001 -0.443188925122818E+002
  0.100000000000000E+001  0.985425194052310E+003  0.413893658649228E+002  0.259358758065377E+001 -0.438375071194593E+000  0.362958949232105E+000 -0.115521250945918E+001 -0.762657020629066E+001 -0.492712597026155E+003
  0.100000000000000E+001  0.267945743248139E+003  0.924794194640850E+002  0.118966919980829E+001  0.388441145142077E+000  0.156444074850890E+001 -0.578110344950369E+000 -0.762657020629066E+001 -0.133972871624069E+003
  0.100000000000000E+001  0.310274612258983E+004  0.666655647500902E+002  0.125171345515438E+001 -0.219909707019136E+001  0.455723904609101E+000  0.194738361503697E+001 -0.762657020629066E+001 -0.155137306129492E+004
  0.100000000000000E+001  0.109894018171434E+004  0.926349638954601E+002  0.869662019709734E+000 -0.959281261115469E+000  0.925302636891942E+000  0.108961924140573E+001 -0.762657020629066E+001 -0.549470090857170E+003
  0.100000000000000E+001  0.780348372963738E+003  0.822917244050486E+002  0.211158668134514E+001 -0.964314992579976E+000  0.132018216797096E+001 -0.147271688765161E+000 -0.762657020629066E+001 -0.390174186481869E+003
  0.100000000000000E+001  0.211617310115981E+004  0.622282225049529E+002  0.952931898085317E+000  0.522910588343986E+000  0.173724970881491E+000 -0.475842486429302E+000 -0.762657020629066E+001 -0.105808655057990E+004
  0.100000000000000E+001  0.496879339970612E+002  0.637359064665569E+002  0.620546986084206E+000  0.812747294487965E+000  0.196618652063719E+001 -0.433294280572171E+000 -0.762657020629066E+001 -0.248439669985306E+002
  0.100000000000000E+001  0.236410202259828E+003  0.588706473294293E+002  0.212902507553160E+001 -0.234943973602496E+001  0.185557609370615E+001  0.122041466049336E+001 -0.762657020629066E+001 -0.118205101129914E+003
  0.100000000000000E+001  0.518479641759874E+002  0.423268422720277E+002  0.900903341498942E+000 -0.120710051611660E+001  0.152815127096826E+001  0.130619717461765E+001 -0.762657020629066E+001 -0.259239820879937E+002
  0.100000000000000E+001  0.952699842057088E+002  0.465176516008531E+002  0.224880594708695E+001 -0.255819377101359E+000  0.154623338644762E+001 -0.992986569985589E+000 -0.762657020629066E+001 -0.476349921028544E+002
  0.100000000000000E+001  0.488146583235245E+003  0.933113031970583E+002  0.181888268000063E+001  0.277033403256806E+001  0.582904885867415E+000 -0.358921671256869E+001 -0.762657020629066E+001 -0.244073291617623E+003
  0.100000000000000E+001  0.726599056302569E+002  0.522225169771768E+002  0.165283988500631E+001  0.331959860296338E+000  0.176083479762666E+001 -0.984799745302649E+000 -0.762657020629066E+001 -0.363299528151284E+002
  0.100000000000000E+001  0.220557391090719E+005  0.989505325214890E+002  0.186314998116752E+001  0.148045554643459E+001  0.181462166927758E+000 -0.234360552760211E+001 -0.762657020629066E+001 -0.110278695545360E+005
  0.100000000000000E+001  0.708898214607763E+003  0.959660956852590E+002  0.615509704871095E+000 -0.224799541669797E+001  0.148817247214664E+001  0.263248571182688E+001 -0.762657020629066E+001 -0.354449107303881E+003
  0.100000000000000E+001  0.497908927377035E+002  0.577843395232333E+002  0.923457240326934E+000  0.112174921846252E+001  0.192637861359779E+001 -0.104520645878946E+001 -0.762657020629066E+001 -0.248954463688517E+002
  0.100000000000000E+001  0.345490385479242E+003  0.850441709147184E+002  0.177393527334517E+001  0.375706691999194E+000  0.153471105021022E+001 -0.114964196534436E+001 -0.762657020629066E+001 -0.172745192739621E+003
  0.100000000000000E+001  0.656469777766610E+002  0.539409066918130E+002  0.100989688317292E+001  0.893377659753458E+000  0.527920644491053E+000 -0.903274542926380E+000 -0.762657020629066E+001 -0.328234888883305E+002
  0.100000000000000E+001  0.112609679011840E+003  0.567937219280558E+002  0.233197569202186E+001  0.182849804432438E+001  0.111726138882952E+001 -0.316047373634624E+001 -0.762657020629066E+001 -0.563048395059202E+002
  0.100000000000000E+001  0.451636831235293E+003  0.997123443480966E+002  0.293643387577118E+000 -0.817250373052508E+000  0.124115451522411E+001  0.152360698547539E+001 -0.762657020629066E+001 -0.225818415617646E+003
  0.100000000000000E+001  0.222517222058722E+005  0.877747161786559E+002  0.206732204332260E+001 -0.215420203739653E+001  0.307332006793146E+000  0.108687999407394E+001 -0.762657020629066E+001 -0.111258611029361E+005
  0.100000000000000E+001  0.755082185140334E+002  0.696560648735521E+002  0.162504742114799E+001  0.214967793821244E+001  0.934997581346593E+000 -0.277472535936043E+001 -0.762657020629066E+001 -0.377541092570167E+002
  0.100000000000000E+001  0.338180577436501E+002  0.834947126473321E+002  0.697547352952050E+000  0.155153698514702E+001  0.139757032979459E+001 -0.124908433809907E+001 -0.762657020629066E+001 -0.169090288718251E+002
  0.100000000000000E+001  0.157442225015701E+004  0.681245360940270E+002  0.111153141497357E+001 -0.157901611466609E+001  0.567804017754250E+000  0.146748469969252E+001 -0.762657020629066E+001 -0.787211125078503E+003
  0.100000000000000E+001  0.880510695834217E+003  0.684658441975853E+002  0.250072833732309E+001 -0.172479416113388E+001  0.111269827872770E+001  0.224065823810792E+000 -0.762657020629066E+001 -0.440255347917109E+003
  0.100000000000000E+001  0.102410661913871E+004  0.892739753439966E+002  0.265770082727983E+001  0.145768913520253E+001  0.998245711484001E+000 -0.311538996248237E+001 -0.762657020629066E+001 -0.512053309569356E+003
  0.100000000000000E+001  0.305106526365890E+002  0.552848158930273E+002  0.370663711857690E+000  0.763861141625068E+000  0.103524696408084E+001 -0.134524853482758E+000 -0.762657020629066E+001 -0.152553263182945E+002
  0.100000000000000E+001  0.101495923745189E+003  0.882471402822938E+002  0.456335142805586E+000  0.156662057283171E+000  0.186385066702631E+001  0.387002799911243E+000 -0.762657020629066E+001 -0.507479618725946E+002
  0.100000000000000E+001  0.516475921462580E+002  0.731157801091533E+002  0.655425200305086E+000  0.168374518555151E+001  0.741405232281283E+000 -0.133917038585659E+001 -0.762657020629066E+001 -0.258237960731290E+002
  0.100000000000000E+001  0.380827685811855E+004  0.911633329047868E+002  0.143205365642676E+001 -0.187225073187620E+001  0.668423910824580E+000  0.144019707544944E+001 -0.762657020629066E+001 -0.190413842905928E+004
  0.100000000000000E+001  0.254469085425511E+003  0.919580187870935E+002  0.217773373910756E+001  0.234941468479597E+001  0.139172239814388E+001 -0.352714842390353E+001 -0.762657020629066E+001 -0.127234542712756E+003
  0.100000000000000E+001  0.494026781680439E+002  0.871984462067451E+002  0.137835626826216E+000  0.904363851662546E+000  0.177881286888462E+001 -0.421994784887618E-001 -0.762657020629066E+001 -0.247013390840220E+002
  0.100000000000000E+001  0.541401351146734E+004  0.823584307478440E+002  0.263888958292658E+001 -0.237927577969995E+001  0.637701430258857E+000  0.740386196773367E+000 -0.762657020629066E+001 -0.270700675573367E+004
  0.100000000000000E+001  0.541788562620638E+002  0.410560802769519E+002  0.424595762237352E+000 -0.198784537801114E+001  0.181915504651629E+001  0.256324961577378E+001 -0.762657020629066E+001 -0.270894281310319E+002
  0.100000000000000E+001  0.759920597896693E+002  0.499305041424106E+002  0.113073469042840E+001  0.106753090342258E+000  0.768997320209902E+000 -0.237487780770656E+000 -0.762657020629066E+001 -0.379960298948347E+002
  0.100000000000000E+001  0.599301569476989E+003  0.484488015634426E+002  0.274698690084922E+001 -0.134927314126157E+001  0.750575889781364E+000 -0.397713759587652E+000 -0.762657020629066E+001 -0.299650784738494E+003
  0.100000000000000E+001  0.461461807734122E+002  0.774715405131233E+002  0.129843852204236E+001  0.244876082355453E+001  0.113721974160795E+001 -0.274719934559689E+001 -0.762657020629066E+001 -0.230730903867061E+002
  0.100000000000000E+001  0.175406611449239E+004  0.490207111781463E+002  0.772237621466439E+000 -0.268559845711472E+001  0.320872566826271E+000  0.291336083564828E+001 -0.762657020629066E+001 -0.877033057246193E+003
  0.100000000000000E+001  0.383800305211249E+003  0.719279915389680E+002  0.196088193595341E+001 -0.246246322913118E+001  0.188896690137733E+001  0.150158129317778E+001 -0.762657020629066E+001 -0.191900152605624E+003
  0.100000000000000E+001  0.938242418078417E+003  0.718647043719721E+002  0.173436215659259E+001 -0.145255334455887E+001  0.946846471673679E+000  0.718191187966277E+000 -0.762657020629066E+001 -0.469121209039208E+003
  0.100000000000000E+001  0.179046499091993E+003  0.635752139461778E+002  0.276620464818406E+001  0.125510523290497E+001  0.163478324348214E+001 -0.302130988108903E+001 -0.762657020629066E+001 -0.895232495459965E+002
  0.100000000000000E+001  0.707251082908742E+002  0.490522174654427E+002  0.189667290644529E+001  0.591257319599959E+000  0.143198959125816E+001 -0.148793022604525E+001 -0.762657020629066E+001 -0.353625541454371E+002
  0.100000000000000E+001  0.112263662833496E+004  0.953543923651604E+002  0.247672672246042E+001  0.742656504558493E+000  0.114164695515014E+001 -0.221938322701891E+001 -0.762657020629066E+001 -0.561318314167479E+003
  0.100000000000000E+001  0.725041912056303E+002  0.463699389239581E+002  0.689457379631314E+000 -0.216549494863619E+001  0.183510140162749E+001  0.247603756900488E+001 -0.762657020629066E+001 -0.362520956028152E+002
  0.100000000000000E+001  0.247835001463164E+003  0.824759164421847E+002  0.596293356652261E+000 -0.756664371465918E+000  0.140872382825002E+001  0.116037101481366E+001 -0.762657020629066E+001 -0.123917500731582E+003
  0.100000000000000E+001  0.500101168401400E+004  0.963760906584712E+002  0.310926816420042E+000 -0.204067237913405E+001  0.484511517220841E+000  0.272974556271401E+001 -0.762657020629066E+001 -0.250050584200700E+004
  0.100000000000000E+001  0.181974545823901E+004  0.778187289741411E+002  0.244923872845796E+001 -0.111311708959617E+001  0.858450995897397E+000 -0.336121638861794E+000 -0.762657020629066E+001 -0.909872729119506E+003
  0.100000000000000E+001  0.359524634845881E+003  0.946633735747305E+002  0.176901079740455E+001  0.270044614025070E+001  0.686897467708297E+000 -0.346945693765525E+001 -0.762657020629066E+001 -0.179762317422940E+003
  0.100000000000000E+001  0.468738499167142E+002  0.545728261555767E+002  0.173550112208500E+001  0.235510112955652E+001  0.140399478835542E+001 -0.309060225164152E+001 -0.762657020629066E+001 -0.234369249583571E+002
  0.100000000000000E+001  0.149892542667650E+003  0.444950475322630E+002  0.618023544785075E+000 -0.296918391929922E+001  0.904790660477302E+000  0.335116037451414E+001 -0.762657020629066E+001 -0.749462713338250E+002
  0.100000000000000E+001  0.206872209962843E+003  0.583242522097997E+002  0.219389287414235E+001 -0.156481352834038E+001  0.180295291170277E+001  0.370920654198029E+000 -0.762657020629066E+001 -0.103436104981421E+003
  0.100000000000000E+001  0.144322582202536E+003  0.555372900299664E+002  0.124851358953138E+001  0.438334669786541E+000  0.666649134857663E+000 -0.686848259317918E+000 -0.762657020629066E+001 -0.721612911012678E+002
  0.100000000000000E+001  0.768338555170912E+004  0.887895284873742E+002  0.119232830076165E+001 -0.830148050868327E-001  0.295683556673818E+000 -0.109313495674814E+000 -0.762657020629066E+001 -0.384169277585456E+004
  0.100000000000000E+001  0.812262452026981E+002  0.809792136892778E+002  0.132116625553185E+001  0.158295470280243E+001  0.170385304951696E+001 -0.190412095833428E+001 -0.762657020629066E+001 -0.406131226013490E+002
  0.100000000000000E+001  0.626615348939868E+002  0.492270805495014E+002  0.198285998681687E+001  0.128993108838035E+001  0.190315205478912E+001 -0.227279107519721E+001 -0.762657020629066E+001 -0.313307674469934E+002
  0.100000000000000E+001  0.161391611938041E+004  0.651974402990658E+002  0.162061242201509E+001 -0.192707465039272E+001  0.639434591987377E+000  0.130646222837763E+001 -0.762657020629066E+001 -0.806958059690204E+003
  0.100000000000000E+001  0.297212154241155E+002  0.599578421093623E+002  0.433086870248177E+000  0.656148494196349E+000  0.137054115337488E+001 -0.892353644445255E-001 -0.762657020629066E+001 -0.148606077120578E+002
  0.100000000000000E+001  0.134685473479404E+004  0.967812024813915E+002  0.258804375773646E+001  0.135933513704647E+001  0.979921866772197E+000 -0.294737889478294E+001 -0.762657020629066E+001 -0.673427367397020E+003
  0.100000000000000E+001  0.965124442550889E+002  0.715898914404170E+002  0.166755081015127E+001  0.129891300238503E+001  0.195156339034347E+001 -0.196646381253630E+001 -0.762657020629066E+001 -0.482562221275444E+002
  0.100000000000000E+001  0.551675222235122E+002  0.486089035776147E+002  0.710599896592892E+000 -0.977743778187119E+000  0.134452539973465E+001  0.126714388159423E+001 -0.762657020629066E+001 -0.275837611117561E+002
  0.100000000000000E+001  0.464827235987125E+002  0.570792623631223E+002  0.166580813663739E+000 -0.799188553033113E+000  0.144752840159314E+001  0.163260773936937E+001 -0.762657020629066E+001 -0.232413617993562E+002
  0.100000000000000E+001  0.170915972844267E+003  0.473418779493521E+002  0.955298823038290E+000  0.124195532674980E+001  0.422228926297367E+000 -0.119725414978809E+001 -0.762657020629066E+001 -0.854579864221336E+002
  0.100000000000000E+001  0.543120893886938E+002  0.909792911271563E+002  0.298448670952349E+000  0.121208997849160E+001  0.195012957363144E+001 -0.510538649443944E+000 -0.762657020629066E+001 -0.271560446943469E+002
  0.100000000000000E+001  0.967592427833647E+004  0.986653256583944E+002  0.241982605792902E+001  0.172608972019430E+001  0.327056926350702E+000 -0.314591577812332E+001 -0.762657020629066E+001 -0.483796213916824E+004
  0.100000000000000E+001  0.181967828851654E+004  0.827896912406493E+002  0.149647726368250E+001 -0.283990939127358E+001  0.966603161152264E+000  0.234343212759108E+001 -0.762657020629066E+001 -0.909839144258272E+003
  0.100000000000000E+001  0.715733415689524E+003  0.538933037992025E+002  0.297984146979386E+001 -0.131147123468237E+001  0.870418782324423E+000 -0.668370235111492E+000 -0.762657020629066E+001 -0.357866707844762E+003
  0.100000000000000E+001  0.279858828369411E+004  0.736219414654156E+002  0.126018229499257E+001 -0.107927845958050E+001  0.462690472052203E+000  0.819096164587929E+000 -0.762657020629066E+001 -0.139929414184706E+004
  0.100000000000000E+001  0.110014089228621E+004  0.841657204080586E+002  0.148586862753366E+001 -0.107614177879157E+000  0.809086606668785E+000 -0.378254449654499E+000 -0.762657020629066E+001 -0.550070446143103E+003
  0.100000000000000E+001  0.155871430047192E+004  0.993583566513117E+002  0.279045793492485E+001 -0.144486208633152E+001  0.145148142205572E+001 -0.345595848593336E+000 -0.762657020629066E+001 -0.779357150235961E+003
  0.100000000000000E+001  0.523358078983573E+003  0.884742095672033E+002  0.911331462999006E+000 -0.198979186212181E+001  0.160387543369145E+001  0.207846039912281E+001 -0.762657020629066E+001 -0.261679039491786E+003
  0.100000000000000E+001  0.290521007956889E+003  0.693798263447109E+002  0.213699883599515E+001  0.232991452757637E+000  0.139169724427219E+001 -0.136999028875279E+001 -0.762657020629066E+001 -0.145260503978445E+003
  0.100000000000000E+001  0.386121509696229E+003  0.493023205673775E+002  0.293726058817747E+001 -0.147324858707633E+001  0.103972550488259E+001 -0.464012001101147E+000 -0.762657020629066E+001 -0.193060754848114E+003
  0.100000000000000E+001  0.249067427073713E+003  0.730884292646079E+002  0.131486905630652E+000 -0.253382442501740E+001  0.153437709728326E+001  0.340233751938675E+001 -0.762657020629066E+001 -0.124533713536856E+003
  0.100000000000000E+001  0.117210428520476E+004  0.957306126390696E+002  0.241589463683308E+001  0.146511166830074E+001  0.952917133834613E+000 -0.288100630513383E+001 -0.762657020629066E+001 -0.586052142602378E+003
  0.100000000000000E+001  0.845713724385033E+004  0.859253412440418E+002  0.119994821754963E+001 -0.239508976883090E+001  0.420687284173583E+000  0.219514155128127E+001 -0.762657020629066E+001 -0.422856862192516E+004
  0.100000000000000E+001  0.853535682538780E+003  0.934868396994437E+002  0.176835240805079E+000 -0.131177561088628E+001  0.878447031307462E+000  0.213494037008120E+001 -0.762657020629066E+001 -0.426767841269390E+003
  0.100000000000000E+001  0.845289005011073E+002  0.502051218129941E+002  0.242489551902695E+001  0.191364689546405E+001  0.107324129753619E+001 -0.333854241449100E+001 -0.762657020629066E+001 -0.422644502505537E+002
  0.100000000000000E+001  0.285059420008192E+003  0.958654466174277E+002  0.512372394385119E+000 -0.696133284620630E+000  0.163772947994563E+001  0.118376089023551E+001 -0.762657020629066E+001 -0.142529710004096E+003
  0.100000000000000E+001  0.209204944452390E+003  0.653401618373975E+002  0.668362078311747E+000 -0.214277018326712E+001  0.152642806275200E+001  0.247440810495538E+001 -0.762657020629066E+001 -0.104602472226195E+003
  0.100000000000000E+001  0.445412298087437E+002  0.492293815324309E+002  0.150641545992582E+001  0.193913552811603E+001  0.996796143765954E+000 -0.244555098804185E+001 -0.762657020629066E+001 -0.222706149043718E+002
  0.100000000000000E+001  0.182175830430601E+003  0.654696156837372E+002  0.255097577529101E+001  0.693627631939173E+000  0.180854824106372E+001 -0.224460340723018E+001 -0.762657020629066E+001 -0.910879152153005E+002
  0.100000000000000E+001  0.495359935042464E+002  0.515359611447749E+002  0.154748086999136E+001  0.110966619963216E+001  0.139742009136978E+001 -0.165714706962353E+001 -0.762657020629066E+001 -0.247679967521232E+002
  0.100000000000000E+001  0.214440193454761E+004  0.476505640699220E+002  0.227915078692846E+001 -0.113582755082747E+001  0.331289593289176E+000 -0.143323236100993E+000 -0.762657020629066E+001 -0.107220096727381E+004
  0.100000000000000E+001  0.688518563783112E+002  0.928869047570509E+002  0.119754203840176E+001  0.259998548283740E+001  0.192553998404326E+001 -0.279752752123916E+001 -0.762657020629066E+001 -0.344259281891556E+002
  0.100000000000000E+001  0.648233318037173E+003  0.720639642002913E+002  0.733230694439890E+000 -0.671929249577449E+000  0.654199316626639E+000  0.938698555137559E+000 -0.762657020629066E+001 -0.324116659018586E+003
  0.100000000000000E+001  0.353691814042398E+004  0.784193886245237E+002  0.806779113096206E+000 -0.117472248686700E+001  0.398768902743683E+000  0.136794337377079E+001 -0.762657020629066E+001 -0.176845907021199E+004
  0.100000000000000E+001  0.493514829431846E+004  0.825543009524489E+002  0.244659300326122E+001 -0.162860423625063E+001  0.602449324750819E+000  0.182011232989418E+000 -0.762657020629066E+001 -0.246757414715923E+004
  0.100000000000000E+001  0.340185617493913E+003  0.827793278612019E+002  0.490450116618892E+000 -0.223684824724656E+001  0.170461289240288E+001  0.274639813062766E+001 -0.762657020629066E+001 -0.170092808746956E+003
  0.100000000000000E+001  0.731346548664742E+002  0.513623741392199E+002  0.135996881076628E+001 -0.319598677337323E+000  0.182119733487499E+001 -0.403701334289526E-001 -0.762657020629066E+001 -0.365673274332371E+002
  0.100000000000000E+001  0.248669502371680E+004  0.841655460036004E+002  0.162640099378952E+001 -0.948116638043488E+000  0.666163003828509E+000  0.321715644253971E+000 -0.762657020629066E+001 -0.124334751185840E+004
  0.100000000000000E+001  0.136200858761027E+004  0.952298312551927E+002  0.244865412617635E+001  0.172214957579609E+001  0.834831634634802E+000 -0.317080370197244E+001 -0.762657020629066E+001 -0.681004293805135E+003
  0.100000000000000E+001  0.196029536310452E+005  0.997977571215486E+002  0.222889433400224E+001  0.194297077702273E+001  0.203714945879019E+000 -0.317186511102497E+001 -0.762657020629066E+001 -0.980147681552260E+004
  0.100000000000000E+001  0.215216678872529E+004  0.941821552809900E+002  0.119878482806289E+001 -0.263771889032772E+001  0.986040058720700E+000  0.243893406226483E+001 -0.762657020629066E+001 -0.107608339436264E+004
  0.100000000000000E+001  0.180407520645404E+004  0.976727054672494E+002  0.164319993260534E+001 -0.251660767482407E+001  0.121664589683683E+001  0.187340774221873E+001 -0.762657020629066E+001 -0.902037603227020E+003
  0.100000000000000E+001  0.291290985085671E+002  0.545540604403189E+002  0.113038455541425E+000 -0.688952059244535E+000  0.952105437965458E+000  0.157591360370311E+001 -0.762657020629066E+001 -0.145645492542836E+002
  0.100000000000000E+001  0.435196625927534E+004  0.941390798953424E+002  0.104927121678624E+001 -0.502046821223948E+000  0.455391349948048E+000  0.452775604437708E+000 -0.762657020629066E+001 -0.217598312963767E+004
  0.100000000000000E+001  0.675331930610939E+002  0.828611729401983E+002  0.759651694554156E+000  0.952021876869327E+000  0.154427281479432E+001 -0.711673571423483E+000 -0.762657020629066E+001 -0.337665965305469E+002
  0.100000000000000E+001  0.515427528359180E+003  0.563604345628202E+002  0.986588541058136E+000 -0.262448566965457E+001  0.828876096417443E+000  0.263789712859643E+001 -0.762657020629066E+001 -0.257713764179590E+003
  0.100000000000000E+001  0.960992770094755E+002  0.449761581375262E+002  0.210458284178659E+001  0.118862611971406E+001  0.775467465100406E+000 -0.229320896150066E+001 -0.762657020629066E+001 -0.480496385047377E+002
  0.100000000000000E+001  0.239754366562123E+003  0.490842456772278E+002  0.270322595458375E+001 -0.451561741180782E+000  0.108495891745588E+001 -0.125166421340297E+001 -0.762657020629066E+001 -0.119877183281062E+003
  0.100000000000000E+001  0.334575033174736E+004  0.645734956622766E+002  0.214148053823454E+001  0.123030277037048E+001  0.268399763270527E+000 -0.237178330860502E+001 -0.762657020629066E+001 -0.167287516587368E+004
  0.100000000000000E+001  0.137130718590829E+004  0.672848053844739E+002  0.356612259382064E+000 -0.296995859718061E+001  0.620603140384790E+000  0.361334633779855E+001 -0.762657020629066E+001 -0.685653592954143E+003
  0.100000000000000E+001  0.798520512515046E+002  0.869334170259297E+002  0.146093657642374E+001  0.218140974835296E+001  0.140713594142161E+001 -0.264234632477669E+001 -0.762657020629066E+001 -0.399260256257523E+002
  0.100000000000000E+001  0.671993499474732E+002  0.665794953272005E+002  0.141264435817623E+000  0.366625218348429E+000  0.331713663826204E+000  0.492110345833948E+000 -0.762657020629066E+001 -0.335996749737366E+002
  0.100000000000000E+001  0.381844751291330E+002  0.568095057877515E+002  0.189623270897246E+000 -0.929380217423570E-001  0.159218121144160E+001  0.903314750845111E+000 -0.762657020629066E+001 -0.190922375645665E+002
  0.100000000000000E+001  0.972790119470540E+003  0.988788653189917E+002  0.264284735887846E+001 -0.207913452235329E+001  0.192326912950526E+001  0.436287163474831E+000 -0.762657020629066E+001 -0.486395059735270E+003
  0.100000000000000E+001  0.500851773306422E+002  0.508721010009073E+002  0.163958861957241E+000 -0.114408609672880E+000  0.195711343368936E+001  0.950449747715639E+000 -0.762657020629066E+001 -0.250425886653211E+002
  0.100000000000000E+001  0.199300431806555E+004  0.594001903554529E+002  0.116577490286058E+000  0.840581924104374E+000  0.175333365975997E+000  0.428405856095686E-001 -0.762657020629066E+001 -0.996502159032773E+003
  0.100000000000000E+001  0.447254379106363E+003  0.703528477875364E+002  0.282701006249442E+001 -0.939343092647837E+000  0.163377690755418E+001 -0.887666969846583E+000 -0.762657020629066E+001 -0.223627189553182E+003
  0.100000000000000E+001  0.106551784046273E+003  0.457430843565260E+002  0.193691697048743E+001 -0.847188998036331E+000  0.130293155049742E+001 -0.897279724511026E-001 -0.762657020629066E+001 -0.532758920231366E+002
  0.100000000000000E+001  0.136215495655005E+003  0.613206623740907E+002  0.693134347514053E+000 -0.366701812056221E+000  0.843417034872967E+000  0.673567464542168E+000 -0.762657020629066E+001 -0.681077478275024E+002
  0.100000000000000E+001  0.788811659571318E+002  0.583128289054371E+002  0.117781685709363E+001 -0.122954213231883E-001  0.162397818224325E+001 -0.165521435770442E+000 -0.762657020629066E+001 -0.394405829785659E+002
  0.100000000000000E+001  0.335654613201132E+002  0.577750201868173E+002  0.106552657582838E+001  0.121309648803188E+001  0.730240498400780E+000 -0.127862306386026E+001 -0.762657020629066E+001 -0.167827306600566E+002
  0.100000000000000E+001  0.160719747022622E+003  0.625219439258862E+002  0.128590919500517E+001  0.197866852900120E+001  0.380514158437229E+000 -0.226457772400637E+001 -0.762657020629066E+001 -0.803598735113109E+002
  0.100000000000000E+001  0.162526903791737E+003  0.558696093266324E+002  0.739742228944628E+000 -0.242446697496380E+001  0.140699046606515E+001  0.268472474601917E+001 -0.762657020629066E+001 -0.812634518958685E+002
  0.100000000000000E+001  0.247321969517414E+004  0.713487039410663E+002  0.180393615660474E+001  0.149973236774053E+001  0.281515382707088E+000 -0.230366852434527E+001 -0.762657020629066E+001 -0.123660984758707E+004
  0.100000000000000E+001  0.241527123632116E+005  0.919860679586768E+002  0.738893644171731E+000  0.227244951629604E+001  0.101170875909789E+000 -0.201134316046777E+001 -0.762657020629066E+001 -0.120763561816058E+005
  0.100000000000000E+001  0.418474839041892E+003  0.923767191593501E+002  0.323658089669794E+000 -0.164925282299898E+001  0.149194750631796E+001  0.232559473332918E+001 -0.762657020629066E+001 -0.209237419520946E+003
  0.100000000000000E+001  0.357069685520901E+003  0.460937146941983E+002  0.153057907197791E+001 -0.132451224961892E+001  0.601461843842138E+000  0.793933177641008E+000 -0.762657020629066E+001 -0.178534842760450E+003
  0.100000000000000E+001  0.495657685764084E+003  0.430143285410447E+002  0.225516752962974E+001  0.570967154336599E+000  0.395125843820563E+000 -0.182613468396634E+001 -0.762657020629066E+001 -0.247828842882042E+003
  0.100000000000000E+001  0.743997995309517E+003  0.870776434178195E+002  0.250440916187474E+001 -0.161384767414248E+001  0.173556332997726E+001  0.109438512267740E+000 -0.762657020629066E+001 -0.371998997654759E+003
  0.100000000000000E+001  0.317942226794403E+003  0.525281183143726E+002  0.286720038869487E+001 -0.276037611210570E+001  0.150880472893164E+001  0.893175723410836E+000 -0.762657020629066E+001 -0.158971113397202E+003
  0.100000000000000E+001  0.205683214425346E+004  0.961264695057129E+002  0.212016206929061E+001 -0.237857483453008E+001  0.118794709981779E+001  0.125841276523947E+001 -0.762657020629066E+001 -0.102841607212673E+004
  0.100000000000000E+001  0.357688682370439E+003  0.712746459068720E+002  0.707670104310234E+000 -0.548186018063262E+000  0.812740160289525E+000  0.840515913753028E+000 -0.762657020629066E+001 -0.178844341185219E+003
  0.100000000000000E+001  0.592983747059039E+002  0.479432736808976E+002  0.180128716095284E+000  0.575426584714962E+000  0.189784339314754E+001  0.244444699189754E+000 -0.762657020629066E+001 -0.296491873529519E+002
  0.100000000000000E+001  0.545157475768327E+004  0.603566187091951E+002  0.153647595634932E+001  0.699548070244125E+000  0.154318377548499E+000 -0.123602402659345E+001 -0.762657020629066E+001 -0.272578737884163E+004
  0.100000000000000E+001  0.478221691549790E+004  0.556845735817995E+002  0.256000155843038E+001  0.176106086907596E+001  0.181801723141618E+000 -0.332106242750634E+001 -0.762657020629066E+001 -0.239110845774895E+004
  0.100000000000000E+001  0.154179760376368E+003  0.550959322758861E+002  0.182625057148943E+001 -0.191145802408265E+001  0.193850602858551E+001  0.108520745259322E+001 -0.762657020629066E+001 -0.770898801881842E+002
  0.100000000000000E+001  0.233263415903575E+004  0.958733088661764E+002  0.148141177946456E+001 -0.129142948228116E+001  0.854152475651550E+000  0.810017702816601E+000 -0.762657020629066E+001 -0.116631707951788E+004
  0.100000000000000E+001  0.494779966734737E+002  0.555836369176046E+002  0.121724767501292E+001  0.888389210934130E+000  0.940309942884488E+000 -0.110563688594705E+001 -0.762657020629066E+001 -0.247389983367368E+002
  0.100000000000000E+001  0.211394411086143E+003  0.619147494707191E+002  0.160869563337732E+001 -0.141219150144479E+001  0.162200357093028E+001  0.803495868067468E+000 -0.762657020629066E+001 -0.105697205543072E+003
  0.100000000000000E+001  0.754704436304418E+003  0.477570327837648E+002  0.687512087631027E+000 -0.160017699753201E+000  0.192581713695981E+000  0.472505612122174E+000 -0.762657020629066E+001 -0.377352218152209E+003
  0.100000000000000E+001  0.426979231353570E+002  0.560158884394066E+002  0.313399148600247E-001  0.430592793633027E-001  0.480778444826924E+000  0.925600805776673E+000 -0.762657020629066E+001 -0.213489615676785E+002
  0.100000000000000E+001  0.209095587921688E+005  0.930072727139712E+002  0.290123268161099E+001 -0.285165201558656E+001  0.412531712526207E+000  0.950419333975572E+000 -0.762657020629066E+001 -0.104547793960844E+005
  0.100000000000000E+001  0.124215927417524E+004  0.949605129388866E+002  0.290541067326153E+001 -0.104366662283266E+001  0.150233521915355E+001 -0.861744050428864E+000 -0.762657020629066E+001 -0.621079637087622E+003
  0.100000000000000E+001  0.735434292606728E+003  0.664773879434480E+002  0.656017938793144E+000 -0.108157033590956E+001  0.573216185648461E+000  0.142555239711641E+001 -0.762657020629066E+001 -0.367717146303364E+003
  0.100000000000000E+001  0.550117831285455E+004  0.981634496479778E+002  0.184304274521395E+001 -0.192819038107247E+001  0.675783633980481E+000  0.108514763585852E+001 -0.762657020629066E+001 -0.275058915642727E+004
  0.100000000000000E+001  0.855087456745713E+004  0.702493215179502E+002  0.220980079359037E+001  0.207229589623767E+001  0.157171504709822E+000 -0.328209668982805E+001 -0.762657020629066E+001 -0.427543728372856E+004
  0.100000000000000E+001  0.288379336835251E+005  0.815085274039257E+002  0.229567837182021E+001 -0.230442677025617E+001  0.256746072134456E+000  0.100874839843596E+001 -0.762657020629066E+001 -0.144189668417625E+005
  0.100000000000000E+001  0.142142984696876E+006  0.928454521249316E+002  0.267992054262860E+001 -0.258569431540787E+000  0.118249421023767E+000 -0.142135111108781E+001 -0.762657020629066E+001 -0.710714923484380E+005
  0.100000000000000E+001  0.510334243312330E+002  0.577641451690411E+002  0.178130444094814E+001  0.236247516979059E+001  0.161711462797522E+001 -0.314377961073873E+001 -0.762657020629066E+001 -0.255167121656165E+002
  0.100000000000000E+001  0.147724071434846E+003  0.938587346733080E+002  0.823580089676117E+000  0.723949178663930E+000  0.150707353921756E+001 -0.547529268340047E+000 -0.762657020629066E+001 -0.738620357174229E+002
  0.100000000000000E+001  0.947251032964636E+002  0.535549860251482E+002  0.312830080900819E+000  0.124732939269100E+001  0.106273255424304E+001 -0.560159473591823E+000 -0.762657020629066E+001 -0.473625516482318E+002
  0.100000000000000E+001  0.215921139922161E+003  0.575465400920776E+002  0.142221999472943E+001 -0.263787831503238E+001  0.164290265941800E+001  0.221565832030294E+001 -0.762657020629066E+001 -0.107960569961081E+003
  0.100000000000000E+001  0.116977854763688E+004  0.811987882752826E+002  0.238497096648998E+001 -0.187099738152338E+001  0.123921675802314E+001  0.486026415033403E+000 -0.762657020629066E+001 -0.584889273818440E+003
  0.100000000000000E+001  0.468008405040646E+003  0.863586876177802E+002  0.159726365028731E+001  0.136777932053954E+001  0.864887574327994E+000 -0.196504297082686E+001 -0.762657020629066E+001 -0.234004202520323E+003
  0.100000000000000E+001  0.417842116333239E+002  0.576930619575968E+002  0.104828781285674E+001  0.989403684221656E+000  0.149149746883851E+001 -0.103769149707839E+001 -0.762657020629066E+001 -0.208921058166620E+002
  0.100000000000000E+001  0.113175950022701E+004  0.529972252711222E+002  0.196333994218237E+001  0.504018825762318E+000  0.347907464254583E+000 -0.146735876794469E+001 -0.762657020629066E+001 -0.565879750113506E+003
  0.100000000000000E+001  0.576242623477390E+004  0.882827096659386E+002  0.188566516824585E+001 -0.139672918571716E+001  0.535825515199592E+000  0.511064017471308E+000 -0.762657020629066E+001 -0.288121311738695E+004
  0.100000000000000E+001  0.710937168315701E+003  0.729720933151402E+002  0.198813067765163E+001  0.187776937891092E+001  0.531182608319200E+000 -0.286590005656254E+001 -0.762657020629066E+001 -0.355468584157851E+003
  0.100000000000000E+001  0.933310184227243E+004  0.895772900729791E+002  0.169563320475293E+001  0.648473533965108E+000  0.277738220984937E+000 -0.134410673871804E+001 -0.762657020629066E+001 -0.466655092113622E+004
  0.100000000000000E+001  0.696407295030718E+002  0.469492858616051E+002  0.129995626223168E+001  0.240740530482639E+001  0.159651788278704E+001 -0.270736156705808E+001 -0.762657020629066E+001 -0.348203647515359E+002
  0.100000000000000E+001  0.670448057060591E+002  0.621636570172945E+002  0.212631161135675E+001  0.245028425457430E+001  0.174495584092347E+001 -0.357659586593106E+001 -0.762657020629066E+001 -0.335224028530295E+002
  0.100000000000000E+001  0.921486612485452E+002  0.616978017388055E+002  0.259366137960520E+001  0.294413871058317E+001  0.131494633032784E+001 -0.453780009018837E+001 -0.762657020629066E+001 -0.460743306242726E+002
  0.100000000000000E+001  0.191334206691323E+004  0.711120785604847E+002  0.115559883084891E+001 -0.897976421984703E-001  0.384301252618401E+000 -0.658011886504404E-001 -0.762657020629066E+001 -0.956671033456615E+003
  0.100000000000000E+001  0.720056335319917E+002  0.518869129610640E+002  0.105344556072658E+001 -0.704309422723319E+000  0.196043021395902E+001  0.650863861996744E+000 -0.762657020629066E+001 -0.360028167659959E+002
  0.100000000000000E+001  0.423786113388640E+002  0.455883376560335E+002  0.398192587381755E-001 -0.480344830723995E+000  0.160106023190347E+001  0.144052557198582E+001 -0.762657020629066E+001 -0.211893056694320E+002
  0.100000000000000E+001  0.171677517340595E+003  0.408376246897021E+002  0.160672208591013E+001  0.125595880990198E+000  0.494923130776792E+000 -0.732317966900328E+000 -0.762657020629066E+001 -0.858387586702976E+002
  0.100000000000000E+001  0.854170293990332E+005  0.858756613705360E+002  0.161739045374141E+001 -0.170954285406842E+001  0.132019098307290E+000  0.109215240032702E+001 -0.762657020629066E+001 -0.427085146995166E+005
  0.100000000000000E+001  0.950715317104570E+002  0.585359769658887E+002  0.208222107447929E+001  0.176523902317329E+001  0.113770138958738E+001 -0.284746009765258E+001 -0.762657020629066E+001 -0.475357658552285E+002
  0.100000000000000E+001  0.495764332220075E+002  0.607858255043975E+002  0.366043315344730E+000  0.110345996394842E+001  0.167432085968019E+001 -0.469503279293154E+000 -0.762657020629066E+001 -0.247882166110037E+002
  0.100000000000000E+001  0.351929633094807E+004  0.986811156953563E+002  0.114383950585580E+001 -0.201697418081962E+001  0.746649668032969E+000  0.187313467496382E+001 -0.762657020629066E+001 -0.175964816547404E+004
  0.100000000000000E+001  0.144549279930224E+005  0.814672725333069E+002  0.286496926751077E+001 -0.225580442341848E+001  0.392992193348312E+000  0.390835155907718E+000 -0.762657020629066E+001 -0.722746399651119E+004
  0.100000000000000E+001  0.277626292242051E+004  0.912291151082084E+002  0.170559448911611E+000  0.344201770716606E+000  0.176347280820850E+000  0.485238780371783E+000 -0.762657020629066E+001 -0.138813146121026E+004
  0.100000000000000E+001  0.405163282072166E+003  0.871069009564861E+002  0.187437145683467E+001  0.136387995495519E+001  0.114029821661712E+001 -0.223825141178986E+001 -0.762657020629066E+001 -0.202581641036083E+003
  0.100000000000000E+001  0.461768036324073E+002  0.418317403638477E+002  0.647003455631658E+000 -0.150309477289379E+001  0.122748506407651E+001  0.185609131726213E+001 -0.762657020629066E+001 -0.230884018162036E+002
  0.100000000000000E+001  0.977096146815144E+003  0.872517049776009E+002  0.108280490598213E+001 -0.776059613012936E+000  0.921286863393784E+000  0.693254707030803E+000 -0.762657020629066E+001 -0.488548073407572E+003
  0.100000000000000E+001  0.797610019588013E+003  0.725124025590132E+002  0.252555561616748E+001  0.493595253437838E+000  0.933213974464922E+000 -0.201915086960531E+001 -0.762657020629066E+001 -0.398805009794006E+003
  0.100000000000000E+001  0.217789144186372E+004  0.789382755991763E+002  0.295217378625144E+001  0.168532124634322E+001  0.590278692464816E+000 -0.363749503259466E+001 -0.762657020629066E+001 -0.108894572093186E+004
  0.100000000000000E+001  0.272394944133500E+003  0.876126446457519E+002  0.271093914141200E+001  0.243746558226410E+001  0.163683852526597E+001 -0.414840472367609E+001 -0.762657020629066E+001 -0.136197472066750E+003
  0.100000000000000E+001  0.251531858749519E+003  0.597918465825024E+002  0.291681289665434E+001  0.275973238294720E+001  0.826905741004380E+000 -0.467654527960154E+001 -0.762657020629066E+001 -0.125765929374759E+003
  0.100000000000000E+001  0.220998324914191E+003  0.594575399789852E+002  0.554081786154041E+000  0.190593418721016E+001  0.877058852806553E+000 -0.146001597336420E+001 -0.762657020629066E+001 -0.110499162457095E+003
  0.100000000000000E+001  0.132721692444936E+003  0.418780855717202E+002  0.273923209887315E+001 -0.163581599060342E+001  0.142181266319751E+001 -0.103416108269737E+000 -0.762657020629066E+001 -0.663608462224680E+002
  0.100000000000000E+001  0.862944237204925E+003  0.686329491783243E+002  0.203090696029584E+001 -0.191424541114891E+001  0.105103188420474E+001  0.883338450853071E+000 -0.762657020629066E+001 -0.431472118602463E+003
  0.100000000000000E+001  0.469820473663078E+002  0.644488215720775E+002  0.115992626369086E+001  0.224714402083875E+001  0.106177574646018E+001 -0.240707028452961E+001 -0.762657020629066E+001 -0.234910236831539E+002
  0.100000000000000E+001  0.493650375745937E+002  0.493128393310171E+002  0.744618654195135E+000  0.236899311199906E+000  0.186732675886028E+001  0.184820346049596E-001 -0.762657020629066E+001 -0.246825187872969E+002
  0.100000000000000E+001  0.814436080760638E+003  0.799403101126446E+002  0.262821477159671E+001 -0.159834796437939E+001  0.148554642247810E+001 -0.298668072173116E-001 -0.762657020629066E+001 -0.407218040380319E+003
  0.100000000000000E+001  0.560215111810577E+002  0.431727579234695E+002  0.137253197859547E+001  0.108883682570280E+001  0.199351244925396E+001 -0.146136880429827E+001 -0.762657020629066E+001 -0.280107555905288E+002
  0.100000000000000E+001  0.312382240987644E+003  0.649970694460722E+002  0.139098908081243E+001  0.391630713771103E+000  0.756881027058132E+000 -0.782619794583531E+000 -0.762657020629066E+001 -0.156191120493822E+003
  0.100000000000000E+001  0.607687538757860E+003  0.827013494698425E+002  0.686418838547875E-002 -0.189030380503881E+001  0.924691770377468E+000  0.288343961665333E+001 -0.762657020629066E+001 -0.303843769378930E+003
  0.100000000000000E+001  0.391452006710106E+003  0.588037836848220E+002  0.374762109653194E+000 -0.136605807228074E+000  0.264052321686547E+000  0.761843697574880E+000 -0.762657020629066E+001 -0.195726003355053E+003
  0.100000000000000E+001  0.348939237609073E+003  0.798156057254969E+002  0.143809512655535E+001 -0.167765906706003E+001  0.188320244902042E+001  0.123956394050468E+001 -0.762657020629066E+001 -0.174469618804536E+003
  0.100000000000000E+001  0.193903995500749E+003  0.620534333689744E+002  0.981270961674001E+000 -0.264695306925425E+001  0.182932373322125E+001  0.266568210758025E+001 -0.762657020629066E+001 -0.969519977503743E+002
  0.100000000000000E+001  0.129861437399996E+003  0.895874825668930E+002  0.174834544496572E+001  0.212924473155594E+001  0.162570256446956E+001 -0.287759017652166E+001 -0.762657020629066E+001 -0.649307186999981E+002
  0.100000000000000E+001  0.681249258692434E+002  0.482761823598290E+002  0.985745185140361E+000  0.187721707620881E+001  0.112981084317100E+001 -0.186296226134917E+001 -0.762657020629066E+001 -0.340624629346217E+002
  0.100000000000000E+001  0.167829489825791E+004  0.877698067008260E+002  0.142298390871997E+001  0.643734290064303E+000  0.552482776295714E+000 -0.106671819878427E+001 -0.762657020629066E+001 -0.839147449128953E+003
  0.100000000000000E+001  0.128971738966664E+003  0.471207416108121E+002  0.298731341872256E+001  0.239669444230619E+001  0.878341428376239E+000 -0.438400786102875E+001 -0.762657020629066E+001 -0.644858694833322E+002
  0.100000000000000E+001  0.249511015081708E+003  0.457380387618640E+002  0.259871027096567E+001 -0.202383534417100E+001  0.114670428865945E+001  0.425125073205335E+000 -0.762657020629066E+001 -0.124755507540854E+003
  0.100000000000000E+001  0.118599933593670E+004  0.584859561837981E+002  0.938476230365452E+000 -0.252728667094285E+001  0.564502252691159E+000  0.258881044057740E+001 -0.762657020629066E+001 -0.592999667968349E+003
  0.100000000000000E+001  0.118280475667568E+005  0.727147220658263E+002  0.974839102739841E+000 -0.807660111303035E+000  0.185913713662137E+000  0.832821008563193E+000 -0.762657020629066E+001 -0.591402378337839E+004
  0.100000000000000E+001  0.369535941137531E+003  0.863462273362394E+002  0.662577916646726E+000  0.974950394596660E+000  0.439287534541885E+000 -0.637528311243386E+000 -0.762657020629066E+001 -0.184767970568766E+003
  0.100000000000000E+001  0.272939944966711E+004  0.651990333577453E+002  0.875448980882212E+000 -0.245651809540968E+001  0.440707847847247E+000  0.258106911452747E+001 -0.762657020629066E+001 -0.136469972483356E+004
  0.100000000000000E+001  0.286353215631678E+003  0.916498601430069E+002  0.229875546713982E+001  0.175471867689535E+001  0.171269112092419E+001 -0.305347414403517E+001 -0.762657020629066E+001 -0.143176607815839E+003
  0.100000000000000E+001  0.260808617780552E+003  0.738199988328324E+002  0.706806506878799E+000 -0.266151765117196E+001  0.192462701304855E+001  0.295471114429316E+001 -0.762657020629066E+001 -0.130404308890276E+003
  0.100000000000000E+001  0.301861898979924E+005  0.915266394792109E+002  0.517223099347651E+000 -0.906235727558710E+000  0.147712042944215E+000  0.138901262821106E+001 -0.762657020629066E+001 -0.150930949489962E+005
  0.100000000000000E+001  0.301601512634701E+004  0.514606406454130E+002  0.265548886005300E+001 -0.204972831517944E+001  0.399933269360602E+000  0.394239455126440E+000 -0.762657020629066E+001 -0.150800756317350E+004
  0.100000000000000E+001  0.233191297915620E+003  0.541630363192098E+002  0.155526989953159E+001 -0.293148624597812E+001  0.149740810452613E+001  0.237621634644652E+001 -0.762657020629066E+001 -0.116595648957810E+003
  0.100000000000000E+001  0.402882069435744E+004  0.991089099371046E+002  0.156811090037480E+001  0.173885889363190E+001  0.317268930819363E+000 -0.230696979400670E+001 -0.762657020629066E+001 -0.201441034717872E+004
  0.100000000000000E+001  0.253476545802265E+004  0.648229448870387E+002  0.298235888626616E+001  0.124649690135160E+001  0.432913648795585E+000 -0.322885578761776E+001 -0.762657020629066E+001 -0.126738272901133E+004
  0.100000000000000E+001  0.483526622822293E+004  0.724634470120790E+002  0.244157138075514E+001 -0.156860569662532E+001  0.498296782822115E+000  0.127034315870187E+000 -0.762657020629066E+001 -0.241763311411146E+004
  0.100000000000000E+001  0.558551482006430E+002  0.546778431921304E+002  0.986769202851411E+000  0.195379672214022E+001  0.115274384671660E+001 -0.194056592499164E+001 -0.762657020629066E+001 -0.279275741003215E+002
  0.100000000000000E+001  0.204521962284706E+003  0.718288303993392E+002  0.211923234509824E+001  0.310051176340774E+000  0.184950346651996E+001 -0.142928352143901E+001 -0.762657020629066E+001 -0.102260981142353E+003
  0.100000000000000E+001  0.476918927987792E+002  0.421858042182778E+002  0.345131157666044E+000 -0.103394982546640E+001  0.176857439588387E+001  0.168881866780035E+001 -0.762657020629066E+001 -0.238459463993896E+002
  0.100000000000000E+001  0.311676011997077E+004  0.748184397508099E+002  0.150854278490068E+001 -0.101380699617620E+001  0.481491206389986E+000  0.505264211275511E+000 -0.762657020629066E+001 -0.155838005998538E+004
  0.100000000000000E+001  0.172550396916515E+003  0.865095413291890E+002  0.130617293141602E+001  0.183272050265055E+001  0.809269185015974E+000 -0.213889343406656E+001 -0.762657020629066E+001 -0.862751984582574E+002
  0.100000000000000E+001  0.409692222274248E+003  0.427270548856688E+002  0.921736463833368E+000 -0.246835655235923E+001  0.488331497458832E+000  0.254662008852587E+001 -0.762657020629066E+001 -0.204846111137124E+003
  0.100000000000000E+001  0.595587889134026E+003  0.441148702400570E+002  0.321951616701034E+000 -0.293337109879636E+001  0.382114054828933E+000  0.361141948209532E+001 -0.762657020629066E+001 -0.297793944567013E+003
  0.100000000000000E+001  0.136512689444842E+005  0.926752630949836E+002  0.262464578345993E+001  0.232080824580632E+001  0.234702604818370E+000 -0.394545402926625E+001 -0.762657020629066E+001 -0.682563447224208E+004
  0.100000000000000E+001  0.753271541314639E+003  0.655334219775867E+002  0.173424194530084E+001 -0.188210502992595E+001  0.971077296362401E+000  0.114786308462511E+001 -0.762657020629066E+001 -0.376635770657320E+003
  0.100000000000000E+001  0.328375473887429E+004  0.919130595498205E+002  0.846710613729043E+000 -0.140378502887612E+001  0.576438472371848E+000  0.155707441514708E+001 -0.762657020629066E+001 -0.164187736943715E+004
  0.100000000000000E+001  0.651142984964180E+003  0.754118018407821E+002  0.221071309500862E+001 -0.298031252457493E+001  0.165898342380170E+001  0.176959942956631E+001 -0.762657020629066E+001 -0.325571492482090E+003
  0.100000000000000E+001  0.587631321834966E+002  0.775451937195980E+002  0.162045902538199E+001  0.257935621601833E+001  0.165440384643331E+001 -0.319981524140031E+001 -0.762657020629066E+001 -0.293815660917483E+002
  0.100000000000000E+001  0.788605327865071E+003  0.558395100616491E+002  0.167907344041596E+001  0.608450781606742E+000  0.380508385610389E+000 -0.128752422202270E+001 -0.762657020629066E+001 -0.394302663932535E+003
  0.100000000000000E+001  0.304033722064827E+004  0.840910419196523E+002  0.129499540412548E+001  0.456340177135803E+000  0.378104921202377E+000 -0.751335581261279E+000 -0.762657020629066E+001 -0.152016861032413E+004
  0.100000000000000E+001  0.110705234288072E+003  0.574457105462323E+002  0.100686576568918E+001  0.288768799123988E+000  0.712813233551387E+000 -0.295634564813169E+000 -0.762657020629066E+001 -0.553526171440360E+002
  0.100000000000000E+001  0.121541439631343E+005  0.903263071248536E+002  0.137190935735167E+001  0.102705036249264E-001  0.254900558348863E+000 -0.382179860976596E+000 -0.762657020629066E+001 -0.607707198156716E+004
  0.100000000000000E+001  0.169479857605639E+004  0.932259817571382E+002  0.205765744942783E+001 -0.859996840521033E+000  0.103517342076515E+001 -0.197660608906801E+000 -0.762657020629066E+001 -0.847399288028193E+003
  0.100000000000000E+001  0.725713143361800E+003  0.878133926322332E+002  0.247756156765419E+001 -0.780008543958281E+000  0.160308333261737E+001 -0.697553023695909E+000 -0.762657020629066E+001 -0.362856571680900E+003
  0.100000000000000E+001  0.222441248566158E+004  0.411075339425367E+002  0.226389010204020E+001  0.152594325699474E+001  0.160587797221814E+000 -0.278983335903493E+001 -0.762657020629066E+001 -0.111220624283079E+004
  0.100000000000000E+001  0.223703575672708E+003  0.813745245326883E+002  0.338577881398816E+000 -0.123084284261815E+001  0.150948281076147E+001  0.189226496121934E+001 -0.762657020629066E+001 -0.111851787836354E+003
  0.100000000000000E+001  0.142755653572253E+005  0.969399079231942E+002  0.511763151275877E+000 -0.447527132221918E+000  0.203002810179123E+000  0.935763980946041E+000 -0.762657020629066E+001 -0.713778267861265E+004
  0.100000000000000E+001  0.516902019186536E+005  0.804721203821007E+002  0.186701757473994E+001 -0.155880115058966E+001  0.159271897335062E+000  0.691783575849717E+000 -0.762657020629066E+001 -0.258451009593268E+005
  0.100000000000000E+001  0.105363473576587E+005  0.694870558145161E+002  0.158508809435285E+001 -0.139291597126217E+001  0.254223945933170E+000  0.807827876909324E+000 -0.762657020629066E+001 -0.526817367882937E+004
  0.100000000000000E+001  0.137350251438029E+003  0.684819446336547E+002  0.928823513897496E+000 -0.893340624927001E+000  0.185082483299676E+001  0.964517111029505E+000 -0.762657020629066E+001 -0.686751257190143E+002
  0.100000000000000E+001  0.183044490679180E+005  0.999586100002623E+002  0.289931702257564E+001 -0.104409793643745E+001  0.413586478435723E+000 -0.855219086138182E+000 -0.762657020629066E+001 -0.915222453395901E+004
  0.100000000000000E+001  0.214071685853371E+004  0.759960317632475E+002  0.131922248780542E+001 -0.220089032738039E+001  0.691580887133459E+000  0.188166783957497E+001 -0.762657020629066E+001 -0.107035842926686E+004
  0.100000000000000E+001  0.632539811762538E+002  0.593964583084619E+002  0.123942845718804E+001  0.648266763070159E+000  0.150919018400128E+001 -0.887695220258194E+000 -0.762657020629066E+001 -0.316269905881269E+002
  0.100000000000000E+001  0.961121289722745E+003  0.899034343243101E+002  0.218369448418456E+001  0.907109114698743E-001  0.116735932602118E+001 -0.127440539565444E+001 -0.762657020629066E+001 -0.480560644861373E+003
  0.100000000000000E+001  0.559933717892282E+002  0.513675704778621E+002  0.163272377548263E+000 -0.157088025835685E+001  0.161688854753573E+001  0.240760788080858E+001 -0.762657020629066E+001 -0.279966858946141E+002
  0.100000000000000E+001  0.268603252851142E+004  0.979041619123211E+002  0.179150183358154E+001 -0.268227881624658E+001  0.104052443167639E+001  0.189077698266504E+001 -0.762657020629066E+001 -0.134301626425571E+004
  0.100000000000000E+001  0.326069799333899E+003  0.513381497139627E+002  0.189161181466248E+001 -0.138360518070089E+001  0.917647629514857E+000  0.491993366038413E+000 -0.762657020629066E+001 -0.163034899666950E+003
  0.100000000000000E+001  0.522803408453654E+002  0.869080773857636E+002  0.102646302551790E+001  0.186552534044017E+001  0.891423468646503E+000 -0.189198836595807E+001 -0.762657020629066E+001 -0.261401704226827E+002
  0.100000000000000E+001  0.101688510031893E+003  0.416097093781358E+002  0.125287295897794E+001  0.254824160146226E+001  0.138612933889550E+001 -0.280111456044020E+001 -0.762657020629066E+001 -0.508442550159466E+002
  0.100000000000000E+001  0.110063168095313E+004  0.822212253191465E+002  0.232903477019600E+001 -0.825430465096624E+000  0.113323650311578E+001 -0.503604305099374E+000 -0.762657020629066E+001 -0.550315840476563E+003
  0.100000000000000E+001  0.237749990291421E+003  0.815028097754158E+002  0.102956816462443E+001 -0.410900601742852E+000  0.159189473243439E+001  0.381332437118423E+000 -0.762657020629066E+001 -0.118874995145710E+003
  0.100000000000000E+001  0.417344099628782E+003  0.758104498613684E+002  0.312982626141386E+000 -0.296499696133062E+001  0.141532895079694E+001  0.365201433518924E+001 -0.762657020629066E+001 -0.208672049814391E+003
  0.100000000000000E+001  0.690777866335885E+003  0.771603660883540E+002  0.294352594923167E+001 -0.252911349793258E+001  0.177918124121072E+001  0.585587548700910E+000 -0.762657020629066E+001 -0.345388933167942E+003
  0.100000000000000E+001  0.745129930870163E+004  0.833320278499662E+002  0.545129887562840E+000 -0.241848453486145E+001  0.365009184334260E+000  0.287335464729861E+001 -0.762657020629066E+001 -0.372564965435082E+004
  0.100000000000000E+001  0.421667277348126E+002  0.492735823300342E+002  0.764281052867485E-001 -0.572257596186935E+000  0.168005916621434E+001  0.149582949090019E+001 -0.762657020629066E+001 -0.210833638674063E+002
  0.100000000000000E+001  0.641331545483503E+002  0.445901965756653E+002  0.269877769352721E+001  0.212861856796157E+001  0.184945777213839E+001 -0.382739626148877E+001 -0.762657020629066E+001 -0.320665772741751E+002
  0.100000000000000E+001  0.630439827885288E+002  0.724100642146372E+002  0.400086997710613E+000  0.112056275702817E+000  0.117815224804573E+001  0.487856726586570E+000 -0.762657020629066E+001 -0.315219913942644E+002
  0.100000000000000E+001  0.382448612272673E+002  0.442446463271797E+002  0.107632930048491E+001  0.957193038373536E+000  0.109890921402668E+001 -0.103352233885844E+001 -0.762657020629066E+001 -0.191224306136336E+002
  0.100000000000000E+001  0.462996843709729E+004  0.550355729195904E+002  0.294325400967531E+001 -0.141926441764820E+001  0.355948072601635E+000 -0.523989592027109E+000 -0.762657020629066E+001 -0.231498421854864E+004
  0.100000000000000E+001  0.447357990093139E+002  0.445070136004453E+002  0.543076295591725E+000  0.644370597898196E+000  0.132163284276165E+001 -0.187446893489921E+000 -0.762657020629066E+001 -0.223678995046569E+002
  0.100000000000000E+001  0.367499433653658E+003  0.877581947972734E+002  0.204944074568381E+001 -0.250514411754547E+000  0.197392423950559E+001 -0.798926333929261E+000 -0.762657020629066E+001 -0.183749716826829E+003
  0.100000000000000E+001  0.739252254955972E+002  0.861080311410929E+002  0.902539992865740E-001 -0.182106338138883E-001  0.149845066538465E+001  0.927956634527314E+000 -0.762657020629066E+001 -0.369626127477986E+002
  0.100000000000000E+001  0.120026549785611E+005  0.909142157532328E+002  0.181287037128227E+001 -0.289559859107460E+001  0.455201404354397E+000  0.208272821979233E+001 -0.762657020629066E+001 -0.600132748928053E+004
  0.100000000000000E+001  0.866395587208125E+003  0.927630108786801E+002  0.174886097815320E+001 -0.250882414154272E+001  0.169253817386545E+001  0.175996316338952E+001 -0.762657020629066E+001 -0.433197793604063E+003
  0.100000000000000E+001  0.963905879212319E+003  0.740576658181467E+002  0.162348377721669E+001  0.262098376986776E+001  0.240624581477143E+000 -0.324446754708445E+001 -0.762657020629066E+001 -0.481952939606159E+003
  0.100000000000000E+001  0.139008050104812E+003  0.740755590938927E+002  0.236176425780375E+000 -0.443037795371490E+000  0.949430359373229E+000  0.120686136959112E+001 -0.762657020629066E+001 -0.695040250524058E+002
  0.100000000000000E+001  0.430673112510055E+002  0.444048366242419E+002  0.139443872062423E+001  0.612097062981743E+000  0.100282359649427E+001 -0.100653578360598E+001 -0.762657020629066E+001 -0.215336556255028E+002
  0.100000000000000E+001  0.107128602827607E+003  0.409868802576203E+002  0.136356405956027E+001 -0.298113692108718E+001  0.128623468521200E+001  0.261757286152692E+001 -0.762657020629066E+001 -0.535643014138036E+002
  0.100000000000000E+001  0.263124260564798E+003  0.491475207309569E+002  0.268719577391496E+001 -0.180580277989383E+001  0.127381383990030E+001  0.118607005978868E+000 -0.762657020629066E+001 -0.131562130282399E+003
  0.100000000000000E+001  0.767850699159323E+002  0.678005677520962E+002  0.120580987889818E+001  0.118472135021836E+001  0.989085137549746E+000 -0.139053122911654E+001 -0.762657020629066E+001 -0.383925349579661E+002
  0.100000000000000E+001  0.231374084595956E+002  0.621739057687128E+002  0.606253005228887E+000  0.121261147973163E+001  0.690605191663855E+000 -0.818864484960518E+000 -0.762657020629066E+001 -0.115687042297978E+002
  0.100000000000000E+001  0.152011292230095E+004  0.744983951999868E+002  0.241403334372813E+001 -0.279503159158756E+001  0.105420148839398E+001  0.138099824785942E+001 -0.762657020629066E+001 -0.760056461150477E+003
  0.100000000000000E+001  0.559211161101087E+003  0.650804375924746E+002  0.914313369868257E+000 -0.156438528617785E+000  0.511303724425947E+000  0.242125158749528E+000 -0.762657020629066E+001 -0.279605580550543E+003
  0.100000000000000E+001  0.470406191340213E+003  0.695580811434821E+002  0.217996981628819E+001 -0.772564598685496E+000  0.130331888812295E+001 -0.407405217602694E+000 -0.762657020629066E+001 -0.235203095670106E+003
  0.100000000000000E+001  0.763873883009204E+002  0.602241504052322E+002  0.263015993629278E+001  0.297071111561818E+001  0.186829823836299E+001 -0.460087105191096E+001 -0.762657020629066E+001 -0.381936941504602E+002
  0.100000000000000E+001  0.179965269308305E+003  0.908457540855942E+002  0.838450202880463E+000 -0.199883240695691E-001  0.189595656815268E+001  0.181538121189106E+000 -0.762657020629066E+001 -0.899826346541526E+002
  0.100000000000000E+001  0.565277205443251E+003  0.599373720886978E+002  0.245149229304836E+001  0.877008542072190E+000  0.708663054861949E+000 -0.232850083512055E+001 -0.762657020629066E+001 -0.282638602721626E+003
  0.100000000000000E+001  0.101944361788434E+004  0.801941318762354E+002  0.431842667535245E+000 -0.444504565829640E+000  0.490047006212574E+000  0.101266189829439E+001 -0.762657020629066E+001 -0.509721808942171E+003
  0.100000000000000E+001  0.579033179572063E+002  0.871561566293263E+002  0.707209225561071E+000  0.196038727357622E+001  0.167020411240119E+001 -0.166759649913729E+001 -0.762657020629066E+001 -0.289516589786031E+002
  0.100000000000000E+001  0.250417112086939E+003  0.781892852709641E+002  0.108933238677185E+001  0.537971407995203E+000  0.977861736375426E+000 -0.627303794767053E+000 -0.762657020629066E+001 -0.125208556043470E+003
  0.100000000000000E+001  0.949797796799053E+002  0.924590695260528E+002  0.616238011667720E+000  0.953251908858635E+000  0.110246367290913E+001 -0.569489920526355E+000 -0.762657020629066E+001 -0.474898898399526E+002
  0.100000000000000E+001  0.177474165093284E+003  0.717578360638346E+002  0.110138675938431E+001  0.103625611570845E+000  0.122880495377836E+001 -0.205012370955159E+000 -0.762657020629066E+001 -0.887370825466420E+002
  0.100000000000000E+001  0.171681368838658E+004  0.779117991234242E+002  0.866392399687198E+000 -0.186152163368055E+001  0.672329321621045E+000  0.199512923399335E+001 -0.762657020629066E+001 -0.858406844193288E+003
  0.100000000000000E+001  0.257287936601292E+004  0.959234838437775E+002  0.272315427936706E+001  0.217780878206113E+001  0.613852774828540E+000 -0.390096306142820E+001 -0.762657020629066E+001 -0.128643968300646E+004
  0.100000000000000E+001  0.396981743212637E+003  0.773537643155626E+002  0.452453079944832E+000 -0.297825461040903E+001  0.157849694274163E+001  0.352580153046420E+001 -0.762657020629066E+001 -0.198490871606319E+003
  0.100000000000000E+001  0.592257995007033E+003  0.695183593209234E+002  0.120011252510712E+001 -0.253036268281070E+001  0.118303324859912E+001  0.233025015770358E+001 -0.762657020629066E+001 -0.296128997503517E+003
  0.100000000000000E+001  0.365509582950589E+004  0.730813166979046E+002  0.125930070716768E+001 -0.215239909498798E+001  0.486438541242823E+000  0.189309838782030E+001 -0.762657020629066E+001 -0.182754791475295E+004
  0.100000000000000E+001  0.111131292521062E+003  0.552749354470579E+002  0.397207372807450E+000 -0.280701936445062E+001  0.189196404407799E+001  0.340981199164317E+001 -0.762657020629066E+001 -0.555656462605309E+002
  0.100000000000000E+001  0.819508609578321E+002  0.996718396410894E+002  0.153048834097543E+001  0.262360910159582E+001  0.179816066997749E+001 -0.315409744257125E+001 -0.762657020629066E+001 -0.409754304789161E+002
  0.100000000000000E+001  0.499584422308961E+002  0.627126411554635E+002  0.678826371533480E+000  0.133896676960850E+001  0.193848992861317E+001 -0.101779314114198E+001 -0.762657020629066E+001 -0.249792211154481E+002
  0.100000000000000E+001  0.495897861680608E+003  0.726417183594475E+002  0.190475785517058E+001 -0.184441997439254E+001  0.150017064802684E+001  0.939662119221960E+000 -0.762657020629066E+001 -0.247948930840304E+003
  0.100000000000000E+001  0.210604528769476E+004  0.795429772558129E+002  0.102668015404366E+001 -0.298172241726206E+001  0.784040183012323E+000  0.295504226321840E+001 -0.762657020629066E+001 -0.105302264384738E+004
  0.100000000000000E+001  0.485568027868386E+003  0.522008288775395E+002  0.465839185634076E+000  0.144462355378741E+001  0.432579377403688E+000 -0.910462739421487E+000 -0.762657020629066E+001 -0.242784013934193E+003
  0.100000000000000E+001  0.367945201487037E+003  0.979784033596176E+002  0.829155818545858E+000  0.322383117510442E+000  0.117279839249628E+001 -0.151538936056300E+000 -0.762657020629066E+001 -0.183972600743519E+003
  0.100000000000000E+001  0.672541417357124E+002  0.438947901802985E+002  0.191453974218799E+001  0.287817495732608E+001  0.189504803109770E+001 -0.379271469951408E+001 -0.762657020629066E+001 -0.336270708678562E+002
  0.100000000000000E+001  0.105537361245196E+005  0.803724220369471E+002  0.198455788827125E+001 -0.163347745224368E+001  0.363454720728617E+000  0.648919563972433E+000 -0.762657020629066E+001 -0.527686806225979E+004
  0.100000000000000E+001  0.112126132475270E+003  0.522505317233295E+002  0.169858372617629E+001 -0.641258067181165E+000  0.151303949109675E+001 -0.573256589951230E-001 -0.762657020629066E+001 -0.560630662376349E+002
  0.100000000000000E+001  0.732477726692793E+003  0.856005443225252E+002  0.276945006119566E+001 -0.114979356822800E+001  0.169948160509929E+001 -0.619656492967662E+000 -0.762657020629066E+001 -0.366238863346397E+003
  0.100000000000000E+001  0.922554569264365E+002  0.502885313418450E+002  0.123959514151978E+001  0.206343988580483E+001  0.717167570954766E+000 -0.230303502732461E+001 -0.762657020629066E+001 -0.461277284632182E+002
  0.100000000000000E+001  0.430706580382908E+003  0.994240091321886E+002  0.291761139485246E+001  0.200814061339470E+001  0.185951910811620E+001 -0.392575200824716E+001 -0.762657020629066E+001 -0.215353290191454E+003
  0.100000000000000E+001  0.742368809684295E+002  0.842487584461375E+002  0.319529636154665E+000  0.207938453111350E+000  0.198830072297197E+001  0.472531910733985E+000 -0.762657020629066E+001 -0.371184404842147E+002
  0.100000000000000E+001  0.165783680718319E+004  0.929843171721830E+002  0.190836403353285E+001 -0.160987032975823E+001  0.111744365123677E+001  0.701506296225377E+000 -0.762657020629066E+001 -0.828918403591597E+003
  0.100000000000000E+001  0.784726401443817E+003  0.871921306900197E+002  0.204312894634400E+001 -0.288429121721465E+000  0.127208915713110E+001 -0.754699824622532E+000 -0.762657020629066E+001 -0.392363200721908E+003
  0.100000000000000E+001  0.143078964661124E+005  0.916469469852484E+002  0.276859161120141E+001 -0.247560561654067E+001  0.466242230680415E+000  0.707014005339257E+000 -0.762657020629066E+001 -0.715394823305619E+004
  0.100000000000000E+001  0.228232283976832E+003  0.589603185328778E+002  0.163992560445296E+001 -0.247760586142310E+001  0.171794030638456E+001  0.183768025697014E+001 -0.762657020629066E+001 -0.114116141988416E+003
  0.100000000000000E+001  0.259381915248624E+003  0.436011753138190E+002  0.224993508894769E+001 -0.355979647044141E+000  0.675256863663858E+000 -0.893955441903546E+000 -0.762657020629066E+001 -0.129690957624312E+003
  0.100000000000000E+001  0.387707565454728E+002  0.464741675490729E+002  0.856217890200340E+000  0.281282011922672E+000  0.143000806521371E+001 -0.137499902123012E+000 -0.762657020629066E+001 -0.193853782727364E+002
  0.100000000000000E+001  0.269378018656372E+003  0.782234257534661E+002  0.589629680805819E+000 -0.103196057658000E+001  0.131513345349626E+001  0.144233089577418E+001 -0.762657020629066E+001 -0.134689009328186E+003
  0.100000000000000E+001  0.457511024871119E+003  0.455146147893962E+002  0.199222056293641E+001  0.184814264744686E+001  0.316179933259815E+000 -0.284036321038326E+001 -0.762657020629066E+001 -0.228755512435559E+003
  0.100000000000000E+001  0.145839025067578E+003  0.646351340397871E+002  0.276764491824301E+001  0.157252462904596E+001  0.186260828993801E+001 -0.334016954728897E+001 -0.762657020629066E+001 -0.729195125337888E+002
  0.100000000000000E+001  0.136334076615378E+003  0.998702794477588E+002  0.197376588241006E+001  0.269056686365210E+001  0.188036779378136E+001 -0.366433274606217E+001 -0.762657020629066E+001 -0.681670383076888E+002
  0.100000000000000E+001  0.124904908987448E+004  0.628503598974356E+002  0.185408418508716E+001 -0.176904623963705E+001  0.706451032720336E+000  0.914962054549895E+000 -0.762657020629066E+001 -0.624524544937238E+003
  0.100000000000000E+001  0.244231815334842E+003  0.548507063166334E+002  0.237980909811559E+001 -0.113108781665012E+001  0.138293839904324E+001 -0.248721281465472E+000 -0.762657020629066E+001 -0.122115907667421E+003
  0.100000000000000E+001  0.117232900637036E+003  0.688794346873297E+002  0.818673233766045E+000 -0.604185615123033E+000  0.179042860267745E+001  0.785512381356988E+000 -0.762657020629066E+001 -0.586164503185181E+002
  0.100000000000000E+001  0.397498274133889E+003  0.969316556412423E+002  0.168396108126528E+001  0.181536973891705E+001  0.103531415886414E+001 -0.249933082018233E+001 -0.762657020629066E+001 -0.198749137066945E+003
  0.100000000000000E+001  0.749877637652094E+004  0.698702111419472E+002  0.225327017195535E+001 -0.297119172035480E+001  0.426807860070259E+000  0.171792154839945E+001 -0.762657020629066E+001 -0.374938818826047E+004
  0.100000000000000E+001  0.858741646013511E+003  0.691853464126313E+002  0.283179799304989E+001  0.164132610757115E+001  0.729794296191615E+000 -0.347312410062104E+001 -0.762657020629066E+001 -0.429370823006755E+003
  0.100000000000000E+001  0.461223701790046E+002  0.403138098397553E+002  0.164991861805828E+000 -0.206979507276438E+000  0.125286659523222E+001  0.104198764547061E+001 -0.762657020629066E+001 -0.230611850895023E+002
  0.100000000000000E+001  0.604970395479496E+002  0.706169519045064E+002  0.150977988412290E+001  0.190618654247280E+001  0.167366009382401E+001 -0.241596642659570E+001 -0.762657020629066E+001 -0.302485197739748E+002
  0.100000000000000E+001  0.114988050662460E+003  0.843841611936898E+002  0.680684695585426E+000  0.346379001564364E+000  0.155573111103562E+001 -0.270636971497907E-001 -0.762657020629066E+001 -0.574940253312301E+002
  0.100000000000000E+001  0.905850852194621E+002  0.760315189529808E+002  0.946387141543412E+000  0.564869462064568E+000  0.174619141397592E+001 -0.511256603607980E+000 -0.762657020629066E+001 -0.452925426097311E+002
  0.100000000000000E+001  0.727984814719993E+003  0.901780637323377E+002  0.254775828210616E+001 -0.184146704745485E+001  0.190798546103134E+001  0.293708765348691E+000 -0.762657020629066E+001 -0.363992407359997E+003
  0.100000000000000E+001  0.535146948584861E+004  0.511914285975718E+002  0.209459485080053E+001 -0.146214307378411E+001  0.241741150776561E+000  0.367548222983582E+000 -0.762657020629066E+001 -0.267573474292430E+004
  0.100000000000000E+001  0.682936688646094E+003  0.624878270999891E+002  0.117883370848697E+001  0.155116391110841E+001  0.201431369412173E+000 -0.172999761959539E+001 -0.762657020629066E+001 -0.341468344323047E+003
  0.100000000000000E+001  0.480158606813668E+002  0.578264747336852E+002  0.109261536779724E+001  0.891961087799020E+000  0.162278095716573E+001 -0.984576455596264E+000 -0.762657020629066E+001 -0.240079303406834E+002
  0.100000000000000E+001  0.125075070326766E+004  0.796964501996805E+002  0.844292617841176E+000  0.113406620031398E+001  0.225553459352900E+000 -0.978358818155155E+000 -0.762657020629066E+001 -0.625375351633832E+003
  0.100000000000000E+001  0.120185634018275E+003  0.613938270803542E+002  0.603031475650709E-001 -0.197209983575777E+001  0.131467140549640E+001  0.291179668819270E+001 -0.762657020629066E+001 -0.600928170091375E+002
  0.100000000000000E+001  0.118622128553322E+004  0.877799367512198E+002  0.101529755587078E+001 -0.232917938764622E+001  0.110885087653301E+001  0.231388183177544E+001 -0.762657020629066E+001 -0.593110642766609E+003
  0.100000000000000E+001  0.794448891915737E+003  0.660882590353002E+002  0.222161224639660E+001 -0.207053740762392E+001  0.109533979486572E+001  0.848925161227321E+000 -0.762657020629066E+001 -0.397224445957869E+003
  0.100000000000000E+001  0.472276553912313E+003  0.639797661712162E+002  0.938779578140555E+000  0.251021776296260E+001  0.678476765447226E+000 -0.244899734110315E+001 -0.762657020629066E+001 -0.236138276956157E+003
  0.100000000000000E+001  0.814094044004320E+004  0.570989486817439E+002  0.967145463209875E+000 -0.970509696677172E+000  0.144494308461801E+000  0.100336423346730E+001 -0.762657020629066E+001 -0.407047022002160E+004
  0.100000000000000E+001  0.762438171475556E+002  0.603336527838248E+002  0.140266951837037E+001  0.981411526627617E+000  0.109683423765057E+001 -0.138408104499799E+001 -0.762657020629066E+001 -0.381219085737778E+002
  0.100000000000000E+001  0.129606052659760E+002  0.619573881023588E+002  0.240759666412784E+000  0.559328412916717E+000  0.710620273216409E+000  0.199911920670499E+000 -0.762657020629066E+001 -0.648030263298801E+001
  0.100000000000000E+001  0.651150262933776E+002  0.590904338327737E+002  0.197377276445850E+001  0.209523708802495E+001  0.197935278159219E+001 -0.306900985248345E+001 -0.762657020629066E+001 -0.325575131466888E+002
  0.100000000000000E+001  0.375094942322358E+003  0.606045464538815E+002  0.299138689676476E+001 -0.138342147156600E+001  0.153890631381047E+001 -0.607965425198765E+000 -0.762657020629066E+001 -0.187547471161179E+003
  0.100000000000000E+001  0.716987735838942E+003  0.749014596964076E+002  0.113412735520936E+001 -0.296586835621596E+000  0.734046620563200E+000  0.162459480412236E+000 -0.762657020629066E+001 -0.358493867919471E+003
  0.100000000000000E+001  0.377223064390290E+003  0.644121108907650E+002  0.828710081569181E+000 -0.253843368947408E+001  0.119217654911258E+001  0.270972360790490E+001 -0.762657020629066E+001 -0.188611532195145E+003
  0.100000000000000E+001  0.368148888222102E+002  0.472588766056956E+002  0.384975404898639E+000 -0.586374434544266E-001  0.145049536144755E+001  0.673662038555788E+000 -0.762657020629066E+001 -0.184074444111051E+002
  0.100000000000000E+001  0.210018780168751E+004  0.634595671313632E+002  0.254791667075557E+001 -0.106088229341926E+001  0.587683866145695E+000 -0.487034377336313E+000 -0.762657020629066E+001 -0.105009390084376E+004
  0.100000000000000E+001  0.162063085805621E+004  0.504318383676323E+002  0.281339145600601E+001 -0.481544271145129E+000  0.440733968847157E+000 -0.133184718486088E+001 -0.762657020629066E+001 -0.810315429028105E+003
  0.100000000000000E+001  0.353565996922582E+003  0.590968771362813E+002  0.102207253941293E+001 -0.156829344764158E+001  0.892096834999283E+000  0.154622090822866E+001 -0.762657020629066E+001 -0.176782998461291E+003
  0.100000000000000E+001  0.128408245040483E+003  0.748613520294160E+002  0.238651697952188E+000  0.154413423887983E+001  0.156063203918063E+001 -0.782785936832020E+000 -0.762657020629066E+001 -0.642041225202414E+002
  0.100000000000000E+001  0.156874434977662E+003  0.604165147580527E+002  0.157710225236347E+001 -0.717996990793764E+000  0.159394122562851E+001  0.140894738430292E+000 -0.762657020629066E+001 -0.784372174888311E+002
  0.100000000000000E+001  0.924569124197660E+002  0.525319880580270E+002  0.135259154640347E+001  0.284991078613234E+001  0.160401473772686E+001 -0.320250233253581E+001 -0.762657020629066E+001 -0.462284562098830E+002
  0.100000000000000E+001  0.759084870466317E+002  0.829894928646946E+002  0.613461127475335E+000  0.594651947811326E+000  0.165572773173747E+001 -0.208113075286661E+000 -0.762657020629066E+001 -0.379542435233158E+002
  0.100000000000000E+001  0.347107367751879E+003  0.833393379680639E+002  0.117902140033462E+001  0.608086698613066E+000  0.976486093537436E+000 -0.787108098947686E+000 -0.762657020629066E+001 -0.173553683875939E+003
  0.100000000000000E+001  0.960122511306089E+003  0.666151495317521E+002  0.189222159410257E+001 -0.101546462534030E+001  0.797861509739155E+000  0.123243031237730E+000 -0.762657020629066E+001 -0.480061255653045E+003
  0.100000000000000E+001  0.183195913868942E+004  0.422111756700236E+002  0.304284952677775E+000 -0.244255976093567E+001  0.176825700776685E+000  0.313827480825789E+001 -0.762657020629066E+001 -0.915979569344709E+003
  0.100000000000000E+001  0.389972709876739E+002  0.532428051545125E+002  0.107466433963302E+001  0.713144173220953E+000  0.126587793598757E+001 -0.787808512853977E+000 -0.762657020629066E+001 -0.194986354938369E+002
  0.100000000000000E+001  0.514445548925157E+003  0.643429975096321E+002  0.253250805036218E+001 -0.271216077917694E+001  0.151334882514105E+001  0.117965272881476E+001 -0.762657020629066E+001 -0.257222774462578E+003
  0.100000000000000E+001  0.413120043966275E+002  0.413312577473203E+002  0.135910474497426E+001  0.484991751405431E+000  0.119297318736968E+001 -0.844096496379689E+000 -0.762657020629066E+001 -0.206560021983137E+002
  0.100000000000000E+001  0.659285801316543E+003  0.816262645000427E+002  0.186319199037931E+001 -0.252278875147112E+001  0.166456822032506E+001  0.165959676109181E+001 -0.762657020629066E+001 -0.329642900658272E+003
  0.100000000000000E+001  0.113678065621355E+004  0.713148239708125E+002  0.119237950448409E+001 -0.231840191944914E+001  0.847883193506713E+000  0.212602241496505E+001 -0.762657020629066E+001 -0.568390328106774E+003
  0.100000000000000E+001  0.142130222381300E+003  0.420433477332308E+002  0.255821964807596E+001 -0.127192956628090E+001  0.119330445900655E+001 -0.286290081795061E+000 -0.762657020629066E+001 -0.710651111906501E+002
  0.100000000000000E+001  0.641697451982960E+002  0.458489155514399E+002  0.288989187110105E+001  0.298206413783848E+001  0.172320756767094E+001 -0.487195600893953E+001 -0.762657020629066E+001 -0.320848725991480E+002
  0.100000000000000E+001  0.216050020990181E+004  0.930585279576252E+002  0.523129683806693E+000 -0.102497203150944E+001  0.586149261449756E+000  0.150184234770274E+001 -0.762657020629066E+001 -0.108025010495091E+004
  0.100000000000000E+001  0.172711959848987E+004  0.965232143635972E+002  0.992357811922316E+000 -0.207147076430159E+001  0.100787347334769E+001  0.207911295237927E+001 -0.762657020629066E+001 -0.863559799244935E+003
  0.100000000000000E+001  0.291526386178358E+003  0.828684143141629E+002  0.131055510886762E+001  0.116804595635010E+001  0.887936665131947E+000 -0.147860106521772E+001 -0.762657020629066E+001 -0.145763193089179E+003
  0.100000000000000E+001  0.172536960871822E+005  0.979067083848410E+002  0.799875471225503E+000 -0.157620339543291E+001  0.283531927249163E+000  0.177632792420740E+001 -0.762657020629066E+001 -0.862684804359109E+004
  0.100000000000000E+001  0.705271208027686E+002  0.803251181124604E+002  0.187513988557374E+001  0.298875213789156E+001  0.171007116825702E+001 -0.386389202346530E+001 -0.762657020629066E+001 -0.352635604013843E+002
  0.100000000000000E+001  0.372670785891780E+003  0.690335089154868E+002  0.232416722992594E+001 -0.172404482066790E+001  0.175844735008536E+001  0.399877590741965E+000 -0.762657020629066E+001 -0.186335392945890E+003
  0.100000000000000E+001  0.232872595986808E+003  0.560555581304939E+002  0.285875066632011E+000 -0.230007154253477E+001  0.872699699875865E+000  0.301419647590276E+001 -0.762657020629066E+001 -0.116436297993404E+003
  0.100000000000000E+001  0.124979083656739E+003  0.533790789301876E+002  0.976815036347804E+000 -0.727520986423186E+000  0.924982104463801E+000  0.750705950075382E+000 -0.762657020629066E+001 -0.624895418283693E+002
  0.100000000000000E+001  0.583837732316561E+002  0.481213627917721E+002  0.214411506473920E+001  0.293249243101455E+001  0.143894682508051E+001 -0.407660749575375E+001 -0.762657020629066E+001 -0.291918866158281E+002
  0.100000000000000E+001  0.188267673590736E+003  0.624953894522112E+002  0.224097472257188E+001 -0.566207248819155E+000  0.188632749695362E+001 -0.674767473752729E+000 -0.762657020629066E+001 -0.941338367953679E+002
  0.100000000000000E+001  0.286045970711201E+004  0.546100561008116E+002  0.597002300495596E+000 -0.273174630181663E+001  0.298673011389094E+000  0.313474400132103E+001 -0.762657020629066E+001 -0.143022985355601E+004
  0.100000000000000E+001  0.160927344024280E+003  0.436549659059469E+002  0.920662539454699E+000 -0.214805001307261E+001  0.756503304171163E+000  0.222738747361791E+001 -0.762657020629066E+001 -0.804636720121400E+002
  0.100000000000000E+001  0.187383770463578E+003  0.923454637715422E+002  0.239033192922569E+001  0.247350005316885E+001  0.194343904672184E+001 -0.386383198239455E+001 -0.762657020629066E+001 -0.936918852317892E+002
  0.100000000000000E+001  0.267585118034508E+003  0.952903172611400E+002  0.119147559955692E+001  0.452939088122901E+000  0.162391534034121E+001 -0.644414687679818E+000 -0.762657020629066E+001 -0.133792559017254E+003
  0.100000000000000E+001  0.546795683359045E+004  0.872314701675813E+002  0.137104435392082E+001 -0.277750677773943E+001  0.581550876681429E+000  0.240646242381861E+001 -0.762657020629066E+001 -0.273397841679523E+004
  0.100000000000000E+001  0.557406252716136E+003  0.862336139187761E+002  0.176426312372667E+000 -0.598103137777070E+000  0.690855396105957E+000  0.142167682540440E+001 -0.762657020629066E+001 -0.278703126358068E+003
  0.100000000000000E+001  0.736000080103976E+003  0.789735260643465E+002  0.147076771925449E+001 -0.792277463456281E+000  0.103532439031161E+001  0.321509744201787E+000 -0.762657020629066E+001 -0.368000040051988E+003
  0.100000000000000E+001  0.105053628573098E+004  0.935871878717482E+002  0.953393731801285E+000 -0.767947706085348E+000  0.948752487780470E+000  0.814553974284063E+000 -0.762657020629066E+001 -0.525268142865488E+003
  0.100000000000000E+001  0.159555440948704E+003  0.710081317224984E+002  0.530526734628928E+000 -0.136966536283686E+001  0.166566849007963E+001  0.183913862820793E+001 -0.762657020629066E+001 -0.797777204743519E+002
  0.100000000000000E+001  0.593474409790160E+002  0.474545620448674E+002  0.209310550514168E+001  0.156723889562947E+001  0.113353639082754E+001 -0.266034440077115E+001 -0.762657020629066E+001 -0.296737204895080E+002
  0.100000000000000E+001  0.690931309463508E+003  0.623381343594878E+002  0.236564298829547E+001 -0.269742317455524E+001  0.118539980155381E+001  0.133178018625978E+001 -0.762657020629066E+001 -0.345465654731754E+003
  0.100000000000000E+001  0.429676014135519E+003  0.891451187050571E+002  0.272722998714925E+001  0.131914128768463E+001  0.168269609351400E+001 -0.304637127483388E+001 -0.762657020629066E+001 -0.214838007067759E+003
  0.100000000000000E+001  0.531187172769791E+003  0.998488086165218E+002  0.232085701339876E+001  0.981340830176149E-001  0.196830724289970E+001 -0.141899109641637E+001 -0.762657020629066E+001 -0.265593586384896E+003
  0.100000000000000E+001  0.358443578488776E+003  0.819636624341134E+002  0.960201464416338E+000 -0.220725183281833E+001  0.186453293630903E+001  0.224705036840199E+001 -0.762657020629066E+001 -0.179221789244388E+003
  0.100000000000000E+001  0.454733891220278E+003  0.963937389174505E+002  0.288892065092281E+000  0.176323544244794E+000  0.671502592850115E+000  0.534784390662925E+000 -0.762657020629066E+001 -0.227366945610139E+003
  0.100000000000000E+001  0.373720414365592E+003  0.786986501959209E+002  0.169880161157753E+001 -0.111429621097360E+001  0.171430309796715E+001  0.415494599396071E+000 -0.762657020629066E+001 -0.186860207182796E+003
  0.100000000000000E+001  0.245716760070148E+004  0.929791116888760E+002  0.100260727508313E+001 -0.146879700118219E+001  0.720754274764574E+000  0.146618972609905E+001 -0.762657020629066E+001 -0.122858380035074E+004
  0.100000000000000E+001  0.161649160073275E+003  0.948276477237466E+002  0.504940565160257E+000  0.163617814749851E+000  0.152253195860352E+001  0.331441620089893E+000 -0.762657020629066E+001 -0.808245800366373E+002
  0.100000000000000E+001  0.606825724073397E+003  0.682948161157572E+002  0.268910193190344E+001 -0.594637035245177E+000  0.121414832060721E+001 -0.109446489665827E+001 -0.762657020629066E+001 -0.303412862036698E+003
  0.100000000000000E+001  0.189307630763357E+003  0.913277414877873E+002  0.128493391590470E-001 -0.110009652817619E+001  0.169000073794274E+001  0.208724718901714E+001 -0.762657020629066E+001 -0.946538153816787E+002
  0.100000000000000E+001  0.484955993281310E+002  0.495391080268022E+002  0.180969513364715E+001  0.159352760194921E+001  0.124681971955812E+001 -0.240322273559636E+001 -0.762657020629066E+001 -0.242477996640655E+002
  0.100000000000000E+001  0.416716223435809E+003  0.766380535125826E+002  0.219555649835179E+001  0.985598757172200E+000  0.116020415292087E+001 -0.218115525552399E+001 -0.762657020629066E+001 -0.208358111717905E+003
  0.100000000000000E+001  0.139244865866585E+003  0.644731574702419E+002  0.221388180160999E+001  0.104902006007953E+001  0.165869610472536E+001 -0.226290186168951E+001 -0.762657020629066E+001 -0.696224329332926E+002
  0.100000000000000E+001  0.749239255685379E+002  0.525163213952894E+002  0.145079634697510E+001 -0.511528800804699E-001  0.164284239633265E+001 -0.399643466894634E+000 -0.762657020629066E+001 -0.374619627842690E+002
  0.100000000000000E+001  0.838196480787871E+004  0.982687767724669E+002  0.354218365231367E+000 -0.226763623782385E+001  0.409422031852424E+000  0.291341787259248E+001 -0.762657020629066E+001 -0.419098240393936E+004
  0.100000000000000E+001  0.355112577064204E+002  0.648428780083451E+002  0.829976279880525E+000  0.162234273993686E+001  0.139947217351766E+001 -0.145231901981739E+001 -0.762657020629066E+001 -0.177556288532102E+002
  0.100000000000000E+001  0.172729387104591E+003  0.732369387856679E+002  0.555114841253984E+000 -0.939362113649476E+000  0.143458088120024E+001  0.138424727239549E+001 -0.762657020629066E+001 -0.863646935522956E+002
  0.100000000000000E+001  0.847226040825420E+003  0.819049254985062E+002  0.211506158945437E+001  0.838052034081576E+000  0.898206961210031E+000 -0.195311362353594E+001 -0.762657020629066E+001 -0.423613020412710E+003
  0.100000000000000E+001  0.811182612937463E+002  0.515912219946377E+002  0.253299000729316E+001  0.163089489789298E+001  0.159625983331943E+001 -0.316388490518613E+001 -0.762657020629066E+001 -0.405591306468732E+002
  0.100000000000000E+001  0.352467969051887E+003  0.625740200348608E+002  0.226644366450704E+001 -0.294505756915407E+001  0.176798762828940E+001  0.167861390464703E+001 -0.762657020629066E+001 -0.176233984525943E+003
  0.100000000000000E+001  0.370767159503634E+003  0.695771667960172E+002  0.112105618992385E+001  0.160494557271806E+000  0.739346340338650E+000 -0.281550747195655E+000 -0.762657020629066E+001 -0.185383579751817E+003
  0.100000000000000E+001  0.136281639628125E+003  0.795391349047518E+002  0.106718324762754E+001  0.262928282488818E+001  0.123499427002246E+001 -0.269646607251572E+001 -0.762657020629066E+001 -0.681408198140625E+002
  0.100000000000000E+001  0.126797544692862E+004  0.925966640211265E+002  0.192618061954073E+001 -0.220784448242468E+001  0.137538952307559E+001  0.128166386288394E+001 -0.762657020629066E+001 -0.633987723464311E+003
  0.100000000000000E+001  0.141294965673508E+005  0.903860312565643E+002  0.168814349445506E+001  0.198035144743189E+001  0.140089021352808E+000 -0.266849494188695E+001 -0.762657020629066E+001 -0.706474828367541E+004
  0.100000000000000E+001  0.990237667235097E+003  0.711041880930932E+002  0.298743033969281E+001  0.117619916835637E+001  0.821736925088239E+000 -0.316362950804918E+001 -0.762657020629066E+001 -0.495118833617548E+003
  0.100000000000000E+001  0.454789989577599E+002  0.902739188393295E+002  0.252392175129683E+000  0.118995922018080E+001  0.135964289239340E+001 -0.442351395310480E+000 -0.762657020629066E+001 -0.227394994788800E+002
  0.100000000000000E+001  0.534391051512098E+002  0.527514103401768E+002  0.837159367345591E+000 -0.259769743125587E+000  0.150966484623813E+001  0.422610375779997E+000 -0.762657020629066E+001 -0.267195525756049E+002
  0.100000000000000E+001  0.126354092762851E+003  0.741671394525031E+002  0.231238455069645E+000  0.124166976579464E+001  0.726929801182746E+000 -0.472908220864286E+000 -0.762657020629066E+001 -0.631770463814255E+002
  0.100000000000000E+001  0.136041674276462E+004  0.811437983676632E+002  0.771835824442605E+000 -0.159260306192666E+001  0.742549898112688E+000  0.182076723748405E+001 -0.762657020629066E+001 -0.680208371382310E+003
  0.100000000000000E+001  0.885146664405466E+003  0.945464676106102E+002  0.213971703519120E+001  0.138333044995706E+001  0.985409528277154E+000 -0.252304748514826E+001 -0.762657020629066E+001 -0.442573332202733E+003
  0.100000000000000E+001  0.440338243985770E+004  0.456443775941796E+002  0.137383439212620E+001 -0.281644958623212E+001  0.219443776288894E+000  0.244261519410592E+001 -0.762657020629066E+001 -0.220169121992885E+004
  0.100000000000000E+001  0.386082530253002E+005  0.828494799390909E+002  0.242805001725995E+001 -0.711583347907148E+000  0.193657898718381E+000 -0.716466669352805E+000 -0.762657020629066E+001 -0.193041265126501E+005
  0.100000000000000E+001  0.948516102074438E+003  0.779207134879908E+002  0.184927274709323E+001 -0.739875107961272E+000  0.985006646970716E+000 -0.109397639131957E+000 -0.762657020629066E+001 -0.474258051037219E+003
