  0.247032822920623E-322  0.150615088574342E+004  0.766499670292561E+002  0.257627255638293E+001 -0.157627255638293E+001 -0.519295685089021E+001 -0.753075442871710E+003
  0.296439387504748E-322  0.150549524114364E+004  0.965084997766919E+002  0.162326736851117E+001 -0.623267368511174E+000 -0.519295685089021E+001 -0.752747620571820E+003
  0.345845952088873E-322  0.150547860426778E+004  0.947750472748055E+002  0.168402078317347E+001 -0.684020783173467E+000 -0.519295685089021E+001 -0.752739302133892E+003
  0.494065645841247E-322  0.150464728160018E+004  0.954729708351347E+002  0.165854430002171E+001 -0.658544300021710E+000 -0.519295685089021E+001 -0.752323640800091E+003
  0.557849520719351E-319  0.149056574343068E+004  0.938131956116352E+002  0.170746075497665E+001 -0.707460754976649E+000 -0.519295685089021E+001 -0.745282871715338E+003
  0.750880968549526E-319  0.148997138615766E+004  0.997504191726431E+002  0.150687187371955E+001 -0.506871873719549E+000 -0.519295685089021E+001 -0.744985693078832E+003
  0.351814265090635E-318  0.148688250042256E+004  0.789102511340601E+002  0.241057936956487E+001 -0.141057936956487E+001 -0.519295685089021E+001 -0.743441250211282E+003
  0.197016284890143E-316  0.147883179135247E+004  0.716555012984271E+002  0.290786122978590E+001 -0.190786122978590E+001 -0.519295685089021E+001 -0.739415895676233E+003
  0.108788107050213E-315  0.147541438971021E+004  0.757698865403875E+002  0.259934137869806E+001 -0.159934137869806E+001 -0.519295685089021E+001 -0.737707194855105E+003
  0.265660743007439E-315  0.147362875356956E+004  0.994081084192604E+002  0.150601887762961E+001 -0.506018877629612E+000 -0.519295685089021E+001 -0.736814376784781E+003
  0.623845357137826E-315  0.147192138871886E+004  0.933788046381396E+002  0.170879361534543E+001 -0.708793615345433E+000 -0.519295685089021E+001 -0.735960694359428E+003
  0.278004175549204E-313  0.146432758110600E+004  0.814257978523459E+002  0.224125372158842E+001 -0.124125372158842E+001 -0.519295685089021E+001 -0.732163790553002E+003
  0.302581688198962E-312  0.145955298061762E+004  0.703036060090427E+002  0.299275965894023E+001 -0.199275965894023E+001 -0.519295685089021E+001 -0.729776490308810E+003
  0.154402297472205E-311  0.145629338996598E+004  0.703378570557992E+002  0.298535864453759E+001 -0.198535864453759E+001 -0.519295685089021E+001 -0.728146694982990E+003
  0.280201449203192E-311  0.145510149538910E+004  0.705664447416152E+002  0.296462659788931E+001 -0.196462659788931E+001 -0.519295685089021E+001 -0.727550747694551E+003
  0.634839000000693E-311  0.145346577015407E+004  0.803630461206996E+002  0.228910835820653E+001 -0.128910835820653E+001 -0.519295685089021E+001 -0.726732885077034E+003
  0.762554407323909E-310  0.144849399509535E+004  0.918492543750147E+002  0.174754608699406E+001 -0.747546086994063E+000 -0.519295685089021E+001 -0.724246997547675E+003
  0.273126667589058E-308  0.144133713110014E+004  0.771553745367764E+002  0.246818903959879E+001 -0.146818903959879E+001 -0.519295685089021E+001 -0.720668565550070E+003
  0.763817789703809E-306  0.143007000353986E+004  0.841499562103111E+002  0.206541653916406E+001 -0.106541653916406E+001 -0.519295685089021E+001 -0.715035001769932E+003
  0.967493729826013E-306  0.142959724418284E+004  0.846825363866618E+002  0.203906840883750E+001 -0.103906840883750E+001 -0.519295685089021E+001 -0.714798622091419E+003
  0.401547898486135E-304  0.142214566804880E+004  0.943270621178954E+002  0.163539472352582E+001 -0.635394723525819E+000 -0.519295685089021E+001 -0.711072834024398E+003
  0.150786092808871E-303  0.141949942705590E+004  0.971714999817050E+002  0.153764812528881E+001 -0.537648125288807E+000 -0.519295685089021E+001 -0.709749713527952E+003
  0.503368412671494E-303  0.141708850684752E+004  0.765256075766652E+002  0.248012373211193E+001 -0.148012373211193E+001 -0.519295685089021E+001 -0.708544253423758E+003
  0.110635578846718E-302  0.141551349787355E+004  0.944494605533179E+002  0.162592354513721E+001 -0.625923545137210E+000 -0.519295685089021E+001 -0.707756748936777E+003
  0.347008933936202E-301  0.140862211008941E+004  0.841009173199050E+002  0.204682935503073E+001 -0.104682935503073E+001 -0.519295685089021E+001 -0.704311055044703E+003
  0.704028211773309E-301  0.140720717428327E+004  0.739979327464839E+002  0.263847081465361E+001 -0.163847081465361E+001 -0.519295685089021E+001 -0.703603587141635E+003
  0.176888002475269E-299  0.140075943721324E+004  0.725374111538641E+002  0.273623886550811E+001 -0.173623886550811E+001 -0.519295685089021E+001 -0.700379718606621E+003
  0.405951201298314E-299  0.139909800485203E+004  0.695673474910209E+002  0.296969709483113E+001 -0.196969709483113E+001 -0.519295685089021E+001 -0.699549002426013E+003
  0.186476558067498E-298  0.139604868950875E+004  0.903142153958920E+002  0.176329854064856E+001 -0.763298540648558E+000 -0.519295685089021E+001 -0.698024344754374E+003
  0.207797680183578E-297  0.139122700056730E+004  0.711973410296488E+002  0.282606670844446E+001 -0.182606670844446E+001 -0.519295685089021E+001 -0.695613500283651E+003
  0.304841032433588E-295  0.138125020915394E+004  0.734115229518617E+002  0.264705490299473E+001 -0.164705490299473E+001 -0.519295685089021E+001 -0.690625104576971E+003
  0.317389583533418E-294  0.137656435986025E+004  0.735565926371688E+002  0.263072165571750E+001 -0.163072165571750E+001 -0.519295685089021E+001 -0.688282179930125E+003
  0.755726393559344E-294  0.137482926104436E+004  0.772002042534222E+002  0.238817815162263E+001 -0.138817815162263E+001 -0.519295685089021E+001 -0.687414630522182E+003
  0.135069137090522E-291  0.136445753573330E+004  0.786249197920350E+002  0.229128334995204E+001 -0.129128334995204E+001 -0.519295685089021E+001 -0.682228767866649E+003
  0.149026820871075E-291  0.136426085669000E+004  0.747415446482413E+002  0.253343619783990E+001 -0.153343619783990E+001 -0.519295685089021E+001 -0.682130428344999E+003
  0.263655045930858E-291  0.136311982607210E+004  0.698743457422336E+002  0.289293812003881E+001 -0.189293812003881E+001 -0.519295685089021E+001 -0.681559913036050E+003
  0.637799312157791E-291  0.136135306192895E+004  0.887644053502804E+002  0.179510984493634E+001 -0.795109844936345E+000 -0.519295685089021E+001 -0.680676530964477E+003
  0.897931207107959E-291  0.136066892236402E+004  0.870585387131840E+002  0.186587448777725E+001 -0.865874487777246E+000 -0.519295685089021E+001 -0.680334461182008E+003
  0.100165607840110E-290  0.136045028930599E+004  0.710923621936842E+002  0.279211630827034E+001 -0.179211630827034E+001 -0.519295685089021E+001 -0.680225144652994E+003
  0.650556786092954E-290  0.135670828191477E+004  0.994187768794778E+002  0.142295980116605E+001 -0.422959801166049E+000 -0.519295685089021E+001 -0.678354140957386E+003
  0.860841449992197E-289  0.135154294822697E+004  0.702188338970458E+002  0.284864747309246E+001 -0.184864747309246E+001 -0.519295685089021E+001 -0.675771474113483E+003
  0.254503184419284E-288  0.134937497202649E+004  0.865308054023129E+002  0.187823859198404E+001 -0.878238591984035E+000 -0.519295685089021E+001 -0.674687486013244E+003
  0.266548542708140E-287  0.134467731578520E+004  0.959808102520985E+002  0.151980359943844E+001 -0.519803599438442E+000 -0.519295685089021E+001 -0.672338657892598E+003
  0.503213631561297E-286  0.133880122876171E+004  0.724344617643019E+002  0.266199830293921E+001 -0.166199830293921E+001 -0.519295685089021E+001 -0.669400614380854E+003
  0.825501241620687E-285  0.133320610663037E+004  0.960826185376828E+002  0.150776746395411E+001 -0.507767463954108E+000 -0.519295685089021E+001 -0.666603053315185E+003
  0.485982610329043E-284  0.132966057229518E+004  0.742774069840709E+002  0.252124004727646E+001 -0.152124004727646E+001 -0.519295685089021E+001 -0.664830286147589E+003
  0.591096492475224E-283  0.132466378924544E+004  0.840360418260804E+002  0.196711609361902E+001 -0.967116093619022E+000 -0.519295685089021E+001 -0.662331894622720E+003
  0.168974866378987E-282  0.132256307763887E+004  0.712010437779916E+002  0.273166107262135E+001 -0.173166107262135E+001 -0.519295685089021E+001 -0.661281538819433E+003
  0.717600451438605E-282  0.131967075172761E+004  0.885296671631037E+002  0.176740820528494E+001 -0.767408205284944E+000 -0.519295685089021E+001 -0.659835375863806E+003
  0.902700982195017E-281  0.131460662470057E+004  0.699704636560377E+002  0.281609216444156E+001 -0.181609216444156E+001 -0.519295685089021E+001 -0.657303312350284E+003
  0.972228709244572E-281  0.131445822527258E+004  0.723311680538890E+002  0.263705836220887E+001 -0.163705836220887E+001 -0.519295685089021E+001 -0.657229112636292E+003
  0.858558425758461E-279  0.130549655758202E+004  0.830391083325876E+002  0.199511961907913E+001 -0.995119619079128E+000 -0.519295685089021E+001 -0.652748278791011E+003
  0.978693067759988E-279  0.130523463089473E+004  0.843291306566474E+002  0.193427798384184E+001 -0.934277983841837E+000 -0.519295685089021E+001 -0.652617315447367E+003
  0.277766671989721E-278  0.130314833395957E+004  0.731462338781689E+002  0.256442300150290E+001 -0.156442300150290E+001 -0.519295685089021E+001 -0.651574166979785E+003
  0.505559604190409E-278  0.130195056497761E+004  0.817016449539866E+002  0.205714971293061E+001 -0.105714971293061E+001 -0.519295685089021E+001 -0.650975282488804E+003
  0.632727131557496E-278  0.130150181834850E+004  0.729316932884840E+002  0.257721198614814E+001 -0.157721198614814E+001 -0.519295685089021E+001 -0.650750909174252E+003
  0.780804100280923E-278  0.130108124829040E+004  0.903016648119570E+002  0.168213186860256E+001 -0.682131868602565E+000 -0.519295685089021E+001 -0.650540624145200E+003
  0.328105449841141E-277  0.129821005657708E+004  0.811619029017460E+002  0.208054504138263E+001 -0.108054504138263E+001 -0.519295685089021E+001 -0.649105028288541E+003
  0.952491510421845E-277  0.129607856428931E+004  0.878105013063261E+002  0.177510844046121E+001 -0.775108440461209E+000 -0.519295685089021E+001 -0.648039282144657E+003
  0.105585408060450E-276  0.129587251613040E+004  0.702616613047155E+002  0.276653110372771E+001 -0.176653110372771E+001 -0.519295685089021E+001 -0.647936258065202E+003
  0.136811528278247E-276  0.129535434794601E+004  0.725534638528612E+002  0.259569258909636E+001 -0.159569258909636E+001 -0.519295685089021E+001 -0.647677173973003E+003
  0.238796197889113E-276  0.129424033557205E+004  0.906947244909543E+002  0.166156657054299E+001 -0.661566570542988E+000 -0.519295685089021E+001 -0.647120167786027E+003
  0.586320933169262E-276  0.129244382187699E+004  0.790920245262735E+002  0.218396023839872E+001 -0.118396023839872E+001 -0.519295685089021E+001 -0.646221910938495E+003
  0.113424146822526E-275  0.129112411769824E+004  0.690672222268261E+002  0.285486880827259E+001 -0.185486880827259E+001 -0.519295685089021E+001 -0.645562058849118E+003
  0.211749859066952E-275  0.128987557496944E+004  0.987294652617864E+002  0.139483803449662E+001 -0.394838034496615E+000 -0.519295685089021E+001 -0.644937787484718E+003
  0.290491733398515E-275  0.128924323606652E+004  0.888162181109363E+002  0.172875874706109E+001 -0.728758747061094E+000 -0.519295685089021E+001 -0.644621618033259E+003
  0.442891512902873E-275  0.128839973660900E+004  0.849148335162471E+002  0.189121362704928E+001 -0.891213627049282E+000 -0.519295685089021E+001 -0.644199868304500E+003
  0.101332642866994E-274  0.128674439892158E+004  0.848331970243532E+002  0.189324054822173E+001 -0.893240548221735E+000 -0.519295685089021E+001 -0.643372199460790E+003
  0.480594724837979E-274  0.128363116742530E+004  0.796747714748441E+002  0.214251213736001E+001 -0.114251213736001E+001 -0.519295685089021E+001 -0.641815583712651E+003
  0.266015472709887E-273  0.128020893698305E+004  0.695485186209729E+002  0.280015619933453E+001 -0.180015619933453E+001 -0.519295685089021E+001 -0.640104468491526E+003
  0.127822233094765E-272  0.127706959475803E+004  0.717761934451177E+002  0.262670302223026E+001 -0.162670302223026E+001 -0.519295685089021E+001 -0.638534797379014E+003
  0.112761091553234E-271  0.127271516286838E+004  0.709747675355941E+002  0.267960541148369E+001 -0.167960541148369E+001 -0.519295685089021E+001 -0.636357581434188E+003
  0.116672649924787E-271  0.127264696126228E+004  0.679833026522935E+002  0.291738289247179E+001 -0.191738289247179E+001 -0.519295685089021E+001 -0.636323480631141E+003
  0.211598840874224E-271  0.127145632111730E+004  0.903692950894101E+002  0.165393026175855E+001 -0.653930261758545E+000 -0.519295685089021E+001 -0.635728160558652E+003
  0.310044792289510E-271  0.127069227200483E+004  0.699102510082755E+002  0.275793163574393E+001 -0.175793163574393E+001 -0.519295685089021E+001 -0.635346136002413E+003
  0.408774112116225E-271  0.127013938014070E+004  0.954840514469715E+002  0.147807758351416E+001 -0.478077583514163E+000 -0.519295685089021E+001 -0.635069690070352E+003
  0.130813735250692E-270  0.126781298648929E+004  0.787088825071066E+002  0.217718702511626E+001 -0.117718702511626E+001 -0.519295685089021E+001 -0.633906493244645E+003
  0.142163155409605E-269  0.126304141442988E+004  0.949004800960207E+002  0.149104752478637E+001 -0.491047524786368E+000 -0.519295685089021E+001 -0.631520707214938E+003
  0.342281147389745E-269  0.126128410025396E+004  0.733257026713307E+002  0.249733060997508E+001 -0.149733060997508E+001 -0.519295685089021E+001 -0.630642050126982E+003
  0.324633593601571E-268  0.125678480071940E+004  0.769607338383439E+002  0.226347925440437E+001 -0.126347925440437E+001 -0.519295685089021E+001 -0.628392400359700E+003
  0.772475046313164E-268  0.125505099559197E+004  0.892346113039877E+002  0.168204506562943E+001 -0.682045065629425E+000 -0.519295685089021E+001 -0.627525497795986E+003
  0.296566152743495E-265  0.124315014383415E+004  0.684054880234875E+002  0.283758290525225E+001 -0.183758290525225E+001 -0.519295685089021E+001 -0.621575071917075E+003
  0.686537181440913E-264  0.123686619349027E+004  0.940100931874091E+002  0.149881071326603E+001 -0.498810713266030E+000 -0.519295685089021E+001 -0.618433096745136E+003
  0.332961163247411E-263  0.123370829236093E+004  0.788522020048542E+002  0.213055342535000E+001 -0.113055342535000E+001 -0.519295685089021E+001 -0.616854146180464E+003
  0.447128682154833E-262  0.122851348102208E+004  0.809051519007739E+002  0.201855015279058E+001 -0.101855015279058E+001 -0.519295685089021E+001 -0.614256740511039E+003
  0.129542198759833E-261  0.122638599032712E+004  0.747108238489762E+002  0.236226421541091E+001 -0.136226421541091E+001 -0.519295685089021E+001 -0.613192995163562E+003
  0.165763125187217E-261  0.122589288407638E+004  0.830869975079133E+002  0.191134537273191E+001 -0.911345372731913E+000 -0.519295685089021E+001 -0.612946442038189E+003
  0.279671911202879E-261  0.122484676936067E+004  0.989264670760464E+002  0.134162851460142E+001 -0.341628514601419E+000 -0.519295685089021E+001 -0.612423384680336E+003
  0.809062991692162E-261  0.122272225014619E+004  0.674519333134134E+002  0.288556729618796E+001 -0.188556729618796E+001 -0.519295685089021E+001 -0.611361125073094E+003
  0.911220906021774E-261  0.122248443299101E+004  0.819707636126958E+002  0.196012784666646E+001 -0.960127846666464E+000 -0.519295685089021E+001 -0.611242216495505E+003
  0.450939132868459E-260  0.121928616877552E+004  0.825551463676486E+002  0.192915876363227E+001 -0.929158763632269E+000 -0.519295685089021E+001 -0.609643084387762E+003
  0.289060868407373E-258  0.121096521857705E+004  0.726024093177276E+002  0.247935412966082E+001 -0.147935412966082E+001 -0.519295685089021E+001 -0.605482609288526E+003
  0.289981893382672E-258  0.121095885617474E+004  0.913898253262214E+002  0.156517397196183E+001 -0.565173971961833E+000 -0.519295685089021E+001 -0.605479428087368E+003
  0.327577036968752E-258  0.121071504663398E+004  0.931819681836785E+002  0.150447015012854E+001 -0.504470150128541E+000 -0.519295685089021E+001 -0.605357523316989E+003
  0.666233880007932E-258  0.120929521158342E+004  0.741162259548530E+002  0.237791545694514E+001 -0.137791545694514E+001 -0.519295685089021E+001 -0.604647605791711E+003
  0.221180889154528E-257  0.120689536121821E+004  0.689437666950540E+002  0.274006673895015E+001 -0.174006673895015E+001 -0.519295685089021E+001 -0.603447680609105E+003
  0.311773608968560E-257  0.120620876833330E+004  0.786286673681231E+002  0.211104708777694E+001 -0.111104708777694E+001 -0.519295685089021E+001 -0.603104384166649E+003
  0.204052603994151E-256  0.120245139712496E+004  0.708571404095215E+002  0.258955806574893E+001 -0.158955806574893E+001 -0.519295685089021E+001 -0.601225698562480E+003
  0.879833729987404E-256  0.119952868687875E+004  0.719553160832621E+002  0.250798426747653E+001 -0.150798426747653E+001 -0.519295685089021E+001 -0.599764343439376E+003
  0.136328075209193E-255  0.119865285398865E+004  0.680258852986746E+002  0.280087193070344E+001 -0.180087193070344E+001 -0.519295685089021E+001 -0.599326426994323E+003
  0.649276901957483E-255  0.119553126401537E+004  0.668409948719721E+002  0.289467903673797E+001 -0.189467903673797E+001 -0.519295685089021E+001 -0.597765632007684E+003
  0.108494475837363E-254  0.119450441388414E+004  0.984179349334099E+002  0.133335119773783E+001 -0.333351197737826E+000 -0.519295685089021E+001 -0.597252206942069E+003
  0.129920054748416E-253  0.118953880361801E+004  0.742758604549016E+002  0.234233578880011E+001 -0.134233578880011E+001 -0.519295685089021E+001 -0.594769401809004E+003
  0.222837538634896E-252  0.118385458606834E+004  0.787508302519323E+002  0.207884423797492E+001 -0.107884423797492E+001 -0.519295685089021E+001 -0.591927293034169E+003
  0.508274736730654E-252  0.118220542778420E+004  0.801325260194147E+002  0.200620133098542E+001 -0.100620133098542E+001 -0.519295685089021E+001 -0.591102713892100E+003
  0.784309664404470E-252  0.118133786418270E+004  0.728474635900334E+002  0.242317379303291E+001 -0.142317379303291E+001 -0.519295685089021E+001 -0.590668932091350E+003
  0.803097501929793E-250  0.117208017939836E+004  0.963511678155736E+002  0.137525300150328E+001 -0.375253001503280E+000 -0.519295685089021E+001 -0.586040089699181E+003
  0.352743391886791E-248  0.116451530956885E+004  0.747695581333938E+002  0.227983280422312E+001 -0.127983280422312E+001 -0.519295685089021E+001 -0.582257654784425E+003
  0.382719141528209E-248  0.116435218846722E+004  0.909260887523721E+002  0.154088197380519E+001 -0.540881973805186E+000 -0.519295685089021E+001 -0.582176094233609E+003
  0.228960915108645E-246  0.115616934828651E+004  0.741672029256289E+002  0.230583019701741E+001 -0.130583019701741E+001 -0.519295685089021E+001 -0.578084674143254E+003
  0.300646708755340E-246  0.115562457921106E+004  0.909027381041705E+002  0.153406073165771E+001 -0.534060731657710E+000 -0.519295685089021E+001 -0.577812289605531E+003
  0.380348429511232E-245  0.115054910522099E+004  0.950318412518314E+002  0.139733952162191E+001 -0.397339521621914E+000 -0.519295685089021E+001 -0.575274552610493E+003
  0.181002976479832E-244  0.114742908358820E+004  0.872162136853202E+002  0.166017920562389E+001 -0.660179205623894E+000 -0.519295685089021E+001 -0.573714541794101E+003
  0.208264050550896E-244  0.114714849704294E+004  0.680157118753944E+002  0.272233523616772E+001 -0.172233523616772E+001 -0.519295685089021E+001 -0.573574248521468E+003
  0.350630501785488E-243  0.114150147441871E+004  0.746872412633066E+002  0.225526304970780E+001 -0.125526304970780E+001 -0.519295685089021E+001 -0.570750737209357E+003
  0.858825222442478E-243  0.113970980948380E+004  0.759796909299963E+002  0.217755419653967E+001 -0.117755419653967E+001 -0.519295685089021E+001 -0.569854904741902E+003
  0.934316293794008E-243  0.113954131030331E+004  0.721864282704125E+002  0.240993772405347E+001 -0.140993772405347E+001 -0.519295685089021E+001 -0.569770655151657E+003
  0.491917327498176E-242  0.113621914883010E+004  0.653391987747664E+002  0.292816371659744E+001 -0.192816371659744E+001 -0.519295685089021E+001 -0.568109574415051E+003
  0.149459773848127E-241  0.113399654541103E+004  0.976860956901951E+002  0.130796361389660E+001 -0.307963613896602E+000 -0.519295685089021E+001 -0.566998272705515E+003
  0.502655577222431E-241  0.113157078958492E+004  0.765284792941895E+002  0.213666122229766E+001 -0.113666122229766E+001 -0.519295685089021E+001 -0.565785394792461E+003
  0.512140988563808E-241  0.113153340007094E+004  0.682095009704712E+002  0.268304545308265E+001 -0.168304545308265E+001 -0.519295685089021E+001 -0.565766700035468E+003
  0.176975484436483E-240  0.112905340736185E+004  0.673494782667917E+002  0.274710632062683E+001 -0.174710632062683E+001 -0.519295685089021E+001 -0.564526703680923E+003
  0.350886865966878E-240  0.112768450209114E+004  0.822441346064776E+002  0.184675571273300E+001 -0.846755712732998E+000 -0.519295685089021E+001 -0.563842251045568E+003
  0.284926718529308E-237  0.111428545519935E+004  0.900457037507778E+002  0.152685281244755E+001 -0.526852812447549E+000 -0.519295685089021E+001 -0.557142727599675E+003
  0.325699652532423E-237  0.111401796794693E+004  0.651297364030282E+002  0.290915872848675E+001 -0.190915872848675E+001 -0.519295685089021E+001 -0.557008983973465E+003
  0.873744605792343E-237  0.111204434299802E+004  0.715355320000835E+002  0.241487483808887E+001 -0.141487483808887E+001 -0.519295685089021E+001 -0.556022171499012E+003
  0.161648371647674E-236  0.111081390219024E+004  0.774973180013509E+002  0.205897822889011E+001 -0.105897822889011E+001 -0.519295685089021E+001 -0.555406951095119E+003
  0.549700231410992E-236  0.110836600286015E+004  0.884818568001090E+002  0.157647021182888E+001 -0.576470211828882E+000 -0.519295685089021E+001 -0.554183001430076E+003
  0.860259112565224E-236  0.110747028177674E+004  0.879216773520917E+002  0.159598684624187E+001 -0.595986846241873E+000 -0.519295685089021E+001 -0.553735140888371E+003
  0.128826785160669E-235  0.110666264136311E+004  0.684569536965666E+002  0.262578172193309E+001 -0.162578172193309E+001 -0.519295685089021E+001 -0.553331320681553E+003
  0.191408125208708E-235  0.110587076300670E+004  0.819043538951508E+002  0.183860177766360E+001 -0.838601777663598E+000 -0.519295685089021E+001 -0.552935381503351E+003
  0.218596020841935E-235  0.110560512812053E+004  0.907063080777965E+002  0.149670399279698E+001 -0.496703992796980E+000 -0.519295685089021E+001 -0.552802564060267E+003
  0.340835648259457E-235  0.110471677808348E+004  0.703066311386582E+002  0.248832403039434E+001 -0.148832403039434E+001 -0.519295685089021E+001 -0.552358389041740E+003
  0.446022958050078E-235  0.110417883801356E+004  0.886510700958056E+002  0.156651729032836E+001 -0.566517290328359E+000 -0.519295685089021E+001 -0.552089419006781E+003
  0.549861657291284E-235  0.110376024543707E+004  0.871169632644959E+002  0.162232401578902E+001 -0.622324015789017E+000 -0.519295685089021E+001 -0.551880122718536E+003
  0.895561599138544E-235  0.110278467685273E+004  0.713594848827321E+002  0.241355660651469E+001 -0.141355660651469E+001 -0.519295685089021E+001 -0.551392338426366E+003
  0.112824997070948E-234  0.110232273284036E+004  0.656022497122449E+002  0.284847324108561E+001 -0.184847324108561E+001 -0.519295685089021E+001 -0.551161366420179E+003
  0.190250718593622E-234  0.110127772313219E+004  0.852936947770982E+002  0.169043438572755E+001 -0.690434385727551E+000 -0.519295685089021E+001 -0.550638861566094E+003
  0.180198651881646E-233  0.109678111876605E+004  0.796536269732478E+002  0.193345237899206E+001 -0.933452378992060E+000 -0.519295685089021E+001 -0.548390559383025E+003
  0.666030237846848E-233  0.109416656835051E+004  0.754067516058988E+002  0.215277966450860E+001 -0.115277966450860E+001 -0.519295685089021E+001 -0.547083284175255E+003
  0.123628453047191E-232  0.109292950686553E+004  0.693335664200680E+002  0.254005747359048E+001 -0.154005747359048E+001 -0.519295685089021E+001 -0.546464753432765E+003
  0.363939283528357E-232  0.109077009420743E+004  0.697790464166264E+002  0.250493841021060E+001 -0.150493841021060E+001 -0.519295685089021E+001 -0.545385047103713E+003
  0.836476086724513E-231  0.108450050225646E+004  0.681493431559869E+002  0.261476079867863E+001 -0.161476079867863E+001 -0.519295685089021E+001 -0.542250251128229E+003
  0.619390398127109E-230  0.108049625640486E+004  0.801922860080990E+002  0.188924438961155E+001 -0.889244389611548E+000 -0.519295685089021E+001 -0.540248128202429E+003
  0.815355702318754E-230  0.107994647901073E+004  0.713619698089126E+002  0.238096410770342E+001 -0.138096410770342E+001 -0.519295685089021E+001 -0.539973239505365E+003
  0.940148580479478E-230  0.107966165208168E+004  0.881319185694234E+002  0.156221352959021E+001 -0.562213529590206E+000 -0.519295685089021E+001 -0.539830826040842E+003
  0.316570887691756E-229  0.107723346336941E+004  0.652343468862901E+002  0.283760574463650E+001 -0.183760574463650E+001 -0.519295685089021E+001 -0.538616731684705E+003
  0.427332826882716E-229  0.107663343142258E+004  0.747816523385177E+002  0.216590972128234E+001 -0.116590972128234E+001 -0.519295685089021E+001 -0.538316715711291E+003
  0.343797711320612E-228  0.107246328069210E+004  0.646144873188036E+002  0.288315854115380E+001 -0.188315854115380E+001 -0.519295685089021E+001 -0.536231640346048E+003
  0.574498041257582E-228  0.107143639418831E+004  0.724563918005510E+002  0.229859918414257E+001 -0.129859918414257E+001 -0.519295685089021E+001 -0.535718197094157E+003
  0.797443086133775E-228  0.107078056663041E+004  0.813549733708136E+002  0.182499959389743E+001 -0.824999593897433E+000 -0.519295685089021E+001 -0.535390283315204E+003
  0.912443467910950E-228  0.107051113530281E+004  0.707089420954023E+002  0.241093946163058E+001 -0.141093946163058E+001 -0.519295685089021E+001 -0.535255567651403E+003
  0.136231999926805E-227  0.106970949874957E+004  0.790973126171886E+002  0.192923533469112E+001 -0.929235334691116E+000 -0.519295685089021E+001 -0.534854749374786E+003
  0.475592928437444E-226  0.106260392259998E+004  0.724860099583315E+002  0.228452977494553E+001 -0.128452977494553E+001 -0.519295685089021E+001 -0.531301961299991E+003
  0.560700164306214E-225  0.105766950441363E+004  0.777485509275591E+002  0.198196574409686E+001 -0.981965744096863E+000 -0.519295685089021E+001 -0.528834752206817E+003
  0.269010682183644E-224  0.105453320464091E+004  0.785966405792951E+002  0.193589970982100E+001 -0.935899709821001E+000 -0.519295685089021E+001 -0.527266602320457E+003
  0.350782421666541E-224  0.105400237452004E+004  0.685153268959111E+002  0.254015958272014E+001 -0.154015958272014E+001 -0.519295685089021E+001 -0.527001187260022E+003
  0.428281093089652E-224  0.105360314734085E+004  0.662369526568233E+002  0.271457381846348E+001 -0.171457381846348E+001 -0.519295685089021E+001 -0.526801573670426E+003
  0.782688493550464E-224  0.105239723726052E+004  0.692269023538296E+002  0.248646704708309E+001 -0.148646704708309E+001 -0.519295685089021E+001 -0.526198618630258E+003
  0.385274010793463E-223  0.104920962703902E+004  0.721160291428143E+002  0.228903481506562E+001 -0.128903481506562E+001 -0.519295685089021E+001 -0.524604813519512E+003
  0.599377611587784E-223  0.104832575302837E+004  0.834823674019539E+002  0.170948824083989E+001 -0.709488240839889E+000 -0.519295685089021E+001 -0.524162876514183E+003
  0.860823942738759E-223  0.104760175662691E+004  0.632115141480507E+002  0.296521958001531E+001 -0.196521958001531E+001 -0.519295685089021E+001 -0.523800878313456E+003
  0.565029161712849E-222  0.104383861176107E+004  0.981840294243462E+002  0.122553165246261E+001 -0.225531652462605E+000 -0.519295685089021E+001 -0.521919305880537E+003
  0.685780635473492E-222  0.104345125084155E+004  0.693612533492546E+002  0.246342858275103E+001 -0.146342858275103E+001 -0.519295685089021E+001 -0.521725625420777E+003
  0.362933359639474E-221  0.104011875779171E+004  0.677184757740545E+002  0.257739136650722E+001 -0.157739136650722E+001 -0.519295685089021E+001 -0.520059378895857E+003
  0.580117552921932E-221  0.103918073474111E+004  0.642440001291965E+002  0.285737448326073E+001 -0.185737448326073E+001 -0.519295685089021E+001 -0.519590367370553E+003
  0.688759224237881E-221  0.103883741275582E+004  0.682014799859930E+002  0.253952030867036E+001 -0.153952030867036E+001 -0.519295685089021E+001 -0.519418706377908E+003
  0.376516921982536E-220  0.103544010009256E+004  0.855282088311295E+002  0.161534264356277E+001 -0.615342643562771E+000 -0.519295685089021E+001 -0.517720050046280E+003
  0.897765869961463E-220  0.103370220745516E+004  0.749990166505762E+002  0.209786311512711E+001 -0.109786311512711E+001 -0.519295685089021E+001 -0.516851103727580E+003
  0.322760456033091E-219  0.103114303503825E+004  0.814606229954078E+002  0.177657878614973E+001 -0.776578786149735E+000 -0.519295685089021E+001 -0.515571517519124E+003
  0.464181130379209E-219  0.103041630620354E+004  0.864460872976979E+002  0.157600365209880E+001 -0.576003652098796E+000 -0.519295685089021E+001 -0.515208153101771E+003
  0.706895280178114E-219  0.102957509081731E+004  0.955697393111888E+002  0.128410400591545E+001 -0.284104005915452E+000 -0.519295685089021E+001 -0.514787545408654E+003
  0.196080174495387E-217  0.102292946825979E+004  0.684221216726025E+002  0.249857710552999E+001 -0.149857710552999E+001 -0.519295685089021E+001 -0.511464734129893E+003
  0.229973813764870E-217  0.102261058461957E+004  0.687358155165207E+002  0.247564357362375E+001 -0.147564357362375E+001 -0.519295685089021E+001 -0.511305292309787E+003
  0.149102905927850E-216  0.101887207190933E+004  0.856961456550937E+002  0.159235131745399E+001 -0.592351317453995E+000 -0.519295685089021E+001 -0.509436035954666E+003
  0.125609746530952E-215  0.101460981544450E+004  0.926951887860410E+002  0.135416252576689E+001 -0.354162525766895E+000 -0.519295685089021E+001 -0.507304907722252E+003
  0.191215271283870E-215  0.101376937540977E+004  0.629889847704947E+002  0.292361651266907E+001 -0.192361651266907E+001 -0.519295685089021E+001 -0.506884687704885E+003
  0.217921385960051E-215  0.101350790638031E+004  0.756693714430551E+002  0.203527656017678E+001 -0.103527656017678E+001 -0.519295685089021E+001 -0.506753953190154E+003
  0.374089870208739E-215  0.101242718301964E+004  0.641791701047985E+002  0.281560214531057E+001 -0.181560214531057E+001 -0.519295685089021E+001 -0.506213591509820E+003
  0.778251813924687E-215  0.101096207486590E+004  0.826083425601147E+002  0.170571715214654E+001 -0.705717152146544E+000 -0.519295685089021E+001 -0.505481037432951E+003
  0.547039038042339E-214  0.100706196462528E+004  0.724038406902336E+002  0.221224523624337E+001 -0.121224523624337E+001 -0.519295685089021E+001 -0.503530982312638E+003
  0.570819607311259E-214  0.100697685848891E+004  0.676886452056677E+002  0.252673174524681E+001 -0.152673174524681E+001 -0.519295685089021E+001 -0.503488429244457E+003
  0.290294287462260E-213  0.100372404438854E+004  0.944894119735991E+002  0.129292019931743E+001 -0.292920199317432E+000 -0.519295685089021E+001 -0.501862022194268E+003
  0.180356708559596E-212  0.100007079137991E+004  0.856940147118375E+002  0.157350323905229E+001 -0.573503239052293E+000 -0.519295685089021E+001 -0.500035395689957E+003
  0.263670549571103E-212  0.999311263777011E+003  0.855740045468863E+002  0.157718757731815E+001 -0.577187577318153E+000 -0.519295685089021E+001 -0.499655631888505E+003
  0.110223350920501E-211  0.996450476861931E+003  0.923291444332036E+002  0.134931325998113E+001 -0.349313259981130E+000 -0.519295685089021E+001 -0.498225238430966E+003
  0.461866335808482E-210  0.988979773150568E+003  0.692121383236204E+002  0.239060841115733E+001 -0.139060841115733E+001 -0.519295685089021E+001 -0.494489886575284E+003
  0.183865444632911E-209  0.986216745608310E+003  0.695261794295892E+002  0.236513609954485E+001 -0.136513609954485E+001 -0.519295685089021E+001 -0.493108372804155E+003
  0.311080661492938E-209  0.985165049549631E+003  0.650321710685995E+002  0.269608040107987E+001 -0.169608040107987E+001 -0.519295685089021E+001 -0.492582524774815E+003
  0.146539614314553E-208  0.982065392250608E+003  0.692326729353416E+002  0.237857848999623E+001 -0.137857848999623E+001 -0.519295685089021E+001 -0.491032696125304E+003
  0.426922713106593E-207  0.975321607663992E+003  0.989266615342966E+002  0.115417524280327E+001 -0.154175242803265E+000 -0.519295685089021E+001 -0.487660803831996E+003
  0.232235669094491E-206  0.971934138129920E+003  0.629701141108629E+002  0.284778162751480E+001 -0.184778162751480E+001 -0.519295685089021E+001 -0.485967069064960E+003
  0.417677313401957E-206  0.970760225158417E+003  0.838856267428771E+002  0.161163469589521E+001 -0.611634695895211E+000 -0.519295685089021E+001 -0.485380112579208E+003
  0.622696074333611E-206  0.969961526357010E+003  0.922588727300135E+002  0.132815960490893E+001 -0.328159604908929E+000 -0.519295685089021E+001 -0.484980763178505E+003
  0.703175300194318E-206  0.969718431030419E+003  0.709239897769711E+002  0.224974846691556E+001 -0.124974846691556E+001 -0.519295685089021E+001 -0.484859215515209E+003
  0.772997800944045E-206  0.969529091064695E+003  0.977980808160095E+002  0.117746623810266E+001 -0.177466238102663E+000 -0.519295685089021E+001 -0.484764545532347E+003
  0.143383093560896E-205  0.968293433237907E+003  0.796905799005905E+002  0.178327805993369E+001 -0.783278059933687E+000 -0.519295685089021E+001 -0.484146716618953E+003
  0.195835221567627E-204  0.963064755901517E+003  0.747577192088539E+002  0.201823119451472E+001 -0.101823119451472E+001 -0.519295685089021E+001 -0.481532377950758E+003
  0.120052987144296E-203  0.959438266504513E+003  0.655525452876072E+002  0.260993313505534E+001 -0.160993313505534E+001 -0.519295685089021E+001 -0.479719133252256E+003
  0.220859472543047E-203  0.958219079657391E+003  0.648389294311627E+002  0.266458304986101E+001 -0.166458304986101E+001 -0.519295685089021E+001 -0.479109539828695E+003
  0.126955891515734E-202  0.954721283297778E+003  0.823419257277327E+002  0.165527963920303E+001 -0.655279639203026E+000 -0.519295685089021E+001 -0.477360641648889E+003
  0.161010718326493E-202  0.954246020855793E+003  0.741768272216248E+002  0.203780807651076E+001 -0.103780807651076E+001 -0.519295685089021E+001 -0.477123010427896E+003
  0.335886473014230E-202  0.952775416278371E+003  0.781028490678414E+002  0.183743324165291E+001 -0.837433241652912E+000 -0.519295685089021E+001 -0.476387708139186E+003
  0.785414898561845E-202  0.951076538505528E+003  0.783660946259978E+002  0.182308794511738E+001 -0.823087945117380E+000 -0.519295685089021E+001 -0.475538269252764E+003
  0.367779065417924E-201  0.947988827757925E+003  0.785346583751495E+002  0.181156177531788E+001 -0.811561775317878E+000 -0.519295685089021E+001 -0.473994413878962E+003
  0.101484102795230E-200  0.945958818029251E+003  0.614826487757424E+002  0.293380241272636E+001 -0.193380241272636E+001 -0.519295685089021E+001 -0.472979409014625E+003
  0.900598892470063E-200  0.941592502400071E+003  0.697100570946075E+002  0.228485769819033E+001 -0.128485769819033E+001 -0.519295685089021E+001 -0.470796251200036E+003
  0.179602674308753E-198  0.935606787892055E+003  0.666580280573686E+002  0.248562244389643E+001 -0.148562244389643E+001 -0.519295685089021E+001 -0.467803393946028E+003
  0.286339168832886E-198  0.934673927957891E+003  0.776660554498156E+002  0.183570341612425E+001 -0.835703416124251E+000 -0.519295685089021E+001 -0.467336963978945E+003
  0.288924580501553E-198  0.934655950610427E+003  0.995199609338087E+002  0.110877763371812E+001 -0.108777633718125E+000 -0.519295685089021E+001 -0.467327975305213E+003
  0.415057075828809E-198  0.933931449898507E+003  0.685626397299402E+002  0.234877504481130E+001 -0.134877504481130E+001 -0.519295685089021E+001 -0.466965724949254E+003
  0.113091556045072E-197  0.931926716356022E+003  0.945375762215893E+002  0.123119991458825E+001 -0.231199914588246E+000 -0.519295685089021E+001 -0.465963358178011E+003
  0.149212751797101E-197  0.931372365494450E+003  0.717550111394165E+002  0.214321047006364E+001 -0.114321047006364E+001 -0.519295685089021E+001 -0.465686182747225E+003
  0.248360754361128E-197  0.930353347110579E+003  0.707211673501064E+002  0.220406378001105E+001 -0.120406378001105E+001 -0.519295685089021E+001 -0.465176673555290E+003
  0.386783711190029E-197  0.929467380496341E+003  0.764358609870270E+002  0.188832956555804E+001 -0.888329565558044E+000 -0.519295685089021E+001 -0.464733690248170E+003
  0.297995826825230E-196  0.925383782647384E+003  0.809831821803894E+002  0.167796374768236E+001 -0.677963747682359E+000 -0.519295685089021E+001 -0.462691891323692E+003
  0.139357332491664E-194  0.917693518496763E+003  0.723301481783539E+002  0.209009306192493E+001 -0.109009306192493E+001 -0.519295685089021E+001 -0.458846759248381E+003
  0.453482484529226E-194  0.915333687948456E+003  0.615571920372268E+002  0.286667257521850E+001 -0.186667257521850E+001 -0.519295685089021E+001 -0.457666843974228E+003
  0.580827635588884E-194  0.914838693151708E+003  0.787646209767098E+002  0.176104594524492E+001 -0.761045945244919E+000 -0.519295685089021E+001 -0.457419346575854E+003
  0.807803504805349E-194  0.914178963556690E+003  0.674552712518459E+002  0.239297817406856E+001 -0.139297817406856E+001 -0.519295685089021E+001 -0.457089481778345E+003
  0.382179719690358E-192  0.906465478931635E+003  0.670155475273653E+002  0.241114470488266E+001 -0.141114470488266E+001 -0.519295685089021E+001 -0.453232739465817E+003
  0.545769007700451E-192  0.905752869221544E+003  0.734377028758241E+002  0.201153683660633E+001 -0.101153683660633E+001 -0.519295685089021E+001 -0.452876434610772E+003
  0.595362036093379E-192  0.905578921499304E+003  0.620276130062188E+002  0.280521516058523E+001 -0.180521516058523E+001 -0.519295685089021E+001 -0.452789460749652E+003
  0.787402428030578E-192  0.905019781944142E+003  0.788066942937809E+002  0.174728384654626E+001 -0.747283846546264E+000 -0.519295685089021E+001 -0.452509890972071E+003
  0.931955889642642E-192  0.904682689898650E+003  0.762932805292267E+002  0.186343737999391E+001 -0.863437379993905E+000 -0.519295685089021E+001 -0.452341344949325E+003
  0.106950802053460E-191  0.904407352812711E+003  0.673009774849143E+002  0.238764774298903E+001 -0.138764774298903E+001 -0.519295685089021E+001 -0.452203676406356E+003
  0.853097222796230E-191  0.900254343645407E+003  0.866572041963073E+002  0.143882476324182E+001 -0.438824763241819E+000 -0.519295685089021E+001 -0.450127171822703E+003
  0.149990415192654E-190  0.899125777709708E+003  0.751488327165764E+002  0.191286995108478E+001 -0.912869951084782E+000 -0.519295685089021E+001 -0.449562888854854E+003
  0.698544965143142E-190  0.896048921395410E+003  0.696230329598883E+002  0.222027852038015E+001 -0.122027852038015E+001 -0.519295685089021E+001 -0.448024460697705E+003
  0.807453363475195E-190  0.895759149897949E+003  0.791100253487887E+002  0.172277913664424E+001 -0.722779136644245E+000 -0.519295685089021E+001 -0.447879574948974E+003
  0.135420182894099E-189  0.894724985489146E+003  0.638415680573934E+002  0.263092856994985E+001 -0.163092856994985E+001 -0.519295685089021E+001 -0.447362492744573E+003
  0.282857812806400E-189  0.893251861624122E+003  0.609144740215387E+002  0.288175149375958E+001 -0.188175149375958E+001 -0.519295685089021E+001 -0.446625930812061E+003
  0.374238307331530E-189  0.892691964750645E+003  0.813814428441727E+002  0.162437514148804E+001 -0.624375141488042E+000 -0.519295685089021E+001 -0.446345982375322E+003
  0.133030071581407E-188  0.890155429714849E+003  0.910935195385857E+002  0.129046963051188E+001 -0.290469630511879E+000 -0.519295685089021E+001 -0.445077714857424E+003
  0.193122389027187E-188  0.889409931868489E+003  0.663641308353137E+002  0.242889660129750E+001 -0.142889660129750E+001 -0.519295685089021E+001 -0.444704965934245E+003
  0.432954574371751E-187  0.883190144311568E+003  0.944870874142574E+002  0.119096588071441E+001 -0.190965880714410E+000 -0.519295685089021E+001 -0.441595072155784E+003
  0.149592557609317E-186  0.880710409121029E+003  0.597240052113100E+002  0.296899733741967E+001 -0.196899733741967E+001 -0.519295685089021E+001 -0.440355204560515E+003
  0.368837690643440E-186  0.878905526383398E+003  0.612187605670770E+002  0.282495782527569E+001 -0.182495782527569E+001 -0.519295685089021E+001 -0.439452763191699E+003
  0.548744558165006E-186  0.878110973657320E+003  0.939987907183119E+002  0.119937609267992E+001 -0.199376092679925E+000 -0.519295685089021E+001 -0.439055486828660E+003
  0.142171330805401E-185  0.876207003795913E+003  0.615865203384307E+002  0.278661769879145E+001 -0.178661769879145E+001 -0.519295685089021E+001 -0.438103501897956E+003
  0.408796461993481E-185  0.874094634797971E+003  0.669820912125780E+002  0.235928815154757E+001 -0.135928815154757E+001 -0.519295685089021E+001 -0.437047317398985E+003
  0.454624860925720E-185  0.873882124371651E+003  0.972760671511693E+002  0.111361562308327E+001 -0.113615623083274E+000 -0.519295685089021E+001 -0.436941062185826E+003
  0.645754659430778E-184  0.868575060085490E+003  0.733674593227981E+002  0.196330016154756E+001 -0.963300161547555E+000 -0.519295685089021E+001 -0.434287530042745E+003
  0.159953979395806E-182  0.862155786718312E+003  0.790763341819141E+002  0.168354928484202E+001 -0.683549284842019E+000 -0.519295685089021E+001 -0.431077893359156E+003
  0.162680860179072E-182  0.862121978271326E+003  0.634609410587470E+002  0.260103148259706E+001 -0.160103148259706E+001 -0.519295685089021E+001 -0.431060989135663E+003
  0.252802927887104E-182  0.861240338520406E+003  0.934912309609488E+002  0.119802467753445E+001 -0.198024677534453E+000 -0.519295685089021E+001 -0.430620169260203E+003
  0.259163703782302E-181  0.856585468976556E+003  0.698326906280416E+002  0.214607710749036E+001 -0.114607710749036E+001 -0.519295685089021E+001 -0.428292734488278E+003
  0.277337282875972E-181  0.856449920036111E+003  0.801978318900606E+002  0.163001875600687E+001 -0.630018756006875E+000 -0.519295685089021E+001 -0.428224960018056E+003
  0.329289410208955E-181  0.856106514761744E+003  0.619984910733948E+002  0.271092834415288E+001 -0.171092834415288E+001 -0.519295685089021E+001 -0.428053257380872E+003
  0.467289112285612E-180  0.850801322336028E+003  0.954739051591056E+002  0.113824827446924E+001 -0.138248274469244E+000 -0.519295685089021E+001 -0.425400661168014E+003
  0.491824100427360E-180  0.850698976370284E+003  0.720286425524189E+002  0.201009764579062E+001 -0.101009764579062E+001 -0.519295685089021E+001 -0.425349488185142E+003
  0.552924167900887E-180  0.850464776909406E+003  0.643917361468247E+002  0.250643599971473E+001 -0.150643599971473E+001 -0.519295685089021E+001 -0.425232388454703E+003
  0.761440798724124E-180  0.849824793783830E+003  0.631160658844529E+002  0.260562660486985E+001 -0.160562660486985E+001 -0.519295685089021E+001 -0.424912396891915E+003
  0.219479444856795E-179  0.847707531284855E+003  0.818531360683489E+002  0.155460106927194E+001 -0.554601069271937E+000 -0.519295685089021E+001 -0.423853765642428E+003
  0.674350754211677E-179  0.845462547685737E+003  0.816211995808899E+002  0.156091293392109E+001 -0.560912933921095E+000 -0.519295685089021E+001 -0.422731273842869E+003
  0.534239406757108E-178  0.841323190133025E+003  0.783839358702068E+002  0.168755358030283E+001 -0.687553580302829E+000 -0.519295685089021E+001 -0.420661595066512E+003
  0.307083861606419E-177  0.837825466328288E+003  0.748523469161838E+002  0.184506696736233E+001 -0.845066967362326E+000 -0.519295685089021E+001 -0.418912733164144E+003
  0.183479096594426E-176  0.834250336400574E+003  0.853624706262473E+002  0.141422651744339E+001 -0.414226517443387E+000 -0.519295685089021E+001 -0.417125168200287E+003
  0.240991229680332E-175  0.829099846623643E+003  0.807073205372742E+002  0.157735069788202E+001 -0.577350697882017E+000 -0.519295685089021E+001 -0.414549923311822E+003
  0.564969750715591E-174  0.822790653138263E+003  0.988629771121948E+002  0.103593179395459E+001 -0.359317939545896E-001 -0.519295685089021E+001 -0.411395326569131E+003
  0.135239816416636E-173  0.821044928093838E+003  0.866287218257815E+002  0.135904567754075E+001 -0.359045677540751E+000 -0.519295685089021E+001 -0.410522464046919E+003
  0.208199489857472E-173  0.820182033922737E+003  0.764496914498859E+002  0.174608738103579E+001 -0.746087381035790E+000 -0.519295685089021E+001 -0.410091016961369E+003
  0.266468159019130E-173  0.819688517818357E+003  0.620479617719825E+002  0.263476781606568E+001 -0.163476781606568E+001 -0.519295685089021E+001 -0.409844258909179E+003
  0.609085245801320E-173  0.818035110865390E+003  0.615606030158367E+002  0.267246719684038E+001 -0.167246719684038E+001 -0.519295685089021E+001 -0.409017555432695E+003
  0.853260402902180E-173  0.817360897774980E+003  0.767493573302601E+002  0.172885696021368E+001 -0.728856960213683E+000 -0.519295685089021E+001 -0.408680448887490E+003
  0.378479222546696E-172  0.814381534794251E+003  0.642498347766174E+002  0.245074885033716E+001 -0.145074885033716E+001 -0.519295685089021E+001 -0.407190767397126E+003
  0.719036625343735E-172  0.813098032557189E+003  0.764309971593636E+002  0.173762620934102E+001 -0.737626209341020E+000 -0.519295685089021E+001 -0.406549016278594E+003
  0.111247463761153E-171  0.812225172716344E+003  0.852450752902436E+002  0.139479463519741E+001 -0.394794635197407E+000 -0.519295685089021E+001 -0.406112586358172E+003
  0.138965781514130E-171  0.811780231509278E+003  0.706934622580957E+002  0.202642417972365E+001 -0.102642417972365E+001 -0.519295685089021E+001 -0.405890115754639E+003
  0.664722896178729E-171  0.808649946449937E+003  0.970940381012749E+002  0.106419103268735E+001 -0.641910326873485E-001 -0.519295685089021E+001 -0.404324973224968E+003
  0.325730571133769E-170  0.805471375635148E+003  0.630062036221778E+002  0.252937166844553E+001 -0.152937166844553E+001 -0.519295685089021E+001 -0.402735687817574E+003
  0.402815304465746E-170  0.805046560465983E+003  0.699267544584021E+002  0.205996588776434E+001 -0.105996588776434E+001 -0.519295685089021E+001 -0.402523280232991E+003
  0.259207058558603E-169  0.801323092198235E+003  0.582414254733695E+002  0.294102448086334E+001 -0.194102448086334E+001 -0.519295685089021E+001 -0.400661546099117E+003
  0.451645069866098E-169  0.800212553335220E+003  0.865997641327220E+002  0.133844554578294E+001 -0.338445545782936E+000 -0.519295685089021E+001 -0.400106276667610E+003
  0.115902447213555E-168  0.798327678674660E+003  0.611903666653693E+002  0.266392255042780E+001 -0.166392255042780E+001 -0.519295685089021E+001 -0.399163839337330E+003
  0.151156406173176E-168  0.797796546198222E+003  0.592869595029955E+002  0.283273238109875E+001 -0.183273238109875E+001 -0.519295685089021E+001 -0.398898273099111E+003
  0.259791255377261E-168  0.796713419515420E+003  0.764193311828747E+002  0.171654453097761E+001 -0.716544530977610E+000 -0.519295685089021E+001 -0.398356709757710E+003
  0.451657233864449E-168  0.795607329284659E+003  0.988035368490331E+002  0.101535903378802E+001 -0.153590337880247E-001 -0.519295685089021E+001 -0.397803664642329E+003
  0.596360353214676E-168  0.795051486196959E+003  0.952539399134506E+002  0.109582589076754E+001 -0.958258907675447E-001 -0.519295685089021E+001 -0.397525743098480E+003
  0.151216006609728E-167  0.793190587574733E+003  0.783222627350348E+002  0.162989780459292E+001 -0.629897804592916E+000 -0.519295685089021E+001 -0.396595293787367E+003
  0.155203226334280E-167  0.793138535427121E+003  0.876449793677664E+002  0.129897329177312E+001 -0.298973291773122E+000 -0.519295685089021E+001 -0.396569267713561E+003
  0.182771930341401E-166  0.788206357846075E+003  0.841812710222050E+002  0.140441540369259E+001 -0.404415403692587E+000 -0.519295685089021E+001 -0.394103178923037E+003
  0.244194682983804E-165  0.783021734270211E+003  0.839086972998150E+002  0.140792596714948E+001 -0.407925967149476E+000 -0.519295685089021E+001 -0.391510867135105E+003
  0.174779789493628E-164  0.779085441989114E+003  0.613111969947447E+002  0.261424115430071E+001 -0.161424115430071E+001 -0.519295685089021E+001 -0.389542720994557E+003
  0.661970487730377E-164  0.776422053711744E+003  0.775008814404116E+002  0.164294739722256E+001 -0.642947397222556E+000 -0.519295685089021E+001 -0.388211026855872E+003
  0.185987396664918E-163  0.774355967651605E+003  0.580124306668397E+002  0.290206700198401E+001 -0.190206700198401E+001 -0.519295685089021E+001 -0.387177983825802E+003
  0.112440042575813E-162  0.770757315039336E+003  0.604746252389769E+002  0.266790300365652E+001 -0.166790300365652E+001 -0.519295685089021E+001 -0.385378657519668E+003
  0.181389961582238E-162  0.769800856893573E+003  0.687706283845812E+002  0.207135276655444E+001 -0.107135276655444E+001 -0.519295685089021E+001 -0.384900428446786E+003
  0.212119142936896E-161  0.764882688879137E+003  0.653352686974650E+002  0.228212950932288E+001 -0.128212950932288E+001 -0.519295685089021E+001 -0.382441344439568E+003
  0.355203897425902E-161  0.763851601135650E+003  0.711823304846996E+002  0.192600424222552E+001 -0.926004242225523E+000 -0.519295685089021E+001 -0.381925800567825E+003
  0.538028709319990E-161  0.763021161259159E+003  0.749771737465117E+002  0.173642351513241E+001 -0.736423515132408E+000 -0.519295685089021E+001 -0.381510580629579E+003
  0.722717664285285E-161  0.762430947822607E+003  0.942421361691354E+002  0.109149949435341E+001 -0.914994943534095E-001 -0.519295685089021E+001 -0.381215473911304E+003
  0.206445987093562E-159  0.755726567101804E+003  0.582393608636507E+002  0.283745371739075E+001 -0.183745371739075E+001 -0.519295685089021E+001 -0.377863283550902E+003
  0.372601164921906E-159  0.754545627561494E+003  0.685748521944230E+002  0.205783162219821E+001 -0.105783162219821E+001 -0.519295685089021E+001 -0.377272813780747E+003
  0.551423690248431E-159  0.753761637807788E+003  0.778733915631468E+002  0.159816724610901E+001 -0.598167246109009E+000 -0.519295685089021E+001 -0.376880818903894E+003
  0.592279004228576E-159  0.753618689101179E+003  0.833043267104164E+002  0.139551981829761E+001 -0.395519818297614E+000 -0.519295685089021E+001 -0.376809344550590E+003
  0.342341035460806E-158  0.750109859704929E+003  0.783615880206526E+002  0.157366685762432E+001 -0.573666857624319E+000 -0.519295685089021E+001 -0.375054929852464E+003
  0.275715093772656E-157  0.745937568231537E+003  0.670719259300630E+002  0.213469321393895E+001 -0.113469321393895E+001 -0.519295685089021E+001 -0.372968784115768E+003
  0.373217517295605E-157  0.745331981546853E+003  0.932950074729682E+002  0.109908717443015E+001 -0.990871744301516E-001 -0.519295685089021E+001 -0.372665990773427E+003
  0.146051252702650E-156  0.742603218960761E+003  0.965159280032163E+002  0.102146315978707E+001 -0.214631597870656E-001 -0.519295685089021E+001 -0.371301609480381E+003
  0.142023106035727E-154  0.733448814274964E+003  0.599259340067478E+002  0.263511624158287E+001 -0.163511624158287E+001 -0.519295685089021E+001 -0.366724407137482E+003
  0.652748176920058E-154  0.730398410971508E+003  0.613633670650481E+002  0.250941341882662E+001 -0.150941341882662E+001 -0.519295685089021E+001 -0.365199205485754E+003
  0.877178801207865E-154  0.729807372101171E+003  0.807954616531251E+002  0.145556987058906E+001 -0.455569870589057E+000 -0.519295685089021E+001 -0.364903686050585E+003
  0.104046221420313E-153  0.729465953140542E+003  0.719630856829278E+002  0.183303593402613E+001 -0.833035934026129E+000 -0.519295685089021E+001 -0.364732976570271E+003
  0.275946675993400E-153  0.727515208326569E+003  0.616166488577078E+002  0.248332417993861E+001 -0.148332417993861E+001 -0.519295685089021E+001 -0.363757604163285E+003
  0.313222095446265E-153  0.727261798596766E+003  0.689737239287525E+002  0.198963191292974E+001 -0.989631912929739E+000 -0.519295685089021E+001 -0.363630899298383E+003
  0.105349032946791E-152  0.724835895507287E+003  0.865261304227443E+002  0.126168110031229E+001 -0.261681100312292E+000 -0.519295685089021E+001 -0.362417947753644E+003
  0.439870220850629E-151  0.717372323781264E+003  0.651502162081991E+002  0.220750886422734E+001 -0.120750886422734E+001 -0.519295685089021E+001 -0.358686161890632E+003
  0.128523940440895E-150  0.715227882669032E+003  0.650986433119209E+002  0.220696382181152E+001 -0.120696382181152E+001 -0.519295685089021E+001 -0.357613941334516E+003
  0.413465254956069E-150  0.712890966088412E+003  0.859614433523586E+002  0.126578023496943E+001 -0.265780234969427E+000 -0.519295685089021E+001 -0.356445483044206E+003
  0.889672104137532E-150  0.711358407111813E+003  0.560460584277114E+002  0.294790559203183E+001 -0.194790559203183E+001 -0.519295685089021E+001 -0.355679203555906E+003
  0.585574233006887E-149  0.707589756949542E+003  0.634628021634971E+002  0.230496426441064E+001 -0.130496426441064E+001 -0.519295685089021E+001 -0.353794878474771E+003
  0.602699952567013E-149  0.707532103907298E+003  0.686546302819540E+002  0.197496663152656E+001 -0.974966631526555E+000 -0.519295685089021E+001 -0.353766051953649E+003
  0.156296834170047E-147  0.701021088534114E+003  0.707102513867818E+002  0.185299501421181E+001 -0.852995014211812E+000 -0.519295685089021E+001 -0.350510544267057E+003
  0.189779405689497E-147  0.700632877748969E+003  0.694068701402044E+002  0.192167706475168E+001 -0.921677064751683E+000 -0.519295685089021E+001 -0.350316438874484E+003
  0.361611461194173E-147  0.699343461851306E+003  0.649741467942944E+002  0.218560616165594E+001 -0.118560616165594E+001 -0.519295685089021E+001 -0.349671730925653E+003
  0.757520906573177E-147  0.697864500226020E+003  0.730353777571072E+002  0.173335881986721E+001 -0.733358819867206E+000 -0.519295685089021E+001 -0.348932250113010E+003
  0.872429821189709E-147  0.697582038065548E+003  0.663535533094315E+002  0.209413308104578E+001 -0.109413308104578E+001 -0.519295685089021E+001 -0.348791019032774E+003
  0.445577599443188E-146  0.694320689479310E+003  0.777209277560121E+002  0.152681541706357E+001 -0.526815417063567E+000 -0.519295685089021E+001 -0.347160344739655E+003
  0.813628231362283E-146  0.693116425226016E+003  0.590406932685283E+002  0.262188170419837E+001 -0.162188170419837E+001 -0.519295685089021E+001 -0.346558212613008E+003
  0.872477847172404E-146  0.692976757785522E+003  0.557456306724908E+002  0.293227648275939E+001 -0.193227648275939E+001 -0.519295685089021E+001 -0.346488378892761E+003
  0.284609300373578E-144  0.686006857213181E+003  0.550240506308629E+002  0.298943237929964E+001 -0.198943237929964E+001 -0.519295685089021E+001 -0.343003428606590E+003
  0.101329938602089E-143  0.683467157931866E+003  0.756314019994514E+002  0.159707496835755E+001 -0.597074968357545E+000 -0.519295685089021E+001 -0.341733578965933E+003
  0.117883900200059E-143  0.683164521267922E+003  0.824933619742345E+002  0.134125261944473E+001 -0.341252619444726E+000 -0.519295685089021E+001 -0.341582260633961E+003
  0.169753453750890E-143  0.682435227530277E+003  0.872900563401756E+002  0.119468035866561E+001 -0.194680358665606E+000 -0.519295685089021E+001 -0.341217613765139E+003
  0.253828855895194E-143  0.681630601266490E+003  0.576225053329087E+002  0.272184748963088E+001 -0.172184748963088E+001 -0.519295685089021E+001 -0.340815300633245E+003
  0.123828462024378E-142  0.678460957094771E+003  0.910070613777552E+002  0.109236596050621E+001 -0.923659605062106E-001 -0.519295685089021E+001 -0.339230478547386E+003
  0.152862354040410E-142  0.678039675829612E+003  0.562565138455691E+002  0.284315021499197E+001 -0.184315021499197E+001 -0.519295685089021E+001 -0.339019837914806E+003
  0.298229184964077E-142  0.676703027033002E+003  0.585809934117595E+002  0.262424196022382E+001 -0.162424196022382E+001 -0.519295685089021E+001 -0.338351513516501E+003
  0.385206043450476E-142  0.676191194831108E+003  0.562255396847892E+002  0.284155133008500E+001 -0.184155133008500E+001 -0.519295685089021E+001 -0.338095597415554E+003
  0.177946622780703E-141  0.673130614116364E+003  0.729897270964205E+002  0.169854786702557E+001 -0.698547867025574E+000 -0.519295685089021E+001 -0.336565307058182E+003
  0.265099661728068E-141  0.672333369708414E+003  0.853453464521832E+002  0.123981668067954E+001 -0.239816680679545E+000 -0.519295685089021E+001 -0.336166684854207E+003
  0.151897703213638E-140  0.668841996618775E+003  0.743407707692456E+002  0.163158581498323E+001 -0.631585814983229E+000 -0.519295685089021E+001 -0.334420998309387E+003
  0.230874870595699E-139  0.663399489254945E+003  0.612242851853776E+002  0.237926916522239E+001 -0.137926916522239E+001 -0.519295685089021E+001 -0.331699744627472E+003
  0.506498280795028E-139  0.661828199152196E+003  0.597421016418739E+002  0.249238874705984E+001 -0.149238874705984E+001 -0.519295685089021E+001 -0.330914099576098E+003
  0.104447732927193E-138  0.660380697259195E+003  0.821182972246442E+002  0.132647274250219E+001 -0.326472742502186E+000 -0.519295685089021E+001 -0.330190348629597E+003
  0.305612267735785E-138  0.658233436425803E+003  0.944073113396523E+002  0.993303576753211E+000  0.669642324678854E-002 -0.519295685089021E+001 -0.329116718212901E+003
  0.410881291200210E-138  0.657641462137844E+003  0.622835574432094E+002  0.228893412814898E+001 -0.128893412814898E+001 -0.519295685089021E+001 -0.328820731068922E+003
  0.107881034149451E-135  0.646500502098371E+003  0.883646154969387E+002  0.112765503915101E+001 -0.127655039151010E+000 -0.519295685089021E+001 -0.323250251049186E+003
  0.142661005832371E-135  0.645941617812278E+003  0.978676822496608E+002  0.909755212036546E+000  0.902447879634536E-001 -0.519295685089021E+001 -0.322970808906139E+003
  0.224646299071516E-135  0.645033505944675E+003  0.895836776143428E+002  0.109468063072642E+001 -0.946806307264250E-001 -0.519295685089021E+001 -0.322516752972338E+003
  0.247473468364591E-135  0.644839953511570E+003  0.950430961910063E+002  0.967145856331019E+000  0.328541436689809E-001 -0.519295685089021E+001 -0.322419976755785E+003
  0.297355479214603E-135  0.644472703621437E+003  0.996133082148071E+002  0.874670335758802E+000  0.125329664241198E+000 -0.519295685089021E+001 -0.322236351810719E+003
  0.885996110822021E-135  0.642289135145033E+003  0.621320217171723E+002  0.226793684208824E+001 -0.126793684208824E+001 -0.519295685089021E+001 -0.321144567572516E+003
  0.311748191577729E-134  0.639772998513713E+003  0.750484394308272E+002  0.155954696039256E+001 -0.559546960392563E+000 -0.519295685089021E+001 -0.319886499256856E+003
  0.597725258422551E-134  0.638471127652448E+003  0.762067501624270E+002  0.151081177160705E+001 -0.510811771607047E+000 -0.519295685089021E+001 -0.319235563826224E+003
  0.256855629758079E-133  0.635555191544786E+003  0.749298322680587E+002  0.155838193684319E+001 -0.558381936843192E+000 -0.519295685089021E+001 -0.317777595772393E+003
  0.622252440223254E-133  0.633785528169360E+003  0.661222286415873E+002  0.199192669795429E+001 -0.991926697954288E+000 -0.519295685089021E+001 -0.316892764084680E+003
  0.137194833317099E-132  0.632204245595988E+003  0.748336004767293E+002  0.155752163718769E+001 -0.557521637187689E+000 -0.519295685089021E+001 -0.316102122797994E+003
  0.201320631197770E-132  0.631437252074678E+003  0.932206702955629E+002  0.994644994592975E+000  0.535500540702549E-002 -0.519295685089021E+001 -0.315718626037339E+003
  0.231901780398082E-132  0.631154421865735E+003  0.894401433032397E+002  0.108407100925685E+001 -0.840710092568457E-001 -0.519295685089021E+001 -0.315577210932867E+003
  0.254367160487736E-132  0.630969492235076E+003  0.657276798274884E+002  0.201019343880299E+001 -0.101019343880299E+001 -0.519295685089021E+001 -0.315484746117538E+003
  0.377648167947600E-132  0.630179123729964E+003  0.844970364113501E+002  0.121732509057599E+001 -0.217325090575994E+000 -0.519295685089021E+001 -0.315089561864982E+003
  0.453360890371779E-132  0.629813672757478E+003  0.786063526303614E+002  0.140849086316450E+001 -0.408490863164505E+000 -0.519295685089021E+001 -0.314906836378739E+003
  0.208051172240182E-131  0.626766311383431E+003  0.977003462000092E+002  0.896374104041094E+000  0.103625895958906E+000 -0.519295685089021E+001 -0.313383155691716E+003
  0.351389631638826E-131  0.625718088184184E+003  0.727545708968734E+002  0.163727688334682E+001 -0.637276883346817E+000 -0.519295685089021E+001 -0.312859044092092E+003
  0.908129737186582E-131  0.623819105021571E+003  0.838423045373918E+002  0.122936260497908E+001 -0.229362604979083E+000 -0.519295685089021E+001 -0.311909552510786E+003
  0.246280181130074E-130  0.621823769666087E+003  0.854772518635017E+002  0.117958751031811E+001 -0.179587510318111E+000 -0.519295685089021E+001 -0.310911884833043E+003
  0.855173463193559E-129  0.614728930492538E+003  0.843887106816577E+002  0.120269564190486E+001 -0.202695641904857E+000 -0.519295685089021E+001 -0.307364465246269E+003
  0.110120524698529E-128  0.614223218075021E+003  0.931054107123860E+002  0.980742800519556E+000  0.192571994804436E-001 -0.519295685089021E+001 -0.307111609037510E+003
  0.130813115687437E-128  0.613878829551453E+003  0.772307532105136E+002  0.143743622503263E+001 -0.437436225032627E+000 -0.519295685089021E+001 -0.306939414775726E+003
  0.167510268442631E-128  0.613384279658082E+003  0.871677149392164E+002  0.112394699321512E+001 -0.123946993215122E+000 -0.519295685089021E+001 -0.306692139829041E+003
  0.648869671475800E-128  0.610675905200782E+003  0.718781443213049E+002  0.165336953519815E+001 -0.653369535198145E+000 -0.519295685089021E+001 -0.305337952600391E+003
  0.885632602850295E-128  0.610053764574851E+003  0.551763226864750E+002  0.277289826537936E+001 -0.177289826537936E+001 -0.519295685089021E+001 -0.305026882287425E+003
  0.152362197001691E-127  0.608968677656511E+003  0.544286511959702E+002  0.284442344045643E+001 -0.184442344045643E+001 -0.519295685089021E+001 -0.304484338828255E+003
  0.204091572658612E-127  0.608384061221723E+003  0.979502570608588E+002  0.875412495010682E+000  0.124587504989318E+000 -0.519295685089021E+001 -0.304192030610861E+003
  0.275368199525288E-127  0.607784980560148E+003  0.831100674011027E+002  0.123241130634569E+001 -0.232411306345693E+000 -0.519295685089021E+001 -0.303892490280074E+003
  0.129849400073965E-126  0.604683277957245E+003  0.760348153181159E+002  0.146997806939861E+001 -0.469978069398614E+000 -0.519295685089021E+001 -0.302341638978623E+003
  0.269774707906590E-126  0.603220854202109E+003  0.618600890305028E+002  0.220471017452828E+001 -0.120471017452828E+001 -0.519295685089021E+001 -0.301610427101055E+003
  0.347964822885271E-126  0.602711825811144E+003  0.670616328905417E+002  0.188132738100734E+001 -0.881327381007338E+000 -0.519295685089021E+001 -0.301355912905572E+003
  0.378496157362929E-126  0.602543616752051E+003  0.963179044672896E+002  0.902195377023398E+000  0.978046229766016E-001 -0.519295685089021E+001 -0.301271808376026E+003
  0.464058078445278E-126  0.602136009166235E+003  0.797650164222550E+002  0.133199283437202E+001 -0.331992834372023E+000 -0.519295685089021E+001 -0.301068004583118E+003
  0.589045028779273E-126  0.601659023332608E+003  0.749674789807771E+002  0.150761887786847E+001 -0.507618877868474E+000 -0.519295685089021E+001 -0.300829511666304E+003
  0.865357737733676E-126  0.600889742611008E+003  0.628909365144620E+002  0.212984022438435E+001 -0.112984022438435E+001 -0.519295685089021E+001 -0.300444871305504E+003
  0.125782142594725E-125  0.600141755640294E+003  0.602939820899717E+002  0.231092054923036E+001 -0.131092054923036E+001 -0.519295685089021E+001 -0.300070877820147E+003
  0.273085154573402E-125  0.598591291071036E+003  0.848271284649998E+002  0.117149154541906E+001 -0.171491545419062E+000 -0.519295685089021E+001 -0.299295645535518E+003
  0.288858798707247E-125  0.598478982441305E+003  0.843092574061161E+002  0.118611904080543E+001 -0.186119040805431E+000 -0.519295685089021E+001 -0.299239491220653E+003
  0.509673589160611E-125  0.597343317408033E+003  0.736795051702702E+002  0.155400354410094E+001 -0.554003544100936E+000 -0.519295685089021E+001 -0.298671658704016E+003
  0.338104929180044E-124  0.593558975643838E+003  0.672120511017519E+002  0.185646836112044E+001 -0.856468361120442E+000 -0.519295685089021E+001 -0.296779487821919E+003
  0.398446175319947E-124  0.593230543379368E+003  0.601797505741484E+002  0.230386431466361E+001 -0.130386431466361E+001 -0.519295685089021E+001 -0.296615271689684E+003
  0.404992573924987E-124  0.593197950759270E+003  0.630032973018272E+002  0.210656119438817E+001 -0.110656119438817E+001 -0.519295685089021E+001 -0.296598975379635E+003
  0.688362600484394E-124  0.592137056751799E+003  0.855519043909921E+002  0.114392212024921E+001 -0.143922120249214E+000 -0.519295685089021E+001 -0.296068528375899E+003
  0.142738269530759E-123  0.590678492694696E+003  0.968992356807077E+002  0.879988506483189E+000  0.120011493516811E+000 -0.519295685089021E+001 -0.295339246347348E+003
  0.319490199974181E-123  0.589067064834504E+003  0.767757009889746E+002  0.141993051766416E+001 -0.419930517664161E+000 -0.519295685089021E+001 -0.294533532417252E+003
  0.326832455165771E-123  0.589021622695049E+003  0.622583794041510E+002  0.214725538300361E+001 -0.114725538300361E+001 -0.519295685089021E+001 -0.294510811347524E+003
  0.423458319368928E-123  0.588503607855558E+003  0.662660032037573E+002  0.189943273622408E+001 -0.899432736224085E+000 -0.519295685089021E+001 -0.294251803927779E+003
  0.995230027677053E-123  0.586794570247114E+003  0.667902755515172E+002  0.186711879954424E+001 -0.867118799544238E+000 -0.519295685089021E+001 -0.293397285123557E+003
  0.181536512449883E-122  0.585592434241205E+003  0.989260360879225E+002  0.837178646913812E+000  0.162821353086188E+000 -0.519295685089021E+001 -0.292796217120602E+003
  0.332936495177837E-122  0.584379444315951E+003  0.542818761065124E+002  0.279105977574218E+001 -0.179105977574218E+001 -0.519295685089021E+001 -0.292189722157976E+003
  0.942849494667515E-122  0.582297534514776E+003  0.541687832555036E+002  0.279654360497677E+001 -0.179654360497677E+001 -0.519295685089021E+001 -0.291148767257388E+003
  0.102483694456051E-121  0.582130770248314E+003  0.553084576011209E+002  0.268529446167178E+001 -0.168529446167178E+001 -0.519295685089021E+001 -0.291065385124157E+003
  0.124561845649763E-121  0.581740572973665E+003  0.597501289895814E+002  0.230982873847747E+001 -0.130982873847747E+001 -0.519295685089021E+001 -0.290870286486833E+003
  0.152569615828401E-121  0.581334935684968E+003  0.696911027471952E+002  0.170794639611069E+001 -0.707946396110688E+000 -0.519295685089021E+001 -0.290667467842484E+003
  0.210581542635646E-121  0.580690431755101E+003  0.767711255496779E+002  0.140833712680038E+001 -0.408337126800376E+000 -0.519295685089021E+001 -0.290345215877551E+003
  0.777047966210789E-121  0.578079173501133E+003  0.575093434792206E+002  0.247910067351730E+001 -0.147910067351730E+001 -0.519295685089021E+001 -0.289039586750567E+003
  0.947602997720426E-121  0.577682306391674E+003  0.751248611219823E+002  0.146627761868648E+001 -0.466277618686479E+000 -0.519295685089021E+001 -0.288841153195837E+003
  0.122018474500832E-120  0.577176662550012E+003  0.545527221251858E+002  0.274428024797367E+001 -0.174428024797367E+001 -0.519295685089021E+001 -0.288588331275006E+003
  0.247618110990551E-120  0.575761232108618E+003  0.584673751749884E+002  0.239510638985775E+001 -0.139510638985775E+001 -0.519295685089021E+001 -0.287880616054309E+003
  0.414786085376094E-120  0.574729481616395E+003  0.747101087353347E+002  0.147816689956271E+001 -0.478166899562711E+000 -0.519295685089021E+001 -0.287364740808198E+003
  0.114636109233920E-119  0.572696311603328E+003  0.631616588003565E+002  0.205395386134922E+001 -0.105395386134922E+001 -0.519295685089021E+001 -0.286348155801664E+003
  0.140505965564729E-119  0.572289337396416E+003  0.560225394598266E+002  0.259334331995053E+001 -0.159334331995053E+001 -0.519295685089021E+001 -0.286144668698208E+003
  0.362559046051574E-119  0.570393462597852E+003  0.926825622466816E+002  0.947287640695146E+000  0.527123593048540E-001 -0.519295685089021E+001 -0.285196731298926E+003
  0.676061078971279E-119  0.569147270440293E+003  0.911701550282459E+002  0.979396707062560E+000  0.206032929374397E-001 -0.519295685089021E+001 -0.284573635220147E+003
  0.929861610376727E-119  0.568509765753175E+003  0.932858629653343E+002  0.932543529944982E+000  0.674564700550179E-001 -0.519295685089021E+001 -0.284254882876588E+003
  0.940385904951817E-119  0.568487256634832E+003  0.826399342676322E+002  0.119888514876395E+001 -0.198885148763953E+000 -0.519295685089021E+001 -0.284243628317416E+003
  0.134705051683733E-118  0.567768491933377E+003  0.910408111635281E+002  0.980909231885278E+000  0.190907681147219E-001 -0.519295685089021E+001 -0.283884245966689E+003
  0.137716156355782E-118  0.567724277647325E+003  0.673471197000715E+002  0.180218481442448E+001 -0.802184814424482E+000 -0.519295685089021E+001 -0.283862138823662E+003
  0.743831247694828E-118  0.564351038722260E+003  0.823211256014815E+002  0.120323684937072E+001 -0.203236849370716E+000 -0.519295685089021E+001 -0.282175519361130E+003
  0.750422732095005E-118  0.564333393724170E+003  0.685928468269884E+002  0.173237056965377E+001 -0.732370569653772E+000 -0.519295685089021E+001 -0.282166696862085E+003
  0.194730257417109E-117  0.562426266307994E+003  0.586485612704576E+002  0.234865542365647E+001 -0.134865542365647E+001 -0.519295685089021E+001 -0.281213133153997E+003
  0.150873029737143E-116  0.558331449492420E+003  0.766002042053638E+002  0.138290175137407E+001 -0.382901751374069E+000 -0.519295685089021E+001 -0.279165724746210E+003
  0.308592019798133E-116  0.556900286572820E+003  0.851619756907338E+002  0.111396448602842E+001 -0.113964486028424E+000 -0.519295685089021E+001 -0.278450143286410E+003
  0.344119766373111E-116  0.556682347223584E+003  0.558131589544997E+002  0.257073155162380E+001 -0.157073155162380E+001 -0.519295685089021E+001 -0.278341173611792E+003
  0.359229128381301E-116  0.556596405882236E+003  0.635577895300802E+002  0.199595581541468E+001 -0.995955815414676E+000 -0.519295685089021E+001 -0.278298202941118E+003
  0.419613449100203E-116  0.556285658876864E+003  0.547847482379233E+002  0.266409508574202E+001 -0.166409508574202E+001 -0.519295685089021E+001 -0.278142829438432E+003
  0.703918302478451E-116  0.555251002129651E+003  0.742754796487883E+002  0.146604114552055E+001 -0.466041145520548E+000 -0.519295685089021E+001 -0.277625501064825E+003
  0.752360359811826E-116  0.555117895911174E+003  0.552539638343129E+002  0.261719655381900E+001 -0.161719655381900E+001 -0.519295685089021E+001 -0.277558947955587E+003
  0.182509531996616E-115  0.553345551743725E+003  0.627310603644137E+002  0.204079737526339E+001 -0.104079737526339E+001 -0.519295685089021E+001 -0.276672775871862E+003
  0.248428567083760E-114  0.548123675665671E+003  0.683757815662538E+002  0.171432576381747E+001 -0.714325763817469E+000 -0.519295685089021E+001 -0.274061837832836E+003
  0.417553501049080E-113  0.542479990810690E+003  0.717794470049150E+002  0.154830385024353E+001 -0.548303850243533E+000 -0.519295685089021E+001 -0.271239995405345E+003
  0.496111493248070E-113  0.542135214802825E+003  0.974609899419631E+002  0.825321735583558E+000  0.174678264416442E+000 -0.519295685089021E+001 -0.271067607401412E+003
  0.109633046448716E-112  0.540549368293797E+003  0.592728063245779E+002  0.224886996513968E+001 -0.124886996513968E+001 -0.519295685089021E+001 -0.270274684146898E+003
  0.341074556744755E-112  0.538279443799584E+003  0.596542196716786E+002  0.221563959429038E+001 -0.121563959429038E+001 -0.519295685089021E+001 -0.269139721899792E+003
  0.187163627599502E-111  0.534874509307018E+003  0.858963961843983E+002  0.106909448521583E+001 -0.690944852158260E-001 -0.519295685089021E+001 -0.267437254653509E+003
  0.218242419664667E-111  0.534567262879793E+003  0.873957223387077E+002  0.103113723549319E+001 -0.311372354931938E-001 -0.519295685089021E+001 -0.267283631439897E+003
  0.288230431352683E-111  0.534010955265161E+003  0.556054329595416E+002  0.252811099365895E+001 -0.152811099365895E+001 -0.519295685089021E+001 -0.267005477632580E+003
  0.328807753686168E-111  0.533747529313978E+003  0.570628443666601E+002  0.240367421517418E+001 -0.140367421517418E+001 -0.519295685089021E+001 -0.266873764656989E+003
  0.193316921330401E-110  0.530204643774141E+003  0.512869955076890E+002  0.294447862141145E+001 -0.194447862141145E+001 -0.519295685089021E+001 -0.265102321887071E+003
  0.218912329202626E-110  0.529955962964558E+003  0.548028801181528E+002  0.258902051158843E+001 -0.158902051158843E+001 -0.519295685089021E+001 -0.264977981482279E+003
  0.108019495247185E-108  0.522158341800598E+003  0.830435679457917E+002  0.113014332186329E+001 -0.130143321863291E+000 -0.519295685089021E+001 -0.261079170900299E+003
  0.139019624279948E-108  0.521653735035291E+003  0.956444411172576E+002  0.840071120574920E+000  0.159928879425080E+000 -0.519295685089021E+001 -0.260826867517646E+003
  0.157873328245550E-108  0.521399379262337E+003  0.574995564914194E+002  0.233690297295642E+001 -0.133690297295642E+001 -0.519295685089021E+001 -0.260699689631168E+003
  0.111756042570456E-107  0.517485158450873E+003  0.843900576277519E+002  0.108784837185939E+001 -0.878483718593868E-001 -0.519295685089021E+001 -0.258742579225436E+003
  0.141719472798659E-107  0.517010095939435E+003  0.547157467476151E+002  0.256050962631381E+001 -0.156050962631381E+001 -0.519295685089021E+001 -0.258505047969718E+003
  0.328989587806298E-107  0.515325742854856E+003  0.904200812944933E+002  0.940100286272446E+000  0.598997137275542E-001 -0.519295685089021E+001 -0.257662871427428E+003
  0.977460003168313E-107  0.513147880312279E+003  0.694748764993698E+002  0.160019241103446E+001 -0.600192411034458E+000 -0.519295685089021E+001 -0.256573940156140E+003
  0.110290024114050E-106  0.512906397915466E+003  0.685440789980571E+002  0.164287137367495E+001 -0.642871373674954E+000 -0.519295685089021E+001 -0.256453198957733E+003
  0.119525692086668E-106  0.512745562183778E+003  0.711288516196983E+002  0.152681335324653E+001 -0.526813353246530E+000 -0.519295685089021E+001 -0.256372781091889E+003
  0.139587754737799E-106  0.512435237933980E+003  0.569435645316556E+002  0.235797814843441E+001 -0.135797814843441E+001 -0.519295685089021E+001 -0.256217618966990E+003
  0.763124213621245E-106  0.509037783244601E+003  0.863305329958516E+002  0.102821095018227E+001 -0.282109501822680E-001 -0.519295685089021E+001 -0.254518891622300E+003
  0.148389974120556E-105  0.507707767150165E+003  0.513040362561663E+002  0.287020294490600E+001 -0.187020294490600E+001 -0.519295685089021E+001 -0.253853883575083E+003
  0.175739487334244E-105  0.507369449261637E+003  0.574601080166615E+002  0.230400785687868E+001 -0.130400785687868E+001 -0.519295685089021E+001 -0.253684724630819E+003
  0.413375416674902E-105  0.505658742328830E+003  0.733596510348634E+002  0.142480628709398E+001 -0.424806287093975E+000 -0.519295685089021E+001 -0.252829371164415E+003
  0.437266915605537E-105  0.505546367088402E+003  0.884298618957562E+002  0.974177668273450E+000  0.258223317265504E-001 -0.519295685089021E+001 -0.252773183544201E+003
  0.855063714741430E-105  0.504205102714747E+003  0.606596103279213E+002  0.206649536165839E+001 -0.106649536165839E+001 -0.519295685089021E+001 -0.252102551357373E+003
  0.112256337459017E-104  0.503660714534488E+003  0.567734023200971E+002  0.234856188646040E+001 -0.134856188646040E+001 -0.519295685089021E+001 -0.251830357267244E+003
  0.222145820404041E-104  0.502295616471593E+003  0.899358531894607E+002  0.936763370839312E+000  0.632366291606875E-001 -0.519295685089021E+001 -0.251147808235797E+003
  0.772400764155470E-104  0.499803277421650E+003  0.715010649443092E+002  0.148950061874921E+001 -0.489500618749215E+000 -0.519295685089021E+001 -0.249901638710825E+003
  0.268466344561070E-102  0.492706493009532E+003  0.711017912548523E+002  0.149407520498706E+001 -0.494075204987056E+000 -0.519295685089021E+001 -0.246353246504766E+003
  0.119279284274025E-101  0.489723838603340E+003  0.563478038104795E+002  0.234554207576789E+001 -0.134554207576789E+001 -0.519295685089021E+001 -0.244861919301670E+003
  0.771208475387681E-101  0.485990856477234E+003  0.690050716538512E+002  0.157296783234877E+001 -0.572967832348769E+000 -0.519295685089021E+001 -0.242995428238617E+003
  0.102853954545013E-100  0.485414983627467E+003  0.850812831566912E+002  0.103131036386755E+001 -0.313103638675503E-001 -0.519295685089021E+001 -0.242707491813734E+003
  0.734380462302812E-100  0.481483549286789E+003  0.549945947240226E+002  0.243511260538331E+001 -0.143511260538331E+001 -0.519295685089021E+001 -0.240741774643395E+003
  0.313790196934241E-099  0.478578984371553E+003  0.560212680084316E+002  0.234154095066989E+001 -0.134154095066989E+001 -0.519295685089021E+001 -0.239289492185776E+003
  0.336490719175932E-099  0.478439292434976E+003  0.683486291789493E+002  0.158892577100034E+001 -0.588925771000337E+000 -0.519295685089021E+001 -0.239219646217488E+003
  0.414018763373935E-099  0.478024610981554E+003  0.580925881106014E+002  0.218112977844818E+001 -0.118112977844818E+001 -0.519295685089021E+001 -0.239012305490777E+003
  0.443561897248936E-099  0.477886758856674E+003  0.555258310240026E+002  0.238019299092133E+001 -0.138019299092133E+001 -0.519295685089021E+001 -0.238943379428337E+003
  0.483623953729347E-099  0.477713818272218E+003  0.634316618324511E+002  0.183769336153375E+001 -0.837693361533747E+000 -0.519295685089021E+001 -0.238856909136109E+003
  0.419888440919713E-098  0.473391285267207E+003  0.547328630886747E+002  0.243435819633874E+001 -0.143435819633874E+001 -0.519295685089021E+001 -0.236695642633604E+003
  0.455183746939853E-098  0.473229861031765E+003  0.567249947910798E+002  0.227128216554165E+001 -0.127128216554165E+001 -0.519295685089021E+001 -0.236614930515883E+003
  0.696127007860025E-098  0.472380199132993E+003  0.563350676689168E+002  0.229949034822620E+001 -0.129949034822620E+001 -0.519295685089021E+001 -0.236190099566497E+003
  0.110463801645237E-097  0.471456717438756E+003  0.998389856293409E+002  0.720058756657440E+000  0.279941243342560E+000 -0.519295685089021E+001 -0.235728358719378E+003
  0.223247016155854E-097  0.470049535491125E+003  0.890419856969976E+002  0.920863671561801E+000  0.791363284381988E-001 -0.519295685089021E+001 -0.235024767745563E+003
  0.330461062660842E-097  0.469265115521654E+003  0.718648083832241E+002  0.142355090015138E+001 -0.423550900151384E+000 -0.519295685089021E+001 -0.234632557760827E+003
  0.117740001982911E-096  0.466723965372622E+003  0.845924716132652E+002  0.102071613085379E+001 -0.207161308537946E-001 -0.519295685089021E+001 -0.233361982686311E+003
  0.225297427418049E-096  0.465426080155705E+003  0.940753879057022E+002  0.814286563797394E+000  0.185713436202606E+000 -0.519295685089021E+001 -0.232713040077853E+003
  0.617685666561288E-095  0.458803793431714E+003  0.529426790375499E+002  0.255063904653430E+001 -0.155063904653430E+001 -0.519295685089021E+001 -0.229401896715857E+003
  0.748404510834279E-095  0.458419865584146E+003  0.990020431128849E+002  0.721593940478922E+000  0.278406059521078E+000 -0.519295685089021E+001 -0.229209932792073E+003
  0.170688489752227E-094  0.456770902245852E+003  0.823207482030647E+002  0.106659037686065E+001 -0.665903768606477E-001 -0.519295685089021E+001 -0.228385451122926E+003
  0.171299811972106E-094  0.456763752026175E+003  0.651092464772011E+002  0.170340140344177E+001 -0.703401403441771E+000 -0.519295685089021E+001 -0.228381876013088E+003
  0.304731218372642E-094  0.455611722367849E+003  0.726691867767652E+002  0.136982979434580E+001 -0.369829794345799E+000 -0.519295685089021E+001 -0.227805861183925E+003
  0.537540158553229E-094  0.454476575699933E+003  0.765049538517753E+002  0.123422019881057E+001 -0.234220198810573E+000 -0.519295685089021E+001 -0.227238287849966E+003
  0.830311946086759E-094  0.453606979703850E+003  0.549063810782394E+002  0.236243473689256E+001 -0.136243473689256E+001 -0.519295685089021E+001 -0.226803489851925E+003
  0.163923149693833E-093  0.452246617018402E+003  0.537496313302537E+002  0.245743340006171E+001 -0.145743340006171E+001 -0.519295685089021E+001 -0.226123308509201E+003
  0.250864371198438E-093  0.451395587576947E+003  0.533831828472783E+002  0.248746450290883E+001 -0.148746450290883E+001 -0.519295685089021E+001 -0.225697793788474E+003
  0.278635456952140E-093  0.451185603812418E+003  0.562374549026845E+002  0.224889840355472E+001 -0.124889840355472E+001 -0.519295685089021E+001 -0.225592801906209E+003
  0.146144612058961E-092  0.447871049019457E+003  0.995060051746069E+002  0.703700527001001E+000  0.296299472998999E+000 -0.519295685089021E+001 -0.223935524509729E+003
  0.381028396229877E-092  0.445954494463280E+003  0.667723518365391E+002  0.160003058866406E+001 -0.600030588664055E+000 -0.519295685089021E+001 -0.222977247231640E+003
  0.965767029258322E-092  0.444094397000381E+003  0.596311452059375E+002  0.199022306476052E+001 -0.990223064760516E+000 -0.519295685089021E+001 -0.222047198500190E+003
  0.113451767752706E-091  0.443772316497800E+003  0.523164405291568E+002  0.256173115172289E+001 -0.156173115172289E+001 -0.519295685089021E+001 -0.221886158248900E+003
  0.276092490741293E-091  0.441993600241642E+003  0.523347385612887E+002  0.255428779566080E+001 -0.155428779566080E+001 -0.519295685089021E+001 -0.220996800120821E+003
  0.321073878525288E-091  0.441691729587928E+003  0.721309222666278E+002  0.136667697118363E+001 -0.366676971183632E+000 -0.519295685089021E+001 -0.220845864793964E+003
  0.435193709435770E-091  0.441083489601533E+003  0.517075266550216E+002  0.261130579418866E+001 -0.161130579418866E+001 -0.519295685089021E+001 -0.220541744800767E+003
  0.559746010171024E-091  0.440580105828411E+003  0.588558620719085E+002  0.203243219729406E+001 -0.103243219729406E+001 -0.519295685089021E+001 -0.220290052914206E+003
  0.832055065881202E-091  0.439787274836396E+003  0.569848845660341E+002  0.216139503976967E+001 -0.116139503976967E+001 -0.519295685089021E+001 -0.219893637418198E+003
  0.869544221023964E-091  0.439699133702579E+003  0.781049701712957E+002  0.116231535526949E+001 -0.162315355269495E+000 -0.519295685089021E+001 -0.219849566851289E+003
  0.875588343491754E-091  0.439685279977635E+003  0.481014054832816E+002  0.299578538963801E+001 -0.199578538963801E+001 -0.519295685089021E+001 -0.219842639988817E+003
  0.141708290313461E-090  0.438722360595419E+003  0.784227732486128E+002  0.115138480582658E+001 -0.151384805826583E+000 -0.519295685089021E+001 -0.219361180297710E+003
  0.252382413209932E-090  0.437568010997596E+003  0.619419326147771E+002  0.183357951190643E+001 -0.833579511906429E+000 -0.519295685089021E+001 -0.218784005498798E+003
  0.363810197146209E-090  0.436836637307117E+003  0.515122256904725E+002  0.261627687435674E+001 -0.161627687435674E+001 -0.519295685089021E+001 -0.218418318653558E+003
  0.283738757958184E-089  0.432728623814628E+003  0.607974407356220E+002  0.188969436988474E+001 -0.889694369884743E+000 -0.519295685089021E+001 -0.216364311907314E+003
  0.859888818928506E-089  0.430511125510440E+003  0.557641988469638E+002  0.222738373666259E+001 -0.122738373666259E+001 -0.519295685089021E+001 -0.215255562755220E+003
  0.947302043931664E-089  0.430317495730552E+003  0.514470509702786E+002  0.260084883845958E+001 -0.160084883845958E+001 -0.519295685089021E+001 -0.215158747865276E+003
  0.208552900281600E-088  0.428739176070731E+003  0.671290855529759E+002  0.154963883552702E+001 -0.549638835527018E+000 -0.519295685089021E+001 -0.214369588035366E+003
  0.213914198512188E-088  0.428688411539418E+003  0.888757001332097E+002  0.877463277195693E+000  0.122536722804307E+000 -0.519295685089021E+001 -0.214344205769709E+003
  0.262238672031787E-088  0.428281051423520E+003  0.713850131539911E+002  0.137183789703699E+001 -0.371837897036990E+000 -0.519295685089021E+001 -0.214140525711760E+003
  0.429521621089320E-088  0.427294217365010E+003  0.494899579330649E+002  0.279132185759162E+001 -0.179132185759162E+001 -0.519295685089021E+001 -0.213647108682505E+003
  0.687998418938538E-087  0.421746818259860E+003  0.570707104122146E+002  0.210606853864598E+001 -0.110606853864598E+001 -0.519295685089021E+001 -0.210873409129930E+003
  0.127238288437782E-086  0.420517097922939E+003  0.967568111622083E+002  0.721971185624650E+000  0.278028814375350E+000 -0.519295685089021E+001 -0.210258548961470E+003
  0.138625630417122E-086  0.420345667167016E+003  0.871206180128251E+002  0.905189580919618E+000  0.948104190803819E-001 -0.519295685089021E+001 -0.210172833583508E+003
  0.222134590280489E-086  0.419402654232236E+003  0.749147177531279E+002  0.123184160148446E+001 -0.231841601484458E+000 -0.519295685089021E+001 -0.209701327116118E+003
  0.676789586639096E-086  0.417174500309620E+003  0.492582809717986E+002  0.277938132032027E+001 -0.177938132032027E+001 -0.519295685089021E+001 -0.208587250154810E+003
  0.115420922593402E-085  0.416106879682418E+003  0.506343172002547E+002  0.263234775888933E+001 -0.163234775888933E+001 -0.519295685089021E+001 -0.208053439841209E+003
  0.193644897385317E-085  0.415071998855760E+003  0.721041201890046E+002  0.132208597592576E+001 -0.322085975925758E+000 -0.519295685089021E+001 -0.207535999427880E+003
  0.276035658317759E-085  0.414362990859285E+003  0.803798274834823E+002  0.106121280569935E+001 -0.612128056993528E-001 -0.519295685089021E+001 -0.207181495429643E+003
  0.297166591377471E-085  0.414215465177080E+003  0.740099056392139E+002  0.125366943151695E+001 -0.253669431516950E+000 -0.519295685089021E+001 -0.207107732588540E+003
  0.386261491741048E-085  0.413691021807937E+003  0.863748305460782E+002  0.913543837243776E+000  0.864561627562237E-001 -0.519295685089021E+001 -0.206845510903968E+003
  0.793697520885259E-085  0.412250646102434E+003  0.474408656497041E+002  0.296782755185589E+001 -0.196782755185589E+001 -0.519295685089021E+001 -0.206125323051217E+003
  0.199481903435443E-084  0.410407433736411E+003  0.886052300547694E+002  0.861843871466361E+000  0.138156128533639E+000 -0.519295685089021E+001 -0.205203716868205E+003
  0.462154920340109E-084  0.408727080461080E+003  0.595127494098411E+002  0.190926593402172E+001 -0.909265934021722E+000 -0.519295685089021E+001 -0.204363540230540E+003
  0.501634762871697E-084  0.408563136199872E+003  0.486587524991984E+002  0.281285821102943E+001 -0.181285821102943E+001 -0.519295685089021E+001 -0.204281568099936E+003
  0.944686338221390E-084  0.407297174871306E+003  0.928898721252072E+002  0.775354709336552E+000  0.224645290663448E+000 -0.519295685089021E+001 -0.203648587435653E+003
  0.460280258027205E-083  0.404130039474575E+003  0.929475476516836E+002  0.770891616542881E+000  0.229108383457119E+000 -0.519295685089021E+001 -0.202065019737287E+003
  0.101574277392928E-082  0.402546959754025E+003  0.770095779632123E+002  0.113965666198995E+001 -0.139656661989954E+000 -0.519295685089021E+001 -0.201273479877012E+003
  0.399850102831633E-082  0.399806360941765E+003  0.563742196329726E+002  0.209470534406072E+001 -0.109470534406072E+001 -0.519295685089021E+001 -0.199903180470883E+003
  0.901788933521165E-082  0.398179779420938E+003  0.677207018277229E+002  0.146342235388972E+001 -0.463422353889717E+000 -0.519295685089021E+001 -0.199089889710469E+003
  0.132440013707685E-081  0.397411110591324E+003  0.844996903339221E+002  0.935516487695195E+000  0.644835123048053E-001 -0.519295685089021E+001 -0.198705555295662E+003
  0.214817346997603E-081  0.396443793987268E+003  0.476192316532008E+002  0.288351122897786E+001 -0.188351122897786E+001 -0.519295685089021E+001 -0.198221896993634E+003
  0.639104830469170E-081  0.394263233233955E+003  0.579846315918643E+002  0.196899774300828E+001 -0.968997743008282E+000 -0.519295685089021E+001 -0.197131616616977E+003
  0.149198592298374E-080  0.392567643532241E+003  0.923960213842701E+002  0.768260101067760E+000  0.231739898932240E+000 -0.519295685089021E+001 -0.196283821766120E+003
  0.405193725778071E-080  0.390569469461705E+003  0.857083277108591E+002  0.899509063971483E+000  0.100490936028517E+000 -0.519295685089021E+001 -0.195284734730853E+003
  0.252534539611779E-079  0.386909933791903E+003  0.984507755611007E+002  0.661720196914030E+000  0.338279803085970E+000 -0.519295685089021E+001 -0.193454966895952E+003
  0.259455218601628E-079  0.386855861612297E+003  0.515445497440822E+002  0.244425359026205E+001 -0.144425359026205E+001 -0.519295685089021E+001 -0.193427930806149E+003
  0.368260237661658E-079  0.386155450140103E+003  0.822948632243317E+002  0.972947550643869E+000  0.270524493561308E-001 -0.519295685089021E+001 -0.193077725070051E+003
  0.524754856630398E-079  0.385447167424128E+003  0.667199337952329E+002  0.148085024081313E+001 -0.480850240813133E+000 -0.519295685089021E+001 -0.192723583712064E+003
  0.692324828740697E-079  0.384892919349356E+003  0.895218046125698E+002  0.813543981347730E+000  0.186456018652270E+000 -0.519295685089021E+001 -0.192446459674678E+003
  0.965157451585928E-079  0.384228447351118E+003  0.540594358941140E+002  0.222242293058360E+001 -0.122242293058360E+001 -0.519295685089021E+001 -0.192114223675559E+003
  0.108450471763627E-078  0.383995272491080E+003  0.523584893717830E+002  0.236234226689626E+001 -0.136234226689626E+001 -0.519295685089021E+001 -0.191997636245540E+003
  0.110854110481877E-077  0.379346259446025E+003  0.500196170778092E+002  0.256165434946614E+001 -0.156165434946614E+001 -0.519295685089021E+001 -0.189673129723013E+003
  0.177413199385765E-077  0.378405726536207E+003  0.645386101565055E+002  0.156489381321211E+001 -0.564893813212111E+000 -0.519295685089021E+001 -0.189202863268103E+003
  0.192635855414272E-077  0.378241086185290E+003  0.547040864791705E+002  0.215406172396731E+001 -0.115406172396731E+001 -0.519295685089021E+001 -0.189120543092645E+003
  0.244525156430295E-077  0.377764053093916E+003  0.461739485575771E+002  0.297877378356605E+001 -0.197877378356605E+001 -0.519295685089021E+001 -0.188882026546958E+003
  0.256284516794387E-077  0.377670113037598E+003  0.552235160310080E+002  0.211356900680754E+001 -0.111356900680754E+001 -0.519295685089021E+001 -0.188835056518799E+003
  0.937066773654585E-077  0.375077180393856E+003  0.665734355371556E+002  0.146582253255879E+001 -0.465822532558795E+000 -0.519295685089021E+001 -0.187538590196928E+003
  0.121332126901560E-076  0.374560456022143E+003  0.508991162994871E+002  0.246054203002233E+001 -0.146054203002233E+001 -0.519295685089021E+001 -0.187280228011072E+003
  0.154405682468272E-076  0.374078352412815E+003  0.914990967823230E+002  0.763850508937300E+000  0.236149491062700E+000 -0.519295685089021E+001 -0.187039176206407E+003
  0.188318393080857E-076  0.373681251072629E+003  0.649965998564074E+002  0.153317480446138E+001 -0.533174804461378E+000 -0.519295685089021E+001 -0.186840625536314E+003
  0.192495075817145E-076  0.373637378147284E+003  0.508134596871746E+002  0.246520076212893E+001 -0.146520076212893E+001 -0.519295685089021E+001 -0.186818689073642E+003
  0.268554474901651E-076  0.372971411734923E+003  0.497939304968632E+002  0.256027975312144E+001 -0.156027975312144E+001 -0.519295685089021E+001 -0.186485705867462E+003
  0.381987818796951E-076  0.372266741853479E+003  0.969615122796177E+002  0.669933475375206E+000  0.330066524624794E+000 -0.519295685089021E+001 -0.186133370926740E+003
  0.388015181378713E-076  0.372235430361498E+003  0.795498203178697E+002  0.102282637679244E+001 -0.228263767924384E-001 -0.519295685089021E+001 -0.186117715180749E+003
  0.676333213637077E-076  0.371124147545385E+003  0.617427594566727E+002  0.168818685106846E+001 -0.688186851068460E+000 -0.519295685089021E+001 -0.185562073772692E+003
  0.855042252577769E-076  0.370655217521873E+003  0.763587273092945E+002  0.110910518387955E+001 -0.109105183879548E+000 -0.519295685089021E+001 -0.185327608760936E+003
  0.133711699091244E-075  0.369760977142091E+003  0.725423297012791E+002  0.122774279555000E+001 -0.227742795549997E+000 -0.519295685089021E+001 -0.184880488571046E+003
  0.345050377047122E-075  0.367864968254160E+003  0.912321399544907E+002  0.761604334177781E+000  0.238395665822219E+000 -0.519295685089021E+001 -0.183932484127080E+003
  0.528612434837094E-075  0.367011838055777E+003  0.863970905811285E+002  0.854894643621745E+000  0.145105356378255E+000 -0.519295685089021E+001 -0.183505919027888E+003
  0.589993762051452E-075  0.366792125179656E+003  0.613662692498422E+002  0.169772742799352E+001 -0.697727427993525E+000 -0.519295685089021E+001 -0.183396062589828E+003
  0.249686347971033E-074  0.363906767877634E+003  0.642247421242151E+002  0.154748028808529E+001 -0.547480288085290E+000 -0.519295685089021E+001 -0.181953383938817E+003
  0.107879775104432E-073  0.360979973908606E+003  0.965603832118164E+002  0.664484785250262E+000  0.335515214749738E+000 -0.519295685089021E+001 -0.180489986954303E+003
  0.138099161240861E-073  0.360486064762113E+003  0.530990232733653E+002  0.222270895029527E+001 -0.122270895029527E+001 -0.519295685089021E+001 -0.180243032381056E+003
  0.488184698293853E-073  0.357960621107063E+003  0.726618379091128E+002  0.120292719376300E+001 -0.202927193763002E+000 -0.519295685089021E+001 -0.178980310553532E+003
  0.119189232866997E-072  0.356175413705282E+003  0.858674501607928E+002  0.852127177968321E+000  0.147872822031679E+000 -0.519295685089021E+001 -0.178087706852641E+003
  0.197676207468381E-072  0.355163577797211E+003  0.886843557196450E+002  0.794222395810599E+000  0.205777604189401E+000 -0.519295685089021E+001 -0.177581788898606E+003
  0.257337192785175E-072  0.354636064031563E+003  0.475081093456030E+002  0.272559010649707E+001 -0.172559010649707E+001 -0.519295685089021E+001 -0.177318032015782E+003
  0.321336532873378E-072  0.354191860623856E+003  0.495181300635186E+002  0.251649469482379E+001 -0.151649469482379E+001 -0.519295685089021E+001 -0.177095930311928E+003
  0.566817817053009E-072  0.353056762666222E+003  0.513443048536749E+002  0.234415633895593E+001 -0.134415633895593E+001 -0.519295685089021E+001 -0.176528381333111E+003
  0.651723766409653E-072  0.352777596947787E+003  0.592926892908983E+002  0.177748490803296E+001 -0.777484908032965E+000 -0.519295685089021E+001 -0.176388798473894E+003
  0.178654311126169E-071  0.350760762932069E+003  0.767309293779139E+002  0.106660683419676E+001 -0.666068341967581E-001 -0.519295685089021E+001 -0.175380381466035E+003
  0.201146077950314E-071  0.350523605563660E+003  0.644970199266588E+002  0.150483665479720E+001 -0.504836654797205E+000 -0.519295685089021E+001 -0.175261802781830E+003
  0.255665905302633E-071  0.350043925294325E+003  0.667019618564567E+002  0.140810576936400E+001 -0.408105769364001E+000 -0.519295685089021E+001 -0.175021962647163E+003
  0.278776534127654E-071  0.349870847347924E+003  0.741736699260186E+002  0.114056116731668E+001 -0.140561167316682E+000 -0.519295685089021E+001 -0.174935423673962E+003
  0.330950715183317E-071  0.349527729428676E+003  0.639051737982249E+002  0.152983204914976E+001 -0.529832049149762E+000 -0.519295685089021E+001 -0.174763864714338E+003
  0.822296539655456E-071  0.347707466196125E+003  0.510636958805135E+002  0.234961849684469E+001 -0.134961849684469E+001 -0.519295685089021E+001 -0.173853733098063E+003
  0.113310857381800E-070  0.347066228193704E+003  0.621876882262924E+002  0.160705749858785E+001 -0.607057498587853E+000 -0.519295685089021E+001 -0.173533114096852E+003
  0.159065493095544E-070  0.346387866130472E+003  0.722695007691364E+002  0.119519852168423E+001 -0.195198521684234E+000 -0.519295685089021E+001 -0.173193933065236E+003
  0.186154785500855E-070  0.346073341162304E+003  0.808968311121886E+002  0.950472669518270E+000  0.495273304817299E-001 -0.519295685089021E+001 -0.173036670581152E+003
  0.215954903815151E-070  0.345776358963308E+003  0.567587674835914E+002  0.191315339236676E+001 -0.913153392366763E+000 -0.519295685089021E+001 -0.172888179481654E+003
  0.136087541502696E-069  0.342094731259471E+003  0.663112928940735E+002  0.140743372762136E+001 -0.407433727621357E+000 -0.519295685089021E+001 -0.171047365629736E+003
  0.142502275521821E-069  0.342002612055516E+003  0.884368444732678E+002  0.782771697341167E+000  0.217228302658833E+000 -0.519295685089021E+001 -0.171001306027758E+003
  0.143812989704533E-069  0.341984300445928E+003  0.901230574750926E+002  0.751382901508291E+000  0.248617098491709E+000 -0.519295685089021E+001 -0.170992150222964E+003
  0.171608130375548E-069  0.341630900860342E+003  0.932072658614895E+002  0.697389042641046E+000  0.302610957358954E+000 -0.519295685089021E+001 -0.170815450430171E+003
  0.303847372121540E-069  0.340488276971948E+003  0.546990921345321E+002  0.203716769716603E+001 -0.103716769716603E+001 -0.519295685089021E+001 -0.170244138485974E+003
  0.631478118180670E-069  0.339025201410537E+003  0.716376028015674E+002  0.120273817260903E+001 -0.202738172609034E+000 -0.519295685089021E+001 -0.169512600705268E+003
  0.779248475835279E-069  0.338604668066412E+003  0.909289452208443E+002  0.732928933265156E+000  0.267071066734844E+000 -0.519295685089021E+001 -0.169302334033206E+003
  0.970187204342703E-069  0.338166349897738E+003  0.451108335468593E+002  0.293225747253640E+001 -0.193225747253640E+001 -0.519295685089021E+001 -0.169083174948869E+003
  0.104377371883444E-068  0.338020131990750E+003  0.972887109281251E+002  0.629321735290880E+000  0.370678264709120E+000 -0.519295685089021E+001 -0.169010065995375E+003
  0.134327677174933E-068  0.337515593471850E+003  0.504742341833754E+002  0.236457290307127E+001 -0.136457290307127E+001 -0.519295685089021E+001 -0.168757796735925E+003
  0.191051483988700E-068  0.336811071923031E+003  0.615690025594865E+002  0.161305786031884E+001 -0.613057860318839E+000 -0.519295685089021E+001 -0.168405535961516E+003
  0.251969342052452E-068  0.336257542962662E+003  0.450380759162163E+002  0.293232446912674E+001 -0.193232446912674E+001 -0.519295685089021E+001 -0.168128771481331E+003
  0.418456985418569E-068  0.335243009602047E+003  0.735953146752455E+002  0.113304100063039E+001 -0.133041000630391E+000 -0.519295685089021E+001 -0.167621504801024E+003
  0.124232222403637E-067  0.333066682468864E+003  0.540023182970209E+002  0.206372664254100E+001 -0.106372664254100E+001 -0.519295685089021E+001 -0.166533341234432E+003
  0.161286944976590E-067  0.332544617528717E+003  0.718763088379489E+002  0.118287634725875E+001 -0.182876347258746E+000 -0.519295685089021E+001 -0.166272308764359E+003
  0.477270406410027E-067  0.330374821179820E+003  0.610848279639269E+002  0.162155815052475E+001 -0.621558150524749E+000 -0.519295685089021E+001 -0.165187410589910E+003
  0.630493981726541E-067  0.329817980399611E+003  0.697572105630563E+002  0.124995417763819E+001 -0.249954177638187E+000 -0.519295685089021E+001 -0.164908990199805E+003
  0.269943250560258E-066  0.326909393926269E+003  0.539360575651367E+002  0.204843881092185E+001 -0.104843881092185E+001 -0.519295685089021E+001 -0.163454696963135E+003
  0.249725170264953E-065  0.322459925259419E+003  0.464065873784943E+002  0.270844305485898E+001 -0.170844305485898E+001 -0.519295685089021E+001 -0.161229962629709E+003
  0.581799926081211E-065  0.320768394009856E+003  0.621967807892683E+002  0.154221441215389E+001 -0.542214412153890E+000 -0.519295685089021E+001 -0.160384197004928E+003
  0.674172738781538E-065  0.320473674513736E+003  0.850483383948112E+002  0.821836279435793E+000  0.178163720564207E+000 -0.519295685089021E+001 -0.160236837256868E+003
  0.716455587875497E-065  0.320352014726823E+003  0.454789326307718E+002  0.280462434824481E+001 -0.180462434824481E+001 -0.519295685089021E+001 -0.160176007363412E+003
  0.794053224884912E-065  0.320146346262153E+003  0.480617945722517E+002  0.252413255317064E+001 -0.152413255317064E+001 -0.519295685089021E+001 -0.160073173131077E+003
  0.930952193511847E-065  0.319828231395180E+003  0.600170146542009E+002  0.164982517989086E+001 -0.649825179890856E+000 -0.519295685089021E+001 -0.159914115697590E+003
  0.109256222382258E-064  0.319508085486291E+003  0.500905836267892E+002  0.233069447950500E+001 -0.133069447950500E+001 -0.519295685089021E+001 -0.159754042743145E+003
  0.143867782050628E-064  0.318957687666714E+003  0.544359802980837E+002  0.198692782859344E+001 -0.986927828593443E+000 -0.519295685089021E+001 -0.159478843833357E+003
  0.233422403769100E-064  0.317989777653939E+003  0.688941595273003E+002  0.125721859885141E+001 -0.257218598851415E+000 -0.519295685089021E+001 -0.158994888826969E+003
  0.464591789465791E-064  0.316613158766056E+003  0.761724495133861E+002  0.102620893636339E+001 -0.262089363633862E-001 -0.519295685089021E+001 -0.158306579383028E+003
  0.507043801208043E-064  0.316438282276337E+003  0.748239891723352E+002  0.106367166080845E+001 -0.636716608084513E-001 -0.519295685089021E+001 -0.158219141138168E+003
  0.923081141290687E-064  0.315240042779827E+003  0.752296425412348E+002  0.105006729803621E+001 -0.500672980362147E-001 -0.519295685089021E+001 -0.157620021389913E+003
  0.188692178761816E-063  0.313810072868873E+003  0.591182814964126E+002  0.168195160721730E+001 -0.681951607217299E+000 -0.519295685089021E+001 -0.156905036434437E+003
  0.324769946149813E-063  0.312724072728540E+003  0.595348492311895E+002  0.165641248048799E+001 -0.656412480487987E+000 -0.519295685089021E+001 -0.156362036364270E+003
  0.767268767182185E-063  0.311004632568853E+003  0.587236227795229E+002  0.169591796451084E+001 -0.695917964510838E+000 -0.519295685089021E+001 -0.155502316284426E+003
  0.113268872384522E-062  0.310225607901807E+003  0.537897215471906E+002  0.200368317541500E+001 -0.100368317541500E+001 -0.519295685089021E+001 -0.155112803950904E+003
  0.124281207546303E-062  0.310040043088282E+003  0.495116982521548E+002  0.234548091010073E+001 -0.134548091010073E+001 -0.519295685089021E+001 -0.155020021544141E+003
  0.225164618895303E-062  0.308851473141467E+003  0.787220678973026E+002  0.947271063989854E+000  0.527289360101464E-001 -0.519295685089021E+001 -0.154425736570734E+003
  0.504758016191290E-062  0.307236978412760E+003  0.715056126242322E+002  0.114745341922353E+001 -0.147453419223532E+000 -0.519295685089021E+001 -0.153618489206380E+003
  0.522077295113795E-062  0.307169505386208E+003  0.501613379155122E+002  0.227696642861664E+001 -0.127696642861664E+001 -0.519295685089021E+001 -0.153584752693104E+003
  0.523874648320974E-062  0.307162631820027E+003  0.985712967770579E+002  0.578270158662192E+000  0.421729841337808E+000 -0.519295685089021E+001 -0.153581315910013E+003
  0.746993080856268E-062  0.306453024844881E+003  0.765716528460271E+002  0.998462902381866E+000  0.153709761813381E-002 -0.519295685089021E+001 -0.153226512422440E+003
  0.102963921652005E-061  0.305811209200631E+003  0.441607397545240E+002  0.289324032734636E+001 -0.189324032734636E+001 -0.519295685089021E+001 -0.152905604600315E+003
  0.105449383252873E-061  0.305763504387539E+003  0.792488802792630E+002  0.929520153474393E+000  0.704798465256071E-001 -0.519295685089021E+001 -0.152881752193770E+003
  0.109308939975532E-061  0.305691610134235E+003  0.563195011672434E+002  0.182131678368327E+001 -0.821316783683270E+000 -0.519295685089021E+001 -0.152845805067118E+003
  0.540109264277792E-061  0.302496423583232E+003  0.432436393285512E+002  0.299330705290218E+001 -0.199330705290218E+001 -0.519295685089021E+001 -0.151248211791616E+003
  0.679371742351744E-061  0.302037629578327E+003  0.559256390318371E+002  0.183457188042617E+001 -0.834571880426166E+000 -0.519295685089021E+001 -0.151018814789164E+003
  0.682033029289915E-061  0.302029810330493E+003  0.464149881913271E+002  0.261526691068121E+001 -0.161526691068121E+001 -0.519295685089021E+001 -0.151014905165246E+003
  0.205745284902711E-060  0.299821518472611E+003  0.712555803269390E+002  0.114121474480203E+001 -0.141214744802030E+000 -0.519295685089021E+001 -0.149910759236306E+003
  0.221074022391710E-060  0.299677801141162E+003  0.439556193108549E+002  0.288765092072288E+001 -0.188765092072288E+001 -0.519295685089021E+001 -0.149838900570581E+003
  0.280276793010779E-060  0.299203240995242E+003  0.983939690609455E+002  0.572186945315871E+000  0.427813054684129E+000 -0.519295685089021E+001 -0.149601620497621E+003
  0.284300590397866E-060  0.299174732127280E+003  0.679542635508596E+002  0.125218581932646E+001 -0.252185819326459E+000 -0.519295685089021E+001 -0.149587366063640E+003
  0.627624701476136E-060  0.297590911560506E+003  0.629587075837144E+002  0.144963782332524E+001 -0.449637823325239E+000 -0.519295685089021E+001 -0.148795455780253E+003
  0.149416303749225E-059  0.295856153342108E+003  0.451721965424719E+002  0.272352892852470E+001 -0.172352892852470E+001 -0.519295685089021E+001 -0.147928076671054E+003
  0.257362371998395E-059  0.294768655932859E+003  0.522096012983390E+002  0.206552567887237E+001 -0.106552567887237E+001 -0.519295685089021E+001 -0.147384327966429E+003
  0.292680384181382E-059  0.294511463782650E+003  0.597351259367251E+002  0.159609499170690E+001 -0.596094991706900E+000 -0.519295685089021E+001 -0.147255731891325E+003
  0.358435543273961E-059  0.294106128435416E+003  0.446851735942715E+002  0.277134160952619E+001 -0.177134160952619E+001 -0.519295685089021E+001 -0.147053064217708E+003
  0.828258740383279E-059  0.292430974944033E+003  0.461957083925051E+002  0.259445602145898E+001 -0.159445602145898E+001 -0.519295685089021E+001 -0.146215487472016E+003
  0.837091460336419E-059  0.292409759459689E+003  0.441926952433934E+002  0.282148313602782E+001 -0.182148313602782E+001 -0.519295685089021E+001 -0.146204879729845E+003
  0.114612422682672E-058  0.291781343548402E+003  0.689809387300850E+002  0.120043974852363E+001 -0.200439748523633E+000 -0.519295685089021E+001 -0.145890671774201E+003
  0.187134192688696E-058  0.290800804011042E+003  0.953764680501043E+002  0.605701578805124E+000  0.394298421194876E+000 -0.519295685089021E+001 -0.145400402005521E+003
  0.261190094018762E-058  0.290133959002371E+003  0.716501733257046E+002  0.111012675620926E+001 -0.110126756209258E+000 -0.519295685089021E+001 -0.145066979501186E+003
  0.526935861730393E-058  0.288730298272681E+003  0.590673717912305E+002  0.161467335097297E+001 -0.614673350972971E+000 -0.519295685089021E+001 -0.144365149136341E+003
  0.867434821587480E-058  0.287733375195195E+003  0.505054990455846E+002  0.217268718601141E+001 -0.117268718601141E+001 -0.519295685089021E+001 -0.143866687597597E+003
  0.912504355754824E-058  0.287632070228207E+003  0.529828966085856E+002  0.198346776732572E+001 -0.983467767325722E+000 -0.519295685089021E+001 -0.143816035114104E+003
  0.101466093793431E-057  0.287419836377214E+003  0.523396323118668E+002  0.202929378209315E+001 -0.102929378209315E+001 -0.519295685089021E+001 -0.143709918188607E+003
  0.162721346763640E-057  0.286475207342296E+003  0.937126376707759E+002  0.625542800307309E+000  0.374457199692691E+000 -0.519295685089021E+001 -0.143237603671148E+003
  0.263065310364908E-057  0.285514481100504E+003  0.628592428589086E+002  0.142401810900417E+001 -0.424018109004173E+000 -0.519295685089021E+001 -0.142757240550252E+003
  0.271694231676196E-057  0.285449931188533E+003  0.488615909512225E+002  0.230381685953702E+001 -0.130381685953702E+001 -0.519295685089021E+001 -0.142724965594267E+003
  0.383938443213729E-057  0.284758321288756E+003  0.940694226872289E+002  0.618105599990179E+000  0.381894400009821E+000 -0.519295685089021E+001 -0.142379160644378E+003
  0.410854647378271E-057  0.284622806768107E+003  0.873041317725305E+002  0.729873269924890E+000  0.270126730075110E+000 -0.519295685089021E+001 -0.142311403384054E+003
  0.412115115844369E-057  0.284616680324546E+003  0.524413962584350E+002  0.201170344059371E+001 -0.101170344059371E+001 -0.519295685089021E+001 -0.142308340162273E+003
  0.679090022400721E-057  0.283617778360718E+003  0.836697715925707E+002  0.798227558441721E+000  0.201772441558279E+000 -0.519295685089021E+001 -0.141808889180359E+003
  0.145710798622342E-056  0.282090867922155E+003  0.504248456856759E+002  0.215720067809201E+001 -0.115720067809201E+001 -0.519295685089021E+001 -0.141045433961077E+003
  0.305601791699653E-056  0.280609549733648E+003  0.530577783367374E+002  0.195335759924557E+001 -0.953357599245570E+000 -0.519295685089021E+001 -0.140304774866824E+003
  0.305646066998730E-056  0.280609259996524E+003  0.509535518543057E+002  0.210927182936653E+001 -0.110927182936653E+001 -0.519295685089021E+001 -0.140304629998262E+003
  0.348177387770298E-056  0.280348691404230E+003  0.465018789406203E+002  0.250644781429757E+001 -0.150644781429757E+001 -0.519295685089021E+001 -0.140174345702115E+003
  0.530047306490953E-056  0.279508183053796E+003  0.807026005768230E+002  0.854863565938745E+000  0.145136434061255E+000 -0.519295685089021E+001 -0.139754091526898E+003
  0.566885000946396E-056  0.279373802648068E+003  0.521605652112446E+002  0.201311921312319E+001 -0.101311921312319E+001 -0.519295685089021E+001 -0.139686901324034E+003
  0.627158230759646E-056  0.279171717833075E+003  0.645475071205600E+002  0.133744644069083E+001 -0.337446440690830E+000 -0.519295685089021E+001 -0.139585858916538E+003
  0.632038633144028E-056  0.279156214532640E+003  0.901730581552292E+002  0.672852264792772E+000  0.327147735207228E+000 -0.519295685089021E+001 -0.139578107266320E+003
  0.210360638526569E-055  0.276751298619762E+003  0.645961310933868E+002  0.132969859226834E+001 -0.329698592268338E+000 -0.519295685089021E+001 -0.138375649309881E+003
  0.498599129624297E-055  0.275025340537096E+003  0.564098771222262E+002  0.172072246726141E+001 -0.720722467261408E+000 -0.519295685089021E+001 -0.137512670268548E+003
  0.530670727484699E-055  0.274900661927989E+003  0.581287195189296E+002  0.162440558852641E+001 -0.624405588526411E+000 -0.519295685089021E+001 -0.137450330963995E+003
  0.161225365325952E-054  0.272678168860341E+003  0.646980337200785E+002  0.131587961260638E+001 -0.315879612606385E+000 -0.519295685089021E+001 -0.136339084430170E+003
  0.192059073515198E-054  0.272328169203478E+003  0.686422648321946E+002  0.117104071266023E+001 -0.171040712660233E+000 -0.519295685089021E+001 -0.136164084601739E+003
  0.197240668888159E-054  0.272274925896825E+003  0.765546501050143E+002  0.940756885199362E+000  0.592431148006380E-001 -0.519295685089021E+001 -0.136137462948413E+003
  0.265296535977876E-054  0.271682078793889E+003  0.795065492683240E+002  0.869258595978260E+000  0.130741404021740E+000 -0.519295685089021E+001 -0.135841039396944E+003
  0.336439589685898E-054  0.271206937986970E+003  0.469953879684703E+002  0.241517334323789E+001 -0.141517334323789E+001 -0.519295685089021E+001 -0.135603468993485E+003
  0.385068793127642E-054  0.270936931198457E+003  0.541806090960663E+002  0.184409671262367E+001 -0.844096712623665E+000 -0.519295685089021E+001 -0.135468465599229E+003
  0.609832148616883E-054  0.270017407695805E+003  0.490820930439143E+002  0.221992857538498E+001 -0.121992857538498E+001 -0.519295685089021E+001 -0.135008703847902E+003
  0.637559185240350E-054  0.269928480977374E+003  0.502557440966928E+002  0.212259084921447E+001 -0.112259084921447E+001 -0.519295685089021E+001 -0.134964240488687E+003
  0.119201242742827E-053  0.268676978655474E+003  0.731595438994773E+002  0.102455147980972E+001 -0.245514798097162E-001 -0.519295685089021E+001 -0.134338489327737E+003
  0.153722141384327E-053  0.268168311623976E+003  0.480876105030734E+002  0.229932261952569E+001 -0.129932261952569E+001 -0.519295685089021E+001 -0.134084155811988E+003
  0.160390436193992E-053  0.268083382878159E+003  0.434856446445635E+002  0.277916960358132E+001 -0.177916960358132E+001 -0.519295685089021E+001 -0.134041691439080E+003
  0.240924457617089E-053  0.267269638155052E+003  0.421041440839097E+002  0.294885968112350E+001 -0.194885968112350E+001 -0.519295685089021E+001 -0.133634819077526E+003
  0.282709592930150E-053  0.266949764621267E+003  0.499384161157266E+002  0.213606252629099E+001 -0.113606252629099E+001 -0.519295685089021E+001 -0.133474882310634E+003
  0.323116205139528E-053  0.266682580962507E+003  0.612843587889922E+002  0.144552236355296E+001 -0.445522363552961E+000 -0.519295685089021E+001 -0.133341290481253E+003
  0.719596002242222E-053  0.265081225122951E+003  0.505565954657364E+002  0.207953295241289E+001 -0.107953295241289E+001 -0.519295685089021E+001 -0.132540612561476E+003
  0.834235469696820E-053  0.264785573615468E+003  0.748998643625291E+002  0.969972099945254E+000  0.300279000547464E-001 -0.519295685089021E+001 -0.132392786807734E+003
  0.149341596380979E-052  0.263620962279780E+003  0.861931657744341E+002  0.721195925713261E+000  0.278804074286739E+000 -0.519295685089021E+001 -0.131810481139890E+003
  0.177439550766469E-052  0.263276174846329E+003  0.758320963145341E+002  0.943187318436328E+000  0.568126815636721E-001 -0.519295685089021E+001 -0.131638087423165E+003
  0.181549444605672E-052  0.263230378752680E+003  0.520670344487282E+002  0.195994352114662E+001 -0.959943521146616E+000 -0.519295685089021E+001 -0.131615189376340E+003
  0.242137368371490E-052  0.262654424424009E+003  0.674166279739503E+002  0.119182222602236E+001 -0.191822226022362E+000 -0.519295685089021E+001 -0.131327212212005E+003
  0.250702951703363E-052  0.262584897272146E+003  0.486908850877496E+002  0.222184725228382E+001 -0.122184725228382E+001 -0.519295685089021E+001 -0.131292448636073E+003
  0.185889777874175E-051  0.258577956832068E+003  0.976182762906435E+002  0.537459721392085E+000  0.462540278607915E+000 -0.519295685089021E+001 -0.129288978416034E+003
  0.187195538251435E-051  0.258563957184776E+003  0.666048965668394E+002  0.121110188404921E+001 -0.211101884049211E+000 -0.519295685089021E+001 -0.129281978592388E+003
  0.195545889403025E-051  0.258476674483471E+003  0.440439207027540E+002  0.266223668388676E+001 -0.166223668388676E+001 -0.519295685089021E+001 -0.129238337241735E+003
  0.242713969029003E-051  0.258044497308341E+003  0.617212205159820E+002  0.140285256221908E+001 -0.402852562219076E+000 -0.519295685089021E+001 -0.129022248654171E+003
  0.314880823033742E-051  0.257523876188718E+003  0.627661205103630E+002  0.135674391237386E+001 -0.356743912373858E+000 -0.519295685089021E+001 -0.128761938094359E+003
  0.565559044061318E-051  0.256352635243100E+003  0.443855852748273E+002  0.261265557576980E+001 -0.161265557576980E+001 -0.519295685089021E+001 -0.128176317621550E+003
  0.149496994471620E-050  0.254408541880533E+003  0.427519853085039E+002  0.279249180721286E+001 -0.179249180721286E+001 -0.519295685089021E+001 -0.127204270940267E+003
  0.172529279537019E-050  0.254121960541024E+003  0.587724059378974E+002  0.152959415025541E+001 -0.529594150255413E+000 -0.519295685089021E+001 -0.127060980270512E+003
  0.450342510662527E-050  0.252203077601946E+003  0.762777944993333E+002  0.912333636585042E+000  0.876663634149576E-001 -0.519295685089021E+001 -0.126101538800973E+003
  0.119119490693764E-049  0.250257670046477E+003  0.751577775287716E+002  0.936725825217186E+000  0.632741747828142E-001 -0.519295685089021E+001 -0.125128835023239E+003
  0.194177142050145E-049  0.249280382580486E+003  0.829511601299841E+002  0.761313087006291E+000  0.238686912993709E+000 -0.519295685089021E+001 -0.124640191290243E+003
  0.195747682160881E-049  0.249264271284089E+003  0.973098605627441E+002  0.530726145365800E+000  0.469273854634200E+000 -0.519295685089021E+001 -0.124632135642045E+003
  0.199254896037955E-049  0.249228754492656E+003  0.824581870100165E+002  0.770966252037105E+000  0.229033747962895E+000 -0.519295685089021E+001 -0.124614377246328E+003
  0.316220382195357E-049  0.248305045507027E+003  0.447429372263820E+002  0.253171589579422E+001 -0.153171589579422E+001 -0.519295685089021E+001 -0.124152522753514E+003
  0.566326128612183E-049  0.247139584049613E+003  0.584690264074208E+002  0.152380066508762E+001 -0.523800665087615E+000 -0.519295685089021E+001 -0.123569792024807E+003
  0.779721596787012E-049  0.246500050414517E+003  0.613554865164281E+002  0.138754435071577E+001 -0.387544350715772E+000 -0.519295685089021E+001 -0.123250025207259E+003
  0.100003918115216E-048  0.246002335353332E+003  0.427797363882833E+002  0.274098920730392E+001 -0.174098920730392E+001 -0.519295685089021E+001 -0.123001167676666E+003
  0.126368219301471E-048  0.245534354045033E+003  0.551129685957936E+002  0.169981061683422E+001 -0.699810616834216E+000 -0.519295685089021E+001 -0.122767177022516E+003
  0.126768571652603E-048  0.245528027778773E+003  0.465911187941785E+002  0.233302194286096E+001 -0.133302194286096E+001 -0.519295685089021E+001 -0.122764013889386E+003
  0.166771600577572E-048  0.244979503655872E+003  0.764139860381434E+002  0.896096603045571E+000  0.103903396954429E+000 -0.519295685089021E+001 -0.122489751827936E+003
  0.378549875086675E-048  0.243340058416935E+003  0.497758470562052E+002  0.205113378673095E+001 -0.105113378673095E+001 -0.519295685089021E+001 -0.121670029208468E+003
  0.537717513734239E-048  0.242638087376363E+003  0.565804067196617E+002  0.160766281464281E+001 -0.607662814642809E+000 -0.519295685089021E+001 -0.121319043688181E+003
  0.626566346660369E-048  0.242332244747628E+003  0.737795637948708E+002  0.957383873990147E+000  0.426161260098530E-001 -0.519295685089021E+001 -0.121166122373814E+003
  0.692817434153359E-048  0.242131221042672E+003  0.761938767667064E+002  0.896261400284582E+000  0.103738599715418E+000 -0.519295685089021E+001 -0.121065610521336E+003
  0.116553873476274E-047  0.241090876701310E+003  0.828980541851701E+002  0.749697590700724E+000  0.250302409299276E+000 -0.519295685089021E+001 -0.120545438350655E+003
  0.292911888708300E-047  0.239247840214770E+003  0.574420193215766E+002  0.155137647307007E+001 -0.551376473070071E+000 -0.519295685089021E+001 -0.119623920107385E+003
  0.293407648914497E-047  0.239244458029511E+003  0.967904725134258E+002  0.525689244663088E+000  0.474310755336912E+000 -0.519295685089021E+001 -0.119622229014755E+003
  0.390491276352618E-047  0.238672772641400E+003  0.598424834284722E+002  0.143302211481737E+001 -0.433022114817373E+000 -0.519295685089021E+001 -0.119336386320700E+003
  0.503934884043168E-047  0.238162689777294E+003  0.568740297988899E+002  0.157748919573311E+001 -0.577489195733106E+000 -0.519295685089021E+001 -0.119081344888647E+003
  0.603981492218904E-047  0.237800496789202E+003  0.504578507439333E+002  0.197646477840371E+001 -0.976464778403708E+000 -0.519295685089021E+001 -0.118900248394601E+003
  0.715755261967612E-047  0.237460907308819E+003  0.584126377078970E+002  0.149713048151326E+001 -0.497130481513264E+000 -0.519295685089021E+001 -0.118730453654410E+003
  0.981095221700486E-047  0.236830244858472E+003  0.639543788191010E+002  0.125604872099805E+001 -0.256048720998053E+000 -0.519295685089021E+001 -0.118415122429236E+003
  0.182960126621980E-046  0.235583877230523E+003  0.572521557490011E+002  0.154949087403892E+001 -0.549490874038917E+000 -0.519295685089021E+001 -0.117791938615261E+003
  0.568150503485772E-046  0.233317641005004E+003  0.765525091682461E+002  0.871748430221643E+000  0.128251569778357E+000 -0.519295685089021E+001 -0.116658820502502E+003
  0.911268576688229E-046  0.232372738375990E+003  0.471013542307317E+002  0.222322534329246E+001 -0.122322534329246E+001 -0.519295685089021E+001 -0.116186369187995E+003
  0.114039210677910E-045  0.231924158842970E+003  0.773054018435795E+002  0.851842943388447E+000  0.148157056611553E+000 -0.519295685089021E+001 -0.115962079421485E+003
  0.258587167923233E-045  0.230286777840566E+003  0.408569482844173E+002  0.288742648523934E+001 -0.188742648523934E+001 -0.519295685089021E+001 -0.115143388920283E+003
  0.259701841147289E-045  0.230278175111794E+003  0.424825280369339E+002  0.268428441178670E+001 -0.168428441178670E+001 -0.519295685089021E+001 -0.115139087555897E+003
  0.305156461217467E-045  0.229955594262768E+003  0.516409469404992E+002  0.186103973413998E+001 -0.861039734139983E+000 -0.519295685089021E+001 -0.114977797131384E+003
  0.316742916931312E-045  0.229881062613612E+003  0.502223896728791E+002  0.196071969436288E+001 -0.960719694362879E+000 -0.519295685089021E+001 -0.114940531306806E+003
  0.424949049968959E-045  0.229293304969489E+003  0.793381032996126E+002  0.802572116165642E+000  0.197427883834358E+000 -0.519295685089021E+001 -0.114646652484744E+003
  0.491165767063113E-045  0.229003680164226E+003  0.512623004806465E+002  0.188312165721876E+001 -0.883121657218762E+000 -0.519295685089021E+001 -0.114501840082113E+003
  0.513900164893337E-045  0.228913185498383E+003  0.879279965793350E+002  0.642126532064653E+000  0.357873467935347E+000 -0.519295685089021E+001 -0.114456592749192E+003
  0.103501702562100E-044  0.227512897217234E+003  0.400435606119692E+002  0.297928904238714E+001 -0.197928904238714E+001 -0.519295685089021E+001 -0.113756448608617E+003
  0.126177829710392E-044  0.227116688824434E+003  0.625869349112156E+002  0.128359751160039E+001 -0.283597511600392E+000 -0.519295685089021E+001 -0.113558344412217E+003
  0.126456295485223E-044  0.227112279825651E+003  0.402788866015703E+002  0.294416064980873E+001 -0.194416064980873E+001 -0.519295685089021E+001 -0.113556139912826E+003
  0.168286963635921E-044  0.226540732063902E+003  0.615608453426241E+002  0.132352282025554E+001 -0.323522820255539E+000 -0.519295685089021E+001 -0.113270366031951E+003
  0.416653713083247E-044  0.224727562437035E+003  0.507363761816657E+002  0.190223382059391E+001 -0.902233820593909E+000 -0.519295685089021E+001 -0.112363781218518E+003
  0.562828255703900E-044  0.224126124282992E+003  0.677648538423436E+002  0.109253285842124E+001 -0.925328584212421E-001 -0.519295685089021E+001 -0.112063062141496E+003
  0.661460284811004E-044  0.223803173454776E+003  0.414350489852880E+002  0.277160345690738E+001 -0.177160345690738E+001 -0.519295685089021E+001 -0.111901586727388E+003
  0.223908709749416E-043  0.221364426310088E+003  0.427445288196410E+002  0.260074535332003E+001 -0.160074535332003E+001 -0.519295685089021E+001 -0.110682213155044E+003
  0.582932418224766E-043  0.219450760638299E+003  0.565712184371933E+002  0.153167065996868E+001 -0.531670659968680E+000 -0.519295685089021E+001 -0.109725380319149E+003
  0.803608802110609E-043  0.218808677983678E+003  0.404814244001205E+002  0.286125631398260E+001 -0.186125631398260E+001 -0.519295685089021E+001 -0.109404338991839E+003
  0.806285722806963E-043  0.218802026807165E+003  0.506687672591745E+002  0.188218364019861E+001 -0.882183640198615E+000 -0.519295685089021E+001 -0.109401013403582E+003
  0.222596235304996E-042  0.216771013917504E+003  0.414587810329928E+002  0.272379555383358E+001 -0.172379555383358E+001 -0.519295685089021E+001 -0.108385506958752E+003
  0.381235690388670E-042  0.215694897382527E+003  0.553257643552755E+002  0.158435902451916E+001 -0.584359024519155E+000 -0.519295685089021E+001 -0.107847448691264E+003
  0.511619547946342E-042  0.215106570413331E+003  0.803678304060445E+002  0.757157978811955E+000  0.242842021188045E+000 -0.519295685089021E+001 -0.107553285206666E+003
  0.942544306520958E-042  0.213884567114571E+003  0.812331032610653E+002  0.738064605555991E+000  0.261935394444009E+000 -0.519295685089021E+001 -0.106942283557286E+003
  0.105257277298407E-041  0.213663747557860E+003  0.492097693943100E+002  0.196494150872424E+001 -0.964941508724243E+000 -0.519295685089021E+001 -0.106831873778930E+003
  0.106395565192190E-041  0.213642234993132E+003  0.549826008112779E+002  0.159573287654471E+001 -0.595732876544708E+000 -0.519295685089021E+001 -0.106821117496566E+003
  0.132631468672628E-041  0.213201414044356E+003  0.425460382667806E+002  0.257387060252247E+001 -0.157387060252247E+001 -0.519295685089021E+001 -0.106600707022178E+003
  0.276153746478613E-041  0.211734647258001E+003  0.701976757531700E+002  0.991745310137436E+000  0.825468986256361E-002 -0.519295685089021E+001 -0.105867323629000E+003
  0.314259574890227E-041  0.211476124152103E+003  0.490014707728769E+002  0.197061345156091E+001 -0.970613451560911E+000 -0.519295685089021E+001 -0.105738062076052E+003
  0.341597509350976E-041  0.211309296442639E+003  0.464280392930482E+002  0.217820949734511E+001 -0.117820949734511E+001 -0.519295685089021E+001 -0.105654648221319E+003
  0.627442074044847E-041  0.210093260075229E+003  0.789776798670987E+002  0.776682322863396E+000  0.223317677136604E+000 -0.519295685089021E+001 -0.105046630037614E+003
  0.120096566885245E-040  0.208794800311754E+003  0.984977683680929E+002  0.467128150931937E+000  0.532871849068063E+000 -0.519295685089021E+001 -0.104397400155877E+003
  0.120416526010517E-040  0.208789479032814E+003  0.656698789720039E+002  0.112359581862918E+001 -0.123595818629179E+000 -0.519295685089021E+001 -0.104394739516407E+003
  0.160841858263431E-040  0.208210549327266E+003  0.452777099865371E+002  0.226561462462514E+001 -0.126561462462514E+001 -0.519295685089021E+001 -0.104105274663633E+003
  0.333623537249388E-040  0.206751366151573E+003  0.522005724824908E+002  0.173181198537305E+001 -0.731811985373054E+000 -0.519295685089021E+001 -0.103375683075786E+003
  0.354015042617722E-040  0.206632713787169E+003  0.622412688875645E+002  0.124053317335049E+001 -0.240533173350489E+000 -0.519295685089021E+001 -0.103316356893585E+003
  0.406495138782489E-040  0.206356248657769E+003  0.415358537547464E+002  0.264727943500729E+001 -0.164727943500729E+001 -0.519295685089021E+001 -0.103178124328884E+003
  0.483416369548843E-040  0.206009635936058E+003  0.538463051083426E+002  0.163105075045000E+001 -0.631050750450003E+000 -0.519295685089021E+001 -0.103004817968029E+003
  0.596364091806438E-040  0.205589689852494E+003  0.517884113333012E+002  0.175294382548039E+001 -0.752943825480386E+000 -0.519295685089021E+001 -0.102794844926247E+003
  0.100724839384893E-039  0.204541437539212E+003  0.739911752984226E+002  0.877612757881641E+000  0.122387242118359E+000 -0.519295685089021E+001 -0.102270718769606E+003
  0.104408607418956E-039  0.204469598175001E+003  0.855958005079600E+002  0.644321887877176E+000  0.355678112122824E+000 -0.519295685089021E+001 -0.102234799087500E+003
  0.379446127455628E-039  0.201888797151944E+003  0.487203593273954E+002  0.194730490770515E+001 -0.947304907705148E+000 -0.519295685089021E+001 -0.100944398575972E+003
  0.454734796481613E-039  0.201526793643897E+003  0.836218114651225E+002  0.673524810972497E+000  0.326475189027503E+000 -0.519295685089021E+001 -0.100763396821948E+003
  0.595120856983146E-039  0.200988693400385E+003  0.439901896779060E+002  0.234864038180384E+001 -0.134864038180384E+001 -0.519295685089021E+001 -0.100494346700193E+003
  0.598984694534373E-039  0.200975750319997E+003  0.428901170009575E+002  0.246139920634847E+001 -0.146139920634847E+001 -0.519295685089021E+001 -0.100487875159999E+003
  0.643894825091607E-039  0.200831151616800E+003  0.431410913230911E+002  0.243405947747816E+001 -0.143405947747816E+001 -0.519295685089021E+001 -0.100415575808400E+003
  0.665185259609782E-039  0.200766091236709E+003  0.695500764150998E+002  0.985339149092159E+000  0.146608509078405E-001 -0.519295685089021E+001 -0.100383045618355E+003
  0.711368607722818E-039  0.200631840950029E+003  0.750344404226668E+002  0.845141770498072E+000  0.154858229501928E+000 -0.519295685089021E+001 -0.100315920475014E+003
  0.749705991530346E-039  0.200526860175422E+003  0.683892619983820E+002  0.101819103630635E+001 -0.181910363063484E-001 -0.519295685089021E+001 -0.100263430087711E+003
  0.122300977640612E-038  0.199548082153292E+003  0.652052007480926E+002  0.111542202172872E+001 -0.115422021728721E+000 -0.519295685089021E+001 -0.997740410766460E+002
  0.287801674794162E-038  0.197836508998726E+003  0.546226058395241E+002  0.155751272977317E+001 -0.557512729773167E+000 -0.519295685089021E+001 -0.989182544993630E+002
  0.325901445660608E-038  0.197587862182724E+003  0.598722348922885E+002  0.130856389519892E+001 -0.308563895198922E+000 -0.519295685089021E+001 -0.987939310913619E+002
  0.591509294719479E-038  0.196395697431983E+003  0.721291803722795E+002  0.906738371397935E+000  0.932616286020652E-001 -0.519295685089021E+001 -0.981978487159916E+002
  0.646198821059645E-038  0.196218837768259E+003  0.669453383506822E+002  0.105123176523944E+001 -0.512317652394354E-001 -0.519295685089021E+001 -0.981094188841295E+002
  0.202316578244995E-037  0.193936214660949E+003  0.416308453307105E+002  0.255482356242806E+001 -0.155482356242806E+001 -0.519295685089021E+001 -0.969681073304743E+002
  0.245674469694135E-037  0.193547867308849E+003  0.619299963647167E+002  0.121492777248804E+001 -0.214927772488045E+000 -0.519295685089021E+001 -0.967739336544245E+002
  0.360223537827476E-037  0.192782432485893E+003  0.762881776910139E+002  0.801606039289164E+000  0.198393960710836E+000 -0.519295685089021E+001 -0.963912162429466E+002
  0.637667515618807E-037  0.191640248015982E+003  0.474892963178928E+002  0.199109161610805E+001 -0.991091616108046E+000 -0.519295685089021E+001 -0.958201240079911E+002
  0.120205468875257E-036  0.190372306815827E+003  0.785710527227771E+002  0.749245429647921E+000  0.250754570352079E+000 -0.519295685089021E+001 -0.951861534079136E+002
  0.171027775081505E-036  0.189667059912840E+003  0.505566651564075E+002  0.176401450438197E+001 -0.764014504381968E+000 -0.519295685089021E+001 -0.948335299564199E+002
  0.189988330479809E-036  0.189456786550726E+003  0.914923993619117E+002  0.532160834879683E+000  0.467839165120317E+000 -0.519295685089021E+001 -0.947283932753629E+002
  0.210915933337780E-036  0.189247792586449E+003  0.651187679121027E+002  0.109124889329266E+001 -0.912488932926583E-001 -0.519295685089021E+001 -0.946238962932243E+002
  0.318949241189019E-036  0.188420647911031E+003  0.791786767546942E+002  0.733570864848735E+000  0.266429135151265E+000 -0.519295685089021E+001 -0.942103239555155E+002
  0.445235260220166E-036  0.187753506219982E+003  0.651639472876101E+002  0.108581854143718E+001 -0.858185414371770E-001 -0.519295685089021E+001 -0.938767531099908E+002
  0.480439612407156E-036  0.187601308766339E+003  0.878399827444292E+002  0.582486943656231E+000  0.417513056343769E+000 -0.519295685089021E+001 -0.938006543831695E+002
  0.699456441577738E-036  0.186850104811480E+003  0.400374825702781E+002  0.269456608437379E+001 -0.169456608437379E+001 -0.519295685089021E+001 -0.934250524057399E+002
  0.711335303407669E-036  0.186816424028737E+003  0.627592081971452E+002  0.116508766853077E+001 -0.165087668530773E+000 -0.519295685089021E+001 -0.934082120143686E+002
  0.109247687149823E-035  0.185958306341235E+003  0.605401731587156E+002  0.124566011554115E+001 -0.245660115541150E+000 -0.519295685089021E+001 -0.929791531706176E+002
  0.158046607540030E-035  0.185219761720315E+003  0.419999064477115E+002  0.245640258266178E+001 -0.145640258266178E+001 -0.519295685089021E+001 -0.926098808601577E+002
  0.165003932593638E-035  0.185133603053197E+003  0.972066466511071E+002  0.452467481100392E+000  0.547532518899608E+000 -0.519295685089021E+001 -0.925668015265985E+002
  0.705118454740100E-035  0.182228810049019E+003  0.431033508370283E+002  0.232308831647165E+001 -0.132308831647165E+001 -0.519295685089021E+001 -0.911144050245096E+002
  0.906638951376564E-035  0.181726053064592E+003  0.470256872662493E+002  0.197616819226333E+001 -0.976168192263331E+000 -0.519295685089021E+001 -0.908630265322958E+002
  0.141212892413049E-034  0.180839834228379E+003  0.783628734101235E+002  0.735559852871926E+000  0.264440147128074E+000 -0.519295685089021E+001 -0.904199171141894E+002
  0.159188043899846E-034  0.180600199143327E+003  0.416590029550667E+002  0.465291462706515E-001  0.953470853729348E+000 -0.519295685089021E+001 -0.903000995716634E+002
  0.190173695537942E-034  0.180244495799068E+003  0.639199968474780E+002  0.110635539129628E+001 -0.106355391296284E+000 -0.519295685089021E+001 -0.901222478995340E+002
  0.193717779175420E-034  0.180207566775496E+003  0.431762037958088E+002  0.230318637379602E+001 -0.130318637379602E+001 -0.519295685089021E+001 -0.901037833877480E+002
  0.350966087386401E-034  0.179018992278913E+003  0.723869334602482E+002  0.862605430513182E+000  0.137394569486818E+000 -0.519295685089021E+001 -0.895094961394564E+002
  0.769401658793135E-034  0.177449145189698E+003  0.676690013012612E+002  0.982918854689710E+000  0.170811453102898E-001 -0.519295685089021E+001 -0.887245725948492E+002
  0.794681770090078E-034  0.177384487991599E+003  0.496639701831327E+002  0.176621217434089E+001 -0.766212174340891E+000 -0.519295685089021E+001 -0.886922439957995E+002
  0.128524032903542E-033  0.176422969469586E+003  0.603899954225774E+002  0.122178457923159E+001 -0.221784579231594E+000 -0.519295685089021E+001 -0.882114847347931E+002
  0.201214856981751E-033  0.175526454741541E+003  0.454912007204801E+002  0.206573352028450E+001 -0.106573352028450E+001 -0.519295685089021E+001 -0.877632273707707E+002
  0.205712588278366E-033  0.175482241312143E+003  0.409105639601394E+002  0.250944428906767E+001 -0.150944428906767E+001 -0.519295685089021E+001 -0.877411206560717E+002
  0.266443560370394E-033  0.174964876415850E+003  0.498645403334546E+002  0.174177407839459E+001 -0.741774078394592E+000 -0.519295685089021E+001 -0.874824382079248E+002
  0.282301176617486E-033  0.174849252289817E+003  0.432979353636419E+002  0.225758119496726E+001 -0.125758119496726E+001 -0.519295685089021E+001 -0.874246261449086E+002
  0.417463814071034E-033  0.174066805560954E+003  0.975137722613130E+002  0.434005882959334E+000  0.565994117040666E+000 -0.519295685089021E+001 -0.870334027804769E+002
  0.453784463940809E-033  0.173899956623689E+003  0.500508025146101E+002  0.114166916167512E-001  0.988583308383249E+000 -0.519295685089021E+001 -0.869499783118445E+002
  0.460926068719014E-033  0.173868725979069E+003  0.538930274450601E+002  0.150360266537684E+001 -0.503602665376835E+000 -0.519295685089021E+001 -0.869343629895343E+002
  0.468842977083079E-033  0.173834665478803E+003  0.498089161658093E+002  0.123875625598282E-001  0.987612437440172E+000 -0.519295685089021E+001 -0.869173327394016E+002
  0.511046755853316E-033  0.173662279126751E+003  0.518514374248535E+002  0.161460300692624E+001 -0.614603006926239E+000 -0.519295685089021E+001 -0.868311395633753E+002
  0.817630707029787E-033  0.172722379743724E+003  0.917885108971576E+002  0.503774109500830E+000  0.496225890499170E+000 -0.519295685089021E+001 -0.863611898718618E+002
  0.299265222077466E-032  0.170127370689125E+003  0.417120590696751E+002  0.238488400014172E+001 -0.138488400014172E+001 -0.519295685089021E+001 -0.850636853445626E+002
  0.635512575044393E-032  0.168621167354123E+003  0.484490655065807E+002  0.180500406728471E+001 -0.805004067284715E+000 -0.519295685089021E+001 -0.843105836770613E+002
  0.738778305407329E-032  0.168320035343750E+003  0.400092169940525E+002  0.817484248679092E-001  0.918251575132091E+000 -0.519295685089021E+001 -0.841600176718752E+002
  0.926140312145961E-032  0.167867979613941E+003  0.995436168074925E+002  0.402446894104329E+000  0.597553105895671E+000 -0.519295685089021E+001 -0.839339898069707E+002
  0.160306875709714E-031  0.166770681021365E+003  0.589164852313904E+002  0.124817573786259E+001 -0.248175737862588E+000 -0.519295685089021E+001 -0.833853405106823E+002
  0.193414323800624E-031  0.166395191637556E+003  0.494082944388735E+002  0.224051798204258E-001  0.977594820179574E+000 -0.519295685089021E+001 -0.831975958187781E+002
  0.339172332196082E-031  0.165271844258734E+003  0.451375105097067E+002  0.203558438714941E+001 -0.103558438714941E+001 -0.519295685089021E+001 -0.826359221293669E+002
  0.472179623762680E-031  0.164610141980258E+003  0.646832812517726E+002  0.103790641013541E+001 -0.379064101354147E-001 -0.519295685089021E+001 -0.823050709901290E+002
  0.569785320678709E-031  0.164234341605285E+003  0.517702246212197E+002  0.155322462487635E-001  0.984467753751237E+000 -0.519295685089021E+001 -0.821171708026423E+002
  0.708743563016064E-031  0.163797873378606E+003  0.547675949964497E+002  0.141976383298978E+001 -0.419763832989782E+000 -0.519295685089021E+001 -0.818989366893032E+002
  0.716511949757301E-031  0.163776071074104E+003  0.797991120869078E+002  0.675886894393472E+000  0.324113105606528E+000 -0.519295685089021E+001 -0.818880355370520E+002
  0.155383929098928E-030  0.162227892705823E+003  0.457319526667454E+002  0.196988820885651E+001 -0.969888208856511E+000 -0.519295685089021E+001 -0.811139463529117E+002
  0.177752251050772E-030  0.161958909272806E+003  0.591125568749214E+002  0.122413381505933E+001 -0.224133815059327E+000 -0.519295685089021E+001 -0.809794546364031E+002
  0.227793431931663E-030  0.161462812302314E+003  0.461038213837663E+002  0.458453064457807E-001  0.954154693554219E+000 -0.519295685089021E+001 -0.807314061511572E+002
  0.255062622930835E-030  0.161236672548032E+003  0.959161212966892E+002  0.435015827918286E+000  0.564984172081714E+000 -0.519295685089021E+001 -0.806183362740161E+002
  0.419810659597801E-030  0.160240083139990E+003  0.465499360932230E+002  0.189598028438531E+001 -0.895980284385311E+000 -0.519295685089021E+001 -0.801200415699952E+002
  0.515955795575629E-030  0.159827648549646E+003  0.674889500258254E+002  0.942846608453628E+000  0.571533915463720E-001 -0.519295685089021E+001 -0.799138242748228E+002
  0.548952059031565E-030  0.159703668511235E+003  0.776805625979600E+002  0.707713789174855E+000  0.292286210825145E+000 -0.519295685089021E+001 -0.798518342556174E+002
  0.713365179282660E-030  0.159179703813880E+003  0.514689109124463E+002  0.157216683082965E+001 -0.572166830829650E+000 -0.519295685089021E+001 -0.795898519069402E+002
  0.890914420802781E-030  0.158735193989539E+003  0.649370137033775E+002  0.101355290065982E+001 -0.135529006598170E-001 -0.519295685089021E+001 -0.793675969947695E+002
  0.132906347129426E-029  0.157935231105773E+003  0.722412457279505E+002  0.818594486254631E+000  0.181405513745369E+000 -0.519295685089021E+001 -0.789676155528864E+002
  0.139957512036322E-029  0.157831842770116E+003  0.443991747553937E+002  0.205186005009073E+001 -0.105186005009073E+001 -0.519295685089021E+001 -0.789159213850582E+002
  0.172129668066298E-029  0.157418024398519E+003  0.994569748963203E+002  0.389137360181712E+000  0.610862639818288E+000 -0.519295685089021E+001 -0.787090121992596E+002
  0.178182347458455E-029  0.157348905652599E+003  0.417485008211161E+002  0.229135471054089E+001 -0.129135471054089E+001 -0.519295685089021E+001 -0.786744528262997E+002
  0.259001466037199E-029  0.156600853108186E+003  0.764121871251372E+002  0.726265230004721E+000  0.273734769995279E+000 -0.519295685089021E+001 -0.783004265540928E+002
  0.342238163030112E-029  0.156043506796644E+003  0.429118719151122E+002  0.217097869152425E+001 -0.117097869152425E+001 -0.519295685089021E+001 -0.780217533983222E+002
  0.373256290560016E-029  0.155869989972796E+003  0.546412375555607E+002  0.139414861397260E+001 -0.394148613972598E+000 -0.519295685089021E+001 -0.779349949863980E+002
  0.662901530349704E-029  0.154721267636678E+003  0.783789862541011E+002  0.684462941797982E+000  0.315537058202018E+000 -0.519295685089021E+001 -0.773606338183389E+002
  0.686613069168552E-029  0.154650978721383E+003  0.790768154467495E+002  0.671435269317856E+000  0.328564730682144E+000 -0.519295685089021E+001 -0.773254893606914E+002
  0.165898719731905E-028  0.152886595406196E+003  0.421927491816511E+002  0.905323465172051E-001  0.909467653482795E+000 -0.519295685089021E+001 -0.764432977030982E+002
  0.373597137028530E-028  0.151262994280064E+003  0.544041822384211E+002  0.138656720363741E+001 -0.386567203637405E+000 -0.519295685089021E+001 -0.756314971400321E+002
  0.773162095478456E-028  0.149808372919890E+003  0.586292635285066E+002  0.938006341206543E-002  0.990619936587935E+000 -0.519295685089021E+001 -0.749041864599448E+002
  0.142781566263684E-027  0.148581548272760E+003  0.487572104279626E+002  0.168184799097442E+001 -0.681847990974418E+000 -0.519295685089021E+001 -0.742907741363799E+002
  0.342363502317100E-027  0.146832434090555E+003  0.494049662320113E+002  0.477849746031334E-001  0.952215025396867E+000 -0.519295685089021E+001 -0.734162170452775E+002
  0.370746074261807E-027  0.146673145395683E+003  0.745027895330113E+002  0.743658506711165E+000  0.256341493288835E+000 -0.519295685089021E+001 -0.733365726978413E+002
  0.445842238523231E-027  0.146304249852006E+003  0.481871219394067E+002  0.170602009954343E+001 -0.706020099543427E+000 -0.519295685089021E+001 -0.731521249260032E+002
  0.102453364201200E-026  0.144640194571061E+003  0.938190954408972E+002  0.435481279164986E+000  0.564518720835014E+000 -0.519295685089021E+001 -0.723200972855303E+002
  0.102795940585481E-026  0.144633518266792E+003  0.461939373525985E+002  0.183204942961043E+001 -0.832049429610432E+000 -0.519295685089021E+001 -0.723167591333962E+002
  0.103791522241409E-026  0.144614241407496E+003  0.416118013013938E+002  0.221194087156469E+001 -0.121194087156469E+001 -0.519295685089021E+001 -0.723071207037480E+002
  0.124440272614341E-026  0.144251358268826E+003  0.408172346016545E+002  0.228724748839381E+001 -0.128724748839381E+001 -0.519295685089021E+001 -0.721256791344132E+002
  0.159340853381839E-026  0.143756918715005E+003  0.721366686149050E+002  0.787697995854499E+000  0.212302004145501E+000 -0.519295685089021E+001 -0.718784593575027E+002
  0.242786009630952E-026  0.142914649121208E+003  0.943226452766224E+002  0.426742311212936E+000  0.573257688787064E+000 -0.519295685089021E+001 -0.714573245606041E+002
  0.289445283049408E-026  0.142563077446062E+003  0.838341971198789E+002  0.568488253890427E+000  0.431511746109573E+000 -0.519295685089021E+001 -0.712815387230308E+002
  0.345837974887729E-026  0.142207069224921E+003  0.734051540980103E+002  0.756490435080217E+000  0.243509564919783E+000 -0.519295685089021E+001 -0.711035346124607E+002
  0.378241618492224E-026  0.142027943606785E+003  0.611839306824191E+002  0.108224926232491E+001 -0.822492623249094E-001 -0.519295685089021E+001 -0.710139718033923E+002
  0.427637030527370E-026  0.141782460441818E+003  0.795611314267529E+002  0.637169201294121E+000  0.362830798705879E+000 -0.519295685089021E+001 -0.708912302209091E+002
  0.468610284072013E-026  0.141599467049920E+003  0.503843676359283E+002  0.154967126924949E+001 -0.549671269249490E+000 -0.519295685089021E+001 -0.707997335249601E+002
  0.654455113214209E-026  0.140931403991936E+003  0.586031362517081E+002  0.117000547524591E+001 -0.170005475245906E+000 -0.519295685089021E+001 -0.704657019959678E+002
  0.726773819053354E-026  0.140721779367025E+003  0.582399679935506E+002  0.118294787098344E+001 -0.182947870983440E+000 -0.519295685089021E+001 -0.703608896835123E+002
  0.876703032375772E-026  0.140346673359457E+003  0.781576080087291E+002  0.659193260467911E+000  0.340806739532089E+000 -0.519295685089021E+001 -0.701733366797286E+002
  0.121931530308496E-025  0.139686920487937E+003  0.433686813357645E+002  0.105665524778712E+000  0.894334475221288E+000 -0.519295685089021E+001 -0.698434602439685E+002
  0.138075787534911E-025  0.139438234369459E+003  0.505039429878058E+002  0.153228224244676E+001 -0.532282242446756E+000 -0.519295685089021E+001 -0.697191171847295E+002
  0.196383087078209E-025  0.138733705253272E+003  0.475123985561065E+002  0.170777254416223E+001 -0.707772544162230E+000 -0.519295685089021E+001 -0.693668526266362E+002
  0.215442252622724E-025  0.138548453999620E+003  0.680703073424631E+002  0.870960361435293E+000  0.129039638564707E+000 -0.519295685089021E+001 -0.692742269998099E+002
  0.373644019957255E-025  0.137447232756647E+003  0.798672435000405E+002  0.623130632600750E+000  0.376869367399250E+000 -0.519295685089021E+001 -0.687236163783237E+002
  0.387500926555255E-025  0.137374403328549E+003  0.523466272564252E+002  0.457665018640512E-001  0.954233498135949E+000 -0.519295685089021E+001 -0.686872016642745E+002
  0.406683832430484E-025  0.137277767690225E+003  0.409090630157916E+002  0.222348977540416E+001 -0.122348977540416E+001 -0.519295685089021E+001 -0.686388838451124E+002
  0.438778305932672E-025  0.137125851233060E+003  0.433381075048199E+002  0.200414170003966E+001 -0.100414170003966E+001 -0.519295685089021E+001 -0.685629256165301E+002
  0.456185330292586E-025  0.137048041502299E+003  0.795068717644652E+002  0.628512003270614E+000  0.371487996729386E+000 -0.519295685089021E+001 -0.685240207511495E+002
  0.457996737714786E-025  0.137040115685960E+003  0.428032623277389E+002  0.204864599292822E+001 -0.104864599292822E+001 -0.519295685089021E+001 -0.685200578429801E+002
  0.171747356456036E-024  0.134396620544022E+003  0.429438824850258E+002  0.201776206425046E+001 -0.101776206425046E+001 -0.519295685089021E+001 -0.671983102720108E+002
  0.250509207534406E-024  0.133641678269415E+003  0.912688491982519E+002  0.449304667389744E+000  0.550695332610256E+000 -0.519295685089021E+001 -0.668208391347076E+002
  0.252717449512860E-024  0.133624125493769E+003  0.545653794369917E+002  0.130512400833247E+001 -0.305124008332471E+000 -0.519295685089021E+001 -0.668120627468845E+002
  0.465536936508890E-024  0.132402286739160E+003  0.654428425580943E+002  0.922781931958822E+000  0.772180680411779E-001 -0.519295685089021E+001 -0.662011433695801E+002
  0.668330473605408E-024  0.131679104078025E+003  0.950549902943680E+002  0.400459491754868E+000  0.599540508245132E+000 -0.519295685089021E+001 -0.658395520390126E+002
  0.674559265289625E-024  0.131660550547758E+003  0.721840760772869E+002  0.757315611064819E+000  0.242684388935181E+000 -0.519295685089021E+001 -0.658302752738789E+002
  0.784667156505299E-024  0.131358150375532E+003  0.668136451434598E+002  0.883181866221323E+000  0.116818133778677E+000 -0.519295685089021E+001 -0.656790751877661E+002
  0.823737176115459E-024  0.131260966586351E+003  0.549755170018252E+002  0.127724717742507E+001 -0.277247177425075E+000 -0.519295685089021E+001 -0.656304832931757E+002
  0.961481085374857E-024  0.130951719836686E+003  0.873891390773425E+002  0.495653096488854E+000  0.504346903511146E+000 -0.519295685089021E+001 -0.654758599183430E+002
  0.237243833682753E-023  0.129145322543670E+003  0.618728602451610E+002  0.101702927215852E+001 -0.170292721585206E-001 -0.519295685089021E+001 -0.645726612718348E+002
  0.333786566125315E-023  0.128462495906100E+003  0.538758346226439E+002  0.131307183865632E+001 -0.313071838656324E+000 -0.519295685089021E+001 -0.642312479530501E+002
  0.377410291159604E-023  0.128216833634102E+003  0.478768408353633E+002  0.162468174247202E+001 -0.624681742472016E+000 -0.519295685089021E+001 -0.641084168170512E+002
  0.443036600625902E-023  0.127896194663264E+003  0.682007013241951E+002  0.838555219271434E+000  0.161444780728566E+000 -0.519295685089021E+001 -0.639480973316320E+002
  0.732839235119861E-023  0.126889646729771E+003  0.909412271855061E+002  0.441990964056145E+000  0.558009035943855E+000 -0.519295685089021E+001 -0.634448233648853E+002
  0.751606365279348E-023  0.126839073963424E+003  0.458566768734423E+002  0.174637123607440E+001 -0.746371236074403E+000 -0.519295685089021E+001 -0.634195369817119E+002
  0.939945956242801E-023  0.126391854675870E+003  0.701627182268166E+002  0.851631840702105E-002  0.991483681592979E+000 -0.519295685089021E+001 -0.631959273379348E+002
  0.982491183087877E-023  0.126303316696881E+003  0.843447018646162E+002  0.530281223939765E+000  0.469718776060235E+000 -0.519295685089021E+001 -0.631516583484405E+002
  0.118576839706866E-022  0.125927206876834E+003  0.621099701350303E+002  0.243606559290448E-001  0.975639344070955E+000 -0.519295685089021E+001 -0.629636034384172E+002
  0.175919001710170E-022  0.125138281907287E+003  0.558254885792690E+002  0.464047482113996E-001  0.953595251788600E+000 -0.519295685089021E+001 -0.625691409536436E+002
  0.200774935893451E-022  0.124873960132829E+003  0.666924786010630E+002  0.867560722180438E+000  0.132439277819562E+000 -0.519295685089021E+001 -0.624369800664143E+002
  0.238893906700775E-022  0.124526290153669E+003  0.717756548634555E+002  0.748184135529621E+000  0.251815864470379E+000 -0.519295685089021E+001 -0.622631450768344E+002
  0.715571434525967E-022  0.122332166385139E+003  0.571796464670398E+002  0.115229552769908E+001 -0.152295527699081E+000 -0.519295685089021E+001 -0.611660831925696E+002
  0.861659175975024E-022  0.121960609640432E+003  0.456695396850828E+002  0.172756455098654E+001 -0.727564550986543E+000 -0.519295685089021E+001 -0.609803048202158E+002
  0.985803577761215E-022  0.121691415003263E+003  0.446222618539716E+002  0.179834310173607E+001 -0.798343101736073E+000 -0.519295685089021E+001 -0.608457075016313E+002
  0.102151338826771E-021  0.121620248209086E+003  0.411067244789663E+002  0.207852242149621E+001 -0.107852242149621E+001 -0.519295685089021E+001 -0.608101241045431E+002
  0.103166556438232E-021  0.121600469594387E+003  0.426245438642256E+002  0.194950239871386E+001 -0.949502398713861E+000 -0.519295685089021E+001 -0.608002347971933E+002
  0.104150159040155E-021  0.121581491674927E+003  0.416670854009859E+002  0.202914866363659E+001 -0.102914866363659E+001 -0.519295685089021E+001 -0.607907458374636E+002
  0.114365896276509E-021  0.121394353214336E+003  0.788945650807028E+002  0.606029166256923E+000  0.393970833743077E+000 -0.519295685089021E+001 -0.606971766071681E+002
  0.125735578351968E-021  0.121204796829740E+003  0.557073642637402E+002  0.522683381777312E-001  0.947731661822269E+000 -0.519295685089021E+001 -0.606023984148700E+002
  0.156850665893067E-021  0.120762570704317E+003  0.679672830863957E+002  0.824139097030904E+000  0.175860902969096E+000 -0.519295685089021E+001 -0.603812853521583E+002
  0.162762450163035E-021  0.120688575510678E+003  0.930652155199363E+002  0.405537750575717E+000  0.594462249424283E+000 -0.519295685089021E+001 -0.603442877553388E+002
  0.229562744218730E-021  0.120000806289551E+003  0.826179063745743E+002  0.543628101725318E+000  0.456371898274682E+000 -0.519295685089021E+001 -0.600004031447757E+002
  0.283778270302867E-021  0.119576772674686E+003  0.867131583932330E+002  0.484029965770420E+000  0.515970034229580E+000 -0.519295685089021E+001 -0.597883863373431E+002
  0.368424504161019E-021  0.119054687429870E+003  0.463365047138919E+002  0.120075830104947E+000  0.879924169895053E+000 -0.519295685089021E+001 -0.595273437149350E+002
  0.380663843187445E-021  0.118989325695749E+003  0.584532086849490E+002  0.109320801568359E+001 -0.932080156835946E-001 -0.519295685089021E+001 -0.594946628478747E+002
  0.574772970483019E-021  0.118165208806624E+003  0.931509662979363E+002  0.533530782054636E-002  0.994664692179454E+000 -0.519295685089021E+001 -0.590826044033119E+002
  0.750166485411205E-021  0.117632568739509E+003  0.651532082801928E+002  0.885583454910417E+000  0.114416545089583E+000 -0.519295685089021E+001 -0.588162843697546E+002
  0.907409502325782E-021  0.117251971385976E+003  0.427135211157020E+002  0.190903252113905E+001 -0.909032521139045E+000 -0.519295685089021E+001 -0.586259856929878E+002
  0.104890625482462E-020  0.116962152588053E+003  0.667913065450817E+002  0.841707329568736E+000  0.158292670431264E+000 -0.519295685089021E+001 -0.584810762940264E+002
  0.108092580819480E-020  0.116902012698965E+003  0.410453377103643E+002  0.193884472667706E+000  0.806115527332294E+000 -0.519295685089021E+001 -0.584510063494826E+002
  0.156349353933915E-020  0.116163802974976E+003  0.566802264642100E+002  0.114561932892963E+001 -0.145619328929634E+000 -0.519295685089021E+001 -0.580819014874882E+002
  0.168275132698749E-020  0.116016788209452E+003  0.722097798136081E+002  0.717324250849971E+000  0.282675749150029E+000 -0.519295685089021E+001 -0.580083941047260E+002
  0.202425661347505E-020  0.115647243449029E+003  0.960113353384728E+002  0.855130811422766E-002  0.991448691885772E+000 -0.519295685089021E+001 -0.578236217245147E+002
  0.257663106226388E-020  0.115164682994780E+003  0.542315470738421E+002  0.685251754996644E-001  0.931474824500336E+000 -0.519295685089021E+001 -0.575823414973902E+002
  0.387014228999851E-020  0.114351065958820E+003  0.945068454142323E+002  0.377914168975281E+000  0.622085831024719E+000 -0.519295685089021E+001 -0.571755329794098E+002
  0.616050197840485E-020  0.113421331977982E+003  0.741739806536453E+002  0.672052624463671E+000  0.327947375536329E+000 -0.519295685089021E+001 -0.567106659889910E+002
  0.705463568976281E-020  0.113150278615667E+003  0.437291269434686E+002  0.180136877901466E+001 -0.801368779014658E+000 -0.519295685089021E+001 -0.565751393078335E+002
  0.105198855152675E-019  0.112351113857092E+003  0.502811092252706E+002  0.140293664999168E+001 -0.402936649991684E+000 -0.519295685089021E+001 -0.561755569285459E+002
  0.127276157509571E-019  0.111970100303817E+003  0.506281176348966E+002  0.138374589046038E+001 -0.383745890460378E+000 -0.519295685089021E+001 -0.559850501519084E+002
  0.136271615750530E-019  0.111833518555081E+003  0.880652779442444E+002  0.451429780275373E+000  0.548570219724627E+000 -0.519295685089021E+001 -0.559167592775407E+002
  0.165168616223087E-019  0.111448884955216E+003  0.689027562706137E+002  0.775774791898014E+000  0.224225208101986E+000 -0.519295685089021E+001 -0.557244424776082E+002
  0.169523899128820E-019  0.111396830863039E+003  0.457709888876271E+002  0.165068598823579E+001 -0.650685988235790E+000 -0.519295685089021E+001 -0.556984154315197E+002
  0.171371110529099E-019  0.111375155808518E+003  0.798743901130155E+002  0.568064578614595E+000  0.431935421385405E+000 -0.519295685089021E+001 -0.556875779042589E+002
  0.225516575324355E-019  0.110826031370411E+003  0.471482886716111E+002  0.156305646580538E+001 -0.563056465805381E+000 -0.519295685089021E+001 -0.554130156852054E+002
  0.330401356983993E-019  0.110062202394957E+003  0.432526993960257E+002  0.181254775372695E+001 -0.812547753726950E+000 -0.519295685089021E+001 -0.550311011974783E+002
  0.452138023026821E-019  0.109434843704626E+003  0.672654417113068E+002  0.807623872811824E+000  0.192376127188176E+000 -0.519295685089021E+001 -0.547174218523132E+002
  0.555447315609455E-019  0.109023271166033E+003  0.879448068909252E+002  0.447606587613495E+000  0.552393412386505E+000 -0.519295685089021E+001 -0.545116355830163E+002
  0.108601102650619E-018  0.107682285384896E+003  0.609252636788188E+002  0.495387728236802E-001  0.950461227176320E+000 -0.519295685089021E+001 -0.538411426924482E+002
  0.165637879279001E-018  0.106838040595631E+003  0.499311709234714E+002  0.138951924007068E+001 -0.389519240070679E+000 -0.519295685089021E+001 -0.534190202978154E+002
  0.223669057161279E-018  0.106237313434431E+003  0.426873012816171E+002  0.182384703862625E+001 -0.823847038626249E+000 -0.519295685089021E+001 -0.531186567172153E+002
  0.299806212243940E-018  0.105651375892939E+003  0.428587182116815E+002  0.180649187083189E+001 -0.806491870831889E+000 -0.519295685089021E+001 -0.528256879464693E+002
  0.306272897390924E-018  0.105608695454325E+003  0.631823638270814E+002  0.447043354919738E-001  0.955295664508026E+000 -0.519295685089021E+001 -0.528043477271623E+002
  0.600387163299950E-018  0.104262499067866E+003  0.486139565113984E+002  0.144119885813030E+001 -0.441198858130297E+000 -0.519295685089021E+001 -0.521312495339329E+002
  0.766800083760299E-018  0.103773196265624E+003  0.491095616428574E+002  0.127179789419683E+000  0.872820210580317E+000 -0.519295685089021E+001 -0.518865981328120E+002
  0.816318003965881E-018  0.103648040526856E+003  0.758958028504137E+002  0.616465451720788E+000  0.383534548279212E+000 -0.519295685089021E+001 -0.518240202634280E+002
  0.103370511840028E-017  0.103175838848243E+003  0.596961492850932E+002  0.990696469505088E+000  0.930353049491162E-002 -0.519295685089021E+001 -0.515879194241213E+002
  0.117501927046413E-017  0.102919568852757E+003  0.699305656708791E+002  0.313349214855685E-001  0.968665078514432E+000 -0.519295685089021E+001 -0.514597844263783E+002
  0.120665022626756E-017  0.102866441723597E+003  0.496043808383198E+002  0.124598502200247E+000  0.875401497799753E+000 -0.519295685089021E+001 -0.514332208617983E+002
  0.140005626388346E-017  0.102569113099866E+003  0.583456774608107E+002  0.103110521829375E+001 -0.311052182937472E-001 -0.519295685089021E+001 -0.512845565499331E+002
  0.175163019492632E-017  0.102121044159911E+003  0.531050854999442E+002  0.122107387866958E+001 -0.221073878669580E+000 -0.519295685089021E+001 -0.510605220799557E+002
  0.237207566648191E-017  0.101514607187485E+003  0.409671547554518E+002  0.191576246867051E+001 -0.915762468670513E+000 -0.519295685089021E+001 -0.507573035937424E+002
  0.280242623210429E-017  0.101181166841585E+003  0.641077899988169E+002  0.859001700587276E+000  0.140998299412724E+000 -0.519295685089021E+001 -0.505905834207923E+002
  0.295110625505361E-017  0.101077777744931E+003  0.517952382284385E+002  0.109791908577704E+000  0.890208091422296E+000 -0.519295685089021E+001 -0.505388888724657E+002
  0.295230367469691E-017  0.101076966403911E+003  0.496771034008529E+002  0.127941995542744E+000  0.872058004457256E+000 -0.519295685089021E+001 -0.505384832019553E+002
  0.714810818532072E-017  0.993084424840093E+002  0.611765124587092E+002  0.931758109875185E+000  0.682418901248153E-001 -0.519295685089021E+001 -0.496542212420046E+002
  0.717541025368986E-017  0.993008180720185E+002  0.529665547568239E+002  0.121233793880673E+001 -0.212337938806735E+000 -0.519295685089021E+001 -0.496504090360093E+002
  0.874961439081432E-017  0.989041186889155E+002  0.692217374665519E+002  0.372033882765709E-001  0.962796611723429E+000 -0.519295685089021E+001 -0.494520593444577E+002
  0.937492833891583E-017  0.987660600925133E+002  0.982532902995255E+002  0.246062722028347E-001  0.975393727797165E+000 -0.519295685089021E+001 -0.493830300462567E+002
  0.183962346851832E-016  0.974178459344716E+002  0.540288747477888E+002  0.116066772501390E+001 -0.160667725013897E+000 -0.519295685089021E+001 -0.487089229672358E+002
  0.294809274832153E-016  0.964746508919399E+002  0.733770157416884E+002  0.643115871029243E+000  0.356884128970757E+000 -0.519295685089021E+001 -0.482373254459699E+002
  0.303307596315266E-016  0.964178132145965E+002  0.849187534086721E+002  0.225897224983221E-001  0.977410277501678E+000 -0.519295685089021E+001 -0.482089066072983E+002
  0.335386996581876E-016  0.962167379769451E+002  0.641933331857418E+002  0.839665412492940E+000  0.160334587507060E+000 -0.519295685089021E+001 -0.481083689884726E+002
  0.392710978253859E-016  0.959011603004145E+002  0.941854957118527E+002  0.347818367534312E+000  0.652181632465688E+000 -0.519295685089021E+001 -0.479505801502073E+002
  0.995385167296246E-016  0.940410486043301E+002  0.416260300370456E+002  0.263003164365898E+000  0.736996835634102E+000 -0.519295685089021E+001 -0.470205243021651E+002
  0.114437922635330E-015  0.937620729173057E+002  0.506732794222038E+002  0.135491235037266E+000  0.864508764962734E+000 -0.519295685089021E+001 -0.468810364586529E+002
  0.116661530469239E-015  0.937235842678762E+002  0.471707071392675E+002  0.144892982285734E+001 -0.448929822857343E+000 -0.519295685089021E+001 -0.468617921339381E+002
  0.161862107505859E-015  0.930686483794088E+002  0.407430894305894E+002  0.185363094748264E+001 -0.853630947482639E+000 -0.519295685089021E+001 -0.465343241897044E+002
  0.165993425787562E-015  0.930182415807041E+002  0.655698300054363E+002  0.795184747534350E+000  0.204815252465650E+000 -0.519295685089021E+001 -0.465091207903520E+002
  0.212669991947454E-015  0.925226546871279E+002  0.400578665468484E+002  0.190179246435319E+001 -0.901792464353187E+000 -0.519295685089021E+001 -0.462613273435640E+002
  0.233608567611716E-015  0.923348440950669E+002  0.915504756341502E+002  0.370752383773884E+000  0.629247616226116E+000 -0.519295685089021E+001 -0.461674220475334E+002
  0.258913133052242E-015  0.921291527248262E+002  0.489637980974594E+002  0.134815126741599E+001 -0.348151267415991E+000 -0.519295685089021E+001 -0.460645763624131E+002
  0.274542092593578E-015  0.920119287645189E+002  0.465262790067840E+002  0.147147982272551E+001 -0.471479822725514E+000 -0.519295685089021E+001 -0.460059643822595E+002
  0.281262349139118E-015  0.919635622272601E+002  0.545152044505456E+002  0.111517694762309E+001 -0.115176947623094E+000 -0.519295685089021E+001 -0.459817811136301E+002
  0.295363972540382E-015  0.918657211463714E+002  0.840021902718644E+002  0.464319211914851E+000  0.535680788085149E+000 -0.519295685089021E+001 -0.459328605731857E+002
  0.374171207064443E-015  0.913927110173338E+002  0.409815707570882E+002  0.181928501245341E+001 -0.819285012453409E+000 -0.519295685089021E+001 -0.456963555086669E+002
  0.484511914328300E-015  0.908758539044592E+002  0.743408118453236E+002  0.610656362531992E+000  0.389343637468008E+000 -0.519295685089021E+001 -0.454379269522296E+002
  0.518109216626784E-015  0.907417658225817E+002  0.617559741478883E+002  0.882886580719286E+000  0.117113419280714E+000 -0.519295685089021E+001 -0.453708829112909E+002
  0.630570115193842E-015  0.903488892386258E+002  0.535843118626553E+002  0.114150384441235E+001 -0.141503844412350E+000 -0.519295685089021E+001 -0.451744446193129E+002
  0.779397250578132E-015  0.899250962178999E+002  0.953200521596324E+002  0.310739520498281E-001  0.968926047950172E+000 -0.519295685089021E+001 -0.449625481089499E+002
  0.947593494709521E-015  0.895342867339826E+002  0.790768976666473E+002  0.529757436014468E+000  0.470242563985532E+000 -0.519295685089021E+001 -0.447671433669913E+002
  0.102284622078799E-014  0.893814490827863E+002  0.442813424983473E+002  0.157986737050937E+001 -0.579867370509372E+000 -0.519295685089021E+001 -0.446907245413932E+002
  0.102579255697446E-014  0.893756963102627E+002  0.663766386881491E+002  0.562614201808951E-001  0.943738579819105E+000 -0.519295685089021E+001 -0.446878481551314E+002
  0.125559656708312E-014  0.889714057667114E+002  0.878552923742830E+002  0.408057442762100E+000  0.591942557237900E+000 -0.519295685089021E+001 -0.444857028833557E+002
  0.128988664561594E-014  0.889175187047114E+002  0.949147945148975E+002  0.325945250852750E+000  0.674054749147250E+000 -0.519295685089021E+001 -0.444587593523557E+002
  0.162693258722803E-014  0.884532346033233E+002  0.464352676658517E+002  0.145055476998806E+001 -0.450554769988062E+000 -0.519295685089021E+001 -0.442266173016616E+002
  0.182055687723324E-014  0.882283425289272E+002  0.406493581869464E+002  0.181263391476648E+001 -0.812633914766478E+000 -0.519295685089021E+001 -0.441141712644636E+002
  0.288977883924288E-014  0.873042674445406E+002  0.415894966898116E+002  0.173592057288965E+001 -0.735920572889647E+000 -0.519295685089021E+001 -0.436521337222703E+002
  0.355363311641041E-014  0.868906864040445E+002  0.530763811003323E+002  0.114223174800056E+001 -0.142231748000558E+000 -0.519295685089021E+001 -0.434453432020223E+002
  0.426018365983037E-014  0.865280028465292E+002  0.991604904673932E+002  0.388228068998904E-001  0.961177193100110E+000 -0.519295685089021E+001 -0.432640014232646E+002
  0.494114951555997E-014  0.862314313913298E+002  0.944481187187404E+002  0.344431431039592E-001  0.965556856896041E+000 -0.519295685089021E+001 -0.431157156956649E+002
  0.586893251761278E-014  0.858872818636985E+002  0.418487940871892E+002  0.170450031728156E+001 -0.704500317281564E+000 -0.519295685089021E+001 -0.429436409318493E+002
  0.712247694338131E-014  0.855001162900413E+002  0.431136537215335E+002  0.161852628677933E+001 -0.618526286779332E+000 -0.519295685089021E+001 -0.427500581450206E+002
  0.829490255431280E-014  0.851953450384009E+002  0.949819748935882E+002  0.317545996378555E+000  0.682454003621445E+000 -0.519295685089021E+001 -0.425976725192005E+002
  0.117089643236631E-013  0.845059179306133E+002  0.885398333425267E+002  0.389996357438378E+000  0.610003642561622E+000 -0.519295685089021E+001 -0.422529589653067E+002
  0.168079627359401E-013  0.837829218975113E+002  0.422243453756654E+002  0.165946060973472E+001 -0.659460609734721E+000 -0.519295685089021E+001 -0.418914609487556E+002
  0.173293248209047E-013  0.837218271048334E+002  0.543249379751175E+002  0.107966294887644E+001 -0.796629488764438E-001 -0.519295685089021E+001 -0.418609135524167E+002
  0.186412285384622E-013  0.835758759589029E+002  0.904726541001082E+002  0.354638073974501E-001  0.964536192602550E+000 -0.519295685089021E+001 -0.417879379794515E+002
  0.275874430243457E-013  0.827919059778855E+002  0.986699463684791E+002  0.272841718845208E+000  0.727158281154792E+000 -0.519295685089021E+001 -0.413959529889428E+002
  0.389108500203343E-013  0.821040811253768E+002  0.812072967128243E+002  0.392820272009586E-001  0.960717972799041E+000 -0.519295685089021E+001 -0.410520405626884E+002
  0.393742042755013E-013  0.820804056143748E+002  0.733973265511050E+002  0.602529343846831E+000  0.397470656153169E+000 -0.519295685089021E+001 -0.410402028071874E+002
  0.571807099838703E-013  0.813341941835777E+002  0.551450394342470E+002  0.103909407979854E+001 -0.390940797985417E-001 -0.519295685089021E+001 -0.406670970917888E+002
  0.800038219268365E-013  0.806624785752692E+002  0.445536663211521E+002  0.149127072156224E+001 -0.491270721562237E+000 -0.519295685089021E+001 -0.403312392876346E+002
  0.809121272509133E-013  0.806398999564178E+002  0.454336687749569E+002  0.144336077217626E+001 -0.443360772176256E+000 -0.519295685089021E+001 -0.403199499782089E+002
  0.110290606804902E-012  0.800203898660934E+002  0.420380210991926E+002  0.163487323608457E+001 -0.634873236084565E+000 -0.519295685089021E+001 -0.400101949330467E+002
  0.111294003970773E-012  0.800022766222040E+002  0.476053088494618E+002  0.133002288645171E+001 -0.330022886451711E+000 -0.519295685089021E+001 -0.400011383111020E+002
  0.118850262920774E-012  0.798708985784846E+002  0.494216459451801E+002  0.124741719554404E+001 -0.247417195544037E+000 -0.519295685089021E+001 -0.399354492892423E+002
  0.126793741454026E-012  0.797415040241718E+002  0.420148745135398E+002  0.316827536848846E+000  0.683172463151154E+000 -0.519295685089021E+001 -0.398707520120859E+002
  0.129821116408777E-012  0.796943124400348E+002  0.561127697360146E+002  0.122269807840999E+000  0.877730192159001E+000 -0.519295685089021E+001 -0.398471562200174E+002
  0.148791013870678E-012  0.794215419306629E+002  0.892459543424470E+002  0.370230193321174E+000  0.629769806678826E+000 -0.519295685089021E+001 -0.397107709653315E+002
  0.195977048127670E-012  0.788706322885373E+002  0.517938945634861E+002  0.114499626225602E+001 -0.144996262256023E+000 -0.519295685089021E+001 -0.394353161442686E+002
  0.197164790613225E-012  0.788585476312234E+002  0.444392302229967E+002  0.148202645812309E+001 -0.482026458123094E+000 -0.519295685089021E+001 -0.394292738156117E+002
  0.201829323356581E-012  0.788117825777755E+002  0.541660879170658E+002  0.105884080613469E+001 -0.588408061346919E-001 -0.519295685089021E+001 -0.394058912888878E+002
  0.264421634499306E-012  0.782715375314777E+002  0.738574144698587E+002  0.583535020464484E+000  0.416464979535516E+000 -0.519295685089021E+001 -0.391357687657388E+002
  0.335653889896478E-012  0.777944663115807E+002  0.426084071514733E+002  0.157764330302359E+001 -0.577643303023593E+000 -0.519295685089021E+001 -0.388972331557903E+002
  0.383911073975739E-012  0.775258054953433E+002  0.853043378743392E+002  0.414209173998089E+000  0.585790826001911E+000 -0.519295685089021E+001 -0.387629027476716E+002
  0.415114331812569E-012  0.773695194292426E+002  0.766832677883943E+002  0.535015724897764E+000  0.464984275102236E+000 -0.519295685089021E+001 -0.386847597146213E+002
  0.420516929358398E-012  0.773436579131654E+002  0.405806946443833E+002  0.170221205137434E+001 -0.702212051374335E+000 -0.519295685089021E+001 -0.386718289565827E+002
  0.535580093119824E-012  0.768599264991305E+002  0.707297314183286E+002  0.619476885842307E-001  0.938052311415769E+000 -0.519295685089021E+001 -0.384299632495652E+002
  0.551591741224864E-012  0.768010110436890E+002  0.740380848441923E+002  0.549307608373016E-001  0.945069239162698E+000 -0.519295685089021E+001 -0.384005055218445E+002
  0.813620232859448E-012  0.760236399650294E+002  0.619535399356465E+002  0.818930737561637E+000  0.181069262438363E+000 -0.519295685089021E+001 -0.380118199825147E+002
  0.826100518253760E-012  0.759931944726693E+002  0.491616372668621E+002  0.123200641632091E+001 -0.232006416320913E+000 -0.519295685089021E+001 -0.379965972363346E+002
  0.961358942295961E-012  0.756899316937336E+002  0.896807299593958E+002  0.445399621781887E-001  0.955460037821811E+000 -0.519295685089021E+001 -0.378449658468668E+002
  0.128334808135389E-011  0.751121721294821E+002  0.510524509705877E+002  0.180847641246888E+000  0.819152358753112E+000 -0.519295685089021E+001 -0.375560860647411E+002
  0.132765449263194E-011  0.750442891405554E+002  0.498277550683908E+002  0.119788962436169E+001 -0.197889624361687E+000 -0.519295685089021E+001 -0.375221445702777E+002
  0.141533038296849E-011  0.749163908524646E+002  0.592747723041633E+002  0.111347815002847E+000  0.888652184997153E+000 -0.519295685089021E+001 -0.374581954262323E+002
  0.177336407347795E-011  0.744653601341349E+002  0.459781918218837E+002  0.136491286204474E+001 -0.364912862044736E+000 -0.519295685089021E+001 -0.372326800670675E+002
  0.200088855647970E-011  0.742239341122665E+002  0.819905005652749E+002  0.449554657932051E+000  0.550445342067949E+000 -0.519295685089021E+001 -0.371119670561332E+002
  0.214467415110705E-011  0.740851415726723E+002  0.488169325833067E+002  0.123306784978494E+001 -0.233067849784937E+000 -0.519295685089021E+001 -0.370425707863361E+002
  0.238378023861241E-011  0.738737417062134E+002  0.484256314120276E+002  0.124821248247132E+001 -0.248212482471319E+000 -0.519295685089021E+001 -0.369368708531067E+002
  0.240447818008762E-011  0.738564510183831E+002  0.453011977903228E+002  0.139325587766674E+001 -0.393255877666744E+000 -0.519295685089021E+001 -0.369282255091915E+002
  0.279861467487679E-011  0.735528677609914E+002  0.891924342875044E+002  0.357270469860873E+000  0.642729530139127E+000 -0.519295685089021E+001 -0.367764338804957E+002
  0.294393612308057E-011  0.734516218259252E+002  0.577144975664940E+002  0.919990665288045E+000  0.800093347119551E-001 -0.519295685089021E+001 -0.367258109129626E+002
  0.325013611082026E-011  0.732537230811072E+002  0.406504012658348E+002  0.165134241131025E+001 -0.651342411310249E+000 -0.519295685089021E+001 -0.366268615405536E+002
  0.444968301335403E-011  0.726254511111677E+002  0.472847112471575E+002  0.128887913057340E+001 -0.288879130573400E+000 -0.519295685089021E+001 -0.363127255555839E+002
  0.460257118278712E-011  0.725578866323035E+002  0.401140429139934E+002  0.167793809874286E+001 -0.677938098742855E+000 -0.519295685089021E+001 -0.362789433161517E+002
  0.464739421872005E-011  0.725385034736313E+002  0.677708124147468E+002  0.770091359880776E-001  0.922990864011922E+000 -0.519295685089021E+001 -0.362692517368156E+002
  0.539411148514298E-011  0.722405010468101E+002  0.682469189630455E+002  0.666336164625437E+000  0.333663835374563E+000 -0.519295685089021E+001 -0.361202505234050E+002
  0.578556602485812E-011  0.721003844337500E+002  0.667414127195222E+002  0.695959677193110E+000  0.304040322806890E+000 -0.519295685089021E+001 -0.360501922168750E+002
  0.662088899643833E-011  0.718306575316912E+002  0.566319310608225E+002  0.136427742429951E+000  0.863572257570049E+000 -0.519295685089021E+001 -0.359153287658456E+002
  0.790793428613572E-011  0.714753836415850E+002  0.426951365679615E+002  0.150921744051440E+001 -0.509217440514399E+000 -0.519295685089021E+001 -0.357376918207925E+002
  0.998250012637215E-011  0.710094496873121E+002  0.437501224774037E+002  0.318396678795722E+000  0.681603321204278E+000 -0.519295685089021E+001 -0.355047248436561E+002
  0.102433575753665E-010  0.709578579243671E+002  0.460687342432939E+002  0.133110012368129E+001 -0.331100123681295E+000 -0.519295685089021E+001 -0.354789289621835E+002
  0.131096032987322E-010  0.704644267567872E+002  0.587490660704661E+002  0.876776972700686E+000  0.123223027299314E+000 -0.519295685089021E+001 -0.352322133783936E+002
  0.131465764814147E-010  0.704587940703217E+002  0.512621884303633E+002  0.111190441450066E+001 -0.111904414500657E+000 -0.519295685089021E+001 -0.352293970351608E+002
  0.135878729599550E-010  0.703927614308906E+002  0.458485819983409E+002  0.276534828101293E+000  0.723465171898707E+000 -0.519295685089021E+001 -0.351963807154453E+002
  0.199845292701221E-010  0.696211999570886E+002  0.498701846903912E+002  0.213484820236598E+000  0.786515179763402E+000 -0.519295685089021E+001 -0.348105999785443E+002
  0.203362089774011E-010  0.695863108512940E+002  0.456630627284188E+002  0.133832426371929E+001 -0.338324263719295E+000 -0.519295685089021E+001 -0.347931554256470E+002
  0.212026622729883E-010  0.695028633271251E+002  0.452156371871590E+002  0.293287763931297E+000  0.706712236068703E+000 -0.519295685089021E+001 -0.347514316635625E+002
  0.324664654458453E-010  0.686507013841522E+002  0.419708058720486E+002  0.377509819073433E+000  0.622490180926567E+000 -0.519295685089021E+001 -0.343253506920761E+002
  0.348067644480462E-010  0.685114933353775E+002  0.408699839577117E+002  0.158202483844930E+001 -0.582024838449305E+000 -0.519295685089021E+001 -0.342557466676887E+002
  0.390618729512822E-010  0.682808230827002E+002  0.693609779046504E+002  0.631324497019665E+000  0.368675502980335E+000 -0.519295685089021E+001 -0.341404115413501E+002
  0.487615159532599E-010  0.678372340440825E+002  0.887029401098110E+002  0.349051998729683E+000  0.650948001270317E+000 -0.519295685089021E+001 -0.339186170220412E+002
  0.600579249973085E-010  0.674204978062834E+002  0.699342602617476E+002  0.617844807722739E+000  0.382155192277261E+000 -0.519295685089021E+001 -0.337102489031417E+002
  0.618738268106993E-010  0.673609223123935E+002  0.925940353437076E+002  0.303154376280547E+000  0.696845623719453E+000 -0.519295685089021E+001 -0.336804611561967E+002
  0.693718934652365E-010  0.671321532481723E+002  0.877315486629093E+002  0.556640524006087E-001  0.944335947599391E+000 -0.519295685089021E+001 -0.335660766240862E+002
  0.102956029066286E-009  0.663425128429177E+002  0.501303393560060E+002  0.112539293984022E+001 -0.125392939840223E+000 -0.519295685089021E+001 -0.331712564214588E+002
  0.131122324461139E-009  0.658588555085065E+002  0.960028107449823E+002  0.261131268498211E+000  0.738868731501789E+000 -0.519295685089021E+001 -0.329294277542532E+002
  0.180395394728544E-009  0.652208146741606E+002  0.636531888954636E+002  0.734323875505248E+000  0.265676124494752E+000 -0.519295685089021E+001 -0.326104073370803E+002
  0.189709122599191E-009  0.651201329017501E+002  0.903272310433844E+002  0.593438758759479E-001  0.940656124124052E+000 -0.519295685089021E+001 -0.325600664508751E+002
  0.259853826739907E-009  0.644908782963961E+002  0.402846047455307E+002  0.460470217401705E+000  0.539529782598295E+000 -0.519295685089021E+001 -0.322454391481981E+002
  0.262736971961633E-009  0.644688099822860E+002  0.922758744629253E+002  0.617114917552922E-001  0.938288508244708E+000 -0.519295685089021E+001 -0.322344049911430E+002
  0.279952903029449E-009  0.643418740614309E+002  0.955268544065190E+002  0.262354910440247E+000  0.737645089559753E+000 -0.519295685089021E+001 -0.321709370307155E+002
  0.306350163536471E-009  0.641616592865537E+002  0.670507579430705E+002  0.942283085151346E-001  0.905771691484865E+000 -0.519295685089021E+001 -0.320808296432768E+002
  0.345227424520108E-009  0.639227100298193E+002  0.964547176484596E+002  0.684612474372470E-001  0.931538752562753E+000 -0.519295685089021E+001 -0.319613550149096E+002
  0.361863581697736E-009  0.638285822432162E+002  0.502610326226950E+002  0.228872873980274E+000  0.771127126019726E+000 -0.519295685089021E+001 -0.319142911216081E+002
  0.420389319465508E-009  0.635287543664776E+002  0.441719656043332E+002  0.135129523299317E+001 -0.351295232993171E+000 -0.519295685089021E+001 -0.317643771832388E+002
  0.486121792077296E-009  0.632381984455666E+002  0.673738327945614E+002  0.650338409537545E+000  0.349661590462455E+000 -0.519295685089021E+001 -0.316190992227833E+002
  0.580472251885240E-009  0.628834328332903E+002  0.929012492598100E+002  0.649578843380886E-001  0.935042115661911E+000 -0.519295685089021E+001 -0.314417164166452E+002
  0.590043081056690E-009  0.628507257265930E+002  0.442208551978687E+002  0.134200979237039E+001 -0.342009792370394E+000 -0.519295685089021E+001 -0.314253628632965E+002
  0.809670906047547E-009  0.622178610799841E+002  0.909544118376941E+002  0.308359727791068E+000  0.691640272208932E+000 -0.519295685089021E+001 -0.311089305399921E+002
  0.111296695179866E-008  0.615815475166785E+002  0.907785750978162E+002  0.652684382519074E-001  0.934731561748093E+000 -0.519295685089021E+001 -0.307907737583393E+002
  0.118782277665105E-008  0.614513622107587E+002  0.416630680459133E+002  0.145165981590708E+001 -0.451659815907080E+000 -0.519295685089021E+001 -0.307256811053794E+002
  0.178341653297763E-008  0.606385444242617E+002  0.788538059414760E+002  0.455013973349539E+000  0.544986026650461E+000 -0.519295685089021E+001 -0.303192722121309E+002
  0.194803593431961E-008  0.604619629709247E+002  0.402677147279564E+002  0.151203094034636E+001 -0.512030940346360E+000 -0.519295685089021E+001 -0.302309814854624E+002
  0.247115729312675E-008  0.599862331133034E+002  0.888598548169672E+002  0.669133853009110E-001  0.933086614699089E+000 -0.519295685089021E+001 -0.299931165566517E+002
  0.272607378353940E-008  0.597898814755699E+002  0.992593164387978E+002  0.203968116713091E+000  0.796031883286909E+000 -0.519295685089021E+001 -0.298949407377850E+002
  0.302294087912489E-008  0.595831459574073E+002  0.505643440975578E+002  0.106034768251812E+001 -0.603476825181224E-001 -0.519295685089021E+001 -0.297915729787037E+002
  0.303490340169585E-008  0.595752470827808E+002  0.408672458582912E+002  0.477551128505865E+000  0.522448871494135E+000 -0.519295685089021E+001 -0.297876235413904E+002
  0.309892281428515E-008  0.595334971308904E+002  0.469389583346714E+002  0.119293515199497E+001 -0.192935151994969E+000 -0.519295685089021E+001 -0.297667485654452E+002
  0.339716912564112E-008  0.593497213251686E+002  0.481821100855151E+002  0.114348144784874E+001 -0.143481447848739E+000 -0.519295685089021E+001 -0.296748606625843E+002
  0.377203030914675E-008  0.591403794745018E+002  0.961638220537747E+002  0.239817174040135E+000  0.760182825959865E+000 -0.519295685089021E+001 -0.295701897372509E+002
  0.411164761369008E-008  0.589679586197354E+002  0.650876421318779E+002  0.677945027046661E+000  0.322054972953339E+000 -0.519295685089021E+001 -0.294839793098677E+002
  0.411459114430876E-008  0.589665273309868E+002  0.671501083258093E+002  0.637935361550393E+000  0.362064638449607E+000 -0.519295685089021E+001 -0.294832636654934E+002
  0.595507897236645E-008  0.582271173460934E+002  0.407799558655455E+002  0.145387669860017E+001 -0.453876698600167E+000 -0.519295685089021E+001 -0.291135586730467E+002
  0.658608393305175E-008  0.580256884185069E+002  0.549477036205611E+002  0.914007868599665E+000  0.859921314003349E-001 -0.519295685089021E+001 -0.290128442092535E+002
  0.762699378673483E-008  0.577322187374951E+002  0.425876059085257E+002  0.136021850704080E+001 -0.360218507040802E+000 -0.519295685089021E+001 -0.288661093687475E+002
  0.805719320717503E-008  0.576224757574838E+002  0.997790514860311E+002  0.960277385378424E-001  0.903972261462158E+000 -0.519295685089021E+001 -0.288112378787419E+002
  0.910400994529054E-008  0.573781763349925E+002  0.925124137784461E+002  0.745647814619216E-001  0.925435218538078E+000 -0.519295685089021E+001 -0.286890881674963E+002
  0.928667206537570E-008  0.573384457525307E+002  0.754767428703864E+002  0.820143014943387E-001  0.917985698505661E+000 -0.519295685089021E+001 -0.286692228762654E+002
  0.988983599354298E-008  0.572125911497016E+002  0.444865273875336E+002  0.127015936002065E+001 -0.270159360020648E+000 -0.519295685089021E+001 -0.286062955748508E+002
  0.115958793884131E-007  0.568943066548408E+002  0.536922619180794E+002  0.208641145770104E+000  0.791358854229896E+000 -0.519295685089021E+001 -0.284471533274204E+002
  0.129574205705930E-007  0.566722689924407E+002  0.438702768762188E+002  0.129036185094187E+001 -0.290361850941871E+000 -0.519295685089021E+001 -0.283361344962204E+002
  0.139206998933828E-007  0.565288524078984E+002  0.463497991957768E+002  0.334670785431815E+000  0.665329214568185E+000 -0.519295685089021E+001 -0.282644262039492E+002
  0.148351153454223E-007  0.564016122167074E+002  0.420558372902555E+002  0.459684203021806E+000  0.540315796978194E+000 -0.519295685089021E+001 -0.282008061083537E+002
  0.170996134347586E-007  0.561174945603798E+002  0.652849074068250E+002  0.118498832294736E+000  0.881501167705264E+000 -0.519295685089021E+001 -0.280587472801899E+002
  0.180260812095975E-007  0.560119669440552E+002  0.450526585471340E+002  0.369988196252041E+000  0.630011803747959E+000 -0.519295685089021E+001 -0.280059834720276E+002
  0.201391437665838E-007  0.557902755299484E+002  0.524038297795726E+002  0.229375447444298E+000  0.770624552555702E+000 -0.519295685089021E+001 -0.278951377649742E+002
  0.202800081148563E-007  0.557763351168496E+002  0.423507599483175E+002  0.134605733013796E+001 -0.346057330137955E+000 -0.519295685089021E+001 -0.278881675584248E+002
  0.214629863572674E-007  0.556629465010576E+002  0.984684984713399E+002  0.953484833332403E-001  0.904651516666760E+000 -0.519295685089021E+001 -0.278314732505288E+002
  0.260828822685484E-007  0.552730477798090E+002  0.742386914901044E+002  0.504829759549367E+000  0.495170240450633E+000 -0.519295685089021E+001 -0.276365238899045E+002
  0.286601651850793E-007  0.550845899025891E+002  0.788824881260264E+002  0.437461926634764E+000  0.562538073365236E+000 -0.519295685089021E+001 -0.275422949512945E+002
  0.401640412867091E-007  0.544096620746375E+002  0.414651516034709E+002  0.136691671340276E+001 -0.366916713402759E+000 -0.519295685089021E+001 -0.272048310373188E+002
  0.470325799864857E-007  0.540939251690454E+002  0.590617030431136E+002  0.785336896406514E+000  0.214663103593486E+000 -0.519295685089021E+001 -0.270469625845227E+002
  0.476644184793257E-007  0.540672359231569E+002  0.611201123556113E+002  0.738494634606714E+000  0.261505365393286E+000 -0.519295685089021E+001 -0.270336179615784E+002
  0.493360170925854E-007  0.539982975062936E+002  0.472568152159800E+002  0.328346630561442E+000  0.671653369438558E+000 -0.519295685089021E+001 -0.269991487531468E+002
  0.514480798652361E-007  0.539144599922170E+002  0.533735845687164E+002  0.223671250514008E+000  0.776328749485992E+000 -0.519295685089021E+001 -0.269572299961085E+002
  0.532648755384071E-007  0.538450520377536E+002  0.479833742520218E+002  0.110170199071843E+001 -0.101701990718427E+000 -0.519295685089021E+001 -0.269225260188768E+002
  0.559951796047087E-007  0.537450750574914E+002  0.996035266941686E+002  0.169020620969839E+000  0.830979379030161E+000 -0.519295685089021E+001 -0.268725375287457E+002
  0.785657413917186E-007  0.530677347860486E+002  0.402999408116848E+002  0.139813642953311E+001 -0.398136429533114E+000 -0.519295685089021E+001 -0.265338673930243E+002
  0.987158675151774E-007  0.526111148773448E+002  0.533432290964840E+002  0.229163704030826E+000  0.770836295969174E+000 -0.519295685089021E+001 -0.263055574386724E+002
  0.107411757465442E-006  0.524422669751962E+002  0.404950121106876E+002  0.137927748827324E+001 -0.379277488273241E+000 -0.519295685089021E+001 -0.262211334875981E+002
  0.121851182947024E-006  0.521900052980821E+002  0.527887124786728E+002  0.936104905572878E+000  0.638950944271223E-001 -0.519295685089021E+001 -0.260950026490410E+002
  0.122160481188026E-006  0.521849350747754E+002  0.448845575690915E+002  0.119736429648035E+001 -0.197364296480348E+000 -0.519295685089021E+001 -0.260924675373877E+002
  0.146764136590208E-006  0.518179527042223E+002  0.976098426844336E+002  0.192688480177233E+000  0.807311519822767E+000 -0.519295685089021E+001 -0.259089763521111E+002
  0.147342882838874E-006  0.518100814606619E+002  0.916147786634008E+002  0.269887250269178E+000  0.730112749730822E+000 -0.519295685089021E+001 -0.259050407303309E+002
  0.226889920827651E-006  0.509466763353970E+002  0.784538567539686E+002  0.429791034143935E+000  0.570208965856065E+000 -0.519295685089021E+001 -0.254733381676985E+002
  0.227882138093012E-006  0.509379491603625E+002  0.541492542269902E+002  0.889432642439398E+000  0.110567357560602E+000 -0.519295685089021E+001 -0.254689745801813E+002
  0.241199557177785E-006  0.508243570167004E+002  0.969280992592745E+002  0.104664458987381E+000  0.895335541012619E+000 -0.519295685089021E+001 -0.254121785083502E+002
  0.248635009669306E-006  0.507636342816340E+002  0.909148077572595E+002  0.274713708073991E+000  0.725286291926009E+000 -0.519295685089021E+001 -0.253818171408170E+002
  0.275507964349120E-006  0.505583732008104E+002  0.421998782788170E+002  0.506233836915305E+000  0.493766163084695E+000 -0.519295685089021E+001 -0.252791866004052E+002
  0.279096481450111E-006  0.505324912071942E+002  0.934090036484327E+002  0.243818531049602E+000  0.756181468950398E+000 -0.519295685089021E+001 -0.252662456035971E+002
  0.300862131826315E-006  0.503823020225376E+002  0.409704657945163E+002  0.132534966934793E+001 -0.325349669347927E+000 -0.519295685089021E+001 -0.251911510112688E+002
  0.303847796779286E-006  0.503625524594957E+002  0.479909226182238E+002  0.106822394788461E+001 -0.682239478846063E-001 -0.519295685089021E+001 -0.251812762297478E+002
  0.340907608745532E-006  0.501323832776234E+002  0.501942994447934E+002  0.996367550146540E+000  0.363244985346012E-002 -0.519295685089021E+001 -0.250661916388117E+002
  0.368744016906195E-006  0.499754009102106E+002  0.626045802540402E+002  0.686664415381952E+000  0.313335584618048E+000 -0.519295685089021E+001 -0.249877004551053E+002
  0.373950673236367E-006  0.499473584766291E+002  0.480814888087128E+002  0.106118401280645E+001 -0.611840128064494E-001 -0.519295685089021E+001 -0.249736792383146E+002
  0.421369266745753E-006  0.497085871397772E+002  0.943784602755745E+002  0.228423837328773E+000  0.771576162671227E+000 -0.519295685089021E+001 -0.248542935698886E+002
  0.551753955533539E-006  0.491694018462178E+002  0.475120755365899E+002  0.107191375421511E+001 -0.719137542151060E-001 -0.519295685089021E+001 -0.245847009231089E+002
  0.662229060630048E-006  0.488043832563278E+002  0.408262847848272E+002  0.587242406961464E+000  0.412757593038536E+000 -0.519295685089021E+001 -0.244021916281639E+002
  0.688011392270878E-006  0.487279954819181E+002  0.950517815240740E+002  0.215256459767956E+000  0.784743540232044E+000 -0.519295685089021E+001 -0.243639977409590E+002
  0.734805876321487E-006  0.485963935736165E+002  0.909844570120531E+002  0.266410735132847E+000  0.733589264867153E+000 -0.519295685089021E+001 -0.242981967868082E+002
  0.762217010162596E-006  0.485231436638146E+002  0.554774445761566E+002  0.838460405204396E+000  0.161539594795604E+000 -0.519295685089021E+001 -0.242615718319073E+002
  0.908962942951157E-006  0.481709976215449E+002  0.461650007043178E+002  0.110539603868170E+001 -0.105396038681703E+000 -0.519295685089021E+001 -0.240854988107725E+002
  0.951197109777188E-006  0.480801636608366E+002  0.938166432207364E+002  0.100149688875403E+000  0.899850311124597E+000 -0.519295685089021E+001 -0.240400818304183E+002
  0.983216281783177E-006  0.480139480383656E+002  0.560119099240137E+002  0.821867527955122E+000  0.178132472044878E+000 -0.519295685089021E+001 -0.240069740191828E+002
  0.119601412515227E-005  0.476221067850394E+002  0.824423204617174E+002  0.366720462832525E+000  0.633279537167475E+000 -0.519295685089021E+001 -0.238110533925197E+002
  0.188277627094917E-005  0.467146008618120E+002  0.514646264743445E+002  0.284424389292329E+000  0.715575610707671E+000 -0.519295685089021E+001 -0.233573004309060E+002
  0.251204969182641E-005  0.461378976562362E+002  0.404524603375267E+002  0.644211962408572E+000  0.355788037591428E+000 -0.519295685089021E+001 -0.230689488281181E+002
  0.301420509281886E-005  0.457734234273912E+002  0.560608601444851E+002  0.222094737872056E+000  0.777905262127944E+000 -0.519295685089021E+001 -0.228867117136956E+002
  0.310194013879666E-005  0.457160401827076E+002  0.647161609251669E+002  0.624905668454103E+000  0.375094331545897E+000 -0.519295685089021E+001 -0.228580200913538E+002
  0.320866674717989E-005  0.456483847020023E+002  0.675940978878647E+002  0.573826347257431E+000  0.426173652742569E+000 -0.519295685089021E+001 -0.228241923510012E+002
  0.327932861960796E-005  0.456048182920119E+002  0.741478230763415E+002  0.470996696586170E+000  0.529003303413830E+000 -0.519295685089021E+001 -0.228024091460060E+002
  0.391138029207982E-005  0.452523150614548E+002  0.810433350367591E+002  0.969710506729388E-001  0.903028949327061E+000 -0.519295685089021E+001 -0.226261575307274E+002
  0.418984957030308E-005  0.451147660541850E+002  0.731149795058307E+002  0.112640864935324E+000  0.887359135064676E+000 -0.519295685089021E+001 -0.225573830270925E+002
  0.429432527626089E-005  0.450655068207544E+002  0.401983036758223E+002  0.677152773898288E+000  0.322847226101712E+000 -0.519295685089021E+001 -0.225327534103772E+002
  0.446145057160050E-005  0.449891478097688E+002  0.748106749252819E+002  0.108292021438967E+000  0.891707978561033E+000 -0.519295685089021E+001 -0.224945739048844E+002
  0.461127631169622E-005  0.449230863648296E+002  0.874321748890990E+002  0.967083432277430E-001  0.903291656772257E+000 -0.519295685089021E+001 -0.224615431824148E+002
  0.462235345127891E-005  0.449182877557535E+002  0.759850029758332E+002  0.442296981357023E+000  0.557703018642977E+000 -0.519295685089021E+001 -0.224591438778767E+002
  0.473977779568954E-005  0.448681152044895E+002  0.528425155695250E+002  0.270731494757662E+000  0.729268505242338E+000 -0.519295685089021E+001 -0.224340576022448E+002
  0.761633367685008E-005  0.439195054983309E+002  0.430718056550858E+002  0.114466962346547E+001 -0.144669623465471E+000 -0.519295685089021E+001 -0.219597527491655E+002
  0.843123554882877E-005  0.437162090626700E+002  0.918956490900774E+002  0.235565099110951E+000  0.764434900889049E+000 -0.519295685089021E+001 -0.218581045313350E+002
  0.909435091511012E-005  0.435647888322114E+002  0.738378648112657E+002  0.114214543251237E+000  0.885785456748763E+000 -0.519295685089021E+001 -0.217823944161057E+002
  0.106282778525145E-004  0.432530593746147E+002  0.635951088002832E+002  0.162149750891171E+000  0.837850249108829E+000 -0.519295685089021E+001 -0.216265296873074E+002
  0.107533667219715E-004  0.432296579386504E+002  0.475903362078061E+002  0.390899949689588E+000  0.609100050310412E+000 -0.519295685089021E+001 -0.216148289693252E+002
  0.128764812850210E-004  0.428692907342215E+002  0.555686833681646E+002  0.796470058592408E+000  0.203529941407592E+000 -0.519295685089021E+001 -0.214346453671107E+002
  0.142033767802388E-004  0.426731362410884E+002  0.459007363340803E+002  0.104484977933284E+001 -0.448497793328413E-001 -0.519295685089021E+001 -0.213365681205442E+002
  0.151570353235748E-004  0.425431661126946E+002  0.873806824896884E+002  0.287931712306090E+000  0.712068287693910E+000 -0.519295685089021E+001 -0.212715830563473E+002
  0.194444943735028E-004  0.420449677878845E+002  0.407861582278316E+002  0.116147255846175E+001 -0.161472558461752E+000 -0.519295685089021E+001 -0.210224838939423E+002
  0.238137450467871E-004  0.416395698427139E+002  0.946651716586764E+002  0.140260957236993E+000  0.859739042763007E+000 -0.519295685089021E+001 -0.208197849213569E+002
  0.238929918874880E-004  0.416329253376663E+002  0.461135650767117E+002  0.102474627991387E+001 -0.247462799138725E-001 -0.519295685089021E+001 -0.208164626688332E+002
  0.251701549364569E-004  0.415287777871559E+002  0.642164717527284E+002  0.612640852816620E+000  0.387359147183380E+000 -0.519295685089021E+001 -0.207643888935779E+002
  0.253668101749340E-004  0.415132124495335E+002  0.498852516342276E+002  0.923756348075920E+000  0.762436519240799E-001 -0.519295685089021E+001 -0.207566062247667E+002
  0.260718595580079E-004  0.414583826069674E+002  0.543963802946902E+002  0.812760574815978E+000  0.187239425184022E+000 -0.519295685089021E+001 -0.207291913034837E+002
  0.269477929593583E-004  0.413922929164125E+002  0.630702345790284E+002  0.171795452431945E+000  0.828204547568055E+000 -0.519295685089021E+001 -0.206961464582063E+002
  0.304569186635542E-004  0.411474693520997E+002  0.942330785647911E+002  0.137624607360306E+000  0.862375392639694E+000 -0.519295685089021E+001 -0.205737346760498E+002
  0.422006135067428E-004  0.404952261985913E+002  0.495904270707641E+002  0.920404085480037E+000  0.795959145199632E-001 -0.519295685089021E+001 -0.202476130992956E+002
  0.477503144271586E-004  0.402481244130788E+002  0.909247233499395E+002  0.232151515317294E+000  0.767848484682706E+000 -0.519295685089021E+001 -0.201240622065394E+002
  0.550690169544467E-004  0.399629212120552E+002  0.559962083103888E+002  0.765244056273494E+000  0.234755943726506E+000 -0.519295685089021E+001 -0.199814606060276E+002
  0.596678842822720E-004  0.398025078687531E+002  0.419722395458116E+002  0.663726279337696E+000  0.336273720662304E+000 -0.519295685089021E+001 -0.199012539343765E+002
  0.642891845432021E-004  0.396533128885423E+002  0.402415963920770E+002  0.108577309105789E+001 -0.857730910578911E-001 -0.519295685089021E+001 -0.198266564442712E+002
  0.645487506451193E-004  0.396452541920808E+002  0.471812678902852E+002  0.433506010656680E+000  0.566493989343320E+000 -0.519295685089021E+001 -0.198226270960404E+002
  0.782904949796097E-004  0.392592433100409E+002  0.464929232411006E+002  0.460046734241551E+000  0.539953265758449E+000 -0.519295685089021E+001 -0.196296216550204E+002
  0.792823891855940E-004  0.392340636653889E+002  0.433686469226692E+002  0.104915041854200E+001 -0.491504185420037E-001 -0.519295685089021E+001 -0.196170318326944E+002
  0.799236659000457E-004  0.392179517107958E+002  0.416468676494550E+002  0.698928769312112E+000  0.301071230687888E+000 -0.519295685089021E+001 -0.196089758553979E+002
  0.809706002241558E-004  0.391919234594311E+002  0.403189388731957E+002  0.106594075106345E+001 -0.659407510634542E-001 -0.519295685089021E+001 -0.195959617297156E+002
  0.824188478011067E-004  0.391564674241932E+002  0.847199232191081E+002  0.307409976872193E+000  0.692590023127807E+000 -0.519295685089021E+001 -0.195782337120966E+002
  0.861682326168596E-004  0.390674925593759E+002  0.756775830816598E+002  0.120708455790533E+000  0.879291544209467E+000 -0.519295685089021E+001 -0.195337462796880E+002
  0.872855689468255E-004  0.390417254265703E+002  0.767841968574310E+002  0.408322211127805E+000  0.591677788872195E+000 -0.519295685089021E+001 -0.195208627132852E+002
  0.889901501098841E-004  0.390030443352432E+002  0.425506792744208E+002  0.643597447894229E+000  0.356402552105771E+000 -0.519295685089021E+001 -0.195015221676216E+002
  0.926909016524124E-004  0.389082659922694E+002  0.639227186669490E+002  0.603634667836916E+000  0.396365332163084E+000 -0.519295685089021E+001 -0.194541329961347E+002
  0.932094586231482E-004  0.388838191379084E+002  0.753837940514807E+002  0.426624082116669E+000  0.573375917883331E+000 -0.519295685089021E+001 -0.194419095689542E+002
  0.928476045735843E-004  0.388783094831377E+002  0.402093153729684E+002  0.104559279588583E+001 -0.455927958858269E-001 -0.519295685089021E+001 -0.194391547415689E+002
  0.951965524037794E-004  0.388150519210724E+002  0.401240977605828E+002  0.103735843785820E+001 -0.373584378581995E-001 -0.519295685089021E+001 -0.194075259605362E+002
  0.973264310785904E-004  0.387575090944070E+002  0.401456900412455E+002  0.860091584396359E+000  0.139908415603641E+000 -0.519295685089021E+001 -0.193787545472035E+002
  0.101672876270024E-003  0.386568400757089E+002  0.437010529754342E+002  0.103095674357470E+001 -0.309567435747007E-001 -0.519295685089021E+001 -0.193284200378545E+002
  0.103548624661781E-003  0.386069895067959E+002  0.408340083721525E+002  0.104901237864334E+001 -0.490123786433427E-001 -0.519295685089021E+001 -0.193034947533979E+002
  0.108772329383482E-003  0.384952690800018E+002  0.421589997529466E+002  0.104773464980648E+001 -0.477346498064846E-001 -0.519295685089021E+001 -0.192476345400009E+002
  0.117617468583913E-003  0.383256188140499E+002  0.788128202763688E+002  0.116590077960300E+000  0.883409922039700E+000 -0.519295685089021E+001 -0.191628094070250E+002
  0.126417494357668E-003  0.381680251085112E+002  0.401096190733372E+002  0.956578829493983E+000  0.434211705060173E-001 -0.519295685089021E+001 -0.190840125542556E+002
  0.135989302714579E-003  0.380087633245381E+002  0.671293251065598E+002  0.156679756883874E+000  0.843320243116126E+000 -0.519295685089021E+001 -0.190043816622690E+002
  0.141301280151805E-003  0.379188379924367E+002  0.504351707168787E+002  0.359516221760254E+000  0.640483778239746E+000 -0.519295685089021E+001 -0.189594189962183E+002
  0.149052018280514E-003  0.377987468839369E+002  0.501903183355420E+002  0.876131382895316E+000  0.123868617104684E+000 -0.519295685089021E+001 -0.188993734419685E+002
  0.159314590875103E-003  0.376522869076634E+002  0.817166905955674E+002  0.338828119009615E+000  0.661171880990385E+000 -0.519295685089021E+001 -0.188261434538317E+002
  0.168776072639053E-003  0.375236137903612E+002  0.927018975310610E+002  0.153240608187454E+000  0.846759391812546E+000 -0.519295685089021E+001 -0.187618068951806E+002
  0.174863414676074E-003  0.374394599863769E+002  0.410700637214601E+002  0.812347058766403E+000  0.187652941233597E+000 -0.519295685089021E+001 -0.187197299931885E+002
  0.180453141677492E-003  0.373632389818271E+002  0.421582488942295E+002  0.709569245543950E+000  0.290430754456050E+000 -0.519295685089021E+001 -0.186816194909135E+002
  0.191339221251683E-003  0.372327964181999E+002  0.545609990898329E+002  0.283549249436631E+000  0.716450750563369E+000 -0.519295685089021E+001 -0.186163982091000E+002
  0.203162727625760E-003  0.370995885496215E+002  0.792344108972866E+002  0.368144826959592E+000  0.631855173040408E+000 -0.519295685089021E+001 -0.185497942748108E+002
  0.218380847899748E-003  0.369418329133485E+002  0.410886540504824E+002  0.961195524975579E+000  0.388044750244213E-001 -0.519295685089021E+001 -0.184709164566742E+002
  0.252114310614096E-003  0.366412597260129E+002  0.509477697389858E+002  0.357283478543839E+000  0.642716521456161E+000 -0.519295685089021E+001 -0.183206298630065E+002
  0.253487589033740E-003  0.366171061102195E+002  0.442312928606075E+002  0.592521363675333E+000  0.407478636324667E+000 -0.519295685089021E+001 -0.183085530551097E+002
  0.291317262043493E-003  0.363256209098433E+002  0.443779356827497E+002  0.589983767987127E+000  0.410016232012873E+000 -0.519295685089021E+001 -0.181628104549217E+002
  0.316158742385521E-003  0.361486687925707E+002  0.464373631552091E+002  0.933530619642477E+000  0.664693803575234E-001 -0.519295685089021E+001 -0.180743343962854E+002
  0.337076622646897E-003  0.360072480378530E+002  0.575521703880297E+002  0.703176095437373E+000  0.296823904562627E+000 -0.519295685089021E+001 -0.180036240189265E+002
  0.356176274168663E-003  0.358837279743144E+002  0.415733244409394E+002  0.865797732992358E+000  0.134202267007642E+000 -0.519295685089021E+001 -0.179418639871572E+002
  0.380720177127669E-003  0.357371610856913E+002  0.454455853705014E+002  0.546638054759288E+000  0.453361945240712E+000 -0.519295685089021E+001 -0.178685805428457E+002
  0.401382039136452E-003  0.356181739447440E+002  0.417361316475177E+002  0.879095335505074E+000  0.120904664494926E+000 -0.519295685089021E+001 -0.178090869723720E+002
  0.407189388471484E-003  0.355761554286282E+002  0.529024776486553E+002  0.793465327508472E+000  0.206534672491528E+000 -0.519295685089021E+001 -0.177880777143141E+002
  0.416898455005274E-003  0.355157377955570E+002  0.469957297154451E+002  0.912618181009214E+000  0.873818189907861E-001 -0.519295685089021E+001 -0.177578688977785E+002
  0.450220128758423E-003  0.353486607917034E+002  0.725639646196503E+002  0.450151429553532E+000  0.549848570446468E+000 -0.519295685089021E+001 -0.176743303958517E+002
  0.469873097498555E-003  0.352499196767702E+002  0.483821861941385E+002  0.882317914171660E+000  0.117682085828340E+000 -0.519295685089021E+001 -0.176249598383851E+002
  0.486217032936345E-003  0.351682457090892E+002  0.425901465903005E+002  0.927541160618646E+000  0.724588393813541E-001 -0.519295685089021E+001 -0.175841228545446E+002
  0.531481106910636E-003  0.349769315109118E+002  0.421893172814561E+002  0.831485344960716E+000  0.168514655039284E+000 -0.519295685089021E+001 -0.174884657554559E+002
  0.539400250425386E-003  0.349340619763618E+002  0.501042433333205E+002  0.392367059416393E+000  0.607632940583607E+000 -0.519295685089021E+001 -0.174670309881809E+002
  0.587067188136547E-003  0.347514100939155E+002  0.896108064857348E+002  0.139368595050249E+000  0.860631404949751E+000 -0.519295685089021E+001 -0.173757050469578E+002
  0.639098852734202E-003  0.345682812723765E+002  0.440610973259546E+002  0.925119852598987E+000  0.748801474010126E-001 -0.519295685089021E+001 -0.172841406361882E+002
  0.641114301186851E-003  0.345486949539775E+002  0.526436637716880E+002  0.335836157433484E+000  0.664163842566516E+000 -0.519295685089021E+001 -0.172743474769887E+002
  0.647506766584718E-003  0.345155628968707E+002  0.450924788877467E+002  0.585959253094389E+000  0.414040746905611E+000 -0.519295685089021E+001 -0.172577814484353E+002
  0.647428301596763E-003  0.345025161864836E+002  0.502422577497303E+002  0.835660695104275E+000  0.164339304895725E+000 -0.519295685089021E+001 -0.172512580932418E+002
  0.670646220781316E-003  0.344187597013334E+002  0.500206185965950E+002  0.399374397196285E+000  0.600625602803715E+000 -0.519295685089021E+001 -0.172093798506667E+002
  0.681575864018443E-003  0.343731390000105E+002  0.503448926776936E+002  0.832005873071772E+000  0.167994126928228E+000 -0.519295685089021E+001 -0.171865695000052E+002
  0.753666433937837E-003  0.341587652931785E+002  0.739852623180117E+002  0.424779802551261E+000  0.575220197448739E+000 -0.519295685089021E+001 -0.170793826465893E+002
  0.807907152593622E-003  0.340064816738459E+002  0.824588360780023E+002  0.126433121448078E+000  0.873566878551922E+000 -0.519295685089021E+001 -0.170032408369230E+002
  0.853566110068853E-003  0.338832408782460E+002  0.478608939481321E+002  0.870481543363056E+000  0.129518456636944E+000 -0.519295685089021E+001 -0.169416204391230E+002
  0.924143066399101E-003  0.337110639996524E+002  0.431343631990499E+002  0.857264344242175E+000  0.142735655757825E+000 -0.519295685089021E+001 -0.168555319998262E+002
  0.114319539511164E-002  0.332723435039807E+002  0.457896161733177E+002  0.573390703959229E+000  0.426609296040771E+000 -0.519295685089021E+001 -0.166361717519903E+002
  0.116138887391199E-002  0.332274758696230E+002  0.674184282926849E+002  0.514967805153146E+000  0.485032194846854E+000 -0.519295685089021E+001 -0.166137379348115E+002
  0.124338229408413E-002  0.330777493265545E+002  0.815889791077990E+002  0.129772997376834E+000  0.870227002623166E+000 -0.519295685089021E+001 -0.165388746632773E+002
  0.124581055523894E-002  0.330605581538590E+002  0.436304960937701E+002  0.844444341252985E+000  0.155555658747015E+000 -0.519295685089021E+001 -0.165302790769295E+002
  0.125489308088725E-002  0.330327410524596E+002  0.554274512175016E+002  0.719119186154733E+000  0.280880813845267E+000 -0.519295685089021E+001 -0.165163705262298E+002
  0.128205177986502E-002  0.329766292207207E+002  0.525387063167561E+002  0.773160218606137E+000  0.226839781393863E+000 -0.519295685089021E+001 -0.164883146103604E+002
  0.129144029677932E-002  0.329487474211255E+002  0.817885334952401E+002  0.130171649577544E+000  0.869828350422456E+000 -0.519295685089021E+001 -0.164743737105628E+002
  0.132374198302112E-002  0.328860494217291E+002  0.471730201507497E+002  0.514500257087911E+000  0.485499742912089E+000 -0.519295685089021E+001 -0.164430247108646E+002
  0.168481251802115E-002  0.323903768749059E+002  0.874734964826013E+002  0.141728786790896E+000  0.858271213209103E+000 -0.519295685089021E+001 -0.161951884374530E+002
  0.180186979527898E-002  0.322427465723506E+002  0.569060768046311E+002  0.684742524102729E+000  0.315257475897271E+000 -0.519295685089021E+001 -0.161213732861753E+002
  0.189954085543096E-002  0.321238828848548E+002  0.893675180903959E+002  0.196634312041701E+000  0.803365687958299E+000 -0.519295685089021E+001 -0.160619414424274E+002
  0.190663817517541E-002  0.321031350562387E+002  0.750270218156349E+002  0.400809118888254E+000  0.599190881111746E+000 -0.519295685089021E+001 -0.160515675281193E+002
  0.189565703802895E-002  0.321013981171351E+002  0.890588423329365E+002  0.204638815500392E+000  0.795361184499608E+000 -0.519295685089021E+001 -0.160506990585676E+002
  0.192398294980442E-002  0.320584450516958E+002  0.843262236997018E+002  0.279481374983519E+000  0.720518625016481E+000 -0.519295685089021E+001 -0.160292225258479E+002
  0.191649460677008E-002  0.320529553635095E+002  0.653954785135546E+002  0.539478827271616E+000  0.460521172728384E+000 -0.519295685089021E+001 -0.160264776817548E+002
  0.210166658428527E-002  0.318552005784323E+002  0.555150184927699E+002  0.706434650412347E+000  0.293565349587653E+000 -0.519295685089021E+001 -0.159276002892162E+002
  0.215528544015667E-002  0.317915264368694E+002  0.806270428027881E+002  0.134748538613781E+000  0.865251461386219E+000 -0.519295685089021E+001 -0.158957632184347E+002
  0.222397446005933E-002  0.317154919055867E+002  0.886986863228950E+002  0.208468967868635E+000  0.791531032131365E+000 -0.519295685089021E+001 -0.158577459527933E+002
  0.226274013520813E-002  0.316676415490849E+002  0.477643447085022E+002  0.831381003268337E+000  0.168618996731663E+000 -0.519295685089021E+001 -0.158338207745424E+002
  0.235929440700717E-002  0.315707803312795E+002  0.870192504359132E+002  0.237976477155808E+000  0.762023522844192E+000 -0.519295685089021E+001 -0.157853901656398E+002
  0.235801187913824E-002  0.315585787545370E+002  0.818253630365346E+002  0.309678172506579E+000  0.690321827493421E+000 -0.519295685089021E+001 -0.157792893772685E+002
  0.244364941224269E-002  0.314739421835620E+002  0.482274915789735E+002  0.822489131898374E+000  0.177510868101626E+000 -0.519295685089021E+001 -0.157369710917810E+002
  0.245142932083705E-002  0.314542957620578E+002  0.852058096185599E+002  0.139043060989264E+000  0.860956939010736E+000 -0.519295685089021E+001 -0.157271478810289E+002
  0.249661921683994E-002  0.314044741712162E+002  0.446178843251254E+002  0.751018950685610E+000  0.248981049314390E+000 -0.519295685089021E+001 -0.157022370856081E+002
  0.252325912691921E-002  0.313699573520802E+002  0.839024216998854E+002  0.281390643044519E+000  0.718609356955481E+000 -0.519295685089021E+001 -0.156849786760401E+002
  0.252173742720677E-002  0.313578747687622E+002  0.484000098948165E+002  0.487801793772208E+000  0.512198206227792E+000 -0.519295685089021E+001 -0.156789373843811E+002
  0.251819882849956E-002  0.313473941309790E+002  0.490443620149313E+002  0.809949849649604E+000  0.190050150350396E+000 -0.519295685089021E+001 -0.156736970654895E+002
  0.256993982297457E-002  0.312934278693896E+002  0.459804954914282E+002  0.609383988123259E+000  0.390616011876741E+000 -0.519295685089021E+001 -0.156467139346948E+002
  0.262225606081600E-002  0.312398336725271E+002  0.503434766706385E+002  0.422807130573647E+000  0.577192869426353E+000 -0.519295685089021E+001 -0.156199168362636E+002
  0.264767639500281E-002  0.312072498188476E+002  0.449918630777392E+002  0.698773819945631E+000  0.301226180054369E+000 -0.519295685089021E+001 -0.156036249094238E+002
  0.273429747033931E-002  0.311295765070588E+002  0.468160459127105E+002  0.825482844494347E+000  0.174517155505653E+000 -0.519295685089021E+001 -0.155647882535294E+002
  0.271897773276113E-002  0.311275245422941E+002  0.595724902518349E+002  0.628652383779618E+000  0.371347616220382E+000 -0.519295685089021E+001 -0.155637622711470E+002
  0.305850828869903E-002  0.308788927895980E+002  0.450877832542336E+002  0.776807550460678E+000  0.223192449539322E+000 -0.519295685089021E+001 -0.154394463947990E+002
  0.328802247029661E-002  0.307208857012567E+002  0.829976146291167E+002  0.139047041401594E+000  0.860952958598406E+000 -0.519295685089021E+001 -0.153604428506284E+002
  0.330097897560308E-002  0.306997310707213E+002  0.499303225530170E+002  0.442182619804390E+000  0.557817380195610E+000 -0.519295685089021E+001 -0.153498655353607E+002
  0.329137346362086E-002  0.306922702651695E+002  0.809185409826288E+002  0.316976716687839E+000  0.683023283312161E+000 -0.519295685089021E+001 -0.153461351325847E+002
  0.363458026071740E-002  0.304806038019224E+002  0.487390647281729E+002  0.487925524759499E+000  0.512074475240501E+000 -0.519295685089021E+001 -0.152403019009612E+002
  0.373204500570662E-002  0.304143892972736E+002  0.595814434173490E+002  0.622849575043714E+000  0.377150424956286E+000 -0.519295685089021E+001 -0.152071946486368E+002
  0.389327375667525E-002  0.303165121236927E+002  0.758671889123890E+002  0.380714125304220E+000  0.619285874695780E+000 -0.519295685089021E+001 -0.151582560618464E+002
  0.401859922458720E-002  0.302398570304128E+002  0.866023543527416E+002  0.234614171720484E+000  0.765385828279516E+000 -0.519295685089021E+001 -0.151199285152064E+002
  0.400967309488794E-002  0.302310152945532E+002  0.457598327447523E+002  0.670277240790645E+000  0.329722759209355E+000 -0.519295685089021E+001 -0.151155076472766E+002
  0.408444111905304E-002  0.301807758281810E+002  0.812784874963064E+002  0.140674566116151E+000  0.859325433883849E+000 -0.519295685089021E+001 -0.150903879140905E+002
  0.415271094166574E-002  0.301343338348645E+002  0.543473376946561E+002  0.334905861844087E+000  0.665094138155913E+000 -0.519295685089021E+001 -0.150671669174322E+002
  0.426238860357545E-002  0.300689080528690E+002  0.544771156102661E+002  0.332841872028809E+000  0.667158127971191E+000 -0.519295685089021E+001 -0.150344540264345E+002
  0.427444210857732E-002  0.300499711979405E+002  0.456790388033896E+002  0.697062254931579E+000  0.302937745068421E+000 -0.519295685089021E+001 -0.150249855989703E+002
  0.427171673609726E-002  0.300379577136812E+002  0.458107157475157E+002  0.677424991428440E+000  0.322575008571560E+000 -0.519295685089021E+001 -0.150189788568406E+002
  0.435013393594534E-002  0.299882869439780E+002  0.463046842042716E+002  0.630264603673721E+000  0.369735396326279E+000 -0.519295685089021E+001 -0.149941434719890E+002
  0.507524888678109E-002  0.296666599966276E+002  0.605917249884513E+002  0.243287885028837E+000  0.756712114971163E+000 -0.519295685089021E+001 -0.148333299983138E+002
  0.525440965694648E-002  0.295839867246769E+002  0.705382519439562E+002  0.168449804903660E+000  0.831550195096340E+000 -0.519295685089021E+001 -0.147919933623384E+002
  0.571335991403001E-002  0.294032184028881E+002  0.567037880007924E+002  0.662203857510739E+000  0.337796142489261E+000 -0.519295685089021E+001 -0.147016092014440E+002
  0.579341802708266E-002  0.293620989707538E+002  0.594761625959559E+002  0.616003767213584E+000  0.383996232786416E+000 -0.519295685089021E+001 -0.146810494853769E+002
  0.594560441568486E-002  0.292969504000331E+002  0.860140182900938E+002  0.154412099652342E+000  0.845587900347658E+000 -0.519295685089021E+001 -0.146484752000166E+002
  0.804023326578579E-002  0.286800495084972E+002  0.570566165373519E+002  0.297143765929757E+000  0.702856234070243E+000 -0.519295685089021E+001 -0.143400247542486E+002
  0.917386645675525E-002  0.284029589361939E+002  0.868254490109772E+002  0.170825416863743E+000  0.829174583136257E+000 -0.519295685089021E+001 -0.142014794680970E+002
  0.938193929778584E-002  0.283448145498505E+002  0.564808909193982E+002  0.655254789309168E+000  0.344745210690832E+000 -0.519295685089021E+001 -0.141724072749252E+002
  0.945433474651421E-002  0.283161517647036E+002  0.627934329923265E+002  0.227406571707087E+000  0.772593428292913E+000 -0.519295685089021E+001 -0.141580758823518E+002
  0.944116347265918E-002  0.283056509150323E+002  0.481545371753872E+002  0.747050858743639E+000  0.252949141256361E+000 -0.519295685089021E+001 -0.141528254575162E+002
  0.987748242561481E-002  0.282020049450301E+002  0.836888607374138E+002  0.264844777959435E+000  0.735155222040565E+000 -0.519295685089021E+001 -0.141010024725150E+002
  0.101429947859759E-001  0.281356645910436E+002  0.780101413630450E+002  0.341078724425910E+000  0.658921275574090E+000 -0.519295685089021E+001 -0.140678322955218E+002
  0.100760928432724E-001  0.281356109567978E+002  0.535552582991371E+002  0.697839833623616E+000  0.302160166376384E+000 -0.519295685089021E+001 -0.140678054783989E+002
  0.100740513579106E-001  0.281227271261017E+002  0.582904242098222E+002  0.282098420738270E+000  0.717901579261730E+000 -0.519295685089021E+001 -0.140613635630509E+002
  0.105734954607582E-001  0.280126630482237E+002  0.552029586901839E+002  0.335413626253645E+000  0.664586373746355E+000 -0.519295685089021E+001 -0.140063315241118E+002
  0.106288166980488E-001  0.279889371080851E+002  0.581559478905635E+002  0.625151894298401E+000  0.374848105701599E+000 -0.519295685089021E+001 -0.139944685540426E+002
  0.115509891585565E-001  0.278092436110729E+002  0.504607114852824E+002  0.464772977718451E+000  0.535227022281549E+000 -0.519295685089021E+001 -0.139046218055365E+002
  0.120716523823682E-001  0.277077768237298E+002  0.513962521676468E+002  0.719277972536452E+000  0.280722027463548E+000 -0.519295685089021E+001 -0.138538884118649E+002
  0.129772861943133E-001  0.275498063627115E+002  0.606479921785639E+002  0.582227097912105E+000  0.417772902087895E+000 -0.519295685089021E+001 -0.137749031813557E+002
  0.131144286681104E-001  0.275154924059691E+002  0.849648775476160E+002  0.239130788153257E+000  0.760869211846743E+000 -0.519295685089021E+001 -0.137577462029845E+002
  0.130861073107009E-001  0.275065271051235E+002  0.833112554032205E+002  0.155572493753654E+000  0.844427506246346E+000 -0.519295685089021E+001 -0.137532635525617E+002
  0.140837593268170E-001  0.273462957078835E+002  0.592229193834769E+002  0.602516649247844E+000  0.397483350752156E+000 -0.519295685089021E+001 -0.136731478539417E+002
  0.156400196264353E-001  0.271233852679103E+002  0.855958685516578E+002  0.171125829487421E+000  0.828874170512579E+000 -0.519295685089021E+001 -0.135616926339551E+002
  0.163156210892775E-001  0.270255161666303E+002  0.479501760100428E+002  0.663427972674596E+000  0.336572027325404E+000 -0.519295685089021E+001 -0.135127580833151E+002
  0.180449180672674E-001  0.268107448818084E+002  0.712566396663995E+002  0.176565403288263E+000  0.823434596711737E+000 -0.519295685089021E+001 -0.134053724409042E+002
  0.194352730798016E-001  0.266490047613368E+002  0.515130626160038E+002  0.445897452180988E+000  0.554102547819012E+000 -0.519295685089021E+001 -0.133245023806684E+002
  0.213596090896328E-001  0.264468914804133E+002  0.641965202427229E+002  0.224233503141296E+000  0.775766496858704E+000 -0.519295685089021E+001 -0.132234457402066E+002
  0.213788381767051E-001  0.264318026956794E+002  0.486555516304724E+002  0.599042987199405E+000  0.400957012800595E+000 -0.519295685089021E+001 -0.132159013478397E+002
  0.221176298342968E-001  0.263505666941636E+002  0.534359823946625E+002  0.674438776005255E+000  0.325561223994745E+000 -0.519295685089021E+001 -0.131752833470818E+002
  0.221716226301788E-001  0.263324012272454E+002  0.852909064929966E+002  0.178073127392487E+000  0.821926872607513E+000 -0.519295685089021E+001 -0.131662006136227E+002
  0.228246733962102E-001  0.262610543297371E+002  0.517614284130438E+002  0.689703463984177E+000  0.310296536015823E+000 -0.519295685089021E+001 -0.131305271648686E+002
  0.231987842324482E-001  0.262152497319306E+002  0.775406591746608E+002  0.336046215726197E+000  0.663953784273803E+000 -0.519295685089021E+001 -0.131076248659653E+002
  0.266982358733374E-001  0.259209654114166E+002  0.713464155613742E+002  0.180136039021877E+000  0.819863960978123E+000 -0.519295685089021E+001 -0.129604827057083E+002
  0.267637426381005E-001  0.259027751383039E+002  0.683886436199142E+002  0.195808335516905E+000  0.804191664483095E+000 -0.519295685089021E+001 -0.129513875691519E+002
  0.295805730889641E-001  0.256893465600707E+002  0.554730713777523E+002  0.351295312463251E+000  0.648704687536749E+000 -0.519295685089021E+001 -0.128446732800354E+002
  0.298776274797632E-001  0.256560732262364E+002  0.568531967048931E+002  0.324335224023381E+000  0.675664775976619E+000 -0.519295685089021E+001 -0.128280366131182E+002
  0.307412620176331E-001  0.255857924681093E+002  0.686251126312985E+002  0.195911420199961E+000  0.804088579800039E+000 -0.519295685089021E+001 -0.127928962340547E+002
  0.311111033286585E-001  0.255485854149918E+002  0.663206397047522E+002  0.483023665450156E+000  0.516976334549844E+000 -0.519295685089021E+001 -0.127742927074959E+002
  0.319211307745659E-001  0.254838894864750E+002  0.531183824102685E+002  0.663963123234727E+000  0.336036876765273E+000 -0.519295685089021E+001 -0.127419447432375E+002
  0.321659845319495E-001  0.254553177691000E+002  0.492640042917788E+002  0.616599314804651E+000  0.383400685195349E+000 -0.519295685089021E+001 -0.127276588845500E+002
  0.322760557305311E-001  0.254351964167029E+002  0.626781875449139E+002  0.534264312254526E+000  0.465735687745474E+000 -0.519295685089021E+001 -0.127175982083515E+002
  0.340311731733933E-001  0.253160046994089E+002  0.499365769382913E+002  0.660533493673285E+000  0.339466506326715E+000 -0.519295685089021E+001 -0.126580023497044E+002
  0.340510435977924E-001  0.253015481769576E+002  0.807467848644053E+002  0.164189575485459E+000  0.835810424514541E+000 -0.519295685089021E+001 -0.126507740884788E+002
  0.348055418758766E-001  0.252444272069165E+002  0.509888607899728E+002  0.669386445066229E+000  0.330613554933771E+000 -0.519295685089021E+001 -0.126222136034582E+002
  0.345843521806347E-001  0.252438887069888E+002  0.848866344884590E+002  0.196354858259698E+000  0.803645141740302E+000 -0.519295685089021E+001 -0.126219443534944E+002
  0.352737966697693E-001  0.251911215142132E+002  0.745779145961969E+002  0.171653793666981E+000  0.828346206333019E+000 -0.519295685089021E+001 -0.125955607571066E+002
  0.356181869292524E-001  0.251584004450049E+002  0.503881092039464E+002  0.526264516712727E+000  0.473735483287273E+000 -0.519295685089021E+001 -0.125792002225025E+002
  0.362540209608239E-001  0.251097235155712E+002  0.529594384169083E+002  0.422526562688706E+000  0.577473437311294E+000 -0.519295685089021E+001 -0.125548617577856E+002
  0.360597074083082E-001  0.251071828191093E+002  0.845906586758432E+002  0.188355492979333E+000  0.811644507020667E+000 -0.519295685089021E+001 -0.125535914095547E+002
  0.363342739718793E-001  0.250787229763888E+002  0.498832112459884E+002  0.646140705113319E+000  0.353859294886681E+000 -0.519295685089021E+001 -0.125393614881944E+002
  0.368412949898501E-001  0.250377181306670E+002  0.570511807323424E+002  0.610564973694150E+000  0.389435026305850E+000 -0.519295685089021E+001 -0.125188590653335E+002
  0.367909816608778E-001  0.250271622670770E+002  0.763259885196240E+002  0.344637204297577E+000  0.655362795702423E+000 -0.519295685089021E+001 -0.125135811335385E+002
  0.368773191028023E-001  0.250091852775855E+002  0.543616073848842E+002  0.384639650617594E+000  0.615360349382406E+000 -0.519295685089021E+001 -0.125045926387927E+002
  0.371019792055325E-001  0.249837489672630E+002  0.818830989241500E+002  0.168325493099855E+000  0.831674506900145E+000 -0.519295685089021E+001 -0.124918744836315E+002
  0.378426158431885E-001  0.249309287722372E+002  0.688914908457605E+002  0.197561822743763E+000  0.802438177256237E+000 -0.519295685089021E+001 -0.124654643861186E+002
  0.376529903368728E-001  0.249276866770651E+002  0.507152015150440E+002  0.658036119888854E+000  0.341963880111146E+000 -0.519295685089021E+001 -0.124638433385326E+002
  0.390966282211231E-001  0.248391498860099E+002  0.504016719735395E+002  0.649777529656744E+000  0.350222470343256E+000 -0.519295685089021E+001 -0.124195749430049E+002
  0.390785564553817E-001  0.248267854810137E+002  0.558799484337502E+002  0.623169737309701E+000  0.376830262690299E+000 -0.519295685089021E+001 -0.124133927405068E+002
  0.418502266249716E-001  0.247075393323643E+002  0.657505390235797E+002  0.220531649964379E+000  0.779468350035621E+000 -0.519295685089021E+001 -0.123537696661822E+002
  0.416566373717711E-001  0.247019423664099E+002  0.681999472342087E+002  0.202970113633833E+000  0.797029886366167E+000 -0.519295685089021E+001 -0.123509711832050E+002
  0.416040013817109E-001  0.246896011431972E+002  0.563573086946003E+002  0.615383413198649E+000  0.384616586801351E+000 -0.519295685089021E+001 -0.123448005715986E+002
  0.445407904772331E-001  0.245383130671216E+002  0.542194965819139E+002  0.637632734904894E+000  0.362367265095106E+000 -0.519295685089021E+001 -0.122691565335608E+002
  0.480708405064720E-001  0.243561421804448E+002  0.651184689075703E+002  0.490922778268900E+000  0.509077221731100E+000 -0.519295685089021E+001 -0.121780710902224E+002
  0.493212854363622E-001  0.242900220171743E+002  0.651798213396988E+002  0.227647492751924E+000  0.772352507248076E+000 -0.519295685089021E+001 -0.121450110085871E+002
  0.500251036865935E-001  0.242469233785389E+002  0.526575263902393E+002  0.447072828315100E+000  0.552927171684900E+000 -0.519295685089021E+001 -0.121234616892694E+002
  0.498916575086936E-001  0.242375054610977E+002  0.604375720569239E+002  0.555372104880924E+000  0.444627895119076E+000 -0.519295685089021E+001 -0.121187527305489E+002
  0.509965502712809E-001  0.241789368782809E+002  0.727479010672374E+002  0.386299570293352E+000  0.613700429706648E+000 -0.519295685089021E+001 -0.120894684391404E+002
  0.558707125096968E-001  0.239816120083148E+002  0.664389946391660E+002  0.469766879275440E+000  0.530233120724560E+000 -0.519295685089021E+001 -0.119908060041574E+002
  0.572869819013381E-001  0.239021335343801E+002  0.510045160318066E+002  0.619990222304268E+000  0.380009777695732E+000 -0.519295685089021E+001 -0.119510667671901E+002
  0.600090711924372E-001  0.237946367914456E+002  0.511496316422928E+002  0.618884412476274E+000  0.381115587523726E+000 -0.519295685089021E+001 -0.118973183957228E+002
  0.613925902424608E-001  0.237343978903709E+002  0.717679948278602E+002  0.396251707258743E+000  0.603748292741257E+000 -0.519295685089021E+001 -0.118671989451854E+002
  0.680875266497702E-001  0.235127360375187E+002  0.619595834239575E+002  0.527435304298532E+000  0.472564695701468E+000 -0.519295685089021E+001 -0.117563680187594E+002
  0.700238808535292E-001  0.234419993477243E+002  0.521036654943747E+002  0.621071293001112E+000  0.378928706998888E+000 -0.519295685089021E+001 -0.117209996738621E+002
  0.726292125029564E-001  0.233542855114334E+002  0.519292643750419E+002  0.615933800571639E+000  0.384066199428361E+000 -0.519295685089021E+001 -0.116771427557167E+002
  0.764106899406198E-001  0.232381226510488E+002  0.604635965716988E+002  0.286650739686145E+000  0.713349260313855E+000 -0.519295685089021E+001 -0.116190613255244E+002
  0.767617066470875E-001  0.232143039761319E+002  0.659419233140627E+002  0.470515896087208E+000  0.529484103912792E+000 -0.519295685089021E+001 -0.116071519880659E+002
  0.803318296663329E-001  0.231087318512251E+002  0.535754869564756E+002  0.614853650402372E+000  0.385146349597628E+000 -0.519295685089021E+001 -0.115543659256126E+002
  0.823959452713623E-001  0.230433391689770E+002  0.764891660192666E+002  0.328902475991304E+000  0.671097524008696E+000 -0.519295685089021E+001 -0.115216695844885E+002
  0.835619093182170E-001  0.230005839722690E+002  0.525892164258100E+002  0.610529845045120E+000  0.389470154954880E+000 -0.519295685089021E+001 -0.115002919861345E+002
  0.840470894842234E-001  0.229743530025348E+002  0.515780976735636E+002  0.551067231685837E+000  0.448932768314163E+000 -0.519295685089021E+001 -0.114871765012674E+002
  0.839228550228856E-001  0.229626594155348E+002  0.525012964093770E+002  0.483870433048747E+000  0.516129566951253E+000 -0.519295685089021E+001 -0.114813297077674E+002
  0.853200553169212E-001  0.229149842200074E+002  0.516582316241728E+002  0.546183000435337E+000  0.453816999564663E+000 -0.519295685089021E+001 -0.114574921100037E+002
  0.867024935294442E-001  0.228681859361124E+002  0.626408488880912E+002  0.512139518663622E+000  0.487860481336378E+000 -0.519295685089021E+001 -0.114340929680562E+002
  0.882586354188804E-001  0.228179560579414E+002  0.753629671140335E+002  0.342320507098500E+000  0.657679492901500E+000 -0.519295685089021E+001 -0.114089780289707E+002
  0.889735801968426E-001  0.227871681154696E+002  0.679202575716971E+002  0.215349364050046E+000  0.784650635949954E+000 -0.519295685089021E+001 -0.113935840577348E+002
  0.993396908814849E-001  0.225087815937036E+002  0.535023006058340E+002  0.452273588947980E+000  0.547726411052020E+000 -0.519295685089021E+001 -0.112543907968518E+002
  0.993954447574896E-001  0.224933224402041E+002  0.529700011167336E+002  0.596859333278502E+000  0.403140666721498E+000 -0.519295685089021E+001 -0.112466612201020E+002
  0.110427264692351E+000  0.222684838994013E+002  0.671253935633451E+002  0.224160585229429E+000  0.775839414770571E+000 -0.519295685089021E+001 -0.111342419497007E+002
  0.110841135197296E+000  0.222324301937820E+002  0.708007181116264E+002  0.201667478184099E+000  0.798332521815901E+000 -0.519295685089021E+001 -0.111162150968910E+002
  0.126439465058308E+000  0.219548638685727E+002  0.643754478897281E+002  0.480620458090269E+000  0.519379541909731E+000 -0.519295685089021E+001 -0.109774319342864E+002
  0.129096662293818E+000  0.218990333583851E+002  0.707947747910087E+002  0.203668567460363E+000  0.796331432539637E+000 -0.519295685089021E+001 -0.109495166791926E+002
  0.128227332818968E+000  0.218983118580290E+002  0.558790108207851E+002  0.578338759907303E+000  0.421661240092697E+000 -0.519295685089021E+001 -0.109491559290145E+002
  0.128342127881173E+000  0.218822872306152E+002  0.526466847361227E+002  0.534406649594529E+000  0.465593350405471E+000 -0.519295685089021E+001 -0.109411436153076E+002
  0.133142130652136E+000  0.217804826867830E+002  0.612519773683097E+002  0.519175925964765E+000  0.480824074035235E+000 -0.519295685089021E+001 -0.108902413433915E+002
  0.132394932452606E+000  0.217776040341303E+002  0.532742501572509E+002  0.485440482721083E+000  0.514559517278917E+000 -0.519295685089021E+001 -0.108888020170651E+002
  0.134823898192976E+000  0.217271094980449E+002  0.550183987543721E+002  0.415668707956882E+000  0.584331292043118E+000 -0.519295685089021E+001 -0.108635547490224E+002
  0.136088492645902E+000  0.216943033910151E+002  0.636369849540680E+002  0.487801731019532E+000  0.512198268980468E+000 -0.519295685089021E+001 -0.108471516955076E+002
  0.136143590210196E+000  0.216653243437022E+002  0.564310996401905E+002  0.570085009321065E+000  0.429914990678935E+000 -0.519295685089021E+001 -0.108326621718511E+002
  0.136511334736088E+000  0.216458941775694E+002  0.644894602041645E+002  0.251089073553094E+000  0.748910926446906E+000 -0.519295685089021E+001 -0.108229470887847E+002
  0.135706036564160E+000  0.216436922303655E+002  0.763741822233611E+002  0.319569947637306E+000  0.680430052362694E+000 -0.519295685089021E+001 -0.108218461151828E+002
  0.135524841460238E+000  0.216323292753563E+002  0.575463979774113E+002  0.559712640930491E+000  0.440287359069509E+000 -0.519295685089021E+001 -0.108161646376781E+002
  0.135875367439122E+000  0.216131279413288E+002  0.596646230618292E+002  0.313159104065136E+000  0.686840895934864E+000 -0.519295685089021E+001 -0.108065639706644E+002
  0.135670872882850E+000  0.216021050946858E+002  0.613110824518549E+002  0.288588775611555E+000  0.711411224388445E+000 -0.519295685089021E+001 -0.108010525473429E+002
  0.135734900646986E+000  0.215871263030416E+002  0.535095067255356E+002  0.569199814647916E+000  0.430800185352084E+000 -0.519295685089021E+001 -0.107935631515208E+002
  0.137081124902715E+000  0.215533527984409E+002  0.547372995940002E+002  0.575926376797310E+000  0.424073623202690E+000 -0.519295685089021E+001 -0.107766763992204E+002
  0.140067442385932E+000  0.214962153835384E+002  0.663279642379934E+002  0.450931603291455E+000  0.549068396708545E+000 -0.519295685089021E+001 -0.107481076917692E+002
  0.139895133998828E+000  0.214846421159633E+002  0.754069766391525E+002  0.331467806046198E+000  0.668532193953802E+000 -0.519295685089021E+001 -0.107423210579817E+002
  0.140094603996132E+000  0.214677572943332E+002  0.599705909320197E+002  0.309653766970629E+000  0.690346233029371E+000 -0.519295685089021E+001 -0.107338786471666E+002
  0.144664906143522E+000  0.213755805331517E+002  0.558523051345316E+002  0.397243360770675E+000  0.602756639229325E+000 -0.519295685089021E+001 -0.106877902665759E+002
  0.145209222057779E+000  0.213541321198695E+002  0.537341383753343E+002  0.563014410102654E+000  0.436985589897346E+000 -0.519295685089021E+001 -0.106770660599347E+002
  0.145489747472780E+000  0.213363347675257E+002  0.628099262616902E+002  0.271691026815985E+000  0.728308973184015E+000 -0.519295685089021E+001 -0.106681673837629E+002
  0.150916363105816E+000  0.212353161899598E+002  0.589147891286392E+002  0.539979099798953E+000  0.460020900201047E+000 -0.519295685089021E+001 -0.106176580949799E+002
  0.150655578524180E+000  0.212249343083839E+002  0.544852845962172E+002  0.566333089610305E+000  0.433666910389695E+000 -0.519295685089021E+001 -0.106124671541920E+002
  0.156601433848044E+000  0.211199323740339E+002  0.599686763280180E+002  0.526806557475285E+000  0.473193442524715E+000 -0.519295685089021E+001 -0.105599661870170E+002
  0.157082430051104E+000  0.211000530952440E+002  0.591239472502159E+002  0.327842458844174E+000  0.672157541155826E+000 -0.519295685089021E+001 -0.105500265476220E+002
  0.162753397151671E+000  0.210153764275348E+002  0.539108209790530E+002  0.482291176189376E+000  0.517708823810624E+000 -0.519295685089021E+001 -0.105076882137674E+002
  0.166291316840851E+000  0.209586206355517E+002  0.582298902239698E+002  0.346627923614931E+000  0.653372076385069E+000 -0.519295685089021E+001 -0.104793103177759E+002
  0.166763476692359E+000  0.209392042164484E+002  0.540030180156957E+002  0.480317655483710E+000  0.519682344516290E+000 -0.519295685089021E+001 -0.104696021082242E+002
  0.165733921322695E+000  0.209378442228894E+002  0.649367299285065E+002  0.463788650127641E+000  0.536211349872359E+000 -0.519295685089021E+001 -0.104689221114447E+002
  0.164820138001759E+000  0.209351560886007E+002  0.737846714634079E+002  0.197730359687896E+000  0.802269640312104E+000 -0.519295685089021E+001 -0.104675780443004E+002
  0.167178297198396E+000  0.208793462315683E+002  0.722125894264234E+002  0.369017749781016E+000  0.630982250218984E+000 -0.519295685089021E+001 -0.104396731157841E+002
  0.170524561765548E+000  0.208260573957403E+002  0.551073661823176E+002  0.432558814854769E+000  0.567441185145231E+000 -0.519295685089021E+001 -0.104130286978701E+002
  0.171335695206993E+000  0.208029146289543E+002  0.763437131130220E+002  0.193641745382384E+000  0.806358254617616E+000 -0.519295685089021E+001 -0.104014573144771E+002
  0.181654558026385E+000  0.206722985212913E+002  0.600864719212041E+002  0.315945417860060E+000  0.684054582139940E+000 -0.519295685089021E+001 -0.103361492606456E+002
  0.183726039336494E+000  0.206359688297231E+002  0.717179605962924E+002  0.207327483963865E+000  0.792672516036135E+000 -0.519295685089021E+001 -0.103179844148616E+002
  0.183359203880289E+000  0.206263141790709E+002  0.540150174587998E+002  0.521593541800340E+000  0.478406458199660E+000 -0.519295685089021E+001 -0.103131570895355E+002
  0.182338937424537E+000  0.206238219348858E+002  0.604562367454686E+002  0.310482774718641E+000  0.689517225281359E+000 -0.519295685089021E+001 -0.103119109674429E+002
  0.182033095385693E+000  0.206135274754961E+002  0.636001431227727E+002  0.268483042976496E+000  0.731516957023504E+000 -0.519295685089021E+001 -0.103067637377481E+002
  0.180848387769433E+000  0.206129344847647E+002  0.602963228940654E+002  0.313154574039871E+000  0.686845425960129E+000 -0.519295685089021E+001 -0.103064672423823E+002
  0.179910568797050E+000  0.206096808670466E+002  0.602794578436369E+002  0.516752599069858E+000  0.483247400930142E+000 -0.519295685089021E+001 -0.103048404335233E+002
  0.179874729749205E+000  0.205964273861821E+002  0.618264710708244E+002  0.498797341345199E+000  0.501202658654801E+000 -0.519295685089021E+001 -0.102982136930911E+002
  0.180783518561420E+000  0.205726962107735E+002  0.543484342961700E+002  0.537735107833426E+000  0.462264892166574E+000 -0.519295685089021E+001 -0.102863481053867E+002
  0.187593861425036E+000  0.204850862225964E+002  0.738003278684924E+002  0.200777545929017E+000  0.799222454070983E+000 -0.519295685089021E+001 -0.102425431112982E+002
  0.200718077352215E+000  0.203226309008147E+002  0.708752234771785E+002  0.213403735933678E+000  0.786596264066322E+000 -0.519295685089021E+001 -0.101613154504073E+002
  0.201955691384046E+000  0.202967775258444E+002  0.588402375483291E+002  0.526996599804644E+000  0.473003400195356E+000 -0.519295685089021E+001 -0.101483887629222E+002
  0.204897017754244E+000  0.202542997983892E+002  0.561499729828851E+002  0.542386912452784E+000  0.457613087547216E+000 -0.519295685089021E+001 -0.101271498991946E+002
  0.203952163743499E+000  0.202499844756295E+002  0.574315734551469E+002  0.537287183357689E+000  0.462712816642311E+000 -0.519295685089021E+001 -0.101249922378147E+002
  0.204436971564750E+000  0.202316766105058E+002  0.711597166564112E+002  0.212650802009305E+000  0.787349197990695E+000 -0.519295685089021E+001 -0.101158383052529E+002
  0.213619106887779E+000  0.201302475678601E+002  0.556533202425764E+002  0.430840079812834E+000  0.569159920187166E+000 -0.519295685089021E+001 -0.100651237839300E+002
  0.213059878277003E+000  0.201219308137552E+002  0.671447025472260E+002  0.427923225783350E+000  0.572076774216650E+000 -0.519295685089021E+001 -0.100609654068776E+002
  0.216586817165144E+000  0.200755349892640E+002  0.583046777969761E+002  0.357065594070834E+000  0.642934405929166E+000 -0.519295685089021E+001 -0.100377674946320E+002
  0.220741452161855E+000  0.200239743217009E+002  0.574803513611026E+002  0.532592876580556E+000  0.467407123419444E+000 -0.519295685089021E+001 -0.100119871608504E+002
  0.224569701174142E+000  0.199760269177284E+002  0.592048018530127E+002  0.518654793004122E+000  0.481345206995878E+000 -0.519295685089021E+001 -0.998801345886421E+001
  0.231768024128736E+000  0.198993658567409E+002  0.663557831158480E+002  0.246888104022966E+000  0.753111895977034E+000 -0.519295685089021E+001 -0.994968292837044E+001
  0.235124588252275E+000  0.198570493607838E+002  0.553719173657694E+002  0.524557474258072E+000  0.475442525741928E+000 -0.519295685089021E+001 -0.992852468039189E+001
  0.241259831473216E+000  0.197919720764607E+002  0.667310080913468E+002  0.429967095196633E+000  0.570032904803367E+000 -0.519295685089021E+001 -0.989598603823034E+001
  0.242943699850288E+000  0.197645022284329E+002  0.751567470207511E+002  0.319562348756515E+000  0.680437651243485E+000 -0.519295685089021E+001 -0.988225111421643E+001
  0.241322531413622E+000  0.197643336249777E+002  0.561715415430391E+002  0.421788154983046E+000  0.578211845016954E+000 -0.519295685089021E+001 -0.988216681248886E+001
  0.258280032903554E+000  0.195881081067965E+002  0.555767986575397E+002  0.515127422901139E+000  0.484872577098861E+000 -0.519295685089021E+001 -0.979405405339824E+001
  0.263368087124126E+000  0.195357136717901E+002  0.631169131504117E+002  0.471184429472384E+000  0.528815570527616E+000 -0.519295685089021E+001 -0.976785683589504E+001
  0.269161344782372E+000  0.194788189554459E+002  0.584694270079367E+002  0.362608730320204E+000  0.637391269679796E+000 -0.519295685089021E+001 -0.973940947772293E+001
  0.268653699248614E+000  0.194692165944987E+002  0.608800134223900E+002  0.494892197439172E+000  0.505107802560828E+000 -0.519295685089021E+001 -0.973460829724934E+001
  0.272290138098563E+000  0.194289486279393E+002  0.589326001232214E+002  0.353181608096535E+000  0.646818391903465E+000 -0.519295685089021E+001 -0.971447431396966E+001
  0.271751296923725E+000  0.194195324186382E+002  0.758790587390532E+002  0.205645416750458E+000  0.794354583249542E+000 -0.519295685089021E+001 -0.970976620931908E+001
  0.271911839532417E+000  0.194049732505095E+002  0.557947262952219E+002  0.451769510322667E+000  0.548230489677333E+000 -0.519295685089021E+001 -0.970248662525477E+001
  0.270846172773953E+000  0.193994489998367E+002  0.563346005189562E+002  0.517684153500637E+000  0.482315846499363E+000 -0.519295685089021E+001 -0.969972449991836E+001
  0.272589575018933E+000  0.193732385351822E+002  0.555909850451032E+002  0.468724709549921E+000  0.531275290450079E+000 -0.519295685089021E+001 -0.968661926759108E+001
  0.271819499892099E+000  0.193655186250365E+002  0.555226836916007E+002  0.478870642994761E+000  0.521129357005239E+000 -0.519295685089021E+001 -0.968275931251826E+001
  0.273308411380355E+000  0.193412153949739E+002  0.573777350827922E+002  0.517998681936944E+000  0.482001318063056E+000 -0.519295685089021E+001 -0.967060769748695E+001
  0.272208152166386E+000  0.193359050798905E+002  0.555438248910229E+002  0.486302359819021E+000  0.513697640180979E+000 -0.519295685089021E+001 -0.966795253994525E+001
  0.272812711729390E+000  0.193180901372193E+002  0.556123941476415E+002  0.494842374147531E+000  0.505157625852469E+000 -0.519295685089021E+001 -0.965904506860966E+001
  0.272597983921267E+000  0.193062869581920E+002  0.730744905663154E+002  0.343631605640050E+000  0.656368394359950E+000 -0.519295685089021E+001 -0.965314347909600E+001
  0.390904440652349E-001  0.244080879241154E+002  0.839535042042473E+002  0.189852886617078E+000  0.810147113382922E+000 -0.519295685089021E+001 -0.122040439620577E+002
  0.500886369381789E-001  0.239122556542513E+002  0.837859775514636E+002  0.208444152215552E+000  0.791555847784448E+000 -0.519295685089021E+001 -0.119561278271257E+002
  0.922518594978385E-001  0.226907991239899E+002  0.819313953706319E+002  0.190803545913144E+000  0.809196454086856E+000 -0.519295685089021E+001 -0.113453995619950E+002
  0.930128864949308E-001  0.226743679077097E+002  0.796441314579865E+002  0.180585240104313E+000  0.819414759895687E+000 -0.519295685089021E+001 -0.113371839538549E+002
  0.961760271678141E-001  0.226074837461872E+002  0.824484023436087E+002  0.200445029101250E+000  0.799554970898750E+000 -0.519295685089021E+001 -0.113037418730936E+002
  0.114264593747114E+000  0.222628104900984E+002  0.813646410983182E+002  0.191685041872585E+000  0.808314958127415E+000 -0.519295685089021E+001 -0.111314052450492E+002
  0.139063089868956E+000  0.218699885755294E+002  0.802720274835009E+002  0.262888554227866E+000  0.737111445772134E+000 -0.519295685089021E+001 -0.109349942877647E+002
  0.152095603465677E+000  0.216908254171484E+002  0.816022051928512E+002  0.228756601729077E+000  0.771243398270923E+000 -0.519295685089021E+001 -0.108454127085742E+002
  0.176340435000004E+000  0.213950111707785E+002  0.814571564874275E+002  0.221125742671707E+000  0.778874257328293E+000 -0.519295685089021E+001 -0.106975055853893E+002
  0.188177468712603E+000  0.212650730035961E+002  0.812173406848142E+002  0.229350288959550E+000  0.770649711040450E+000 -0.519295685089021E+001 -0.106325365017981E+002
  0.192742115148236E+000  0.212171377948132E+002  0.812577222517201E+002  0.224248685265566E+000  0.775751314734434E+000 -0.519295685089021E+001 -0.106085688974066E+002
  0.224952471778381E+000  0.209080657170405E+002  0.803095426138867E+002  0.247996875057868E+000  0.752003124942132E+000 -0.519295685089021E+001 -0.104540328585203E+002
  0.279702185544093E+000  0.204723931756131E+002  0.805056643629284E+002  0.224564478837088E+000  0.775435521162912E+000 -0.519295685089021E+001 -0.102361965878065E+002
  0.417834654362717E+000  0.196696724226547E+002  0.788648344270953E+002  0.210881680651648E+000  0.789118319348352E+000 -0.519295685089021E+001 -0.983483621132734E+001
  0.419590542998522E+000  0.196612853274750E+002  0.795624263455768E+002  0.234514930602838E+000  0.765485069397162E+000 -0.519295685089021E+001 -0.983064266373749E+001
  0.503818127481516E+000  0.192954133141915E+002  0.791512185474594E+002  0.229255073903367E+000  0.770744926096633E+000 -0.519295685089021E+001 -0.964770665709577E+001
  0.271152752780750E+000  0.192902514924856E+002  0.661489782227339E+002  0.432100797718879E+000  0.567899202281121E+000 -0.519295685089021E+001 -0.964512574624282E+001
  0.277852986090887E+000  0.192281427644036E+002  0.672416668376379E+002  0.244907854707468E+000  0.755092145292532E+000 -0.519295685089021E+001 -0.961407138220179E+001
  0.276034171667971E+000  0.192279886356795E+002  0.586195629650803E+002  0.510212073131358E+000  0.489787926868642E+000 -0.519295685089021E+001 -0.961399431783977E+001
  0.283666546729134E+000  0.191601500529438E+002  0.628794106823653E+002  0.290674586853609E+000  0.709325413146392E+000 -0.519295685089021E+001 -0.958007502647191E+001
  0.283155689819884E+000  0.191504660275386E+002  0.772012874983432E+002  0.209857736214280E+000  0.790142263785720E+000 -0.519295685089021E+001 -0.957523301376929E+001
  0.288293159647128E+000  0.191012149605510E+002  0.641268340468056E+002  0.276003282003371E+000  0.723996717996629E+000 -0.519295685089021E+001 -0.955060748027549E+001
  0.286771365914880E+000  0.190985111031494E+002  0.562349974212116E+002  0.443093435524057E+000  0.556906564475943E+000 -0.519295685089021E+001 -0.954925555157471E+001
  0.288434361972246E+000  0.190736574549115E+002  0.758386289830519E+002  0.302282178177011E+000  0.697717821822989E+000 -0.519295685089021E+001 -0.953682872745574E+001
  0.295416608514376E+000  0.190125302752848E+002  0.562220573239072E+002  0.448612891694740E+000  0.551387108305260E+000 -0.519295685089021E+001 -0.950626513764240E+001
  0.296517011628050E+000  0.189918051913243E+002  0.760857164619783E+002  0.209972507798431E+000  0.790027492201569E+000 -0.519295685089021E+001 -0.949590259566216E+001
  0.295508691477442E+000  0.189853287906761E+002  0.619731485624578E+002  0.476839019685252E+000  0.523160980314748E+000 -0.519295685089021E+001 -0.949266439533807E+001
  0.299247248319413E+000  0.189468959053544E+002  0.735013693263765E+002  0.334262610356236E+000  0.665737389643764E+000 -0.519295685089021E+001 -0.947344795267718E+001
  0.301130040520460E+000  0.189210627186777E+002  0.672338727239684E+002  0.414864634040423E+000  0.585135365959577E+000 -0.519295685089021E+001 -0.946053135933886E+001
  0.300382552424176E+000  0.189127443586405E+002  0.571812926056517E+002  0.505973196163275E+000  0.494026803836725E+000 -0.519295685089021E+001 -0.945637217932024E+001
  0.304109743826582E+000  0.188747916759381E+002  0.635341926484255E+002  0.458360410873604E+000  0.541639589126396E+000 -0.519295685089021E+001 -0.943739583796907E+001
  0.303683230436725E+000  0.188643095558849E+002  0.735107055755287E+002  0.214323132779897E+000  0.785676867220103E+000 -0.519295685089021E+001 -0.943215477794246E+001
  0.308084687609530E+000  0.188222413665452E+002  0.615968464835287E+002  0.312805375884119E+000  0.687194624115881E+000 -0.519295685089021E+001 -0.941112068327262E+001
  0.309474037051422E+000  0.187999532872930E+002  0.596655884595037E+002  0.495074631549223E+000  0.504925368450777E+000 -0.519295685089021E+001 -0.939997664364648E+001
  0.308569769249810E+000  0.187925166572166E+002  0.584674390658688E+002  0.374994299212366E+000  0.625005700787634E+000 -0.519295685089021E+001 -0.939625832860828E+001
  0.309618442894380E+000  0.187724421001065E+002  0.569855357003852E+002  0.422048330669263E+000  0.577951669330737E+000 -0.519295685089021E+001 -0.938622105005324E+001
  0.317681859993076E+000  0.187077335512315E+002  0.685918320479864E+002  0.395751168641638E+000  0.604248831358362E+000 -0.519295685089021E+001 -0.935386677561577E+001
  0.321167515860194E+000  0.186726196627137E+002  0.646339976464787E+002  0.443309195049453E+000  0.556690804950547E+000 -0.519295685089021E+001 -0.933630983135686E+001
  0.328006251996388E+000  0.186171909254876E+002  0.599960028443472E+002  0.343784235990051E+000  0.656215764009949E+000 -0.519295685089021E+001 -0.930859546274379E+001
  0.339938197823303E+000  0.185324395184246E+002  0.768320333472345E+002  0.278562686823017E+000  0.721437313176983E+000 -0.519295685089021E+001 -0.926621975921229E+001
  0.346912326795899E+000  0.184785339179625E+002  0.634341316262135E+002  0.454381214449744E+000  0.545618785550256E+000 -0.519295685089021E+001 -0.923926695898127E+001
  0.345365387713894E+000  0.184741831046917E+002  0.623116373302168E+002  0.466155903046025E+000  0.533844096953975E+000 -0.519295685089021E+001 -0.923709155234587E+001
  0.358954631086251E+000  0.183837079126766E+002  0.777907683359186E+002  0.252811171136466E+000  0.747188828863534E+000 -0.519295685089021E+001 -0.919185395633832E+001
  0.353664942958721E+000  0.183647653545445E+002  0.569108455491851E+002  0.449670799742528E+000  0.550329200257472E+000 -0.519295685089021E+001 -0.918238267727226E+001
  0.349824727704055E+000  0.183325434598674E+002  0.569723548256301E+002  0.447390879472106E+000  0.552609120527894E+000 -0.519295685089021E+001 -0.916627172993370E+001
  0.350885016847178E+000  0.182731543028959E+002  0.615434154199359E+002  0.470525089133228E+000  0.529474910866772E+000 -0.519295685089021E+001 -0.913657715144797E+001
  0.352572975355043E+000  0.182370657681108E+002  0.611089650065147E+002  0.473755805970051E+000  0.526244194029949E+000 -0.519295685089021E+001 -0.911853288405541E+001
  0.353402913675891E+000  0.182323634052337E+002  0.600291100166884E+002  0.481836604349460E+000  0.518163395650540E+000 -0.519295685089021E+001 -0.911618170261686E+001
  0.348785420730960E+000  0.182318211880701E+002  0.573209546895775E+002  0.431027294111892E+000  0.568972705888108E+000 -0.519295685089021E+001 -0.911591059403507E+001
  0.356999099890524E+000  0.181319319585794E+002  0.577431273283631E+002  0.480999655521523E+000  0.519000344478477E+000 -0.519295685089021E+001 -0.906596597928969E+001
  0.362297586735210E+000  0.180759761521588E+002  0.573258673730592E+002  0.465956926126939E+000  0.534043073873061E+000 -0.519295685089021E+001 -0.903798807607941E+001
  0.364747431857417E+000  0.180098631162703E+002  0.593309114867884E+002  0.369556621340824E+000  0.630443378659176E+000 -0.519295685089021E+001 -0.900493155813515E+001
  0.359937900125422E+000  0.179844594027233E+002  0.588179127803394E+002  0.383835365943805E+000  0.616164634056195E+000 -0.519295685089021E+001 -0.899222970136166E+001
  0.357436305772979E+000  0.179726012657077E+002  0.574666868547130E+002  0.442302465994759E+000  0.557697534005241E+000 -0.519295685089021E+001 -0.898630063285384E+001
  0.365095298638394E+000  0.179043919938895E+002  0.665667921606309E+002  0.262740113256530E+000  0.737259886743470E+000 -0.519295685089021E+001 -0.895219599694477E+001
  0.370675022279380E+000  0.177976149355589E+002  0.621391543472330E+002  0.317717704908238E+000  0.682282295091762E+000 -0.519295685089021E+001 -0.889880746777944E+001
  0.369260969405353E+000  0.177801015707048E+002  0.577122507479976E+002  0.451880918266248E+000  0.548119081733752E+000 -0.519295685089021E+001 -0.889005078535241E+001
  0.363518269124991E+000  0.177614471134494E+002  0.596327858467139E+002  0.473451064834781E+000  0.526548935165219E+000 -0.519295685089021E+001 -0.888072355672468E+001
  0.364354171498358E+000  0.177568534363477E+002  0.626415712921864E+002  0.310524496628596E+000  0.689475503371404E+000 -0.519295685089021E+001 -0.887842671817387E+001
  0.370784624446161E+000  0.177218634888782E+002  0.581452562004208E+002  0.417042598148621E+000  0.582957401851379E+000 -0.519295685089021E+001 -0.886093174443910E+001
  0.371569106607327E+000  0.176921584365265E+002  0.580257072628210E+002  0.425466636434598E+000  0.574533363565402E+000 -0.519295685089021E+001 -0.884607921826323E+001
  0.374545525464169E+000  0.176762014534149E+002  0.578733372704788E+002  0.449373251819366E+000  0.550626748180634E+000 -0.519295685089021E+001 -0.883810072670745E+001
  0.371088864207863E+000  0.176689382413409E+002  0.583614903890545E+002  0.409848670847646E+000  0.590151329152354E+000 -0.519295685089021E+001 -0.883446912067043E+001
  0.378026352214339E+000  0.176060867357691E+002  0.594939755934499E+002  0.374820527204183E+000  0.625179472795817E+000 -0.519295685089021E+001 -0.880304336788453E+001
  0.374082122918771E+000  0.176012570355678E+002  0.624710035839400E+002  0.451169566444842E+000  0.548830433555158E+000 -0.519295685089021E+001 -0.880062851778390E+001
  0.375088597304085E+000  0.175958832270958E+002  0.648281827410653E+002  0.427310869530755E+000  0.572689130469245E+000 -0.519295685089021E+001 -0.879794161354789E+001
  0.384849449141987E+000  0.175445033089388E+002  0.600983150396052E+002  0.466526407624310E+000  0.533473592375690E+000 -0.519295685089021E+001 -0.877225165446939E+001
  0.388693637776226E+000  0.175246248026418E+002  0.655599594879001E+002  0.418252574633127E+000  0.581747425366873E+000 -0.519295685089021E+001 -0.876231240132091E+001
  0.404217131818967E+000  0.173668227077202E+002  0.625335104983034E+002  0.317766924210014E+000  0.682233075789986E+000 -0.519295685089021E+001 -0.868341135386009E+001
  0.403806827735661E+000  0.173427096928638E+002  0.651219744931403E+002  0.283555487713910E+000  0.716444512286090E+000 -0.519295685089021E+001 -0.867135484643189E+001
  0.408149938698696E+000  0.172693627415332E+002  0.585269831033898E+002  0.438530468139509E+000  0.561469531860491E+000 -0.519295685089021E+001 -0.863468137076658E+001
  0.403210251101909E+000  0.172679088576822E+002  0.591421918598526E+002  0.457204120841146E+000  0.542795879158854E+000 -0.519295685089021E+001 -0.863395442884109E+001
  0.415928709074127E+000  0.171545125317285E+002  0.598674099787489E+002  0.456083016250844E+000  0.543916983749156E+000 -0.519295685089021E+001 -0.857725626586425E+001
  0.417334148492670E+000  0.171222877939939E+002  0.598143317319112E+002  0.379476168167999E+000  0.620523831832001E+000 -0.519295685089021E+001 -0.856114389699696E+001
  0.419372104206866E+000  0.171125450211259E+002  0.601513131368817E+002  0.370368066234538E+000  0.629631933765462E+000 -0.519295685089021E+001 -0.855627251056297E+001
  0.414933770236487E+000  0.171080175814100E+002  0.603688628024125E+002  0.454397825737671E+000  0.545602174262329E+000 -0.519295685089021E+001 -0.855400879070498E+001
  0.411418974269897E+000  0.170992244123942E+002  0.649836388974045E+002  0.418520309112974E+000  0.581479690887026E+000 -0.519295685089021E+001 -0.854961220619709E+001
  0.410922478752027E+000  0.170758326364112E+002  0.625472019246902E+002  0.322131166500999E+000  0.677868833499001E+000 -0.519295685089021E+001 -0.853791631820562E+001
  0.417353610261823E+000  0.170189672903992E+002  0.674271408527181E+002  0.264767039642017E+000  0.735232960357983E+000 -0.519295685089021E+001 -0.850948364519958E+001
  0.412205643411952E+000  0.170179834594926E+002  0.649984212859854E+002  0.289054696620291E+000  0.710945303379709E+000 -0.519295685089021E+001 -0.850899172974628E+001
  0.408349907792674E+000  0.170109725204582E+002  0.598839604914368E+002  0.381026264045326E+000  0.618973735954674E+000 -0.519295685089021E+001 -0.850548626022912E+001
  0.408377135841956E+000  0.170108391684430E+002  0.590155555333147E+002  0.437068735670322E+000  0.562931264329678E+000 -0.519295685089021E+001 -0.850541958422150E+001
  0.404601625127294E+000  0.170032713226176E+002  0.609058518377754E+002  0.354776217939068E+000  0.645223782060932E+000 -0.519295685089021E+001 -0.850163566130878E+001
  0.400536773954380E+000  0.169973218773800E+002  0.622342642044042E+002  0.442194021849504E+000  0.557805978150496E+000 -0.519295685089021E+001 -0.849866093869002E+001
  0.400660922689966E+000  0.169967020616362E+002  0.592467322462434E+002  0.444270352017150E+000  0.555729647982850E+000 -0.519295685089021E+001 -0.849835103081809E+001
  0.399557570404507E+000  0.169757268667521E+002  0.595367454324407E+002  0.447532635942634E+000  0.552467364057366E+000 -0.519295685089021E+001 -0.848786343337603E+001
  0.401914315874601E+000  0.169374742925681E+002  0.596983782828426E+002  0.389898665782679E+000  0.610101334217321E+000 -0.519295685089021E+001 -0.846873714628405E+001
  0.397909578143921E+000  0.169310121039288E+002  0.591098218385941E+002  0.429757063280718E+000  0.570242936719282E+000 -0.519295685089021E+001 -0.846550605196439E+001
  0.406523741978877E+000  0.168616865619191E+002  0.592859072322757E+002  0.415164258545679E+000  0.584835741454321E+000 -0.519295685089021E+001 -0.843084328095954E+001
  0.405520831196165E+000  0.168401362869549E+002  0.593415994642082E+002  0.433654483180548E+000  0.566345516819452E+000 -0.519295685089021E+001 -0.842006814347745E+001
  0.400678946075496E+000  0.168376693743870E+002  0.594717503998109E+002  0.438224930602871E+000  0.561775069397129E+000 -0.519295685089021E+001 -0.841883468719349E+001
  0.412126901324206E+000  0.167548372379955E+002  0.661833544173173E+002  0.279549939975327E+000  0.720450060024673E+000 -0.519295685089021E+001 -0.837741861899777E+001
  0.404205940486947E+000  0.167410162475301E+002  0.603006026990416E+002  0.377728921914674E+000  0.622271078085326E+000 -0.519295685089021E+001 -0.837050812376507E+001
  0.415896650890914E+000  0.166320406901711E+002  0.613430357874809E+002  0.438691624982712E+000  0.561308375017288E+000 -0.519295685089021E+001 -0.831602034508554E+001
  0.406943495440038E+000  0.165991231646823E+002  0.605663513404921E+002  0.437971055996752E+000  0.562028944003248E+000 -0.519295685089021E+001 -0.829956158234115E+001
  0.410269597690020E+000  0.165576852903022E+002  0.598001289305901E+002  0.419321738828361E+000  0.580678261171639E+000 -0.519295685089021E+001 -0.827884264515112E+001
  0.409715986726286E+000  0.165352283150617E+002  0.599228838994791E+002  0.425322083750448E+000  0.574677916249552E+000 -0.519295685089021E+001 -0.826761415753083E+001
  0.409084918900272E+000  0.165131536390357E+002  0.658531507071875E+002  0.286284983921132E+000  0.713715016078868E+000 -0.519295685089021E+001 -0.825657681951787E+001
  0.411309673687922E+000  0.165023063698737E+002  0.602808797639530E+002  0.431409023328078E+000  0.568590976671922E+000 -0.519295685089021E+001 -0.825115318493683E+001
  0.413169693998902E+000  0.164678043279587E+002  0.606516081482321E+002  0.432969118291834E+000  0.567030881708166E+000 -0.519295685089021E+001 -0.823390216397937E+001
  0.414243977676658E+000  0.164626108711997E+002  0.600078860161519E+002  0.407928705886272E+000  0.592071294113728E+000 -0.519295685089021E+001 -0.823130543559987E+001
  0.409088863787909E+000  0.164618494915023E+002  0.607207788802974E+002  0.433056611925570E+000  0.566943388074430E+000 -0.519295685089021E+001 -0.823092474575115E+001
  0.407832426652794E+000  0.164421947463709E+002  0.623220698762431E+002  0.338048485845741E+000  0.661951514154259E+000 -0.519295685089021E+001 -0.822109737318547E+001
  0.408594353616066E+000  0.164126549519275E+002  0.610663814901714E+002  0.367121187909126E+000  0.632878812090874E+000 -0.519295685089021E+001 -0.820632747596375E+001
  0.406188760659936E+000  0.163986579105425E+002  0.635278277030682E+002  0.420208633291974E+000  0.579791366708026E+000 -0.519295685089021E+001 -0.819932895527126E+001
  0.409102892286414E+000  0.163585536698776E+002  0.620155755174341E+002  0.428787335480850E+000  0.571212664519150E+000 -0.519295685089021E+001 -0.817927683493880E+001
  0.411154703857097E+000  0.163485479552834E+002  0.635893343889125E+002  0.318176846863663E+000  0.681823153136337E+000 -0.519295685089021E+001 -0.817427397764172E+001
  0.418516279259003E+000  0.163130554829736E+002  0.649032837020772E+002  0.406429745485121E+000  0.593570254514879E+000 -0.519295685089021E+001 -0.815652774148681E+001
  0.433637136394232E+000  0.162420708732038E+002  0.629429540811883E+002  0.420974921622413E+000  0.579025078377587E+000 -0.519295685089021E+001 -0.812103543660188E+001
  0.433942302259254E+000  0.162406638971321E+002  0.671821914268563E+002  0.276930298205707E+000  0.723069701794293E+000 -0.519295685089021E+001 -0.812033194856606E+001
  0.428740389976281E+000  0.162375725869805E+002  0.607609742572185E+002  0.384687823772317E+000  0.615312176227683E+000 -0.519295685089021E+001 -0.811878629349027E+001
  0.429626309478900E+000  0.162334441890930E+002  0.632720170005146E+002  0.325503817577223E+000  0.674496182422777E+000 -0.519295685089021E+001 -0.811672209454651E+001
  0.424710588378287E+000  0.162288731741981E+002  0.652017043714921E+002  0.402020208579939E+000  0.597979791420061E+000 -0.519295685089021E+001 -0.811443658709903E+001
  0.428022187821887E+000  0.162133390411879E+002  0.604898964927619E+002  0.406684523573147E+000  0.593315476426853E+000 -0.519295685089021E+001 -0.810666952059394E+001
  0.425294324143906E+000  0.161981537138545E+002  0.616366300745343E+002  0.359331392428714E+000  0.640668607571286E+000 -0.519295685089021E+001 -0.809907685692726E+001
  0.430513137422978E+000  0.161737609469970E+002  0.609243353158968E+002  0.420391035513383E+000  0.579608964486617E+000 -0.519295685089021E+001 -0.808688047349852E+001
  0.430990598062033E+000  0.161715440758761E+002  0.646972888337129E+002  0.305447977430473E+000  0.694552022569527E+000 -0.519295685089021E+001 -0.808577203793806E+001
  0.425380254062601E+000  0.161689721835280E+002  0.630711724270150E+002  0.418416603492342E+000  0.581583396507658E+000 -0.519295685089021E+001 -0.808448609176400E+001
  0.416908544616152E+000  0.161520586467771E+002  0.654415833921030E+002  0.296418028439524E+000  0.703581971560476E+000 -0.519295685089021E+001 -0.807602932338855E+001
  0.418290403963873E+000  0.161170712620985E+002  0.620046053068627E+002  0.421644378343838E+000  0.578355621656162E+000 -0.519295685089021E+001 -0.805853563104924E+001
  0.412969974748615E+000  0.160863316035123E+002  0.621896799633772E+002  0.349713741272619E+000  0.650286258727381E+000 -0.519295685089021E+001 -0.804316580175616E+001
  0.414162098611193E+000  0.160805665039524E+002  0.634935391970965E+002  0.413523143803122E+000  0.586476856196878E+000 -0.519295685089021E+001 -0.804028325197620E+001
  0.420474599886046E+000  0.160503132373418E+002  0.609600786882511E+002  0.411529203018441E+000  0.588470796981559E+000 -0.519295685089021E+001 -0.802515661867089E+001
  0.424053596516214E+000  0.160333616751734E+002  0.667469297277199E+002  0.284152998379167E+000  0.715847001620832E+000 -0.519295685089021E+001 -0.801668083758670E+001
  0.424521501856385E+000  0.159731809963438E+002  0.621519298690853E+002  0.354096029798342E+000  0.645903970201658E+000 -0.519295685089021E+001 -0.798659049817189E+001
  0.418617199658769E+000  0.159724150393689E+002  0.611777495810807E+002  0.385136359827257E+000  0.614863640172743E+000 -0.519295685089021E+001 -0.798620751968444E+001
  0.417988798731777E+000  0.159466420901142E+002  0.613355722269615E+002  0.411318938226682E+000  0.588681061773318E+000 -0.519295685089021E+001 -0.797332104505709E+001
  0.423665541226737E+000  0.159196627076808E+002  0.612447607517697E+002  0.386669727629410E+000  0.613330272370590E+000 -0.519295685089021E+001 -0.795983135384042E+001
  0.413372395511470E+000  0.159108785446437E+002  0.612993779126786E+002  0.384483256539705E+000  0.615516743460295E+000 -0.519295685089021E+001 -0.795543927232183E+001
  0.363191443706422E+000  0.183502646623051E+002  0.687697498539613E+002  0.389740298857237E+000  0.610259701142763E+000 -0.519295685089021E+001 -0.917513233115255E+001
  0.358798905306040E+000  0.183445249259343E+002  0.777234777247406E+002  0.253647483833731E+000  0.746352516166269E+000 -0.519295685089021E+001 -0.917226246296714E+001
  0.365316212198549E+000  0.182784467029488E+002  0.759882280657592E+002  0.289435449068549E+000  0.710564550931451E+000 -0.519295685089021E+001 -0.913922335147442E+001
  0.360238322730201E+000  0.182763659348557E+002  0.746934624330744E+002  0.309806085757870E+000  0.690193914242130E+000 -0.519295685089021E+001 -0.913818296742785E+001
  0.363940205015713E+000  0.181670148853059E+002  0.775265222007384E+002  0.253492132069189E+000  0.746507867930811E+000 -0.519295685089021E+001 -0.908350744265293E+001
  0.358863424396854E+000  0.181659126855387E+002  0.743527786027040E+002  0.313462956982247E+000  0.686537043017753E+000 -0.519295685089021E+001 -0.908295634276937E+001
  0.360025514241133E+000  0.181594466472174E+002  0.714492611184140E+002  0.227879171781151E+000  0.772120828218849E+000 -0.519295685089021E+001 -0.907972332360872E+001
  0.368492985746230E+000  0.181129530972026E+002  0.758739927853141E+002  0.220515945587895E+000  0.779484054412105E+000 -0.519295685089021E+001 -0.905647654860128E+001
  0.367862468156832E+000  0.180863024151888E+002  0.749136353750048E+002  0.220015145425889E+000  0.779984854574111E+000 -0.519295685089021E+001 -0.904315120759442E+001
  0.365836711497016E+000  0.180672707606230E+002  0.764489384604779E+002  0.277587083602341E+000  0.722412916397659E+000 -0.519295685089021E+001 -0.903363538031148E+001
  0.361699421724312E+000  0.180599421063215E+002  0.685269113784590E+002  0.389562241947249E+000  0.610437758052751E+000 -0.519295685089021E+001 -0.902997105316075E+001
  0.361736841136229E+000  0.180597352081392E+002  0.693351605929558E+002  0.379474110293910E+000  0.620525889706090E+000 -0.519295685089021E+001 -0.902986760406960E+001
  0.361245543766101E+000  0.180319184349203E+002  0.713126154627604E+002  0.353787440295343E+000  0.646212559704657E+000 -0.519295685089021E+001 -0.901595921746014E+001
  0.362848407198545E+000  0.179925290261331E+002  0.764961228263600E+002  0.275176254841260E+000  0.724823745158740E+000 -0.519295685089021E+001 -0.899626451306656E+001
  0.380577468807114E+000  0.178971197902303E+002  0.754247363699832E+002  0.293072661955753E+000  0.706927338044247E+000 -0.519295685089021E+001 -0.894855989511517E+001
  0.384836054540369E+000  0.178748644757032E+002  0.717646926443340E+002  0.346025612383530E+000  0.653974387616470E+000 -0.519295685089021E+001 -0.893743223785159E+001
  0.389764582760944E+000  0.178179167383983E+002  0.682056248427269E+002  0.250090546982397E+000  0.749909453017603E+000 -0.519295685089021E+001 -0.890895836919914E+001
  0.388644039454106E+000  0.177921781522570E+002  0.704425546622436E+002  0.236202481267895E+000  0.763797518732105E+000 -0.519295685089021E+001 -0.889608907612848E+001
  0.391555842236656E+000  0.177772495865381E+002  0.725259332460817E+002  0.334590543447610E+000  0.665409456552390E+000 -0.519295685089021E+001 -0.888862479326904E+001
  0.394392902745884E+000  0.177628106152954E+002  0.709789219719718E+002  0.355084858212816E+000  0.644915141787184E+000 -0.519295685089021E+001 -0.888140530764772E+001
  0.384946986828244E+000  0.177467728893462E+002  0.770022094967771E+002  0.238022262192544E+000  0.761977737807456E+000 -0.519295685089021E+001 -0.887338644467312E+001
  0.381349857267056E+000  0.177335490345131E+002  0.770369203083493E+002  0.240392333354124E+000  0.759607666645876E+000 -0.519295685089021E+001 -0.886677451725655E+001
  0.381028597656280E+000  0.176407288299154E+002  0.689534443763354E+002  0.379437862378417E+000  0.620562137621583E+000 -0.519295685089021E+001 -0.882036441495768E+001
  0.382394308516287E+000  0.176025647254351E+002  0.765182799826982E+002  0.264851270551543E+000  0.735148729448457E+000 -0.519295685089021E+001 -0.880128236271753E+001
  0.377109311846479E+000  0.175993907527868E+002  0.732802119669720E+002  0.227540501237705E+000  0.772459498762295E+000 -0.519295685089021E+001 -0.879969537639341E+001
  0.375816420910659E+000  0.175447160661845E+002  0.754992594957069E+002  0.285743766348832E+000  0.714256233651168E+000 -0.519295685089021E+001 -0.877235803309223E+001
  0.370534783809416E+000  0.175124122834865E+002  0.747139305758287E+002  0.227466758593700E+000  0.772533241406300E+000 -0.519295685089021E+001 -0.875620614174326E+001
  0.386349104063448E+000  0.174288241801968E+002  0.750048820107043E+002  0.292480824556749E+000  0.707519175443251E+000 -0.519295685089021E+001 -0.871441209009840E+001
  0.411658620556179E+000  0.173019181010071E+002  0.764193254313681E+002  0.250092141473784E+000  0.749907858526216E+000 -0.519295685089021E+001 -0.865095905050356E+001
  0.405230190299370E+000  0.172718530601554E+002  0.762049895151391E+002  0.241401704344106E+000  0.758598295655894E+000 -0.519295685089021E+001 -0.863592653007768E+001
  0.410634868602481E+000  0.172453547695115E+002  0.690559283866691E+002  0.250002729067267E+000  0.749997270932733E+000 -0.519295685089021E+001 -0.862267738475573E+001
  0.407826478454929E+000  0.172280716685227E+002  0.703007305387320E+002  0.357390481788412E+000  0.642609518211588E+000 -0.519295685089021E+001 -0.861403583426136E+001
  0.411180939933088E+000  0.172116885190646E+002  0.752739883416892E+002  0.233827244887507E+000  0.766172755112493E+000 -0.519295685089021E+001 -0.860584425953228E+001
  0.423766221359396E+000  0.170583513324102E+002  0.721759922450170E+002  0.236782120193325E+000  0.763217879806675E+000 -0.519295685089021E+001 -0.852917566620511E+001
  0.421284407837413E+000  0.170395639477467E+002  0.759906111601198E+002  0.253323702541477E+000  0.746676297458523E+000 -0.519295685089021E+001 -0.851978197387333E+001
  0.428105762570009E+000  0.169468290183425E+002  0.744973483630254E+002  0.236364036560379E+000  0.763635963439621E+000 -0.519295685089021E+001 -0.847341450917125E+001
  0.439404033880904E+000  0.168646551306646E+002  0.756265084669188E+002  0.261844820713049E+000  0.738155179286951E+000 -0.519295685089021E+001 -0.843232756533230E+001
  0.432522657859943E+000  0.168365184588114E+002  0.729242215085360E+002  0.316017575106261E+000  0.683982424893739E+000 -0.519295685089021E+001 -0.841825922940570E+001
  0.452915445434586E+000  0.167443769782596E+002  0.731666207242780E+002  0.239007675819562E+000  0.760992324180438E+000 -0.519295685089021E+001 -0.837218848912980E+001
  0.461361636047027E+000  0.167074234941606E+002  0.680808147174535E+002  0.378009714392413E+000  0.621990285607587E+000 -0.519295685089021E+001 -0.835371174708030E+001
  0.455321021679072E+000  0.167032475161304E+002  0.699507991628394E+002  0.354867364881461E+000  0.645132635118539E+000 -0.519295685089021E+001 -0.835162375806521E+001
  0.467019838899383E+000  0.166525094640805E+002  0.744291919103709E+002  0.287065983852856E+000  0.712934016147144E+000 -0.519295685089021E+001 -0.832625473204027E+001
  0.465498976438848E+000  0.166280247719637E+002  0.689156058478152E+002  0.366779409532311E+000  0.633220590467689E+000 -0.519295685089021E+001 -0.831401238598187E+001
  0.470709065828542E+000  0.166057641506424E+002  0.683029539179688E+002  0.262758189697566E+000  0.737241810302434E+000 -0.519295685089021E+001 -0.830288207532120E+001
  0.485199118045145E+000  0.165451258489999E+002  0.704460276072102E+002  0.250156745217945E+000  0.749843254782055E+000 -0.519295685089021E+001 -0.827256292449995E+001
  0.484421914072762E+000  0.164538262974524E+002  0.719381328119850E+002  0.245641171885200E+000  0.754358828114800E+000 -0.519295685089021E+001 -0.822691314872622E+001
  0.473368324354819E+000  0.164384479128973E+002  0.749100365712695E+002  0.262176721594093E+000  0.737823278405907E+000 -0.519295685089021E+001 -0.821922395644867E+001
  0.471306883620380E+000  0.164166416575614E+002  0.711534855113965E+002  0.248774587898358E+000  0.751225412101642E+000 -0.519295685089021E+001 -0.820832082878070E+001
  0.473766174435035E+000  0.163456220432184E+002  0.725876272802948E+002  0.246091583511087E+000  0.753908416488913E+000 -0.519295685089021E+001 -0.817281102160922E+001
  0.472892976700995E+000  0.162896057151473E+002  0.744230961164410E+002  0.254114200291277E+000  0.745885799708723E+000 -0.519295685089021E+001 -0.814480285757364E+001
  0.464473420894596E+000  0.161815882404271E+002  0.726822370143800E+002  0.249022027235782E+000  0.750977972764218E+000 -0.519295685089021E+001 -0.809079412021355E+001
  0.458861358956575E+000  0.161779281994611E+002  0.743929448123485E+002  0.265105588429480E+000  0.734894411570520E+000 -0.519295685089021E+001 -0.808896409973056E+001
  0.449778462605716E+000  0.161623549872649E+002  0.741706767909275E+002  0.276335421415599E+000  0.723664578584401E+000 -0.519295685089021E+001 -0.808117749363246E+001
  0.444046214994929E+000  0.161604213657599E+002  0.732998063526965E+002  0.296612002041113E+000  0.703387997958887E+000 -0.519295685089021E+001 -0.808021068287993E+001
  0.447640923245676E+000  0.161167092103364E+002  0.740973156715757E+002  0.276230736786145E+000  0.723769263213855E+000 -0.519295685089021E+001 -0.805835460516819E+001
  0.445541226057592E+000  0.160985258039558E+002  0.726156625406412E+002  0.307192503569690E+000  0.692807496430310E+000 -0.519295685089021E+001 -0.804926290197792E+001
  0.439694624331400E+000  0.160973578219543E+002  0.737132074350733E+002  0.253747805864521E+000  0.746252194135479E+000 -0.519295685089021E+001 -0.804867891097715E+001
  0.440672818838003E+000  0.160929133372485E+002  0.736343197546332E+002  0.287802693175327E+000  0.712197306824673E+000 -0.519295685089021E+001 -0.804645666862426E+001
  0.434234326519030E+000  0.160667909719366E+002  0.723250871993368E+002  0.311247388244221E+000  0.688752611755779E+000 -0.519295685089021E+001 -0.803339548596831E+001
  0.430305303625091E+000  0.160573830198082E+002  0.706560888217985E+002  0.256183070315388E+000  0.743816929684612E+000 -0.519295685089021E+001 -0.802869150990408E+001
  0.422130550523096E+000  0.160409457465490E+002  0.697634257391407E+002  0.347044220080723E+000  0.652955779919277E+000 -0.519295685089021E+001 -0.802047287327450E+001
  0.416575340079729E+000  0.160402290300924E+002  0.688618127725413E+002  0.358352848153489E+000  0.641647151846511E+000 -0.519295685089021E+001 -0.802011451504619E+001
  0.412698820240674E+000  0.160317162373357E+002  0.739550751134872E+002  0.259861456819293E+000  0.740138543180707E+000 -0.519295685089021E+001 -0.801585811866787E+001
  0.413800319567270E+000  0.159723279736239E+002  0.731862698157302E+002  0.293567628031099E+000  0.706432371968901E+000 -0.519295685089021E+001 -0.798616398681195E+001
  0.413558981764832E+000  0.159466487189444E+002  0.734718514449941E+002  0.257275627016789E+000  0.742724372983211E+000 -0.519295685089021E+001 -0.797332435947218E+001
  0.410711946919371E+000  0.159336187480616E+002  0.684468080604608E+002  0.361552032427047E+000  0.638447967572953E+000 -0.519295685089021E+001 -0.796680937403078E+001
  0.409411187880074E+000  0.159131169260875E+002  0.728721050466552E+002  0.298044633762733E+000  0.701955366237267E+000 -0.519295685089021E+001 -0.795655846304373E+001
  0.411808104090888E+000  0.159014419786491E+002  0.690407993730564E+002  0.267402248403748E+000  0.732597751596252E+000 -0.519295685089021E+001 -0.795072098932458E+001
  0.342608828236125E+000  0.183229991319875E+002  0.671422758066074E+002  0.409483311202789E+000  0.590516688797211E+000 -0.519295685089021E+001 -0.916149956599376E+001
  0.353202970468861E+000  0.182620920820893E+002  0.663092637295903E+002  0.418791259647176E+000  0.581208740352824E+000 -0.519295685089021E+001 -0.913104604104464E+001
  0.526042002093177E+000  0.172747953573157E+002  0.670130361627994E+002  0.398314481382505E+000  0.601685518617495E+000 -0.519295685089021E+001 -0.863739767865786E+001
  0.100000000000000E+001  0.159900469222272E+002  0.664215079162309E+002  0.385337506841260E+000  0.614662493158740E+000 -0.519295685089021E+001 -0.799502346111361E+001
  0.406314873240479E+000  0.158881727234827E+002  0.613532245252107E+002  0.406790080159585E+000  0.593209919840415E+000 -0.519295685089021E+001 -0.794408636174135E+001
  0.406768603869371E+000  0.158859405754253E+002  0.661360818154306E+002  0.292920717791377E+000  0.707079282208623E+000 -0.519295685089021E+001 -0.794297028771263E+001
  0.408231237333833E+000  0.158787619971690E+002  0.618401044482250E+002  0.412202229078097E+000  0.587797770921904E+000 -0.519295685089021E+001 -0.793938099858452E+001
  0.410366258891995E+000  0.158683293906237E+002  0.668857894023666E+002  0.285450251042015E+000  0.714549748957985E+000 -0.519295685089021E+001 -0.793416469531183E+001
  0.410501763626882E+000  0.158676690908805E+002  0.615796330726504E+002  0.375350811625235E+000  0.624649188374765E+000 -0.519295685089021E+001 -0.793383454544023E+001
  0.407313448608563E+000  0.158531877204266E+002  0.618251429050656E+002  0.367698245141378E+000  0.632301754858622E+000 -0.519295685089021E+001 -0.792659386021328E+001
  0.408856747007388E+000  0.158456241007478E+002  0.652570372912934E+002  0.394040502798187E+000  0.605959497201813E+000 -0.519295685089021E+001 -0.792281205037392E+001
  0.404025935254564E+000  0.158388606980849E+002  0.644863795273032E+002  0.400523511312475E+000  0.599476488687525E+000 -0.519295685089021E+001 -0.791943034904243E+001
  0.398350093527593E+000  0.158366213967463E+002  0.613507882530921E+002  0.391548369522139E+000  0.608451630477861E+000 -0.519295685089021E+001 -0.791831069837314E+001
  0.397329319828056E+000  0.158112180381078E+002  0.628979832979647E+002  0.409487567369972E+000  0.590512432630028E+000 -0.519295685089021E+001 -0.790560901905390E+001
  0.399381819886567E+000  0.158009131509438E+002  0.621133597438348E+002  0.409640613441336E+000  0.590359386558664E+000 -0.519295685089021E+001 -0.790045657547190E+001
  0.403884590494734E+000  0.157474822405239E+002  0.653569456522407E+002  0.304648129363441E+000  0.695351870636559E+000 -0.519295685089021E+001 -0.787374112026193E+001
  0.397732776520445E+000  0.157471714795562E+002  0.615617582986974E+002  0.395096863128790E+000  0.604903136871210E+000 -0.519295685089021E+001 -0.787358573977810E+001
  0.402470911734587E+000  0.157234865570391E+002  0.616179726340294E+002  0.389657120072334E+000  0.610342879927666E+000 -0.519295685089021E+001 -0.786174327851955E+001
  0.394539784123719E+000  0.157007871562480E+002  0.630669623899748E+002  0.342442657915907E+000  0.657557342084093E+000 -0.519295685089021E+001 -0.785039357812400E+001
  0.385325252950046E+000  0.156865082222437E+002  0.617607166027223E+002  0.396712794480981E+000  0.603287205519019E+000 -0.519295685089021E+001 -0.784325411112188E+001
  0.381812985210195E+000  0.156742870165318E+002  0.621644135510918E+002  0.403391582795369E+000  0.596608417204631E+000 -0.519295685089021E+001 -0.783714350826591E+001
  0.380420625440402E+000  0.156510588154996E+002  0.627342665868026E+002  0.404106587208991E+000  0.595893412791009E+000 -0.519295685089021E+001 -0.782552940774982E+001
  0.383104734476886E+000  0.156369970947797E+002  0.632993707902136E+002  0.402454711369753E+000  0.597545288630247E+000 -0.519295685089021E+001 -0.781849854738985E+001
  0.378881797483212E+000  0.156281569887393E+002  0.654465794790223E+002  0.305896855071049E+000  0.694103144928951E+000 -0.519295685089021E+001 -0.781407849436963E+001
  0.380142526593900E+000  0.156215130368653E+002  0.649389723500529E+002  0.312820748504236E+000  0.687179251495764E+000 -0.519295685089021E+001 -0.781075651843264E+001
  0.375457465147720E+000  0.156148184485975E+002  0.631574022283633E+002  0.402138323181121E+000  0.597861676818879E+000 -0.519295685089021E+001 -0.780740922429874E+001
  0.369760402712059E+000  0.155828932694014E+002  0.620051122671465E+002  0.391548071645183E+000  0.608451928354817E+000 -0.519295685089021E+001 -0.779144663470071E+001
  0.373308884750484E+000  0.155637913682849E+002  0.646454501183914E+002  0.318394538615580E+000  0.681605461384420E+000 -0.519295685089021E+001 -0.778189568414245E+001
  0.369257875611733E+000  0.155541165270410E+002  0.641214317983345E+002  0.326963360822915E+000  0.673036639177085E+000 -0.519295685089021E+001 -0.777705826352053E+001
  0.367521910524576E+000  0.155320444381133E+002  0.622507470406775E+002  0.393893816802059E+000  0.606106183197941E+000 -0.519295685089021E+001 -0.776602221905663E+001
  0.368399278549771E+000  0.155272756207241E+002  0.670013454913390E+002  0.290399880311533E+000  0.709600119688467E+000 -0.519295685089021E+001 -0.776363781036205E+001
  0.365507986028848E+000  0.155110333730192E+002  0.631354275741022E+002  0.398238500994703E+000  0.601761499005297E+000 -0.519295685089021E+001 -0.775551668650962E+001
  0.371693837991209E+000  0.154774686316083E+002  0.623514723184047E+002  0.374233013266424E+000  0.625766986733576E+000 -0.519295685089021E+001 -0.773873431580414E+001
  0.359913706310847E+000  0.154458625957005E+002  0.625141407980502E+002  0.391043118392834E+000  0.608956881607166E+000 -0.519295685089021E+001 -0.772293129785023E+001
  0.360205981188004E+000  0.154442391161690E+002  0.633873962958986E+002  0.395241727890945E+000  0.604758272109055E+000 -0.519295685089021E+001 -0.772211955808452E+001
  0.360449660875395E+000  0.154428865717223E+002  0.627806140017065E+002  0.394065341301888E+000  0.605934658698112E+000 -0.519295685089021E+001 -0.772144328586113E+001
  0.360710401690110E+000  0.154414403417403E+002  0.635126320070726E+002  0.341799085881548E+000  0.658200914118452E+000 -0.519295685089021E+001 -0.772072017087013E+001
  0.361484397572611E+000  0.154371534308978E+002  0.626083059761109E+002  0.366349423702214E+000  0.633650576297786E+000 -0.519295685089021E+001 -0.771857671544888E+001
  0.362840149963767E+000  0.154296664336448E+002  0.626602153541322E+002  0.364961761365936E+000  0.635038238634064E+000 -0.519295685089021E+001 -0.771483321682238E+001
  0.360255741525602E+000  0.154097739802963E+002  0.633790797183757E+002  0.393824252354362E+000  0.606175747645638E+000 -0.519295685089021E+001 -0.770488699014816E+001
  0.362384891277462E+000  0.153979885599019E+002  0.627436159343823E+002  0.390586819420663E+000  0.609413180579337E+000 -0.519295685089021E+001 -0.769899427995097E+001
  0.356823997684237E+000  0.153941335265512E+002  0.625041685173135E+002  0.380935266685393E+000  0.619064733314607E+000 -0.519295685089021E+001 -0.769706676327560E+001
  0.350896583445966E+000  0.153928522621917E+002  0.650850192754299E+002  0.316117613383358E+000  0.683882386616642E+000 -0.519295685089021E+001 -0.769642613109584E+001
  0.351265522481236E+000  0.153907505306052E+002  0.638340372224990E+002  0.337046580449247E+000  0.662953419550753E+000 -0.519295685089021E+001 -0.769537526530258E+001
  0.352977346796106E+000  0.153810275911991E+002  0.633958644608181E+002  0.392563798835920E+000  0.607436201164079E+000 -0.519295685089021E+001 -0.769051379559953E+001
  0.340747419079550E+000  0.153453327109284E+002  0.650974577386747E+002  0.383387932581623E+000  0.616612067418377E+000 -0.519295685089021E+001 -0.767266635546421E+001
  0.337009998263912E+000  0.153326070214290E+002  0.646345576498415E+002  0.324617121943033E+000  0.675382878056967E+000 -0.519295685089021E+001 -0.766630351071450E+001
  0.332632265810290E+000  0.153239735868910E+002  0.628145722645271E+002  0.368329362603618E+000  0.631670637396382E+000 -0.519295685089021E+001 -0.766198679344548E+001
  0.333204083824785E+000  0.153205383995186E+002  0.630702749150674E+002  0.388271988537238E+000  0.611728011462762E+000 -0.519295685089021E+001 -0.766026919975932E+001
  0.326628912728173E+000  0.152560278202939E+002  0.670951904854432E+002  0.295133224509900E+000  0.704866775490100E+000 -0.519295685089021E+001 -0.762801391014693E+001
  0.326630587835869E+000  0.152560175633733E+002  0.634675699558156E+002  0.386415136264398E+000  0.613584863735602E+000 -0.519295685089021E+001 -0.762800878168667E+001
  0.323081965302799E+000  0.152430816337872E+002  0.632538056267432E+002  0.384269073294754E+000  0.615730926705246E+000 -0.519295685089021E+001 -0.762154081689361E+001
  0.317683939416254E+000  0.152419962808668E+002  0.631093739890333E+002  0.382079394530281E+000  0.617920605469719E+000 -0.519295685089021E+001 -0.762099814043339E+001
  0.319200524931923E+000  0.152324712353232E+002  0.630362342225022E+002  0.378286924891620E+000  0.621713075108380E+000 -0.519295685089021E+001 -0.761623561766162E+001
  0.322736790741123E+000  0.152104360521720E+002  0.634385061617978E+002  0.383419249709985E+000  0.616580750290015E+000 -0.519295685089021E+001 -0.760521802608601E+001
  0.325175951927298E+000  0.151953774027664E+002  0.658237580128020E+002  0.311098705717099E+000  0.688901294282901E+000 -0.519295685089021E+001 -0.759768870138322E+001
  0.320270010094614E+000  0.151890831350708E+002  0.633894340876178E+002  0.381340344806943E+000  0.618659655193057E+000 -0.519295685089021E+001 -0.759454156753539E+001
  0.310063917277321E+000  0.151811197678577E+002  0.638489585310815E+002  0.383056609532326E+000  0.616943390467674E+000 -0.519295685089021E+001 -0.759055988392884E+001
  0.311729707432890E+000  0.151704037098310E+002  0.632748477368867E+002  0.364683987541551E+000  0.635316012458449E+000 -0.519295685089021E+001 -0.758520185491548E+001
  0.312005573838009E+000  0.151686345848102E+002  0.666911216124746E+002  0.301421754740052E+000  0.698578245259948E+000 -0.519295685089021E+001 -0.758431729240510E+001
  0.309345406489194E+000  0.151483754779063E+002  0.648610503276197E+002  0.378694442397172E+000  0.621305557602828E+000 -0.519295685089021E+001 -0.757418773895313E+001
  0.311551141827918E+000  0.151341654158677E+002  0.639055126324910E+002  0.346346039819677E+000  0.653653960180323E+000 -0.519295685089021E+001 -0.756708270793385E+001
  0.305943562700705E+000  0.151323947352283E+002  0.662136343231298E+002  0.307872704594229E+000  0.692127295405771E+000 -0.519295685089021E+001 -0.756619736761415E+001
  0.297662759546256E+000  0.151117930453139E+002  0.640985718324684E+002  0.342908167392727E+000  0.657091832607273E+000 -0.519295685089021E+001 -0.755589652265694E+001
  0.298408664917557E+000  0.151067875662385E+002  0.649447586115019E+002  0.326698569033311E+000  0.673301430966689E+000 -0.519295685089021E+001 -0.755339378311925E+001
  0.300456743906082E+000  0.150931077848176E+002  0.650032759429892E+002  0.326206775279849E+000  0.673793224720151E+000 -0.519295685089021E+001 -0.754655389240879E+001
  0.300929620413492E+000  0.150899625415402E+002  0.635211046611520E+002  0.371745961195116E+000  0.628254038804884E+000 -0.519295685089021E+001 -0.754498127077011E+001
  0.302438622066153E+000  0.150799586686639E+002  0.664220834298219E+002  0.306807415104725E+000  0.693192584895275E+000 -0.519295685089021E+001 -0.753997933433194E+001
  0.292773409043787E+000  0.150649067849704E+002  0.653754973223055E+002  0.321264486733272E+000  0.678735513266728E+000 -0.519295685089021E+001 -0.753245339248520E+001
  0.292916709729571E+000  0.150639281057402E+002  0.641728289816561E+002  0.343722684408565E+000  0.656277315591435E+000 -0.519295685089021E+001 -0.753196405287010E+001
  0.283340024455477E+000  0.150503986869294E+002  0.639540759095679E+002  0.375193935085602E+000  0.624806064914398E+000 -0.519295685089021E+001 -0.752519934346472E+001
  0.278771714317907E+000  0.150433023475849E+002  0.638264193467561E+002  0.355344862592630E+000  0.644655137407370E+000 -0.519295685089021E+001 -0.752165117379247E+001
  0.275854142231235E+000  0.150247390185682E+002  0.638764385656907E+002  0.355442655853136E+000  0.644557344146864E+000 -0.519295685089021E+001 -0.751236950928409E+001
  0.272717050692055E+000  0.150080086489703E+002  0.638316703491554E+002  0.360462725139323E+000  0.639537274860677E+000 -0.519295685089021E+001 -0.750400432448514E+001
  0.268759338586099E+000  0.149976403669542E+002  0.657930885776171E+002  0.317402805515045E+000  0.682597194484955E+000 -0.519295685089021E+001 -0.749882018347710E+001
  0.413411708254513E+000  0.158936689894012E+002  0.735466921149162E+002  0.281736865124160E+000  0.718263134875840E+000 -0.519295685089021E+001 -0.794683449470059E+001
  0.408583456299106E+000  0.158895778968989E+002  0.735481017597028E+002  0.260745215117647E+000  0.739254784882353E+000 -0.519295685089021E+001 -0.794478894844945E+001
  0.385712033422236E+000  0.158447027399023E+002  0.684661459683579E+002  0.359746170194210E+000  0.640253829805790E+000 -0.519295685089021E+001 -0.792235136995113E+001
  0.386568842631117E+000  0.158402649267335E+002  0.679836559351848E+002  0.276122214379491E+000  0.723877785620509E+000 -0.519295685089021E+001 -0.792013246336677E+001
  0.386363727004724E+000  0.158151822566152E+002  0.695044145142745E+002  0.346370546792688E+000  0.653629453207312E+000 -0.519295685089021E+001 -0.790759112830762E+001
  0.384379504360511E+000  0.157735290169426E+002  0.733273366635573E+002  0.263859916038665E+000  0.736140083961335E+000 -0.519295685089021E+001 -0.788676450847128E+001
  0.379982337042762E+000  0.157452553296757E+002  0.717216138740137E+002  0.258741764167296E+000  0.741258235832704E+000 -0.519295685089021E+001 -0.787262766483784E+001
  0.380643658271076E+000  0.157162995037664E+002  0.681199905751257E+002  0.361470204809629E+000  0.638529795190371E+000 -0.519295685089021E+001 -0.785814975188319E+001
  0.384269620097121E+000  0.156973379347175E+002  0.700055934374081E+002  0.265256186045987E+000  0.734743813954013E+000 -0.519295685089021E+001 -0.784866896735874E+001
  0.385634011804065E+000  0.156902492910030E+002  0.730891375205101E+002  0.284400426936279E+000  0.715599573063721E+000 -0.519295685089021E+001 -0.784512464550149E+001
  0.380360467760355E+000  0.156658370407543E+002  0.712245187954725E+002  0.319613847221501E+000  0.680386152778499E+000 -0.519295685089021E+001 -0.783291852037713E+001
  0.381391891397022E+000  0.156091361187588E+002  0.729980742187273E+002  0.268986104371096E+000  0.731013895628904E+000 -0.519295685089021E+001 -0.780456805937940E+001
  0.382729384804391E+000  0.156021346397268E+002  0.706200636783221E+002  0.327096120861073E+000  0.672903879138927E+000 -0.519295685089021E+001 -0.780106731986341E+001
  0.377946058661172E+000  0.156014812077990E+002  0.711760880291013E+002  0.262848034716380E+000  0.737151965283620E+000 -0.519295685089021E+001 -0.780074060389949E+001
  0.380449781170468E+000  0.155369909386639E+002  0.696073309246018E+002  0.270317561005632E+000  0.729682438994368E+000 -0.519295685089021E+001 -0.776849546933196E+001
  0.376012465988736E+000  0.155349766678504E+002  0.707360972910022E+002  0.265473766691397E+000  0.734526233308603E+000 -0.519295685089021E+001 -0.776748833392518E+001
  0.371909664397829E+000  0.155062836717270E+002  0.728015098924436E+002  0.279493204517735E+000  0.720506795482265E+000 -0.519295685089021E+001 -0.775314183586350E+001
  0.379815625260806E+000  0.154642137694284E+002  0.710430055097079E+002  0.317470814434245E+000  0.682529185565755E+000 -0.519295685089021E+001 -0.773210688471422E+001
  0.382896173095436E+000  0.154480579182014E+002  0.725219006585085E+002  0.271601040593127E+000  0.728398959406873E+000 -0.519295685089021E+001 -0.772402895910072E+001
  0.378895118402358E+000  0.154432599676666E+002  0.723696655205619E+002  0.269703307745441E+000  0.730296692254559E+000 -0.519295685089021E+001 -0.772162998383332E+001
  0.369423540733449E+000  0.154426063897555E+002  0.681897252406781E+002  0.355140356425460E+000  0.644859643574540E+000 -0.519295685089021E+001 -0.772130319487774E+001
  0.354350632132344E+000  0.154258993156143E+002  0.685520243418657E+002  0.350472755554683E+000  0.649527244445317E+000 -0.519295685089021E+001 -0.771294965780716E+001
  0.350610317155417E+000  0.154225821503926E+002  0.687591713803638E+002  0.277764333001222E+000  0.722235666998778E+000 -0.519295685089021E+001 -0.771129107519630E+001
  0.351165504497204E+000  0.153948774933621E+002  0.699472186248453E+002  0.331818091563906E+000  0.668181908436094E+000 -0.519295685089021E+001 -0.769743874668104E+001
  0.347199713963633E+000  0.153930522605176E+002  0.709533595921707E+002  0.268290339213746E+000  0.731709660786254E+000 -0.519295685089021E+001 -0.769652613025882E+001
  0.331489814854229E+000  0.153658621257877E+002  0.717501815932221E+002  0.302037019326694E+000  0.697962980673306E+000 -0.519295685089021E+001 -0.768293106289386E+001
  0.329245628988502E+000  0.153560560859781E+002  0.721700950456554E+002  0.272533302348644E+000  0.727466697651356E+000 -0.519295685089021E+001 -0.767802804298903E+001
  0.329630307172579E+000  0.153537207253636E+002  0.722985378823146E+002  0.286993465349690E+000  0.713006534650310E+000 -0.519295685089021E+001 -0.767686036268179E+001
  0.323511207648450E+000  0.153441357042798E+002  0.719733150838448E+002  0.296164920497481E+000  0.703835079502519E+000 -0.519295685089021E+001 -0.767206785213990E+001
  0.324643054678503E+000  0.153371506499720E+002  0.720845133914871E+002  0.292880607527790E+000  0.707119392472210E+000 -0.519295685089021E+001 -0.766857532498599E+001
  0.323392426713465E+000  0.153212012472885E+002  0.717812954573934E+002  0.271205753571791E+000  0.728794246428209E+000 -0.519295685089021E+001 -0.766060062364423E+001
  0.318173768819019E+000  0.153066779580676E+002  0.708265849806325E+002  0.316513702727376E+000  0.683486297272624E+000 -0.519295685089021E+001 -0.765333897903380E+001
  0.315253311117243E+000  0.153017282753900E+002  0.721118571062462E+002  0.275630229141356E+000  0.724369770858644E+000 -0.519295685089021E+001 -0.765086413769502E+001
  0.315594350106311E+000  0.152995658577843E+002  0.716743051625636E+002  0.300873351094113E+000  0.699126648905887E+000 -0.519295685089021E+001 -0.764978292889215E+001
  0.313558652478769E+000  0.152888394523299E+002  0.721713528546176E+002  0.284834947614707E+000  0.715165052385293E+000 -0.519295685089021E+001 -0.764441972616493E+001
  0.314946868482858E+000  0.152563354944447E+002  0.673862677771096E+002  0.359934993573333E+000  0.640065006426667E+000 -0.519295685089021E+001 -0.762816774722236E+001
  0.307073927767180E+000  0.152367837097401E+002  0.682460561760499E+002  0.349774151466370E+000  0.650225848533630E+000 -0.519295685089021E+001 -0.761839185487005E+001
  0.303847898929564E+000  0.152347846287928E+002  0.719441251136281E+002  0.278398434068900E+000  0.721601565931100E+000 -0.519295685089021E+001 -0.761739231439639E+001
  0.301086688744243E+000  0.152299210199365E+002  0.708083645859629E+002  0.314422293156207E+000  0.685577706843793E+000 -0.519295685089021E+001 -0.761496050996825E+001
  0.298028960857212E+000  0.152272144949119E+002  0.696153606170036E+002  0.276979745497798E+000  0.723020254502202E+000 -0.519295685089021E+001 -0.761360724745593E+001
  0.292903239218844E+000  0.151933330538877E+002  0.718636968306246E+002  0.287581802252761E+000  0.712418197747239E+000 -0.519295685089021E+001 -0.759666652694383E+001
  0.294424145512410E+000  0.151829748806936E+002  0.718046590251315E+002  0.280741641901997E+000  0.719258358098003E+000 -0.519295685089021E+001 -0.759148744034681E+001
  0.289191569575289E+000  0.151733824995083E+002  0.676433216622295E+002  0.355064492012127E+000  0.644935507987873E+000 -0.519295685089021E+001 -0.758669124975413E+001
  0.283232972299109E+000  0.151700759005268E+002  0.693572929613260E+002  0.334159013476078E+000  0.665840986523922E+000 -0.519295685089021E+001 -0.758503795026337E+001
  0.278115946232983E+000  0.151620929932209E+002  0.707388789319766E+002  0.275377607255618E+000  0.724622392744382E+000 -0.519295685089021E+001 -0.758104649661044E+001
  0.275623775943594E+000  0.151579959095481E+002  0.704104115007403E+002  0.318556649344483E+000  0.681443350655517E+000 -0.519295685089021E+001 -0.757899795477405E+001
  0.276649970237215E+000  0.151505633963660E+002  0.676333884792449E+002  0.354583280631679E+000  0.645416719368321E+000 -0.519295685089021E+001 -0.757528169818302E+001
  0.273914547778020E+000  0.151480905420456E+002  0.703568795582084E+002  0.319082636361707E+000  0.680917363638293E+000 -0.519295685089021E+001 -0.757404527102280E+001
  0.271757154651021E+000  0.151415586100614E+002  0.696966372824242E+002  0.328705618690085E+000  0.671294381309915E+000 -0.519295685089021E+001 -0.757077930503069E+001
  0.268753022309132E+000  0.151414440659398E+002  0.706212050201276E+002  0.276171517559950E+000  0.723828482440050E+000 -0.519295685089021E+001 -0.757072203296989E+001
  0.265549881879018E+000  0.151209780386266E+002  0.692583592855540E+002  0.281505168293662E+000  0.718494831706338E+000 -0.519295685089021E+001 -0.756048901931328E+001
  0.262923401787314E+000  0.151187582867576E+002  0.713241682783138E+002  0.278654761732736E+000  0.721345238267264E+000 -0.519295685089021E+001 -0.755937914337879E+001
  0.263385091231880E+000  0.151152493974342E+002  0.679657795819181E+002  0.290531096239687E+000  0.709468903760313E+000 -0.519295685089021E+001 -0.755762469871710E+001
  0.263832589693692E+000  0.151118542262518E+002  0.688488044840338E+002  0.284156786142773E+000  0.715843213857227E+000 -0.519295685089021E+001 -0.755592711312591E+001
  0.257480498665518E+000  0.150935504184839E+002  0.707137825849322E+002  0.277870226911367E+000  0.722129773088633E+000 -0.519295685089021E+001 -0.754677520924193E+001
  0.243266929418194E+000  0.150780427131441E+002  0.677654988859788E+002  0.351173563712095E+000  0.648826436287905E+000 -0.519295685089021E+001 -0.753902135657207E+001
  0.240763144279880E+000  0.150777914514615E+002  0.698948518858493E+002  0.279858155418848E+000  0.720141844581152E+000 -0.519295685089021E+001 -0.753889572573075E+001
  0.240894921363753E+000  0.150766970893274E+002  0.704763053548144E+002  0.314627997703138E+000  0.685372002296862E+000 -0.519295685089021E+001 -0.753834854466368E+001
  0.238376445524690E+000  0.150765522696480E+002  0.696402683622756E+002  0.280874242666765E+000  0.719125757333235E+000 -0.519295685089021E+001 -0.753827613482400E+001
  0.238999147170541E+000  0.150713345584071E+002  0.675464499189536E+002  0.295295177403406E+000  0.704704822596594E+000 -0.519295685089021E+001 -0.753566727920356E+001
  0.235062156222651E+000  0.150619997812424E+002  0.713943196230385E+002  0.284860645627806E+000  0.715139354372194E+000 -0.519295685089021E+001 -0.753099989062121E+001
  0.236074803703237E+000  0.150534022894205E+002  0.712334143719733E+002  0.297408627063698E+000  0.702591372936302E+000 -0.519295685089021E+001 -0.752670114471023E+001
  0.237148624223052E+000  0.150443256266898E+002  0.689717414271900E+002  0.335696808696424E+000  0.664303191303576E+000 -0.519295685089021E+001 -0.752216281334488E+001
  0.233642346537485E+000  0.150311042932507E+002  0.676276014654484E+002  0.351365786546774E+000  0.648634213453226E+000 -0.519295685089021E+001 -0.751555214662535E+001
  0.231350935099473E+000  0.150294252254985E+002  0.700424302900832E+002  0.280978339657762E+000  0.719021660342238E+000 -0.519295685089021E+001 -0.751471261274923E+001
  0.229027413673490E+000  0.150282227482975E+002  0.685047134559750E+002  0.288672146742515E+000  0.711327853257485E+000 -0.519295685089021E+001 -0.751411137414875E+001
  0.226892529264829E+000  0.150255626515490E+002  0.673737716390493E+002  0.298136356547161E+000  0.701863643452839E+000 -0.519295685089021E+001 -0.751278132577450E+001
  0.225282306950111E+000  0.150184163787682E+002  0.674681910535431E+002  0.352714802431685E+000  0.647285197568315E+000 -0.519295685089021E+001 -0.750920818938409E+001
  0.226024691439798E+000  0.150118365104130E+002  0.690151721889151E+002  0.334144001705704E+000  0.665855998294296E+000 -0.519295685089021E+001 -0.750591825520649E+001
  0.221761556538126E+000  0.150069071249007E+002  0.689591532204749E+002  0.334727995062647E+000  0.665272004937354E+000 -0.519295685089021E+001 -0.750345356245037E+001
  0.219626523405891E+000  0.150048650509056E+002  0.711945834164058E+002  0.292837175868413E+000  0.707162824131587E+000 -0.519295685089021E+001 -0.750243252545282E+001
  0.217310014634326E+000  0.150046814926804E+002  0.675676968403959E+002  0.351240157933737E+000  0.648759842066263E+000 -0.519295685089021E+001 -0.750234074634018E+001
  0.215158984269087E+000  0.150031864270419E+002  0.706047672103807E+002  0.281631254060496E+000  0.718368745939504E+000 -0.519295685089021E+001 -0.750159321352093E+001
  0.215235740054656E+000  0.150024730745582E+002  0.697466909264514E+002  0.282761436182191E+000  0.717238563817809E+000 -0.519295685089021E+001 -0.750123653727912E+001
  0.213216080788860E+000  0.149997067974154E+002  0.701240503529286E+002  0.317561686997074E+000  0.682438313002926E+000 -0.519295685089021E+001 -0.749985339870771E+001
  0.915025062490080E+000  0.157663131780673E+002  0.672397111892281E+002  0.372397808569032E+000  0.627602191430968E+000 -0.519295685089021E+001 -0.788315658903365E+001
  0.854338180944214E+000  0.153788333366833E+002  0.664313050169572E+002  0.372658470119868E+000  0.627341529880132E+000 -0.519295685089021E+001 -0.768941666834163E+001
  0.854806349818856E+000  0.153777376566447E+002  0.660860744332905E+002  0.375915273257144E+000  0.624084726742856E+000 -0.519295685089021E+001 -0.768886882832233E+001
  0.856829175376970E+000  0.153730104201038E+002  0.658187011828920E+002  0.378222666932000E+000  0.621777333068000E+000 -0.519295685089021E+001 -0.768650521005188E+001
  0.805607904218389E+000  0.153056728948274E+002  0.660112513926394E+002  0.374787337772219E+000  0.625212662227781E+000 -0.519295685089021E+001 -0.765283644741371E+001
  0.829843453315342E+000  0.152463930556475E+002  0.658146030806242E+002  0.374924455777850E+000  0.625075544222150E+000 -0.519295685089021E+001 -0.762319652782377E+001
  0.773256235053582E+000  0.151769252194662E+002  0.667146490026051E+002  0.364820408209731E+000  0.635179591790269E+000 -0.519295685089021E+001 -0.758846260973309E+001
  0.726054498254461E+000  0.150921749811450E+002  0.656178939165331E+002  0.371873280094473E+000  0.628126719905527E+000 -0.519295685089021E+001 -0.754608749057248E+001
  0.729777038552450E+000  0.150819470163928E+002  0.665701647638887E+002  0.363546752701717E+000  0.636453247298283E+000 -0.519295685089021E+001 -0.754097350819638E+001
  0.213857626215004E+000  0.149936980368836E+002  0.709572801920305E+002  0.283931434533303E+000  0.716068565466697E+000 -0.519295685089021E+001 -0.749684901844179E+001
  0.212094530403135E+000  0.149883967400896E+002  0.687510716884866E+002  0.288150867633034E+000  0.711849132366966E+000 -0.519295685089021E+001 -0.749419837004478E+001
  0.210284652572087E+000  0.149836785432374E+002  0.691901572486249E+002  0.285763349585259E+000  0.714236650414741E+000 -0.519295685089021E+001 -0.749183927161872E+001
  0.210416794284094E+000  0.149824221490193E+002  0.710884937421712E+002  0.294638855014586E+000  0.705361144985414E+000 -0.519295685089021E+001 -0.749121107450963E+001
  0.208796226360037E+000  0.149757855077723E+002  0.710317687781352E+002  0.296286593636962E+000  0.703713406363038E+000 -0.519295685089021E+001 -0.748789275388614E+001
  0.208951666740191E+000  0.149742971422782E+002  0.710740454216013E+002  0.293799514907934E+000  0.706200485092066E+000 -0.519295685089021E+001 -0.748714857113911E+001
  0.209063618261837E+000  0.149732258749984E+002  0.710649177934015E+002  0.288404765872877E+000  0.711595234127123E+000 -0.519295685089021E+001 -0.748661293749920E+001
  0.204835070972485E+000  0.149691471148070E+002  0.704157224410921E+002  0.311120448229640E+000  0.688879551770360E+000 -0.519295685089021E+001 -0.748457355740348E+001
  0.198624301380205E+000  0.149644227320072E+002  0.704806567848223E+002  0.309628030467456E+000  0.690371969532544E+000 -0.519295685089021E+001 -0.748221136600360E+001
  0.197214366122071E+000  0.149568122260183E+002  0.707586462735608E+002  0.303024750510989E+000  0.696975249489011E+000 -0.519295685089021E+001 -0.747840611300916E+001
  0.193208191090891E+000  0.149543781971499E+002  0.689491386651920E+002  0.333180752580126E+000  0.666819247419874E+000 -0.519295685089021E+001 -0.747718909857495E+001
  0.189797776908977E+000  0.149469840757711E+002  0.680826308035274E+002  0.343700903860573E+000  0.656299096139427E+000 -0.519295685089021E+001 -0.747349203788557E+001
  0.187882662446708E+000  0.149458765800269E+002  0.709433894613162E+002  0.295645724930778E+000  0.704354275069222E+000 -0.519295685089021E+001 -0.747293829001343E+001
  0.184603486730440E+000  0.149385366273990E+002  0.702914170806660E+002  0.311958586268597E+000  0.688041413731403E+000 -0.519295685089021E+001 -0.746926831369950E+001
  0.183192330103831E+000  0.149327196583435E+002  0.708821860883625E+002  0.296419125518483E+000  0.703580874481517E+000 -0.519295685089021E+001 -0.746635982917174E+001
  0.179505747797281E+000  0.149312715530432E+002  0.703309099820991E+002  0.310832318762255E+000  0.689167681237745E+000 -0.519295685089021E+001 -0.746563577652162E+001
  0.177695106892337E+000  0.149306050124416E+002  0.708364913089476E+002  0.298144505171278E+000  0.701855494828722E+000 -0.519295685089021E+001 -0.746530250622078E+001
  0.175862525888624E+000  0.149303956368894E+002  0.709032099594343E+002  0.290888448210460E+000  0.709111551789541E+000 -0.519295685089021E+001 -0.746519781844469E+001
  0.176099783768009E+000  0.149276992354985E+002  0.681342702220964E+002  0.342478764661668E+000  0.657521235338332E+000 -0.519295685089021E+001 -0.746384961774926E+001
  0.174348518768039E+000  0.149265240373592E+002  0.708959143219422E+002  0.293317636981282E+000  0.706682363018718E+000 -0.519295685089021E+001 -0.746326201867960E+001
  0.172538325079758E+000  0.149262336010533E+002  0.706355794257985E+002  0.303865601694839E+000  0.696134398305161E+000 -0.519295685089021E+001 -0.746311680052665E+001
  0.172903903270007E+000  0.149220004379166E+002  0.688681588040001E+002  0.333160437045856E+000  0.666839562954144E+000 -0.519295685089021E+001 -0.746100021895829E+001
  0.167779438067047E+000  0.149186744803883E+002  0.697785867522332E+002  0.319902728152519E+000  0.680097271847481E+000 -0.519295685089021E+001 -0.745933724019417E+001
  0.166145911346996E+000  0.149172996044403E+002  0.708480800142322E+002  0.294832392378722E+000  0.705167607621278E+000 -0.519295685089021E+001 -0.745864980222016E+001
  0.164666039960906E+000  0.149142509320802E+002  0.693183161527386E+002  0.326693002163299E+000  0.673306997836701E+000 -0.519295685089021E+001 -0.745712546604009E+001
  0.162977776340718E+000  0.149139194774730E+002  0.676048709590029E+002  0.299223943175080E+000  0.700776056824920E+000 -0.519295685089021E+001 -0.745695973873649E+001
  0.161347009011920E+000  0.149130898157076E+002  0.708300197170461E+002  0.291636543820593E+000  0.708363456179407E+000 -0.519295685089021E+001 -0.745654490785379E+001
  0.156586049255405E+000  0.149108120149375E+002  0.689316743272802E+002  0.289485726537415E+000  0.710514273462584E+000 -0.519295685089021E+001 -0.745540600746875E+001
  0.155135706571137E+000  0.149089098830806E+002  0.688819141957408E+002  0.289830894803050E+000  0.710169105196950E+000 -0.519295685089021E+001 -0.745445494154032E+001
  0.151144213121934E+000  0.149001231187237E+002  0.702728391246847E+002  0.310270308811597E+000  0.689729691188403E+000 -0.519295685089021E+001 -0.745006155936183E+001
  0.148396873822883E+000  0.148968101257124E+002  0.706769173007821E+002  0.289478570191755E+000  0.710521429808245E+000 -0.519295685089021E+001 -0.744840506285618E+001
  0.146952751803470E+000  0.148964677556407E+002  0.696040083760389E+002  0.321734423583073E+000  0.678265576416927E+000 -0.519295685089021E+001 -0.744823387782035E+001
  0.145590651667849E+000  0.148951914753087E+002  0.707457480608013E+002  0.291942852971245E+000  0.708057147028755E+000 -0.519295685089021E+001 -0.744759573765434E+001
  0.143067898510432E+000  0.148905454123044E+002  0.707392526720699E+002  0.294486359818651E+000  0.705513640181349E+000 -0.519295685089021E+001 -0.744527270615221E+001
  0.142017478723964E+000  0.148855792048135E+002  0.706959432774195E+002  0.296979829631692E+000  0.703020170368308E+000 -0.519295685089021E+001 -0.744278960240677E+001
  0.140796281621855E+000  0.148831468223119E+002  0.698698528680170E+002  0.316824155907985E+000  0.683175844092015E+000 -0.519295685089021E+001 -0.744157341115597E+001
  0.136859052512770E+000  0.148813309616696E+002  0.703714403590149E+002  0.306962556608435E+000  0.693037443391565E+000 -0.519295685089021E+001 -0.744066548083482E+001
  0.135728926803115E+000  0.148785908819120E+002  0.682780006545762E+002  0.339115385815670E+000  0.660884614184330E+000 -0.519295685089021E+001 -0.743929544095602E+001
  0.134691486053067E+000  0.148746127335724E+002  0.699926458218441E+002  0.314235450051596E+000  0.685764549948404E+000 -0.519295685089021E+001 -0.743730636678621E+001
  0.133592897771159E+000  0.148716684625324E+002  0.684844708752596E+002  0.336332289296461E+000  0.663667710703539E+000 -0.519295685089021E+001 -0.743583423126621E+001
  0.132365631694319E+000  0.148708027783802E+002  0.704914138357455E+002  0.289582353483574E+000  0.710417646516426E+000 -0.519295685089021E+001 -0.743540138919012E+001
  0.131152488202010E+000  0.148698936608384E+002  0.705179467703686E+002  0.290020498930226E+000  0.709979501069774E+000 -0.519295685089021E+001 -0.743494683041919E+001
  0.130005100921396E+000  0.148681438205645E+002  0.688116081825608E+002  0.291632323449595E+000  0.708367676550405E+000 -0.519295685089021E+001 -0.743407191028227E+001
  0.128854727640779E+000  0.148665961188916E+002  0.685949226153524E+002  0.293008492579071E+000  0.706991507420929E+000 -0.519295685089021E+001 -0.743329805944582E+001
  0.127716997032687E+000  0.148650098410924E+002  0.698142637209864E+002  0.316904877688119E+000  0.683095122311881E+000 -0.519295685089021E+001 -0.743250492054621E+001
  0.126640640576996E+000  0.148626127825562E+002  0.701615692848677E+002  0.310291192754529E+000  0.689708807245471E+000 -0.519295685089021E+001 -0.743130639127809E+001
  0.124587719358505E+000  0.148568369243831E+002  0.678401622810375E+002  0.343450842248916E+000  0.656549157751084E+000 -0.519295685089021E+001 -0.742841846219156E+001
  0.123700959923932E+000  0.148519840253618E+002  0.702087973707568E+002  0.308575690017432E+000  0.691424309982568E+000 -0.519295685089021E+001 -0.742599201268092E+001
  0.120815260423964E+000  0.148423170225805E+002  0.676292353638342E+002  0.301347855563018E+000  0.698652144436982E+000 -0.519295685089021E+001 -0.742115851129024E+001
  0.119872693771209E+000  0.148392021641406E+002  0.684904742327357E+002  0.294656319443443E+000  0.705343680556557E+000 -0.519295685089021E+001 -0.741960108207028E+001
  0.118765541508337E+000  0.148389806518292E+002  0.673517088331774E+002  0.304100315224784E+000  0.695899684775216E+000 -0.519295685089021E+001 -0.741949032591458E+001
  0.115911073302461E+000  0.148318191207178E+002  0.703777212968426E+002  0.302129095941753E+000  0.697870904058247E+000 -0.519295685089021E+001 -0.741590956035890E+001
  0.114007838089932E+000  0.148282330162689E+002  0.695161397248235E+002  0.290199904274332E+000  0.709800095725668E+000 -0.519295685089021E+001 -0.741411650813443E+001
  0.114024587510125E+000  0.148279392085759E+002  0.680635093787064E+002  0.339834632123304E+000  0.660165367876697E+000 -0.519295685089021E+001 -0.741396960428793E+001
  0.112187386129931E+000  0.148237280139756E+002  0.695032254025410E+002  0.290440132302132E+000  0.709559867697868E+000 -0.519295685089021E+001 -0.741186400698778E+001
  0.111221118253000E+000  0.148227636219525E+002  0.704166887556344E+002  0.295944587359140E+000  0.704055412640860E+000 -0.519295685089021E+001 -0.741138181097622E+001
  0.111286163976145E+000  0.148215942988751E+002  0.703983546444796E+002  0.295003751474929E+000  0.704996248525071E+000 -0.519295685089021E+001 -0.741079714943755E+001
  0.108605656571341E+000  0.148155592409700E+002  0.701952326054188E+002  0.291889079429824E+000  0.708110920570176E+000 -0.519295685089021E+001 -0.740777962048498E+001
  0.108768074835724E+000  0.148125705027530E+002  0.675481174227364E+002  0.303153987856106E+000  0.696846012143894E+000 -0.519295685089021E+001 -0.740628525137648E+001
  0.107790136423280E+000  0.148123689478503E+002  0.686230326368760E+002  0.294807454979376E+000  0.705192545020624E+000 -0.519295685089021E+001 -0.740618447392516E+001
  0.106971855604854E+000  0.148093447553229E+002  0.691005138687912E+002  0.325599497204864E+000  0.674400502795136E+000 -0.519295685089021E+001 -0.740467237766144E+001
  0.106060822204499E+000  0.148081858765875E+002  0.682140235178118E+002  0.297730853184453E+000  0.702269146815547E+000 -0.519295685089021E+001 -0.740409293829375E+001
  0.106205527898326E+000  0.148054590060087E+002  0.685810846121040E+002  0.295333155739650E+000  0.704666844260351E+000 -0.519295685089021E+001 -0.740272950300433E+001
  0.106302210156597E+000  0.148036391708191E+002  0.697189923518569E+002  0.315319537816977E+000  0.684680462183023E+000 -0.519295685089021E+001 -0.740181958540955E+001
  0.105636429261949E+000  0.147975999674295E+002  0.694394143045748E+002  0.319817255562332E+000  0.680182744437668E+000 -0.519295685089021E+001 -0.739879998371474E+001
  0.104723990331765E+000  0.147963453025163E+002  0.697468762165994E+002  0.314360795137047E+000  0.685639204862953E+000 -0.519295685089021E+001 -0.739817265125813E+001
  0.103772836878378E+000  0.147959884697287E+002  0.678276442322794E+002  0.341309897925792E+000  0.658690102074208E+000 -0.519295685089021E+001 -0.739799423486434E+001
  0.102836794783017E+000  0.147955057533917E+002  0.702708535382371E+002  0.296577606239761E+000  0.703422393760239E+000 -0.519295685089021E+001 -0.739775287669587E+001
  0.101894811771921E+000  0.147953053497690E+002  0.699291167264491E+002  0.310611622949726E+000  0.689388377050274E+000 -0.519295685089021E+001 -0.739765267488452E+001
  0.100957141457322E+000  0.147951904429619E+002  0.692239637646252E+002  0.323104820017883E+000  0.676895179982117E+000 -0.519295685089021E+001 -0.739759522148094E+001
  0.992841879219691E-001  0.147915718710924E+002  0.696678983781525E+002  0.315539134869257E+000  0.684460865130743E+000 -0.519295685089021E+001 -0.739578593554619E+001
  0.984448457775016E-001  0.147901183067552E+002  0.682446863968571E+002  0.336194726710722E+000  0.663805273289278E+000 -0.519295685089021E+001 -0.739505915337760E+001
  0.610899682884193E+000  0.149912725143449E+002  0.668729370607257E+002  0.357938403309200E+000  0.642061596690800E+000 -0.519295685089021E+001 -0.749563625717243E+001
  0.618668485220418E+000  0.149659989071711E+002  0.668754373661164E+002  0.357112372955531E+000  0.642887627044469E+000 -0.519295685089021E+001 -0.748299945358554E+001
  0.635371873573967E+000  0.149127171251533E+002  0.656516320159936E+002  0.365032335538211E+000  0.634967664461789E+000 -0.519295685089021E+001 -0.745635856257665E+001
  0.637144825085375E+000  0.149071440661577E+002  0.663703688607323E+002  0.359615287269841E+000  0.640384712730159E+000 -0.519295685089021E+001 -0.745357203307887E+001
  0.554019231100293E+000  0.148784378771649E+002  0.656763306323732E+002  0.363398359400814E+000  0.636601640599186E+000 -0.519295685089021E+001 -0.743921893858244E+001
  0.555729531262020E+000  0.148722732331524E+002  0.662657404939919E+002  0.359125662411994E+000  0.640874337588006E+000 -0.519295685089021E+001 -0.743613661657619E+001
  0.560679669469381E+000  0.148545371892548E+002  0.663111292388944E+002  0.358064604015811E+000  0.641935395984189E+000 -0.519295685089021E+001 -0.742726859462738E+001
  0.565108006837518E+000  0.148388029249663E+002  0.666517092578125E+002  0.354647077489951E+000  0.645352922510049E+000 -0.519295685089021E+001 -0.741940146248317E+001
  0.203030867984701E+000  0.149772018051822E+002  0.642789690407495E+002  0.346566918888089E+000  0.653433081111911E+000 -0.519295685089021E+001 -0.748860090259112E+001
  0.203702785629320E+000  0.149705938616311E+002  0.651930684589256E+002  0.369991723689946E+000  0.630008276310054E+000 -0.519295685089021E+001 -0.748529693081557E+001
  0.204105127711424E+000  0.149666474721719E+002  0.639797601350184E+002  0.360337257672121E+000  0.639662742327879E+000 -0.519295685089021E+001 -0.748332373608597E+001
  0.205744574955162E+000  0.149506469141392E+002  0.646092579082968E+002  0.340051482305810E+000  0.659948517694190E+000 -0.519295685089021E+001 -0.747532345706959E+001
  0.206611389056679E+000  0.149422384956470E+002  0.651828431144800E+002  0.368770040689731E+000  0.631229959310269E+000 -0.519295685089021E+001 -0.747111924782350E+001
  0.207692084490488E+000  0.149318046185123E+002  0.644504462867993E+002  0.345293875062686E+000  0.654706124937314E+000 -0.519295685089021E+001 -0.746590230925616E+001
  0.209027943735353E+000  0.149189819680010E+002  0.642010183636747E+002  0.356349526409419E+000  0.643650473590581E+000 -0.519295685089021E+001 -0.745949098400052E+001
  0.209771548160692E+000  0.149118797129013E+002  0.642863680359900E+002  0.364766304658135E+000  0.635233695341865E+000 -0.519295685089021E+001 -0.745593985645064E+001
  0.211197504504289E+000  0.148983303862857E+002  0.649960291358190E+002  0.367120382501544E+000  0.632879617498456E+000 -0.519295685089021E+001 -0.744916519314283E+001
  0.211235678878044E+000  0.148979689149301E+002  0.643598662666517E+002  0.364242508137279E+000  0.635757491862721E+000 -0.519295685089021E+001 -0.744898445746504E+001
  0.212316148146555E+000  0.148877650008560E+002  0.645906948538184E+002  0.344999640771344E+000  0.655000359228656E+000 -0.519295685089021E+001 -0.744388250042798E+001
  0.212857645357639E+000  0.148826706369781E+002  0.643914469409468E+002  0.362411291354339E+000  0.637588708645661E+000 -0.519295685089021E+001 -0.744133531848905E+001
  0.214582747935520E+000  0.148665269877448E+002  0.644104007072184E+002  0.357384175807583E+000  0.642615824192417E+000 -0.519295685089021E+001 -0.743326349387240E+001
  0.220036668356092E+000  0.148163294446029E+002  0.647383216931785E+002  0.359105469677870E+000  0.640894530322130E+000 -0.519295685089021E+001 -0.740816472230143E+001
  0.222547371758385E+000  0.147936378867738E+002  0.648199300843757E+002  0.356724331113462E+000  0.643275668886538E+000 -0.519295685089021E+001 -0.739681894338692E+001
  0.223257774096829E+000  0.147872637751570E+002  0.648177087062194E+002  0.354592414551229E+000  0.645407585448771E+000 -0.519295685089021E+001 -0.739363188757850E+001
  0.232597461578481E+000  0.149556254905763E+002  0.671510190376882E+002  0.302346536592922E+000  0.697653463407078E+000 -0.519295685089021E+001 -0.747781274528818E+001
  0.229238100643331E+000  0.149212243391035E+002  0.666334237686837E+002  0.309097968043784E+000  0.690902031956216E+000 -0.519295685089021E+001 -0.746061216955173E+001
  0.230676524135500E+000  0.149087139460451E+002  0.658740502625968E+002  0.319425625077206E+000  0.680574374922794E+000 -0.519295685089021E+001 -0.745435697302253E+001
  0.219091277489548E+000  0.148826928348808E+002  0.666874068876740E+002  0.309763239796711E+000  0.690236760203289E+000 -0.519295685089021E+001 -0.744134641744041E+001
  0.213231892297478E+000  0.148734117691131E+002  0.668508615796258E+002  0.308204329604447E+000  0.691795670395553E+000 -0.519295685089021E+001 -0.743670588455656E+001
  0.207732857348440E+000  0.148621690828489E+002  0.659534201016398E+002  0.320112024108193E+000  0.679887975891807E+000 -0.519295685089021E+001 -0.743108454142444E+001
  0.209251603812325E+000  0.148476001641370E+002  0.662517918854454E+002  0.316520693813238E+000  0.683479306186762E+000 -0.519295685089021E+001 -0.742380008206849E+001
  0.209579877417739E+000  0.148444650256639E+002  0.658199110190512E+002  0.322866155670030E+000  0.677133844329970E+000 -0.519295685089021E+001 -0.742223251283195E+001
  0.210008416762643E+000  0.148403796924947E+002  0.660598771287350E+002  0.319475819780995E+000  0.680524180219005E+000 -0.519295685089021E+001 -0.742018984624733E+001
  0.204385597890250E+000  0.148244754814898E+002  0.673616088440315E+002  0.347400265112987E+000  0.652599734887013E+000 -0.519295685089021E+001 -0.741223774074488E+001
  0.205175340707138E+000  0.148167624041792E+002  0.668533157730451E+002  0.310225988240815E+000  0.689774011759185E+000 -0.519295685089021E+001 -0.740838120208958E+001
  0.193128195308727E+000  0.147948659587745E+002  0.671416666426456E+002  0.307875651592215E+000  0.692124348407785E+000 -0.519295685089021E+001 -0.739743297938727E+001
  0.186846600586779E+000  0.147908157797738E+002  0.668268763085738E+002  0.311547089958785E+000  0.688452910041215E+000 -0.519295685089021E+001 -0.739540788988691E+001
  0.268234662270788E+000  0.149060858096828E+002  0.653647068724073E+002  0.327521909571545E+000  0.672478090428455E+000 -0.519295685089021E+001 -0.745304290484142E+001
  0.269975949965015E+000  0.148931444537881E+002  0.651933742412017E+002  0.331180014207032E+000  0.668819985792968E+000 -0.519295685089021E+001 -0.744657222689404E+001
  0.241540857797804E+000  0.149777471880480E+002  0.649868199889791E+002  0.331023366753686E+000  0.668976633246314E+000 -0.519295685089021E+001 -0.748887359402399E+001
  0.148350550798921E+000  0.148334367774703E+002  0.650376233263592E+002  0.337857672470304E+000  0.662142327529696E+000 -0.519295685089021E+001 -0.741671838873514E+001
  0.148712676122699E+000  0.148285607043608E+002  0.649766800257968E+002  0.339665283144317E+000  0.660334716855683E+000 -0.519295685089021E+001 -0.741428035218040E+001
  0.977245182255050E-001  0.147863729330263E+002  0.674013081779223E+002  0.305545965874287E+000  0.694454034125713E+000 -0.519295685089021E+001 -0.739318646651317E+001
  0.969885629873201E-001  0.147830584579408E+002  0.684355322993872E+002  0.297149680418188E+000  0.702850319581812E+000 -0.519295685089021E+001 -0.739152922897039E+001
  0.970250821612951E-001  0.147823055382298E+002  0.698455462554266E+002  0.311435844411720E+000  0.688564155588280E+000 -0.519295685089021E+001 -0.739115276911491E+001
  0.961706700348185E-001  0.147813909492418E+002  0.684085209839426E+002  0.333798368762788E+000  0.666201631237212E+000 -0.519295685089021E+001 -0.739069547462088E+001
  0.953188525889564E-001  0.147805797863119E+002  0.697434058737137E+002  0.313405691008340E+000  0.686594308991660E+000 -0.519295685089021E+001 -0.739028989315596E+001
  0.945736724269695E-001  0.147776719640372E+002  0.698787091907158E+002  0.310349344596171E+000  0.689650655403829E+000 -0.519295685089021E+001 -0.738883598201861E+001
  0.939366694721026E-001  0.147725837926665E+002  0.675721076792704E+002  0.304447638492982E+000  0.695552361507018E+000 -0.519295685089021E+001 -0.738629189633325E+001
  0.939443853460842E-001  0.147724195212024E+002  0.678406749702850E+002  0.302062692419939E+000  0.697937307580061E+000 -0.519295685089021E+001 -0.738620976060122E+001
  0.930722857176851E-001  0.147722930503113E+002  0.681445225362280E+002  0.299635343999806E+000  0.700364656000194E+000 -0.519295685089021E+001 -0.738614652515564E+001
  0.914680111874254E-001  0.147696830850343E+002  0.699738574457945E+002  0.294498042180415E+000  0.705501957819584E+000 -0.519295685089021E+001 -0.738484154251713E+001
  0.898747098714433E-001  0.147677904269892E+002  0.699280922942317E+002  0.308281252142934E+000  0.691718747857066E+000 -0.519295685089021E+001 -0.738389521349460E+001
  0.899236301075038E-001  0.147667020913066E+002  0.700014874978362E+002  0.295139103311931E+000  0.704860896688069E+000 -0.519295685089021E+001 -0.738335104565330E+001
  0.890926969890112E-001  0.147666640836505E+002  0.701147357169010E+002  0.297947553635271E+000  0.702052446364729E+000 -0.519295685089021E+001 -0.738333204182525E+001
  0.882783683761332E-001  0.147664238344537E+002  0.682178482140282E+002  0.335535260232280E+000  0.664464739767720E+000 -0.519295685089021E+001 -0.738321191722684E+001
  0.874781295566030E-001  0.147660316184253E+002  0.676297482887595E+002  0.304175865465842E+000  0.695824134534158E+000 -0.519295685089021E+001 -0.738301580921267E+001
  0.867269204689948E-001  0.147646757875676E+002  0.677234172768699E+002  0.303387292446599E+000  0.696612707553401E+000 -0.519295685089021E+001 -0.738233789378379E+001
  0.860450764863232E-001  0.147618570679154E+002  0.691928604199946E+002  0.321913514120356E+000  0.678086485879644E+000 -0.519295685089021E+001 -0.738092853395768E+001
  0.853144669751285E-001  0.147603068083807E+002  0.693412483793783E+002  0.294002639551307E+000  0.705997360448693E+000 -0.519295685089021E+001 -0.738015340419035E+001
  0.840343553381202E-001  0.147535053806120E+002  0.699223696809056E+002  0.295818979081369E+000  0.704181020918631E+000 -0.519295685089021E+001 -0.737675269030602E+001
  0.825611084658266E-001  0.147521810623182E+002  0.700365434300650E+002  0.298946835092970E+000  0.701053164907030E+000 -0.519295685089021E+001 -0.737609053115909E+001
  0.818317647948736E-001  0.147516625690344E+002  0.686776724331005E+002  0.297015878278654E+000  0.702984121721346E+000 -0.519295685089021E+001 -0.737583128451718E+001
  0.810907129059027E-001  0.147515917028074E+002  0.688510723528536E+002  0.296134860035323E+000  0.703865139964677E+000 -0.519295685089021E+001 -0.737579585140370E+001
  0.803645314606081E-001  0.147513177608712E+002  0.695671985543295E+002  0.314831911985109E+000  0.685168088014891E+000 -0.519295685089021E+001 -0.737565888043558E+001
  0.796787635955084E-001  0.147501924574055E+002  0.675123091223554E+002  0.305919171216193E+000  0.694080828783807E+000 -0.519295685089021E+001 -0.737509622870273E+001
  0.797446164401885E-001  0.147485401815997E+002  0.686179730371071E+002  0.297490461423664E+000  0.702509538576336E+000 -0.519295685089021E+001 -0.737427009079986E+001
  0.182488326462789E+000  0.147678366523570E+002  0.673025265462879E+002  0.345731662499904E+000  0.654268337500096E+000 -0.519295685089021E+001 -0.738391832617851E+001
  0.171263697807267E+000  0.147568143998831E+002  0.665079445760592E+002  0.316964052352586E+000  0.683035947647414E+000 -0.519295685089021E+001 -0.737840719994157E+001
  0.165638971696358E+000  0.147557991176211E+002  0.664438476485781E+002  0.317866432756720E+000  0.682133567243280E+000 -0.519295685089021E+001 -0.737789955881057E+001
  0.165646661517708E+000  0.147557062693889E+002  0.672262153113827E+002  0.308552853878796E+000  0.691447146121204E+000 -0.519295685089021E+001 -0.737785313469446E+001
  0.127620112552066E+000  0.147698338222681E+002  0.653545830476438E+002  0.335409204075205E+000  0.664590795924795E+000 -0.519295685089021E+001 -0.738491691113403E+001
  0.128439818422303E+000  0.147570288720018E+002  0.656181451909991E+002  0.330916621212890E+000  0.669083378787110E+000 -0.519295685089021E+001 -0.737851443600089E+001
  0.128730452946807E+000  0.147525083705194E+002  0.653472246503265E+002  0.336996702277871E+000  0.663003297722129E+000 -0.519295685089021E+001 -0.737625418525971E+001
  0.153235974205104E+000  0.147686347999739E+002  0.650793699489962E+002  0.342604815740548E+000  0.657395184259452E+000 -0.519295685089021E+001 -0.738431739998695E+001
  0.123686768709059E+000  0.147508011720947E+002  0.651080002777672E+002  0.344133539354950E+000  0.655866460645050E+000 -0.519295685089021E+001 -0.737540058604735E+001
  0.797549741579303E-001  0.147482804262557E+002  0.698318718467520E+002  0.308774371340522E+000  0.691225628659478E+000 -0.519295685089021E+001 -0.737414021312786E+001
  0.777918739159673E-001  0.147428216321104E+002  0.677638068490918E+002  0.303932268371883E+000  0.696067731628117E+000 -0.519295685089021E+001 -0.737141081605518E+001
  0.770929124816709E-001  0.147426079196084E+002  0.675473057646068E+002  0.342135137239014E+000  0.657864862760986E+000 -0.519295685089021E+001 -0.737130395980422E+001
  0.758000347764155E-001  0.147400684786342E+002  0.678502530757233E+002  0.303308377087899E+000  0.696691622912101E+000 -0.519295685089021E+001 -0.737003423931709E+001
  0.746724375698746E-001  0.147340068723437E+002  0.691894027762505E+002  0.295810296650103E+000  0.704189703349897E+000 -0.519295685089021E+001 -0.736700343617184E+001
  0.740259176229203E-001  0.147334610904779E+002  0.689169850948526E+002  0.324632082661164E+000  0.675367917338836E+000 -0.519295685089021E+001 -0.736673054523895E+001
  0.734069153524173E-001  0.147323179989915E+002  0.694989045554355E+002  0.295649505510592E+000  0.704350494489408E+000 -0.519295685089021E+001 -0.736615899949573E+001
  0.734119718883505E-001  0.147321802364452E+002  0.683070787294839E+002  0.300169200482234E+000  0.699830799517766E+000 -0.519295685089021E+001 -0.736609011822261E+001
  0.727644070528307E-001  0.147318007764665E+002  0.698529559989097E+002  0.297925566855845E+000  0.702074433144155E+000 -0.519295685089021E+001 -0.736590038823326E+001
  0.723400639991723E-001  0.147253987260517E+002  0.688865026291431E+002  0.324652817118945E+000  0.675347182881055E+000 -0.519295685089021E+001 -0.736269936302583E+001
  0.717493449498749E-001  0.147236978274991E+002  0.687842467879829E+002  0.297814631677539E+000  0.702185368322461E+000 -0.519295685089021E+001 -0.736184891374953E+001
  0.718369739167324E-001  0.147212566763245E+002  0.698579863477960E+002  0.302589633830676E+000  0.697410366169324E+000 -0.519295685089021E+001 -0.736062833816227E+001
  0.711841320998800E-001  0.147212504507029E+002  0.686432181685656E+002  0.298640257249656E+000  0.701359742750344E+000 -0.519295685089021E+001 -0.736062522535146E+001
  0.712075897912763E-001  0.147205914884740E+002  0.692934459793603E+002  0.317790166602598E+000  0.682209833397402E+000 -0.519295685089021E+001 -0.736029574423701E+001
  0.712372934120265E-001  0.147197573799961E+002  0.695159900828338E+002  0.296653505452580E+000  0.703346494547420E+000 -0.519295685089021E+001 -0.735987868999803E+001
  0.699659057244097E-001  0.147187360901638E+002  0.679640652934033E+002  0.336429437943546E+000  0.663570562056454E+000 -0.519295685089021E+001 -0.735936804508188E+001
  0.296300124678168E+000  0.147437965639634E+002  0.658187194186879E+002  0.355626202248463E+000  0.644373797751537E+000 -0.519295685089021E+001 -0.737189828198172E+001
  0.150282283309102E+000  0.147468240016115E+002  0.669545470176582E+002  0.311912125905142E+000  0.688087874094858E+000 -0.519295685089021E+001 -0.737341200080575E+001
  0.126966866473667E+000  0.147193593995790E+002  0.667423155595548E+002  0.315724906180337E+000  0.684275093819663E+000 -0.519295685089021E+001 -0.735967969978952E+001
  0.129888539988548E+000  0.147345963870350E+002  0.655680780056738E+002  0.355529837490552E+000  0.644470162509448E+000 -0.519295685089021E+001 -0.736729819351748E+001
  0.129989417542875E+000  0.147330436957586E+002  0.653552404011554E+002  0.354969492538902E+000  0.645030507461098E+000 -0.519295685089021E+001 -0.736652184787931E+001
  0.124138907039193E+000  0.147435034805957E+002  0.650590164142724E+002  0.348896077073973E+000  0.651103922926027E+000 -0.519295685089021E+001 -0.737175174029786E+001
  0.124297420825087E+000  0.147409512965610E+002  0.651792172467761E+002  0.343068480621994E+000  0.656931519378006E+000 -0.519295685089021E+001 -0.737047564828050E+001
  0.125746580496579E+000  0.147177685624898E+002  0.652119995893246E+002  0.348747739362148E+000  0.651252260637852E+000 -0.519295685089021E+001 -0.735888428124488E+001
  0.700001937276744E-001  0.147177561956297E+002  0.689278411555644E+002  0.297524011735085E+000  0.702475988264915E+000 -0.519295685089021E+001 -0.735887809781487E+001
  0.694131901939265E-001  0.147159936097030E+002  0.698142341259883E+002  0.300591693784312E+000  0.699408306215688E+000 -0.519295685089021E+001 -0.735799680485151E+001
  0.687857751844386E-001  0.147155487091036E+002  0.682412571274873E+002  0.301385760082796E+000  0.698614239917204E+000 -0.519295685089021E+001 -0.735777435455179E+001
  0.681589390302614E-001  0.147152532257647E+002  0.682476541903331E+002  0.332834648779790E+000  0.667165351220210E+000 -0.519295685089021E+001 -0.735762661288233E+001
  0.675349398809529E-001  0.147150428898560E+002  0.678729807479661E+002  0.337305460854081E+000  0.662694539145919E+000 -0.519295685089021E+001 -0.735752144492799E+001
  0.676333216029708E-001  0.147121315040525E+002  0.685944519193375E+002  0.299358139722070E+000  0.700641860277930E+000 -0.519295685089021E+001 -0.735606575202625E+001
  0.664773847543782E-001  0.147092251855937E+002  0.674085844922775E+002  0.308729923562615E+000  0.691270076437385E+000 -0.519295685089021E+001 -0.735461259279686E+001
  0.665238678335601E-001  0.147078272113590E+002  0.697321027754318E+002  0.299985411226700E+000  0.700014588773300E+000 -0.519295685089021E+001 -0.735391360567952E+001
  0.665429494639889E-001  0.147072536158993E+002  0.697495020728221E+002  0.300686226673901E+000  0.699313773326099E+000 -0.519295685089021E+001 -0.735362680794967E+001
  0.665497982556528E-001  0.147070477807419E+002  0.697665379780283E+002  0.301796153415378E+000  0.698203846584622E+000 -0.519295685089021E+001 -0.735352389037095E+001
  0.647689042764258E-001  0.147044217050227E+002  0.694454209746054E+002  0.297782233185193E+000  0.702217766814807E+000 -0.519295685089021E+001 -0.735221085251136E+001
  0.644410626458788E-001  0.146957913588483E+002  0.689673275850273E+002  0.298672921153845E+000  0.701327078846155E+000 -0.519295685089021E+001 -0.734789567942414E+001
  0.644413160908116E-001  0.146957834929186E+002  0.692841594159540E+002  0.316134227309028E+000  0.683865772690972E+000 -0.519295685089021E+001 -0.734789174645929E+001
  0.644597450327863E-001  0.146952116142408E+002  0.687777798824353E+002  0.299380756889477E+000  0.700619243110523E+000 -0.519295685089021E+001 -0.734760580712039E+001
  0.633058593588206E-001  0.146932412866392E+002  0.690874008572062E+002  0.298558922751563E+000  0.701441077248437E+000 -0.519295685089021E+001 -0.734662064331959E+001
  0.627333756513028E-001  0.146924523521791E+002  0.696648042843711E+002  0.302226938457271E+000  0.697773061542729E+000 -0.519295685089021E+001 -0.734622617608953E+001
  0.610624259352185E-001  0.146901043906132E+002  0.694072019277092E+002  0.313070176229402E+000  0.686929823770598E+000 -0.519295685089021E+001 -0.734505219530661E+001
  0.605113070634129E-001  0.146896325566562E+002  0.688032186532982E+002  0.299604070909676E+000  0.700395929090324E+000 -0.519295685089021E+001 -0.734481627832809E+001
  0.595347303795256E-001  0.146851352512500E+002  0.690516852012865E+002  0.299179056802641E+000  0.700820943197359E+000 -0.519295685089021E+001 -0.734256762562502E+001
  0.596445962824439E-001  0.146814478354165E+002  0.683214832571471E+002  0.302557355812259E+000  0.697442644187741E+000 -0.519295685089021E+001 -0.734072391770826E+001
  0.596514395175389E-001  0.146812183815187E+002  0.695967163041103E+002  0.304685789849292E+000  0.695314210150708E+000 -0.519295685089021E+001 -0.734060919075935E+001
  0.586554109168183E-001  0.146775110202858E+002  0.693075429323691E+002  0.299896485728460E+000  0.700103514271540E+000 -0.519295685089021E+001 -0.733875551014292E+001
  0.581255993715630E-001  0.146770535408954E+002  0.695318544438262E+002  0.302181690513500E+000  0.697818309486500E+000 -0.519295685089021E+001 -0.733852677044769E+001
  0.301122151049785E+000  0.147115103149526E+002  0.667251301419924E+002  0.348317830035982E+000  0.651682169964018E+000 -0.519295685089021E+001 -0.735575515747632E+001
  0.301817453149951E+000  0.147068975649953E+002  0.656593636064718E+002  0.353163029145887E+000  0.646836970854113E+000 -0.519295685089021E+001 -0.735344878249767E+001
  0.301819844460276E+000  0.147068817189876E+002  0.666467961293730E+002  0.348676844252934E+000  0.651323155747066E+000 -0.519295685089021E+001 -0.735344085949379E+001
  0.306392927858789E+000  0.146768056022909E+002  0.657084510847232E+002  0.350119372418173E+000  0.649880627581827E+000 -0.519295685089021E+001 -0.733840280114547E+001
  0.106906900617859E+000  0.146986518669499E+002  0.660637479841170E+002  0.351683864811509E+000  0.648316135188491E+000 -0.519295685089021E+001 -0.734932593347494E+001
  0.104610976115870E+000  0.146938765392330E+002  0.672722459890724E+002  0.310861072467340E+000  0.689138927532660E+000 -0.519295685089021E+001 -0.734693826961648E+001
  0.104798101569271E+000  0.146903021860048E+002  0.661500865363926E+002  0.325837322577259E+000  0.674162677422741E+000 -0.519295685089021E+001 -0.734515109300239E+001
  0.102425537519392E+000  0.146867161319742E+002  0.669917868171726E+002  0.344795230499685E+000  0.655204769500315E+000 -0.519295685089021E+001 -0.734335806598711E+001
  0.978430240418662E-001  0.146806791484700E+002  0.668890256330012E+002  0.315896237151517E+000  0.684103762848483E+000 -0.519295685089021E+001 -0.734033957423499E+001
  0.106205469546352E+000  0.146909114607791E+002  0.655996472052857E+002  0.336950171498678E+000  0.663049828501322E+000 -0.519295685089021E+001 -0.734545573038955E+001
  0.106470178990063E+000  0.146859328074687E+002  0.655163408555166E+002  0.340191332523643E+000  0.659808667476357E+000 -0.519295685089021E+001 -0.734296640373435E+001
  0.800790164608045E-001  0.146802708295311E+002  0.654866875574117E+002  0.347858001764510E+000  0.652141998235490E+000 -0.519295685089021E+001 -0.734013541476555E+001
  0.801112607726439E-001  0.146794656792353E+002  0.655481235762268E+002  0.349126438222857E+000  0.650873561777144E+000 -0.519295685089021E+001 -0.733973283961765E+001
  0.576245676851602E-001  0.146757631086594E+002  0.695467374828891E+002  0.306290969130343E+000  0.693709030869657E+000 -0.519295685089021E+001 -0.733788155432969E+001
  0.802795677490323E-001  0.146752682562351E+002  0.655646616618941E+002  0.340473198497499E+000  0.659526801502501E+000 -0.519295685089021E+001 -0.733763412811754E+001
  0.571353693517804E-001  0.146742096152469E+002  0.674659063566034E+002  0.309880768607867E+000  0.690119231392133E+000 -0.519295685089021E+001 -0.733710480762344E+001
  0.566134719166175E-001  0.146739575829376E+002  0.692708983331310E+002  0.300137710800081E+000  0.699862289199919E+000 -0.519295685089021E+001 -0.733697879146877E+001
  0.556436957129574E-001  0.146714758671906E+002  0.693047341608241E+002  0.300516987788409E+000  0.699483012211590E+000 -0.519295685089021E+001 -0.733573793359530E+001
  0.556476740819949E-001  0.146713328778808E+002  0.695027645045723E+002  0.307316223696952E+000  0.692683776303048E+000 -0.519295685089021E+001 -0.733566643894039E+001
  0.551565742437713E-001  0.146704567649268E+002  0.690707295540125E+002  0.318088657340794E+000  0.681911342659206E+000 -0.519295685089021E+001 -0.733522838246338E+001
  0.546475875183161E-001  0.146703937311300E+002  0.675991127814441E+002  0.308805133838026E+000  0.691194866161974E+000 -0.519295685089021E+001 -0.733519686556502E+001
  0.546975768716407E-001  0.146685650501056E+002  0.687191364555302E+002  0.301233100330757E+000  0.698766899669243E+000 -0.519295685089021E+001 -0.733428252505282E+001
  0.541897328321686E-001  0.146684414705636E+002  0.690308730807972E+002  0.300443303609073E+000  0.699556696390927E+000 -0.519295685089021E+001 -0.733422073528178E+001
  0.538253612999374E-001  0.146631553971429E+002  0.690545059523525E+002  0.300859892798317E+000  0.699140107201683E+000 -0.519295685089021E+001 -0.733157769857146E+001
  0.538578766160504E-001  0.146619475836436E+002  0.693826454056150E+002  0.309992085835131E+000  0.690007914164869E+000 -0.519295685089021E+001 -0.733097379182180E+001
  0.534355284842730E-001  0.146587357163660E+002  0.680481906290908E+002  0.305677637943605E+000  0.694322362056395E+000 -0.519295685089021E+001 -0.732936785818302E+001
  0.529768131788987E-001  0.146570212714944E+002  0.676410391699117E+002  0.309138895162735E+000  0.690861104837265E+000 -0.519295685089021E+001 -0.732851063574721E+001
  0.525858939155916E-001  0.146528766303210E+002  0.683421660385699E+002  0.304065258476040E+000  0.695934741523961E+000 -0.519295685089021E+001 -0.732643831516051E+001
  0.516663711203878E-001  0.146504212602803E+002  0.675424457637797E+002  0.310430544284394E+000  0.689569455715606E+000 -0.519295685089021E+001 -0.732521063014016E+001
  0.511871683008443E-001  0.146502782325269E+002  0.680555835324708E+002  0.306109671664132E+000  0.693890328335868E+000 -0.519295685089021E+001 -0.732513911626343E+001
  0.507305591313758E-001  0.146494195683926E+002  0.692290286109709E+002  0.302833462898847E+000  0.697166537101153E+000 -0.519295685089021E+001 -0.732470978419629E+001
  0.502739678827549E-001  0.146487222221198E+002  0.693558823451058E+002  0.306076865177417E+000  0.693923134822583E+000 -0.519295685089021E+001 -0.732436111105990E+001
  0.498077637699885E-001  0.146485758116993E+002  0.684441337079558E+002  0.303771549706649E+000  0.696228450293351E+000 -0.519295685089021E+001 -0.732428790584965E+001
  0.493766054287121E-001  0.146471845973412E+002  0.678920927616655E+002  0.333479834790672E+000  0.666520165209328E+000 -0.519295685089021E+001 -0.732359229867061E+001
  0.493916618544596E-001  0.146465748295979E+002  0.687940740975916E+002  0.302549432891838E+000  0.697450567108161E+000 -0.519295685089021E+001 -0.732328741479893E+001
  0.490231842625573E-001  0.146425939159878E+002  0.678809932857741E+002  0.307901325912765E+000  0.692098674087235E+000 -0.519295685089021E+001 -0.732129695799388E+001
  0.485815739238457E-001  0.146417344536396E+002  0.692724315011012E+002  0.305033930501778E+000  0.694966069498222E+000 -0.519295685089021E+001 -0.732086722681982E+001
  0.477302854457400E-001  0.146393539054713E+002  0.690307401557784E+002  0.315906171659780E+000  0.684093828340220E+000 -0.519295685089021E+001 -0.731967695273564E+001
  0.473131036677677E-001  0.146381320670708E+002  0.692217230085197E+002  0.304823487948024E+000  0.695176512051976E+000 -0.519295685089021E+001 -0.731906603353539E+001
  0.468839963173579E-001  0.146375743922981E+002  0.687227012024482E+002  0.321447504531549E+000  0.678552495468451E+000 -0.519295685089021E+001 -0.731878719614905E+001
  0.464493527111641E-001  0.146374226262470E+002  0.677766129447392E+002  0.334206990812142E+000  0.665793009187858E+000 -0.519295685089021E+001 -0.731871131312352E+001
  0.464665485583586E-001  0.146366823504856E+002  0.680820725200985E+002  0.306746799060546E+000  0.693253200939454E+000 -0.519295685089021E+001 -0.731834117524279E+001
  0.464847055739847E-001  0.146359009940197E+002  0.690681107044409E+002  0.303683109628889E+000  0.696316890371111E+000 -0.519295685089021E+001 -0.731795049700986E+001
  0.465089439110653E-001  0.146348584136816E+002  0.678317113821469E+002  0.308771426447378E+000  0.691228573552622E+000 -0.519295685089021E+001 -0.731742920684082E+001
  0.465259616117985E-001  0.146341267441721E+002  0.685021558797339E+002  0.324628974339301E+000  0.675371025660699E+000 -0.519295685089021E+001 -0.731706337208606E+001
  0.465271423344590E-001  0.146340759893833E+002  0.688330893971068E+002  0.319232995930356E+000  0.680767004069644E+000 -0.519295685089021E+001 -0.731703799469164E+001
  0.465384880713664E-001  0.146335883448290E+002  0.681391290677059E+002  0.306554034702208E+000  0.693445965297792E+000 -0.519295685089021E+001 -0.731679417241452E+001
  0.460872025946568E-001  0.146331764035566E+002  0.678589989588333E+002  0.308653015121950E+000  0.691346984878050E+000 -0.519295685089021E+001 -0.731658820177829E+001
  0.461228649652833E-001  0.146316293979704E+002  0.685673693640626E+002  0.304404413544635E+000  0.695595586455365E+000 -0.519295685089021E+001 -0.731581469898520E+001
  0.461299874482795E-001  0.146313205735677E+002  0.686381600100983E+002  0.304185412418554E+000  0.695814587581447E+000 -0.519295685089021E+001 -0.731566028678386E+001
  0.461306261009692E-001  0.146312928844959E+002  0.687506502246211E+002  0.303908383316339E+000  0.696091616683661E+000 -0.519295685089021E+001 -0.731564644224793E+001
  0.456684626251088E-001  0.146309180962960E+002  0.689869608201334E+002  0.315854181259670E+000  0.684145818740330E+000 -0.519295685089021E+001 -0.731545904814800E+001
  0.452366323899460E-001  0.146294066044393E+002  0.680665421978342E+002  0.307323791133876E+000  0.692676208866124E+000 -0.519295685089021E+001 -0.731470330221963E+001
  0.447776819499432E-001  0.146292883344500E+002  0.689195613954245E+002  0.304039474789749E+000  0.695960525210251E+000 -0.519295685089021E+001 -0.731464416722499E+001
  0.448109955324700E-001  0.146278009329167E+002  0.684737734542524E+002  0.305078309839055E+000  0.694921690160945E+000 -0.519295685089021E+001 -0.731390046645837E+001
  0.443499007802114E-001  0.146277615063362E+002  0.689925905473455E+002  0.304417422478321E+000  0.695582577521679E+000 -0.519295685089021E+001 -0.731388075316812E+001
  0.438978254920467E-001  0.146275273040857E+002  0.676887977873016E+002  0.310453699265233E+000  0.689546300734767E+000 -0.519295685089021E+001 -0.731376365204283E+001
  0.439249222900128E-001  0.146262931455329E+002  0.688671742219918E+002  0.317804119456005E+000  0.682195880543995E+000 -0.519295685089021E+001 -0.731314657276644E+001
  0.439692125145598E-001  0.146242775285230E+002  0.691493726317448E+002  0.309046693825474E+000  0.690953306174527E+000 -0.519295685089021E+001 -0.731213876426149E+001
  0.439769665337564E-001  0.146239248574098E+002  0.691488292093911E+002  0.308512237018497E+000  0.691487762981503E+000 -0.519295685089021E+001 -0.731196242870489E+001
  0.435381829076145E-001  0.146225896549938E+002  0.688739931670663E+002  0.304730553634321E+000  0.695269446365679E+000 -0.519295685089021E+001 -0.731129482749688E+001
  0.435559466448751E-001  0.146217738141283E+002  0.682539512156163E+002  0.327247624869297E+000  0.672752375130703E+000 -0.519295685089021E+001 -0.731088690706416E+001
  0.431018504289361E-001  0.146211126057827E+002  0.688143517725198E+002  0.304841668473852E+000  0.695158331526148E+000 -0.519295685089021E+001 -0.731055630289133E+001
  0.426594493847957E-001  0.146201250209237E+002  0.690118206038751E+002  0.313656380858877E+000  0.686343619141123E+000 -0.519295685089021E+001 -0.731006251046186E+001
  0.422145381377431E-001  0.146194714658194E+002  0.675809235839602E+002  0.311964257340406E+000  0.688035742659594E+000 -0.519295685089021E+001 -0.730973573290972E+001
  0.422149073544390E-001  0.146194539735006E+002  0.690089567832773E+002  0.313613724521336E+000  0.686386275478664E+000 -0.519295685089021E+001 -0.730972698675028E+001
  0.417588957276987E-001  0.146193176596045E+002  0.678660364054700E+002  0.309495753490347E+000  0.690504246509653E+000 -0.519295685089021E+001 -0.730965882980226E+001
  0.413167448083833E-001  0.146187487961865E+002  0.675840475289912E+002  0.311983047673926E+000  0.688016952326074E+000 -0.519295685089021E+001 -0.730937439809327E+001
  0.413263202572650E-001  0.146182853356933E+002  0.685540422928665E+002  0.322547953806720E+000  0.677452046193280E+000 -0.519295685089021E+001 -0.730914266784665E+001
  0.408970602817970E-001  0.146170684765822E+002  0.679423660507707E+002  0.330916926391968E+000  0.669083073608032E+000 -0.519295685089021E+001 -0.730853423829112E+001
  0.404660038485049E-001  0.146161607527155E+002  0.686702331548782E+002  0.320405308588586E+000  0.679594691411414E+000 -0.519295685089021E+001 -0.730808037635777E+001
  0.404811181793057E-001  0.146154138784303E+002  0.682696824155154E+002  0.307028027040525E+000  0.692971972959475E+000 -0.519295685089021E+001 -0.730770693921516E+001
  0.400662398354808E-001  0.146136704117393E+002  0.689993676979118E+002  0.306911821242359E+000  0.693088178757641E+000 -0.519295685089021E+001 -0.730683520586965E+001
  0.391989362926893E-001  0.146129930767978E+002  0.681876232212949E+002  0.307684038627581E+000  0.692315961372419E+000 -0.519295685089021E+001 -0.730649653839892E+001
  0.915469593818990E-001  0.146724686960709E+002  0.660230177170067E+002  0.349819679148048E+000  0.650180320851952E+000 -0.519295685089021E+001 -0.733623434803543E+001
  0.857697859688582E-001  0.146679566511354E+002  0.674986345707991E+002  0.338980653693874E+000  0.661019346306126E+000 -0.519295685089021E+001 -0.733397832556769E+001
  0.839179517045451E-001  0.146676533247303E+002  0.663863592919778E+002  0.323570600248873E+000  0.676429399751127E+000 -0.519295685089021E+001 -0.733382666236514E+001
  0.824132946587803E-001  0.146598810897479E+002  0.672569196071529E+002  0.312801354000017E+000  0.687198645999983E+000 -0.519295685089021E+001 -0.732994054487397E+001
  0.809137761768880E-001  0.146526486178943E+002  0.661973350114391E+002  0.327835474727464E+000  0.672164525272536E+000 -0.519295685089021E+001 -0.732632430894716E+001
  0.792561047873745E-001  0.146500901129518E+002  0.661412711205309E+002  0.347586808375071E+000  0.652413191624929E+000 -0.519295685089021E+001 -0.732504505647591E+001
  0.777500894326145E-001  0.146445017804953E+002  0.670980472652014E+002  0.341420377396970E+000  0.658579622603030E+000 -0.519295685089021E+001 -0.732225089024767E+001
  0.760727605829289E-001  0.146441628529220E+002  0.657512013921165E+002  0.344375785020241E+000  0.655624214979759E+000 -0.519295685089021E+001 -0.732208142646098E+001
  0.744669905529283E-001  0.146428736615147E+002  0.671152720281576E+002  0.315373927982925E+000  0.684626072017074E+000 -0.519295685089021E+001 -0.732143683075733E+001
  0.729622115925940E-001  0.146397444274072E+002  0.660748065906627E+002  0.331472800968721E+000  0.668527199031279E+000 -0.519295685089021E+001 -0.731987221370358E+001
  0.714174255552097E-001  0.146385861394520E+002  0.674586323402537E+002  0.337672546936396E+000  0.662327453063604E+000 -0.519295685089021E+001 -0.731929306972600E+001
  0.670469553834298E-001  0.146358064860147E+002  0.658082210898164E+002  0.340860277808929E+000  0.659139722191071E+000 -0.519295685089021E+001 -0.731790324300736E+001
  0.538084828771806E-001  0.146209509446425E+002  0.659420832976078E+002  0.341662848641653E+000  0.658337151358347E+000 -0.519295685089021E+001 -0.731047547232123E+001
  0.529181017183143E-001  0.146201334003484E+002  0.671967979862612E+002  0.338937532034387E+000  0.661062467965613E+000 -0.519295685089021E+001 -0.731006670017419E+001
  0.503766693311222E-001  0.146177063131319E+002  0.662338968415977E+002  0.330644151652051E+000  0.669355848347949E+000 -0.519295685089021E+001 -0.730885315656595E+001
  0.495853912727672E-001  0.146163115057243E+002  0.671695973146398E+002  0.338902512124748E+000  0.661097487875252E+000 -0.519295685089021E+001 -0.730815575286214E+001
  0.479968606616803E-001  0.146158531674179E+002  0.673409534791835E+002  0.337317143504633E+000  0.662682856495367E+000 -0.519295685089021E+001 -0.730792658370896E+001
  0.472782757604791E-001  0.146135015299574E+002  0.670727930550236E+002  0.339507389928533E+000  0.660492610071467E+000 -0.519295685089021E+001 -0.730675076497870E+001
  0.387691888475990E-001  0.146129409679054E+002  0.682331875745897E+002  0.307421575825853E+000  0.692578424174147E+000 -0.519295685089021E+001 -0.730647048395268E+001
  0.375398121320453E-001  0.146118089275104E+002  0.679531557164843E+002  0.330404413235859E+000  0.669595586764141E+000 -0.519295685089021E+001 -0.730590446375519E+001
  0.375416965647647E-001  0.146117085335384E+002  0.690333676105896E+002  0.310093542246148E+000  0.689906457753852E+000 -0.519295685089021E+001 -0.730585426676920E+001
  0.371365567929058E-001  0.146115511542578E+002  0.685759698989080E+002  0.321568079891765E+000  0.678431920108235E+000 -0.519295685089021E+001 -0.730577557712890E+001
  0.367496890547479E-001  0.146106371696697E+002  0.687086166247386E+002  0.319123701136745E+000  0.680876298863255E+000 -0.519295685089021E+001 -0.730531858483487E+001
  0.363597517042635E-001  0.146101136767202E+002  0.690163621131781E+002  0.308837202868640E+000  0.691162797131360E+000 -0.519295685089021E+001 -0.730505683836011E+001
  0.363710912033329E-001  0.146094900348809E+002  0.689127535128476E+002  0.314442822423022E+000  0.685557177576978E+000 -0.519295685089021E+001 -0.730474501744046E+001
  0.363808361021864E-001  0.146089542470731E+002  0.686986294455597E+002  0.319120826737936E+000  0.680879173262064E+000 -0.519295685089021E+001 -0.730447712353654E+001
  0.359987530123659E-001  0.146077233578430E+002  0.687668371482531E+002  0.317618279038184E+000  0.682381720961816E+000 -0.519295685089021E+001 -0.730386167892152E+001
  0.356080233449654E-001  0.146072033806214E+002  0.683384810225749E+002  0.307335347631505E+000  0.692664652368495E+000 -0.519295685089021E+001 -0.730360169031072E+001
  0.356111507371793E-001  0.146070277317316E+002  0.675674839205226E+002  0.334426688317655E+000  0.665573311682345E+000 -0.519295685089021E+001 -0.730351386586579E+001
  0.352236688558157E-001  0.146063097101328E+002  0.685597594714629E+002  0.306631827579316E+000  0.693368172420684E+000 -0.519295685089021E+001 -0.730315485506639E+001
  0.348645914393158E-001  0.146042036497676E+002  0.689188784918871E+002  0.313024516094437E+000  0.686975483905563E+000 -0.519295685089021E+001 -0.730210182488381E+001
  0.348750778925533E-001  0.146036021870181E+002  0.687668525903543E+002  0.306935428384351E+000  0.693064571615649E+000 -0.519295685089021E+001 -0.730180109350905E+001
  0.344838834632771E-001  0.146033056048081E+002  0.689530170900082E+002  0.310247263614138E+000  0.689752736385862E+000 -0.519295685089021E+001 -0.730165280240403E+001
  0.344845658792348E-001  0.146032660263652E+002  0.676738306705702E+002  0.333006962730774E+000  0.666993037269226E+000 -0.519295685089021E+001 -0.730163301318261E+001
  0.337471130862863E-001  0.146005209552043E+002  0.676384592992041E+002  0.312771611473753E+000  0.687228388526247E+000 -0.519295685089021E+001 -0.730026047760217E+001
  0.337479681227813E-001  0.146004702826824E+002  0.688626829288639E+002  0.308172906044050E+000  0.691827093955950E+000 -0.519295685089021E+001 -0.730023514134122E+001
  0.333851891511775E-001  0.145989643352595E+002  0.684885836905105E+002  0.307548751226668E+000  0.692451248773332E+000 -0.519295685089021E+001 -0.729948216762973E+001
  0.333959967020835E-001  0.145983169941940E+002  0.677362827765100E+002  0.312077834429822E+000  0.687922165570178E+000 -0.519295685089021E+001 -0.729915849709701E+001
  0.330137474992694E-001  0.145979488506204E+002  0.688852601134029E+002  0.312157188571604E+000  0.687842811428396E+000 -0.519295685089021E+001 -0.729897442531019E+001
  0.326327019493171E-001  0.145977750765883E+002  0.676439903160515E+002  0.312930994373072E+000  0.687069005626928E+000 -0.519295685089021E+001 -0.729888753829417E+001
  0.326375497376353E-001  0.145974779863702E+002  0.681585081245386E+002  0.309101748508297E+000  0.690898251491703E+000 -0.519295685089021E+001 -0.729873899318512E+001
  0.326484421277778E-001  0.145968106217530E+002  0.688056616262793E+002  0.314875646653658E+000  0.685124353346342E+000 -0.519295685089021E+001 -0.729840531087648E+001
  0.322925089620291E-001  0.145947819549064E+002  0.682397032748557E+002  0.308904190741631E+000  0.691095809258369E+000 -0.519295685089021E+001 -0.729739097745319E+001
  0.319084949341207E-001  0.145947555916846E+002  0.676503330061598E+002  0.313109539547642E+000  0.686890460452358E+000 -0.519295685089021E+001 -0.729737779584231E+001
  0.319113219902221E-001  0.145945784018248E+002  0.680432219809308E+002  0.327896040525575E+000  0.672103959474425E+000 -0.519295685089021E+001 -0.729728920091241E+001
  0.319232248995760E-001  0.145938325417806E+002  0.676233856743602E+002  0.332812043914146E+000  0.667187956085854E+000 -0.519295685089021E+001 -0.729691627089029E+001
  0.319427157365812E-001  0.145926118073850E+002  0.687276475363678E+002  0.316138122584021E+000  0.683861877415979E+000 -0.519295685089021E+001 -0.729630590369250E+001
  0.319463406951607E-001  0.145923848540515E+002  0.683558257578674E+002  0.308632747075642E+000  0.691367252924358E+000 -0.519295685089021E+001 -0.729619242702573E+001
  0.315581036289318E-001  0.145916817609622E+002  0.687450527702138E+002  0.308902987508479E+000  0.691097012491521E+000 -0.519295685089021E+001 -0.729584088048110E+001
  0.315682849865020E-001  0.145910366198172E+002  0.677680814223261E+002  0.330971900257328E+000  0.669028099742672E+000 -0.519295685089021E+001 -0.729551830990858E+001
  0.311723666370056E-001  0.145908004868384E+002  0.678610540162139E+002  0.329856983890832E+000  0.670143016109168E+000 -0.519295685089021E+001 -0.729540024341919E+001
  0.311742873496586E-001  0.145906772588843E+002  0.687618028305344E+002  0.309338787439724E+000  0.690661212560276E+000 -0.519295685089021E+001 -0.729533862944215E+001
  0.307837338333157E-001  0.145900848561161E+002  0.679658158042164E+002  0.328500012246372E+000  0.671499987753628E+000 -0.519295685089021E+001 -0.729504242805803E+001
  0.307855627812775E-001  0.145899660340367E+002  0.677095074598242E+002  0.331546809545514E+000  0.668453190454486E+000 -0.519295685089021E+001 -0.729498301701834E+001
  0.303944866769074E-001  0.145893910840345E+002  0.687806367924283E+002  0.310124498404535E+000  0.689875501595465E+000 -0.519295685089021E+001 -0.729469554201723E+001
  0.300074656826168E-001  0.145888769726247E+002  0.686483427634446E+002  0.308841139202523E+000  0.691158860797477E+000 -0.519295685089021E+001 -0.729443848631237E+001
  0.296212858601004E-001  0.145886387835004E+002  0.687949681080943E+002  0.311900324583824E+000  0.688099675416176E+000 -0.519295685089021E+001 -0.729431939175022E+001
  0.292396894931502E-001  0.145884270287832E+002  0.681639683175852E+002  0.325694327165630E+000  0.674305672834370E+000 -0.519295685089021E+001 -0.729421351439162E+001
  0.292414797597816E-001  0.145883045779735E+002  0.687146974288563E+002  0.309385319963124E+000  0.690614680036876E+000 -0.519295685089021E+001 -0.729415228898676E+001
  0.292480824072184E-001  0.145878530343326E+002  0.687854267302209E+002  0.312121223869287E+000  0.687878776130713E+000 -0.519295685089021E+001 -0.729392651716629E+001
  0.288647767891394E-001  0.145873909081534E+002  0.685689381482894E+002  0.318858800163381E+000  0.681141199836619E+000 -0.519295685089021E+001 -0.729369545407669E+001
  0.284830563183032E-001  0.145871701879402E+002  0.683433172631609E+002  0.322867601983942E+000  0.677132398016058E+000 -0.519295685089021E+001 -0.729358509397008E+001
  0.273841945351298E-001  0.145863763109610E+002  0.675169125891876E+002  0.333297171144921E+000  0.666702828855079E+000 -0.519295685089021E+001 -0.729318815548050E+001
  0.273897927657119E-001  0.145859674869277E+002  0.674876757888119E+002  0.315375644544515E+000  0.684624355455485E+000 -0.519295685089021E+001 -0.729298374346387E+001
  0.260375416371861E-001  0.145833100320268E+002  0.687312300567806E+002  0.311876050825319E+000  0.688123949174681E+000 -0.519295685089021E+001 -0.729165501601338E+001
  0.260463945848873E-001  0.145826301335069E+002  0.677554826188936E+002  0.313216632501834E+000  0.686783367498166E+000 -0.519295685089021E+001 -0.729131506675345E+001
  0.247748183875050E-001  0.145814458783783E+002  0.677135964697545E+002  0.313674614055662E+000  0.686325385944338E+000 -0.519295685089021E+001 -0.729072293918913E+001
  0.244770561097990E-001  0.145807839508913E+002  0.686282402516500E+002  0.310370293764389E+000  0.689629706235611E+000 -0.519295685089021E+001 -0.729039197544566E+001
  0.241852687056676E-001  0.145799238645346E+002  0.684716448475842E+002  0.309921286979144E+000  0.690078713020856E+000 -0.519295685089021E+001 -0.728996193226729E+001
  0.238892244023687E-001  0.145797112669309E+002  0.685510890581680E+002  0.317957841745593E+000  0.682042158254407E+000 -0.519295685089021E+001 -0.728985563346543E+001
  0.233118532328409E-001  0.145792571253248E+002  0.684113233174992E+002  0.320725873917129E+000  0.679274126082871E+000 -0.519295685089021E+001 -0.728962856266241E+001
  0.233141704762358E-001  0.145790583313285E+002  0.674722040778146E+002  0.316144320731642E+000  0.683855679268358E+000 -0.519295685089021E+001 -0.728952916566423E+001
  0.230266778780951E-001  0.145790290896410E+002  0.683120456800357E+002  0.310263660599133E+000  0.689736339400867E+000 -0.519295685089021E+001 -0.728951454482048E+001
  0.224725104552511E-001  0.145783651580350E+002  0.685349719643764E+002  0.310305906456231E+000  0.689694093543769E+000 -0.519295685089021E+001 -0.728918257901749E+001
  0.219410713833340E-001  0.145774472890570E+002  0.676621486965931E+002  0.314488925412059E+000  0.685511074587941E+000 -0.519295685089021E+001 -0.728872364452849E+001
  0.209451189468485E-001  0.145751004964475E+002  0.684017528750935E+002  0.320289035897682E+000  0.679710964102318E+000 -0.519295685089021E+001 -0.728755024822374E+001
  0.209456874989007E-001  0.145750462074900E+002  0.683747044017514E+002  0.310674113645708E+000  0.689325886354292E+000 -0.519295685089021E+001 -0.728752310374501E+001
  0.207079341217756E-001  0.145742090124554E+002  0.675632561942691E+002  0.331693889930407E+000  0.668306110069593E+000 -0.519295685089021E+001 -0.728710450622768E+001
  0.207093946582121E-001  0.145740679568653E+002  0.682079138865283E+002  0.311218252394721E+000  0.688781747605279E+000 -0.519295685089021E+001 -0.728703397843267E+001
  0.207132683662363E-001  0.145736938903276E+002  0.685444769249426E+002  0.316766278257102E+000  0.683233721742898E+000 -0.519295685089021E+001 -0.728684694516379E+001
  0.207135227619423E-001  0.145736693269280E+002  0.685560892420907E+002  0.311554493993122E+000  0.688445506006878E+000 -0.519295685089021E+001 -0.728683466346400E+001
  0.207149742243425E-001  0.145735291854789E+002  0.675243521457396E+002  0.316148449973837E+000  0.683851550026163E+000 -0.519295685089021E+001 -0.728676459273943E+001
  0.202117574312849E-001  0.145733286504872E+002  0.681844029771593E+002  0.323754141743481E+000  0.676245858256519E+000 -0.519295685089021E+001 -0.728666432524362E+001
  0.199724058501912E-001  0.145726142107917E+002  0.685138860018775E+002  0.317334686010964E+000  0.682665313989036E+000 -0.519295685089021E+001 -0.728630710539586E+001
  0.194945091521995E-001  0.145722688433658E+002  0.685637544391961E+002  0.312174338880922E+000  0.687825661119078E+000 -0.519295685089021E+001 -0.728613442168292E+001
  0.194948808852667E-001  0.145722307065223E+002  0.683138985170376E+002  0.321472253834403E+000  0.678527746165597E+000 -0.519295685089021E+001 -0.728611535326114E+001
  0.192593949302245E-001  0.145719963661408E+002  0.685649240745899E+002  0.315467237084065E+000  0.684532762915935E+000 -0.519295685089021E+001 -0.728599818307039E+001
  0.192608674504606E-001  0.145718434575004E+002  0.682547439681352E+002  0.311349396258583E+000  0.688650603741417E+000 -0.519295685089021E+001 -0.728592172875021E+001
  0.190270728522984E-001  0.145714236022615E+002  0.679055127103912E+002  0.327450476437293E+000  0.672549523562707E+000 -0.519295685089021E+001 -0.728571180113076E+001
  0.187969832755912E-001  0.145709114803554E+002  0.685718839250639E+002  0.314175587358866E+000  0.685824412641134E+000 -0.519295685089021E+001 -0.728545574017770E+001
  0.185705700831717E-001  0.145703030780679E+002  0.678299971759562E+002  0.328276809914601E+000  0.671723190085399E+000 -0.519295685089021E+001 -0.728515153903396E+001
  0.183419382864078E-001  0.145702338911015E+002  0.676101672717332E+002  0.330794644584202E+000  0.669205355415798E+000 -0.519295685089021E+001 -0.728511694555076E+001
  0.183479671647574E-001  0.145695766118494E+002  0.677320776754727E+002  0.314668798212222E+000  0.685331201787778E+000 -0.519295685089021E+001 -0.728478830592469E+001
  0.183491379820161E-001  0.145694489922724E+002  0.677702815398674E+002  0.314373307899483E+000  0.685626692100517E+000 -0.519295685089021E+001 -0.728472449613619E+001
  0.181199548288384E-001  0.145691085191540E+002  0.682102572399667E+002  0.322791138661253E+000  0.677208861338747E+000 -0.519295685089021E+001 -0.728455425957701E+001
  0.181200370909674E-001  0.145690994394468E+002  0.681792774800084E+002  0.323289419098289E+000  0.676710580901711E+000 -0.519295685089021E+001 -0.728454971972340E+001
  0.178959182013725E-001  0.145681840181257E+002  0.677212115991435E+002  0.329342192463408E+000  0.670657807536592E+000 -0.519295685089021E+001 -0.728409200906286E+001
  0.176734803697610E-001  0.145673920515838E+002  0.682509059133792E+002  0.321853541776264E+000  0.678146458223736E+000 -0.519295685089021E+001 -0.728369602579189E+001
  0.174509530987056E-001  0.145669271735948E+002  0.684729409149451E+002  0.312703030224616E+000  0.687296969775384E+000 -0.519295685089021E+001 -0.728346358679742E+001
  0.170106204771482E-001  0.145667550784737E+002  0.684682945313172E+002  0.316938805373039E+000  0.683061194626961E+000 -0.519295685089021E+001 -0.728337753923687E+001
  0.168011616801736E-001  0.145660567295051E+002  0.684423481268270E+002  0.312634688945213E+000  0.687365311054787E+000 -0.519295685089021E+001 -0.728302836475253E+001
  0.165891614257992E-001  0.145659756293328E+002  0.680038134626550E+002  0.325502271772006E+000  0.674497728227994E+000 -0.519295685089021E+001 -0.728298781466639E+001
  0.165894621037496E-001  0.145659393797337E+002  0.674789533381305E+002  0.331681792953530E+000  0.668318207046469E+000 -0.519295685089021E+001 -0.728296968986684E+001
  0.165905159108158E-001  0.145658123384118E+002  0.681757099641065E+002  0.322886724604759E+000  0.677113275395241E+000 -0.519295685089021E+001 -0.728290616920591E+001
  0.163752057293582E-001  0.145657938879769E+002  0.681118780652171E+002  0.312661087506568E+000  0.687338912493432E+000 -0.519295685089021E+001 -0.728289694398843E+001
  0.163753878284918E-001  0.145657716472644E+002  0.681529300019393E+002  0.323248771776572E+000  0.676751228223428E+000 -0.519295685089021E+001 -0.728288582363220E+001
  0.472951773670248E-001  0.146127866736773E+002  0.663354971833206E+002  0.343398359578388E+000  0.656601640421612E+000 -0.519295685089021E+001 -0.730639333683863E+001
  0.473067562237762E-001  0.146122970914301E+002  0.660149090674252E+002  0.339603290811022E+000  0.660396709188978E+000 -0.519295685089021E+001 -0.730614854571503E+001
  0.465508792746089E-001  0.146108973160853E+002  0.661507121105237E+002  0.342729862275780E+000  0.657270137724220E+000 -0.519295685089021E+001 -0.730544865804267E+001
  0.430002438514115E-001  0.146068862486273E+002  0.660735706476754E+002  0.339996197322850E+000  0.660003802677150E+000 -0.519295685089021E+001 -0.730344312431367E+001
  0.423688101166345E-001  0.146049761457981E+002  0.666068090174461E+002  0.325086000374191E+000  0.674913999625809E+000 -0.519295685089021E+001 -0.730248807289903E+001
  0.411110560195098E-001  0.146027418444936E+002  0.661114217131752E+002  0.339126918863575E+000  0.660873081136425E+000 -0.519295685089021E+001 -0.730137092224680E+001
  0.411307403935217E-001  0.146017844542008E+002  0.665542892090852E+002  0.326297730039821E+000  0.673702269960179E+000 -0.519295685089021E+001 -0.730089222710038E+001
  0.398958040808849E-001  0.146002486189838E+002  0.661700993566067E+002  0.335638755414157E+000  0.664361244585843E+000 -0.519295685089021E+001 -0.730012430949192E+001
  0.381540144971295E-001  0.145979098989395E+002  0.663492168023363E+002  0.330842689468320E+000  0.669157310531680E+000 -0.519295685089021E+001 -0.729895494946977E+001
  0.370414530739369E-001  0.145973906578610E+002  0.668382528395726E+002  0.322247600109313E+000  0.677752399890687E+000 -0.519295685089021E+001 -0.729869532893048E+001
  0.364986323542921E-001  0.145972861837415E+002  0.662500271278021E+002  0.340711894248753E+000  0.659288105751247E+000 -0.519295685089021E+001 -0.729864309187074E+001
  0.359644856757546E-001  0.145971417073952E+002  0.662114354487495E+002  0.334966717500033E+000  0.665033282499967E+000 -0.519295685089021E+001 -0.729857085369759E+001
  0.354485536046592E-001  0.145964105185853E+002  0.669305955194289E+002  0.321040556478263E+000  0.678959443521737E+000 -0.519295685089021E+001 -0.729820525929264E+001
  0.339721099856284E-001  0.145938903886658E+002  0.662078867241427E+002  0.336784322674646E+000  0.663215677325354E+000 -0.519295685089021E+001 -0.729694519433292E+001
  0.321479275012650E-001  0.145915683320788E+002  0.671269515795075E+002  0.318916628522442E+000  0.681083371477558E+000 -0.519295685089021E+001 -0.729578416603939E+001
  0.312900718530909E-001  0.145908646460122E+002  0.662420361380831E+002  0.336389032100097E+000  0.663610967899903E+000 -0.519295685089021E+001 -0.729543232300611E+001
  0.304724156937320E-001  0.145897652674926E+002  0.662499923040496E+002  0.336979899662250E+000  0.663020100337750E+000 -0.519295685089021E+001 -0.729488263374632E+001
  0.300801091213317E-001  0.145888347150897E+002  0.662724079801102E+002  0.335581916600661E+000  0.664418083399339E+000 -0.519295685089021E+001 -0.729441735754486E+001
  0.285518564621966E-001  0.145878315838095E+002  0.672031353719795E+002  0.336334659937695E+000  0.663665340062305E+000 -0.519295685089021E+001 -0.729391579190477E+001
  0.281949479707388E-001  0.145871830681629E+002  0.662904425480468E+002  0.337965192953289E+000  0.662034807046711E+000 -0.519295685089021E+001 -0.729359153408145E+001
  0.278369415208323E-001  0.145869339418016E+002  0.667013010512403E+002  0.339456175155774E+000  0.660543824844226E+000 -0.519295685089021E+001 -0.729346697090078E+001
  0.278397259387487E-001  0.145867338998058E+002  0.663010274478838E+002  0.335078898352777E+000  0.664921101647223E+000 -0.519295685089021E+001 -0.729336694990291E+001
  0.278405512294098E-001  0.145866746119787E+002  0.664702054605215E+002  0.329903815667659E+000  0.670096184332341E+000 -0.519295685089021E+001 -0.729333730598937E+001
  0.278415080027262E-001  0.145866058808054E+002  0.663308933626216E+002  0.333783557568187E+000  0.666216442431813E+000 -0.519295685089021E+001 -0.729330294040269E+001
  0.271153118659856E-001  0.145861282245075E+002  0.665675749097902E+002  0.327952485932252E+000  0.672047514067748E+000 -0.519295685089021E+001 -0.729306411225374E+001
  0.264133323437934E-001  0.145859529801368E+002  0.665382122016327E+002  0.328562824324039E+000  0.671437175675961E+000 -0.519295685089021E+001 -0.729297649006841E+001
  0.260799890531495E-001  0.145852099737650E+002  0.663042323327492E+002  0.337027025145688E+000  0.662972974854312E+000 -0.519295685089021E+001 -0.729260498688248E+001
  0.260850076691478E-001  0.145848251474386E+002  0.663074862942434E+002  0.336375752196004E+000  0.663624247803996E+000 -0.519295685089021E+001 -0.729241257371928E+001
  0.260979582872208E-001  0.145838324389482E+002  0.664083915851602E+002  0.338934014205387E+000  0.661065985794613E+000 -0.519295685089021E+001 -0.729191621947412E+001
  0.257516861182068E-001  0.145837003571656E+002  0.663582868996439E+002  0.338267694402454E+000  0.661732305597546E+000 -0.519295685089021E+001 -0.729185017858279E+001
  0.257525674739635E-001  0.145836319080030E+002  0.673875782012211E+002  0.334319532476831E+000  0.665680467523169E+000 -0.519295685089021E+001 -0.729181595400151E+001
  0.250806075020226E-001  0.145824533468791E+002  0.674299515135017E+002  0.333809349799341E+000  0.666190650200659E+000 -0.519295685089021E+001 -0.729122667343954E+001
  0.250845570229119E-001  0.145821384254841E+002  0.664980426030306E+002  0.339027102023749E+000  0.660972897976251E+000 -0.519295685089021E+001 -0.729106921274207E+001
  0.250868537857076E-001  0.145819553122122E+002  0.663661155580514E+002  0.334110230733322E+000  0.665889769266678E+000 -0.519295685089021E+001 -0.729097765610612E+001
  0.250928688086091E-001  0.145814758338397E+002  0.664184076906103E+002  0.338418329000794E+000  0.661581670999206E+000 -0.519295685089021E+001 -0.729073791691987E+001
  0.251013249615620E-001  0.145808019588436E+002  0.664015208980229E+002  0.333099324280698E+000  0.666900675719302E+000 -0.519295685089021E+001 -0.729040097942182E+001
  0.247635757164939E-001  0.145795262481078E+002  0.667281808913579E+002  0.325889453961224E+000  0.674110546038776E+000 -0.519295685089021E+001 -0.728976312405390E+001
  0.240822072693054E-001  0.145789856385470E+002  0.663826414612848E+002  0.335043579359544E+000  0.664956420640456E+000 -0.519295685089021E+001 -0.728949281927350E+001
  0.240890738858957E-001  0.145784154551122E+002  0.671127418561862E+002  0.336150595841243E+000  0.663849404158757E+000 -0.519295685089021E+001 -0.728920772755610E+001
  0.240902668582822E-001  0.145783164108025E+002  0.664941780626210E+002  0.330936090785962E+000  0.669063909214038E+000 -0.519295685089021E+001 -0.728915820540124E+001
  0.241088731515695E-001  0.145767722924462E+002  0.664431875761728E+002  0.332977463255577E+000  0.667022536744423E+000 -0.519295685089021E+001 -0.728838614622311E+001
  0.241131079893315E-001  0.145764210138241E+002  0.664740876012776E+002  0.337569596772462E+000  0.662430403227538E+000 -0.519295685089021E+001 -0.728821050691204E+001
  0.241160047708351E-001  0.145761807621303E+002  0.668923029907908E+002  0.323636750827574E+000  0.676363249172426E+000 -0.519295685089021E+001 -0.728809038106517E+001
  0.230923512863689E-001  0.145740257747932E+002  0.666068397742169E+002  0.329091432648704E+000  0.670908567351296E+000 -0.519295685089021E+001 -0.728701288739661E+001
  0.221234853854793E-001  0.145734048673753E+002  0.671204486916301E+002  0.335563897320413E+000  0.664436102679587E+000 -0.519295685089021E+001 -0.728670243368767E+001
  0.221237811963746E-001  0.145733781257555E+002  0.664648648227968E+002  0.336127205854721E+000  0.663872794145279E+000 -0.519295685089021E+001 -0.728668906287775E+001
  0.218088053480965E-001  0.145732792486783E+002  0.667488008055814E+002  0.326385037182318E+000  0.673614962817682E+000 -0.519295685089021E+001 -0.728663962433917E+001
  0.214991067066189E-001  0.145731066088792E+002  0.669775875591293E+002  0.336476231533263E+000  0.663523768466737E+000 -0.519295685089021E+001 -0.728655330443958E+001
  0.211974244076911E-001  0.145725925372688E+002  0.664694558419213E+002  0.335728622340588E+000  0.664271377659412E+000 -0.519295685089021E+001 -0.728629626863440E+001
  0.203238687954953E-001  0.145716406804859E+002  0.672925866167306E+002  0.318811666156500E+000  0.681188333843500E+000 -0.519295685089021E+001 -0.728582034024295E+001
  0.203269095020876E-001  0.145713414776932E+002  0.665899287492398E+002  0.337107450407302E+000  0.662892549592698E+000 -0.519295685089021E+001 -0.728567073884660E+001
  0.197731042994106E-001  0.145702456315567E+002  0.666224954884720E+002  0.336987511304364E+000  0.663012488695636E+000 -0.519295685089021E+001 -0.728512281577834E+001
  0.194998606616715E-001  0.145701037987590E+002  0.669832942491512E+002  0.323006004504956E+000  0.676993995495044E+000 -0.519295685089021E+001 -0.728505189937949E+001
  0.187176028887256E-001  0.145692191823424E+002  0.672655360588535E+002  0.319385280480631E+000  0.680614719519369E+000 -0.519295685089021E+001 -0.728460959117120E+001
  0.182211354665563E-001  0.145689262422771E+002  0.665161714004960E+002  0.333850680496676E+000  0.666149319503324E+000 -0.519295685089021E+001 -0.728446312113853E+001
  0.179792319949366E-001  0.145688099935253E+002  0.668288119835016E+002  0.325629174069804E+000  0.674370825930196E+000 -0.519295685089021E+001 -0.728440499676267E+001
  0.179797995447047E-001  0.145687468605939E+002  0.668016957658943E+002  0.326114939111134E+000  0.673885060888866E+000 -0.519295685089021E+001 -0.728437343029696E+001
  0.175062116139525E-001  0.145680757415579E+002  0.665903956443889E+002  0.336234130600967E+000  0.663765869399033E+000 -0.519295685089021E+001 -0.728403787077896E+001
  0.172803196438971E-001  0.145672047132997E+002  0.668717787183166E+002  0.325134349034826E+000  0.674865650965174E+000 -0.519295685089021E+001 -0.728360235664984E+001
  0.172833993794491E-001  0.145668483007784E+002  0.667252694549093E+002  0.327904203685105E+000  0.672095796314895E+000 -0.519295685089021E+001 -0.728342415038922E+001
  0.172864440099367E-001  0.145664960133282E+002  0.667621286434487E+002  0.336377819283730E+000  0.663622180716270E+000 -0.519295685089021E+001 -0.728324800666411E+001
  0.168230258482282E-001  0.145660462187198E+002  0.667890798461172E+002  0.336263849534154E+000  0.663736150465846E+000 -0.519295685089021E+001 -0.728302310935992E+001
  0.159540317421336E-001  0.145654281835631E+002  0.670967360707610E+002  0.334793746829830E+000  0.665206253170170E+000 -0.519295685089021E+001 -0.728271409178155E+001
  0.159590456605156E-001  0.145647997366904E+002  0.665759279768718E+002  0.333402172793286E+000  0.666597827206714E+000 -0.519295685089021E+001 -0.728239986834518E+001
  0.159603966148839E-001  0.145646304412049E+002  0.669127041287339E+002  0.324834940852181E+000  0.675165059147819E+000 -0.519295685089021E+001 -0.728231522060244E+001
  0.155568243571125E-001  0.145644122847278E+002  0.684362850679241E+002  0.313115952042051E+000  0.686884047957949E+000 -0.519295685089021E+001 -0.728220614236389E+001
  0.151701427252874E-001  0.145641170808677E+002  0.682016252108108E+002  0.322195257159798E+000  0.677804742840202E+000 -0.519295685089021E+001 -0.728205854043383E+001
  0.149889034308751E-001  0.145629976077449E+002  0.684350242796552E+002  0.313706718535653E+000  0.686293281464347E+000 -0.519295685089021E+001 -0.728149880387247E+001
  0.148023758687104E-001  0.145628849563423E+002  0.683457665841768E+002  0.319138512443341E+000  0.680861487556659E+000 -0.519295685089021E+001 -0.728144247817117E+001
  0.144418480168595E-001  0.145621975424773E+002  0.679855390369028E+002  0.313751521218391E+000  0.686248478781609E+000 -0.519295685089021E+001 -0.728109877123866E+001
  0.144422404298771E-001  0.145621431993370E+002  0.681646980559522E+002  0.313009068059872E+000  0.686990931940128E+000 -0.519295685089021E+001 -0.728107159966852E+001
  0.144425142135539E-001  0.145621052854021E+002  0.680258785505369E+002  0.313553199523114E+000  0.686446800476886E+000 -0.519295685089021E+001 -0.728105264270107E+001
  0.144500195498348E-001  0.145610662160687E+002  0.683406936484450E+002  0.313300447570435E+000  0.686699552429565E+000 -0.519295685089021E+001 -0.728053310803434E+001
  0.142674907849389E-001  0.145606837862699E+002  0.679794851905092E+002  0.313987488976150E+000  0.686012511023850E+000 -0.519295685089021E+001 -0.728034189313496E+001
  0.140858856124935E-001  0.145604975804235E+002  0.684115446029710E+002  0.314671916250364E+000  0.685328083749636E+000 -0.519295685089021E+001 -0.728024879021173E+001
  0.139145995839963E-001  0.145591600846075E+002  0.681462486887846E+002  0.322325056277372E+000  0.677674943722628E+000 -0.519295685089021E+001 -0.727958004230374E+001
  0.139146730136448E-001  0.145591495303038E+002  0.675072302995950E+002  0.330605074892695E+000  0.669394925107305E+000 -0.519295685089021E+001 -0.727957476515189E+001
  0.139149870903227E-001  0.145591043875781E+002  0.678377388183577E+002  0.315075038252476E+000  0.684924961747524E+000 -0.519295685089021E+001 -0.727955219378906E+001
  0.135584925028401E-001  0.145583764974426E+002  0.681540685982224E+002  0.322049365473967E+000  0.677950634526033E+000 -0.519295685089021E+001 -0.727918824872130E+001
  0.135587257942422E-001  0.145583420851516E+002  0.683672726369169E+002  0.316875933094067E+000  0.683124066905933E+000 -0.519295685089021E+001 -0.727917104257578E+001
  0.135592250773558E-001  0.145582684390098E+002  0.681507040038758E+002  0.322089042995885E+000  0.677910957004115E+000 -0.519295685089021E+001 -0.727913421950489E+001
  0.135601440776504E-001  0.145581328900905E+002  0.682765079056696E+002  0.319557206196945E+000  0.680442793803056E+000 -0.519295685089021E+001 -0.727906644504526E+001
  0.133778560450276E-001  0.145579897891549E+002  0.683409320075263E+002  0.317747498722965E+000  0.682252501277035E+000 -0.519295685089021E+001 -0.727899489457743E+001
  0.133824275698557E-001  0.145573064593459E+002  0.681033814174184E+002  0.322730438707237E+000  0.677269561292763E+000 -0.519295685089021E+001 -0.727865322967294E+001
  0.132017662461502E-001  0.145569035026817E+002  0.681147857039519E+002  0.322465553320943E+000  0.677534446679057E+000 -0.519295685089021E+001 -0.727845175134084E+001
  0.130213318385530E-001  0.145568402661591E+002  0.683545888956152E+002  0.315758382537325E+000  0.684241617462675E+000 -0.519295685089021E+001 -0.727842013307954E+001
  0.128435086073684E-001  0.145567544345679E+002  0.676978544805579E+002  0.328247018428194E+000  0.671752981571806E+000 -0.519295685089021E+001 -0.727837721728396E+001
  0.124966029606031E-001  0.145567198316668E+002  0.682747887962974E+002  0.314161747612238E+000  0.685838252387762E+000 -0.519295685089021E+001 -0.727835991583341E+001
  0.124982278836479E-001  0.145564597902115E+002  0.683480601028264E+002  0.316057206695910E+000  0.683942793304090E+000 -0.519295685089021E+001 -0.727822989510574E+001
  0.123273345087199E-001  0.145564086469172E+002  0.681756929647126E+002  0.314024006649788E+000  0.685975993350212E+000 -0.519295685089021E+001 -0.727820432345860E+001
  0.118361656538199E-001  0.145560834264052E+002  0.678492421898545E+002  0.315405801334420E+000  0.684594198665580E+000 -0.519295685089021E+001 -0.727804171320261E+001
  0.115259112364330E-001  0.145558710889915E+002  0.678949844023467E+002  0.315147405642993E+000  0.684852594357007E+000 -0.519295685089021E+001 -0.727793554449576E+001
  0.113756590100418E-001  0.145556241429265E+002  0.676452079411430E+002  0.328694966360567E+000  0.671305033639433E+000 -0.519295685089021E+001 -0.727781207146326E+001
  0.112300359276902E-001  0.145549015496311E+002  0.681477854466053E+002  0.314353389668663E+000  0.685646610331337E+000 -0.519295685089021E+001 -0.727745077481554E+001
  0.112301089325757E-001  0.145548885479544E+002  0.676895761872915E+002  0.316759880677236E+000  0.683240119322764E+000 -0.519295685089021E+001 -0.727744427397720E+001
  0.110811007656602E-001  0.145547573980458E+002  0.676248673402702E+002  0.328802364508052E+000  0.671197635491948E+000 -0.519295685089021E+001 -0.727737869902289E+001
  0.107911719571504E-001  0.145544461738283E+002  0.678257811174789E+002  0.326356520775979E+000  0.673643479224021E+000 -0.519295685089021E+001 -0.727722308691415E+001
  0.103788414747548E-001  0.145539230040796E+002  0.682804980012722E+002  0.317926743649042E+000  0.682073256350958E+000 -0.519295685089021E+001 -0.727696150203979E+001
  0.103789212616766E-001  0.145539076292200E+002  0.682128153824842E+002  0.319878615295919E+000  0.680121384704081E+000 -0.519295685089021E+001 -0.727695381461000E+001
  0.102444046224945E-001  0.145538540292845E+002  0.676436934555229E+002  0.317291164259866E+000  0.682708835740134E+000 -0.519295685089021E+001 -0.727692701464226E+001
  0.985655025479295E-002  0.145536158676989E+002  0.682648119669780E+002  0.318340648662332E+000  0.681659351337668E+000 -0.519295685089021E+001 -0.727680793384944E+001
  0.985712247541279E-002  0.145534997613543E+002  0.681053225567239E+002  0.321970822378022E+000  0.678029177621978E+000 -0.519295685089021E+001 -0.727674988067713E+001
  0.973420830522554E-002  0.145527889054619E+002  0.678933693457547E+002  0.325190257402306E+000  0.674809742597694E+000 -0.519295685089021E+001 -0.727639445273093E+001
  0.973561931474152E-002  0.145524990190703E+002  0.675452123379948E+002  0.329332258751109E+000  0.670667741248891E+000 -0.519295685089021E+001 -0.727624950953512E+001
  0.973833719070950E-002  0.145519407604576E+002  0.681589048782778E+002  0.315071618736932E+000  0.684928381263068E+000 -0.519295685089021E+001 -0.727597038022878E+001
  0.961033348955129E-002  0.145519132243850E+002  0.681972909177012E+002  0.315236060470720E+000  0.684763939529280E+000 -0.519295685089021E+001 -0.727595661219252E+001
  0.961070729993227E-002  0.145518354324725E+002  0.682577321928392E+002  0.316296361360589E+000  0.683703638639411E+000 -0.519295685089021E+001 -0.727591771623625E+001
  0.948371967239481E-002  0.145515918135432E+002  0.680784513704117E+002  0.315133879427052E+000  0.684866120572948E+000 -0.519295685089021E+001 -0.727579590677159E+001
  0.911615601099843E-002  0.145511679254507E+002  0.678259802009023E+002  0.316295730047707E+000  0.683704269952293E+000 -0.519295685089021E+001 -0.727558396272536E+001
  0.911648100086957E-002  0.145510966269609E+002  0.680631173322355E+002  0.315265154530809E+000  0.684734845469191E+000 -0.519295685089021E+001 -0.727554831348044E+001
  0.899890893788378E-002  0.145505672406485E+002  0.676213033601779E+002  0.317962938559966E+000  0.682037061440034E+000 -0.519295685089021E+001 -0.727528362032423E+001
  0.865551611288103E-002  0.145499388588485E+002  0.677344090408729E+002  0.317132219870480E+000  0.682867780129520E+000 -0.519295685089021E+001 -0.727496942942424E+001
  0.854482519326366E-002  0.145498739680714E+002  0.678919295569552E+002  0.316126343592517E+000  0.683873656407483E+000 -0.519295685089021E+001 -0.727493698403569E+001
  0.832943059738390E-002  0.145496506287977E+002  0.680080733751695E+002  0.322861429057563E+000  0.677138570942437E+000 -0.519295685089021E+001 -0.727482531439886E+001
  0.822539260796967E-002  0.145493107156073E+002  0.681901867052396E+002  0.316326041101705E+000  0.683673958898295E+000 -0.519295685089021E+001 -0.727465535780365E+001
  0.792162073011380E-002  0.145490904725865E+002  0.681355934332191E+002  0.320190015839882E+000  0.679809984160118E+000 -0.519295685089021E+001 -0.727454523629324E+001
  0.792230828758532E-002  0.145489168900184E+002  0.681772461725285E+002  0.318913746233586E+000  0.681086253766414E+000 -0.519295685089021E+001 -0.727445844500919E+001
  0.792241666445898E-002  0.145488895302822E+002  0.677568890513153E+002  0.317138361709122E+000  0.682861638290878E+000 -0.519295685089021E+001 -0.727444476514109E+001
  0.792386562965469E-002  0.145485237750412E+002  0.679279302308018E+002  0.316207199857383E+000  0.683792800142617E+000 -0.519295685089021E+001 -0.727426188752061E+001
  0.762829578336257E-002  0.145481107660273E+002  0.680864274942432E+002  0.320996523621161E+000  0.679003476378839E+000 -0.519295685089021E+001 -0.727405538301365E+001
  0.762859800361814E-002  0.145480315309589E+002  0.679000077024781E+002  0.324247588007301E+000  0.675752411992699E+000 -0.519295685089021E+001 -0.727401576547946E+001
  0.762869043553252E-002  0.145480072981040E+002  0.680984093189773E+002  0.316087189323348E+000  0.683912810676652E+000 -0.519295685089021E+001 -0.727400364905199E+001
  0.743604446773702E-002  0.145478767309769E+002  0.681093846260947E+002  0.320395414233770E+000  0.679604585766230E+000 -0.519295685089021E+001 -0.727393836548847E+001
  0.725052665896093E-002  0.145477709971268E+002  0.681612203667312E+002  0.318778383569149E+000  0.681221616430851E+000 -0.519295685089021E+001 -0.727388549856342E+001
  0.716114148431870E-002  0.145474228635004E+002  0.676976799124417E+002  0.326845793428060E+000  0.673154206571940E+000 -0.519295685089021E+001 -0.727371143175021E+001
  0.707220301835654E-002  0.145472600214463E+002  0.681288154352486E+002  0.319615409729570E+000  0.680384590270430E+000 -0.519295685089021E+001 -0.727363001072315E+001
  0.698388828392039E-002  0.145472348767585E+002  0.681609011864562E+002  0.317327855548725E+000  0.682672144451276E+000 -0.519295685089021E+001 -0.727361743837925E+001
  0.698417588779158E-002  0.145471525163490E+002  0.680576278970572E+002  0.321315166462865E+000  0.678684833537135E+000 -0.519295685089021E+001 -0.727357625817451E+001
  0.672821740983237E-002  0.145463453929412E+002  0.678775715736929E+002  0.324239751674817E+000  0.675760248325183E+000 -0.519295685089021E+001 -0.727317269647062E+001
  0.672932143163401E-002  0.145460172432499E+002  0.681311377497858E+002  0.318598017459621E+000  0.681401982540379E+000 -0.519295685089021E+001 -0.727300862162497E+001
  0.664583620177340E-002  0.145458272542100E+002  0.679579899383418E+002  0.322833472686251E+000  0.677166527313749E+000 -0.519295685089021E+001 -0.727291362710501E+001
  0.648255150863320E-002  0.145455773283890E+002  0.679695759142712E+002  0.316739068622207E+000  0.683260931377793E+000 -0.519295685089021E+001 -0.727278866419450E+001
  0.624841924107261E-002  0.145455207298773E+002  0.678445628434323E+002  0.317212889709634E+000  0.682787110290366E+000 -0.519295685089021E+001 -0.727276036493863E+001
  0.617364838095578E-002  0.145453550837126E+002  0.681189965327065E+002  0.318019914393973E+000  0.681980085606027E+000 -0.519295685089021E+001 -0.727267754185630E+001
  0.610050115288104E-002  0.145449504603784E+002  0.679323977783886E+002  0.323049864529298E+000  0.676950135470702E+000 -0.519295685089021E+001 -0.727247523018922E+001
  0.610050966082184E-002  0.145449476711207E+002  0.677394522885460E+002  0.317971926105180E+000  0.682028073894820E+000 -0.519295685089021E+001 -0.727247383556037E+001
  0.595474378649451E-002  0.145445330482720E+002  0.676855490604912E+002  0.318449011961542E+000  0.681550988038458E+000 -0.519295685089021E+001 -0.727226652413598E+001
  0.588368621381797E-002  0.145442997358982E+002  0.680694096502712E+002  0.319838970153814E+000  0.680161029846186E+000 -0.519295685089021E+001 -0.727214986794909E+001
  0.159610726924270E-001  0.145645457236079E+002  0.673676265393429E+002  0.318727624538840E+000  0.681272375461160E+000 -0.519295685089021E+001 -0.728227286180393E+001
  0.159619422742493E-001  0.145644367637463E+002  0.672225820639534E+002  0.320449297543899E+000  0.679550702456101E+000 -0.519295685089021E+001 -0.728221838187317E+001
  0.157437920370017E-001  0.145643724190977E+002  0.666983710484268E+002  0.329026458930490E+000  0.670973541069510E+000 -0.519295685089021E+001 -0.728218620954887E+001
  0.155429780668487E-001  0.145624601064696E+002  0.666321268929887E+002  0.334601081452993E+000  0.665398918547007E+000 -0.519295685089021E+001 -0.728123005323480E+001
  0.155434312580981E-001  0.145624017927229E+002  0.666316482676446E+002  0.331727792500293E+000  0.668272207499707E+000 -0.519295685089021E+001 -0.728120089636147E+001
  0.153294942929349E-001  0.145621481447196E+002  0.667949717684514E+002  0.335530657107430E+000  0.664469342892570E+000 -0.519295685089021E+001 -0.728107407235981E+001
  0.147092943490278E-001  0.145619759956825E+002  0.671300487284873E+002  0.321959357441113E+000  0.678040642558887E+000 -0.519295685089021E+001 -0.728098799784127E+001
  0.143247461924705E-001  0.145609006868821E+002  0.671579461083637E+002  0.321724512337311E+000  0.678275487662689E+000 -0.519295685089021E+001 -0.728045034344104E+001
  0.143247477955062E-001  0.145609004630686E+002  0.670643861363823E+002  0.323028614651787E+000  0.676971385348213E+000 -0.519295685089021E+001 -0.728045023153430E+001
  0.139446650156916E-001  0.145606264334499E+002  0.673536026033623E+002  0.319346563501049E+000  0.680653436498951E+000 -0.519295685089021E+001 -0.728031321672497E+001
  0.137645924254571E-001  0.145597753333784E+002  0.668221583059925E+002  0.327322067398344E+000  0.672677932601656E+000 -0.519295685089021E+001 -0.727988766668920E+001
  0.135826116768196E-001  0.145595475070181E+002  0.668060106778761E+002  0.334979450765056E+000  0.665020549234944E+000 -0.519295685089021E+001 -0.727977375350906E+001
  0.134024172478327E-001  0.145594121447597E+002  0.672914623393611E+002  0.320224513033381E+000  0.679775486966619E+000 -0.519295685089021E+001 -0.727970607237987E+001
  0.128847906941210E-001  0.145587064524520E+002  0.667143783604373E+002  0.330302842309946E+000  0.669697157690054E+000 -0.519295685089021E+001 -0.727935322622601E+001
  0.128859693170405E-001  0.145585235128849E+002  0.673266241715339E+002  0.319921143977063E+000  0.680078856022937E+000 -0.519295685089021E+001 -0.727926175644244E+001
  0.128862130448795E-001  0.145584856848367E+002  0.670564131896853E+002  0.334074153158921E+000  0.665925846841079E+000 -0.519295685089021E+001 -0.727924284241836E+001
  0.120727931840916E-001  0.145581272860607E+002  0.670229886690935E+002  0.324065378191959E+000  0.675934621808041E+000 -0.519295685089021E+001 -0.727906364303035E+001
  0.120730579634977E-001  0.145580834227229E+002  0.669035208944686E+002  0.326086311797502E+000  0.673913688202498E+000 -0.519295685089021E+001 -0.727904171136146E+001
  0.117687473051707E-001  0.145578563034604E+002  0.673179986356479E+002  0.332172399281787E+000  0.667827600718213E+000 -0.519295685089021E+001 -0.727892815173021E+001
  0.116251458112137E-001  0.145569322321989E+002  0.669276216061948E+002  0.325867021968652E+000  0.674132978031348E+000 -0.519295685089021E+001 -0.727846611609944E+001
  0.114780265188578E-001  0.145569262290516E+002  0.667035913807228E+002  0.332456210561177E+000  0.667543789438823E+000 -0.519295685089021E+001 -0.727846311452581E+001
  0.113335497854875E-001  0.145567824487086E+002  0.670152892908428E+002  0.324406102732362E+000  0.675593897267638E+000 -0.519295685089021E+001 -0.727839122435428E+001
  0.111903369422591E-001  0.145567378003528E+002  0.674004362687673E+002  0.319312622690994E+000  0.680687377309006E+000 -0.519295685089021E+001 -0.727836890017639E+001
  0.111904256972602E-001  0.145567219376224E+002  0.668381103661335E+002  0.327675684646033E+000  0.672324315353967E+000 -0.519295685089021E+001 -0.727836096881118E+001
  0.109093260392806E-001  0.145563181581931E+002  0.674206705669354E+002  0.319145997193064E+000  0.680854002806936E+000 -0.519295685089021E+001 -0.727815907909654E+001
  0.109098565473329E-001  0.145562209028444E+002  0.667320079318810E+002  0.333306021268316E+000  0.666693978731684E+000 -0.519295685089021E+001 -0.727811045142222E+001
  0.107704495872307E-001  0.145561349258235E+002  0.668147941159143E+002  0.334139411876433E+000  0.665860588123567E+000 -0.519295685089021E+001 -0.727806746291177E+001
  0.106336271102185E-001  0.145558978882312E+002  0.669623307080539E+002  0.334036692343768E+000  0.665963307656232E+000 -0.519295685089021E+001 -0.727794894411558E+001
  0.106336592661173E-001  0.145558918402760E+002  0.668030363596592E+002  0.328725577561522E+000  0.671274422438478E+000 -0.519295685089021E+001 -0.727794592013798E+001
  0.106337190451954E-001  0.145558805969384E+002  0.667260921261156E+002  0.332760345932122E+000  0.667239654067878E+000 -0.519295685089021E+001 -0.727794029846921E+001
  0.104953225493773E-001  0.145555907592063E+002  0.669807805263656E+002  0.333921308541455E+000  0.666078691458545E+000 -0.519295685089021E+001 -0.727779537960313E+001
  0.103586827879584E-001  0.145553095090968E+002  0.667578507034491E+002  0.330336787080248E+000  0.669663212919752E+000 -0.519295685089021E+001 -0.727765475454842E+001
  0.102228783202315E-001  0.145552128627455E+002  0.669100839937794E+002  0.326543897396835E+000  0.673456102603165E+000 -0.519295685089021E+001 -0.727760643137273E+001
  0.100889459717531E-001  0.145550980390572E+002  0.667507867319291E+002  0.330775815942881E+000  0.669224184057119E+000 -0.519295685089021E+001 -0.727754901952860E+001
  0.982901579405628E-002  0.145546665419857E+002  0.670356282263416E+002  0.333544971102586E+000  0.666455028897414E+000 -0.519295685089021E+001 -0.727733327099286E+001
  0.970208583560144E-002  0.145545181978025E+002  0.668740826197410E+002  0.327441939835306E+000  0.672558060164694E+000 -0.519295685089021E+001 -0.727725909890125E+001
  0.970440200813354E-002  0.145540407961084E+002  0.674552517748604E+002  0.319081780517362E+000  0.680918219482638E+000 -0.519295685089021E+001 -0.727702039805421E+001
  0.970480727981035E-002  0.145539572745861E+002  0.673311269087723E+002  0.331524061882522E+000  0.668475938117478E+000 -0.519295685089021E+001 -0.727697863729304E+001
  0.957614482212236E-002  0.145538037679445E+002  0.672235324806122E+002  0.332323612652849E+000  0.667676387347151E+000 -0.519295685089021E+001 -0.727690188397223E+001
  0.957702212202567E-002  0.145536205502225E+002  0.668815279027836E+002  0.333617316142219E+000  0.666382683857781E+000 -0.519295685089021E+001 -0.727681027511125E+001
  0.945050854308621E-002  0.145530055387264E+002  0.674381361269578E+002  0.330450671755698E+000  0.669549328244302E+000 -0.519295685089021E+001 -0.727650276936320E+001
  0.932317173803080E-002  0.145529255708112E+002  0.668963458135886E+002  0.327372238345830E+000  0.672627761654170E+000 -0.519295685089021E+001 -0.727646278540559E+001
  0.895865803656462E-002  0.145521426584909E+002  0.670932353699590E+002  0.332828782417455E+000  0.667171217582545E+000 -0.519295685089021E+001 -0.727607132924545E+001
  0.884122624589956E-002  0.145520419258629E+002  0.669898983790459E+002  0.333182796508339E+000  0.666817203491661E+000 -0.519295685089021E+001 -0.727602096293145E+001
  0.861403323218132E-002  0.145514731853835E+002  0.673739377794293E+002  0.330796001287630E+000  0.669203998712370E+000 -0.519295685089021E+001 -0.727573659269175E+001
  0.861427892562095E-002  0.145514161412721E+002  0.672087213637038E+002  0.332042035525591E+000  0.667957964474409E+000 -0.519295685089021E+001 -0.727570807063603E+001
  0.839308987883008E-002  0.145508063901951E+002  0.672207862839348E+002  0.322367865216867E+000  0.677632134783133E+000 -0.519295685089021E+001 -0.727540319509757E+001
  0.839358890357502E-002  0.145506874804926E+002  0.671332972673724E+002  0.323636912087361E+000  0.676363087912639E+000 -0.519295685089021E+001 -0.727534374024631E+001
  0.828387081963046E-002  0.145505127054489E+002  0.674176018292855E+002  0.320000641739815E+000  0.679999358260185E+000 -0.519295685089021E+001 -0.727525635272445E+001
  0.828400876277762E-002  0.145504794016947E+002  0.670827636781888E+002  0.332558119641343E+000  0.667441880358657E+000 -0.519295685089021E+001 -0.727523970084737E+001
  0.817432640375089E-002  0.145502907310994E+002  0.671474012923597E+002  0.323498655511427E+000  0.676501344488573E+000 -0.519295685089021E+001 -0.727514536554968E+001
  0.806579314286373E-002  0.145501772219102E+002  0.668342831815105E+002  0.331441766144677E+000  0.668558233855323E+000 -0.519295685089021E+001 -0.727508861095512E+001
  0.806749041127905E-002  0.145497564102594E+002  0.670239127457585E+002  0.325623583831733E+000  0.674376416168267E+000 -0.519295685089021E+001 -0.727487820512969E+001
  0.806914306369667E-002  0.145493467455233E+002  0.671026066942914E+002  0.324371421222289E+000  0.675628578777711E+000 -0.519295685089021E+001 -0.727467337276165E+001
  0.785124189176042E-002  0.145492999305392E+002  0.668757599535064E+002  0.331985481066706E+000  0.668014518933294E+000 -0.519295685089021E+001 -0.727464996526961E+001
  0.785138048855791E-002  0.145492646251503E+002  0.673531145327105E+002  0.330620490591795E+000  0.669379509408205E+000 -0.519295685089021E+001 -0.727463231257516E+001
  0.785151221393098E-002  0.145492310707281E+002  0.673150529115428E+002  0.330917473537475E+000  0.669082526462525E+000 -0.519295685089021E+001 -0.727461553536403E+001
  0.774249649938452E-002  0.145492225292264E+002  0.668584567933243E+002  0.331470980241514E+000  0.668529019758486E+000 -0.519295685089021E+001 -0.727461126461322E+001
  0.743048088583490E-002  0.145487193007306E+002  0.668908589110581E+002  0.329045729096307E+000  0.670954270903693E+000 -0.519295685089021E+001 -0.727435965036529E+001
  0.723311980489650E-002  0.145485022108310E+002  0.670747030103878E+002  0.332168533560670E+000  0.667831466439330E+000 -0.519295685089021E+001 -0.727425110541551E+001
  0.723314360079642E-002  0.145484956311361E+002  0.669550715159720E+002  0.327360396704689E+000  0.672639603295311E+000 -0.519295685089021E+001 -0.727424781556805E+001
  0.713617353982019E-002  0.145482783816778E+002  0.671380064921531E+002  0.324029427276965E+000  0.675970572723035E+000 -0.519295685089021E+001 -0.727413919083892E+001
  0.713625042559127E-002  0.145482568336153E+002  0.673341812515031E+002  0.330602772049246E+000  0.669397227950754E+000 -0.519295685089021E+001 -0.727412841680764E+001
  0.694429579700063E-002  0.145479927132173E+002  0.673367038931097E+002  0.321348933563993E+000  0.678651066436007E+000 -0.519295685089021E+001 -0.727399635660867E+001
  0.694491295422935E-002  0.145478149760287E+002  0.670047772878039E+002  0.326486996264277E+000  0.673513003735723E+000 -0.519295685089021E+001 -0.727390748801433E+001
  0.694684928143157E-002  0.145472574291366E+002  0.669411466034966E+002  0.328193160555785E+000  0.671806839444215E+000 -0.519295685089021E+001 -0.727362871456832E+001
  0.675674551845013E-002  0.145471920489989E+002  0.674276167958563E+002  0.320424930287504E+000  0.679575069712496E+000 -0.519295685089021E+001 -0.727359602449946E+001
  0.666468554771611E-002  0.145470425428684E+002  0.670017858796399E+002  0.331880012662535E+000  0.668119987337465E+000 -0.519295685089021E+001 -0.727352127143420E+001
  0.657341986091112E-002  0.145470329966754E+002  0.671235791046902E+002  0.331662389489282E+000  0.668337610510718E+000 -0.519295685089021E+001 -0.727351649833770E+001
  0.657530004825202E-002  0.145464610208886E+002  0.669169547978855E+002  0.330606691749758E+000  0.669393308250242E+000 -0.519295685089021E+001 -0.727323051044432E+001
  0.657566507719267E-002  0.145463499936181E+002  0.673951810169117E+002  0.320939531592474E+000  0.679060468407526E+000 -0.519295685089021E+001 -0.727317499680904E+001
  0.639484524500066E-002  0.145457752197035E+002  0.669942155533008E+002  0.331407319164135E+000  0.668592680835865E+000 -0.519295685089021E+001 -0.727288760985177E+001
  0.639550763192003E-002  0.145455680676644E+002  0.672654548338274E+002  0.322717006903239E+000  0.677282993096761E+000 -0.519295685089021E+001 -0.727278403383220E+001
  0.639556757862878E-002  0.145455493212470E+002  0.670100903749356E+002  0.331381802737413E+000  0.668618197262587E+000 -0.519295685089021E+001 -0.727277466062349E+001
  0.630499162178864E-002  0.145452989343349E+002  0.669488810034222E+002  0.330510895650085E+000  0.669489104349915E+000 -0.519295685089021E+001 -0.727264946716745E+001
  0.621493342754981E-002  0.145452947139654E+002  0.672541278360817E+002  0.330615139082158E+000  0.669384860917842E+000 -0.519295685089021E+001 -0.727264735698271E+001
  0.621576958410199E-002  0.145450256522550E+002  0.671028264632330E+002  0.325375588537907E+000  0.674624411462093E+000 -0.519295685089021E+001 -0.727251282612752E+001
  0.603933674270378E-002  0.145446412766629E+002  0.670882280061173E+002  0.325757321202877E+000  0.674242678797123E+000 -0.519295685089021E+001 -0.727232063833146E+001
  0.603948285218938E-002  0.145445928913105E+002  0.671199457416291E+002  0.331070080932497E+000  0.668929919067503E+000 -0.519295685089021E+001 -0.727229644565527E+001
  0.581312733069538E-002  0.145441865741275E+002  0.680691661597945E+002  0.319771112344521E+000  0.680228887655479E+000 -0.519295685089021E+001 -0.727209328706375E+001
  0.581313979285693E-002  0.145441822865393E+002  0.680725916309607E+002  0.317641368255134E+000  0.682358631744866E+000 -0.519295685089021E+001 -0.727209114326963E+001
  0.574233756783335E-002  0.145441510364187E+002  0.680723406016215E+002  0.317660586379555E+000  0.682339413620445E+000 -0.519295685089021E+001 -0.727207551820933E+001
  0.553804291664804E-002  0.145438661380971E+002  0.680681072505566E+002  0.319564278463406E+000  0.680435721536594E+000 -0.519295685089021E+001 -0.727193306904856E+001
  0.547214078699837E-002  0.145438562871964E+002  0.675450218375222E+002  0.319803336048144E+000  0.680196663951856E+000 -0.519295685089021E+001 -0.727192814359820E+001
  0.540702043347100E-002  0.145438473433777E+002  0.676105468074201E+002  0.319200828719634E+000  0.680799171280366E+000 -0.519295685089021E+001 -0.727192367168885E+001
  0.534292103982875E-002  0.145437463109845E+002  0.677625162893916E+002  0.318062453490824E+000  0.681937546509176E+000 -0.519295685089021E+001 -0.727187315549228E+001
  0.527937492477082E-002  0.145437235476309E+002  0.675024910138448E+002  0.320252879584640E+000  0.679747120415360E+000 -0.519295685089021E+001 -0.727186177381547E+001
  0.521733871819722E-002  0.145434116804577E+002  0.678286774815879E+002  0.324314629286025E+000  0.675685370713975E+000 -0.519295685089021E+001 -0.727170584022884E+001
  0.521751133176825E-002  0.145433455123498E+002  0.677511429591173E+002  0.325386159515688E+000  0.674613840484312E+000 -0.519295685089021E+001 -0.727167275617488E+001
  0.503379476641963E-002  0.145431743047885E+002  0.679378871985997E+002  0.322458019752673E+000  0.677541980247327E+000 -0.519295685089021E+001 -0.727158715239424E+001
  0.503420479576113E-002  0.145430114007918E+002  0.675623719165705E+002  0.327553768724843E+000  0.672446231275157E+000 -0.519295685089021E+001 -0.727150570039591E+001
  0.497452876820587E-002  0.145429088831605E+002  0.680464952604352E+002  0.319611169698553E+000  0.680388830301447E+000 -0.519295685089021E+001 -0.727145444158025E+001
  0.497459639993159E-002  0.145428816921363E+002  0.676049413345342E+002  0.327067009303669E+000  0.672932990696331E+000 -0.519295685089021E+001 -0.727144084606816E+001
  0.485640328991449E-002  0.145427788720810E+002  0.680464081833896E+002  0.318332176008607E+000  0.681667823991393E+000 -0.519295685089021E+001 -0.727138943604051E+001
  0.474240542272308E-002  0.145426648146776E+002  0.679929790346534E+002  0.317715611746449E+000  0.682284388253551E+000 -0.519295685089021E+001 -0.727133240733882E+001
  0.468675507599758E-002  0.145426039365577E+002  0.676387840347507E+002  0.319210876894392E+000  0.680789123105608E+000 -0.519295685089021E+001 -0.727130196827883E+001
  0.463179699527972E-002  0.145425261188985E+002  0.680448451001175E+002  0.318779708681531E+000  0.681220291318469E+000 -0.519295685089021E+001 -0.727126305944927E+001
  0.457764561919958E-002  0.145423774110439E+002  0.676406805183101E+002  0.319243036572032E+000  0.680756963427968E+000 -0.519295685089021E+001 -0.727118870552197E+001
  0.452417106459752E-002  0.145422093733177E+002  0.676650124913746E+002  0.319083993247777E+000  0.680916006752223E+000 -0.519295685089021E+001 -0.727110468665884E+001
  0.447122641273158E-002  0.145420837259592E+002  0.675580807793266E+002  0.320036000862674E+000  0.679963999137326E+000 -0.519295685089021E+001 -0.727104186297962E+001
  0.431758933325718E-002  0.145418321152672E+002  0.679567058781690E+002  0.321602350460476E+000  0.678397649539524E+000 -0.519295685089021E+001 -0.727091605763360E+001
  0.426826374775737E-002  0.145416906578529E+002  0.680161745219579E+002  0.318689393497271E+000  0.681310606502729E+000 -0.519295685089021E+001 -0.727084532892644E+001
  0.412490444581586E-002  0.145414410573591E+002  0.676246883767222E+002  0.319579928137261E+000  0.680420071862739E+000 -0.519295685089021E+001 -0.727072052867955E+001
  0.407855796821130E-002  0.145414406830309E+002  0.679732987453091E+002  0.321016749377641E+000  0.678983250622359E+000 -0.519295685089021E+001 -0.727072034151543E+001
  0.403286497351334E-002  0.145413744762337E+002  0.680008931874843E+002  0.318606479945155E+000  0.681393520054845E+000 -0.519295685089021E+001 -0.727068723811687E+001
  0.398759808630843E-002  0.145413513030594E+002  0.675782476251062E+002  0.320007078051098E+000  0.679992921948902E+000 -0.519295685089021E+001 -0.727067565152971E+001
  0.389900466823162E-002  0.145413411092883E+002  0.679623266221498E+002  0.321245834258042E+000  0.678754165741958E+000 -0.519295685089021E+001 -0.727067055464413E+001
  0.389906678667783E-002  0.145413092457966E+002  0.677191175383389E+002  0.318895319102576E+000  0.681104680897424E+000 -0.519295685089021E+001 -0.727065462289829E+001
  0.385528095529131E-002  0.145412968431395E+002  0.676729099070151E+002  0.325927226190626E+000  0.674072773809374E+000 -0.519295685089021E+001 -0.727064842156976E+001
  0.385539729789418E-002  0.145412364891219E+002  0.676807974953259E+002  0.319182821548775E+000  0.680817178451225E+000 -0.519295685089021E+001 -0.727061824456093E+001
  0.385542202180034E-002  0.145412236635555E+002  0.678283177845907E+002  0.323754084426216E+000  0.676245915573785E+000 -0.519295685089021E+001 -0.727061183177777E+001
  0.381113481364680E-002  0.145412089762755E+002  0.677076197710982E+002  0.318997464939399E+000  0.681002535060601E+000 -0.519295685089021E+001 -0.727060448813776E+001
  0.376738570899101E-002  0.145411786937062E+002  0.675955934303207E+002  0.319889673950491E+000  0.680110326049509E+000 -0.519295685089021E+001 -0.727058934685312E+001
  0.372460948630669E-002  0.145408956580623E+002  0.679524273322693E+002  0.321263640037893E+000  0.678736359962107E+000 -0.519295685089021E+001 -0.727044782903113E+001
  0.368181741854210E-002  0.145408850461411E+002  0.676827901771147E+002  0.325706625369772E+000  0.674293374630228E+000 -0.519295685089021E+001 -0.727044252307055E+001
  0.363951481124616E-002  0.145408756310469E+002  0.679942964496453E+002  0.319086497435931E+000  0.680913502564069E+000 -0.519295685089021E+001 -0.727043781552344E+001
  0.359802522665174E-002  0.145406844509415E+002  0.677801305807585E+002  0.318692415747194E+000  0.681307584252806E+000 -0.519295685089021E+001 -0.727034222547075E+001
  0.355680098819052E-002  0.145406100156255E+002  0.679832779863629E+002  0.319035294998049E+000  0.680964705001950E+000 -0.519295685089021E+001 -0.727030500781277E+001
  0.351633340331742E-002  0.145403738550733E+002  0.677831234496633E+002  0.318763994303455E+000  0.681236005696545E+000 -0.519295685089021E+001 -0.727018692753665E+001
  0.347613027372225E-002  0.145402504406259E+002  0.677783838967545E+002  0.318822277409531E+000  0.681177722590469E+000 -0.519295685089021E+001 -0.727012522031297E+001
  0.347624706099854E-002  0.145401832479115E+002  0.679004948053622E+002  0.322111436924232E+000  0.677888563075768E+000 -0.519295685089021E+001 -0.727009162395573E+001
  0.339659889331242E-002  0.145400268748783E+002  0.677603162081676E+002  0.318978434839451E+000  0.681021565160549E+000 -0.519295685089021E+001 -0.727001343743914E+001
  0.339673918179012E-002  0.145399442713180E+002  0.677614004597841E+002  0.318996180655885E+000  0.681003819344115E+000 -0.519295685089021E+001 -0.726997213565902E+001
  0.339696509581522E-002  0.145398112575653E+002  0.677050226260194E+002  0.319368535487085E+000  0.680631464512915E+000 -0.519295685089021E+001 -0.726990562878267E+001
  0.331851792295172E-002  0.145394785419728E+002  0.679468059008424E+002  0.320282567812057E+000  0.679717432187943E+000 -0.519295685089021E+001 -0.726973927098639E+001
  0.328004172522655E-002  0.145394107246225E+002  0.677406587256367E+002  0.319262870436929E+000  0.680737129563071E+000 -0.519295685089021E+001 -0.726970536231126E+001
  0.324203144800666E-002  0.145393306850306E+002  0.677795984070403E+002  0.323943809319628E+000  0.676056190680372E+000 -0.519295685089021E+001 -0.726966534251531E+001
  0.320437808471181E-002  0.145393027999880E+002  0.676192898166894E+002  0.326075803853041E+000  0.673924196146959E+000 -0.519295685089021E+001 -0.726965139999400E+001
  0.316729933964322E-002  0.145391882099870E+002  0.677483136186735E+002  0.319287840845243E+000  0.680712159154757E+000 -0.519295685089021E+001 -0.726959410499348E+001
  0.313057412240796E-002  0.145391218665165E+002  0.679195464398233E+002  0.319251708069247E+000  0.680748291930753E+000 -0.519295685089021E+001 -0.726956093325823E+001
  0.309419718606072E-002  0.145391056500751E+002  0.676111606952490E+002  0.326117457370687E+000  0.673882542629313E+000 -0.519295685089021E+001 -0.726955282503754E+001
  0.305859671368115E-002  0.145388580933472E+002  0.678867760170217E+002  0.321755371877696E+000  0.678244628122304E+000 -0.519295685089021E+001 -0.726942904667359E+001
  0.305890880226419E-002  0.145386540307060E+002  0.676956758013252E+002  0.319756790532500E+000  0.680243209467500E+000 -0.519295685089021E+001 -0.726932701535299E+001
  0.302294926337476E-002  0.145386357547682E+002  0.679062609909352E+002  0.319508487853215E+000  0.680491512146785E+000 -0.519295685089021E+001 -0.726931787738408E+001
  0.298744178575656E-002  0.145385978414607E+002  0.676895950654555E+002  0.319813120176142E+000  0.680186879823858E+000 -0.519295685089021E+001 -0.726929892073036E+001
  0.295240611715383E-002  0.145385228467489E+002  0.677689847103165E+002  0.323838577571320E+000  0.676161422428680E+000 -0.519295685089021E+001 -0.726926142337446E+001
  0.291772858533952E-002  0.145384840094495E+002  0.679144378078115E+002  0.320307825593613E+000  0.679692174406387E+000 -0.519295685089021E+001 -0.726924200472474E+001
  0.291777321554039E-002  0.145384534172554E+002  0.678918842742178E+002  0.319482566062574E+000  0.680517433937426E+000 -0.519295685089021E+001 -0.726922670862771E+001
  0.288342462049419E-002  0.145381851069134E+002  0.679019470234670E+002  0.320075562165623E+000  0.679924437834377E+000 -0.519295685089021E+001 -0.726909255345668E+001
  0.275098219300834E-002  0.145380914513092E+002  0.678986466051243E+002  0.320543879381138E+000  0.679456120618862E+000 -0.519295685089021E+001 -0.726904572565462E+001
  0.275107792507181E-002  0.145380218540592E+002  0.678614704612877E+002  0.319562292953680E+000  0.680437707046320E+000 -0.519295685089021E+001 -0.726901092702959E+001
  0.268802706959655E-002  0.145378787587026E+002  0.678136277414090E+002  0.322812429743284E+000  0.677187570256716E+000 -0.519295685089021E+001 -0.726893937935131E+001
  0.265726969248055E-002  0.145377737716820E+002  0.675362824160583E+002  0.321313348749929E+000  0.678686651250071E+000 -0.519295685089021E+001 -0.726888688584100E+001
  0.262673767565047E-002  0.145377651579609E+002  0.675415303988677E+002  0.321264825133783E+000  0.678735174866217E+000 -0.519295685089021E+001 -0.726888257898043E+001
  0.253837023570782E-002  0.145376278372171E+002  0.678614012756663E+002  0.321551548028601E+000  0.678448451971399E+000 -0.519295685089021E+001 -0.726881391860853E+001
  0.253837473035613E-002  0.145376242958548E+002  0.678366853326267E+002  0.319710773434734E+000  0.680289226565266E+000 -0.519295685089021E+001 -0.726881214792738E+001
  0.248153736408583E-002  0.145374592602981E+002  0.678207743817419E+002  0.322449516799076E+000  0.677550483200924E+000 -0.519295685089021E+001 -0.726872963014904E+001
  0.245369508878869E-002  0.145374265200241E+002  0.678660713183853E+002  0.321146430293981E+000  0.678853569706019E+000 -0.519295685089021E+001 -0.726871326001206E+001
  0.242615282933954E-002  0.145374039753238E+002  0.677706825204925E+002  0.319834903368179E+000  0.680165096631821E+000 -0.519295685089021E+001 -0.726870198766192E+001
  0.242617186815298E-002  0.145373882807324E+002  0.677480837870919E+002  0.323742920396743E+000  0.676257079603257E+000 -0.519295685089021E+001 -0.726869414036619E+001
  0.242621347413337E-002  0.145373539833900E+002  0.676410851514025E+002  0.320540434218806E+000  0.679459565781194E+000 -0.519295685089021E+001 -0.726867699169498E+001
  0.242640895875893E-002  0.145371928460846E+002  0.676129833131362E+002  0.320809487765149E+000  0.679190512234851E+000 -0.519295685089021E+001 -0.726859642304231E+001
  0.231748110508095E-002  0.145370856282213E+002  0.677219451742706E+002  0.320144848757581E+000  0.679855151242419E+000 -0.519295685089021E+001 -0.726854281411065E+001
  0.226621602473197E-002  0.145368786648120E+002  0.678094041835072E+002  0.320106674230437E+000  0.679893325769563E+000 -0.519295685089021E+001 -0.726843933240599E+001
  0.224105822156911E-002  0.145368586965656E+002  0.676359899386287E+002  0.320747462845973E+000  0.679252537154027E+000 -0.519295685089021E+001 -0.726842934828278E+001
  0.595289158687455E-002  0.145442779030448E+002  0.671272664442522E+002  0.325142451688947E+000  0.674857548311053E+000 -0.519295685089021E+001 -0.727213895152241E+001
  0.570165293735430E-002  0.145441754806804E+002  0.671288316430274E+002  0.330932412682391E+000  0.669067587317609E+000 -0.519295685089021E+001 -0.727208774034020E+001
  0.570201107558838E-002  0.145440498585176E+002  0.670485491743828E+002  0.330920506725114E+000  0.669079493274886E+000 -0.519295685089021E+001 -0.727202492925881E+001
  0.570238327156810E-002  0.145439193137579E+002  0.671374647042238E+002  0.325061464224585E+000  0.674938535775415E+000 -0.519295685089021E+001 -0.727195965687897E+001
  0.562021299861076E-002  0.145437509988686E+002  0.672161879049792E+002  0.330485333222771E+000  0.669514666777229E+000 -0.519295685089021E+001 -0.727187549943431E+001
  0.553898812229822E-002  0.145436688572743E+002  0.670881115000461E+002  0.330833387710791E+000  0.669166612289209E+000 -0.519295685089021E+001 -0.727183442863713E+001
  0.553940810661187E-002  0.145435172164392E+002  0.673085889926935E+002  0.329880251527156E+000  0.670119748472845E+000 -0.519295685089021E+001 -0.727175860821959E+001
  0.545799292909165E-002  0.145435001015030E+002  0.672635371028258E+002  0.323185039874744E+000  0.676814960125256E+000 -0.519295685089021E+001 -0.727175005075149E+001
  0.530038485691367E-002  0.145432757197680E+002  0.674646986583775E+002  0.320739292829387E+000  0.679260707170612E+000 -0.519295685089021E+001 -0.727163785988402E+001
  0.530043801200065E-002  0.145432556628017E+002  0.669975072826043E+002  0.329020719395858E+000  0.670979280604142E+000 -0.519295685089021E+001 -0.727162783140083E+001
  0.522326252833567E-002  0.145429599888887E+002  0.674411997337209E+002  0.321061632504826E+000  0.678938367495174E+000 -0.519295685089021E+001 -0.727147999444437E+001
  0.507204292632368E-002  0.145428892816707E+002  0.670144297117554E+002  0.328478931471052E+000  0.671521068528948E+000 -0.519295685089021E+001 -0.727144464083536E+001
  0.499855461806032E-002  0.145428814552994E+002  0.671521582770706E+002  0.330501677587446E+000  0.669498322412554E+000 -0.519295685089021E+001 -0.727144072764969E+001
  0.492634480941606E-002  0.145427868547681E+002  0.670583588655369E+002  0.330412326441808E+000  0.669587673558192E+000 -0.519295685089021E+001 -0.727139342738404E+001
  0.485516177304983E-002  0.145426990019164E+002  0.670663543552676E+002  0.330411051444942E+000  0.669588948555058E+000 -0.519295685089021E+001 -0.727134950095820E+001
  0.485522846283768E-002  0.145426715303993E+002  0.673958270275710E+002  0.329042762960684E+000  0.670957237039316E+000 -0.519295685089021E+001 -0.727133576519966E+001
  0.478394655882273E-002  0.145426219830130E+002  0.670150520553074E+002  0.329539892997319E+000  0.670460107002681E+000 -0.519295685089021E+001 -0.727131099150648E+001
  0.478404033390358E-002  0.145425827793301E+002  0.675154885146698E+002  0.327943921976781E+000  0.672056078023219E+000 -0.519295685089021E+001 -0.727129138966506E+001
  0.464404087816194E-002  0.145422780159415E+002  0.670232568431387E+002  0.329286766432984E+000  0.670713233567016E+000 -0.519295685089021E+001 -0.727113900797073E+001
  0.464456871166403E-002  0.145420507123832E+002  0.670420951443516E+002  0.329756515392857E+000  0.670243484607143E+000 -0.519295685089021E+001 -0.727102535619162E+001
  0.464462354679565E-002  0.145420270999398E+002  0.671122055135379E+002  0.326159332019831E+000  0.673840667980169E+000 -0.519295685089021E+001 -0.727101354996992E+001
  0.464477499077811E-002  0.145419618884057E+002  0.672899975266565E+002  0.329640505657916E+000  0.670359494342084E+000 -0.519295685089021E+001 -0.727098094420285E+001
  0.457365793873592E-002  0.145418127572472E+002  0.671243232944262E+002  0.325986692256238E+000  0.674013307743762E+000 -0.519295685089021E+001 -0.727090637862359E+001
  0.450358102843434E-002  0.145416852733033E+002  0.670484502037314E+002  0.328173445125067E+000  0.671826554874933E+000 -0.519295685089021E+001 -0.727084263665165E+001
  0.443437470246241E-002  0.145416494005038E+002  0.670853527289940E+002  0.326961124288945E+000  0.673038875711055E+000 -0.519295685089021E+001 -0.727082470025189E+001
  0.443469145953225E-002  0.145415065412380E+002  0.674523193941439E+002  0.328305956889291E+000  0.671694043110709E+000 -0.519295685089021E+001 -0.727075327061901E+001
  0.443504332152138E-002  0.145413478614137E+002  0.671904770245687E+002  0.329930023025515E+000  0.670069976974485E+000 -0.519295685089021E+001 -0.727067393070683E+001
  0.416735570351542E-002  0.145408184934539E+002  0.673730381628685E+002  0.322346406065994E+000  0.677653593934006E+000 -0.519295685089021E+001 -0.727040924672693E+001
  0.416751040109475E-002  0.145407442522711E+002  0.672147022383729E+002  0.329664948982097E+000  0.670335051017903E+000 -0.519295685089021E+001 -0.727037212613557E+001
  0.404164655936548E-002  0.145405342514628E+002  0.674227417228649E+002  0.328334010162472E+000  0.671665989837528E+000 -0.519295685089021E+001 -0.727026712573140E+001
  0.398043271994577E-002  0.145405225795010E+002  0.672885904944311E+002  0.323569268249788E+000  0.676430731750212E+000 -0.519295685089021E+001 -0.727026128975049E+001
  0.392039356016819E-002  0.145403846156912E+002  0.671678751927732E+002  0.329622249342813E+000  0.670377750657187E+000 -0.519295685089021E+001 -0.727019230784561E+001
  0.386106345661245E-002  0.145403484601073E+002  0.671010619218703E+002  0.327334649392743E+000  0.672665350607257E+000 -0.519295685089021E+001 -0.727017423005363E+001
  0.380303040170464E-002  0.145401023745947E+002  0.672417658180779E+002  0.329364067957385E+000  0.670635932042615E+000 -0.519295685089021E+001 -0.727005118729735E+001
  0.369020155801260E-002  0.145397259630506E+002  0.674921126321153E+002  0.327519996983324E+000  0.672480003016676E+000 -0.519295685089021E+001 -0.726986298152532E+001
  0.369031054458439E-002  0.145396668958367E+002  0.674023104688874E+002  0.322273427402622E+000  0.677726572597378E+000 -0.519295685089021E+001 -0.726983344791835E+001
  0.358059773162868E-002  0.145394179214811E+002  0.671229047484720E+002  0.328783991308326E+000  0.671216008691674E+000 -0.519295685089021E+001 -0.726970896074056E+001
  0.358096289848212E-002  0.145392139621082E+002  0.672233791269225E+002  0.325052277084239E+000  0.674947722915761E+000 -0.519295685089021E+001 -0.726960698105411E+001
  0.352677239071574E-002  0.145391762469020E+002  0.671387929236790E+002  0.327042777919391E+000  0.672957222080609E+000 -0.519295685089021E+001 -0.726958812345099E+001
  0.347369935367911E-002  0.145389672897075E+002  0.673099359462866E+002  0.323716425737160E+000  0.676283574262840E+000 -0.519295685089021E+001 -0.726948364485376E+001
  0.332097221164561E-002  0.145386515138452E+002  0.671468613997510E+002  0.327307392393703E+000  0.672692607606297E+000 -0.519295685089021E+001 -0.726932575692259E+001
  0.327218073765753E-002  0.145386231822915E+002  0.671867673391153E+002  0.326086693652412E+000  0.673913306347588E+000 -0.519295685089021E+001 -0.726931159114576E+001
  0.327220997074696E-002  0.145386053147217E+002  0.671760022536326E+002  0.328740184404874E+000  0.671259815595126E+000 -0.519295685089021E+001 -0.726930265736086E+001
  0.322344323022402E-002  0.145385605085514E+002  0.673440509526147E+002  0.328367811670928E+000  0.671632188329072E+000 -0.519295685089021E+001 -0.726928025427568E+001
  0.312869552710446E-002  0.145385225046773E+002  0.672956373257920E+002  0.328611441746565E+000  0.671388558253435E+000 -0.519295685089021E+001 -0.726926125233865E+001
  0.308276817421332E-002  0.145384687370516E+002  0.673287975962976E+002  0.323600091567127E+000  0.676399908432873E+000 -0.519295685089021E+001 -0.726923436852581E+001
  0.303791640623242E-002  0.145381506924082E+002  0.671987550983252E+002  0.328563709876549E+000  0.671436290123451E+000 -0.519295685089021E+001 -0.726907534620412E+001
  0.303797503795614E-002  0.145381120928222E+002  0.672851293671141E+002  0.328502015933021E+000  0.671497984066979E+000 -0.519295685089021E+001 -0.726905604641108E+001
  0.303797871104633E-002  0.145381096747062E+002  0.674106037700656E+002  0.322610139726874E+000  0.677389860273126E+000 -0.519295685089021E+001 -0.726905483735309E+001
  0.299223970636801E-002  0.145379151782959E+002  0.673852107446779E+002  0.322997070536702E+000  0.677002929463298E+000 -0.519295685089021E+001 -0.726895758914797E+001
  0.294694222073404E-002  0.145378883845039E+002  0.672047923195400E+002  0.326107485673370E+000  0.673892514326630E+000 -0.519295685089021E+001 -0.726894419225196E+001
  0.294711559072747E-002  0.145377707270265E+002  0.674581004341048E+002  0.322144673296987E+000  0.677855326703013E+000 -0.519295685089021E+001 -0.726888536351324E+001
  0.285784198630554E-002  0.145377476824913E+002  0.672002444956439E+002  0.326336047936211E+000  0.673663952063789E+000 -0.519295685089021E+001 -0.726887384124564E+001
  0.285786864660010E-002  0.145377290249376E+002  0.671800054507808E+002  0.327910736560671E+000  0.672089263439329E+000 -0.519295685089021E+001 -0.726886451246878E+001
  0.281392378956153E-002  0.145377131375152E+002  0.673421091548797E+002  0.323664105670161E+000  0.676335894329839E+000 -0.519295685089021E+001 -0.726885656875758E+001
  0.277064638013164E-002  0.145377032294820E+002  0.673928164580651E+002  0.322965967681365E+000  0.677034032318635E+000 -0.519295685089021E+001 -0.726885161474100E+001
  0.272807504521135E-002  0.145376636451317E+002  0.672244007547172E+002  0.325777788374559E+000  0.674222211625441E+000 -0.519295685089021E+001 -0.726883182256583E+001
  0.272811015562831E-002  0.145376379052305E+002  0.673044584823436E+002  0.324272359522267E+000  0.675727640477733E+000 -0.519295685089021E+001 -0.726881895261525E+001
  0.268556033355349E-002  0.145375806358354E+002  0.672076671212666E+002  0.326261171371546E+000  0.673738828628454E+000 -0.519295685089021E+001 -0.726879031791771E+001
  0.264362992932455E-002  0.145375568229939E+002  0.674137099836266E+002  0.322745539533218E+000  0.677254460466782E+000 -0.519295685089021E+001 -0.726877841149697E+001
  0.264381308553737E-002  0.145374182636091E+002  0.672922836830190E+002  0.328192133191087E+000  0.671807866808913E+000 -0.519295685089021E+001 -0.726870913180455E+001
  0.256121651547652E-002  0.145374006243649E+002  0.672624922052815E+002  0.325120044092662E+000  0.674879955907338E+000 -0.519295685089021E+001 -0.726870031218244E+001
  0.244489513288660E-002  0.145373208239051E+002  0.673301545853606E+002  0.328006446428089E+000  0.671993553571911E+000 -0.519295685089021E+001 -0.726866041195254E+001
  0.240792917807700E-002  0.145372561109547E+002  0.674056640264074E+002  0.327531643240004E+000  0.672468356759996E+000 -0.519295685089021E+001 -0.726862805547737E+001
  0.237150415676271E-002  0.145372065602603E+002  0.672486917660728E+002  0.328126456059073E+000  0.671873543940927E+000 -0.519295685089021E+001 -0.726860328013013E+001
  0.230075890313053E-002  0.145371666467478E+002  0.675192722168907E+002  0.326535542651779E+000  0.673464457348221E+000 -0.519295685089021E+001 -0.726858332337391E+001
  0.230076168005782E-002  0.145371642328264E+002  0.672062547820606E+002  0.327726811435621E+000  0.672273188564379E+000 -0.519295685089021E+001 -0.726858211641319E+001
  0.226595136125562E-002  0.145371203596884E+002  0.674522909154180E+002  0.322419708134797E+000  0.677580291865203E+000 -0.519295685089021E+001 -0.726856017984418E+001
  0.226596749531164E-002  0.145371061193133E+002  0.673540612188084E+002  0.323714186810600E+000  0.676285813189400E+000 -0.519295685089021E+001 -0.726855305965667E+001
  0.226599033800194E-002  0.145370859578810E+002  0.672238030152540E+002  0.327914797083792E+000  0.672085202916208E+000 -0.519295685089021E+001 -0.726854297894050E+001
  0.223059708070995E-002  0.145370744436758E+002  0.674913020376753E+002  0.326770722861779E+000  0.673229277138221E+000 -0.519295685089021E+001 -0.726853722183790E+001
  0.219575801240831E-002  0.145370616816783E+002  0.672084792404236E+002  0.326844123753452E+000  0.673155876246548E+000 -0.519295685089021E+001 -0.726853084083914E+001
  0.216147793025329E-002  0.145370351840877E+002  0.673166615925318E+002  0.327943665117920E+000  0.672056334882080E+000 -0.519295685089021E+001 -0.726851759204387E+001
  0.212778174648602E-002  0.145369628925729E+002  0.672107863529664E+002  0.327463339561057E+000  0.672536660438943E+000 -0.519295685089021E+001 -0.726848144628643E+001
  0.209455459617225E-002  0.145369443305690E+002  0.673061752217228E+002  0.327936699186720E+000  0.672063300813280E+000 -0.519295685089021E+001 -0.726847216528448E+001
  0.209455830716134E-002  0.145369407871084E+002  0.672510238471702E+002  0.327960263850764E+000  0.672039736149236E+000 -0.519295685089021E+001 -0.726847039355420E+001
  0.221618283725585E-002  0.145368358981424E+002  0.676795381598925E+002  0.320466251108641E+000  0.679533748891359E+000 -0.519295685089021E+001 -0.726841794907121E+001
  0.216748657424367E-002  0.145368257000442E+002  0.677259856764226E+002  0.320234592716035E+000  0.679765407283965E+000 -0.519295685089021E+001 -0.726841285002208E+001
  0.214381157896073E-002  0.145366917859382E+002  0.676554540600614E+002  0.320672471705181E+000  0.679327528294819E+000 -0.519295685089021E+001 -0.726834589296910E+001
  0.207473118875131E-002  0.145366196576888E+002  0.678099022301199E+002  0.322126208194539E+000  0.677873791805461E+000 -0.519295685089021E+001 -0.726830982884440E+001
  0.198838141793984E-002  0.145365217243285E+002  0.678302343597210E+002  0.320794548138630E+000  0.679205451861370E+000 -0.519295685089021E+001 -0.726826086216423E+001
  0.198841181783355E-002  0.145364911470347E+002  0.676071518620704E+002  0.321099852124737E+000  0.678900147875263E+000 -0.519295685089021E+001 -0.726824557351736E+001
  0.196754016758581E-002  0.145364311722989E+002  0.677743886248388E+002  0.320330591100809E+000  0.679669408899191E+000 -0.519295685089021E+001 -0.726821558614943E+001
  0.194690107788243E-002  0.145363573516450E+002  0.677832627174819E+002  0.322565331846802E+000  0.677434668153198E+000 -0.519295685089021E+001 -0.726817867582250E+001
  0.194690263273364E-002  0.145363557543881E+002  0.676921934129008E+002  0.320590943221759E+000  0.679409056778241E+000 -0.519295685089021E+001 -0.726817787719405E+001
  0.190595197313075E-002  0.145363171756629E+002  0.675836881363874E+002  0.325562533950844E+000  0.674437466049156E+000 -0.519295685089021E+001 -0.726815858783145E+001
  0.188589366203533E-002  0.145363125717360E+002  0.677634762063006E+002  0.322949590561370E+000  0.677050409438630E+000 -0.519295685089021E+001 -0.726815628586798E+001
  0.188590074447722E-002  0.145363050607837E+002  0.677962958709072E+002  0.322209100982364E+000  0.677790899017636E+000 -0.519295685089021E+001 -0.726815253039187E+001
  0.182701601186096E-002  0.145362506919951E+002  0.676256953930756E+002  0.325034779664773E+000  0.674965220335227E+000 -0.519295685089021E+001 -0.726812534599754E+001
  0.180800126477657E-002  0.145362322519829E+002  0.678096870998248E+002  0.321703120997933E+000  0.678296879002067E+000 -0.519295685089021E+001 -0.726811612599144E+001
  0.173498145684566E-002  0.145361968066540E+002  0.678118937087494E+002  0.320858032645409E+000  0.679141967354591E+000 -0.519295685089021E+001 -0.726809840332702E+001
  0.171747003672136E-002  0.145361809168274E+002  0.675994911503883E+002  0.321277779952426E+000  0.678722220047574E+000 -0.519295685089021E+001 -0.726809045841369E+001
  0.170018709514094E-002  0.145361041701439E+002  0.676798783780669E+002  0.324241639448500E+000  0.675758360551500E+000 -0.519295685089021E+001 -0.726805208507195E+001
  0.166623920429719E-002  0.145360371305556E+002  0.675542559774961E+002  0.321725761827002E+000  0.678274238172998E+000 -0.519295685089021E+001 -0.726801856527780E+001
  0.164957713748515E-002  0.145360367362352E+002  0.677195993170893E+002  0.323589500319203E+000  0.676410499680797E+000 -0.519295685089021E+001 -0.726801836811759E+001
  0.163308164257708E-002  0.145360363976522E+002  0.676748917445981E+002  0.324283528632388E+000  0.675716471367612E+000 -0.519295685089021E+001 -0.726801819882612E+001
  0.161675107919687E-002  0.145360360846225E+002  0.677548415786953E+002  0.320573991443342E+000  0.679426008556658E+000 -0.519295685089021E+001 -0.726801804231125E+001
  0.158477392260024E-002  0.145359884857732E+002  0.676439659167299E+002  0.324691345820167E+000  0.675308654179833E+000 -0.519295685089021E+001 -0.726799424288659E+001
  0.158478116491453E-002  0.145359793459235E+002  0.677911027066053E+002  0.322017207087514E+000  0.677982792912486E+000 -0.519295685089021E+001 -0.726798967296174E+001
  0.156896588549244E-002  0.145359378758512E+002  0.677834672287647E+002  0.320753014483360E+000  0.679246985516640E+000 -0.519295685089021E+001 -0.726796893792559E+001
  0.155330685576341E-002  0.145358984381473E+002  0.677707042490591E+002  0.322497317184131E+000  0.677502682815869E+000 -0.519295685089021E+001 -0.726794921907367E+001
  0.153782974254372E-002  0.145358256649990E+002  0.676085852787102E+002  0.325074592760480E+000  0.674925407239520E+000 -0.519295685089021E+001 -0.726791283249951E+001
  0.152248775777282E-002  0.145357779626941E+002  0.677861030645802E+002  0.320997995779229E+000  0.679002004220771E+000 -0.519295685089021E+001 -0.726788898134707E+001
  0.152248934233546E-002  0.145357758811512E+002  0.676621783633119E+002  0.321011551330571E+000  0.678988448669429E+000 -0.519295685089021E+001 -0.726788794057561E+001
  0.152250592606645E-002  0.145357540962491E+002  0.677598862272932E+002  0.322630684630680E+000  0.677369315369320E+000 -0.519295685089021E+001 -0.726787704812454E+001
  0.152251778549023E-002  0.145357385174886E+002  0.676787559277514E+002  0.320942464629187E+000  0.679057535370813E+000 -0.519295685089021E+001 -0.726786925874429E+001
  0.150682589727480E-002  0.145357329807712E+002  0.677890744566980E+002  0.321653516783273E+000  0.678346483216727E+000 -0.519295685089021E+001 -0.726786649038560E+001
  0.147608469853969E-002  0.145357189568806E+002  0.677750849673340E+002  0.320921025653575E+000  0.679078974346425E+000 -0.519295685089021E+001 -0.726785947844030E+001
  0.146102647225968E-002  0.145357136695216E+002  0.675493945562796E+002  0.325702671696027E+000  0.674297328303973E+000 -0.519295685089021E+001 -0.726785683476082E+001
  0.144613863240072E-002  0.145356851886034E+002  0.677670513632451E+002  0.320889379863190E+000  0.679110620136810E+000 -0.519295685089021E+001 -0.726784259430170E+001
  0.141694108410210E-002  0.145356606658130E+002  0.675391114470124E+002  0.325787761591658E+000  0.674212238408342E+000 -0.519295685089021E+001 -0.726783033290652E+001
  0.137490155358620E-002  0.145355910910139E+002  0.677699196295782E+002  0.322196630102715E+000  0.677803369897285E+000 -0.519295685089021E+001 -0.726779554550693E+001
  0.136129218365657E-002  0.145355859242405E+002  0.677559670926277E+002  0.320922809791238E+000  0.679077190208762E+000 -0.519295685089021E+001 -0.726779296212026E+001
  0.136129433585904E-002  0.145355827622437E+002  0.677427776792817E+002  0.322872443709543E+000  0.677127556290457E+000 -0.519295685089021E+001 -0.726779138112186E+001
  0.132126736567228E-002  0.145355659623713E+002  0.676480266681372E+002  0.324445172627933E+000  0.675554827372067E+000 -0.519295685089021E+001 -0.726778298118564E+001
  0.132127585419235E-002  0.145355531133552E+002  0.675376949750733E+002  0.322078917122003E+000  0.677921082877997E+000 -0.519295685089021E+001 -0.726777655667761E+001
  0.132127838192972E-002  0.145355492871520E+002  0.677800918027603E+002  0.321395931698239E+000  0.678604068301761E+000 -0.519295685089021E+001 -0.726777464357601E+001
  0.129512890206980E-002  0.145355269749703E+002  0.676064141980618E+002  0.321494675755658E+000  0.678505324244342E+000 -0.519295685089021E+001 -0.726776348748514E+001
  0.126974382853485E-002  0.145355118367109E+002  0.675704778698782E+002  0.321794193910956E+000  0.678205806089044E+000 -0.519295685089021E+001 -0.726775591835544E+001
  0.126975538475624E-002  0.145354936343483E+002  0.675907342259986E+002  0.321632085734052E+000  0.678367914265948E+000 -0.519295685089021E+001 -0.726774681717413E+001
  0.126979271394548E-002  0.145354348377627E+002  0.675541390739398E+002  0.321974344202091E+000  0.678025655797909E+000 -0.519295685089021E+001 -0.726771741888136E+001
  0.126979349600742E-002  0.145354336059684E+002  0.675957401978465E+002  0.321619141752615E+000  0.678380858247385E+000 -0.519295685089021E+001 -0.726771680298422E+001
  0.126980395619514E-002  0.145354171306208E+002  0.676065105634613E+002  0.321543968628814E+000  0.678456031371186E+000 -0.519295685089021E+001 -0.726770856531040E+001
  0.126980847096540E-002  0.145354100196613E+002  0.677721820803452E+002  0.321519671892863E+000  0.678480328107137E+000 -0.519295685089021E+001 -0.726770500983067E+001
  0.126981583999042E-002  0.145353984131808E+002  0.676211153363271E+002  0.324725818660590E+000  0.675274181339410E+000 -0.519295685089021E+001 -0.726769920659041E+001
  0.126984442138072E-002  0.145353533970962E+002  0.676416409820694E+002  0.321336038892346E+000  0.678663961107654E+000 -0.519295685089021E+001 -0.726767669854811E+001
  0.126986074195727E-002  0.145353276924171E+002  0.677620896330212E+002  0.321324340026151E+000  0.678675659973849E+000 -0.519295685089021E+001 -0.726766384620856E+001
  0.126986430158826E-002  0.145353220860921E+002  0.676866104593895E+002  0.323736916345129E+000  0.676263083654871E+000 -0.519295685089021E+001 -0.726766104304607E+001
  0.126987918956835E-002  0.145352986380862E+002  0.675692971143498E+002  0.321899715199187E+000  0.678100284800813E+000 -0.519295685089021E+001 -0.726764931904312E+001
  0.126989061239341E-002  0.145352806477549E+002  0.676496531847938E+002  0.321327004726142E+000  0.678672995273858E+000 -0.519295685089021E+001 -0.726764032387746E+001
  0.126990772113039E-002  0.145352537027227E+002  0.677091428422797E+002  0.321125668930784E+000  0.678874331069216E+000 -0.519295685089021E+001 -0.726762685136135E+001
  0.126991572813153E-002  0.145352410923956E+002  0.675519932590080E+002  0.322081440466583E+000  0.677918559533417E+000 -0.519295685089021E+001 -0.726762054619778E+001
  0.126991721911005E-002  0.145352387442435E+002  0.677319166894052E+002  0.321154011775451E+000  0.678845988224549E+000 -0.519295685089021E+001 -0.726761937212173E+001
  0.126992480556423E-002  0.145352267963284E+002  0.676388086545612E+002  0.321417983514442E+000  0.678582016485558E+000 -0.519295685089021E+001 -0.726761339816421E+001
  0.126992507224069E-002  0.145352263763407E+002  0.677162165131526E+002  0.321142201644883E+000  0.678857798355117E+000 -0.519295685089021E+001 -0.726761318817034E+001
  0.126993029177787E-002  0.145352181561290E+002  0.676710974518932E+002  0.323923590960715E+000  0.676076409039285E+000 -0.519295685089021E+001 -0.726760907806450E+001
  0.126994462515830E-002  0.145351955827647E+002  0.677453858344809E+002  0.321282188307357E+000  0.678717811692643E+000 -0.519295685089021E+001 -0.726759779138236E+001
  0.126998136316178E-002  0.145351377259553E+002  0.677521493309334E+002  0.321506204081952E+000  0.678493795918048E+000 -0.519295685089021E+001 -0.726756886297763E+001
  0.127000759813554E-002  0.145350964108564E+002  0.676461571191568E+002  0.321446309782745E+000  0.678553690217255E+000 -0.519295685089021E+001 -0.726754820542820E+001
  0.127001174749573E-002  0.145350898764807E+002  0.676328226803950E+002  0.324412895110738E+000  0.675587104889262E+000 -0.519295685089021E+001 -0.726754493824033E+001
  0.127001639870586E-002  0.145350825518215E+002  0.676874508930505E+002  0.321284512052436E+000  0.678715487947564E+000 -0.519295685089021E+001 -0.726754127591074E+001
  0.127001957564522E-002  0.145350775488382E+002  0.676180452866100E+002  0.321628378864700E+000  0.678371621135300E+000 -0.519295685089021E+001 -0.726753877441911E+001
  0.127002159132316E-002  0.145350743745937E+002  0.676268438624184E+002  0.321572410032353E+000  0.678427589967647E+000 -0.519295685089021E+001 -0.726753718729685E+001
  0.127002704633697E-002  0.145350657841853E+002  0.676515156908330E+002  0.324132585658338E+000  0.675867414341662E+000 -0.519295685089021E+001 -0.726753289209263E+001
  0.127002726969183E-002  0.145350654324529E+002  0.675937750539618E+002  0.324906431323059E+000  0.675093568676941E+000 -0.519295685089021E+001 -0.726753271622643E+001
  0.127003752660464E-002  0.145350492802463E+002  0.677462092270260E+002  0.321561984718944E+000  0.678438015281056E+000 -0.519295685089021E+001 -0.726752464012315E+001
  0.127005794251882E-002  0.145350171304087E+002  0.676808925136333E+002  0.323637920633831E+000  0.676362079366169E+000 -0.519295685089021E+001 -0.726750856520437E+001
  0.127005950727951E-002  0.145350146663326E+002  0.676995376409504E+002  0.321313114865530E+000  0.678686885134470E+000 -0.519295685089021E+001 -0.726750733316631E+001
  0.127007635073744E-002  0.145349881426207E+002  0.676010362560873E+002  0.324776784504505E+000  0.675223215495495E+000 -0.519295685089021E+001 -0.726749407131035E+001
  0.127008064450918E-002  0.145349813811934E+002  0.675609066664556E+002  0.325246154771749E+000  0.674753845228251E+000 -0.519295685089021E+001 -0.726749069059668E+001
  0.127008969340374E-002  0.145349671319213E+002  0.675439668619598E+002  0.322288081510276E+000  0.677711918489724E+000 -0.519295685089021E+001 -0.726748356596065E+001
  0.127009401832651E-002  0.145349603215119E+002  0.675625064086395E+002  0.322121913324689E+000  0.677878086675311E+000 -0.519295685089021E+001 -0.726748016075594E+001
  0.127010030741307E-002  0.145349504181962E+002  0.676259832992790E+002  0.324429866502154E+000  0.675570133497846E+000 -0.519295685089021E+001 -0.726747520909811E+001
  0.127010035728910E-002  0.145349503396575E+002  0.675808272303523E+002  0.325002843270455E+000  0.674997156729545E+000 -0.519295685089021E+001 -0.726747516982874E+001
  0.127010068575409E-002  0.145349498224307E+002  0.677416744861438E+002  0.322060334924083E+000  0.677939665075917E+000 -0.519295685089021E+001 -0.726747491121537E+001
  0.127010672322460E-002  0.145349403153795E+002  0.676374012057294E+002  0.321583730881290E+000  0.678416269118710E+000 -0.519295685089021E+001 -0.726747015768974E+001
  0.127010677686609E-002  0.145349402309118E+002  0.677392493723814E+002  0.322175743468670E+000  0.677824256531330E+000 -0.519295685089021E+001 -0.726747011545589E+001
  0.127010766978394E-002  0.145349388248606E+002  0.676113500610533E+002  0.321748018551692E+000  0.678251981448308E+000 -0.519295685089021E+001 -0.726746941243032E+001
  0.127011926833849E-002  0.145349205610522E+002  0.677358891740396E+002  0.321611325493403E+000  0.678388674506597E+000 -0.519295685089021E+001 -0.726746028052610E+001
  0.127013642029963E-002  0.145348935528086E+002  0.676247054831853E+002  0.321685752087370E+000  0.678314247912630E+000 -0.519295685089021E+001 -0.726744677640428E+001
  0.127015231109607E-002  0.145348685307766E+002  0.676043940026402E+002  0.321835150180429E+000  0.678164849819571E+000 -0.519295685089021E+001 -0.726743426538831E+001
  0.127015717402633E-002  0.145348608735517E+002  0.677367886186995E+002  0.321949830063540E+000  0.678050169936460E+000 -0.519295685089021E+001 -0.726743043677586E+001
  0.127015922803493E-002  0.145348576392954E+002  0.675891849475518E+002  0.321954105507004E+000  0.678045894492996E+000 -0.519295685089021E+001 -0.726742881964770E+001
  0.127021879317433E-002  0.145347638498847E+002  0.676757599478193E+002  0.323542859068701E+000  0.676457140931299E+000 -0.519295685089021E+001 -0.726738192494233E+001
  0.127022788051867E-002  0.145347495416224E+002  0.675334378539201E+002  0.325416790989517E+000  0.674583209010483E+000 -0.519295685089021E+001 -0.726737477081118E+001
  0.127025480208014E-002  0.145347071535177E+002  0.676099233281246E+002  0.324505134283660E+000  0.675494865716340E+000 -0.519295685089021E+001 -0.726735357675885E+001
  0.127025944751975E-002  0.145346998393456E+002  0.677062745471931E+002  0.321628537862252E+000  0.678371462137748E+000 -0.519295685089021E+001 -0.726734991967279E+001
  0.127025992734071E-002  0.145346990838765E+002  0.676903669626637E+002  0.323209959467324E+000  0.676790040532676E+000 -0.519295685089021E+001 -0.726734954193826E+001
  0.127026733060780E-002  0.145346874276078E+002  0.675918865802169E+002  0.324725117181837E+000  0.675274882818163E+000 -0.519295685089021E+001 -0.726734371380390E+001
  0.127027064469222E-002  0.145346822096824E+002  0.676462768921968E+002  0.323970326941840E+000  0.676029673058160E+000 -0.519295685089021E+001 -0.726734110484120E+001
  0.127027473127287E-002  0.145346757755038E+002  0.676204483631168E+002  0.321841695035072E+000  0.678158304964928E+000 -0.519295685089021E+001 -0.726733788775191E+001
  0.127032462203148E-002  0.145345972259150E+002  0.675881127596717E+002  0.324718640262251E+000  0.675281359737749E+000 -0.519295685089021E+001 -0.726729861295752E+001
  0.127032710455517E-002  0.145345933174318E+002  0.677148835728845E+002  0.322360639218621E+000  0.677639360781379E+000 -0.519295685089021E+001 -0.726729665871589E+001
  0.127036060952944E-002  0.145345405679749E+002  0.675644104855461E+002  0.322334667317722E+000  0.677665332682278E+000 -0.519295685089021E+001 -0.726727028398744E+001
  0.127036790266477E-002  0.145345290860156E+002  0.677044560639696E+002  0.321880340431207E+000  0.678119659568793E+000 -0.519295685089021E+001 -0.726726454300780E+001
  0.127041235725629E-002  0.145344591002837E+002  0.675317065097965E+002  0.322685082151370E+000  0.677314917848630E+000 -0.519295685089021E+001 -0.726722955014184E+001
  0.127042690572141E-002  0.145344361968827E+002  0.676805604991148E+002  0.323137910187064E+000  0.676862089812936E+000 -0.519295685089021E+001 -0.726721809844135E+001
  0.127043519393707E-002  0.145344231490031E+002  0.676859090225722E+002  0.321889359759014E+000  0.678110640240986E+000 -0.519295685089021E+001 -0.726721157450157E+001
  0.127043772240366E-002  0.145344191685340E+002  0.676651688458634E+002  0.321858988102757E+000  0.678141011897243E+000 -0.519295685089021E+001 -0.726720958426698E+001
  0.127043866156557E-002  0.145344176900490E+002  0.676825131871853E+002  0.323069619046633E+000  0.676930380953368E+000 -0.519295685089021E+001 -0.726720884502448E+001
  0.127045605716538E-002  0.145343903050500E+002  0.676083865900470E+002  0.324320551600326E+000  0.675679448399674E+000 -0.519295685089021E+001 -0.726719515252499E+001
  0.127046611850361E-002  0.145343744661733E+002  0.676243030973890E+002  0.322026478019154E+000  0.677973521980846E+000 -0.519295685089021E+001 -0.726718723308667E+001
  0.127047626070395E-002  0.145343585001279E+002  0.676598411409715E+002  0.321923930723494E+000  0.678076069276506E+000 -0.519295685089021E+001 -0.726717925006397E+001
  0.127050678274831E-002  0.145343104525120E+002  0.676779512250032E+002  0.323029882739008E+000  0.676970117260992E+000 -0.519295685089021E+001 -0.726715522625598E+001
  0.127051400151029E-002  0.145342990889497E+002  0.675798502629136E+002  0.322363799705371E+000  0.677636200294629E+000 -0.519295685089021E+001 -0.726714954447485E+001
  0.127051496260281E-002  0.145342975760311E+002  0.676571166704337E+002  0.321988860238968E+000  0.678011139761032E+000 -0.519295685089021E+001 -0.726714878801553E+001
  0.127051843585142E-002  0.145342921085727E+002  0.676892327752632E+002  0.322621820226307E+000  0.677378179773693E+000 -0.519295685089021E+001 -0.726714605428633E+001
  0.127054058683191E-002  0.145342572396770E+002  0.675413134039550E+002  0.325039992176622E+000  0.674960007823378E+000 -0.519295685089021E+001 -0.726712861983849E+001
  0.127055019126003E-002  0.145342421210859E+002  0.676745632296657E+002  0.323007954626163E+000  0.676992045373837E+000 -0.519295685089021E+001 -0.726712106054293E+001
  0.127055197559139E-002  0.145342393123340E+002  0.676860801169335E+002  0.322567737077898E+000  0.677432262922101E+000 -0.519295685089021E+001 -0.726711965616700E+001
  0.127056450235282E-002  0.145342195938181E+002  0.676316124028807E+002  0.322122655262736E+000  0.677877344737264E+000 -0.519295685089021E+001 -0.726710979690905E+001
  0.127058212191301E-002  0.145341918589995E+002  0.676720985735768E+002  0.322172291929495E+000  0.677827708070505E+000 -0.519295685089021E+001 -0.726709592949973E+001
  0.127059512083093E-002  0.145341713977460E+002  0.676693110641084E+002  0.323025130879722E+000  0.676974869120278E+000 -0.519295685089021E+001 -0.726708569887299E+001
  0.127060061188318E-002  0.145341627544885E+002  0.676526852617278E+002  0.323399981580321E+000  0.676600018419679E+000 -0.519295685089021E+001 -0.726708137724425E+001
  0.127060502890498E-002  0.145341558018488E+002  0.676065219512948E+002  0.322294062507699E+000  0.677705937492301E+000 -0.519295685089021E+001 -0.726707790092440E+001
  0.127060671780617E-002  0.145341531434301E+002  0.676384562494638E+002  0.322167266623512E+000  0.677832733376488E+000 -0.519295685089021E+001 -0.726707657171507E+001
  0.127063250328883E-002  0.145341125561726E+002  0.675982181362282E+002  0.324248172131109E+000  0.675751827868891E+000 -0.519295685089021E+001 -0.726705627808632E+001
  0.127065018327920E-002  0.145340847277213E+002  0.676651224039765E+002  0.322329023588278E+000  0.677670976411722E+000 -0.519295685089021E+001 -0.726704236386067E+001
  0.127066095347248E-002  0.145340677755377E+002  0.676002937079605E+002  0.322404503783469E+000  0.677595496216531E+000 -0.519295685089021E+001 -0.726703388776884E+001
  0.127066743157904E-002  0.145340575791276E+002  0.675639485463734E+002  0.322666612521741E+000  0.677333387478259E+000 -0.519295685089021E+001 -0.726702878956382E+001
  0.127068071860623E-002  0.145340366657755E+002  0.675612739539389E+002  0.322705176165328E+000  0.677294823834672E+000 -0.519295685089021E+001 -0.726701833288775E+001
  0.127072628673199E-002  0.145339649446767E+002  0.675804800107272E+002  0.324359315126367E+000  0.675640684873633E+000 -0.519295685089021E+001 -0.726698247233834E+001
  0.127074149699709E-002  0.145339410053370E+002  0.676281311927765E+002  0.322433055812358E+000  0.677566944187642E+000 -0.519295685089021E+001 -0.726697050266852E+001
  0.127074983329948E-002  0.145339278850052E+002  0.676336294811599E+002  0.322451534455906E+000  0.677548465544094E+000 -0.519295685089021E+001 -0.726696394250261E+001
  0.127077333535196E-002  0.145338908960802E+002  0.676435728223346E+002  0.323155181435392E+000  0.676844818564608E+000 -0.519295685089021E+001 -0.726694544804011E+001
  0.127077817107856E-002  0.145338832854115E+002  0.676465268090635E+002  0.322638028798067E+000  0.677361971201933E+000 -0.519295685089021E+001 -0.726694164270577E+001
  0.127082861646384E-002  0.145338038940824E+002  0.675388334050425E+002  0.323107593085162E+000  0.676892406914838E+000 -0.519295685089021E+001 -0.726690194704118E+001
  0.127084051172734E-002  0.145337851736858E+002  0.676350687995613E+002  0.323089306061812E+000  0.676910693938188E+000 -0.519295685089021E+001 -0.726689258684290E+001
  0.127084268447379E-002  0.145337817543038E+002  0.676363414186428E+002  0.322960701519203E+000  0.677039298480797E+000 -0.519295685089021E+001 -0.726689087715190E+001
  0.127087265284401E-002  0.145337345918702E+002  0.675697499753373E+002  0.322927764158680E+000  0.677072235841320E+000 -0.519295685089021E+001 -0.726686729593508E+001
  0.127091538531245E-002  0.145336673439835E+002  0.676189832956056E+002  0.323163321101263E+000  0.676836678898737E+000 -0.519295685089021E+001 -0.726683367199178E+001
  0.127092028880891E-002  0.145336596275186E+002  0.676073522033954E+002  0.322914343294786E+000  0.677085656705214E+000 -0.519295685089021E+001 -0.726682981375931E+001
  0.127099941242661E-002  0.145335351174994E+002  0.675791016096396E+002  0.323202336702373E+000  0.676797663297627E+000 -0.519295685089021E+001 -0.726676755874969E+001
  0.127100379831331E-002  0.145335282160341E+002  0.675562014403638E+002  0.324145113998790E+000  0.675854886001210E+000 -0.519295685089021E+001 -0.726676410801707E+001
  0.127101001024727E-002  0.145335184412108E+002  0.675786600280254E+002  0.323765612082342E+000  0.676234387917658E+000 -0.519295685089021E+001 -0.726675922060541E+001
  0.127101677781610E-002  0.145335077921195E+002  0.675322853242872E+002  0.324387588418566E+000  0.675612411581433E+000 -0.519295685089021E+001 -0.726675389605977E+001
  0.127102452435480E-002  0.145334956026422E+002  0.675720530857278E+002  0.323823781215003E+000  0.676176218784997E+000 -0.519295685089021E+001 -0.726674780132111E+001
  0.127104850384076E-002  0.145334578704674E+002  0.675692772701837E+002  0.323475902668431E+000  0.676524097331569E+000 -0.519295685089021E+001 -0.726672893523371E+001
  0.209467843535244E-002  0.145368260853634E+002  0.672157733942288E+002  0.326995828224892E+000  0.673004171775108E+000 -0.519295685089021E+001 -0.726841304268171E+001
  0.206095662961043E-002  0.145367646272190E+002  0.673823637892435E+002  0.323440861042654E+000  0.676559138957346E+000 -0.519295685089021E+001 -0.726838231360949E+001
  0.202771608720436E-002  0.145367639431434E+002  0.673980768800790E+002  0.323226007742081E+000  0.676773992257919E+000 -0.519295685089021E+001 -0.726838197157171E+001
  0.199503674927158E-002  0.145367381186424E+002  0.672627098716569E+002  0.325500628983599E+000  0.674499371016401E+000 -0.519295685089021E+001 -0.726836905932122E+001
  0.199511972471456E-002  0.145366549385030E+002  0.672647760304343E+002  0.325510802981567E+000  0.674489197018433E+000 -0.519295685089021E+001 -0.726832746925148E+001
  0.199512053402459E-002  0.145366541272134E+002  0.673144078717824E+002  0.324538894554290E+000  0.675461105445710E+000 -0.519295685089021E+001 -0.726832706360672E+001
  0.196187549628186E-002  0.145366470205748E+002  0.673845489955678E+002  0.323456445556757E+000  0.676543554443243E+000 -0.519295685089021E+001 -0.726832351028742E+001
  0.192920710231998E-002  0.145366164057154E+002  0.673115429869382E+002  0.324607681149548E+000  0.675392318850452E+000 -0.519295685089021E+001 -0.726830820285768E+001
  0.192921482434728E-002  0.145366084003417E+002  0.673201886881876E+002  0.324461800382288E+000  0.675538199617712E+000 -0.519295685089021E+001 -0.726830420017086E+001
  0.192925216523502E-002  0.145365696897472E+002  0.673539101189509E+002  0.323935845837063E+000  0.676064154162937E+000 -0.519295685089021E+001 -0.726828484487362E+001
  0.192927104379328E-002  0.145365501189869E+002  0.672478297199484E+002  0.326029763599478E+000  0.673970236400522E+000 -0.519295685089021E+001 -0.726827505949344E+001
  0.189548785171826E-002  0.145364829390135E+002  0.673872417335509E+002  0.327364093657720E+000  0.672635906342280E+000 -0.519295685089021E+001 -0.726824146950674E+001
  0.186223403994574E-002  0.145364825512377E+002  0.672424406579896E+002  0.326282104451639E+000  0.673717895548361E+000 -0.519295685089021E+001 -0.726824127561883E+001
  0.182962340032288E-002  0.145364168174960E+002  0.673455043623020E+002  0.327551461701282E+000  0.672448538298718E+000 -0.519295685089021E+001 -0.726820840874800E+001
  0.176658927659910E-002  0.145363530344136E+002  0.672385825482046E+002  0.327092407465949E+000  0.672907592534051E+000 -0.519295685089021E+001 -0.726817651720681E+001
  0.173617705444067E-002  0.145362997976081E+002  0.672513918626806E+002  0.327379541880746E+000  0.672620458119254E+000 -0.519295685089021E+001 -0.726814989880407E+001
  0.173621087477251E-002  0.145362608384451E+002  0.673579353135226E+002  0.324012263374283E+000  0.675987736625717E+000 -0.519295685089021E+001 -0.726813041922256E+001
  0.173624823028166E-002  0.145362178078342E+002  0.672737229402846E+002  0.325631955920704E+000  0.674368044079296E+000 -0.519295685089021E+001 -0.726810890391711E+001
  0.173625736608641E-002  0.145362072842460E+002  0.674309962648743E+002  0.323011340131224E+000  0.676988659868776E+000 -0.519295685089021E+001 -0.726810364212300E+001
  0.173625807573064E-002  0.145362064668049E+002  0.672499002252545E+002  0.326416297022447E+000  0.673583702977553E+000 -0.519295685089021E+001 -0.726810323340244E+001
  0.170411974123921E-002  0.145361893401922E+002  0.674319446105407E+002  0.326945215899216E+000  0.673054784100784E+000 -0.519295685089021E+001 -0.726809467009610E+001
  0.167260440367787E-002  0.145361385978137E+002  0.673800904894578E+002  0.327257703082297E+000  0.672742296917703E+000 -0.519295685089021E+001 -0.726806929890683E+001
  0.167263837270174E-002  0.145360979801053E+002  0.673905402409606E+002  0.323600958784093E+000  0.676399041215907E+000 -0.519295685089021E+001 -0.726804899005265E+001
  0.164113592467238E-002  0.145360287993253E+002  0.673026264949240E+002  0.325117964890973E+000  0.674882035109027E+000 -0.519295685089021E+001 -0.726801439966263E+001
  0.161017734525913E-002  0.145360210369924E+002  0.673040271676908E+002  0.327426374314735E+000  0.672573625685265E+000 -0.519295685089021E+001 -0.726801051849618E+001
  0.161017878343895E-002  0.145360192506311E+002  0.673699011030133E+002  0.323941482592304E+000  0.676058517407696E+000 -0.519295685089021E+001 -0.726800962531557E+001
  0.161020284377037E-002  0.145359893655626E+002  0.674602137474347E+002  0.326646273952431E+000  0.673353726047569E+000 -0.519295685089021E+001 -0.726799468278130E+001
  0.151908202711349E-002  0.145359594254969E+002  0.672831703979571E+002  0.327319596112199E+000  0.672680403887801E+000 -0.519295685089021E+001 -0.726797971274843E+001
  0.151913850698852E-002  0.145358850663456E+002  0.674624795410052E+002  0.326585303161746E+000  0.673414696838254E+000 -0.519295685089021E+001 -0.726794253317282E+001
  0.148999469878312E-002  0.145357905753853E+002  0.673620780952053E+002  0.324178938166899E+000  0.675821061833101E+000 -0.519295685089021E+001 -0.726789528769266E+001
  0.138167497693747E-002  0.145357275653991E+002  0.673338311854280E+002  0.324702573421176E+000  0.675297426578824E+000 -0.519295685089021E+001 -0.726786378269955E+001
  0.138169663574955E-002  0.145356962141151E+002  0.673349882166552E+002  0.327196061557617E+000  0.672803938442383E+000 -0.519295685089021E+001 -0.726784810705753E+001
  0.135613207219559E-002  0.145356631622202E+002  0.674468484047625E+002  0.326613003204198E+000  0.673386996795801E+000 -0.519295685089021E+001 -0.726783158111011E+001
  0.135614280684821E-002  0.145356473310038E+002  0.673242900063781E+002  0.327171619472942E+000  0.672828380527058E+000 -0.519295685089021E+001 -0.726782366550192E+001
  0.133057219845871E-002  0.145356217903406E+002  0.673096343812838E+002  0.327131999002719E+000  0.672868000997281E+000 -0.519295685089021E+001 -0.726781089517031E+001
  0.133057868581437E-002  0.145356120391376E+002  0.672915280380879E+002  0.325760339876057E+000  0.674239660123943E+000 -0.519295685089021E+001 -0.726780601956878E+001
  0.130501318116290E-002  0.145355774844006E+002  0.674909928461440E+002  0.326213581345921E+000  0.673786418654079E+000 -0.519295685089021E+001 -0.726778874220031E+001
  0.130501839960705E-002  0.145355694868818E+002  0.673373286020010E+002  0.324739542105627E+000  0.675260457894373E+000 -0.519295685089021E+001 -0.726778474344092E+001
  0.125483851627777E-002  0.145355485565250E+002  0.675030413197098E+002  0.326092112984604E+000  0.673907887015396E+000 -0.519295685089021E+001 -0.726777427826252E+001
  0.125485589568111E-002  0.145355208568924E+002  0.674675130814527E+002  0.326388325922556E+000  0.673611674077444E+000 -0.519295685089021E+001 -0.726776042844618E+001
  0.123025521102747E-002  0.145355138129614E+002  0.673094032851478E+002  0.325378047735012E+000  0.674621952264988E+000 -0.519295685089021E+001 -0.726775690648071E+001
  0.123028635822457E-002  0.145354631782597E+002  0.673938873036274E+002  0.326856528576650E+000  0.673143471423350E+000 -0.519295685089021E+001 -0.726773158912985E+001
  0.123032935531824E-002  0.145353932817807E+002  0.675149047313255E+002  0.322377737990376E+000  0.677622262009624E+000 -0.519295685089021E+001 -0.726769664089033E+001
  0.123033649905831E-002  0.145353816690864E+002  0.674078581286934E+002  0.323694504645388E+000  0.676305495354612E+000 -0.519295685089021E+001 -0.726769083454319E+001
  0.123039251479589E-002  0.145352906135703E+002  0.672962348044083E+002  0.326381378379679E+000  0.673618621620321E+000 -0.519295685089021E+001 -0.726764530678513E+001
  0.123042323058681E-002  0.145352406857510E+002  0.672994192168234E+002  0.326366547474368E+000  0.673633452525632E+000 -0.519295685089021E+001 -0.726762034287552E+001
  0.123043966415268E-002  0.145352139738754E+002  0.673032473783592E+002  0.326506780762359E+000  0.673493219237641E+000 -0.519295685089021E+001 -0.726760698693772E+001
  0.123044060326234E-002  0.145352124474141E+002  0.673261681964375E+002  0.325264648644211E+000  0.674735351355789E+000 -0.519295685089021E+001 -0.726760622370704E+001
  0.123045595294685E-002  0.145351874976705E+002  0.675116547854407E+002  0.322505653548815E+000  0.677494346451185E+000 -0.519295685089021E+001 -0.726759374883526E+001
  0.123048413378678E-002  0.145351416926709E+002  0.674472964340481E+002  0.326362070975847E+000  0.673637929024153E+000 -0.519295685089021E+001 -0.726757084633546E+001
  0.123048656717747E-002  0.145351377374988E+002  0.673067843239376E+002  0.326078411722763E+000  0.673921588277237E+000 -0.519295685089021E+001 -0.726756886874938E+001
  0.123050183312254E-002  0.145351129247933E+002  0.673074422990187E+002  0.326212691227389E+000  0.673787308772611E+000 -0.519295685089021E+001 -0.726755646239666E+001
  0.123051491637515E-002  0.145350916600009E+002  0.674602814549729E+002  0.323141039632824E+000  0.676858960367176E+000 -0.519295685089021E+001 -0.726754583000043E+001
  0.123054409001123E-002  0.145350442436065E+002  0.673300008022375E+002  0.325354715878544E+000  0.674645284121456E+000 -0.519295685089021E+001 -0.726752212180326E+001
  0.123055517494576E-002  0.145350262273734E+002  0.673261971071101E+002  0.325487567606728E+000  0.674512432393272E+000 -0.519295685089021E+001 -0.726751311368669E+001
  0.123057751673068E-002  0.145349899159872E+002  0.673290393647472E+002  0.326561204213235E+000  0.673438795786765E+000 -0.519295685089021E+001 -0.726749495799359E+001
  0.123061499187182E-002  0.145349290103229E+002  0.675162808309230E+002  0.322582958727912E+000  0.677417041272088E+000 -0.519295685089021E+001 -0.726746450516146E+001
  0.123065191948401E-002  0.145348689963325E+002  0.673253485202515E+002  0.325864685698884E+000  0.674135314301116E+000 -0.519295685089021E+001 -0.726743449816627E+001
  0.123066130724123E-002  0.145348537398311E+002  0.673410589581698E+002  0.326475796138584E+000  0.673524203861416E+000 -0.519295685089021E+001 -0.726742686991553E+001
  0.123070232082064E-002  0.145347870880305E+002  0.674621200549265E+002  0.323280895357139E+000  0.676719104642861E+000 -0.519295685089021E+001 -0.726739354401525E+001
  0.123070919272372E-002  0.145347759206121E+002  0.673624621869183E+002  0.324870672485361E+000  0.675129327514639E+000 -0.519295685089021E+001 -0.726738796030603E+001
  0.123071530997669E-002  0.145347659796158E+002  0.674769046063474E+002  0.323110405801691E+000  0.676889594198309E+000 -0.519295685089021E+001 -0.726738298980788E+001
  0.123071669946657E-002  0.145347637215971E+002  0.673345581629086E+002  0.326211382177251E+000  0.673788617822749E+000 -0.519295685089021E+001 -0.726738186079854E+001
  0.123079980991453E-002  0.145346286659146E+002  0.673430065031716E+002  0.325693168222810E+000  0.674306831777190E+000 -0.519295685089021E+001 -0.726731433295732E+001
  0.123080461661026E-002  0.145346208552434E+002  0.673483595587771E+002  0.325458173036568E+000  0.674541826963432E+000 -0.519295685089021E+001 -0.726731042762169E+001
  0.123083342608916E-002  0.145345740417340E+002  0.674586757690016E+002  0.323451858133575E+000  0.676548141866425E+000 -0.519295685089021E+001 -0.726728702086700E+001
  0.123083961690085E-002  0.145345639822150E+002  0.674459671901468E+002  0.326038590249247E+000  0.673961409750753E+000 -0.519295685089021E+001 -0.726728199110750E+001
  0.123084663970919E-002  0.145345525708366E+002  0.673486402026450E+002  0.325962517273695E+000  0.674037482726305E+000 -0.519295685089021E+001 -0.726727628541830E+001
  0.123085064637536E-002  0.145345460604242E+002  0.675141750069073E+002  0.325490215285872E+000  0.674509784714128E+000 -0.519295685089021E+001 -0.726727303021208E+001
  0.123087605935257E-002  0.145345047674940E+002  0.673516770721759E+002  0.325694249034055E+000  0.674305750965945E+000 -0.519295685089021E+001 -0.726725238374701E+001
  0.123087780161867E-002  0.145345019365593E+002  0.673565170090416E+002  0.326040940636675E+000  0.673959059363325E+000 -0.519295685089021E+001 -0.726725096827967E+001
  0.123094154722139E-002  0.145343983617739E+002  0.673724144878046E+002  0.326040432730579E+000  0.673959567269421E+000 -0.519295685089021E+001 -0.726719918088693E+001
  0.123095384751015E-002  0.145343783767025E+002  0.675179921616623E+002  0.325351896677388E+000  0.674648103322612E+000 -0.519295685089021E+001 -0.726718918835126E+001
  0.123095682616091E-002  0.145343735371269E+002  0.674898097144569E+002  0.325597807638234E+000  0.674402192361766E+000 -0.519295685089021E+001 -0.726718676856343E+001
  0.123102077233477E-002  0.145342696431289E+002  0.673761827978230E+002  0.325817127354170E+000  0.674182872645830E+000 -0.519295685089021E+001 -0.726713482156447E+001
  0.123103483714657E-002  0.145342467926104E+002  0.673739068123997E+002  0.325632140526675E+000  0.674367859473325E+000 -0.519295685089021E+001 -0.726712339630523E+001
  0.123111843523775E-002  0.145341109796338E+002  0.673884118616932E+002  0.325575408851744E+000  0.674424591148256E+000 -0.519295685089021E+001 -0.726705548981691E+001
  0.123113187740668E-002  0.145340891424244E+002  0.674926596095675E+002  0.325371856318643E+000  0.674628143681357E+000 -0.519295685089021E+001 -0.726704457121220E+001
  0.123113617296971E-002  0.145340821642028E+002  0.674666225977063E+002  0.325552604578864E+000  0.674447395421136E+000 -0.519295685089021E+001 -0.726704108210140E+001
  0.123120392543732E-002  0.145339721022862E+002  0.674074182335275E+002  0.325506667698582E+000  0.674493332301418E+000 -0.519295685089021E+001 -0.726698605114311E+001
  0.123127678255611E-002  0.145338537547701E+002  0.674494929943417E+002  0.324195453054945E+000  0.675804546945055E+000 -0.519295685089021E+001 -0.726692687738506E+001
  0.123128726792063E-002  0.145338367231489E+002  0.674176922007682E+002  0.325140787455394E+000  0.674859212544606E+000 -0.519295685089021E+001 -0.726691836157446E+001
  0.123132985200021E-002  0.145337675543297E+002  0.674277398107685E+002  0.324918841068095E+000  0.675081158931905E+000 -0.519295685089021E+001 -0.726688377716485E+001
  0.123134911262953E-002  0.145337362703019E+002  0.675154067502243E+002  0.323416742833256E+000  0.676583257166744E+000 -0.519295685089021E+001 -0.726686813515093E+001
  0.123135339879843E-002  0.145337293085696E+002  0.674598931208358E+002  0.325195957556980E+000  0.674804042443020E+000 -0.519295685089021E+001 -0.726686465428479E+001
  0.123140065066224E-002  0.145336525621907E+002  0.674935107661270E+002  0.323784760471083E+000  0.676215239528917E+000 -0.519295685089021E+001 -0.726682628109537E+001
  0.123140231771326E-002  0.145336498546237E+002  0.675124073152664E+002  0.323552102421698E+000  0.676447897578302E+000 -0.519295685089021E+001 -0.726682492731186E+001
  0.123142000527242E-002  0.145336211273234E+002  0.674639928154836E+002  0.324317225055377E+000  0.675682774944623E+000 -0.519295685089021E+001 -0.726681056366168E+001
  0.123143567249423E-002  0.145335956817043E+002  0.674609269503621E+002  0.324905883002078E+000  0.675094116997922E+000 -0.519295685089021E+001 -0.726679784085217E+001
  0.123153122757510E-002  0.145334404947533E+002  0.674949839510441E+002  0.324338048162391E+000  0.675661951837609E+000 -0.519295685089021E+001 -0.726672024737667E+001
  0.127108721281226E-002  0.145333969626705E+002  0.675331461211517E+002  0.323977983826703E+000  0.676022016173297E+000 -0.519295685089021E+001 -0.726669848133525E+001
