  0.331023982713635E-321  0.149655642885818E+004  0.938131956116352E+002  0.170746075497665E+001 -0.707460754976649E+000 -0.519295685089021E+001 -0.745282871715338E+003
  0.444659081257122E-321  0.149596207158517E+004  0.997504191726431E+002  0.150687187371955E+001 -0.506871873719549E+000 -0.519295685089021E+001 -0.744985693078832E+003
  0.208001636899165E-320  0.149287318585007E+004  0.789102511340601E+002  0.241057936956487E+001 -0.141057936956487E+001 -0.519295685089021E+001 -0.743441250211282E+003
  0.116535263884575E-318  0.148482247677997E+004  0.716555012984271E+002  0.290786122978590E+001 -0.190786122978590E+001 -0.519295685089021E+001 -0.739415895676233E+003
  0.643480978456556E-318  0.148140507513771E+004  0.757698865403875E+002  0.259934137869806E+001 -0.159934137869806E+001 -0.519295685089021E+001 -0.737707194855105E+003
  0.157137578659808E-317  0.147961943899707E+004  0.994081084192604E+002  0.150601887762961E+001 -0.506018877629612E+000 -0.519295685089021E+001 -0.736814376784781E+003
  0.369003302975098E-317  0.147791207414636E+004  0.933788046381396E+002  0.170879361534543E+001 -0.708793615345433E+000 -0.519295685089021E+001 -0.735960694359428E+003
  0.164438880774050E-315  0.147031826653351E+004  0.814257978523459E+002  0.224125372158842E+001 -0.124125372158842E+001 -0.519295685089021E+001 -0.732163790553002E+003
  0.178976427920487E-314  0.146554366604512E+004  0.703036060090427E+002  0.299275965894023E+001 -0.199275965894023E+001 -0.519295685089021E+001 -0.729776490308810E+003
  0.913286319591202E-314  0.146228407539348E+004  0.703378570557992E+002  0.298535864453759E+001 -0.198535864453759E+001 -0.519295685089021E+001 -0.728146694982990E+003
  0.165738563834400E-313  0.146109218081661E+004  0.705664447416152E+002  0.296462659788931E+001 -0.196462659788931E+001 -0.519295685089021E+001 -0.727550747694551E+003
  0.375505924060060E-313  0.145945645558157E+004  0.803630461206996E+002  0.228910835820653E+001 -0.128910835820653E+001 -0.519295685089021E+001 -0.726732885077034E+003
  0.451049317046820E-312  0.145448468052285E+004  0.918492543750147E+002  0.174754608699406E+001 -0.747546086994063E+000 -0.519295685089021E+001 -0.724246997547675E+003
  0.161553845470548E-310  0.144732781652764E+004  0.771553745367764E+002  0.246818903959879E+001 -0.146818903959879E+001 -0.519295685089021E+001 -0.720668565550070E+003
  0.451796605050357E-308  0.143606068896737E+004  0.841499562103111E+002  0.206541653916406E+001 -0.106541653916406E+001 -0.519295685089021E+001 -0.715035001769932E+003
  0.572270492302100E-308  0.143558792961034E+004  0.846825363866618E+002  0.203906840883750E+001 -0.103906840883750E+001 -0.519295685089021E+001 -0.714798622091419E+003
  0.237514731584756E-306  0.142813635347630E+004  0.943270621178954E+002  0.163539472352582E+001 -0.635394723525819E+000 -0.519295685089021E+001 -0.711072834024398E+003
  0.891896545722945E-306  0.142549011248341E+004  0.971714999817050E+002  0.153764812528881E+001 -0.537648125288807E+000 -0.519295685089021E+001 -0.709749713527952E+003
  0.297741350097099E-305  0.142307919227502E+004  0.765256075766652E+002  0.248012373211193E+001 -0.148012373211193E+001 -0.519295685089021E+001 -0.708544253423758E+003
  0.654407105916148E-305  0.142150418330106E+004  0.944494605533179E+002  0.162592354513721E+001 -0.625923545137210E+000 -0.519295685089021E+001 -0.707756748936777E+003
  0.205255049552240E-303  0.141461279551691E+004  0.841009173199050E+002  0.204682935503073E+001 -0.104682935503073E+001 -0.519295685089021E+001 -0.704311055044703E+003
  0.416431196322666E-303  0.141319785971077E+004  0.739979327464839E+002  0.263847081465361E+001 -0.163847081465361E+001 -0.519295685089021E+001 -0.703603587141635E+003
  0.104628878863197E-301  0.140675012264074E+004  0.725374111538641E+002  0.273623886550811E+001 -0.173623886550811E+001 -0.519295685089021E+001 -0.700379718606621E+003
  0.240119275873129E-301  0.140508869027953E+004  0.695673474910209E+002  0.296969709483113E+001 -0.196969709483113E+001 -0.519295685089021E+001 -0.699549002426013E+003
  0.110300489190034E-300  0.140203937493625E+004  0.903142153958920E+002  0.176329854064856E+001 -0.763298540648558E+000 -0.519295685089021E+001 -0.698024344754374E+003
  0.122911887769329E-299  0.139721768599480E+004  0.711973410296488E+002  0.282606670844446E+001 -0.182606670844446E+001 -0.519295685089021E+001 -0.695613500283651E+003
  0.180312825113628E-297  0.138724089458144E+004  0.734115229518617E+002  0.264705490299473E+001 -0.164705490299473E+001 -0.519295685089021E+001 -0.690625104576971E+003
  0.187735266514741E-296  0.138255504528775E+004  0.735565926371688E+002  0.263072165571750E+001 -0.163072165571750E+001 -0.519295685089021E+001 -0.688282179930125E+003
  0.447010561366345E-296  0.138081994647187E+004  0.772002042534222E+002  0.238817815162263E+001 -0.138817815162263E+001 -0.519295685089021E+001 -0.687414630522182E+003
  0.798931085491510E-294  0.137044822116080E+004  0.786249197920350E+002  0.229128334995204E+001 -0.129128334995204E+001 -0.519295685089021E+001 -0.682228767866649E+003
  0.881490489467501E-294  0.137025154211750E+004  0.747415446482413E+002  0.253343619783990E+001 -0.153343619783990E+001 -0.519295685089021E+001 -0.682130428344999E+003
  0.155951401318059E-293  0.136911051149960E+004  0.698743457422336E+002  0.289293812003881E+001 -0.189293812003881E+001 -0.519295685089021E+001 -0.681559913036050E+003
  0.377256942454932E-293  0.136734374735646E+004  0.887644053502804E+002  0.179510984493634E+001 -0.795109844936345E+000 -0.519295685089021E+001 -0.680676530964477E+003
  0.531124407428975E-293  0.136665960779152E+004  0.870585387131840E+002  0.186587448777725E+001 -0.865874487777246E+000 -0.519295685089021E+001 -0.680334461182008E+003
  0.592477449137651E-293  0.136644097473349E+004  0.710923621936842E+002  0.279211630827034E+001 -0.179211630827034E+001 -0.519295685089021E+001 -0.680225144652994E+003
  0.384802961270702E-292  0.136269896734228E+004  0.994187768794778E+002  0.142295980116605E+001 -0.422959801166049E+000 -0.519295685089021E+001 -0.678354140957386E+003
  0.509185894641132E-291  0.135753363365447E+004  0.702188338970458E+002  0.284864747309246E+001 -0.184864747309246E+001 -0.519295685089021E+001 -0.675771474113483E+003
  0.150538094615129E-290  0.135536565745399E+004  0.865308054023129E+002  0.187823859198404E+001 -0.878238591984035E+000 -0.519295685089021E+001 -0.674687486013244E+003
  0.157662898534178E-289  0.135066800121270E+004  0.959808102520985E+002  0.151980359943844E+001 -0.519803599438442E+000 -0.519295685089021E+001 -0.672338657892598E+003
  0.297649797398168E-288  0.134479191418921E+004  0.724344617643019E+002  0.266199830293921E+001 -0.166199830293921E+001 -0.519295685089021E+001 -0.669400614380854E+003
  0.488282236230382E-287  0.133919679205787E+004  0.960826185376828E+002  0.150776746395411E+001 -0.507767463954108E+000 -0.519295685089021E+001 -0.666603053315185E+003
  0.287457684829964E-286  0.133565125772268E+004  0.742774069840709E+002  0.252124004727646E+001 -0.152124004727646E+001 -0.519295685089021E+001 -0.664830286147589E+003
  0.349632323516671E-285  0.133065447467294E+004  0.840360418260804E+002  0.196711609361902E+001 -0.967116093619022E+000 -0.519295685089021E+001 -0.662331894622720E+003
  0.999482756201276E-285  0.132855376306637E+004  0.712010437779916E+002  0.273166107262135E+001 -0.173166107262135E+001 -0.519295685089021E+001 -0.661281538819433E+003
  0.424459147342309E-284  0.132566143715511E+004  0.885296671631037E+002  0.176740820528494E+001 -0.767408205284944E+000 -0.519295685089021E+001 -0.659835375863806E+003
  0.533945719291938E-283  0.132059731012807E+004  0.699704636560377E+002  0.281609216444156E+001 -0.181609216444156E+001 -0.519295685089021E+001 -0.657303312350284E+003
  0.575071222600837E-283  0.132044891070009E+004  0.723311680538890E+002  0.263705836220887E+001 -0.163705836220887E+001 -0.519295685089021E+001 -0.657229112636292E+003
  0.507835490641647E-281  0.131148724300953E+004  0.830391083325876E+002  0.199511961907913E+001 -0.995119619079128E+000 -0.519295685089021E+001 -0.652748278791011E+003
  0.578894876972943E-281  0.131122531632224E+004  0.843291306566474E+002  0.193427798384184E+001 -0.934277983841837E+000 -0.519295685089021E+001 -0.652617315447367E+003
  0.164298398247271E-280  0.130913901938707E+004  0.731462338781689E+002  0.256442300150290E+001 -0.156442300150290E+001 -0.519295685089021E+001 -0.651574166979785E+003
  0.299037435240152E-280  0.130794125040511E+004  0.817016449539866E+002  0.205714971293061E+001 -0.105714971293061E+001 -0.519295685089021E+001 -0.650975282488804E+003
  0.374256758371364E-280  0.130749250377601E+004  0.729316932884840E+002  0.257721198614814E+001 -0.157721198614814E+001 -0.519295685089021E+001 -0.650750909174252E+003
  0.461843971784310E-280  0.130707193371790E+004  0.903016648119570E+002  0.168213186860256E+001 -0.682131868602565E+000 -0.519295685089021E+001 -0.650540624145200E+003
  0.194073678742475E-279  0.130420074200458E+004  0.811619029017460E+002  0.208054504138263E+001 -0.108054504138263E+001 -0.519295685089021E+001 -0.649105028288541E+003
  0.563396711295241E-279  0.130206924971682E+004  0.878105013063261E+002  0.177510844046121E+001 -0.775108440461209E+000 -0.519295685089021E+001 -0.648039282144657E+003
  0.624535452664257E-279  0.130186320155791E+004  0.702616613047155E+002  0.276653110372771E+001 -0.176653110372771E+001 -0.519295685089021E+001 -0.647936258065202E+003
  0.809237292467773E-279  0.130134503337351E+004  0.725534638528612E+002  0.259569258909636E+001 -0.159569258909636E+001 -0.519295685089021E+001 -0.647677173973003E+003
  0.141247445345680E-278  0.130023102099956E+004  0.906947244909543E+002  0.166156657054299E+001 -0.661566570542988E+000 -0.519295685089021E+001 -0.647120167786027E+003
  0.346807590300497E-278  0.129843450730449E+004  0.790920245262735E+002  0.218396023839872E+001 -0.118396023839872E+001 -0.519295685089021E+001 -0.646221910938495E+003
  0.670901426438653E-278  0.129711480312574E+004  0.690672222268261E+002  0.285486880827259E+001 -0.185486880827259E+001 -0.519295685089021E+001 -0.645562058849118E+003
  0.125249593209185E-277  0.129586626039694E+004  0.987294652617864E+002  0.139483803449662E+001 -0.394838034496615E+000 -0.519295685089021E+001 -0.644937787484718E+003
  0.171825245122316E-277  0.129523392149402E+004  0.888162181109363E+002  0.172875874706109E+001 -0.728758747061094E+000 -0.519295685089021E+001 -0.644621618033259E+003
  0.261969391957668E-277  0.129439042203650E+004  0.849148335162471E+002  0.189121362704928E+001 -0.891213627049282E+000 -0.519295685089021E+001 -0.644199868304500E+003
  0.599380436607092E-277  0.129273508434908E+004  0.848331970243532E+002  0.189324054822173E+001 -0.893240548221735E+000 -0.519295685089021E+001 -0.643372199460790E+003
  0.284270761972083E-276  0.128962185285281E+004  0.796747714748441E+002  0.214251213736001E+001 -0.114251213736001E+001 -0.519295685089021E+001 -0.641815583712651E+003
  0.157347588759109E-275  0.128619962241056E+004  0.695485186209729E+002  0.280015619933453E+001 -0.180015619933453E+001 -0.519295685089021E+001 -0.640104468491526E+003
  0.756065801826429E-275  0.128306028018553E+004  0.717761934451177E+002  0.262670302223026E+001 -0.162670302223026E+001 -0.519295685089021E+001 -0.638534797379014E+003
  0.666979468562582E-274  0.127870584829588E+004  0.709747675355941E+002  0.267960541148369E+001 -0.167960541148369E+001 -0.519295685089021E+001 -0.636357581434188E+003
  0.690116253494097E-274  0.127863764668978E+004  0.679833026522935E+002  0.291738289247179E+001 -0.191738289247179E+001 -0.519295685089021E+001 -0.636323480631141E+003
  0.125160266268016E-273  0.127744700654481E+004  0.903692950894101E+002  0.165393026175855E+001 -0.653930261758545E+000 -0.519295685089021E+001 -0.635728160558652E+003
  0.183390838048251E-273  0.127668295743233E+004  0.699102510082755E+002  0.275793163574393E+001 -0.175793163574393E+001 -0.519295685089021E+001 -0.635346136002413E+003
  0.241789021643762E-273  0.127613006556821E+004  0.954840514469715E+002  0.147807758351416E+001 -0.478077583514163E+000 -0.519295685089021E+001 -0.635069690070352E+003
  0.773760473726816E-273  0.127380367191679E+004  0.787088825071066E+002  0.217718702511626E+001 -0.117718702511626E+001 -0.519295685089021E+001 -0.633906493244645E+003
  0.840892053616769E-272  0.126903209985738E+004  0.949004800960207E+002  0.149104752478637E+001 -0.491047524786368E+000 -0.519295685089021E+001 -0.631520707214938E+003
  0.202458573822160E-271  0.126727478568147E+004  0.733257026713307E+002  0.249733060997508E+001 -0.149733060997508E+001 -0.519295685089021E+001 -0.630642050126982E+003
  0.192020083129222E-270  0.126277548614690E+004  0.769607338383439E+002  0.226347925440437E+001 -0.126347925440437E+001 -0.519295685089021E+001 -0.628392400359700E+003
  0.456917354001063E-270  0.126104168101947E+004  0.892346113039877E+002  0.168204506562943E+001 -0.682045065629425E+000 -0.519295685089021E+001 -0.627525497795986E+003
  0.175418251300895E-267  0.124914082926165E+004  0.684054880234875E+002  0.283758290525225E+001 -0.183758290525225E+001 -0.519295685089021E+001 -0.621575071917075E+003
  0.406085288922322E-266  0.124285687891777E+004  0.940100931874091E+002  0.149881071326603E+001 -0.498810713266030E+000 -0.519295685089021E+001 -0.618433096745136E+003
  0.196945822939197E-265  0.123969897778843E+004  0.788522020048542E+002  0.213055342535000E+001 -0.113055342535000E+001 -0.519295685089021E+001 -0.616854146180464E+003
  0.264475668597025E-264  0.123450416644958E+004  0.809051519007739E+002  0.201855015279058E+001 -0.101855015279058E+001 -0.519295685089021E+001 -0.614256740511039E+003
  0.766239362311178E-264  0.123237667575463E+004  0.747108238489762E+002  0.236226421541091E+001 -0.136226421541091E+001 -0.519295685089021E+001 -0.613192995163562E+003
  0.980485375067943E-264  0.123188356950388E+004  0.830869975079133E+002  0.191134537273191E+001 -0.911345372731913E+000 -0.519295685089021E+001 -0.612946442038189E+003
  0.165425343207053E-263  0.123083745478817E+004  0.989264670760464E+002  0.134162851460142E+001 -0.341628514601419E+000 -0.519295685089021E+001 -0.612423384680336E+003
  0.478559046209370E-263  0.122871293557369E+004  0.674519333134134E+002  0.288556729618796E+001 -0.188556729618796E+001 -0.519295685089021E+001 -0.611361125073094E+003
  0.538985236192510E-263  0.122847511841851E+004  0.819707636126958E+002  0.196012784666646E+001 -0.960127846666464E+000 -0.519295685089021E+001 -0.611242216495505E+003
  0.266729542124631E-262  0.122527685420303E+004  0.825551463676486E+002  0.192915876363227E+001 -0.929158763632269E+000 -0.519295685089021E+001 -0.609643084387762E+003
  0.170978891510241E-260  0.121695590400455E+004  0.726024093177276E+002  0.247935412966082E+001 -0.147935412966082E+001 -0.519295685089021E+001 -0.605482609288526E+003
  0.171523675832668E-260  0.121694954160224E+004  0.913898253262214E+002  0.156517397196183E+001 -0.565173971961833E+000 -0.519295685089021E+001 -0.605479428087368E+003
  0.193761123647471E-260  0.121670573206148E+004  0.931819681836785E+002  0.150447015012854E+001 -0.504470150128541E+000 -0.519295685089021E+001 -0.605357523316989E+003
  0.394075929121612E-260  0.121528589701092E+004  0.741162259548530E+002  0.237791545694514E+001 -0.137791545694514E+001 -0.519295685089021E+001 -0.604647605791711E+003
  0.130828027533630E-259  0.121288604664571E+004  0.689437666950540E+002  0.274006673895015E+001 -0.174006673895015E+001 -0.519295685089021E+001 -0.603447680609105E+003
  0.184413429452742E-259  0.121219945376080E+004  0.786286673681231E+002  0.211104708777694E+001 -0.111104708777694E+001 -0.519295685089021E+001 -0.603104384166649E+003
  0.120696683134340E-258  0.120844208255246E+004  0.708571404095215E+002  0.258955806574893E+001 -0.158955806574893E+001 -0.519295685089021E+001 -0.601225698562480E+003
  0.520419788037787E-258  0.120551937230625E+004  0.719553160832621E+002  0.250798426747653E+001 -0.150798426747653E+001 -0.519295685089021E+001 -0.599764343439376E+003
  0.806377677802639E-258  0.120464353941615E+004  0.680258852986746E+002  0.280087193070344E+001 -0.180087193070344E+001 -0.519295685089021E+001 -0.599326426994323E+003
  0.384045912515063E-257  0.120152194944287E+004  0.668409948719721E+002  0.289467903673797E+001 -0.189467903673797E+001 -0.519295685089021E+001 -0.597765632007684E+003
  0.641742526958581E-257  0.120049509931164E+004  0.984179349334099E+002  0.133335119773783E+001 -0.333351197737826E+000 -0.519295685089021E+001 -0.597252206942069E+003
  0.768474372481589E-256  0.119552948904551E+004  0.742758604549016E+002  0.234233578880011E+001 -0.134233578880011E+001 -0.519295685089021E+001 -0.594769401809004E+003
  0.131807932192918E-254  0.118984527149584E+004  0.787508302519323E+002  0.207884423797492E+001 -0.107884423797492E+001 -0.519295685089021E+001 -0.591927293034169E+003
  0.300643430387825E-254  0.118819611321170E+004  0.801325260194147E+002  0.200620133098542E+001 -0.100620133098542E+001 -0.519295685089021E+001 -0.591102713892100E+003
  0.463917505539604E-254  0.118732854961020E+004  0.728474635900334E+002  0.242317379303291E+001 -0.142317379303291E+001 -0.519295685089021E+001 -0.590668932091350E+003
  0.475030471648222E-252  0.117807086482586E+004  0.963511678155736E+002  0.137525300150328E+001 -0.375253001503280E+000 -0.519295685089021E+001 -0.586040089699181E+003
  0.208646969285959E-250  0.117050599499635E+004  0.747695581333938E+002  0.227983280422312E+001 -0.127983280422312E+001 -0.519295685089021E+001 -0.582257654784425E+003
  0.226377561718329E-250  0.117034287389472E+004  0.909260887523721E+002  0.154088197380519E+001 -0.540881973805186E+000 -0.519295685089021E+001 -0.582176094233609E+003
  0.135429896409501E-248  0.116216003371401E+004  0.741672029256289E+002  0.230583019701741E+001 -0.130583019701741E+001 -0.519295685089021E+001 -0.578084674143254E+003
  0.177831891540407E-248  0.116161526463856E+004  0.909027381041705E+002  0.153406073165771E+001 -0.534060731657710E+000 -0.519295685089021E+001 -0.577812289605531E+003
  0.224975290580840E-247  0.115653979064849E+004  0.950318412518314E+002  0.139733952162191E+001 -0.397339521621914E+000 -0.519295685089021E+001 -0.575274552610493E+003
  0.107062877272482E-246  0.115341976901571E+004  0.872162136853202E+002  0.166017920562389E+001 -0.660179205623894E+000 -0.519295685089021E+001 -0.573714541794101E+003
  0.123187744853937E-246  0.115313918247044E+004  0.680157118753944E+002  0.272233523616772E+001 -0.172233523616772E+001 -0.519295685089021E+001 -0.573574248521468E+003
  0.207397199265568E-245  0.114749215984622E+004  0.746872412633066E+002  0.225526304970780E+001 -0.125526304970780E+001 -0.519295685089021E+001 -0.570750737209357E+003
  0.507993300315239E-245  0.114570049491131E+004  0.759796909299963E+002  0.217755419653967E+001 -0.117755419653967E+001 -0.519295685089021E+001 -0.569854904741902E+003
  0.552646109150002E-245  0.114553199573082E+004  0.721864282704125E+002  0.240993772405347E+001 -0.140993772405347E+001 -0.519295685089021E+001 -0.569770655151657E+003
  0.290968057467348E-244  0.114220983425760E+004  0.653391987747664E+002  0.292816371659744E+001 -0.192816371659744E+001 -0.519295685089021E+001 -0.568109574415051E+003
  0.884051397157989E-244  0.113998723083853E+004  0.976860956901951E+002  0.130796361389660E+001 -0.307963613896602E+000 -0.519295685089021E+001 -0.566998272705515E+003
  0.297319709438571E-243  0.113756147501243E+004  0.765284792941895E+002  0.213666122229766E+001 -0.113666122229766E+001 -0.519295685089021E+001 -0.565785394792461E+003
  0.302930310159461E-243  0.113752408549844E+004  0.682095009704712E+002  0.268304545308265E+001 -0.168304545308265E+001 -0.519295685089021E+001 -0.565766700035468E+003
  0.104680624257980E-242  0.113504409278935E+004  0.673494782667917E+002  0.274710632062683E+001 -0.174710632062683E+001 -0.519295685089021E+001 -0.564526703680923E+003
  0.207548838135951E-242  0.113367518751864E+004  0.822441346064776E+002  0.184675571273300E+001 -0.846755712732998E+000 -0.519295685089021E+001 -0.563842251045568E+003
  0.168533550612395E-239  0.112027614062685E+004  0.900457037507778E+002  0.152685281244755E+001 -0.526852812447549E+000 -0.519295685089021E+001 -0.557142727599675E+003
  0.192650654729175E-239  0.112000865337443E+004  0.651297364030282E+002  0.290915872848675E+001 -0.190915872848675E+001 -0.519295685089021E+001 -0.557008983973465E+003
  0.516818083971525E-239  0.111803502842553E+004  0.715355320000835E+002  0.241487483808887E+001 -0.141487483808887E+001 -0.519295685089021E+001 -0.556022171499012E+003
  0.956146695020888E-239  0.111680458761774E+004  0.774973180013509E+002  0.205897822889011E+001 -0.105897822889011E+001 -0.519295685089021E+001 -0.555406951095119E+003
  0.325146522763220E-238  0.111435668828765E+004  0.884818568001090E+002  0.157647021182888E+001 -0.576470211828882E+000 -0.519295685089021E+001 -0.554183001430076E+003
  0.508841443286310E-238  0.111346096720424E+004  0.879216773520917E+002  0.159598684624187E+001 -0.595986846241873E+000 -0.519295685089021E+001 -0.553735140888371E+003
  0.762007706022557E-238  0.111265332679061E+004  0.684569536965666E+002  0.262578172193309E+001 -0.162578172193309E+001 -0.519295685089021E+001 -0.553331320681553E+003
  0.113217500710323E-237  0.111186144843421E+004  0.819043538951508E+002  0.183860177766360E+001 -0.838601777663598E+000 -0.519295685089021E+001 -0.552935381503351E+003
  0.129299083400783E-237  0.111159581354804E+004  0.907063080777965E+002  0.149670399279698E+001 -0.496703992796980E+000 -0.519295685089021E+001 -0.552802564060267E+003
  0.201603564147771E-237  0.111070746351098E+004  0.703066311386582E+002  0.248832403039434E+001 -0.148832403039434E+001 -0.519295685089021E+001 -0.552358389041740E+003
  0.263821635130687E-237  0.111016952344107E+004  0.886510700958056E+002  0.156651729032836E+001 -0.566517290328359E+000 -0.519295685089021E+001 -0.552089419006781E+003
  0.325242005829594E-237  0.110975093086457E+004  0.871169632644959E+002  0.162232401578902E+001 -0.622324015789017E+000 -0.519295685089021E+001 -0.551880122718536E+003
  0.529722789333255E-237  0.110877536228023E+004  0.713594848827321E+002  0.241355660651469E+001 -0.141355660651469E+001 -0.519295685089021E+001 -0.551392338426366E+003
  0.667357468346439E-237  0.110831341826786E+004  0.656022497122449E+002  0.284847324108561E+001 -0.184847324108561E+001 -0.519295685089021E+001 -0.551161366420179E+003
  0.112532897148586E-236  0.110726840855969E+004  0.852936947770982E+002  0.169043438572755E+001 -0.690434385727551E+000 -0.519295685089021E+001 -0.550638861566094E+003
  0.106587120976010E-235  0.110277180419355E+004  0.796536269732478E+002  0.193345237899206E+001 -0.933452378992060E+000 -0.519295685089021E+001 -0.548390559383025E+003
  0.393955475214591E-235  0.110015725377801E+004  0.754067516058988E+002  0.215277966450860E+001 -0.115277966450860E+001 -0.519295685089021E+001 -0.547083284175255E+003
  0.731259681657949E-235  0.109892019229303E+004  0.693335664200680E+002  0.254005747359048E+001 -0.154005747359048E+001 -0.519295685089021E+001 -0.546464753432765E+003
  0.215269315482076E-234  0.109676077963493E+004  0.697790464166264E+002  0.250493841021060E+001 -0.150493841021060E+001 -0.519295685089021E+001 -0.545385047103713E+003
  0.494773833867543E-233  0.109049118768396E+004  0.681493431559869E+002  0.261476079867863E+001 -0.161476079867863E+001 -0.519295685089021E+001 -0.542250251128229E+003
  0.366368108790925E-232  0.108648694183236E+004  0.801922860080990E+002  0.188924438961155E+001 -0.889244389611548E+000 -0.519295685089021E+001 -0.540248128202429E+003
  0.482281171218795E-232  0.108593716443823E+004  0.713619698089126E+002  0.238096410770342E+001 -0.138096410770342E+001 -0.519295685089021E+001 -0.539973239505365E+003
  0.556095894373316E-232  0.108565233750919E+004  0.881319185694234E+002  0.156221352959021E+001 -0.562213529590206E+000 -0.519295685089021E+001 -0.539830826040842E+003
  0.187251009658196E-231  0.108322414879691E+004  0.652343468862901E+002  0.283760574463650E+001 -0.183760574463650E+001 -0.519295685089021E+001 -0.538616731684705E+003
  0.252766462125804E-231  0.108262411685008E+004  0.747816523385177E+002  0.216590972128234E+001 -0.116590972128234E+001 -0.519295685089021E+001 -0.538316715711291E+003
  0.203355618175619E-230  0.107845396611960E+004  0.646144873188036E+002  0.288315854115380E+001 -0.188315854115380E+001 -0.519295685089021E+001 -0.536231640346048E+003
  0.339814374772425E-230  0.107742707961582E+004  0.724563918005510E+002  0.229859918414257E+001 -0.129859918414257E+001 -0.519295685089021E+001 -0.535718197094157E+003
  0.471685896679455E-230  0.107677125205791E+004  0.813549733708136E+002  0.182499959389743E+001 -0.824999593897433E+000 -0.519295685089021E+001 -0.535390283315204E+003
  0.539708378960964E-230  0.107650182073031E+004  0.707089420954023E+002  0.241093946163058E+001 -0.141093946163058E+001 -0.519295685089021E+001 -0.535255567651403E+003
  0.805809394541926E-230  0.107570018417707E+004  0.790973126171886E+002  0.192923533469112E+001 -0.929235334691116E+000 -0.519295685089021E+001 -0.534854749374786E+003
  0.281312209993618E-228  0.106859460802749E+004  0.724860099583315E+002  0.228452977494553E+001 -0.128452977494553E+001 -0.519295685089021E+001 -0.531301961299991E+003
  0.331652959775899E-227  0.106366018984114E+004  0.777485509275591E+002  0.198196574409686E+001 -0.981965744096863E+000 -0.519295685089021E+001 -0.528834752206817E+003
  0.159119248819775E-226  0.106052389006842E+004  0.785966405792951E+002  0.193589970982100E+001 -0.935899709821001E+000 -0.519295685089021E+001 -0.527266602320457E+003
  0.207487059553509E-226  0.105999305994755E+004  0.685153268959111E+002  0.254015958272014E+001 -0.154015958272014E+001 -0.519295685089021E+001 -0.527001187260022E+003
  0.253327359579035E-226  0.105959383276835E+004  0.662369526568233E+002  0.271457381846348E+001 -0.171457381846348E+001 -0.519295685089021E+001 -0.526801573670426E+003
  0.462958586412608E-226  0.105838792268802E+004  0.692269023538296E+002  0.248646704708309E+001 -0.148646704708309E+001 -0.519295685089021E+001 -0.526198618630258E+003
  0.227888761478205E-225  0.105520031246653E+004  0.721160291428143E+002  0.228903481506562E+001 -0.128903481506562E+001 -0.519295685089021E+001 -0.524604813519512E+003
  0.354530587934581E-225  0.105431643845587E+004  0.834823674019539E+002  0.170948824083989E+001 -0.709488240839889E+000 -0.519295685089021E+001 -0.524162876514183E+003
  0.509175539137741E-225  0.105359244205441E+004  0.632115141480507E+002  0.296521958001531E+001 -0.196521958001531E+001 -0.519295685089021E+001 -0.523800878313456E+003
  0.334213552574260E-224  0.104982929718858E+004  0.981840294243462E+002  0.122553165246261E+001 -0.225531652462605E+000 -0.519295685089021E+001 -0.521919305880537E+003
  0.405637793584729E-224  0.104944193626906E+004  0.693612533492546E+002  0.246342858275103E+001 -0.146342858275103E+001 -0.519295685089021E+001 -0.521725625420777E+003
  0.214674313632089E-223  0.104610944321922E+004  0.677184757740545E+002  0.257739136650722E+001 -0.157739136650722E+001 -0.519295685089021E+001 -0.520059378895857E+003
  0.343138304021302E-223  0.104517142016861E+004  0.642440001291965E+002  0.285737448326073E+001 -0.185737448326073E+001 -0.519295685089021E+001 -0.519590367370553E+003
  0.407399622531021E-223  0.104482809818332E+004  0.682014799859930E+002  0.253952030867036E+001 -0.153952030867036E+001 -0.519295685089021E+001 -0.519418706377908E+003
  0.222708961991700E-222  0.104143078552006E+004  0.855282088311295E+002  0.161534264356277E+001 -0.615342643562771E+000 -0.519295685089021E+001 -0.517720050046280E+003
  0.531026610856992E-222  0.103969289288266E+004  0.749990166505762E+002  0.209786311512711E+001 -0.109786311512711E+001 -0.519295685089021E+001 -0.516851103727580E+003
  0.190912126224253E-221  0.103713372046575E+004  0.814606229954078E+002  0.177657878614973E+001 -0.776578786149735E+000 -0.519295685089021E+001 -0.515571517519124E+003
  0.274562155609257E-221  0.103640699163105E+004  0.864460872976979E+002  0.157600365209880E+001 -0.576003652098796E+000 -0.519295685089021E+001 -0.515208153101771E+003
  0.418127061212409E-221  0.103556577624481E+004  0.955697393111888E+002  0.128410400591545E+001 -0.284104005915452E+000 -0.519295685089021E+001 -0.514787545408654E+003
  0.115981007969276E-219  0.102892015368729E+004  0.684221216726025E+002  0.249857710552999E+001 -0.149857710552999E+001 -0.519295685089021E+001 -0.511464734129893E+003
  0.136029023819620E-219  0.102860127004708E+004  0.687358155165207E+002  0.247564357362375E+001 -0.147564357362375E+001 -0.519295685089021E+001 -0.511305292309787E+003
  0.881940530967097E-219  0.102486275733684E+004  0.856961456550937E+002  0.159235131745399E+001 -0.592351317453995E+000 -0.519295685089021E+001 -0.509436035954666E+003
  0.742978990655996E-218  0.102060050087201E+004  0.926951887860410E+002  0.135416252576689E+001 -0.354162525766895E+000 -0.519295685089021E+001 -0.507304907722252E+003
  0.113103428022200E-217  0.101976006083727E+004  0.629889847704947E+002  0.292361651266907E+001 -0.192361651266907E+001 -0.519295685089021E+001 -0.506884687704885E+003
  0.128900038296821E-217  0.101949859180781E+004  0.756693714430551E+002  0.203527656017678E+001 -0.103527656017678E+001 -0.519295685089021E+001 -0.506753953190154E+003
  0.221273366007312E-217  0.101841786844714E+004  0.641791701047985E+002  0.281560214531057E+001 -0.181560214531057E+001 -0.519295685089021E+001 -0.506213591509820E+003
  0.460334299809622E-217  0.101695276029341E+004  0.826083425601147E+002  0.170571715214654E+001 -0.705717152146544E+000 -0.519295685089021E+001 -0.505481037432951E+003
  0.323572432521331E-216  0.101305265005278E+004  0.724038406902336E+002  0.221224523624337E+001 -0.121224523624337E+001 -0.519295685089021E+001 -0.503530982312638E+003
  0.337638588883103E-216  0.101296754391642E+004  0.676886452056677E+002  0.252673174524681E+001 -0.152673174524681E+001 -0.519295685089021E+001 -0.503488429244457E+003
  0.171708456269148E-215  0.100971472981604E+004  0.944894119735991E+002  0.129292019931743E+001 -0.292920199317432E+000 -0.519295685089021E+001 -0.501862022194268E+003
  0.106680611166284E-214  0.100606147680742E+004  0.856940147118375E+002  0.157350323905229E+001 -0.573503239052293E+000 -0.519295685089021E+001 -0.500035395689957E+003
  0.155960571688404E-214  0.100530194920451E+004  0.855740045468863E+002  0.157718757731815E+001 -0.577187577318153E+000 -0.519295685089021E+001 -0.499655631888505E+003
  0.651968786462337E-214  0.100244116228943E+004  0.923291444332036E+002  0.134931325998113E+001 -0.349313259981130E+000 -0.519295685089021E+001 -0.498225238430966E+003
  0.273192959522765E-212  0.994970458578071E+003  0.692121383236204E+002  0.239060841115733E+001 -0.139060841115733E+001 -0.519295685089021E+001 -0.494489886575284E+003
  0.108756021123095E-211  0.992207431035813E+003  0.695261794295892E+002  0.236513609954485E+001 -0.136513609954485E+001 -0.519295685089021E+001 -0.493108372804155E+003
  0.184003552488377E-211  0.991155734977134E+003  0.650321710685995E+002  0.269608040107987E+001 -0.169608040107987E+001 -0.519295685089021E+001 -0.492582524774815E+003
  0.866778715357977E-211  0.988056077678111E+003  0.692326729353416E+002  0.237857848999623E+001 -0.137857848999623E+001 -0.519295685089021E+001 -0.491032696125304E+003
  0.252523880695737E-209  0.981312293091495E+003  0.989266615342966E+002  0.115417524280327E+001 -0.154175242803265E+000 -0.519295685089021E+001 -0.487660803831996E+003
  0.137366906457062E-208  0.977924823557423E+003  0.629701141108629E+002  0.284778162751480E+001 -0.184778162751480E+001 -0.519295685089021E+001 -0.485967069064960E+003
  0.247055246349701E-208  0.976750910585920E+003  0.838856267428771E+002  0.161163469589521E+001 -0.611634695895211E+000 -0.519295685089021E+001 -0.485380112579208E+003
  0.368323409266481E-208  0.975952211784514E+003  0.922588727300135E+002  0.132815960490893E+001 -0.328159604908929E+000 -0.519295685089021E+001 -0.484980763178505E+003
  0.415926700929857E-208  0.975709116457922E+003  0.709239897769711E+002  0.224974846691556E+001 -0.124974846691556E+001 -0.519295685089021E+001 -0.484859215515209E+003
  0.457226562258151E-208  0.975519776492198E+003  0.977980808160095E+002  0.117746623810266E+001 -0.177466238102663E+000 -0.519295685089021E+001 -0.484764545532347E+003
  0.848107961946620E-208  0.974284118665410E+003  0.796905799005905E+002  0.178327805993369E+001 -0.783278059933687E+000 -0.519295685089021E+001 -0.484146716618953E+003
  0.115836118831231E-206  0.969055441329020E+003  0.747577192088539E+002  0.201823119451472E+001 -0.101823119451472E+001 -0.519295685089021E+001 -0.481532377950758E+003
  0.710110876561018E-206  0.965428951932016E+003  0.655525452876072E+002  0.260993313505534E+001 -0.160993313505534E+001 -0.519295685089021E+001 -0.479719133252256E+003
  0.130637910288590E-205  0.964209765084894E+003  0.648389294311627E+002  0.266458304986101E+001 -0.166458304986101E+001 -0.519295685089021E+001 -0.479109539828695E+003
  0.750941409733233E-205  0.960711968725281E+003  0.823419257277327E+002  0.165527963920303E+001 -0.655279639203026E+000 -0.519295685089021E+001 -0.477360641648889E+003
  0.952374989129716E-205  0.960236706283296E+003  0.741768272216248E+002  0.203780807651076E+001 -0.103780807651076E+001 -0.519295685089021E+001 -0.477123010427896E+003
  0.198676137471222E-204  0.958766101705875E+003  0.781028490678414E+002  0.183743324165291E+001 -0.837433241652912E+000 -0.519295685089021E+001 -0.476387708139186E+003
  0.464571249203051E-204  0.957067223933031E+003  0.783660946259978E+002  0.182308794511738E+001 -0.823087945117380E+000 -0.519295685089021E+001 -0.475538269252764E+003
  0.217540538338135E-203  0.953979513185428E+003  0.785346583751495E+002  0.181156177531788E+001 -0.811561775317878E+000 -0.519295685089021E+001 -0.473994413878962E+003
  0.600276318874998E-203  0.951949503456754E+003  0.614826487757424E+002  0.293380241272636E+001 -0.193380241272636E+001 -0.519295685089021E+001 -0.472979409014625E+003
  0.532702337671224E-202  0.947583187827575E+003  0.697100570946075E+002  0.228485769819033E+001 -0.128485769819033E+001 -0.519295685089021E+001 -0.470796251200036E+003
  0.106234601503745E-200  0.941597473319559E+003  0.666580280573686E+002  0.248562244389643E+001 -0.148562244389643E+001 -0.519295685089021E+001 -0.467803393946028E+003
  0.169369011975745E-200  0.940664613385394E+003  0.776660554498156E+002  0.183570341612425E+001 -0.835703416124251E+000 -0.519295685089021E+001 -0.467336963978945E+003
  0.170898277502559E-200  0.940646636037930E+003  0.995199609338087E+002  0.110877763371812E+001 -0.108777633718125E+000 -0.519295685089021E+001 -0.467327975305213E+003
  0.245505381374138E-200  0.939922135326011E+003  0.685626397299402E+002  0.234877504481130E+001 -0.134877504481130E+001 -0.519295685089021E+001 -0.466965724949254E+003
  0.668934159033384E-200  0.937917401783526E+003  0.945375762215893E+002  0.123119991458825E+001 -0.231199914588246E+000 -0.519295685089021E+001 -0.465963358178011E+003
  0.882590266957429E-200  0.937363050921953E+003  0.717550111394165E+002  0.214321047006364E+001 -0.114321047006364E+001 -0.519295685089021E+001 -0.465686182747225E+003
  0.146904860243709E-199  0.936344032538083E+003  0.707211673501064E+002  0.220406378001105E+001 -0.120406378001105E+001 -0.519295685089021E+001 -0.465176673555290E+003
  0.228781746065637E-199  0.935458065923844E+003  0.764358609870270E+002  0.188832956555804E+001 -0.888329565558044E+000 -0.519295685089021E+001 -0.464733690248170E+003
  0.176263900492568E-198  0.931374468074888E+003  0.809831821803894E+002  0.167796374768236E+001 -0.677963747682359E+000 -0.519295685089021E+001 -0.462691891323692E+003
  0.824295670476844E-197  0.923684203924266E+003  0.723301481783539E+002  0.209009306192493E+001 -0.109009306192493E+001 -0.519295685089021E+001 -0.458846759248381E+003
  0.268233929245814E-196  0.921324373375960E+003  0.615571920372268E+002  0.286667257521850E+001 -0.186667257521850E+001 -0.519295685089021E+001 -0.457666843974228E+003
  0.343558316415003E-196  0.920829378579211E+003  0.787646209767098E+002  0.176104594524492E+001 -0.761045945244919E+000 -0.519295685089021E+001 -0.457419346575854E+003
  0.477814062383073E-196  0.920169648984193E+003  0.674552712518459E+002  0.239297817406856E+001 -0.139297817406856E+001 -0.519295685089021E+001 -0.457089481778345E+003
  0.226058494843590E-194  0.912456164359138E+003  0.670155475273653E+002  0.241114470488266E+001 -0.141114470488266E+001 -0.519295685089021E+001 -0.453232739465817E+003
  0.322821212263703E-194  0.911743554649048E+003  0.734377028758241E+002  0.201153683660633E+001 -0.101153683660633E+001 -0.519295685089021E+001 -0.452876434610772E+003
  0.352155383533483E-194  0.911569606926808E+003  0.620276130062188E+002  0.280521516058523E+001 -0.180521516058523E+001 -0.519295685089021E+001 -0.452789460749652E+003
  0.465746868674731E-194  0.911010467371646E+003  0.788066942937809E+002  0.174728384654626E+001 -0.747283846546264E+000 -0.519295685089021E+001 -0.452509890972071E+003
  0.551249935093167E-194  0.910673375326154E+003  0.762932805292267E+002  0.186343737999391E+001 -0.863437379993905E+000 -0.519295685089021E+001 -0.452341344949325E+003
  0.632611729217525E-194  0.910398038240215E+003  0.673009774849143E+002  0.238764774298903E+001 -0.138764774298903E+001 -0.519295685089021E+001 -0.452203676406356E+003
  0.504605200654837E-193  0.906245029072910E+003  0.866572041963073E+002  0.143882476324182E+001 -0.438824763241819E+000 -0.519295685089021E+001 -0.450127171822703E+003
  0.887190129473315E-193  0.905116463137211E+003  0.751488327165764E+002  0.191286995108478E+001 -0.912869951084782E+000 -0.519295685089021E+001 -0.449562888854854E+003
  0.413187867552884E-192  0.902039606822914E+003  0.696230329598883E+002  0.222027852038015E+001 -0.122027852038015E+001 -0.519295685089021E+001 -0.448024460697705E+003
  0.477606954527792E-192  0.901749835325452E+003  0.791100253487887E+002  0.172277913664424E+001 -0.722779136644245E+000 -0.519295685089021E+001 -0.447879574948974E+003
  0.801007513985469E-192  0.900715670916649E+003  0.638415680573934E+002  0.263092856994985E+001 -0.163092856994985E+001 -0.519295685089021E+001 -0.447362492744573E+003
  0.167309797258659E-191  0.899242547051625E+003  0.609144740215387E+002  0.288175149375958E+001 -0.188175149375958E+001 -0.519295685089021E+001 -0.446625930812061E+003
  0.221361166251094E-191  0.898682650178148E+003  0.813814428441727E+002  0.162437514148804E+001 -0.624375141488042E+000 -0.519295685089021E+001 -0.446345982375322E+003
  0.786870056186990E-191  0.896146115142352E+003  0.910935195385857E+002  0.129046963051188E+001 -0.290469630511879E+000 -0.519295685089021E+001 -0.445077714857424E+003
  0.114231484128599E-190  0.895400617295993E+003  0.663641308353137E+002  0.242889660129750E+001 -0.142889660129750E+001 -0.519295685089021E+001 -0.444704965934245E+003
  0.256091713860228E-189  0.889180829739071E+003  0.944870874142574E+002  0.119096588071441E+001 -0.190965880714410E+000 -0.519295685089021E+001 -0.441595072155784E+003
  0.884836810293376E-189  0.886701094548533E+003  0.597240052113100E+002  0.296899733741967E+001 -0.196899733741967E+001 -0.519295685089021E+001 -0.440355204560515E+003
  0.218166712917147E-188  0.884896211810902E+003  0.612187605670770E+002  0.282495782527569E+001 -0.182495782527569E+001 -0.519295685089021E+001 -0.439452763191699E+003
  0.324581244062058E-188  0.884101659084824E+003  0.939987907183119E+002  0.119937609267992E+001 -0.199376092679925E+000 -0.519295685089021E+001 -0.439055486828660E+003
  0.840940410909725E-188  0.882197689223416E+003  0.615865203384307E+002  0.278661769879145E+001 -0.178661769879145E+001 -0.519295685089021E+001 -0.438103501897956E+003
  0.241802241548814E-187  0.880085320225474E+003  0.669820912125780E+002  0.235928815154757E+001 -0.135928815154757E+001 -0.519295685089021E+001 -0.437047317398985E+003
  0.268909642465096E-187  0.879872809799154E+003  0.972760671511693E+002  0.111361562308327E+001 -0.113615623083274E+000 -0.519295685089021E+001 -0.436941062185826E+003
  0.381962513519630E-186  0.874565745512994E+003  0.733674593227981E+002  0.196330016154756E+001 -0.963300161547555E+000 -0.519295685089021E+001 -0.434287530042745E+003
  0.946124400733573E-185  0.868146472145816E+003  0.790763341819141E+002  0.168354928484202E+001 -0.683549284842019E+000 -0.519295685089021E+001 -0.431077893359156E+003
  0.962253842818688E-185  0.868112663698829E+003  0.634609410587470E+002  0.260103148259706E+001 -0.160103148259706E+001 -0.519295685089021E+001 -0.431060989135663E+003
  0.149532396477002E-184  0.867231023947910E+003  0.934912309609488E+002  0.119802467753445E+001 -0.198024677534453E+000 -0.519295685089021E+001 -0.430620169260203E+003
  0.153294781948618E-183  0.862576154404059E+003  0.698326906280416E+002  0.214607710749036E+001 -0.114607710749036E+001 -0.519295685089021E+001 -0.428292734488278E+003
  0.164044415495790E-183  0.862440605463614E+003  0.801978318900606E+002  0.163001875600687E+001 -0.630018756006875E+000 -0.519295685089021E+001 -0.428224960018056E+003
  0.194773988792696E-183  0.862097200189248E+003  0.619984910733948E+002  0.271092834415288E+001 -0.171092834415288E+001 -0.519295685089021E+001 -0.428053257380872E+003
  0.276400520325014E-182  0.856792007763531E+003  0.954739051591056E+002  0.113824827446924E+001 -0.138248274469244E+000 -0.519295685089021E+001 -0.425400661168014E+003
  0.290912913852390E-182  0.856689661797787E+003  0.720286425524189E+002  0.201009764579062E+001 -0.101009764579062E+001 -0.519295685089021E+001 -0.425349488185142E+003
  0.327053474369567E-182  0.856455462336909E+003  0.643917361468247E+002  0.250643599971473E+001 -0.150643599971473E+001 -0.519295685089021E+001 -0.425232388454703E+003
  0.450390619919698E-182  0.855815479211333E+003  0.631160658844529E+002  0.260562660486985E+001 -0.160562660486985E+001 -0.519295685089021E+001 -0.424912396891915E+003
  0.129821626834698E-181  0.853698216712359E+003  0.818531360683489E+002  0.155460106927194E+001 -0.554601069271937E+000 -0.519295685089021E+001 -0.423853765642428E+003
  0.398877043023739E-181  0.851453233113240E+003  0.816211995808899E+002  0.156091293392109E+001 -0.560912933921095E+000 -0.519295685089021E+001 -0.422731273842869E+003
  0.316001477722292E-180  0.847313875560528E+003  0.783839358702068E+002  0.168755358030283E+001 -0.687553580302829E+000 -0.519295685089021E+001 -0.420661595066512E+003
  0.181639453819642E-179  0.843816151755792E+003  0.748523469161838E+002  0.184506696736233E+001 -0.845066967362326E+000 -0.519295685089021E+001 -0.418912733164144E+003
  0.108527497076506E-178  0.840241021828078E+003  0.853624706262473E+002  0.141422651744339E+001 -0.414226517443387E+000 -0.519295685089021E+001 -0.417125168200287E+003
  0.142545802001686E-177  0.835090532051147E+003  0.807073205372742E+002  0.157735069788202E+001 -0.577350697882017E+000 -0.519295685089021E+001 -0.414549923311822E+003
  0.334178411095160E-176  0.828781338565766E+003  0.988629771121948E+002  0.103593179395459E+001 -0.359317939545896E-001 -0.519295685089021E+001 -0.411395326569131E+003
  0.799940650090907E-176  0.827035613521341E+003  0.866287218257815E+002  0.135904567754075E+001 -0.359045677540751E+000 -0.519295685089021E+001 -0.410522464046919E+003
  0.123149557340491E-175  0.826172719350241E+003  0.764496914498859E+002  0.174608738103579E+001 -0.746087381035790E+000 -0.519295685089021E+001 -0.410091016961369E+003
  0.157615351752332E-175  0.825679203245861E+003  0.620479617719825E+002  0.263476781606568E+001 -0.163476781606568E+001 -0.519295685089021E+001 -0.409844258909179E+003
  0.360272633013683E-175  0.824025796292893E+003  0.615606030158367E+002  0.267246719684038E+001 -0.167246719684038E+001 -0.519295685089021E+001 -0.409017555432695E+003
  0.504701721341936E-175  0.823351583202483E+003  0.767493573302601E+002  0.172885696021368E+001 -0.728856960213683E+000 -0.519295685089021E+001 -0.408680448887490E+003
  0.223869658619753E-174  0.820372220221755E+003  0.642498347766174E+002  0.245074885033716E+001 -0.145074885033716E+001 -0.519295685089021E+001 -0.407190767397126E+003
  0.425308641165765E-174  0.819088717984692E+003  0.764309971593636E+002  0.173762620934102E+001 -0.737626209341020E+000 -0.519295685089021E+001 -0.406549016278594E+003
  0.658026392226853E-174  0.818215858143848E+003  0.852450752902436E+002  0.139479463519741E+001 -0.394794635197407E+000 -0.519295685089021E+001 -0.406112586358172E+003
  0.821979654736721E-174  0.817770916936782E+003  0.706934622580957E+002  0.202642417972365E+001 -0.102642417972365E+001 -0.519295685089021E+001 -0.405890115754639E+003
  0.393182185386449E-173  0.814640631877440E+003  0.970940381012749E+002  0.106419103268735E+001 -0.641910326873485E-001 -0.519295685089021E+001 -0.404324973224968E+003
  0.192668943016383E-172  0.811462061062651E+003  0.630062036221778E+002  0.252937166844553E+001 -0.152937166844553E+001 -0.519295685089021E+001 -0.402735687817574E+003
  0.238264399537646E-172  0.811037245893486E+003  0.699267544584021E+002  0.205996588776434E+001 -0.105996588776434E+001 -0.519295685089021E+001 -0.402523280232991E+003
  0.153320426206986E-171  0.807313777625738E+003  0.582414254733695E+002  0.294102448086334E+001 -0.194102448086334E+001 -0.519295685089021E+001 -0.400661546099117E+003
  0.267147102363706E-171  0.806203238762724E+003  0.865997641327220E+002  0.133844554578294E+001 -0.338445545782936E+000 -0.519295685089021E+001 -0.400106276667610E+003
  0.685560520767895E-171  0.804318364102164E+003  0.611903666653693E+002  0.266392255042780E+001 -0.166392255042780E+001 -0.519295685089021E+001 -0.399163839337330E+003
  0.894086941430572E-171  0.803787231625725E+003  0.592869595029955E+002  0.283273238109875E+001 -0.183273238109875E+001 -0.519295685089021E+001 -0.398898273099111E+003
  0.153665977388051E-170  0.802704104942923E+003  0.764193311828747E+002  0.171654453097761E+001 -0.716544530977610E+000 -0.519295685089021E+001 -0.398356709757710E+003
  0.267154297342970E-170  0.801598014712162E+003  0.988035368490331E+002  0.101535903378802E+001 -0.153590337880247E-001 -0.519295685089021E+001 -0.397803664642329E+003
  0.352745885996584E-170  0.801042171624463E+003  0.952539399134506E+002  0.109582589076754E+001 -0.958258907675447E-001 -0.519295685089021E+001 -0.397525743098480E+003
  0.894439476750548E-170  0.799181273002237E+003  0.783222627350348E+002  0.162989780459292E+001 -0.629897804592916E+000 -0.519295685089021E+001 -0.396595293787367E+003
  0.918023796982743E-170  0.799129220854624E+003  0.876449793677664E+002  0.129897329177312E+001 -0.298973291773122E+000 -0.519295685089021E+001 -0.396569267713561E+003
  0.108109209735428E-168  0.794197043273578E+003  0.841812710222050E+002  0.140441540369259E+001 -0.404415403692587E+000 -0.519295685089021E+001 -0.394103178923037E+003
  0.144440637846643E-167  0.789012419697714E+003  0.839086972998150E+002  0.140792596714948E+001 -0.407925967149476E+000 -0.519295685089021E+001 -0.391510867135105E+003
  0.103381875349169E-166  0.785076127416617E+003  0.613111969947447E+002  0.261424115430071E+001 -0.161424115430071E+001 -0.519295685089021E+001 -0.389542720994557E+003
  0.391554141618083E-166  0.782412739139248E+003  0.775008814404116E+002  0.164294739722256E+001 -0.642947397222556E+000 -0.519295685089021E+001 -0.388211026855872E+003
  0.110011151256301E-165  0.780346653079108E+003  0.580124306668397E+002  0.290206700198401E+001 -0.190206700198401E+001 -0.519295685089021E+001 -0.387177983825802E+003
  0.665080470660012E-165  0.776748000466839E+003  0.604746252389769E+002  0.266790300365652E+001 -0.166790300365652E+001 -0.519295685089021E+001 -0.385378657519668E+003
  0.107291778141026E-164  0.775791542321076E+003  0.687706283845812E+002  0.207135276655444E+001 -0.107135276655444E+001 -0.519295685089021E+001 -0.384900428446786E+003
  0.125468023836206E-163  0.770873374306640E+003  0.653352686974650E+002  0.228212950932288E+001 -0.128212950932288E+001 -0.519295685089021E+001 -0.382441344439568E+003
  0.210102353101659E-163  0.769842286563153E+003  0.711823304846996E+002  0.192600424222552E+001 -0.926004242225523E+000 -0.519295685089021E+001 -0.381925800567825E+003
  0.318242842163500E-163  0.769011846686662E+003  0.749771737465117E+002  0.173642351513241E+001 -0.736423515132408E+000 -0.519295685089021E+001 -0.381510580629579E+003
  0.427485967904247E-163  0.768421633250111E+003  0.942421361691354E+002  0.109149949435341E+001 -0.914994943534095E-001 -0.519295685089021E+001 -0.381215473911304E+003
  0.122112364169083E-161  0.761717252529307E+003  0.582393608636507E+002  0.283745371739075E+001 -0.183745371739075E+001 -0.519295685089021E+001 -0.377863283550902E+003
  0.220392799982826E-161  0.760536312988998E+003  0.685748521944230E+002  0.205783162219821E+001 -0.105783162219821E+001 -0.519295685089021E+001 -0.377272813780747E+003
  0.326165945015727E-161  0.759752323235292E+003  0.778733915631468E+002  0.159816724610901E+001 -0.598167246109009E+000 -0.519295685089021E+001 -0.376880818903894E+003
  0.350331776714479E-161  0.759609374528683E+003  0.833043267104164E+002  0.139551981829761E+001 -0.395519818297614E+000 -0.519295685089021E+001 -0.376809344550590E+003
  0.202493997489366E-160  0.756100545132432E+003  0.783615880206526E+002  0.157366685762432E+001 -0.573666857624319E+000 -0.519295685089021E+001 -0.375054929852464E+003
  0.163084894076536E-159  0.751928253659040E+003  0.670719259300630E+002  0.213469321393895E+001 -0.113469321393895E+001 -0.519295685089021E+001 -0.372968784115768E+003
  0.220757371106614E-159  0.751322666974357E+003  0.932950074729682E+002  0.109908717443015E+001 -0.990871744301516E-001 -0.519295685089021E+001 -0.372665990773427E+003
  0.863890066765747E-159  0.748593904388265E+003  0.965159280032163E+002  0.102146315978707E+001 -0.214631597870656E-001 -0.519295685089021E+001 -0.371301609480381E+003
  0.840063664536151E-157  0.739439499702467E+003  0.599259340067478E+002  0.263511624158287E+001 -0.163511624158287E+001 -0.519295685089021E+001 -0.366724407137482E+003
  0.386099164304161E-156  0.736389096399012E+003  0.613633670650481E+002  0.250941341882662E+001 -0.150941341882662E+001 -0.519295685089021E+001 -0.365199205485754E+003
  0.518849403287021E-156  0.735798057528674E+003  0.807954616531251E+002  0.145556987058906E+001 -0.455569870589057E+000 -0.519295685089021E+001 -0.364903686050585E+003
  0.615431196283655E-156  0.735456638568045E+003  0.719630856829278E+002  0.183303593402613E+001 -0.833035934026129E+000 -0.519295685089021E+001 -0.364732976570271E+003
  0.163221874469678E-155  0.733505893754073E+003  0.616166488577078E+002  0.248332417993861E+001 -0.148332417993861E+001 -0.519295685089021E+001 -0.363757604163285E+003
  0.185270206136803E-155  0.733252484024270E+003  0.689737239287525E+002  0.198963191292974E+001 -0.989631912929739E+000 -0.519295685089021E+001 -0.363630899298383E+003
  0.623137298872715E-155  0.730826580934791E+003  0.865261304227443E+002  0.126168110031229E+001 -0.261681100312292E+000 -0.519295685089021E+001 -0.362417947753644E+003
  0.260182304107016E-153  0.723363009208768E+003  0.651502162081991E+002  0.220750886422734E+001 -0.120750886422734E+001 -0.519295685089021E+001 -0.358686161890632E+003
  0.760216385918526E-153  0.721218568096535E+003  0.650986433119209E+002  0.220696382181152E+001 -0.120696382181152E+001 -0.519295685089021E+001 -0.357613941334516E+003
  0.244563822698958E-152  0.718881651515916E+003  0.859614433523586E+002  0.126578023496943E+001 -0.265780234969427E+000 -0.519295685089021E+001 -0.356445483044206E+003
  0.526239165512484E-152  0.717349092539316E+003  0.560460584277114E+002  0.294790559203183E+001 -0.194790559203183E+001 -0.519295685089021E+001 -0.355679203555906E+003
  0.346365918735761E-151  0.713580442377045E+003  0.634628021634971E+002  0.230496426441064E+001 -0.130496426441064E+001 -0.519295685089021E+001 -0.353794878474771E+003
  0.356495745587914E-151  0.713522789334801E+003  0.686546302819540E+002  0.197496663152656E+001 -0.974966631526555E+000 -0.519295685089021E+001 -0.353766051953649E+003
  0.924492464171653E-150  0.707011773961617E+003  0.707102513867818E+002  0.185299501421181E+001 -0.852995014211812E+000 -0.519295685089021E+001 -0.350510544267057E+003
  0.112254116563890E-149  0.706623563176472E+003  0.694068701402044E+002  0.192167706475168E+001 -0.921677064751683E+000 -0.519295685089021E+001 -0.350316438874484E+003
  0.213892413501092E-149  0.705334147278809E+003  0.649741467942944E+002  0.218560616165594E+001 -0.118560616165594E+001 -0.519295685089021E+001 -0.349671730925653E+003
  0.448072012013658E-149  0.703855185653523E+003  0.730353777571072E+002  0.173335881986721E+001 -0.733358819867206E+000 -0.519295685089021E+001 -0.348932250113010E+003
  0.516040391663367E-149  0.703572723493051E+003  0.663535533094315E+002  0.209413308104578E+001 -0.109413308104578E+001 -0.519295685089021E+001 -0.348791019032774E+003
  0.263558206457816E-148  0.700311374906813E+003  0.777209277560121E+002  0.152681541706357E+001 -0.526815417063567E+000 -0.519295685089021E+001 -0.347160344739655E+003
  0.481259375806277E-148  0.699107110653520E+003  0.590406932685283E+002  0.262188170419837E+001 -0.162188170419837E+001 -0.519295685089021E+001 -0.346558212613008E+003
  0.516068798930425E-148  0.698967443213025E+003  0.557456306724908E+002  0.293227648275939E+001 -0.193227648275939E+001 -0.519295685089021E+001 -0.346488378892761E+003
  0.168345798445467E-146  0.691997542640684E+003  0.550240506308629E+002  0.298943237929964E+001 -0.198943237929964E+001 -0.519295685089021E+001 -0.343003428606590E+003
  0.599364440937347E-146  0.689457843359370E+003  0.756314019994514E+002  0.159707496835755E+001 -0.597074968357545E+000 -0.519295685089021E+001 -0.341733578965933E+003
  0.697280773221213E-146  0.689155206695425E+003  0.824933619742345E+002  0.134125261944473E+001 -0.341252619444726E+000 -0.519295685089021E+001 -0.341582260633961E+003
  0.100408808401759E-145  0.688425912957780E+003  0.872900563401756E+002  0.119468035866561E+001 -0.194680358665606E+000 -0.519295685089021E+001 -0.341217613765139E+003
  0.150139230721158E-145  0.687621286693993E+003  0.576225053329087E+002  0.272184748963088E+001 -0.172184748963088E+001 -0.519295685089021E+001 -0.340815300633245E+003
  0.732442730522320E-145  0.684451642522275E+003  0.910070613777552E+002  0.109236596050621E+001 -0.923659605062106E-001 -0.519295685089021E+001 -0.339230478547386E+003
  0.904177586937847E-145  0.684030361257116E+003  0.562565138455691E+002  0.284315021499197E+001 -0.184315021499197E+001 -0.519295685089021E+001 -0.339019837914806E+003
  0.176401931337517E-144  0.682693712460505E+003  0.585809934117595E+002  0.262424196022382E+001 -0.162424196022382E+001 -0.519295685089021E+001 -0.338351513516501E+003
  0.227848558938765E-144  0.682181880258611E+003  0.562255396847892E+002  0.284155133008500E+001 -0.184155133008500E+001 -0.519295685089021E+001 -0.338095597415554E+003
  0.105255050531978E-143  0.679121299543867E+003  0.729897270964205E+002  0.169854786702557E+001 -0.698547867025574E+000 -0.519295685089021E+001 -0.336565307058182E+003
  0.156805888502776E-143  0.678324055135917E+003  0.853453464521832E+002  0.123981668067954E+001 -0.239816680679545E+000 -0.519295685089021E+001 -0.336166684854207E+003
  0.898471697726238E-143  0.674832682046278E+003  0.743407707692456E+002  0.163158581498323E+001 -0.631585814983229E+000 -0.519295685089021E+001 -0.334420998309387E+003
  0.136561997026830E-141  0.669390174682448E+003  0.612242851853776E+002  0.237926916522239E+001 -0.137926916522239E+001 -0.519295685089021E+001 -0.331699744627472E+003
  0.299592660463904E-141  0.667818884579699E+003  0.597421016418739E+002  0.249238874705984E+001 -0.149238874705984E+001 -0.519295685089021E+001 -0.330914099576098E+003
  0.617806128343922E-141  0.666371382686698E+003  0.821182972246442E+002  0.132647274250219E+001 -0.326472742502186E+000 -0.519295685089021E+001 -0.330190348629597E+003
  0.180769009161600E-140  0.664224121853306E+003  0.944073113396523E+002  0.993303576753211E+000  0.669642324678854E-002 -0.519295685089021E+001 -0.329116718212901E+003
  0.243035413609490E-140  0.663632147565348E+003  0.622835574432094E+002  0.228893412814898E+001 -0.128893412814898E+001 -0.519295685089021E+001 -0.328820731068922E+003
  0.638114032365509E-138  0.652491187525875E+003  0.883646154969387E+002  0.112765503915101E+001 -0.127655039151010E+000 -0.519295685089021E+001 -0.323250251049186E+003
  0.843836828324258E-138  0.651932303239782E+003  0.978676822496608E+002  0.909755212036546E+000  0.902447879634536E-001 -0.519295685089021E+001 -0.322970808906139E+003
  0.132877810160713E-137  0.651024191372178E+003  0.895836776143428E+002  0.109468063072642E+001 -0.946806307264250E-001 -0.519295685089021E+001 -0.322516752972338E+003
  0.146380032455790E-137  0.650830638939073E+003  0.950430961910063E+002  0.967145856331019E+000  0.328541436689809E-001 -0.519295685089021E+001 -0.322419976755785E+003
  0.175885136236965E-137  0.650463389048941E+003  0.996133082148071E+002  0.874670335758802E+000  0.125329664241198E+000 -0.519295685089021E+001 -0.322236351810719E+003
  0.524064823251118E-137  0.648279820572536E+003  0.621320217171723E+002  0.226793684208824E+001 -0.126793684208824E+001 -0.519295685089021E+001 -0.321144567572516E+003
  0.184398395119893E-136  0.645763683941216E+003  0.750484394308272E+002  0.155954696039256E+001 -0.559546960392563E+000 -0.519295685089021E+001 -0.319886499256856E+003
  0.353553224536522E-136  0.644461813079951E+003  0.762067501624270E+002  0.151081177160705E+001 -0.510811771607047E+000 -0.519295685089021E+001 -0.319235563826224E+003
  0.151929561051157E-135  0.641545876972289E+003  0.749298322680587E+002  0.155838193684319E+001 -0.558381936843192E+000 -0.519295685089021E+001 -0.317777595772393E+003
  0.368061000629701E-135  0.639776213596863E+003  0.661222286415873E+002  0.199192669795429E+001 -0.991926697954288E+000 -0.519295685089021E+001 -0.316892764084680E+003
  0.811504533655218E-135  0.638194931023492E+003  0.748336004767293E+002  0.155752163718769E+001 -0.557521637187689E+000 -0.519295685089021E+001 -0.316102122797994E+003
  0.119080727010840E-134  0.637427937502182E+003  0.932206702955629E+002  0.994644994592975E+000  0.535500540702549E-002 -0.519295685089021E+001 -0.315718626037339E+003
  0.137169412000222E-134  0.637145107293238E+003  0.894401433032397E+002  0.108407100925685E+001 -0.840710092568457E-001 -0.519295685089021E+001 -0.315577210932867E+003
  0.150457636747663E-134  0.636960177662579E+003  0.657276798274884E+002  0.201019343880299E+001 -0.101019343880299E+001 -0.519295685089021E+001 -0.315484746117538E+003
  0.223378091584349E-134  0.636169809157467E+003  0.844970364113501E+002  0.121732509057599E+001 -0.217325090575994E+000 -0.519295685089021E+001 -0.315089561864982E+003
  0.268162006559187E-134  0.635804358184981E+003  0.786063526303614E+002  0.140849086316450E+001 -0.408490863164505E+000 -0.519295685089021E+001 -0.314906836378739E+003
  0.123061827783961E-133  0.632756996810934E+003  0.977003462000092E+002  0.896374104041094E+000  0.103625895958906E+000 -0.519295685089021E+001 -0.313383155691716E+003
  0.207846222966174E-133  0.631708773611688E+003  0.727545708968734E+002  0.163727688334682E+001 -0.637276883346817E+000 -0.519295685089021E+001 -0.312859044092092E+003
  0.537156816372722E-133  0.629809790449075E+003  0.838423045373918E+002  0.122936260497908E+001 -0.229362604979083E+000 -0.519295685089021E+001 -0.311909552510786E+003
  0.145674205583632E-132  0.627814455093590E+003  0.854772518635017E+002  0.117958751031811E+001 -0.179587510318111E+000 -0.519295685089021E+001 -0.310911884833043E+003
  0.505833292452942E-131  0.620719615920041E+003  0.843887106816577E+002  0.120269564190486E+001 -0.202695641904857E+000 -0.519295685089021E+001 -0.307364465246269E+003
  0.651360571536991E-131  0.620213903502524E+003  0.931054107123860E+002  0.980742800519556E+000  0.192571994804436E-001 -0.519295685089021E+001 -0.307111609037510E+003
  0.773756809023239E-131  0.619869514978956E+003  0.772307532105136E+002  0.143743622503263E+001 -0.437436225032627E+000 -0.519295685089021E+001 -0.306939414775726E+003
  0.990819690423781E-131  0.619374965085585E+003  0.871677149392164E+002  0.112394699321512E+001 -0.123946993215122E+000 -0.519295685089021E+001 -0.306692139829041E+003
  0.383805036547486E-130  0.616666590628285E+003  0.718781443213049E+002  0.165336953519815E+001 -0.653369535198145E+000 -0.519295685089021E+001 -0.305337952600391E+003
  0.523849809055683E-130  0.616044450002354E+003  0.551763226864750E+002  0.277289826537936E+001 -0.177289826537936E+001 -0.519295685089021E+001 -0.305026882287425E+003
  0.901219168645798E-130  0.614959363084014E+003  0.544286511959702E+002  0.284442344045643E+001 -0.184442344045643E+001 -0.519295685089021E+001 -0.304484338828255E+003
  0.120719733016830E-129  0.614374746649226E+003  0.979502570608588E+002  0.875412495010682E+000  0.124587504989318E+000 -0.519295685089021E+001 -0.304192030610861E+003
  0.162879706863856E-129  0.613775665987651E+003  0.831100674011027E+002  0.123241130634569E+001 -0.232411306345693E+000 -0.519295685089021E+001 -0.303892490280074E+003
  0.768056451578441E-129  0.610673963384749E+003  0.760348153181159E+002  0.146997806939861E+001 -0.469978069398614E+000 -0.519295685089021E+001 -0.302341638978623E+003
  0.159571168416898E-128  0.609211539629612E+003  0.618600890305028E+002  0.220471017452828E+001 -0.120471017452828E+001 -0.519295685089021E+001 -0.301610427101055E+003
  0.205820455841276E-128  0.608702511238647E+003  0.670616328905417E+002  0.188132738100734E+001 -0.881327381007338E+000 -0.519295685089021E+001 -0.301355912905572E+003
  0.223879675527692E-128  0.608534302179555E+003  0.963179044672896E+002  0.902195377023398E+000  0.978046229766016E-001 -0.519295685089021E+001 -0.301271808376026E+003
  0.274489370650912E-128  0.608126694593739E+003  0.797650164222550E+002  0.133199283437202E+001 -0.331992834372023E+000 -0.519295685089021E+001 -0.301068004583118E+003
  0.348418887084921E-128  0.607649708760112E+003  0.749674789807771E+002  0.150761887786847E+001 -0.507618877868474E+000 -0.519295685089021E+001 -0.300829511666304E+003
  0.511857269275854E-128  0.606880428038512E+003  0.628909365144620E+002  0.212984022438435E+001 -0.112984022438435E+001 -0.519295685089021E+001 -0.300444871305504E+003
  0.743998709722249E-128  0.606132441067797E+003  0.602939820899717E+002  0.231092054923036E+001 -0.131092054923036E+001 -0.519295685089021E+001 -0.300070877820147E+003
  0.161529290609678E-127  0.604581976498540E+003  0.848271284649998E+002  0.117149154541906E+001 -0.171491545419062E+000 -0.519295685089021E+001 -0.299295645535518E+003
  0.170859367710535E-127  0.604469667868809E+003  0.843092574061161E+002  0.118611904080543E+001 -0.186119040805431E+000 -0.519295685089021E+001 -0.299239491220653E+003
  0.301470848637720E-127  0.603334002835536E+003  0.736795051702702E+002  0.155400354410094E+001 -0.554003544100936E+000 -0.519295685089021E+001 -0.298671658704016E+003
  0.199988349595211E-126  0.599549661071341E+003  0.672120511017519E+002  0.185646836112044E+001 -0.856468361120442E+000 -0.519295685089021E+001 -0.296779487821919E+003
  0.235680068900539E-126  0.599221228806872E+003  0.601797505741484E+002  0.230386431466361E+001 -0.130386431466361E+001 -0.519295685089021E+001 -0.296615271689684E+003
  0.239552249811920E-126  0.599188636186774E+003  0.630032973018272E+002  0.210656119438817E+001 -0.110656119438817E+001 -0.519295685089021E+001 -0.296598975379635E+003
  0.407165020420728E-126  0.598127742179302E+003  0.855519043909921E+002  0.114392212024921E+001 -0.143922120249214E+000 -0.519295685089021E+001 -0.296068528375899E+003
  0.844293841463986E-126  0.596669178122200E+003  0.968992356807077E+002  0.879988506483189E+000  0.120011493516811E+000 -0.519295685089021E+001 -0.295339246347348E+003
  0.188977776690904E-125  0.595057750262007E+003  0.767757009889746E+002  0.141993051766416E+001 -0.419930517664161E+000 -0.519295685089021E+001 -0.294533532417252E+003
  0.193320705087819E-125  0.595012308122552E+003  0.622583794041510E+002  0.214725538300361E+001 -0.114725538300361E+001 -0.519295685089021E+001 -0.294510811347524E+003
  0.250474699136557E-125  0.594494293283062E+003  0.662660032037573E+002  0.189943273622408E+001 -0.899432736224085E+000 -0.519295685089021E+001 -0.294251803927779E+003
  0.588676453743014E-125  0.592785255674617E+003  0.667902755515172E+002  0.186711879954424E+001 -0.867118799544238E+000 -0.519295685089021E+001 -0.293397285123557E+003
  0.107378462668876E-124  0.591583119668708E+003  0.989260360879225E+002  0.837178646913812E+000  0.162821353086188E+000 -0.519295685089021E+001 -0.292796217120602E+003
  0.196931231828262E-124  0.590370129743455E+003  0.542818761065124E+002  0.279105977574218E+001 -0.179105977574218E+001 -0.519295685089021E+001 -0.292189722157976E+003
  0.557693479395639E-124  0.588288219942279E+003  0.541687832555036E+002  0.279654360497677E+001 -0.179654360497677E+001 -0.519295685089021E+001 -0.291148767257388E+003
  0.606188882380137E-124  0.588121455675818E+003  0.553084576011209E+002  0.268529446167178E+001 -0.168529446167178E+001 -0.519295685089021E+001 -0.291065385124157E+003
  0.736780679135431E-124  0.587731258401169E+003  0.597501289895814E+002  0.230982873847747E+001 -0.130982873847747E+001 -0.519295685089021E+001 -0.290870286486833E+003
  0.902446046613268E-124  0.587325621112471E+003  0.696911027471952E+002  0.170794639611069E+001 -0.707946396110688E+000 -0.519295685089021E+001 -0.290667467842484E+003
  0.124558536514245E-123  0.586681117182605E+003  0.767711255496779E+002  0.140833712680038E+001 -0.408337126800376E+000 -0.519295685089021E+001 -0.290345215877551E+003
  0.459622226436275E-123  0.584069858928636E+003  0.575093434792206E+002  0.247910067351730E+001 -0.147910067351730E+001 -0.519295685089021E+001 -0.289039586750567E+003
  0.560505166384803E-123  0.583672991819177E+003  0.751248611219823E+002  0.146627761868648E+001 -0.466277618686479E+000 -0.519295685089021E+001 -0.288841153195837E+003
  0.721736692651184E-123  0.583167347977516E+003  0.545527221251858E+002  0.274428024797367E+001 -0.174428024797367E+001 -0.519295685089021E+001 -0.288588331275006E+003
  0.146465588262739E-122  0.581751917536121E+003  0.584673751749884E+002  0.239510638985775E+001 -0.139510638985775E+001 -0.519295685089021E+001 -0.287880616054309E+003
  0.245345091095241E-122  0.580720167043899E+003  0.747101087353347E+002  0.147816689956271E+001 -0.478166899562711E+000 -0.519295685089021E+001 -0.287364740808198E+003
  0.678070158435961E-122  0.578686997030831E+003  0.631616588003565E+002  0.205395386134922E+001 -0.105395386134922E+001 -0.519295685089021E+001 -0.286348155801664E+003
  0.831089810779081E-122  0.578280022823919E+003  0.560225394598266E+002  0.259334331995053E+001 -0.159334331995053E+001 -0.519295685089021E+001 -0.286144668698208E+003
  0.214452907937516E-121  0.576384148025355E+003  0.926825622466816E+002  0.947287640695146E+000  0.527123593048540E-001 -0.519295685089021E+001 -0.285196731298926E+003
  0.399888696497016E-121  0.575137955867797E+003  0.911701550282459E+002  0.979396707062560E+000  0.206032929374397E-001 -0.519295685089021E+001 -0.284573635220147E+003
  0.550011173342464E-121  0.574500451180679E+003  0.932858629653343E+002  0.932543529944982E+000  0.674564700550179E-001 -0.519295685089021E+001 -0.284254882876588E+003
  0.556236271296021E-121  0.574477942062336E+003  0.826399342676322E+002  0.119888514876395E+001 -0.198885148763953E+000 -0.519295685089021E+001 -0.284243628317416E+003
  0.796777528020654E-121  0.573759177360881E+003  0.910408111635281E+002  0.980909231885278E+000  0.190907681147219E-001 -0.519295685089021E+001 -0.283884245966689E+003
  0.814588148388769E-121  0.573714963074828E+003  0.673471197000715E+002  0.180218481442448E+001 -0.802184814424482E+000 -0.519295685089021E+001 -0.283862138823662E+003
  0.439974607778134E-120  0.570341724149763E+003  0.823211256014815E+002  0.120323684937072E+001 -0.203236849370716E+000 -0.519295685089021E+001 -0.282175519361130E+003
  0.443873456841833E-120  0.570324079151673E+003  0.685928468269884E+002  0.173237056965377E+001 -0.732370569653772E+000 -0.519295685089021E+001 -0.282166696862085E+003
  0.115182534876214E-119  0.568416951735497E+003  0.586485612704576E+002  0.234865542365647E+001 -0.134865542365647E+001 -0.519295685089021E+001 -0.281213133153997E+003
  0.892410775812534E-119  0.564322134919923E+003  0.766002042053638E+002  0.138290175137407E+001 -0.382901751374069E+000 -0.519295685089021E+001 -0.279165724746210E+003
  0.182531526196169E-118  0.562890972000323E+003  0.851619756907338E+002  0.111396448602842E+001 -0.113964486028424E+000 -0.519295685089021E+001 -0.278450143286410E+003
  0.203546113057112E-118  0.562673032651087E+003  0.558131589544997E+002  0.257073155162380E+001 -0.157073155162380E+001 -0.519295685089021E+001 -0.278341173611792E+003
  0.212483268687414E-118  0.562587091309739E+003  0.635577895300802E+002  0.199595581541468E+001 -0.995955815414676E+000 -0.519295685089021E+001 -0.278298202941118E+003
  0.248200466514987E-118  0.562276344304368E+003  0.547847482379233E+002  0.266409508574202E+001 -0.166409508574202E+001 -0.519295685089021E+001 -0.278142829438432E+003
  0.416366185207467E-118  0.561241687557154E+003  0.742754796487883E+002  0.146604114552055E+001 -0.466041145520548E+000 -0.519295685089021E+001 -0.277625501064825E+003
  0.445019559532961E-118  0.561108581338677E+003  0.552539638343129E+002  0.261719655381900E+001 -0.161719655381900E+001 -0.519295685089021E+001 -0.277558947955587E+003
  0.107954001670183E-117  0.559336237171228E+003  0.627310603644137E+002  0.204079737526339E+001 -0.104079737526339E+001 -0.519295685089021E+001 -0.276672775871862E+003
  0.146944971325545E-116  0.554114361093175E+003  0.683757815662538E+002  0.171432576381747E+001 -0.714325763817469E+000 -0.519295685089021E+001 -0.274061837832836E+003
  0.246982011605161E-115  0.548470676238194E+003  0.717794470049150E+002  0.154830385024353E+001 -0.548303850243533E+000 -0.519295685089021E+001 -0.271239995405345E+003
  0.293448897626285E-115  0.548125900230328E+003  0.974609899419631E+002  0.825321735583558E+000  0.174678264416442E+000 -0.519295685089021E+001 -0.271067607401412E+003
  0.648477148012818E-115  0.546540053721300E+003  0.592728063245779E+002  0.224886996513968E+001 -0.124886996513968E+001 -0.519295685089021E+001 -0.270274684146898E+003
  0.201744878010869E-114  0.544270129227088E+003  0.596542196716786E+002  0.221563959429038E+001 -0.121563959429038E+001 -0.519295685089021E+001 -0.269139721899792E+003
  0.110706889363169E-113  0.540865194734522E+003  0.858963961843983E+002  0.106909448521583E+001 -0.690944852158260E-001 -0.519295685089021E+001 -0.267437254653509E+003
  0.129089929053239E-113  0.540557948307297E+003  0.873957223387077E+002  0.103113723549319E+001 -0.311372354931938E-001 -0.519295685089021E+001 -0.267283631439897E+003
  0.170487689751032E-113  0.540001640692664E+003  0.556054329595416E+002  0.252811099365895E+001 -0.152811099365895E+001 -0.519295685089021E+001 -0.267005477632580E+003
  0.194489089979486E-113  0.539738214741481E+003  0.570628443666601E+002  0.240367421517418E+001 -0.140367421517418E+001 -0.519295685089021E+001 -0.266873764656989E+003
  0.114346549573984E-112  0.536195329201645E+003  0.512869955076890E+002  0.294447862141145E+001 -0.194447862141145E+001 -0.519295685089021E+001 -0.265102321887071E+003
  0.129486179126254E-112  0.535946648392062E+003  0.548028801181528E+002  0.258902051158843E+001 -0.158902051158843E+001 -0.519295685089021E+001 -0.264977981482279E+003
  0.638933026826373E-111  0.528149027228102E+003  0.830435679457917E+002  0.113014332186329E+001 -0.130143321863291E+000 -0.519295685089021E+001 -0.261079170900299E+003
  0.822298133556288E-111  0.527644420462795E+003  0.956444411172576E+002  0.840071120574920E+000  0.159928879425080E+000 -0.519295685089021E+001 -0.260826867517646E+003
  0.933817393242372E-111  0.527390064689840E+003  0.574995564914194E+002  0.233690297295642E+001 -0.133690297295642E+001 -0.519295685089021E+001 -0.260699689631168E+003
  0.661034625113597E-110  0.523475843878376E+003  0.843900576277519E+002  0.108784837185939E+001 -0.878483718593868E-001 -0.519295685089021E+001 -0.258742579225436E+003
  0.838267680368973E-110  0.523000781366939E+003  0.547157467476151E+002  0.256050962631381E+001 -0.156050962631381E+001 -0.519295685089021E+001 -0.258505047969718E+003
  0.194596644476478E-109  0.521316428282359E+003  0.904200812944933E+002  0.940100286272446E+000  0.598997137275542E-001 -0.519295685089021E+001 -0.257662871427428E+003
  0.578165521878166E-109  0.519138565739783E+003  0.694748764993698E+002  0.160019241103446E+001 -0.600192411034458E+000 -0.519295685089021E+001 -0.256573940156140E+003
  0.652363156990224E-109  0.518897083342969E+003  0.685440789980571E+002  0.164287137367495E+001 -0.642871373674954E+000 -0.519295685089021E+001 -0.256453198957733E+003
  0.706991937461833E-109  0.518736247611281E+003  0.711288516196983E+002  0.152681335324653E+001 -0.526813353246530E+000 -0.519295685089021E+001 -0.256372781091889E+003
  0.825658613183011E-109  0.518425923361484E+003  0.569435645316556E+002  0.235797814843441E+001 -0.135797814843441E+001 -0.519295685089021E+001 -0.256217618966990E+003
  0.451386356266327E-108  0.515028468672104E+003  0.863305329958516E+002  0.102821095018227E+001 -0.282109501822680E-001 -0.519295685089021E+001 -0.254518891622300E+003
  0.877723554424868E-108  0.513698452577668E+003  0.513040362561663E+002  0.287020294490600E+001 -0.187020294490600E+001 -0.519295685089021E+001 -0.253853883575083E+003
  0.103949534589513E-107  0.513360134689141E+003  0.574601080166615E+002  0.230400785687868E+001 -0.130400785687868E+001 -0.519295685089021E+001 -0.253684724630819E+003
  0.244510683545901E-107  0.511649427756333E+003  0.733596510348634E+002  0.142480628709398E+001 -0.424806287093975E+000 -0.519295685089021E+001 -0.252829371164415E+003
  0.258642454567640E-107  0.511537052515905E+003  0.884298618957562E+002  0.974177668273450E+000  0.258223317265504E-001 -0.519295685089021E+001 -0.252773183544201E+003
  0.505768376475925E-107  0.510195788142250E+003  0.606596103279213E+002  0.206649536165839E+001 -0.106649536165839E+001 -0.519295685089021E+001 -0.252102551357373E+003
  0.663993858784544E-107  0.509651399961992E+003  0.567734023200971E+002  0.234856188646040E+001 -0.134856188646040E+001 -0.519295685089021E+001 -0.251830357267244E+003
  0.131398782324239E-106  0.508286301899096E+003  0.899358531894607E+002  0.936763370839312E+000  0.632366291606875E-001 -0.519295685089021E+001 -0.251147808235797E+003
  0.456873416262123E-106  0.505793962849153E+003  0.715010649443092E+002  0.148950061874921E+001 -0.489500618749215E+000 -0.519295685089021E+001 -0.249901638710825E+003
  0.158797274268783E-104  0.498697178437035E+003  0.711017912548523E+002  0.149407520498706E+001 -0.494075204987056E+000 -0.519295685089021E+001 -0.246353246504766E+003
  0.705534440468301E-104  0.495714524030843E+003  0.563478038104795E+002  0.234554207576789E+001 -0.134554207576789E+001 -0.519295685089021E+001 -0.244861919301670E+003
  0.456168179980894E-103  0.491981541904737E+003  0.690050716538512E+002  0.157296783234877E+001 -0.572967832348769E+000 -0.519295685089021E+001 -0.242995428238617E+003
  0.608378962965260E-103  0.491405669054970E+003  0.850812831566912E+002  0.103131036386755E+001 -0.313103638675503E-001 -0.519295685089021E+001 -0.242707491813734E+003
  0.434384488232976E-102  0.487474234714292E+003  0.549945947240226E+002  0.243511260538331E+001 -0.143511260538331E+001 -0.519295685089021E+001 -0.240741774643395E+003
  0.185606236963860E-101  0.484569669799056E+003  0.560212680084316E+002  0.234154095066989E+001 -0.134154095066989E+001 -0.519295685089021E+001 -0.239289492185776E+003
  0.199033547796256E-101  0.484429977862480E+003  0.683486291789493E+002  0.158892577100034E+001 -0.588925771000337E+000 -0.519295685089021E+001 -0.239219646217488E+003
  0.244891221755952E-101  0.484015296409058E+003  0.580925881106014E+002  0.218112977844818E+001 -0.118112977844818E+001 -0.519295685089021E+001 -0.239012305490777E+003
  0.262365922878650E-101  0.483877444284177E+003  0.555258310240026E+002  0.238019299092133E+001 -0.138019299092133E+001 -0.519295685089021E+001 -0.238943379428337E+003
  0.286062544446216E-101  0.483704503699721E+003  0.634316618324511E+002  0.183769336153375E+001 -0.837693361533747E+000 -0.519295685089021E+001 -0.238856909136109E+003
  0.248363123593890E-100  0.479381970694710E+003  0.547328630886747E+002  0.243435819633874E+001 -0.143435819633874E+001 -0.519295685089021E+001 -0.236695642633604E+003
  0.269240222358894E-100  0.479220546459269E+003  0.567249947910798E+002  0.227128216554165E+001 -0.127128216554165E+001 -0.519295685089021E+001 -0.236614930515883E+003
  0.411757650940535E-100  0.478370884560497E+003  0.563350676689168E+002  0.229949034822620E+001 -0.129949034822620E+001 -0.519295685089021E+001 -0.236190099566497E+003
  0.653391047407108E-100  0.477447402866260E+003  0.998389856293409E+002  0.720058756657440E+000  0.279941243342560E+000 -0.519295685089021E+001 -0.235728358719378E+003
  0.132050137279405E-099  0.476040220918629E+003  0.890419856969976E+002  0.920863671561801E+000  0.791363284381988E-001 -0.519295685089021E+001 -0.235024767745563E+003
  0.195467018736762E-099  0.475255800949158E+003  0.718648083832241E+002  0.142355090015138E+001 -0.423550900151384E+000 -0.519295685089021E+001 -0.234632557760827E+003
  0.696429618314213E-099  0.472714650800125E+003  0.845924716132652E+002  0.102071613085379E+001 -0.207161308537946E-001 -0.519295685089021E+001 -0.233361982686311E+003
  0.133262951198777E-098  0.471416765583208E+003  0.940753879057022E+002  0.814286563797394E+000  0.185713436202606E+000 -0.519295685089021E+001 -0.232713040077853E+003
  0.365359763679871E-097  0.464794478859217E+003  0.529426790375499E+002  0.255063904653430E+001 -0.155063904653430E+001 -0.519295685089021E+001 -0.229401896715857E+003
  0.442679683240198E-097  0.464410551011649E+003  0.990020431128849E+002  0.721593940478922E+000  0.278406059521078E+000 -0.519295685089021E+001 -0.229209932792073E+003
  0.100961880216399E-096  0.462761587673355E+003  0.823207482030647E+002  0.106659037686065E+001 -0.665903768606477E-001 -0.519295685089021E+001 -0.228385451122926E+003
  0.101323476014843E-096  0.462754437453679E+003  0.651092464772011E+002  0.170340140344177E+001 -0.703401403441771E+000 -0.519295685089021E+001 -0.228381876013088E+003
  0.180247870329140E-096  0.461602407795352E+003  0.726691867767652E+002  0.136982979434580E+001 -0.369829794345799E+000 -0.519295685089021E+001 -0.227805861183925E+003
  0.317953865419607E-096  0.460467261127436E+003  0.765049538517753E+002  0.123422019881057E+001 -0.234220198810573E+000 -0.519295685089021E+001 -0.227238287849966E+003
  0.491127757734251E-096  0.459597665131353E+003  0.549063810782394E+002  0.236243473689256E+001 -0.136243473689256E+001 -0.519295685089021E+001 -0.226803489851925E+003
  0.969601958990196E-096  0.458237302445906E+003  0.537496313302537E+002  0.245743340006171E+001 -0.145743340006171E+001 -0.519295685089021E+001 -0.226123308509201E+003
  0.148385744301007E-095  0.457386273004450E+003  0.533831828472783E+002  0.248746450290883E+001 -0.148746450290883E+001 -0.519295685089021E+001 -0.225697793788474E+003
  0.164812282712676E-095  0.457176289239922E+003  0.562374549026845E+002  0.224889840355472E+001 -0.124889840355472E+001 -0.519295685089021E+001 -0.225592801906209E+003
  0.864442285381254E-095  0.453861734446961E+003  0.995060051746069E+002  0.703700527001001E+000  0.296299472998999E+000 -0.519295685089021E+001 -0.223935524509729E+003
  0.225377489454914E-094  0.451945179890783E+003  0.667723518365391E+002  0.160003058866406E+001 -0.600030588664055E+000 -0.519295685089021E+001 -0.222977247231640E+003
  0.571249152573011E-094  0.450085082427884E+003  0.596311452059375E+002  0.199022306476052E+001 -0.990223064760516E+000 -0.519295685089021E+001 -0.222047198500190E+003
  0.671064803655752E-094  0.449763001925303E+003  0.523164405291568E+002  0.256173115172289E+001 -0.156173115172289E+001 -0.519295685089021E+001 -0.221886158248900E+003
  0.163308123584274E-093  0.447984285669145E+003  0.523347385612887E+002  0.255428779566080E+001 -0.155428779566080E+001 -0.519295685089021E+001 -0.220996800120821E+003
  0.189914519200098E-093  0.447682415015431E+003  0.721309222666278E+002  0.136667697118363E+001 -0.366676971183632E+000 -0.519295685089021E+001 -0.220845864793964E+003
  0.257416157508720E-093  0.447074175029037E+003  0.517075266550216E+002  0.261130579418866E+001 -0.161130579418866E+001 -0.519295685089021E+001 -0.220541744800767E+003
  0.331088579625546E-093  0.446570791255915E+003  0.588558620719085E+002  0.203243219729406E+001 -0.103243219729406E+001 -0.519295685089021E+001 -0.220290052914206E+003
  0.492158809401208E-093  0.445777960263899E+003  0.569848845660341E+002  0.216139503976967E+001 -0.116139503976967E+001 -0.519295685089021E+001 -0.219893637418198E+003
  0.514333565276264E-093  0.445689819130082E+003  0.781049701712957E+002  0.116231535526949E+001 -0.162315355269495E+000 -0.519295685089021E+001 -0.219849566851289E+003
  0.517908650916146E-093  0.445675965405138E+003  0.481014054832816E+002  0.299578538963801E+001 -0.199578538963801E+001 -0.519295685089021E+001 -0.219842639988817E+003
  0.838201536205916E-093  0.444713046022922E+003  0.784227732486128E+002  0.115138480582658E+001 -0.151384805826583E+000 -0.519295685089021E+001 -0.219361180297710E+003
  0.149283662936004E-092  0.443558696425099E+003  0.619419326147771E+002  0.183357951190643E+001 -0.833579511906429E+000 -0.519295685089021E+001 -0.218784005498798E+003
  0.215192961160412E-092  0.442827322734620E+003  0.515122256904725E+002  0.261627687435674E+001 -0.161627687435674E+001 -0.519295685089021E+001 -0.218418318653558E+003
  0.167830874450340E-091  0.438719309242132E+003  0.607974407356220E+002  0.188969436988474E+001 -0.889694369884743E+000 -0.519295685089021E+001 -0.216364311907314E+003
  0.508622415384330E-091  0.436501810937943E+003  0.557641988469638E+002  0.222738373666259E+001 -0.122738373666259E+001 -0.519295685089021E+001 -0.215255562755220E+003
  0.560327152856136E-091  0.436308181158055E+003  0.514470509702786E+002  0.260084883845958E+001 -0.160084883845958E+001 -0.519295685089021E+001 -0.215158747865276E+003
  0.123358598857946E-090  0.434729861498234E+003  0.671290855529759E+002  0.154963883552702E+001 -0.549638835527018E+000 -0.519295685089021E+001 -0.214369588035366E+003
  0.126529795407560E-090  0.434679096966921E+003  0.888757001332097E+002  0.877463277195693E+000  0.122536722804307E+000 -0.519295685089021E+001 -0.214344205769709E+003
  0.155113619156242E-090  0.434271736851023E+003  0.713850131539911E+002  0.137183789703699E+001 -0.371837897036990E+000 -0.519295685089021E+001 -0.214140525711760E+003
  0.254061129263744E-090  0.433284902792513E+003  0.494899579330649E+002  0.279132185759162E+001 -0.179132185759162E+001 -0.519295685089021E+001 -0.213647108682505E+003
  0.406949607807627E-089  0.427737503687363E+003  0.570707104122146E+002  0.210606853864598E+001 -0.110606853864598E+001 -0.519295685089021E+001 -0.210873409129930E+003
  0.752611781546768E-089  0.426507783350442E+003  0.967568111622083E+002  0.721971185624650E+000  0.278028814375350E+000 -0.519295685089021E+001 -0.210258548961470E+003
  0.819967668201470E-089  0.426336352594520E+003  0.871206180128251E+002  0.905189580919618E+000  0.948104190803819E-001 -0.519295685089021E+001 -0.210172833583508E+003
  0.131392139729944E-088  0.425393339659739E+003  0.749147177531279E+002  0.123184160148446E+001 -0.231841601484458E+000 -0.519295685089021E+001 -0.209701327116118E+003
  0.400319607239782E-088  0.423165185737123E+003  0.492582809717986E+002  0.277938132032027E+001 -0.177938132032027E+001 -0.519295685089021E+001 -0.208587250154810E+003
  0.682712312837095E-088  0.422097565109921E+003  0.506343172002547E+002  0.263234775888933E+001 -0.163234775888933E+001 -0.519295685089021E+001 -0.208053439841209E+003
  0.114540546715912E-087  0.421062684283264E+003  0.721041201890046E+002  0.132208597592576E+001 -0.322085975925758E+000 -0.519295685089021E+001 -0.207535999427880E+003
  0.163274507326109E-087  0.420353676286789E+003  0.803798274834823E+002  0.106121280569935E+001 -0.612128056993528E-001 -0.519295685089021E+001 -0.207181495429643E+003
  0.175773409481330E-087  0.420206150604583E+003  0.740099056392139E+002  0.125366943151695E+001 -0.253669431516950E+000 -0.519295685089021E+001 -0.207107732588540E+003
  0.228472854367491E-087  0.419681707235440E+003  0.863748305460782E+002  0.913543837243776E+000  0.864561627562237E-001 -0.519295685089021E+001 -0.206845510903968E+003
  0.469470402767011E-087  0.418241331529937E+003  0.474408656497041E+002  0.296782755185589E+001 -0.196782755185589E+001 -0.519295685089021E+001 -0.206125323051217E+003
  0.117993123433362E-086  0.416398119163914E+003  0.886052300547694E+002  0.861843871466361E+000  0.138156128533639E+000 -0.519295685089021E+001 -0.205203716868205E+003
  0.273363656662086E-086  0.414717765888583E+003  0.595127494098411E+002  0.190926593402172E+001 -0.909265934021722E+000 -0.519295685089021E+001 -0.204363540230540E+003
  0.296715899911895E-086  0.414553821627375E+003  0.486587524991984E+002  0.281285821102943E+001 -0.181285821102943E+001 -0.519295685089021E+001 -0.204281568099936E+003
  0.558779968467866E-086  0.413287860298810E+003  0.928898721252072E+002  0.775354709336552E+000  0.224645290663448E+000 -0.519295685089021E+001 -0.203648587435653E+003
  0.272254797874031E-085  0.410120724902078E+003  0.929475476516836E+002  0.770891616542881E+000  0.229108383457119E+000 -0.519295685089021E+001 -0.202065019737287E+003
  0.600809699710777E-085  0.408537645181528E+003  0.770095779632123E+002  0.113965666198995E+001 -0.139656661989954E+000 -0.519295685089021E+001 -0.201273479877012E+003
  0.236510489050570E-084  0.405797046369269E+003  0.563742196329726E+002  0.209470534406072E+001 -0.109470534406072E+001 -0.519295685089021E+001 -0.199903180470883E+003
  0.533406244432781E-084  0.404170464848441E+003  0.677207018277229E+002  0.146342235388972E+001 -0.463422353889717E+000 -0.519295685089021E+001 -0.199089889710469E+003
  0.783379876359775E-084  0.403401796018827E+003  0.844996903339221E+002  0.935516487695195E+000  0.644835123048053E-001 -0.519295685089021E+001 -0.198705555295662E+003
  0.127064005824059E-083  0.402434479414771E+003  0.476192316532008E+002  0.288351122897786E+001 -0.188351122897786E+001 -0.519295685089021E+001 -0.198221896993634E+003
  0.378029153771389E-083  0.400253918661458E+003  0.579846315918643E+002  0.196899774300828E+001 -0.968997743008282E+000 -0.519295685089021E+001 -0.197131616616977E+003
  0.882506513822347E-083  0.398558328959744E+003  0.923960213842701E+002  0.768260101067760E+000  0.231739898932240E+000 -0.519295685089021E+001 -0.196283821766120E+003
  0.239671230707040E-082  0.396560154889209E+003  0.857083277108591E+002  0.899509063971483E+000  0.100490936028517E+000 -0.519295685089021E+001 -0.195284734730853E+003
  0.149373645380534E-081  0.392900619219407E+003  0.984507755611007E+002  0.661720196914030E+000  0.338279803085970E+000 -0.519295685089021E+001 -0.193454966895952E+003
  0.153467212346904E-081  0.392846547039801E+003  0.515445497440822E+002  0.244425359026205E+001 -0.144425359026205E+001 -0.519295685089021E+001 -0.193427930806149E+003
  0.217825150701318E-081  0.392146135567606E+003  0.822948632243317E+002  0.972947550643869E+000  0.270524493561308E-001 -0.519295685089021E+001 -0.193077725070051E+003
  0.310391386408063E-081  0.391437852851632E+003  0.667199337952329E+002  0.148085024081313E+001 -0.480850240813133E+000 -0.519295685089021E+001 -0.192723583712064E+003
  0.409508670043439E-081  0.390883604776859E+003  0.895218046125698E+002  0.813543981347730E+000  0.186456018652270E+000 -0.519295685089021E+001 -0.192446459674678E+003
  0.570888588670711E-081  0.390219132778622E+003  0.540594358941140E+002  0.222242293058360E+001 -0.122242293058360E+001 -0.519295685089021E+001 -0.192114223675559E+003
  0.641482243794266E-081  0.389985957918583E+003  0.523584893717830E+002  0.236234226689626E+001 -0.136234226689626E+001 -0.519295685089021E+001 -0.191997636245540E+003
  0.655699715910150E-080  0.385336944873528E+003  0.500196170778092E+002  0.256165434946614E+001 -0.156165434946614E+001 -0.519295685089021E+001 -0.189673129723013E+003
  0.104939531723521E-079  0.384396411963710E+003  0.645386101565055E+002  0.156489381321211E+001 -0.564893813212111E+000 -0.519295685089021E+001 -0.189202863268103E+003
  0.113943700526916E-079  0.384231771612794E+003  0.547040864791705E+002  0.215406172396731E+001 -0.115406172396731E+001 -0.519295685089021E+001 -0.189120543092645E+003
  0.144636112190393E-079  0.383754738521420E+003  0.461739485575771E+002  0.297877378356605E+001 -0.197877378356605E+001 -0.519295685089021E+001 -0.188882026546958E+003
  0.151591748942609E-079  0.383660798465101E+003  0.552235160310080E+002  0.211356900680754E+001 -0.111356900680754E+001 -0.519295685089021E+001 -0.188835056518799E+003
  0.554273012162777E-079  0.381067865821359E+003  0.665734355371556E+002  0.146582253255879E+001 -0.465822532558795E+000 -0.519295685089021E+001 -0.187538590196928E+003
  0.717676961136537E-079  0.380551141449646E+003  0.508991162994871E+002  0.246054203002233E+001 -0.146054203002233E+001 -0.519295685089021E+001 -0.187280228011072E+003
  0.913306341905210E-079  0.380069037840318E+003  0.914990967823230E+002  0.763850508937300E+000  0.236149491062700E+000 -0.519295685089021E+001 -0.187039176206407E+003
  0.111389930699919E-078  0.379671936500132E+003  0.649965998564074E+002  0.153317480446138E+001 -0.533174804461378E+000 -0.519295685089021E+001 -0.186840625536314E+003
  0.113860429693349E-078  0.379628063574787E+003  0.508134596871746E+002  0.246520076212893E+001 -0.146520076212893E+001 -0.519295685089021E+001 -0.186818689073642E+003
  0.158849403178605E-078  0.378962097162427E+003  0.497939304968632E+002  0.256027975312144E+001 -0.156027975312144E+001 -0.519295685089021E+001 -0.186485705867462E+003
  0.225944985871540E-078  0.378257427280983E+003  0.969615122796177E+002  0.669933475375206E+000  0.330066524624794E+000 -0.519295685089021E+001 -0.186133370926740E+003
  0.229510158074329E-078  0.378226115789002E+003  0.795498203178697E+002  0.102282637679244E+001 -0.228263767924384E-001 -0.519295685089021E+001 -0.186117715180749E+003
  0.400049663575562E-078  0.377114832972888E+003  0.617427594566727E+002  0.168818685106846E+001 -0.688186851068460E+000 -0.519295685089021E+001 -0.185562073772692E+003
  0.505755681651585E-078  0.376645902949376E+003  0.763587273092945E+002  0.110910518387955E+001 -0.109105183879548E+000 -0.519295685089021E+001 -0.185327608760936E+003
  0.790901868472669E-078  0.375751662569594E+003  0.725423297012791E+002  0.122774279555000E+001 -0.227742795549997E+000 -0.519295685089021E+001 -0.184880488571046E+003
  0.204096567300025E-077  0.373855653681663E+003  0.912321399544907E+002  0.761604334177781E+000  0.238395665822219E+000 -0.519295685089021E+001 -0.183932484127080E+003
  0.312673135748017E-077  0.373002523483280E+003  0.863970905811285E+002  0.854894643621745E+000  0.145105356378255E+000 -0.519295685089021E+001 -0.183505919027888E+003
  0.348980060806265E-077  0.372782810607159E+003  0.613662692498422E+002  0.169772742799352E+001 -0.697727427993525E+000 -0.519295685089021E+001 -0.183396062589828E+003
  0.147688946056732E-076  0.369897453305137E+003  0.642247421242151E+002  0.154748028808529E+001 -0.547480288085290E+000 -0.519295685089021E+001 -0.181953383938817E+003
  0.638106585140942E-076  0.366970659336109E+003  0.965603832118164E+002  0.664484785250262E+000  0.335515214749738E+000 -0.519295685089021E+001 -0.180489986954303E+003
  0.816853614173074E-076  0.366476750189616E+003  0.530990232733653E+002  0.222270895029527E+001 -0.122270895029527E+001 -0.519295685089021E+001 -0.180243032381056E+003
  0.288760215197698E-075  0.363951306534567E+003  0.726618379091128E+002  0.120292719376300E+001 -0.202927193763002E+000 -0.519295685089021E+001 -0.178980310553532E+003
  0.705001788302796E-075  0.362166099132786E+003  0.858674501607928E+002  0.852127177968321E+000  0.147872822031679E+000 -0.519295685089021E+001 -0.178087706852641E+003
  0.116925058092820E-074  0.361154263224715E+003  0.886843557196450E+002  0.794222395810599E+000  0.205777604189401E+000 -0.519295685089021E+001 -0.177581788898606E+003
  0.152214404561878E-074  0.360626749459066E+003  0.475081093456030E+002  0.272559010649707E+001 -0.172559010649707E+001 -0.519295685089021E+001 -0.177318032015782E+003
  0.190069878690762E-074  0.360182546051359E+003  0.495181300635186E+002  0.251649469482379E+001 -0.151649469482379E+001 -0.519295685089021E+001 -0.177095930311928E+003
  0.335271538420067E-074  0.359047448093726E+003  0.513443048536749E+002  0.234415633895593E+001 -0.134415633895593E+001 -0.519295685089021E+001 -0.176528381333111E+003
  0.385493227656692E-074  0.358768282375291E+003  0.592926892908983E+002  0.177748490803296E+001 -0.777484908032965E+000 -0.519295685089021E+001 -0.176388798473894E+003
  0.105673646689631E-073  0.356751448359573E+003  0.767309293779139E+002  0.106660683419676E+001 -0.666068341967581E-001 -0.519295685089021E+001 -0.175380381466035E+003
  0.118977479134636E-073  0.356514290991163E+003  0.644970199266588E+002  0.150483665479720E+001 -0.504836654797205E+000 -0.519295685089021E+001 -0.175261802781830E+003
  0.151225841555289E-073  0.356034610721828E+003  0.667019618564567E+002  0.140810576936400E+001 -0.408105769364001E+000 -0.519295685089021E+001 -0.175021962647163E+003
  0.164895729563229E-073  0.355861532775427E+003  0.741736699260186E+002  0.114056116731668E+001 -0.140561167316682E+000 -0.519295685089021E+001 -0.174935423673962E+003
  0.195756647166854E-073  0.355518414856179E+003  0.639051737982249E+002  0.152983204914976E+001 -0.529832049149762E+000 -0.519295685089021E+001 -0.174763864714338E+003
  0.486386661804598E-073  0.353698151623628E+003  0.510636958805135E+002  0.234961849684469E+001 -0.134961849684469E+001 -0.519295685089021E+001 -0.173853733098063E+003
  0.670231321795944E-073  0.353056913621208E+003  0.621876882262924E+002  0.160705749858785E+001 -0.607057498587853E+000 -0.519295685089021E+001 -0.173533114096852E+003
  0.940869023083341E-073  0.352378551557975E+003  0.722695007691364E+002  0.119519852168423E+001 -0.195198521684234E+000 -0.519295685089021E+001 -0.173193933065236E+003
  0.110110161398283E-072  0.352064026589807E+003  0.808968311121886E+002  0.950472669518270E+000  0.495273304817299E-001 -0.519295685089021E+001 -0.173036670581152E+003
  0.127736868272600E-072  0.351767044390812E+003  0.567587674835914E+002  0.191315339236676E+001 -0.913153392366763E+000 -0.519295685089021E+001 -0.172888179481654E+003
  0.804954926022490E-072  0.348085416686974E+003  0.663112928940735E+002  0.140743372762136E+001 -0.407433727621357E+000 -0.519295685089021E+001 -0.171047365629736E+003
  0.842897941898908E-072  0.347993297483019E+003  0.884368444732678E+002  0.782771697341167E+000  0.217228302658833E+000 -0.519295685089021E+001 -0.171001306027758E+003
  0.850650788532267E-072  0.347974985873431E+003  0.901230574750926E+002  0.751382901508291E+000  0.248617098491709E+000 -0.519295685089021E+001 -0.170992150222964E+003
  0.101505845697544E-071  0.347621586287845E+003  0.932072658614895E+002  0.697389042641046E+000  0.302610957358954E+000 -0.519295685089021E+001 -0.170815450430171E+003
  0.179725077143360E-071  0.346478962399451E+003  0.546990921345321E+002  0.203716769716603E+001 -0.103716769716603E+001 -0.519295685089021E+001 -0.170244138485974E+003
  0.373517969604054E-071  0.345015886838040E+003  0.716376028015674E+002  0.120273817260903E+001 -0.202738172609034E+000 -0.519295685089021E+001 -0.169512600705268E+003
  0.460923823219116E-071  0.344595353493915E+003  0.909289452208443E+002  0.732928933265156E+000  0.267071066734844E+000 -0.519295685089021E+001 -0.169302334033206E+003
  0.573863676774687E-071  0.344157035325242E+003  0.451108335468593E+002  0.293225747253640E+001 -0.193225747253640E+001 -0.519295685089021E+001 -0.169083174948869E+003
  0.617389944260223E-071  0.344010817418253E+003  0.972887109281251E+002  0.629321735290880E+000  0.370678264709120E+000 -0.519295685089021E+001 -0.169010065995375E+003
  0.794545365792941E-071  0.343506278899353E+003  0.504742341833754E+002  0.236457290307127E+001 -0.136457290307127E+001 -0.519295685089021E+001 -0.168757796735925E+003
  0.113006548183961E-070  0.342801757350535E+003  0.615690025594865E+002  0.161305786031884E+001 -0.613057860318839E+000 -0.519295685089021E+001 -0.168405535961516E+003
  0.149039332221128E-070  0.342248228390165E+003  0.450380759162163E+002  0.293232446912674E+001 -0.193232446912674E+001 -0.519295685089021E+001 -0.168128771481331E+003
  0.247516420696399E-070  0.341233695029551E+003  0.735953146752455E+002  0.113304100063039E+001 -0.133041000630391E+000 -0.519295685089021E+001 -0.167621504801024E+003
  0.734830964615147E-070  0.339057367896367E+003  0.540023182970209E+002  0.206372664254100E+001 -0.106372664254100E+001 -0.519295685089021E+001 -0.166533341234432E+003
  0.954008863915386E-070  0.338535302956221E+003  0.718763088379489E+002  0.118287634725875E+001 -0.182876347258746E+000 -0.519295685089021E+001 -0.166272308764359E+003
  0.282304434661933E-069  0.336365506607323E+003  0.610848279639269E+002  0.162155815052475E+001 -0.621558150524749E+000 -0.519295685089021E+001 -0.165187410589910E+003
  0.372935854975572E-069  0.335808665827114E+003  0.697572105630563E+002  0.124995417763819E+001 -0.249954177638187E+000 -0.519295685089021E+001 -0.164908990199805E+003
  0.159670861039619E-068  0.332900079353773E+003  0.539360575651367E+002  0.204843881092185E+001 -0.104843881092185E+001 -0.519295685089021E+001 -0.163454696963135E+003
  0.147711909361370E-067  0.328450610686922E+003  0.464065873784943E+002  0.270844305485898E+001 -0.170844305485898E+001 -0.519295685089021E+001 -0.161229962629709E+003
  0.344133424182195E-067  0.326759079437359E+003  0.621967807892683E+002  0.154221441215389E+001 -0.542214412153890E+000 -0.519295685089021E+001 -0.160384197004928E+003
  0.398771747273812E-067  0.326464359941239E+003  0.850483383948112E+002  0.821836279435793E+000  0.178163720564207E+000 -0.519295685089021E+001 -0.160236837256868E+003
  0.423781962969253E-067  0.326342700154326E+003  0.454789326307718E+002  0.280462434824481E+001 -0.180462434824481E+001 -0.519295685089021E+001 -0.160176007363412E+003
  0.469680800929521E-067  0.326137031689657E+003  0.480617945722517E+002  0.252413255317064E+001 -0.152413255317064E+001 -0.519295685089021E+001 -0.160073173131077E+003
  0.550656250957374E-067  0.325818916822683E+003  0.600170146542009E+002  0.164982517989086E+001 -0.649825179890856E+000 -0.519295685089021E+001 -0.159914115697590E+003
  0.646248241639851E-067  0.325498770913794E+003  0.500905836267892E+002  0.233069447950500E+001 -0.133069447950500E+001 -0.519295685089021E+001 -0.159754042743145E+003
  0.850974884099063E-067  0.324948373094217E+003  0.544359802980837E+002  0.198692782859344E+001 -0.986927828593443E+000 -0.519295685089021E+001 -0.159478843833357E+003
  0.138068857503923E-066  0.323980463081442E+003  0.688941595273003E+002  0.125721859885141E+001 -0.257218598851415E+000 -0.519295685089021E+001 -0.158994888826969E+003
  0.274805059589297E-066  0.322603844193559E+003  0.761724495133861E+002  0.102620893636339E+001 -0.262089363633862E-001 -0.519295685089021E+001 -0.158306579383028E+003
  0.299915334632964E-066  0.322428967703840E+003  0.748239891723352E+002  0.106367166080845E+001 -0.636716608084513E-001 -0.519295685089021E+001 -0.158219141138168E+003
  0.546000540237318E-066  0.321230728207330E+003  0.752296425412348E+002  0.105006729803621E+001 -0.500672980362147E-001 -0.519295685089021E+001 -0.157620021389913E+003
  0.111611024138629E-065  0.319800758296377E+003  0.591182814964126E+002  0.168195160721730E+001 -0.681951607217299E+000 -0.519295685089021E+001 -0.156905036434437E+003
  0.192100735372733E-065  0.318714758156043E+003  0.595348492311895E+002  0.165641248048799E+001 -0.656412480487987E+000 -0.519295685089021E+001 -0.156362036364270E+003
  0.453837850920593E-065  0.316995317996356E+003  0.587236227795229E+002  0.169591796451084E+001 -0.695917964510838E+000 -0.519295685089021E+001 -0.155502316284426E+003
  0.669982981426170E-065  0.316216293329310E+003  0.537897215471906E+002  0.200368317541500E+001 -0.100368317541500E+001 -0.519295685089021E+001 -0.155112803950904E+003
  0.735120710696638E-065  0.316030728515785E+003  0.495116982521548E+002  0.234548091010073E+001 -0.134548091010073E+001 -0.519295685089021E+001 -0.155020021544141E+003
  0.133184395238826E-064  0.314842158568971E+003  0.787220678973026E+002  0.947271063989854E+000  0.527289360101464E-001 -0.519295685089021E+001 -0.154425736570734E+003
  0.298563297636228E-064  0.313227663840263E+003  0.715056126242322E+002  0.114745341922353E+001 -0.147453419223532E+000 -0.519295685089021E+001 -0.153618489206380E+003
  0.308807614441343E-064  0.313160190813711E+003  0.501613379155122E+002  0.227696642861664E+001 -0.127696642861664E+001 -0.519295685089021E+001 -0.153584752693104E+003
  0.309870745057082E-064  0.313153317247530E+003  0.985712967770579E+002  0.578270158662192E+000  0.421729841337808E+000 -0.519295685089021E+001 -0.153581315910013E+003
  0.441844825397231E-064  0.312443710272384E+003  0.765716528460271E+002  0.998462902381866E+000  0.153709761813381E-002 -0.519295685089021E+001 -0.153226512422440E+003
  0.609029416074312E-064  0.311801894628134E+003  0.441607397545240E+002  0.289324032734636E+001 -0.189324032734636E+001 -0.519295685089021E+001 -0.152905604600315E+003
  0.623730868808094E-064  0.311754189815042E+003  0.792488802792630E+002  0.929520153474393E+000  0.704798465256071E-001 -0.519295685089021E+001 -0.152881752193770E+003
  0.646560065087651E-064  0.311682295561739E+003  0.563195011672434E+002  0.182131678368327E+001 -0.821316783683270E+000 -0.519295685089021E+001 -0.152845805067118E+003
  0.319473486015015E-063  0.308487109010735E+003  0.432436393285512E+002  0.299330705290218E+001 -0.199330705290218E+001 -0.519295685089021E+001 -0.151248211791616E+003
  0.401846946875506E-063  0.308028315005830E+003  0.559256390318371E+002  0.183457188042617E+001 -0.834571880426166E+000 -0.519295685089021E+001 -0.151018814789164E+003
  0.403421092463548E-063  0.308020495757996E+003  0.464149881913271E+002  0.261526691068121E+001 -0.161526691068121E+001 -0.519295685089021E+001 -0.151014905165246E+003
  0.121697900307103E-062  0.305812203900115E+003  0.712555803269390E+002  0.114121474480203E+001 -0.141214744802030E+000 -0.519295685089021E+001 -0.149910759236306E+003
  0.130764816069727E-062  0.305668486568666E+003  0.439556193108549E+002  0.288765092072288E+001 -0.188765092072288E+001 -0.519295685089021E+001 -0.149838900570581E+003
  0.165783129515455E-062  0.305193926422745E+003  0.983939690609455E+002  0.572186945315871E+000  0.427813054684129E+000 -0.519295685089021E+001 -0.149601620497621E+003
  0.168163197148603E-062  0.305165417554784E+003  0.679542635508596E+002  0.125218581932646E+001 -0.252185819326459E+000 -0.519295685089021E+001 -0.149587366063640E+003
  0.371238681783816E-062  0.303581596988009E+003  0.629587075837144E+002  0.144963782332524E+001 -0.449637823325239E+000 -0.519295685089021E+001 -0.148795455780253E+003
  0.883794272443590E-062  0.301846838769611E+003  0.451721965424719E+002  0.272352892852470E+001 -0.172352892852470E+001 -0.519295685089021E+001 -0.147928076671054E+003
  0.152229298013174E-061  0.300759341360362E+003  0.522096012983390E+002  0.206552567887237E+001 -0.106552567887237E+001 -0.519295685089021E+001 -0.147384327966429E+003
  0.173119827425416E-061  0.300502149210154E+003  0.597351259367251E+002  0.159609499170690E+001 -0.596094991706900E+000 -0.519295685089021E+001 -0.147255731891325E+003
  0.212013864777040E-061  0.300096813862919E+003  0.446851735942715E+002  0.277134160952619E+001 -0.177134160952619E+001 -0.519295685089021E+001 -0.147053064217708E+003
  0.489913290908777E-061  0.298421660371536E+003  0.461957083925051E+002  0.259445602145898E+001 -0.159445602145898E+001 -0.519295685089021E+001 -0.146215487472016E+003
  0.495137826055748E-061  0.298400444887192E+003  0.441926952433934E+002  0.282148313602782E+001 -0.182148313602782E+001 -0.519295685089021E+001 -0.146204879729845E+003
  0.677930052986968E-061  0.297772028975905E+003  0.689809387300850E+002  0.120043974852363E+001 -0.200439748523633E+000 -0.519295685089021E+001 -0.145890671774201E+003
  0.110689478675772E-060  0.296791489438545E+003  0.953764680501043E+002  0.605701578805124E+000  0.394298421194876E+000 -0.519295685089021E+001 -0.145400402005521E+003
  0.154493387482142E-060  0.296124644429875E+003  0.716501733257046E+002  0.111012675620926E+001 -0.110126756209258E+000 -0.519295685089021E+001 -0.145066979501186E+003
  0.311681446305931E-060  0.294720983700184E+003  0.590673717912305E+002  0.161467335097297E+001 -0.614673350972971E+000 -0.519295685089021E+001 -0.144365149136341E+003
  0.513085859976721E-060  0.293724060622698E+003  0.505054990455846E+002  0.217268718601141E+001 -0.117268718601141E+001 -0.519295685089021E+001 -0.143866687597597E+003
  0.539744393991625E-060  0.293622755655711E+003  0.529828966085856E+002  0.198346776732572E+001 -0.983467767325722E+000 -0.519295685089021E+001 -0.143816035114104E+003
  0.600169796010786E-060  0.293410521804717E+003  0.523396323118668E+002  0.202929378209315E+001 -0.102929378209315E+001 -0.519295685089021E+001 -0.143709918188607E+003
  0.962493320109037E-060  0.292465892769799E+003  0.937126376707759E+002  0.625542800307309E+000  0.374457199692691E+000 -0.519295685089021E+001 -0.143237603671148E+003
  0.155602573979686E-059  0.291505166528007E+003  0.628592428589086E+002  0.142401810900417E+001 -0.424018109004173E+000 -0.519295685089021E+001 -0.142757240550252E+003
  0.160706562661592E-059  0.291440616616037E+003  0.488615909512225E+002  0.230381685953702E+001 -0.130381685953702E+001 -0.519295685089021E+001 -0.142724965594267E+003
  0.227098776083170E-059  0.290749006716260E+003  0.940694226872289E+002  0.618105599990179E+000  0.381894400009821E+000 -0.519295685089021E+001 -0.142379160644378E+003
  0.243019653845258E-059  0.290613492195610E+003  0.873041317725305E+002  0.729873269924890E+000  0.270126730075110E+000 -0.519295685089021E+001 -0.142311403384054E+003
  0.243765218273624E-059  0.290607365752049E+003  0.524413962584350E+002  0.201170344059371E+001 -0.101170344059371E+001 -0.519295685089021E+001 -0.142308340162273E+003
  0.401680310121082E-059  0.289608463788221E+003  0.836697715925707E+002  0.798227558441721E+000  0.201772441558279E+000 -0.519295685089021E+001 -0.141808889180359E+003
  0.861876288090651E-059  0.288081553349658E+003  0.504248456856759E+002  0.215720067809201E+001 -0.115720067809201E+001 -0.519295685089021E+001 -0.141045433961077E+003
  0.180762812608429E-058  0.286600235161151E+003  0.530577783367374E+002  0.195335759924557E+001 -0.953357599245570E+000 -0.519295685089021E+001 -0.140304774866824E+003
  0.180789001354070E-058  0.286599945424028E+003  0.509535518543057E+002  0.210927182936653E+001 -0.110927182936653E+001 -0.519295685089021E+001 -0.140304629998262E+003
  0.205946187520621E-058  0.286339376831733E+003  0.465018789406203E+002  0.250644781429757E+001 -0.150644781429757E+001 -0.519295685089021E+001 -0.140174345702115E+003
  0.313521859292604E-058  0.285498868481299E+003  0.807026005768230E+002  0.854863565938745E+000  0.145136434061255E+000 -0.519295685089021E+001 -0.139754091526898E+003
  0.335311277550728E-058  0.285364488075572E+003  0.521605652112446E+002  0.201311921312319E+001 -0.101311921312319E+001 -0.519295685089021E+001 -0.139686901324034E+003
  0.370962765342871E-058  0.285162403260579E+003  0.645475071205600E+002  0.133744644069083E+001 -0.337446440690830E+000 -0.519295685089021E+001 -0.139585858916538E+003
  0.373849513017861E-058  0.285146899960143E+003  0.901730581552292E+002  0.672852264792772E+000  0.327147735207228E+000 -0.519295685089021E+001 -0.139578107266320E+003
  0.124427872201545E-057  0.282741984047265E+003  0.645961310933868E+002  0.132969859226834E+001 -0.329698592268338E+000 -0.519295685089021E+001 -0.138375649309881E+003
  0.294920329274708E-057  0.281016025964599E+003  0.564098771222262E+002  0.172072246726141E+001 -0.720722467261408E+000 -0.519295685089021E+001 -0.137512670268548E+003
  0.313890611490168E-057  0.280891347355492E+003  0.581287195189296E+002  0.162440558852641E+001 -0.624405588526411E+000 -0.519295685089021E+001 -0.137450330963995E+003
  0.953644621585953E-057  0.278668854287844E+003  0.646980337200785E+002  0.131587961260638E+001 -0.315879612606385E+000 -0.519295685089021E+001 -0.136339084430170E+003
  0.113602535255082E-056  0.278318854630981E+003  0.686422648321946E+002  0.117104071266023E+001 -0.171040712660233E+000 -0.519295685089021E+001 -0.136164084601739E+003
  0.116667437944971E-056  0.278265611324329E+003  0.765546501050143E+002  0.940756885199362E+000  0.592431148006380E-001 -0.519295685089021E+001 -0.136137462948413E+003
  0.156922339204625E-056  0.277672764221392E+003  0.795065492683240E+002  0.869258595978260E+000  0.130741404021740E+000 -0.519295685089021E+001 -0.135841039396944E+003
  0.199003304811179E-056  0.277197623414473E+003  0.469953879684703E+002  0.241517334323789E+001 -0.141517334323789E+001 -0.519295685089021E+001 -0.135603468993485E+003
  0.227767375663474E-056  0.276927616625960E+003  0.541806090960663E+002  0.184409671262367E+001 -0.844096712623665E+000 -0.519295685089021E+001 -0.135468465599229E+003
  0.360714424447381E-056  0.276008093123308E+003  0.490820930439143E+002  0.221992857538498E+001 -0.121992857538498E+001 -0.519295685089021E+001 -0.135008703847902E+003
  0.377114907891800E-056  0.275919166404877E+003  0.502557440966928E+002  0.212259084921447E+001 -0.112259084921447E+001 -0.519295685089021E+001 -0.134964240488687E+003
  0.705072826463991E-056  0.274667664082977E+003  0.731595438994773E+002  0.102455147980972E+001 -0.245514798097162E-001 -0.519295685089021E+001 -0.134338489327737E+003
  0.909263210869222E-056  0.274158997051479E+003  0.480876105030734E+002  0.229932261952569E+001 -0.129932261952569E+001 -0.519295685089021E+001 -0.134084155811988E+003
  0.948706033451950E-056  0.274074068305663E+003  0.434856446445635E+002  0.277916960358132E+001 -0.177916960358132E+001 -0.519295685089021E+001 -0.134041691439080E+003
  0.142506306467687E-055  0.273260323582555E+003  0.421041440839097E+002  0.294885968112350E+001 -0.194885968112350E+001 -0.519295685089021E+001 -0.133634819077526E+003
  0.167222125515751E-055  0.272940450048770E+003  0.499384161157266E+002  0.213606252629099E+001 -0.113606252629099E+001 -0.519295685089021E+001 -0.133474882310634E+003
  0.191122551067325E-055  0.272673266390010E+003  0.612843587889922E+002  0.144552236355296E+001 -0.445522363552961E+000 -0.519295685089021E+001 -0.133341290481253E+003
  0.425639511416623E-055  0.271071910550454E+003  0.505565954657364E+002  0.207953295241289E+001 -0.107953295241289E+001 -0.519295685089021E+001 -0.132540612561476E+003
  0.493448513640641E-055  0.270776259042971E+003  0.748998643625291E+002  0.969972099945254E+000  0.300279000547464E-001 -0.519295685089021E+001 -0.132392786807734E+003
  0.883352379942513E-055  0.269611647707284E+003  0.861931657744341E+002  0.721195925713261E+000  0.278804074286739E+000 -0.519295685089021E+001 -0.131810481139890E+003
  0.104955118509403E-054  0.269266860273833E+003  0.758320963145341E+002  0.943187318436328E+000  0.568126815636721E-001 -0.519295685089021E+001 -0.131638087423165E+003
  0.107386112011648E-054  0.269221064180183E+003  0.520670344487282E+002  0.195994352114662E+001 -0.959943521146616E+000 -0.519295685089021E+001 -0.131615189376340E+003
  0.143223740610299E-054  0.268645109851513E+003  0.674166279739503E+002  0.119182222602236E+001 -0.191822226022362E+000 -0.519295685089021E+001 -0.131327212212005E+003
  0.148290265011513E-054  0.268575582699649E+003  0.486908850877496E+002  0.222184725228382E+001 -0.122184725228382E+001 -0.519295685089021E+001 -0.131292448636073E+003
  0.109953409948316E-053  0.264568642259571E+003  0.976182762906435E+002  0.537459721392085E+000  0.462540278607915E+000 -0.519295685089021E+001 -0.129288978416034E+003
  0.110725764446218E-053  0.264554642612279E+003  0.666048965668394E+002  0.121110188404921E+001 -0.211101884049211E+000 -0.519295685089021E+001 -0.129281978592388E+003
  0.115664979468599E-053  0.264467359910974E+003  0.440439207027540E+002  0.266223668388676E+001 -0.166223668388676E+001 -0.519295685089021E+001 -0.129238337241735E+003
  0.143564798678134E-053  0.264035182735844E+003  0.617212205159820E+002  0.140285256221908E+001 -0.402852562219076E+000 -0.519295685089021E+001 -0.129022248654171E+003
  0.186251339992064E-053  0.263514561616221E+003  0.627661205103630E+002  0.135674391237386E+001 -0.356743912373858E+000 -0.519295685089021E+001 -0.128761938094359E+003
  0.334526976861223E-053  0.262343320670603E+003  0.443855852748273E+002  0.261265557576980E+001 -0.161265557576980E+001 -0.519295685089021E+001 -0.128176317621550E+003
  0.884271556357742E-053  0.260399227308037E+003  0.427519853085039E+002  0.279249180721286E+001 -0.179249180721286E+001 -0.519295685089021E+001 -0.127204270940267E+003
  0.102050703475809E-052  0.260112645968528E+003  0.587724059378974E+002  0.152959415025541E+001 -0.529594150255413E+000 -0.519295685089021E+001 -0.127060980270512E+003
  0.266376641353284E-052  0.258193763029449E+003  0.762777944993333E+002  0.912333636585042E+000  0.876663634149576E-001 -0.519295685089021E+001 -0.126101538800973E+003
  0.704589264825070E-052  0.256248355473981E+003  0.751577775287716E+002  0.936725825217186E+000  0.632741747828142E-001 -0.519295685089021E+001 -0.125128835023239E+003
  0.114855368308007E-051  0.255271068007990E+003  0.829511601299841E+002  0.761313087006291E+000  0.238686912993709E+000 -0.519295685089021E+001 -0.124640191290243E+003
  0.115784339457528E-051  0.255254956711592E+003  0.973098605627441E+002  0.530726145365800E+000  0.469273854634200E+000 -0.519295685089021E+001 -0.124632135642045E+003
  0.117858849038488E-051  0.255219439920159E+003  0.824581870100165E+002  0.770966252037105E+000  0.229033747962895E+000 -0.519295685089021E+001 -0.124614377246328E+003
  0.187043686399336E-051  0.254295730934531E+003  0.447429372263820E+002  0.253171589579422E+001 -0.153171589579422E+001 -0.519295685089021E+001 -0.124152522753514E+003
  0.334980705748581E-051  0.253130269477117E+003  0.584690264074208E+002  0.152380066508762E+001 -0.523800665087615E+000 -0.519295685089021E+001 -0.123569792024807E+003
  0.461203673260124E-051  0.252490735842021E+003  0.613554865164281E+002  0.138754435071577E+001 -0.387544350715772E+000 -0.519295685089021E+001 -0.123250025207259E+003
  0.591521057839074E-051  0.251993020780835E+003  0.427797363882833E+002  0.274098920730392E+001 -0.174098920730392E+001 -0.519295685089021E+001 -0.123001167676666E+003
  0.747465341031178E-051  0.251525039472536E+003  0.551129685957936E+002  0.169981061683422E+001 -0.699810616834216E+000 -0.519295685089021E+001 -0.122767177022516E+003
  0.749833416709743E-051  0.251518713206276E+003  0.465911187941785E+002  0.233302194286096E+001 -0.133302194286096E+001 -0.519295685089021E+001 -0.122764013889386E+003
  0.986450485645001E-051  0.250970189083375E+003  0.764139860381434E+002  0.896096603045571E+000  0.103903396954429E+000 -0.519295685089021E+001 -0.122489751827936E+003
  0.223911449447547E-050  0.249330743844438E+003  0.497758470562052E+002  0.205113378673095E+001 -0.105113378673095E+001 -0.519295685089021E+001 -0.121670029208468E+003
  0.318058770633575E-050  0.248628772803866E+003  0.565804067196617E+002  0.160766281464281E+001 -0.607662814642809E+000 -0.519295685089021E+001 -0.121319043688181E+003
  0.370612667151599E-050  0.248322930175131E+003  0.737795637948708E+002  0.957383873990147E+000  0.426161260098530E-001 -0.519295685089021E+001 -0.121166122373814E+003
  0.409800045101823E-050  0.248121906470175E+003  0.761938767667064E+002  0.896261400284582E+000  0.103738599715418E+000 -0.519295685089021E+001 -0.121065610521336E+003
  0.689413693316447E-050  0.247081562128814E+003  0.828980541851701E+002  0.749697590700724E+000  0.250302409299276E+000 -0.519295685089021E+001 -0.120545438350655E+003
  0.173256761862822E-049  0.245238525642273E+003  0.574420193215766E+002  0.155137647307007E+001 -0.551376473070071E+000 -0.519295685089021E+001 -0.119623920107385E+003
  0.173550002974901E-049  0.245235143457014E+003  0.967904725134258E+002  0.525689244663088E+000  0.474310755336912E+000 -0.519295685089021E+001 -0.119622229014755E+003
  0.230974763007692E-049  0.244663458068904E+003  0.598424834284722E+002  0.143302211481737E+001 -0.433022114817373E+000 -0.519295685089021E+001 -0.119336386320700E+003
  0.298076416713785E-049  0.244153375204797E+003  0.568740297988899E+002  0.157748919573311E+001 -0.577489195733106E+000 -0.519295685089021E+001 -0.119081344888647E+003
  0.357253773578084E-049  0.243791182216705E+003  0.504578507439333E+002  0.197646477840371E+001 -0.976464778403708E+000 -0.519295685089021E+001 -0.118900248394601E+003
  0.423367721677834E-049  0.243451592736322E+003  0.584126377078970E+002  0.149713048151326E+001 -0.497130481513264E+000 -0.519295685089021E+001 -0.118730453654410E+003
  0.580315745941586E-049  0.242820930285975E+003  0.639543788191010E+002  0.125604872099805E+001 -0.256048720998053E+000 -0.519295685089021E+001 -0.118415122429236E+003
  0.108220527436850E-048  0.241574562658026E+003  0.572521557490011E+002  0.154949087403892E+001 -0.549490874038917E+000 -0.519295685089021E+001 -0.117791938615261E+003
  0.336059819622772E-048  0.239308326432508E+003  0.765525091682461E+002  0.871748430221643E+000  0.128251569778357E+000 -0.519295685089021E+001 -0.116658820502502E+003
  0.539013433290771E-048  0.238363423803493E+003  0.471013542307317E+002  0.222322534329246E+001 -0.122322534329246E+001 -0.519295685089021E+001 -0.116186369187995E+003
  0.674539516117863E-048  0.237914844270474E+003  0.773054018435795E+002  0.851842943388447E+000  0.148157056611553E+000 -0.519295685089021E+001 -0.115962079421485E+003
  0.152953762208927E-047  0.236277463268069E+003  0.408569482844173E+002  0.288742648523934E+001 -0.188742648523934E+001 -0.519295685089021E+001 -0.115143388920283E+003
  0.153613089060378E-047  0.236268860539297E+003  0.424825280369339E+002  0.268428441178670E+001 -0.168428441178670E+001 -0.519295685089021E+001 -0.115139087555897E+003
  0.180499400571300E-047  0.235946279690271E+003  0.516409469404992E+002  0.186103973413998E+001 -0.861039734139983E+000 -0.519295685089021E+001 -0.114977797131384E+003
  0.187352764589060E-047  0.235871748041115E+003  0.502223896728791E+002  0.196071969436288E+001 -0.960719694362879E+000 -0.519295685089021E+001 -0.114940531306806E+003
  0.251356463129508E-047  0.235283990396992E+003  0.793381032996126E+002  0.802572116165642E+000  0.197427883834358E+000 -0.519295685089021E+001 -0.114646652484744E+003
  0.290523511061610E-047  0.234994365591729E+003  0.512623004806465E+002  0.188312165721876E+001 -0.883121657218762E+000 -0.519295685089021E+001 -0.114501840082113E+003
  0.303970859232879E-047  0.234903870925886E+003  0.879279965793350E+002  0.642126532064653E+000  0.357873467935347E+000 -0.519295685089021E+001 -0.114456592749192E+003
  0.612210378768754E-047  0.233503582644737E+003  0.400435606119692E+002  0.297928904238714E+001 -0.197928904238714E+001 -0.519295685089021E+001 -0.113756448608617E+003
  0.746339190631881E-047  0.233107374251937E+003  0.625869349112156E+002  0.128359751160039E+001 -0.283597511600392E+000 -0.519295685089021E+001 -0.113558344412217E+003
  0.747986309792845E-047  0.233102965253154E+003  0.402788866015703E+002  0.294416064980873E+001 -0.194416064980873E+001 -0.519295685089021E+001 -0.113556139912826E+003
  0.995413826043830E-047  0.232531417491405E+003  0.615608453426241E+002  0.132352282025554E+001 -0.323522820255539E+000 -0.519295685089021E+001 -0.113270366031951E+003
  0.246449788928892E-046  0.230718247864538E+003  0.507363761816657E+002  0.190223382059391E+001 -0.902233820593909E+000 -0.519295685089021E+001 -0.112363781218518E+003
  0.332911721330867E-046  0.230116809710496E+003  0.677648538423436E+002  0.109253285842124E+001 -0.925328584212421E-001 -0.519295685089021E+001 -0.112063062141496E+003
  0.391252357671768E-046  0.229793858882280E+003  0.414350489852880E+002  0.277160345690738E+001 -0.177160345690738E+001 -0.519295685089021E+001 -0.111901586727388E+003
  0.132441527638705E-045  0.227355111737591E+003  0.427445288196410E+002  0.260074535332003E+001 -0.160074535332003E+001 -0.519295685089021E+001 -0.110682213155044E+003
  0.344803290886786E-045  0.225441446065802E+003  0.565712184371933E+002  0.153167065996868E+001 -0.531670659968680E+000 -0.519295685089021E+001 -0.109725380319149E+003
  0.475332904622373E-045  0.224799363411182E+003  0.404814244001205E+002  0.286125631398260E+001 -0.186125631398260E+001 -0.519295685089021E+001 -0.109404338991839E+003
  0.476916297545272E-045  0.224792712234668E+003  0.506687672591745E+002  0.188218364019861E+001 -0.882183640198615E+000 -0.519295685089021E+001 -0.109401013403582E+003
  0.131665201784297E-044  0.222761699345008E+003  0.414587810329928E+002  0.272379555383358E+001 -0.172379555383358E+001 -0.519295685089021E+001 -0.108385506958752E+003
  0.225500103510840E-044  0.221685582810031E+003  0.553257643552755E+002  0.158435902451916E+001 -0.584359024519155E+000 -0.519295685089021E+001 -0.107847448691264E+003
  0.302621879138461E-044  0.221097255840835E+003  0.803678304060445E+002  0.757157978811955E+000  0.242842021188045E+000 -0.519295685089021E+001 -0.107553285206666E+003
  0.557512961253289E-044  0.219875252542075E+003  0.812331032610653E+002  0.738064605555991E+000  0.261935394444009E+000 -0.519295685089021E+001 -0.106942283557286E+003
  0.622594566155682E-044  0.219654432985364E+003  0.492097693943100E+002  0.196494150872424E+001 -0.964941508724243E+000 -0.519295685089021E+001 -0.106831873778930E+003
  0.629327514941562E-044  0.219632920420635E+003  0.549826008112779E+002  0.159573287654471E+001 -0.595732876544708E+000 -0.519295685089021E+001 -0.106821117496566E+003
  0.784512328422891E-044  0.219192099471859E+003  0.425460382667806E+002  0.257387060252247E+001 -0.157387060252247E+001 -0.519295685089021E+001 -0.106600707022178E+003
  0.163344356223169E-043  0.217725332685504E+003  0.701976757531700E+002  0.991745310137436E+000  0.825468986256361E-002 -0.519295685089021E+001 -0.105867323629000E+003
  0.185883873030805E-043  0.217466809579607E+003  0.490014707728769E+002  0.197061345156091E+001 -0.970613451560911E+000 -0.519295685089021E+001 -0.105738062076052E+003
  0.202054203369988E-043  0.217299981870142E+003  0.464280392930482E+002  0.217820949734511E+001 -0.117820949734511E+001 -0.519295685089021E+001 -0.105654648221319E+003
  0.371130658044949E-043  0.216083945502732E+003  0.789776798670987E+002  0.776682322863396E+000  0.223317677136604E+000 -0.519295685089021E+001 -0.105046630037614E+003
  0.710368649805832E-043  0.214785485739258E+003  0.984977683680929E+002  0.467128150931937E+000  0.532871849068063E+000 -0.519295685089021E+001 -0.104397400155877E+003
  0.712261201255938E-043  0.214780164460317E+003  0.656698789720039E+002  0.112359581862918E+001 -0.123595818629179E+000 -0.519295685089021E+001 -0.104394739516407E+003
  0.951376185432741E-043  0.214201234754770E+003  0.452777099865371E+002  0.226561462462514E+001 -0.126561462462514E+001 -0.519295685089021E+001 -0.104105274663633E+003
  0.197337615758615E-042  0.212742051579076E+003  0.522005724824908E+002  0.173181198537305E+001 -0.731811985373054E+000 -0.519295685089021E+001 -0.103375683075786E+003
  0.209399148000290E-042  0.212623399214673E+003  0.622412688875645E+002  0.124053317335049E+001 -0.240533173350489E+000 -0.519295685089021E+001 -0.103316356893585E+003
  0.240441013743102E-042  0.212346934085272E+003  0.415358537547464E+002  0.264727943500729E+001 -0.164727943500729E+001 -0.519295685089021E+001 -0.103178124328884E+003
  0.285939758843047E-042  0.212000321363561E+003  0.538463051083426E+002  0.163105075045000E+001 -0.631050750450003E+000 -0.519295685089021E+001 -0.103004817968029E+003
  0.352748097365694E-042  0.211580375279997E+003  0.517884113333012E+002  0.175294382548039E+001 -0.752943825480386E+000 -0.519295685089021E+001 -0.102794844926247E+003
  0.595785291882024E-042  0.210532122966716E+003  0.739911752984226E+002  0.877612757881641E+000  0.122387242118359E+000 -0.519295685089021E+001 -0.102270718769606E+003
  0.617574701791265E-042  0.210460283602504E+003  0.855958005079600E+002  0.644321887877176E+000  0.355678112122824E+000 -0.519295685089021E+001 -0.102234799087500E+003
  0.224441580825756E-041  0.207879482579447E+003  0.487203593273954E+002  0.194730490770515E+001 -0.947304907705148E+000 -0.519295685089021E+001 -0.100944398575972E+003
  0.268974669113593E-041  0.207517479071400E+003  0.836218114651225E+002  0.673524810972497E+000  0.326475189027503E+000 -0.519295685089021E+001 -0.100763396821948E+003
  0.352012726600547E-041  0.206979378827888E+003  0.439901896779060E+002  0.234864038180384E+001 -0.134864038180384E+001 -0.519295685089021E+001 -0.100494346700193E+003
  0.354298178329540E-041  0.206966435747500E+003  0.428901170009575E+002  0.246139920634847E+001 -0.146139920634847E+001 -0.519295685089021E+001 -0.100487875159999E+003
  0.380862425446637E-041  0.206821837044304E+003  0.431410913230911E+002  0.243405947747816E+001 -0.143405947747816E+001 -0.519295685089021E+001 -0.100415575808400E+003
  0.393455672376751E-041  0.206756776664213E+003  0.695500764150998E+002  0.985339149092159E+000  0.146608509078405E-001 -0.519295685089021E+001 -0.100383045618355E+003
  0.420773024981774E-041  0.206622526377532E+003  0.750344404226668E+002  0.845141770498072E+000  0.154858229501928E+000 -0.519295685089021E+001 -0.100315920475014E+003
  0.443449506315718E-041  0.206517545602925E+003  0.683892619983820E+002  0.101819103630635E+001 -0.181910363063484E-001 -0.519295685089021E+001 -0.100263430087711E+003
  0.723407692740370E-041  0.205538767580795E+003  0.652052007480926E+002  0.111542202172872E+001 -0.115422021728721E+000 -0.519295685089021E+001 -0.997740410766460E+002
  0.170234081154655E-040  0.203827194426229E+003  0.546226058395241E+002  0.155751272977317E+001 -0.557512729773167E+000 -0.519295685089021E+001 -0.989182544993630E+002
  0.192770014937153E-040  0.203578547610227E+003  0.598722348922885E+002  0.130856389519892E+001 -0.308563895198922E+000 -0.519295685089021E+001 -0.987939310913619E+002
  0.349876495169905E-040  0.202386382859486E+003  0.721291803722795E+002  0.906738371397935E+000  0.932616286020652E-001 -0.519295685089021E+001 -0.981978487159916E+002
  0.382225234182485E-040  0.202209523195762E+003  0.669453383506822E+002  0.105123176523944E+001 -0.512317652394354E-001 -0.519295685089021E+001 -0.981094188841295E+002
  0.119669827580132E-039  0.199926900088452E+003  0.416308453307105E+002  0.255482356242806E+001 -0.155482356242806E+001 -0.519295685089021E+001 -0.969681073304743E+002
  0.145315928552015E-039  0.199538552736352E+003  0.619299963647167E+002  0.121492777248804E+001 -0.214927772488045E+000 -0.519295685089021E+001 -0.967739336544245E+002
  0.213071459768946E-039  0.198773117913397E+003  0.762881776910139E+002  0.801606039289164E+000  0.198393960710836E+000 -0.519295685089021E+001 -0.963912162429466E+002
  0.377178985081227E-039  0.197630933443486E+003  0.474892963178928E+002  0.199109161610805E+001 -0.991091616108046E+000 -0.519295685089021E+001 -0.958201240079911E+002
  0.711012802770500E-039  0.196362992243330E+003  0.785710527227771E+002  0.749245429647921E+000  0.250754570352079E+000 -0.519295685089021E+001 -0.951861534079136E+002
  0.101162566770150E-038  0.195657745340343E+003  0.505566651564075E+002  0.176401450438197E+001 -0.764014504381968E+000 -0.519295685089021E+001 -0.948335299564199E+002
  0.112377695134920E-038  0.195447471978229E+003  0.914923993619117E+002  0.532160834879683E+000  0.467839165120317E+000 -0.519295685089021E+001 -0.947283932753629E+002
  0.124756327906409E-038  0.195238478013952E+003  0.651187679121027E+002  0.109124889329266E+001 -0.912488932926583E-001 -0.519295685089021E+001 -0.946238962932243E+002
  0.188657800715096E-038  0.194411333338534E+003  0.791786767546942E+002  0.733570864848735E+000  0.266429135151265E+000 -0.519295685089021E+001 -0.942103239555155E+002
  0.263355713532395E-038  0.193744191647485E+003  0.651639472876101E+002  0.108581854143718E+001 -0.858185414371770E-001 -0.519295685089021E+001 -0.938767531099908E+002
  0.284179013297705E-038  0.193591994193842E+003  0.878399827444292E+002  0.582486943656231E+000  0.417513056343769E+000 -0.519295685089021E+001 -0.938006543831695E+002
  0.413727003933704E-038  0.192840790238983E+003  0.400374825702781E+002  0.269456608437379E+001 -0.169456608437379E+001 -0.519295685089021E+001 -0.934250524057399E+002
  0.420753325549899E-038  0.192807109456240E+003  0.627592081971452E+002  0.116508766853077E+001 -0.165087668530773E+000 -0.519295685089021E+001 -0.934082120143686E+002
  0.646197755920721E-038  0.191948991768738E+003  0.605401731587156E+002  0.124566011554115E+001 -0.245660115541150E+000 -0.519295685089021E+001 -0.929791531706176E+002
  0.934842336599690E-038  0.191210447147819E+003  0.419999064477115E+002  0.245640258266178E+001 -0.145640258266178E+001 -0.519295685089021E+001 -0.926098808601577E+002
  0.975994766954453E-038  0.191124288480700E+003  0.972066466511071E+002  0.452467481100392E+000  0.547532518899608E+000 -0.519295685089021E+001 -0.925668015265985E+002
  0.417076072728629E-037  0.188219495476522E+003  0.431033508370283E+002  0.232308831647165E+001 -0.132308831647165E+001 -0.519295685089021E+001 -0.911144050245096E+002
  0.536275019723208E-037  0.187716738492095E+003  0.470256872662493E+002  0.197616819226333E+001 -0.976168192263331E+000 -0.519295685089021E+001 -0.908630265322958E+002
  0.835271268116132E-037  0.186830519655882E+003  0.783628734101235E+002  0.735559852871926E+000  0.264440147128074E+000 -0.519295685089021E+001 -0.904199171141894E+002
  0.941593908495467E-037  0.186590884570830E+003  0.416590029550667E+002  0.465291462706515E-001  0.953470853729348E+000 -0.519295685089021E+001 -0.903000995716634E+002
  0.112487338174253E-036  0.186235181226571E+003  0.639199968474780E+002  0.110635539129628E+001 -0.106355391296284E+000 -0.519295685089021E+001 -0.901222478995340E+002
  0.114583656140409E-036  0.186198252202999E+003  0.431762037958088E+002  0.230318637379602E+001 -0.130318637379602E+001 -0.519295685089021E+001 -0.901037833877480E+002
  0.207595697437826E-036  0.185009677706416E+003  0.723869334602482E+002  0.862605430513182E+000  0.137394569486818E+000 -0.519295685089021E+001 -0.895094961394564E+002
  0.455099451791563E-036  0.183439830617202E+003  0.676690013012612E+002  0.982918854689710E+000  0.170811453102898E-001 -0.519295685089021E+001 -0.887245725948492E+002
  0.470052584087268E-036  0.183375173419102E+003  0.496639701831327E+002  0.176621217434089E+001 -0.766212174340891E+000 -0.519295685089021E+001 -0.886922439957995E+002
  0.760216932833113E-036  0.182413654897089E+003  0.603899954225774E+002  0.122178457923159E+001 -0.221784579231594E+000 -0.519295685089021E+001 -0.882114847347931E+002
  0.119018161786071E-035  0.181517140169045E+003  0.454912007204801E+002  0.206573352028450E+001 -0.106573352028450E+001 -0.519295685089021E+001 -0.877632273707707E+002
  0.121678560323042E-035  0.181472926739647E+003  0.409105639601394E+002  0.250944428906767E+001 -0.150944428906767E+001 -0.519295685089021E+001 -0.877411206560717E+002
  0.157600801703705E-035  0.180955561843353E+003  0.498645403334546E+002  0.174177407839459E+001 -0.741774078394592E+000 -0.519295685089021E+001 -0.874824382079248E+002
  0.166980548131719E-035  0.180839937717320E+003  0.432979353636419E+002  0.225758119496726E+001 -0.125758119496726E+001 -0.519295685089021E+001 -0.874246261449086E+002
  0.246928961947594E-035  0.180057490988457E+003  0.975137722613130E+002  0.434005882959334E+000  0.565994117040666E+000 -0.519295685089021E+001 -0.870334027804769E+002
  0.268412549428255E-035  0.179890642051192E+003  0.500508025146101E+002  0.114166916167512E-001  0.988583308383249E+000 -0.519295685089021E+001 -0.869499783118445E+002
  0.272636793530576E-035  0.179859411406572E+003  0.538930274450601E+002  0.150360266537684E+001 -0.503602665376835E+000 -0.519295685089021E+001 -0.869343629895343E+002
  0.277319628062047E-035  0.179825350906306E+003  0.498089161658093E+002  0.123875625598282E-001  0.987612437440172E+000 -0.519295685089021E+001 -0.869173327394016E+002
  0.302283073828459E-035  0.179652964554254E+003  0.518514374248535E+002  0.161460300692624E+001 -0.614603006926239E+000 -0.519295685089021E+001 -0.868311395633753E+002
  0.483626831687472E-035  0.178713065171227E+003  0.917885108971576E+002  0.503774109500830E+000  0.496225890499170E+000 -0.519295685089021E+001 -0.863611898718618E+002
  0.177014745096040E-034  0.176118056116628E+003  0.417120590696751E+002  0.238488400014172E+001 -0.138488400014172E+001 -0.519295685089021E+001 -0.850636853445626E+002
  0.375904342295042E-034  0.174611852781626E+003  0.484490655065807E+002  0.180500406728471E+001 -0.805004067284715E+000 -0.519295685089021E+001 -0.843105836770613E+002
  0.436985803115837E-034  0.174310720771254E+003  0.400092169940525E+002  0.817484248679092E-001  0.918251575132091E+000 -0.519295685089021E+001 -0.841600176718752E+002
  0.547810033319692E-034  0.173858665041445E+003  0.995436168074925E+002  0.402446894104329E+000  0.597553105895671E+000 -0.519295685089021E+001 -0.839339898069707E+002
  0.948211774956988E-034  0.172761366448868E+003  0.589164852313904E+002  0.124817573786259E+001 -0.248175737862588E+000 -0.519295685089021E+001 -0.833853405106823E+002
  0.114404162928853E-033  0.172385877065059E+003  0.494082944388735E+002  0.224051798204258E-001  0.977594820179574E+000 -0.519295685089021E+001 -0.831975958187781E+002
  0.200619716218735E-033  0.171262529686237E+003  0.451375105097067E+002  0.203558438714941E+001 -0.103558438714941E+001 -0.519295685089021E+001 -0.826359221293669E+002
  0.279293247506915E-033  0.170600827407761E+003  0.646832812517726E+002  0.103790641013541E+001 -0.379064101354147E-001 -0.519295685089021E+001 -0.823050709901290E+002
  0.337026810530289E-033  0.170225027032788E+003  0.517702246212197E+002  0.155322462487635E-001  0.984467753751237E+000 -0.519295685089021E+001 -0.821171708026423E+002
  0.419220316596863E-033  0.169788558806110E+003  0.547675949964497E+002  0.141976383298978E+001 -0.419763832989782E+000 -0.519295685089021E+001 -0.818989366893032E+002
  0.423815300902969E-033  0.169766756501607E+003  0.797991120869078E+002  0.675886894393472E+000  0.324113105606528E+000 -0.519295685089021E+001 -0.818880355370520E+002
  0.919092650008881E-033  0.168218578133327E+003  0.457319526667454E+002  0.196988820885651E+001 -0.969888208856511E+000 -0.519295685089021E+001 -0.811139463529117E+002
  0.105140080065351E-032  0.167949594700309E+003  0.591125568749214E+002  0.122413381505933E+001 -0.224133815059327E+000 -0.519295685089021E+001 -0.809794546364031E+002
  0.134739332582712E-032  0.167453497729818E+003  0.461038213837663E+002  0.458453064457807E-001  0.954154693554219E+000 -0.519295685089021E+001 -0.807314061511572E+002
  0.150869001309953E-032  0.167227357975536E+003  0.959161212966892E+002  0.435015827918286E+000  0.564984172081714E+000 -0.519295685089021E+001 -0.806183362740161E+002
  0.248317116106689E-032  0.166230768567494E+003  0.465499360932230E+002  0.189598028438531E+001 -0.895980284385311E+000 -0.519295685089021E+001 -0.801200415699952E+002
  0.305186760428189E-032  0.165818333977149E+003  0.674889500258254E+002  0.942846608453628E+000  0.571533915463720E-001 -0.519295685089021E+001 -0.799138242748228E+002
  0.324703980385216E-032  0.165694353938738E+003  0.776805625979600E+002  0.707713789174855E+000  0.292286210825145E+000 -0.519295685089021E+001 -0.798518342556174E+002
  0.421953992831228E-032  0.165170389241384E+003  0.514689109124463E+002  0.157216683082965E+001 -0.572166830829650E+000 -0.519295685089021E+001 -0.795898519069402E+002
  0.526973993189118E-032  0.164725879417042E+003  0.649370137033775E+002  0.101355290065982E+001 -0.135529006598170E-001 -0.519295685089021E+001 -0.793675969947695E+002
  0.786138228673657E-032  0.163925916533276E+003  0.722412457279505E+002  0.818594486254631E+000  0.181405513745369E+000 -0.519295685089021E+001 -0.789676155528864E+002
  0.827845719773361E-032  0.163822528197620E+003  0.443991747553937E+002  0.205186005009073E+001 -0.105186005009073E+001 -0.519295685089021E+001 -0.789159213850582E+002
  0.101814334137142E-031  0.163408709826023E+003  0.994569748963203E+002  0.389137360181712E+000  0.610862639818288E+000 -0.519295685089021E+001 -0.787090121992596E+002
  0.105394481179666E-031  0.163339591080103E+003  0.417485008211161E+002  0.229135471054089E+001 -0.129135471054089E+001 -0.519295685089021E+001 -0.786744528262997E+002
  0.153198818665963E-031  0.162591538535689E+003  0.764121871251372E+002  0.726265230004721E+000  0.273734769995279E+000 -0.519295685089021E+001 -0.783004265540928E+002
  0.202433148664466E-031  0.162034192224148E+003  0.429118719151122E+002  0.217097869152425E+001 -0.117097869152425E+001 -0.519295685089021E+001 -0.780217533983222E+002
  0.220780305410399E-031  0.161860675400299E+003  0.546412375555607E+002  0.139414861397260E+001 -0.394148613972598E+000 -0.519295685089021E+001 -0.779349949863980E+002
  0.392104851355741E-031  0.160711953064181E+003  0.783789862541011E+002  0.684462941797982E+000  0.315537058202018E+000 -0.519295685089021E+001 -0.773606338183389E+002
  0.406130176352459E-031  0.160641664148886E+003  0.790768154467495E+002  0.671435269317856E+000  0.328564730682144E+000 -0.519295685089021E+001 -0.773254893606914E+002
  0.981287413928120E-031  0.158877280833700E+003  0.421927491816511E+002  0.905323465172051E-001  0.909467653482795E+000 -0.519295685089021E+001 -0.764432977030982E+002
  0.220981915374704E-030  0.157253679707567E+003  0.544041822384211E+002  0.138656720363741E+001 -0.386567203637405E+000 -0.519295685089021E+001 -0.756314971400321E+002
  0.457323742127349E-030  0.155799058347393E+003  0.586292635285066E+002  0.938006341206543E-002  0.990619936587935E+000 -0.519295685089021E+001 -0.749041864599448E+002
  0.844549940722382E-030  0.154572233700263E+003  0.487572104279626E+002  0.168184799097442E+001 -0.681847990974418E+000 -0.519295685089021E+001 -0.742907741363799E+002
  0.202507286587282E-029  0.152823119518058E+003  0.494049662320113E+002  0.477849746031334E-001  0.952215025396867E+000 -0.519295685089021E+001 -0.734162170452775E+002
  0.219295517785970E-029  0.152663830823186E+003  0.745027895330113E+002  0.743658506711165E+000  0.256341493288835E+000 -0.519295685089021E+001 -0.733365726978413E+002
  0.263714739913238E-029  0.152294935279510E+003  0.481871219394067E+002  0.170602009954343E+001 -0.706020099543427E+000 -0.519295685089021E+001 -0.731521249260032E+002
  0.606009479564999E-029  0.150630879998564E+003  0.938190954408972E+002  0.435481279164986E+000  0.564518720835014E+000 -0.519295685089021E+001 -0.723200972855303E+002
  0.608035811623186E-029  0.150624203694296E+003  0.461939373525985E+002  0.183204942961043E+001 -0.832049429610432E+000 -0.519295685089021E+001 -0.723167591333962E+002
  0.613924656034276E-029  0.150604926834999E+003  0.416118013013938E+002  0.221194087156469E+001 -0.121194087156469E+001 -0.519295685089021E+001 -0.723071207037480E+002
  0.736061577205485E-029  0.150242043696330E+003  0.408172346016545E+002  0.228724748839381E+001 -0.128724748839381E+001 -0.519295685089021E+001 -0.721256791344132E+002
  0.942497773345352E-029  0.149747604142509E+003  0.721366686149050E+002  0.787697995854499E+000  0.212302004145501E+000 -0.519295685089021E+001 -0.718784593575027E+002
  0.143607410541618E-028  0.148905334548711E+003  0.943226452766224E+002  0.426742311212936E+000  0.573257688787064E+000 -0.519295685089021E+001 -0.714573245606041E+002
  0.171206271956918E-028  0.148553762873565E+003  0.838341971198789E+002  0.568488253890427E+000  0.431511746109573E+000 -0.519295685089021E+001 -0.712815387230308E+002
  0.204562429754816E-028  0.148197754652425E+003  0.734051540980103E+002  0.756490435080217E+000  0.243509564919783E+000 -0.519295685089021E+001 -0.711035346124607E+002
  0.223729116324727E-028  0.148018629034288E+003  0.611839306824191E+002  0.108224926232491E+001 -0.822492623249094E-001 -0.519295685089021E+001 -0.710139718033923E+002
  0.252946397937392E-028  0.147773145869321E+003  0.795611314267529E+002  0.637169201294121E+000  0.362830798705879E+000 -0.519295685089021E+001 -0.708912302209091E+002
  0.277181990638785E-028  0.147590152477423E+003  0.503843676359283E+002  0.154967126924949E+001 -0.549671269249490E+000 -0.519295685089021E+001 -0.707997335249601E+002
  0.387108813507317E-028  0.146922089419439E+003  0.586031362517081E+002  0.117000547524591E+001 -0.170005475245906E+000 -0.519295685089021E+001 -0.704657019959678E+002
  0.429885174859722E-028  0.146712464794528E+003  0.582399679935506E+002  0.118294787098344E+001 -0.182947870983440E+000 -0.519295685089021E+001 -0.703608896835123E+002
  0.518567987030411E-028  0.146337358786961E+003  0.781576080087291E+002  0.659193260467911E+000  0.340806739532089E+000 -0.519295685089021E+001 -0.701733366797286E+002
  0.721222419594802E-028  0.145677605915440E+003  0.433686813357645E+002  0.105665524778712E+000  0.894334475221288E+000 -0.519295685089021E+001 -0.698434602439685E+002
  0.816715359197336E-028  0.145428919796962E+003  0.505039429878058E+002  0.153228224244676E+001 -0.532282242446756E+000 -0.519295685089021E+001 -0.697191171847295E+002
  0.116160180120507E-027  0.144724390680776E+003  0.475123985561065E+002  0.170777254416223E+001 -0.707772544162230E+000 -0.519295685089021E+001 -0.693668526266362E+002
  0.127433636177931E-027  0.144539139427123E+003  0.680703073424631E+002  0.870960361435293E+000  0.129039638564707E+000 -0.519295685089021E+001 -0.692742269998099E+002
  0.221009646527761E-027  0.143437918184151E+003  0.798672435000405E+002  0.623130632600750E+000  0.376869367399250E+000 -0.519295685089021E+001 -0.687236163783237E+002
  0.229205977435298E-027  0.143365088756052E+003  0.523466272564252E+002  0.457665018640512E-001  0.954233498135949E+000 -0.519295685089021E+001 -0.686872016642745E+002
  0.240552625636291E-027  0.143268453117728E+003  0.409090630157916E+002  0.222348977540416E+001 -0.122348977540416E+001 -0.519295685089021E+001 -0.686388838451124E+002
  0.259536438745423E-027  0.143116536660563E+003  0.433381075048199E+002  0.200414170003966E+001 -0.100414170003966E+001 -0.519295685089021E+001 -0.685629256165301E+002
  0.269832656790943E-027  0.143038726929802E+003  0.795068717644652E+002  0.628512003270614E+000  0.371487996729386E+000 -0.519295685089021E+001 -0.685240207511495E+002
  0.270904100445104E-027  0.143030801113463E+003  0.428032623277389E+002  0.204864599292822E+001 -0.104864599292822E+001 -0.519295685089021E+001 -0.685200578429801E+002
  0.101588197629306E-026  0.140387305971525E+003  0.429438824850258E+002  0.201776206425046E+001 -0.101776206425046E+001 -0.519295685089021E+001 -0.671983102720108E+002
  0.148175665745868E-026  0.139632363696918E+003  0.912688491982519E+002  0.449304667389744E+000  0.550695332610256E+000 -0.519295685089021E+001 -0.668208391347076E+002
  0.149481836199664E-026  0.139614810921272E+003  0.545653794369917E+002  0.130512400833247E+001 -0.305124008332471E+000 -0.519295685089021E+001 -0.668120627468845E+002
  0.275364112063715E-026  0.138392972166664E+003  0.654428425580943E+002  0.922781931958822E+000  0.772180680411779E-001 -0.519295685089021E+001 -0.662011433695801E+002
  0.395316059794454E-026  0.137669789505528E+003  0.950549902943680E+002  0.400459491754868E+000  0.599540508245132E+000 -0.519295685089021E+001 -0.658395520390126E+002
  0.399000376884773E-026  0.137651235975261E+003  0.721840760772869E+002  0.757315611064819E+000  0.242684388935181E+000 -0.519295685089021E+001 -0.658302752738789E+002
  0.464128961360117E-026  0.137348835803035E+003  0.668136451434598E+002  0.883181866221323E+000  0.116818133778677E+000 -0.519295685089021E+001 -0.656790751877661E+002
  0.487238795219794E-026  0.137251652013855E+003  0.549755170018252E+002  0.127724717742507E+001 -0.277247177425075E+000 -0.519295685089021E+001 -0.656304832931757E+002
  0.568714025842391E-026  0.136942405264189E+003  0.873891390773425E+002  0.495653096488854E+000  0.504346903511146E+000 -0.519295685089021E+001 -0.654758599183430E+002
  0.140329225205088E-025  0.135136007971173E+003  0.618728602451610E+002  0.101702927215852E+001 -0.170292721585206E-001 -0.519295685089021E+001 -0.645726612718348E+002
  0.197434046993474E-025  0.134453181333603E+003  0.538758346226439E+002  0.131307183865632E+001 -0.313071838656324E+000 -0.519295685089021E+001 -0.642312479530501E+002
  0.223237387968007E-025  0.134207519061606E+003  0.478768408353633E+002  0.162468174247202E+001 -0.624681742472016E+000 -0.519295685089021E+001 -0.641084168170512E+002
  0.262055211038552E-025  0.133886880090767E+003  0.682007013241951E+002  0.838555219271434E+000  0.161444780728566E+000 -0.519295685089021E+001 -0.639480973316320E+002
  0.433472855618147E-025  0.132880332157274E+003  0.909412271855061E+002  0.441990964056145E+000  0.558009035943855E+000 -0.519295685089021E+001 -0.634448233648853E+002
  0.444573573363779E-025  0.132829759390927E+003  0.458566768734423E+002  0.174637123607440E+001 -0.746371236074403E+000 -0.519295685089021E+001 -0.634195369817119E+002
  0.555976042566358E-025  0.132382540103373E+003  0.701627182268166E+002  0.851631840702105E-002  0.991483681592979E+000 -0.519295685089021E+001 -0.631959273379348E+002
  0.581141454145939E-025  0.132294002124384E+003  0.843447018646162E+002  0.530281223939765E+000  0.469718776060235E+000 -0.519295685089021E+001 -0.631516583484405E+002
  0.701379495729427E-025  0.131917892304338E+003  0.621099701350303E+002  0.243606559290448E-001  0.975639344070955E+000 -0.519295685089021E+001 -0.629636034384172E+002
  0.104055716962710E-024  0.131128967334790E+003  0.558254885792690E+002  0.464047482113996E-001  0.953595251788600E+000 -0.519295685089021E+001 -0.625691409536436E+002
  0.118757949393976E-024  0.130864645560332E+003  0.666924786010630E+002  0.867560722180438E+000  0.132439277819562E+000 -0.519295685089021E+001 -0.624369800664143E+002
  0.141305239900840E-024  0.130516975581172E+003  0.717756548634555E+002  0.748184135529621E+000  0.251815864470379E+000 -0.519295685089021E+001 -0.622631450768344E+002
  0.423258988135389E-024  0.128322851812642E+003  0.571796464670398E+002  0.115229552769908E+001 -0.152295527699081E+000 -0.519295685089021E+001 -0.611660831925696E+002
  0.509669577828190E-024  0.127951295067935E+003  0.456695396850828E+002  0.172756455098654E+001 -0.727564550986543E+000 -0.519295685089021E+001 -0.609803048202158E+002
  0.583100728580463E-024  0.127682100430766E+003  0.446222618539716E+002  0.179834310173607E+001 -0.798343101736073E+000 -0.519295685089021E+001 -0.608457075016313E+002
  0.604223005871339E-024  0.127610933636589E+003  0.411067244789663E+002  0.207852242149621E+001 -0.107852242149621E+001 -0.519295685089021E+001 -0.608101241045431E+002
  0.610227996543567E-024  0.127591155021890E+003  0.426245438642256E+002  0.194950239871386E+001 -0.949502398713861E+000 -0.519295685089021E+001 -0.608002347971933E+002
  0.616045985103899E-024  0.127572177102430E+003  0.416670854009859E+002  0.202914866363659E+001 -0.102914866363659E+001 -0.519295685089021E+001 -0.607907458374636E+002
  0.676471854515252E-024  0.127385038641839E+003  0.788945650807028E+002  0.606029166256923E+000  0.393970833743077E+000 -0.519295685089021E+001 -0.606971766071681E+002
  0.743723283212481E-024  0.127195482257243E+003  0.557073642637402E+002  0.522683381777312E-001  0.947731661822269E+000 -0.519295685089021E+001 -0.606023984148700E+002
  0.927768367084705E-024  0.126753256131820E+003  0.679672830863957E+002  0.824139097030904E+000  0.175860902969096E+000 -0.519295685089021E+001 -0.603812853521583E+002
  0.962736445845968E-024  0.126679260938181E+003  0.930652155199363E+002  0.405537750575717E+000  0.594462249424283E+000 -0.519295685089021E+001 -0.603442877553388E+002
  0.135785877053588E-023  0.125991491717055E+003  0.826179063745743E+002  0.543628101725318E+000  0.456371898274682E+000 -0.519295685089021E+001 -0.600004031447757E+002
  0.167854245918538E-023  0.125567458102190E+003  0.867131583932330E+002  0.484029965770420E+000  0.515970034229580E+000 -0.519295685089021E+001 -0.597883863373431E+002
  0.217922313987810E-023  0.125045372857373E+003  0.463365047138919E+002  0.120075830104947E+000  0.879924169895053E+000 -0.519295685089021E+001 -0.595273437149350E+002
  0.225161857102332E-023  0.124980011123253E+003  0.584532086849490E+002  0.109320801568359E+001 -0.932080156835946E-001 -0.519295685089021E+001 -0.594946628478747E+002
  0.339976994827043E-023  0.124155894234127E+003  0.931509662979363E+002  0.533530782054636E-002  0.994664692179454E+000 -0.519295685089021E+001 -0.590826044033119E+002
  0.443721887471049E-023  0.123623254167013E+003  0.651532082801928E+002  0.885583454910417E+000  0.114416545089583E+000 -0.519295685089021E+001 -0.588162843697546E+002
  0.536730798977849E-023  0.123242656813479E+003  0.427135211157020E+002  0.190903252113905E+001 -0.909032521139045E+000 -0.519295685089021E+001 -0.586259856929878E+002
  0.620425828429070E-023  0.122952838015556E+003  0.667913065450817E+002  0.841707329568736E+000  0.158292670431264E+000 -0.519295685089021E+001 -0.584810762940264E+002
  0.639365326438779E-023  0.122892698126468E+003  0.410453377103643E+002  0.193884472667706E+000  0.806115527332294E+000 -0.519295685089021E+001 -0.584510063494826E+002
  0.924803117462752E-023  0.122154488402480E+003  0.566802264642100E+002  0.114561932892963E+001 -0.145619328929634E+000 -0.519295685089021E+001 -0.580819014874882E+002
  0.995343846301012E-023  0.122007473636955E+003  0.722097798136081E+002  0.717324250849971E+000  0.282675749150029E+000 -0.519295685089021E+001 -0.580083941047260E+002
  0.119734350004259E-022  0.121637928876533E+003  0.960113353384728E+002  0.855130811422766E-002  0.991448691885772E+000 -0.519295685089021E+001 -0.578236217245147E+002
  0.152407181672153E-022  0.121155368422284E+003  0.542315470738421E+002  0.685251754996644E-001  0.931474824500336E+000 -0.519295685089021E+001 -0.575823414973902E+002
  0.228918096861971E-022  0.120341751386323E+003  0.945068454142323E+002  0.377914168975281E+000  0.622085831024719E+000 -0.519295685089021E+001 -0.571755329794098E+002
  0.364392387394983E-022  0.119412017405485E+003  0.741739806536453E+002  0.672052624463671E+000  0.327947375536329E+000 -0.519295685089021E+001 -0.567106659889910E+002
  0.417280207068472E-022  0.119140964043170E+003  0.437291269434686E+002  0.180136877901466E+001 -0.801368779014658E+000 -0.519295685089021E+001 -0.565751393078335E+002
  0.622249000400904E-022  0.118341799284595E+003  0.502811092252706E+002  0.140293664999168E+001 -0.402936649991684E+000 -0.519295685089021E+001 -0.561755569285459E+002
  0.752835776304399E-022  0.117960785731320E+003  0.506281176348966E+002  0.138374589046038E+001 -0.383745890460378E+000 -0.519295685089021E+001 -0.559850501519084E+002
  0.806043721300211E-022  0.117824203982585E+003  0.880652779442444E+002  0.451429780275373E+000  0.548570219724627E+000 -0.519295685089021E+001 -0.559167592775407E+002
  0.976968867135078E-022  0.117439570382720E+003  0.689027562706137E+002  0.775774791898014E+000  0.224225208101986E+000 -0.519295685089021E+001 -0.557244424776082E+002
  0.100273027328939E-021  0.117387516290543E+003  0.457709888876271E+002  0.165068598823579E+001 -0.650685988235790E+000 -0.519295685089021E+001 -0.556984154315197E+002
  0.101365648960309E-021  0.117365841236021E+003  0.798743901130155E+002  0.568064578614595E+000  0.431935421385405E+000 -0.519295685089021E+001 -0.556875779042589E+002
  0.133392576721256E-021  0.116816716797914E+003  0.471482886716111E+002  0.156305646580538E+001 -0.563056465805381E+000 -0.519295685089021E+001 -0.554130156852054E+002
  0.195431702955338E-021  0.116052887822460E+003  0.432526993960257E+002  0.181254775372695E+001 -0.812547753726950E+000 -0.519295685089021E+001 -0.550311011974783E+002
  0.267438683114343E-021  0.115425529132130E+003  0.672654417113068E+002  0.807623872811824E+000  0.192376127188176E+000 -0.519295685089021E+001 -0.547174218523132E+002
  0.328545910895836E-021  0.115013956593536E+003  0.879448068909252E+002  0.447606587613495E+000  0.552393412386505E+000 -0.519295685089021E+001 -0.545116355830163E+002
  0.642373222300849E-021  0.113672970812400E+003  0.609252636788188E+002  0.495387728236802E-001  0.950461227176320E+000 -0.519295685089021E+001 -0.538411426924482E+002
  0.979744548173103E-021  0.112828726023134E+003  0.499311709234714E+002  0.138951924007068E+001 -0.389519240070679E+000 -0.519295685089021E+001 -0.534190202978154E+002
  0.132299773640342E-020  0.112227998861934E+003  0.426873012816171E+002  0.182384703862625E+001 -0.823847038626249E+000 -0.519295685089021E+001 -0.531186567172153E+002
  0.177334739633840E-020  0.111642061320442E+003  0.428587182116815E+002  0.180649187083189E+001 -0.806491870831889E+000 -0.519295685089021E+001 -0.528256879464693E+002
  0.181159770203589E-020  0.111599380881828E+003  0.631823638270814E+002  0.447043354919738E-001  0.955295664508026E+000 -0.519295685089021E+001 -0.528043477271623E+002
  0.355127735634329E-020  0.110253184495369E+003  0.486139565113984E+002  0.144119885813030E+001 -0.441198858130297E+000 -0.519295685089021E+001 -0.521312495339329E+002
  0.453560625669079E-020  0.109763881693127E+003  0.491095616428574E+002  0.127179789419683E+000  0.872820210580317E+000 -0.519295685089021E+001 -0.518865981328120E+002
  0.482850370605125E-020  0.109638725954359E+003  0.758958028504137E+002  0.616465451720788E+000  0.383534548279212E+000 -0.519295685089021E+001 -0.518240202634280E+002
  0.611434388425971E-020  0.109166524275746E+003  0.596961492850932E+002  0.990696469505088E+000  0.930353049491162E-002 -0.519295685089021E+001 -0.515879194241213E+002
  0.695021410106595E-020  0.108910254280260E+003  0.699305656708791E+002  0.313349214855685E-001  0.968665078514432E+000 -0.519295685089021E+001 -0.514597844263783E+002
  0.713731053478510E-020  0.108857127151100E+003  0.496043808383198E+002  0.124598502200247E+000  0.875401497799753E+000 -0.519295685089021E+001 -0.514332208617983E+002
  0.828130315146655E-020  0.108559798527369E+003  0.583456774608107E+002  0.103110521829375E+001 -0.311052182937472E-001 -0.519295685089021E+001 -0.512845565499331E+002
  0.103608555082002E-019  0.108111729587415E+003  0.531050854999442E+002  0.122107387866958E+001 -0.221073878669580E+000 -0.519295685089021E+001 -0.510605220799557E+002
  0.140307773330950E-019  0.107505292614988E+003  0.409671547554518E+002  0.191576246867051E+001 -0.915762468670513E+000 -0.519295685089021E+001 -0.507573035937424E+002
  0.165762918150907E-019  0.107171852269088E+003  0.641077899988169E+002  0.859001700587276E+000  0.140998299412724E+000 -0.519295685089021E+001 -0.505905834207923E+002
  0.174557310021951E-019  0.107068463172435E+003  0.517952382284385E+002  0.109791908577704E+000  0.890208091422296E+000 -0.519295685089021E+001 -0.505388888724657E+002
  0.174628137140273E-019  0.107067651831414E+003  0.496771034008529E+002  0.127941995542744E+000  0.872058004457256E+000 -0.519295685089021E+001 -0.505384832019553E+002
  0.422809085385782E-019  0.105299127911513E+003  0.611765124587092E+002  0.931758109875185E+000  0.682418901248153E-001 -0.519295685089021E+001 -0.496542212420046E+002
  0.424423996947978E-019  0.105291503499522E+003  0.529665547568239E+002  0.121233793880673E+001 -0.212337938806735E+000 -0.519295685089021E+001 -0.496504090360093E+002
  0.517537838285043E-019  0.104894804116419E+003  0.692217374665519E+002  0.372033882765709E-001  0.962796611723429E+000 -0.519295685089021E+001 -0.494520593444577E+002
  0.554525025890670E-019  0.104756745520017E+003  0.982532902995255E+002  0.246062722028347E-001  0.975393727797165E+000 -0.519295685089021E+001 -0.493830300462567E+002
  0.108813338580375E-018  0.103408531361975E+003  0.540288747477888E+002  0.116066772501390E+001 -0.160667725013897E+000 -0.519295685089021E+001 -0.487089229672358E+002
  0.174379061736929E-018  0.102465336319443E+003  0.733770157416884E+002  0.643115871029243E+000  0.356884128970757E+000 -0.519295685089021E+001 -0.482373254459699E+002
  0.179405800897043E-018  0.102408498642100E+003  0.849187534086721E+002  0.225897224983221E-001  0.977410277501678E+000 -0.519295685089021E+001 -0.482089066072983E+002
  0.198380698219253E-018  0.102207423404448E+003  0.641933331857418E+002  0.839665412492940E+000  0.160334587507060E+000 -0.519295685089021E+001 -0.481083689884726E+002
  0.232287711981545E-018  0.101891845727918E+003  0.941854957118527E+002  0.347818367534312E+000  0.652181632465688E+000 -0.519295685089021E+001 -0.479505801502073E+002
  0.588768218499223E-018  0.100031734031833E+003  0.416260300370456E+002  0.263003164365898E+000  0.736996835634102E+000 -0.519295685089021E+001 -0.470205243021651E+002
  0.676897888902363E-018  0.997527583448090E+002  0.506732794222038E+002  0.135491235037266E+000  0.864508764962734E+000 -0.519295685089021E+001 -0.468810364586529E+002
  0.690050482149941E-018  0.997142696953794E+002  0.471707071392675E+002  0.144892982285734E+001 -0.448929822857343E+000 -0.519295685089021E+001 -0.468617921339381E+002
  0.957410938095604E-018  0.990593338069121E+002  0.407430894305894E+002  0.185363094748264E+001 -0.853630947482639E+000 -0.519295685089021E+001 -0.465343241897044E+002
  0.981847598241726E-018  0.990089270082074E+002  0.655698300054363E+002  0.795184747534350E+000  0.204815252465650E+000 -0.519295685089021E+001 -0.465091207903520E+002
  0.125793849859409E-017  0.985133401146312E+002  0.400578665468484E+002  0.190179246435319E+001 -0.901792464353187E+000 -0.519295685089021E+001 -0.462613273435640E+002
  0.138178973022582E-017  0.983255295225701E+002  0.915504756341502E+002  0.370752383773884E+000  0.629247616226116E+000 -0.519295685089021E+001 -0.461674220475334E+002
  0.153146569892428E-017  0.981198381523295E+002  0.489637980974594E+002  0.134815126741599E+001 -0.348151267415991E+000 -0.519295685089021E+001 -0.460645763624131E+002
  0.162391066363220E-017  0.980026141920222E+002  0.465262790067840E+002  0.147147982272551E+001 -0.471479822725514E+000 -0.519295685089021E+001 -0.460059643822595E+002
  0.166366083878223E-017  0.979542476547634E+002  0.545152044505456E+002  0.111517694762309E+001 -0.115176947623094E+000 -0.519295685089021E+001 -0.459817811136301E+002
  0.174707164256646E-017  0.978564065738746E+002  0.840021902718644E+002  0.464319211914851E+000  0.535680788085149E+000 -0.519295685089021E+001 -0.459328605731857E+002
  0.221321476585226E-017  0.973833964448370E+002  0.409815707570882E+002  0.181928501245341E+001 -0.819285012453409E+000 -0.519295685089021E+001 -0.456963555086669E+002
  0.286587771260028E-017  0.968665393319625E+002  0.743408118453236E+002  0.610656362531992E+000  0.389343637468008E+000 -0.519295685089021E+001 -0.454379269522296E+002
  0.306460504419584E-017  0.967324512500850E+002  0.617559741478883E+002  0.882886580719286E+000  0.117113419280714E+000 -0.519295685089021E+001 -0.453708829112909E+002
  0.372980887760242E-017  0.963395746661290E+002  0.535843118626553E+002  0.114150384441235E+001 -0.141503844412350E+000 -0.519295685089021E+001 -0.451744446193129E+002
  0.461011823164436E-017  0.959157816454032E+002  0.953200521596324E+002  0.310739520498281E-001  0.968926047950172E+000 -0.519295685089021E+001 -0.449625481089499E+002
  0.560499545374009E-017  0.955249721614858E+002  0.790768976666473E+002  0.529757436014468E+000  0.470242563985532E+000 -0.519295685089021E+001 -0.447671433669913E+002
  0.605011373484508E-017  0.953721345102896E+002  0.442813424983473E+002  0.157986737050937E+001 -0.579867370509372E+000 -0.519295685089021E+001 -0.446907245413932E+002
  0.606754125099267E-017  0.953663817377660E+002  0.663766386881491E+002  0.562614201808951E-001  0.943738579819105E+000 -0.519295685089021E+001 -0.446878481551314E+002
  0.742682710415817E-017  0.949620911942147E+002  0.878552923742830E+002  0.408057442762100E+000  0.591942557237900E+000 -0.519295685089021E+001 -0.444857028833557E+002
  0.762965219250868E-017  0.949082041322147E+002  0.949147945148975E+002  0.325945250852750E+000  0.674054749147250E+000 -0.519295685089021E+001 -0.444587593523557E+002
  0.962327179942293E-017  0.944439200308265E+002  0.464352676658517E+002  0.145055476998806E+001 -0.450554769988062E+000 -0.519295685089021E+001 -0.442266173016616E+002
  0.107685553743651E-016  0.942190279564305E+002  0.406493581869464E+002  0.181263391476648E+001 -0.812633914766478E+000 -0.519295685089021E+001 -0.441141712644636E+002
  0.170929806364234E-016  0.932949528720439E+002  0.415894966898116E+002  0.173592057288965E+001 -0.735920572889647E+000 -0.519295685089021E+001 -0.436521337222703E+002
  0.210196646272317E-016  0.928813718315478E+002  0.530763811003323E+002  0.114223174800056E+001 -0.142231748000558E+000 -0.519295685089021E+001 -0.434453432020223E+002
  0.251988961287318E-016  0.925186882740325E+002  0.991604904673932E+002  0.388228068998904E-001  0.961177193100110E+000 -0.519295685089021E+001 -0.432640014232646E+002
  0.292267947443576E-016  0.922221168188331E+002  0.944481187187404E+002  0.344431431039592E-001  0.965556856896041E+000 -0.519295685089021E+001 -0.431157156956649E+002
  0.347146115535661E-016  0.918779672912018E+002  0.418487940871892E+002  0.170450031728156E+001 -0.704500317281564E+000 -0.519295685089021E+001 -0.429436409318493E+002
  0.421293002853069E-016  0.914908017175445E+002  0.431136537215335E+002  0.161852628677933E+001 -0.618526286779332E+000 -0.519295685089021E+001 -0.427500581450206E+002
  0.490641729451640E-016  0.911860304659042E+002  0.949819748935882E+002  0.317545996378555E+000  0.682454003621445E+000 -0.519295685089021E+001 -0.425976725192005E+002
  0.692582760102791E-016  0.904966033581166E+002  0.885398333425267E+002  0.389996357438378E+000  0.610003642561622E+000 -0.519295685089021E+001 -0.422529589653067E+002
  0.994187436359056E-016  0.897736073250146E+002  0.422243453756654E+002  0.165946060973472E+001 -0.659460609734721E+000 -0.519295685089021E+001 -0.418914609487556E+002
  0.102502589327433E-015  0.897125125323367E+002  0.543249379751175E+002  0.107966294887644E+001 -0.796629488764438E-001 -0.519295685089021E+001 -0.418609135524167E+002
  0.110262472034213E-015  0.895665613864062E+002  0.904726541001082E+002  0.354638073974501E-001  0.964536192602550E+000 -0.519295685089021E+001 -0.417879379794515E+002
  0.163179141261593E-015  0.887825914053888E+002  0.986699463684791E+002  0.272841718845208E+000  0.727158281154792E+000 -0.519295685089021E+001 -0.413959529889428E+002
  0.230156853843740E-015  0.880947665528800E+002  0.812072967128243E+002  0.392820272009586E-001  0.960717972799041E+000 -0.519295685089021E+001 -0.410520405626884E+002
  0.232897584450463E-015  0.880710910418780E+002  0.733973265511050E+002  0.602529343846831E+000  0.397470656153169E+000 -0.519295685089021E+001 -0.410402028071874E+002
  0.338222688621847E-015  0.873248796110809E+002  0.551450394342470E+002  0.103909407979854E+001 -0.390940797985417E-001 -0.519295685089021E+001 -0.406670970917888E+002
  0.473220912432724E-015  0.866531640027725E+002  0.445536663211521E+002  0.149127072156224E+001 -0.491270721562237E+000 -0.519295685089021E+001 -0.403312392876346E+002
  0.478593519189189E-015  0.866305853839210E+002  0.454336687749569E+002  0.144336077217626E+001 -0.443360772176256E+000 -0.519295685089021E+001 -0.403199499782089E+002
  0.652366603594314E-015  0.860110752935967E+002  0.420380210991926E+002  0.163487323608457E+001 -0.634873236084565E+000 -0.519295685089021E+001 -0.400101949330467E+002
  0.658301676581203E-015  0.859929620497072E+002  0.476053088494618E+002  0.133002288645171E+001 -0.330022886451711E+000 -0.519295685089021E+001 -0.400011383111020E+002
  0.702996788249338E-015  0.858615840059879E+002  0.494216459451801E+002  0.124741719554404E+001 -0.247417195544037E+000 -0.519295685089021E+001 -0.399354492892423E+002
  0.749982295552136E-015  0.857321894516751E+002  0.420148745135398E+002  0.316827536848846E+000  0.683172463151154E+000 -0.519295685089021E+001 -0.398707520120859E+002
  0.767889154297875E-015  0.856849978675381E+002  0.561127697360146E+002  0.122269807840999E+000  0.877730192159001E+000 -0.519295685089021E+001 -0.398471562200174E+002
  0.880095696053915E-015  0.854122273581662E+002  0.892459543424470E+002  0.370230193321174E+000  0.629769806678826E+000 -0.519295685089021E+001 -0.397107709653315E+002
  0.115920008941146E-014  0.848613177160406E+002  0.517938945634861E+002  0.114499626225602E+001 -0.144996262256023E+000 -0.519295685089021E+001 -0.394353161442686E+002
  0.116622556106035E-014  0.848492330587267E+002  0.444392302229967E+002  0.148202645812309E+001 -0.482026458123094E+000 -0.519295685089021E+001 -0.394292738156117E+002
  0.119381617345512E-014  0.848024680052788E+002  0.541660879170658E+002  0.105884080613469E+001 -0.588408061346919E-001 -0.519295685089021E+001 -0.394058912888878E+002
  0.156404836832851E-014  0.842622229589810E+002  0.738574144698587E+002  0.583535020464484E+000  0.416464979535516E+000 -0.519295685089021E+001 -0.391357687657388E+002
  0.198538565049631E-014  0.837851517390839E+002  0.426084071514733E+002  0.157764330302359E+001 -0.577643303023593E+000 -0.519295685089021E+001 -0.388972331557903E+002
  0.227082587236854E-014  0.835164909228465E+002  0.853043378743392E+002  0.414209173998089E+000  0.585790826001911E+000 -0.519295685089021E+001 -0.387629027476716E+002
  0.245539248167279E-014  0.833602048567458E+002  0.766832677883943E+002  0.535015724897764E+000  0.464984275102236E+000 -0.519295685089021E+001 -0.386847597146213E+002
  0.248734873174399E-014  0.833343433406687E+002  0.405806946443833E+002  0.170221205137434E+001 -0.702212051374335E+000 -0.519295685089021E+001 -0.386718289565827E+002
  0.316794490866629E-014  0.828506119266337E+002  0.707297314183286E+002  0.619476885842307E-001  0.938052311415769E+000 -0.519295685089021E+001 -0.384299632495652E+002
  0.326265346812420E-014  0.827916964711922E+002  0.740380848441923E+002  0.549307608373016E-001  0.945069239162698E+000 -0.519295685089021E+001 -0.384005055218445E+002
  0.481254644708820E-014  0.820143253925326E+002  0.619535399356465E+002  0.818930737561637E+000  0.181069262438363E+000 -0.519295685089021E+001 -0.380118199825147E+002
  0.488636707089687E-014  0.819838799001726E+002  0.491616372668621E+002  0.123200641632091E+001 -0.232006416320913E+000 -0.519295685089021E+001 -0.379965972363346E+002
  0.568641778469898E-014  0.816806171212368E+002  0.896807299593958E+002  0.445399621781887E-001  0.955460037821811E+000 -0.519295685089021E+001 -0.378449658468668E+002
  0.759097672336773E-014  0.811028575569854E+002  0.510524509705877E+002  0.180847641246888E+000  0.819152358753112E+000 -0.519295685089021E+001 -0.375560860647411E+002
  0.785304820778750E-014  0.810349745680587E+002  0.498277550683908E+002  0.119788962436169E+001 -0.197889624361687E+000 -0.519295685089021E+001 -0.375221445702777E+002
  0.837164924238997E-014  0.809070762799679E+002  0.592747723041633E+002  0.111347815002847E+000  0.888652184997153E+000 -0.519295685089021E+001 -0.374581954262323E+002
  0.104894109395684E-013  0.804560455616382E+002  0.459781918218837E+002  0.136491286204474E+001 -0.364912862044736E+000 -0.519295685089021E+001 -0.372326800670675E+002
  0.118352134381707E-013  0.802146195397698E+002  0.819905005652749E+002  0.449554657932051E+000  0.550445342067949E+000 -0.519295685089021E+001 -0.371119670561332E+002
  0.126857021854017E-013  0.800758270001755E+002  0.488169325833067E+002  0.123306784978494E+001 -0.233067849784937E+000 -0.519295685089021E+001 -0.370425707863361E+002
  0.141000096293758E-013  0.798644271337166E+002  0.484256314120276E+002  0.124821248247132E+001 -0.248212482471319E+000 -0.519295685089021E+001 -0.369368708531067E+002
  0.142224375148753E-013  0.798471364458863E+002  0.453011977903228E+002  0.139325587766674E+001 -0.393255877666744E+000 -0.519295685089021E+001 -0.369282255091915E+002
  0.165537465348084E-013  0.795435531884947E+002  0.891924342875044E+002  0.357270469860873E+000  0.642729530139127E+000 -0.519295685089021E+001 -0.367764338804957E+002
  0.174133198234186E-013  0.794423072534285E+002  0.577144975664940E+002  0.919990665288045E+000  0.800093347119551E-001 -0.519295685089021E+001 -0.367258109129626E+002
  0.192244862664116E-013  0.792444085086105E+002  0.406504012658348E+002  0.165134241131025E+001 -0.651342411310249E+000 -0.519295685089021E+001 -0.366268615405536E+002
  0.263197807917404E-013  0.786161365386710E+002  0.472847112471575E+002  0.128887913057340E+001 -0.288879130573400E+000 -0.519295685089021E+001 -0.363127255555839E+002
  0.272241110761793E-013  0.785485720598068E+002  0.401140429139934E+002  0.167793809874286E+001 -0.677938098742855E+000 -0.519295685089021E+001 -0.362789433161517E+002
  0.274892383844920E-013  0.785291889011346E+002  0.677708124147468E+002  0.770091359880776E-001  0.922990864011922E+000 -0.519295685089021E+001 -0.362692517368156E+002
  0.319060552019320E-013  0.782311864743133E+002  0.682469189630455E+002  0.666336164625437E+000  0.333663835374563E+000 -0.519295685089021E+001 -0.361202505234050E+002
  0.342215005143991E-013  0.780910698612533E+002  0.667414127195222E+002  0.695959677193110E+000  0.304040322806890E+000 -0.519295685089021E+001 -0.360501922168750E+002
  0.391624182014153E-013  0.778213429591945E+002  0.566319310608225E+002  0.136427742429951E+000  0.863572257570049E+000 -0.519295685089021E+001 -0.359153287658456E+002
  0.467752638338377E-013  0.774660690690883E+002  0.426951365679615E+002  0.150921744051440E+001 -0.509217440514399E+000 -0.519295685089021E+001 -0.357376918207925E+002
  0.590462768451443E-013  0.770001351148154E+002  0.437501224774037E+002  0.318396678795722E+000  0.681603321204278E+000 -0.519295685089021E+001 -0.355047248436561E+002
  0.605892431316901E-013  0.769485433518703E+002  0.460687342432939E+002  0.133110012368129E+001 -0.331100123681295E+000 -0.519295685089021E+001 -0.354789289621835E+002
  0.775430258860683E-013  0.764551121842905E+002  0.587490660704661E+002  0.876776972700686E+000  0.123223027299314E+000 -0.519295685089021E+001 -0.352322133783936E+002
  0.777617214786429E-013  0.764494794978250E+002  0.512621884303633E+002  0.111190441450066E+001 -0.111904414500657E+000 -0.519295685089021E+001 -0.352293970351608E+002
  0.803719808037440E-013  0.763834468583939E+002  0.458485819983409E+002  0.276534828101293E+000  0.723465171898707E+000 -0.519295685089021E+001 -0.351963807154453E+002
  0.118208067414507E-012  0.756118853845919E+002  0.498701846903912E+002  0.213484820236598E+000  0.786515179763402E+000 -0.519295685089021E+001 -0.348105999785443E+002
  0.120288245435437E-012  0.755769962787972E+002  0.456630627284188E+002  0.133832426371929E+001 -0.338324263719295E+000 -0.519295685089021E+001 -0.347931554256470E+002
  0.125413298329698E-012  0.754935487546284E+002  0.452156371871590E+002  0.293287763931297E+000  0.706712236068703E+000 -0.519295685089021E+001 -0.347514316635625E+002
  0.192038455560268E-012  0.746413868116554E+002  0.419708058720486E+002  0.377509819073433E+000  0.622490180926567E+000 -0.519295685089021E+001 -0.343253506920761E+002
  0.205881274597085E-012  0.745021787628808E+002  0.408699839577117E+002  0.158202483844930E+001 -0.582024838449305E+000 -0.519295685089021E+001 -0.342557466676887E+002
  0.231050151282038E-012  0.742715085102034E+002  0.693609779046504E+002  0.631324497019665E+000  0.368675502980335E+000 -0.519295685089021E+001 -0.341404115413501E+002
  0.288423334226539E-012  0.738279194715857E+002  0.887029401098110E+002  0.349051998729683E+000  0.650948001270317E+000 -0.519295685089021E+001 -0.339186170220412E+002
  0.355241354494703E-012  0.734111832337866E+002  0.699342602617476E+002  0.617844807722739E+000  0.382155192277261E+000 -0.519295685089021E+001 -0.337102489031417E+002
  0.365982375265020E-012  0.733516077398968E+002  0.925940353437076E+002  0.303154376280547E+000  0.696845623719453E+000 -0.519295685089021E+001 -0.336804611561967E+002
  0.410333280737843E-012  0.731228386756756E+002  0.877315486629093E+002  0.556640524006087E-001  0.944335947599391E+000 -0.519295685089021E+001 -0.335660766240862E+002
  0.608982731596913E-012  0.723331982704209E+002  0.501303393560060E+002  0.112539293984022E+001 -0.125392939840223E+000 -0.519295685089021E+001 -0.331712564214588E+002
  0.775585772371528E-012  0.718495409360097E+002  0.960028107449823E+002  0.261131268498211E+000  0.738868731501789E+000 -0.519295685089021E+001 -0.329294277542532E+002
  0.106703493953289E-011  0.712115001016639E+002  0.636531888954636E+002  0.734323875505248E+000  0.265676124494752E+000 -0.519295685089021E+001 -0.326104073370803E+002
  0.112212544264822E-011  0.711108183292534E+002  0.903272310433844E+002  0.593438758759479E-001  0.940656124124052E+000 -0.519295685089021E+001 -0.325600664508751E+002
  0.153702988216548E-011  0.704815637238994E+002  0.402846047455307E+002  0.460470217401705E+000  0.539529782598295E+000 -0.519295685089021E+001 -0.322454391481981E+002
  0.155408362509477E-011  0.704594954097892E+002  0.922758744629253E+002  0.617114917552922E-001  0.938288508244708E+000 -0.519295685089021E+001 -0.322344049911430E+002
  0.165591549277406E-011  0.703325594889342E+002  0.955268544065190E+002  0.262354910440247E+000  0.737645089559753E+000 -0.519295685089021E+001 -0.321709370307155E+002
  0.181205472965052E-011  0.701523447140569E+002  0.670507579430705E+002  0.942283085151346E-001  0.905771691484865E+000 -0.519295685089021E+001 -0.320808296432768E+002
  0.204201290505353E-011  0.699133954573225E+002  0.964547176484596E+002  0.684612474372470E-001  0.931538752562753E+000 -0.519295685089021E+001 -0.319613550149096E+002
  0.214041542245040E-011  0.698192676707195E+002  0.502610326226950E+002  0.228872873980274E+000  0.771127126019726E+000 -0.519295685089021E+001 -0.319142911216081E+002
  0.248659392192997E-011  0.695194397939808E+002  0.441719656043332E+002  0.135129523299317E+001 -0.351295232993171E+000 -0.519295685089021E+001 -0.317643771832388E+002
  0.287540010539273E-011  0.692288838730698E+002  0.673738327945614E+002  0.650338409537545E+000  0.349661590462455E+000 -0.519295685089021E+001 -0.316190992227833E+002
  0.343348107706923E-011  0.688741182607936E+002  0.929012492598100E+002  0.649578843380886E-001  0.935042115661911E+000 -0.519295685089021E+001 -0.314417164166452E+002
  0.349009232893409E-011  0.688414111540963E+002  0.442208551978687E+002  0.134200979237039E+001 -0.342009792370394E+000 -0.519295685089021E+001 -0.314253628632965E+002
  0.478918626263186E-011  0.682085465074874E+002  0.909544118376941E+002  0.308359727791068E+000  0.691640272208932E+000 -0.519295685089021E+001 -0.311089305399921E+002
  0.658317595025994E-011  0.675722329441818E+002  0.907785750978162E+002  0.652684382519074E-001  0.934731561748093E+000 -0.519295685089021E+001 -0.307907737583393E+002
  0.702594656901799E-011  0.674420476382620E+002  0.416630680459133E+002  0.145165981590708E+001 -0.451659815907080E+000 -0.519295685089021E+001 -0.307256811053794E+002
  0.105488710246251E-010  0.666292298517650E+002  0.788538059414760E+002  0.455013973349539E+000  0.544986026650461E+000 -0.519295685089021E+001 -0.303192722121309E+002
  0.115225912973694E-010  0.664526483984280E+002  0.402677147279564E+002  0.151203094034636E+001 -0.512030940346360E+000 -0.519295685089021E+001 -0.302309814854624E+002
  0.146168430564185E-010  0.659769185408067E+002  0.888598548169672E+002  0.669133853009110E-001  0.933086614699089E+000 -0.519295685089021E+001 -0.299931165566517E+002
  0.161246686987677E-010  0.657805669030732E+002  0.992593164387978E+002  0.203968116713091E+000  0.796031883286909E+000 -0.519295685089021E+001 -0.298949407377850E+002
  0.178806312823138E-010  0.655738313849106E+002  0.505643440975578E+002  0.106034768251812E+001 -0.603476825181224E-001 -0.519295685089021E+001 -0.297915729787037E+002
  0.179513893499872E-010  0.655659325102841E+002  0.408672458582912E+002  0.477551128505865E+000  0.522448871494135E+000 -0.519295685089021E+001 -0.297876235413904E+002
  0.183300628196950E-010  0.655241825583937E+002  0.469389583346714E+002  0.119293515199497E+001 -0.192935151994969E+000 -0.519295685089021E+001 -0.297667485654452E+002
  0.200941834353154E-010  0.653404067526719E+002  0.481821100855151E+002  0.114348144784874E+001 -0.143481447848739E+000 -0.519295685089021E+001 -0.296748606625843E+002
  0.223114793972054E-010  0.651310649020051E+002  0.961638220537747E+002  0.239817174040135E+000  0.760182825959865E+000 -0.519295685089021E+001 -0.295701897372509E+002
  0.243203085614037E-010  0.649586440472386E+002  0.650876421318779E+002  0.677945027046661E+000  0.322054972953339E+000 -0.519295685089021E+001 -0.294839793098677E+002
  0.243377194826769E-010  0.649572127584901E+002  0.671501083258093E+002  0.637935361550393E+000  0.362064638449607E+000 -0.519295685089021E+001 -0.294832636654934E+002
  0.352241660090852E-010  0.642178027735967E+002  0.407799558655455E+002  0.145387669860017E+001 -0.453876698600167E+000 -0.519295685089021E+001 -0.291135586730467E+002
  0.389565469885608E-010  0.640163738460102E+002  0.549477036205611E+002  0.914007868599665E+000  0.859921314003349E-001 -0.519295685089021E+001 -0.290128442092535E+002
  0.451135067294412E-010  0.637229041649984E+002  0.425876059085257E+002  0.136021850704080E+001 -0.360218507040802E+000 -0.519295685089021E+001 -0.288661093687475E+002
  0.476581271908847E-010  0.636131611849871E+002  0.997790514860311E+002  0.960277385378424E-001  0.903972261462158E+000 -0.519295685089021E+001 -0.288112378787419E+002
  0.538500260280913E-010  0.633688617624958E+002  0.925124137784461E+002  0.745647814619216E-001  0.925435218538078E+000 -0.519295685089021E+001 -0.286890881674963E+002
  0.549304686001058E-010  0.633291311800340E+002  0.754767428703864E+002  0.820143014943387E-001  0.917985698505661E+000 -0.519295685089021E+001 -0.286692228762654E+002
  0.584981704618350E-010  0.632032765772048E+002  0.444865273875336E+002  0.127015936002065E+001 -0.270159360020648E+000 -0.519295685089021E+001 -0.286062955748508E+002
  0.685893810131076E-010  0.628849920823441E+002  0.536922619180794E+002  0.208641145770104E+000  0.791358854229896E+000 -0.519295685089021E+001 -0.284471533274204E+002
  0.766428682719424E-010  0.626629544199440E+002  0.438702768762188E+002  0.129036185094187E+001 -0.290361850941871E+000 -0.519295685089021E+001 -0.283361344962204E+002
  0.823406450665944E-010  0.625195378354017E+002  0.463497991957768E+002  0.334670785431815E+000  0.665329214568185E+000 -0.519295685089021E+001 -0.282644262039492E+002
  0.877493931005629E-010  0.623922976442107E+002  0.420558372902555E+002  0.459684203021806E+000  0.540315796978194E+000 -0.519295685089021E+001 -0.282008061083537E+002
  0.101143851343043E-009  0.621081799878831E+002  0.652849074068250E+002  0.118498832294736E+000  0.881501167705264E+000 -0.519295685089021E+001 -0.280587472801899E+002
  0.106623888611134E-009  0.620026523715584E+002  0.450526585471340E+002  0.369988196252041E+000  0.630011803747959E+000 -0.519295685089021E+001 -0.280059834720276E+002
  0.119122608886760E-009  0.617809609574516E+002  0.524038297795726E+002  0.229375447444298E+000  0.770624552555702E+000 -0.519295685089021E+001 -0.278951377649742E+002
  0.119955818523666E-009  0.617670205443529E+002  0.423507599483175E+002  0.134605733013796E+001 -0.346057330137955E+000 -0.519295685089021E+001 -0.278881675584248E+002
  0.126953109775248E-009  0.616536319285609E+002  0.984684984713399E+002  0.953484833332403E-001  0.904651516666760E+000 -0.519295685089021E+001 -0.278314732505288E+002
  0.154279696253578E-009  0.612637332073123E+002  0.742386914901044E+002  0.504829759549367E+000  0.495170240450633E+000 -0.519295685089021E+001 -0.276365238899045E+002
  0.169524270124977E-009  0.610752753300924E+002  0.788824881260264E+002  0.437461926634764E+000  0.562538073365236E+000 -0.519295685089021E+001 -0.275422949512945E+002
  0.237569453645142E-009  0.604003475021408E+002  0.414651516034709E+002  0.136691671340276E+001 -0.366916713402759E+000 -0.519295685089021E+001 -0.272048310373188E+002
  0.278196714597252E-009  0.600846105965487E+002  0.590617030431136E+002  0.785336896406514E+000  0.214663103593486E+000 -0.519295685089021E+001 -0.270469625845227E+002
  0.281934025901773E-009  0.600579213506601E+002  0.611201123556113E+002  0.738494634606714E+000  0.261505365393286E+000 -0.519295685089021E+001 -0.270336179615784E+002
  0.291821496299267E-009  0.599889829337969E+002  0.472568152159800E+002  0.328346630561442E+000  0.671653369438558E+000 -0.519295685089021E+001 -0.269991487531468E+002
  0.304314302871721E-009  0.599051454197202E+002  0.533735845687164E+002  0.223671250514008E+000  0.776328749485992E+000 -0.519295685089021E+001 -0.269572299961085E+002
  0.315060610803710E-009  0.598357374652569E+002  0.479833742520218E+002  0.110170199071843E+001 -0.101701990718427E+000 -0.519295685089021E+001 -0.269225260188768E+002
  0.331210301535427E-009  0.597357604849947E+002  0.996035266941686E+002  0.169020620969839E+000  0.830979379030161E+000 -0.519295685089021E+001 -0.268725375287457E+002
  0.464714696522154E-009  0.590584202135518E+002  0.402999408116848E+002  0.139813642953311E+001 -0.398136429533114E+000 -0.519295685089021E+001 -0.265338673930243E+002
  0.583902265817253E-009  0.586018003048480E+002  0.533432290964840E+002  0.229163704030826E+000  0.770836295969174E+000 -0.519295685089021E+001 -0.263055574386724E+002
  0.635338270717643E-009  0.584329524026995E+002  0.404950121106876E+002  0.137927748827324E+001 -0.379277488273241E+000 -0.519295685089021E+001 -0.262211334875981E+002
  0.720747166653227E-009  0.581806907255853E+002  0.527887124786728E+002  0.936104905572878E+000  0.638950944271223E-001 -0.519295685089021E+001 -0.260950026490410E+002
  0.722576659198657E-009  0.581756205022786E+002  0.448845575690915E+002  0.119736429648035E+001 -0.197364296480348E+000 -0.519295685089021E+001 -0.260924675373877E+002
  0.868106759863701E-009  0.578086381317256E+002  0.976098426844336E+002  0.192688480177233E+000  0.807311519822767E+000 -0.519295685089021E+001 -0.259089763521111E+002
  0.871530031668276E-009  0.578007668881651E+002  0.916147786634008E+002  0.269887250269178E+000  0.730112749730822E+000 -0.519295685089021E+001 -0.259050407303309E+002
  0.134204907678083E-008  0.569373617629003E+002  0.784538567539686E+002  0.429791034143935E+000  0.570208965856065E+000 -0.519295685089021E+001 -0.254733381676985E+002
  0.134791802089296E-008  0.569286345878658E+002  0.541492542269902E+002  0.889432642439398E+000  0.110567357560602E+000 -0.519295685089021E+001 -0.254689745801813E+002
  0.142669027275248E-008  0.568150424442037E+002  0.969280992592745E+002  0.104664458987381E+000  0.895335541012619E+000 -0.519295685089021E+001 -0.254121785083502E+002
  0.147067081677706E-008  0.567543197091373E+002  0.909148077572595E+002  0.274713708073991E+000  0.725286291926009E+000 -0.519295685089021E+001 -0.253818171408170E+002
  0.162962377461168E-008  0.565490586283136E+002  0.421998782788170E+002  0.506233836915305E+000  0.493766163084695E+000 -0.519295685089021E+001 -0.252791866004052E+002
  0.165084977726896E-008  0.565231766346975E+002  0.934090036484327E+002  0.243818531049602E+000  0.756181468950398E+000 -0.519295685089021E+001 -0.252662456035971E+002
  0.177959313830660E-008  0.563729874500409E+002  0.409704657945163E+002  0.132534966934793E+001 -0.325349669347927E+000 -0.519295685089021E+001 -0.251911510112688E+002
  0.179725328327511E-008  0.563532378869989E+002  0.479909226182238E+002  0.106822394788461E+001 -0.682239478846063E-001 -0.519295685089021E+001 -0.251812762297478E+002
  0.201646128622890E-008  0.561230687051266E+002  0.501942994447934E+002  0.996367550146540E+000  0.363244985346012E-002 -0.519295685089021E+001 -0.250661916388117E+002
  0.218111305099940E-008  0.559660863377138E+002  0.626045802540402E+002  0.686664415381952E+000  0.313335584618048E+000 -0.519295685089021E+001 -0.249877004551053E+002
  0.221191031292949E-008  0.559380439041324E+002  0.480814888087128E+002  0.106118401280645E+001 -0.611840128064494E-001 -0.519295685089021E+001 -0.249736792383146E+002
  0.249239028933996E-008  0.556992725672804E+002  0.943784602755745E+002  0.228423837328773E+000  0.771576162671227E+000 -0.519295685089021E+001 -0.248542935698886E+002
  0.326361296232472E-008  0.551600872737211E+002  0.475120755365899E+002  0.107191375421511E+001 -0.719137542151060E-001 -0.519295685089021E+001 -0.245847009231089E+002
  0.391707086940671E-008  0.547950686838311E+002  0.408262847848272E+002  0.587242406961464E+000  0.412757593038536E+000 -0.519295685089021E+001 -0.244021916281639E+002
  0.406957281506221E-008  0.547186809094213E+002  0.950517815240740E+002  0.215256459767956E+000  0.784743540232044E+000 -0.519295685089021E+001 -0.243639977409590E+002
  0.434636119724095E-008  0.545870790011197E+002  0.909844570120531E+002  0.266410735132847E+000  0.733589264867153E+000 -0.519295685089021E+001 -0.242981967868082E+002
  0.450849747341745E-008  0.545138290913179E+002  0.554774445761566E+002  0.838460405204396E+000  0.161539594795604E+000 -0.519295685089021E+001 -0.242615718319073E+002
  0.537649655817994E-008  0.541616830490482E+002  0.461650007043178E+002  0.110539603868170E+001 -0.105396038681703E+000 -0.519295685089021E+001 -0.240854988107725E+002
  0.562631076055048E-008  0.540708490883398E+002  0.938166432207364E+002  0.100149688875403E+000  0.899850311124597E+000 -0.519295685089021E+001 -0.240400818304183E+002
  0.581570348488650E-008  0.540046334658689E+002  0.560119099240137E+002  0.821867527955122E+000  0.178132472044878E+000 -0.519295685089021E+001 -0.240069740191828E+002
  0.707439822193202E-008  0.536127922125427E+002  0.824423204617174E+002  0.366720462832525E+000  0.633279537167475E+000 -0.519295685089021E+001 -0.238110533925197E+002
  0.111365817705562E-007  0.527052862893153E+002  0.514646264743445E+002  0.284424389292329E+000  0.715575610707671E+000 -0.519295685089021E+001 -0.233573004309060E+002
  0.148587207287365E-007  0.521285830837394E+002  0.404524603375267E+002  0.644211962408572E+000  0.355788037591428E+000 -0.519295685089021E+001 -0.230689488281181E+002
  0.178289592913139E-007  0.517641088548945E+002  0.560608601444851E+002  0.222094737872056E+000  0.777905262127944E+000 -0.519295685089021E+001 -0.228867117136956E+002
  0.183479102302816E-007  0.517067256102108E+002  0.647161609251669E+002  0.624905668454103E+000  0.375094331545897E+000 -0.519295685089021E+001 -0.228580200913538E+002
  0.189791958586876E-007  0.516390701295056E+002  0.675940978878647E+002  0.573826347257431E+000  0.426173652742569E+000 -0.519295685089021E+001 -0.228241923510012E+002
  0.193971593376722E-007  0.515955037195152E+002  0.741478230763415E+002  0.470996696586170E+000  0.529003303413830E+000 -0.519295685089021E+001 -0.228024091460060E+002
  0.231357315951989E-007  0.512430004889580E+002  0.810433350367591E+002  0.969710506729388E-001  0.903028949327061E+000 -0.519295685089021E+001 -0.226261575307274E+002
  0.247828714786633E-007  0.511054514816883E+002  0.731149795058307E+002  0.112640864935324E+000  0.887359135064676E+000 -0.519295685089021E+001 -0.225573830270925E+002
  0.254008430668909E-007  0.510561922482577E+002  0.401983036758223E+002  0.677152773898288E+000  0.322847226101712E+000 -0.519295685089021E+001 -0.225327534103772E+002
  0.263893856495631E-007  0.509798332372721E+002  0.748106749252819E+002  0.108292021438967E+000  0.891707978561033E+000 -0.519295685089021E+001 -0.224945739048844E+002
  0.272756017293256E-007  0.509137717923329E+002  0.874321748890990E+002  0.967083432277430E-001  0.903291656772257E+000 -0.519295685089021E+001 -0.224615431824148E+002
  0.273411227753731E-007  0.509089731832567E+002  0.759850029758332E+002  0.442296981357023E+000  0.557703018642977E+000 -0.519295685089021E+001 -0.224591438778767E+002
  0.280356852858323E-007  0.508588006319928E+002  0.528425155695250E+002  0.270731494757662E+000  0.729268505242338E+000 -0.519295685089021E+001 -0.224340576022448E+002
  0.450504524052248E-007  0.499101909258342E+002  0.430718056550858E+002  0.114466962346547E+001 -0.144669623465471E+000 -0.519295685089021E+001 -0.219597527491655E+002
  0.498705797205616E-007  0.497068944901732E+002  0.918956490900774E+002  0.235565099110951E+000  0.764434900889049E+000 -0.519295685089021E+001 -0.218581045313350E+002
  0.537928930691266E-007  0.495554742597147E+002  0.738378648112657E+002  0.114214543251237E+000  0.885785456748763E+000 -0.519295685089021E+001 -0.217823944161057E+002
  0.628660384194507E-007  0.492437448021180E+002  0.635951088002832E+002  0.162149750891171E+000  0.837850249108829E+000 -0.519295685089021E+001 -0.216265296873074E+002
  0.636059364332447E-007  0.492203433661537E+002  0.475903362078061E+002  0.390899949689588E+000  0.609100050310412E+000 -0.519295685089021E+001 -0.216148289693252E+002
  0.761641141118600E-007  0.488599761617247E+002  0.555686833681646E+002  0.796470058592408E+000  0.203529941407592E+000 -0.519295685089021E+001 -0.214346453671107E+002
  0.840126728660161E-007  0.486638216685917E+002  0.459007363340803E+002  0.104484977933284E+001 -0.448497793328413E-001 -0.519295685089021E+001 -0.213365681205442E+002
  0.896535429539405E-007  0.485338515401979E+002  0.873806824896884E+002  0.287931712306090E+000  0.712068287693910E+000 -0.519295685089021E+001 -0.212715830563473E+002
  0.115013772437480E-006  0.480356532153878E+002  0.407861582278316E+002  0.116147255846175E+001 -0.161472558461752E+000 -0.519295685089021E+001 -0.210224838939423E+002
  0.140857797641048E-006  0.476302552702172E+002  0.946651716586764E+002  0.140260957236993E+000  0.859739042763007E+000 -0.519295685089021E+001 -0.208197849213569E+002
  0.141326541025560E-006  0.476236107651696E+002  0.461135650767117E+002  0.102474627991387E+001 -0.247462799138725E-001 -0.519295685089021E+001 -0.208164626688332E+002
  0.148880933413353E-006  0.475194632146591E+002  0.642164717527284E+002  0.612640852816620E+000  0.387359147183380E+000 -0.519295685089021E+001 -0.207643888935779E+002
  0.150044144984319E-006  0.475038978770368E+002  0.498852516342276E+002  0.923756348075920E+000  0.762436519240799E-001 -0.519295685089021E+001 -0.207566062247667E+002
  0.154214497154163E-006  0.474490680344707E+002  0.543963802946902E+002  0.812760574815978E+000  0.187239425184022E+000 -0.519295685089021E+001 -0.207291913034837E+002
  0.159395624673250E-006  0.473829783439158E+002  0.630702345790284E+002  0.171795452431945E+000  0.828204547568055E+000 -0.519295685089021E+001 -0.206961464582063E+002
  0.180152028899780E-006  0.471381547796030E+002  0.942330785647911E+002  0.137624607360306E+000  0.862375392639694E+000 -0.519295685089021E+001 -0.205737346760498E+002
  0.249615735197553E-006  0.464859116260946E+002  0.495904270707641E+002  0.920404085480037E+000  0.795959145199632E-001 -0.519295685089021E+001 -0.202476130992956E+002
  0.282442098614161E-006  0.462388098405820E+002  0.909247233499395E+002  0.232151515317294E+000  0.767848484682706E+000 -0.519295685089021E+001 -0.201240622065394E+002
  0.325732069072750E-006  0.459536066395585E+002  0.559962083103888E+002  0.765244056273494E+000  0.234755943726506E+000 -0.519295685089021E+001 -0.199814606060276E+002
  0.352934271925267E-006  0.457931932962563E+002  0.419722395458116E+002  0.663726279337696E+000  0.336273720662304E+000 -0.519295685089021E+001 -0.199012539343765E+002
  0.380269165102031E-006  0.456439983160456E+002  0.402415963920770E+002  0.108577309105789E+001 -0.857730910578911E-001 -0.519295685089021E+001 -0.198266564442712E+002
  0.381804493097963E-006  0.456359396195841E+002  0.471812678902852E+002  0.433506010656680E+000  0.566493989343320E+000 -0.519295685089021E+001 -0.198226270960404E+002
  0.463086619823504E-006  0.452499287375442E+002  0.464929232411006E+002  0.460046734241551E+000  0.539953265758449E+000 -0.519295685089021E+001 -0.196296216550204E+002
  0.468953653046265E-006  0.452247490928921E+002  0.433686469226692E+002  0.104915041854200E+001 -0.491504185420037E-001 -0.519295685089021E+001 -0.196170318326944E+002
  0.472746791231741E-006  0.452086371382991E+002  0.416468676494550E+002  0.698928769312112E+000  0.301071230687888E+000 -0.519295685089021E+001 -0.196089758553979E+002
  0.478939385587615E-006  0.451826088869344E+002  0.403189388731957E+002  0.106594075106345E+001 -0.659407510634542E-001 -0.519295685089021E+001 -0.195959617297156E+002
  0.487505739335315E-006  0.451471528516965E+002  0.847199232191081E+002  0.307409976872193E+000  0.692590023127807E+000 -0.519295685089021E+001 -0.195782337120966E+002
  0.509683271118665E-006  0.450581779868792E+002  0.756775830816598E+002  0.120708455790533E+000  0.879291544209467E+000 -0.519295685089021E+001 -0.195337462796880E+002
  0.516292291848253E-006  0.450324108540736E+002  0.767841968574310E+002  0.408322211127805E+000  0.591677788872195E+000 -0.519295685089021E+001 -0.195208627132852E+002
  0.526374853329327E-006  0.449937297627465E+002  0.425506792744208E+002  0.643597447894229E+000  0.356402552105771E+000 -0.519295685089021E+001 -0.195015221676216E+002
  0.548264720331472E-006  0.448989514197727E+002  0.639227186669490E+002  0.603634667836916E+000  0.396365332163084E+000 -0.519295685089021E+001 -0.194541329961347E+002
  0.551331973831742E-006  0.448745045654116E+002  0.753837940514807E+002  0.426624082116669E+000  0.573375917883331E+000 -0.519295685089021E+001 -0.194419095689542E+002
  0.549191614791662E-006  0.448689949106410E+002  0.402093153729684E+002  0.104559279588583E+001 -0.455927958858269E-001 -0.519295685089021E+001 -0.194391547415689E+002
  0.563085591462909E-006  0.448057373485756E+002  0.401240977605828E+002  0.103735843785820E+001 -0.373584378581995E-001 -0.519295685089021E+001 -0.194075259605362E+002
  0.575683778719345E-006  0.447481945219103E+002  0.401456900412455E+002  0.860091584396359E+000  0.139908415603641E+000 -0.519295685089021E+001 -0.193787545472035E+002
  0.601392909980723E-006  0.446475255032122E+002  0.437010529754342E+002  0.103095674357470E+001 -0.309567435747007E-001 -0.519295685089021E+001 -0.193284200378545E+002
  0.612487921994690E-006  0.445976749342992E+002  0.408340083721525E+002  0.104901237864334E+001 -0.490123786433427E-001 -0.519295685089021E+001 -0.193034947533979E+002
  0.643386024799620E-006  0.444859545075051E+002  0.421589997529466E+002  0.104773464980648E+001 -0.477346498064846E-001 -0.519295685089021E+001 -0.192476345400009E+002
  0.695704835854043E-006  0.443163042415532E+002  0.788128202763688E+002  0.116590077960300E+000  0.883409922039700E+000 -0.519295685089021E+001 -0.191628094070250E+002
  0.747756801945066E-006  0.441587105360145E+002  0.401096190733372E+002  0.956578829493983E+000  0.434211705060173E-001 -0.519295685089021E+001 -0.190840125542556E+002
  0.804373845671196E-006  0.439994487520413E+002  0.671293251065598E+002  0.156679756883874E+000  0.843320243116126E+000 -0.519295685089021E+001 -0.190043816622690E+002
  0.835794079719072E-006  0.439095234199399E+002  0.504351707168787E+002  0.359516221760254E+000  0.640483778239746E+000 -0.519295685089021E+001 -0.189594189962183E+002
  0.881639531610722E-006  0.437894323114402E+002  0.501903183355420E+002  0.876131382895316E+000  0.123868617104684E+000 -0.519295685089021E+001 -0.188993734419685E+002
  0.942342431174185E-006  0.436429723351667E+002  0.817166905955674E+002  0.338828119009615E+000  0.661171880990385E+000 -0.519295685089021E+001 -0.188261434538317E+002
  0.998306895439365E-006  0.435142992178645E+002  0.927018975310610E+002  0.153240608187454E+000  0.846759391812546E+000 -0.519295685089021E+001 -0.187618068951806E+002
  0.103431339467491E-005  0.434301454138802E+002  0.410700637214601E+002  0.812347058766403E+000  0.187652941233597E+000 -0.519295685089021E+001 -0.187197299931885E+002
  0.106737651151299E-005  0.433539244093304E+002  0.421582488942295E+002  0.709569245543950E+000  0.290430754456050E+000 -0.519295685089021E+001 -0.186816194909135E+002
  0.113176744165663E-005  0.432234818457032E+002  0.545609990898329E+002  0.283549249436631E+000  0.716450750563369E+000 -0.519295685089021E+001 -0.186163982091000E+002
  0.120170323146941E-005  0.430902739771248E+002  0.792344108972866E+002  0.368144826959592E+000  0.631855173040408E+000 -0.519295685089021E+001 -0.185497942748108E+002
  0.129171809061143E-005  0.429325183408518E+002  0.410886540504824E+002  0.961195524975579E+000  0.388044750244213E-001 -0.519295685089021E+001 -0.184709164566742E+002
  0.149125080818332E-005  0.426319451535162E+002  0.509477697389858E+002  0.357283478543839E+000  0.642716521456161E+000 -0.519295685089021E+001 -0.183206298630065E+002
  0.149937372095319E-005  0.426077915377228E+002  0.442312928606075E+002  0.592521363675333E+000  0.407478636324667E+000 -0.519295685089021E+001 -0.183085530551097E+002
  0.172313543567574E-005  0.423163063373466E+002  0.443779356827497E+002  0.589983767987127E+000  0.410016232012873E+000 -0.519295685089021E+001 -0.181628104549217E+002
  0.187007226582349E-005  0.421393542200740E+002  0.464373631552091E+002  0.933530619642477E+000  0.664693803575234E-001 -0.519295685089021E+001 -0.180743343962854E+002
  0.199380108458540E-005  0.419979334653563E+002  0.575521703880297E+002  0.703176095437373E+000  0.296823904562627E+000 -0.519295685089021E+001 -0.180036240189265E+002
  0.210677511885770E-005  0.418744134018177E+002  0.415733244409394E+002  0.865797732992358E+000  0.134202267007642E+000 -0.519295685089021E+001 -0.179418639871572E+002
  0.225195178508676E-005  0.417278465131946E+002  0.454455853705014E+002  0.546638054759288E+000  0.453361945240712E+000 -0.519295685089021E+001 -0.178685805428457E+002
  0.237416626130637E-005  0.416088593722473E+002  0.417361316475177E+002  0.879095335505074E+000  0.120904664494926E+000 -0.519295685089021E+001 -0.178090869723720E+002
  0.240851660963914E-005  0.415668408561315E+002  0.529024776486553E+002  0.793465327508472E+000  0.206534672491528E+000 -0.519295685089021E+001 -0.177880777143141E+002
  0.246594553257474E-005  0.415064232230602E+002  0.469957297154451E+002  0.912618181009214E+000  0.873818189907861E-001 -0.519295685089021E+001 -0.177578688977785E+002
  0.266304252716171E-005  0.413393462192066E+002  0.725639646196503E+002  0.450151429553532E+000  0.549848570446468E+000 -0.519295685089021E+001 -0.176743303958517E+002
  0.277928942106288E-005  0.412406051042735E+002  0.483821861941385E+002  0.882317914171660E+000  0.117682085828340E+000 -0.519295685089021E+001 -0.176249598383851E+002
  0.287596345305706E-005  0.411589311365925E+002  0.425901465903005E+002  0.927541160618646E+000  0.724588393813541E-001 -0.519295685089021E+001 -0.175841228545446E+002
  0.314369949204436E-005  0.409676169384151E+002  0.421893172814561E+002  0.831485344960716E+000  0.168514655039284E+000 -0.519295685089021E+001 -0.174884657554559E+002
  0.319054105822807E-005  0.409247474038651E+002  0.501042433333205E+002  0.392367059416393E+000  0.607632940583607E+000 -0.519295685089021E+001 -0.174670309881809E+002
  0.347248998533280E-005  0.407420955214188E+002  0.896108064857348E+002  0.139368595050249E+000  0.860631404949751E+000 -0.519295685089021E+001 -0.173757050469578E+002
  0.378025617953805E-005  0.405589666998798E+002  0.440610973259546E+002  0.925119852598987E+000  0.748801474010126E-001 -0.519295685089021E+001 -0.172841406361882E+002
  0.379217751445371E-005  0.405393803814807E+002  0.526436637716880E+002  0.335836157433484E+000  0.664163842566516E+000 -0.519295685089021E+001 -0.172743474769887E+002
  0.382998881190696E-005  0.405062483243740E+002  0.450924788877467E+002  0.585959253094389E+000  0.414040746905611E+000 -0.519295685089021E+001 -0.172577814484353E+002
  0.382952469316489E-005  0.404932016139869E+002  0.502422577497303E+002  0.835660695104275E+000  0.164339304895725E+000 -0.519295685089021E+001 -0.172512580932418E+002
  0.396685819344879E-005  0.404094451288367E+002  0.500206185965950E+002  0.399374397196285E+000  0.600625602803715E+000 -0.519295685089021E+001 -0.172093798506667E+002
  0.403150680173613E-005  0.403638244275138E+002  0.503448926776936E+002  0.832005873071772E+000  0.167994126928228E+000 -0.519295685089021E+001 -0.171865695000052E+002
  0.445792099612610E-005  0.401494507206818E+002  0.739852623180117E+002  0.424779802551261E+000  0.575220197448739E+000 -0.519295685089021E+001 -0.170793826465893E+002
  0.477875369830338E-005  0.399971671013492E+002  0.824588360780023E+002  0.126433121448078E+000  0.873566878551922E+000 -0.519295685089021E+001 -0.170032408369230E+002
  0.504882546483620E-005  0.398739263057493E+002  0.478608939481321E+002  0.870481543363056E+000  0.129518456636944E+000 -0.519295685089021E+001 -0.169416204391230E+002
  0.546628666690059E-005  0.397017494271557E+002  0.431343631990499E+002  0.857264344242175E+000  0.142735655757825E+000 -0.519295685089021E+001 -0.168555319998262E+002
  0.676197655229950E-005  0.392630289314839E+002  0.457896161733177E+002  0.573390703959229E+000  0.426609296040771E+000 -0.519295685089021E+001 -0.166361717519903E+002
  0.686959059411494E-005  0.392181612971262E+002  0.674184282926849E+002  0.514967805153146E+000  0.485032194846854E+000 -0.519295685089021E+001 -0.166137379348115E+002
  0.735457993803431E-005  0.390684347540578E+002  0.815889791077990E+002  0.129772997376834E+000  0.870227002623166E+000 -0.519295685089021E+001 -0.165388746632773E+002
  0.736894305134102E-005  0.390512435813623E+002  0.436304960937701E+002  0.844444341252985E+000  0.155555658747015E+000 -0.519295685089021E+001 -0.165302790769295E+002
  0.742266599820746E-005  0.390234264799629E+002  0.554274512175016E+002  0.719119186154733E+000  0.280880813845267E+000 -0.519295685089021E+001 -0.165163705262298E+002
  0.758330912751316E-005  0.389673146482240E+002  0.525387063167561E+002  0.773160218606137E+000  0.226839781393863E+000 -0.519295685089021E+001 -0.164883146103604E+002
  0.763884200623788E-005  0.389394328486288E+002  0.817885334952401E+002  0.130171649577544E+000  0.869828350422456E+000 -0.519295685089021E+001 -0.164743737105628E+002
  0.782990579629577E-005  0.388767348492324E+002  0.471730201507497E+002  0.514500257087911E+000  0.485499742912089E+000 -0.519295685089021E+001 -0.164430247108646E+002
  0.996563036432381E-005  0.383810623024092E+002  0.874734964826013E+002  0.141728786790896E+000  0.858271213209103E+000 -0.519295685089021E+001 -0.161951884374530E+002
  0.106580216803475E-004  0.382334319998538E+002  0.569060768046311E+002  0.684742524102729E+000  0.315257475897271E+000 -0.519295685089021E+001 -0.161213732861753E+002
  0.112357439327375E-004  0.381145683123580E+002  0.893675180903959E+002  0.196634312041701E+000  0.803365687958299E+000 -0.519295685089021E+001 -0.160619414424274E+002
  0.112777244287240E-004  0.380938204837420E+002  0.750270218156349E+002  0.400809118888254E+000  0.599190881111746E+000 -0.519295685089021E+001 -0.160515675281193E+002
  0.112127712350534E-004  0.380920835446384E+002  0.890588423329365E+002  0.204638815500392E+000  0.795361184499608E+000 -0.519295685089021E+001 -0.160506990585676E+002
  0.113803184033392E-004  0.380491304791991E+002  0.843262236997018E+002  0.279481374983519E+000  0.720518625016481E+000 -0.519295685089021E+001 -0.160292225258479E+002
  0.113360250128739E-004  0.380436407910128E+002  0.653954785135546E+002  0.539478827271616E+000  0.460521172728384E+000 -0.519295685089021E+001 -0.160264776817548E+002
  0.124313133384347E-004  0.378458860059356E+002  0.555150184927699E+002  0.706434650412347E+000  0.293565349587653E+000 -0.519295685089021E+001 -0.159276002892162E+002
  0.127484677354116E-004  0.377822118643727E+002  0.806270428027881E+002  0.134748538613781E+000  0.865251461386219E+000 -0.519295685089021E+001 -0.158957632184347E+002
  0.131547618334883E-004  0.377061773330900E+002  0.886986863228950E+002  0.208468967868635E+000  0.791531032131365E+000 -0.519295685089021E+001 -0.158577459527933E+002
  0.133840599810413E-004  0.376583269765881E+002  0.477643447085022E+002  0.831381003268337E+000  0.168618996731663E+000 -0.519295685089021E+001 -0.158338207745424E+002
  0.139551764539743E-004  0.375614657587828E+002  0.870192504359132E+002  0.237976477155808E+000  0.762023522844192E+000 -0.519295685089021E+001 -0.157853901656398E+002
  0.139475903287901E-004  0.375492641820403E+002  0.818253630365346E+002  0.309678172506579E+000  0.690321827493421E+000 -0.519295685089021E+001 -0.157792893772685E+002
  0.144541345235317E-004  0.374646276110653E+002  0.482274915789735E+002  0.822489131898374E+000  0.177510868101626E+000 -0.519295685089021E+001 -0.157369710917810E+002
  0.145001525181098E-004  0.374449811895611E+002  0.852058096185599E+002  0.139043060989264E+000  0.860956939010736E+000 -0.519295685089021E+001 -0.157271478810289E+002
  0.147674497959672E-004  0.373951595987195E+002  0.446178843251254E+002  0.751018950685610E+000  0.248981049314390E+000 -0.519295685089021E+001 -0.157022370856081E+002
  0.149250242999249E-004  0.373606427795835E+002  0.839024216998854E+002  0.281390643044519E+000  0.718609356955481E+000 -0.519295685089021E+001 -0.156849786760401E+002
  0.149160234783513E-004  0.373485601962654E+002  0.484000098948165E+002  0.487801793772208E+000  0.512198206227792E+000 -0.519295685089021E+001 -0.156789373843811E+002
  0.148950927419361E-004  0.373380795584823E+002  0.490443620149313E+002  0.809949849649604E+000  0.190050150350396E+000 -0.519295685089021E+001 -0.156736970654895E+002
  0.152011396285214E-004  0.372841132968928E+002  0.459804954914282E+002  0.609383988123259E+000  0.390616011876741E+000 -0.519295685089021E+001 -0.156467139346948E+002
  0.155105890674372E-004  0.372305191000304E+002  0.503434766706385E+002  0.422807130573647E+000  0.577192869426353E+000 -0.519295685089021E+001 -0.156199168362636E+002
  0.156609498058183E-004  0.371979352463509E+002  0.449918630777392E+002  0.698773819945631E+000  0.301226180054369E+000 -0.519295685089021E+001 -0.156036249094238E+002
  0.161733116320336E-004  0.371202619345620E+002  0.468160459127105E+002  0.825482844494347E+000  0.174517155505653E+000 -0.519295685089021E+001 -0.155647882535294E+002
  0.160826957086892E-004  0.371182099697973E+002  0.595724902518349E+002  0.628652383779618E+000  0.371347616220382E+000 -0.519295685089021E+001 -0.155637622711470E+002
  0.180910117567232E-004  0.368695782171013E+002  0.450877832542336E+002  0.776807550460678E+000  0.223192449539322E+000 -0.519295685089021E+001 -0.154394463947990E+002
  0.194485832803835E-004  0.367115711287600E+002  0.829976146291167E+002  0.139047041401594E+000  0.860952958598406E+000 -0.519295685089021E+001 -0.153604428506284E+002
  0.195252207348875E-004  0.366904164982246E+002  0.499303225530170E+002  0.442182619804390E+000  0.557817380195610E+000 -0.519295685089021E+001 -0.153498655353607E+002
  0.194684043349314E-004  0.366829556926727E+002  0.809185409826288E+002  0.316976716687839E+000  0.683023283312161E+000 -0.519295685089021E+001 -0.153461351325847E+002
  0.214984652715659E-004  0.364712892294257E+002  0.487390647281729E+002  0.487925524759499E+000  0.512074475240501E+000 -0.519295685089021E+001 -0.152403019009612E+002
  0.220749671741376E-004  0.364050747247769E+002  0.595814434173490E+002  0.622849575043714E+000  0.377150424956286E+000 -0.519295685089021E+001 -0.152071946486368E+002
  0.230286318217282E-004  0.363071975511960E+002  0.758671889123890E+002  0.380714125304220E+000  0.619285874695780E+000 -0.519295685089021E+001 -0.151582560618464E+002
  0.237699293103730E-004  0.362305424579161E+002  0.866023543527416E+002  0.234614171720484E+000  0.765385828279516E+000 -0.519295685089021E+001 -0.151199285152064E+002
  0.237171314422331E-004  0.362217007220564E+002  0.457598327447523E+002  0.670277240790645E+000  0.329722759209355E+000 -0.519295685089021E+001 -0.151155076472766E+002
  0.241593827217853E-004  0.361714612556843E+002  0.812784874963064E+002  0.140674566116151E+000  0.859325433883849E+000 -0.519295685089021E+001 -0.150903879140905E+002
  0.245631972767693E-004  0.361250192623677E+002  0.543473376946561E+002  0.334905861844087E+000  0.665094138155913E+000 -0.519295685089021E+001 -0.150671669174322E+002
  0.252119383242889E-004  0.360595934803723E+002  0.544771156102661E+002  0.332841872028809E+000  0.667158127971191E+000 -0.519295685089021E+001 -0.150344540264345E+002
  0.252832345511145E-004  0.360406566254438E+002  0.456790388033896E+002  0.697062254931579E+000  0.302937745068421E+000 -0.519295685089021E+001 -0.150249855989703E+002
  0.252671140306110E-004  0.360286431411845E+002  0.458107157475157E+002  0.677424991428440E+000  0.322575008571560E+000 -0.519295685089021E+001 -0.150189788568406E+002
  0.257309501070481E-004  0.359789723714812E+002  0.463046842042716E+002  0.630264603673721E+000  0.369735396326279E+000 -0.519295685089021E+001 -0.149941434719890E+002
  0.300199896852685E-004  0.356573454241309E+002  0.605917249884513E+002  0.243287885028837E+000  0.756712114971163E+000 -0.519295685089021E+001 -0.148333299983138E+002
  0.310797218466565E-004  0.355746721521802E+002  0.705382519439562E+002  0.168449804903660E+000  0.831550195096340E+000 -0.519295685089021E+001 -0.147919933623384E+002
  0.337944028979807E-004  0.353939038303914E+002  0.567037880007924E+002  0.662203857510739E+000  0.337796142489261E+000 -0.519295685089021E+001 -0.147016092014440E+002
  0.342679449412728E-004  0.353527843982571E+002  0.594761625959559E+002  0.616003767213584E+000  0.383996232786416E+000 -0.519295685089021E+001 -0.146810494853769E+002
  0.351681242069587E-004  0.352876358275364E+002  0.860140182900938E+002  0.154412099652342E+000  0.845587900347658E+000 -0.519295685089021E+001 -0.146484752000166E+002
  0.475578094967333E-004  0.346707349360005E+002  0.570566165373519E+002  0.297143765929757E+000  0.702856234070243E+000 -0.519295685089021E+001 -0.143400247542486E+002
  0.542632258140335E-004  0.343936443636972E+002  0.868254490109772E+002  0.170825416863743E+000  0.829174583136257E+000 -0.519295685089021E+001 -0.142014794680970E+002
  0.554939722623093E-004  0.343354999773538E+002  0.564808909193982E+002  0.655254789309168E+000  0.344745210690832E+000 -0.519295685089021E+001 -0.141724072749252E+002
  0.559221898083979E-004  0.343068371922068E+002  0.627934329923265E+002  0.227406571707087E+000  0.772593428292913E+000 -0.519295685089021E+001 -0.141580758823518E+002
  0.558442820024773E-004  0.342963363425356E+002  0.481545371753872E+002  0.747050858743639E+000  0.252949141256361E+000 -0.519295685089021E+001 -0.141528254575162E+002
  0.584250993691548E-004  0.341926903725333E+002  0.836888607374138E+002  0.264844777959435E+000  0.735155222040565E+000 -0.519295685089021E+001 -0.141010024725150E+002
  0.599955993578575E-004  0.341263500185469E+002  0.780101413630450E+002  0.341078724425910E+000  0.658921275574090E+000 -0.519295685089021E+001 -0.140678322955218E+002
  0.595998757835684E-004  0.341262963843011E+002  0.535552582991371E+002  0.697839833623616E+000  0.302160166376384E+000 -0.519295685089021E+001 -0.140678054783989E+002
  0.595878004408862E-004  0.341134125536050E+002  0.582904242098222E+002  0.282098420738270E+000  0.717901579261730E+000 -0.519295685089021E+001 -0.140613635630509E+002
  0.625420017323550E-004  0.340033484757270E+002  0.552029586901839E+002  0.335413626253645E+000  0.664586373746355E+000 -0.519295685089021E+001 -0.140063315241118E+002
  0.628692256793746E-004  0.339796225355884E+002  0.581559478905635E+002  0.625151894298401E+000  0.374848105701599E+000 -0.519295685089021E+001 -0.139944685540426E+002
  0.683238562541598E-004  0.337999290385762E+002  0.504607114852824E+002  0.464772977718451E+000  0.535227022281549E+000 -0.519295685089021E+001 -0.139046218055365E+002
  0.714035681967673E-004  0.336984622512330E+002  0.513962521676468E+002  0.719277972536452E+000  0.280722027463548E+000 -0.519295685089021E+001 -0.138538884118649E+002
  0.767603730155483E-004  0.335404917902147E+002  0.606479921785639E+002  0.582227097912105E+000  0.417772902087895E+000 -0.519295685089021E+001 -0.137749031813557E+002
  0.775715678437517E-004  0.335061778334723E+002  0.849648775476160E+002  0.239130788153257E+000  0.760869211846743E+000 -0.519295685089021E+001 -0.137577462029845E+002
  0.774040476144444E-004  0.334972125326267E+002  0.833112554032205E+002  0.155572493753654E+000  0.844427506246346E+000 -0.519295685089021E+001 -0.137532635525617E+002
  0.833051381622001E-004  0.333369811353868E+002  0.592229193834769E+002  0.602516649247844E+000  0.397483350752156E+000 -0.519295685089021E+001 -0.136731478539417E+002
  0.925103848770597E-004  0.331140706954136E+002  0.855958685516578E+002  0.171125829487421E+000  0.828874170512579E+000 -0.519295685089021E+001 -0.135616926339551E+002
  0.965065532223595E-004  0.330162015941335E+002  0.479501760100428E+002  0.663427972674596E+000  0.336572027325404E+000 -0.519295685089021E+001 -0.135127580833151E+002
  0.106735308225338E-003  0.328014303093117E+002  0.712566396663995E+002  0.176565403288263E+000  0.823434596711737E+000 -0.519295685089021E+001 -0.134053724409042E+002
  0.114959228680520E-003  0.326396901888401E+002  0.515130626160038E+002  0.445897452180988E+000  0.554102547819012E+000 -0.519295685089021E+001 -0.133245023806684E+002
  0.126341635426440E-003  0.324375769079166E+002  0.641965202427229E+002  0.224233503141296E+000  0.775766496858704E+000 -0.519295685089021E+001 -0.132234457402066E+002
  0.126455375069253E-003  0.324224881231827E+002  0.486555516304724E+002  0.599042987199405E+000  0.400957012800595E+000 -0.519295685089021E+001 -0.132159013478397E+002
  0.130825312078300E-003  0.323412521216669E+002  0.534359823946625E+002  0.674438776005255E+000  0.325561223994745E+000 -0.519295685089021E+001 -0.131752833470818E+002
  0.131144678322521E-003  0.323230866547486E+002  0.852909064929966E+002  0.178073127392487E+000  0.821926872607513E+000 -0.519295685089021E+001 -0.131662006136227E+002
  0.135007459773747E-003  0.322517397572404E+002  0.517614284130438E+002  0.689703463984177E+000  0.310296536015823E+000 -0.519295685089021E+001 -0.131305271648686E+002
  0.137220317447440E-003  0.322059351594339E+002  0.775406591746608E+002  0.336046215726197E+000  0.663953784273803E+000 -0.519295685089021E+001 -0.131076248659653E+002
  0.157919499794380E-003  0.319116508389199E+002  0.713464155613742E+002  0.180136039021877E+000  0.819863960978123E+000 -0.519295685089021E+001 -0.129604827057083E+002
  0.158306970920698E-003  0.318934605658071E+002  0.683886436199142E+002  0.195808335516905E+000  0.804191664483095E+000 -0.519295685089021E+001 -0.129513875691519E+002
  0.174968463384708E-003  0.316800319875740E+002  0.554730713777523E+002  0.351295312463251E+000  0.648704687536749E+000 -0.519295685089021E+001 -0.128446732800354E+002
  0.176725533815475E-003  0.316467586537397E+002  0.568531967048931E+002  0.324335224023381E+000  0.675664775976619E+000 -0.519295685089021E+001 -0.128280366131182E+002
  0.181833913817533E-003  0.315764778956126E+002  0.686251126312985E+002  0.195911420199961E+000  0.804088579800039E+000 -0.519295685089021E+001 -0.127928962340547E+002
  0.184021517340011E-003  0.315392708424951E+002  0.663206397047522E+002  0.483023665450156E+000  0.516976334549844E+000 -0.519295685089021E+001 -0.127742927074959E+002
  0.188812812528363E-003  0.314745749139782E+002  0.531183824102685E+002  0.663963123234727E+000  0.336036876765273E+000 -0.519295685089021E+001 -0.127419447432375E+002
  0.190261117317946E-003  0.314460031966032E+002  0.492640042917788E+002  0.616599314804651E+000  0.383400685195349E+000 -0.519295685089021E+001 -0.127276588845500E+002
  0.190912186126547E-003  0.314258818442062E+002  0.626781875449139E+002  0.534264312254526E+000  0.465735687745474E+000 -0.519295685089021E+001 -0.127175982083515E+002
  0.201293668632436E-003  0.313066901269122E+002  0.499365769382913E+002  0.660533493673285E+000  0.339466506326715E+000 -0.519295685089021E+001 -0.126580023497044E+002
  0.201411201771955E-003  0.312922336044608E+002  0.807467848644053E+002  0.164189575485459E+000  0.835810424514541E+000 -0.519295685089021E+001 -0.126507740884788E+002
  0.205874043108591E-003  0.312351126344198E+002  0.509888607899728E+002  0.669386445066229E+000  0.330613554933771E+000 -0.519295685089021E+001 -0.126222136034582E+002
  0.204565710745434E-003  0.312345741344920E+002  0.848866344884590E+002  0.196354858259698E+000  0.803645141740302E+000 -0.519295685089021E+001 -0.126219443534944E+002
  0.208643760298096E-003  0.311818069417165E+002  0.745779145961969E+002  0.171653793666981E+000  0.828346206333019E+000 -0.519295685089021E+001 -0.125955607571066E+002
  0.210680821389686E-003  0.311490858725082E+002  0.503881092039464E+002  0.526264516712727E+000  0.473735483287273E+000 -0.519295685089021E+001 -0.125792002225025E+002
  0.214441766221186E-003  0.311004089430744E+002  0.529594384169083E+002  0.422526562688706E+000  0.577473437311294E+000 -0.519295685089021E+001 -0.125548617577856E+002
  0.213292405673090E-003  0.310978682466126E+002  0.845906586758432E+002  0.188355492979333E+000  0.811644507020667E+000 -0.519295685089021E+001 -0.125535914095547E+002
  0.214916461082037E-003  0.310694084038921E+002  0.498832112459884E+002  0.646140705113319E+000  0.353859294886681E+000 -0.519295685089021E+001 -0.125393614881944E+002
  0.217915479666000E-003  0.310284035581703E+002  0.570511807323424E+002  0.610564973694150E+000  0.389435026305850E+000 -0.519295685089021E+001 -0.125188590653335E+002
  0.217617877390630E-003  0.310178476945803E+002  0.763259885196240E+002  0.344637204297577E+000  0.655362795702423E+000 -0.519295685089021E+001 -0.125135811335385E+002
  0.218128561531220E-003  0.309998707050888E+002  0.543616073848842E+002  0.384639650617594E+000  0.615360349382406E+000 -0.519295685089021E+001 -0.125045926387927E+002
  0.219457421281176E-003  0.309744343947663E+002  0.818830989241500E+002  0.168325493099855E+000  0.831674506900145E+000 -0.519295685089021E+001 -0.124918744836315E+002
  0.223838271308231E-003  0.309216141997405E+002  0.688914908457605E+002  0.197561822743763E+000  0.802438177256237E+000 -0.519295685089021E+001 -0.124654643861186E+002
  0.222716640454128E-003  0.309183721045684E+002  0.507152015150440E+002  0.658036119888854E+000  0.341963880111146E+000 -0.519295685089021E+001 -0.124638433385326E+002
  0.231255727967123E-003  0.308298353135132E+002  0.504016719735395E+002  0.649777529656744E+000  0.350222470343256E+000 -0.519295685089021E+001 -0.124195749430049E+002
  0.231148833855475E-003  0.308174709085170E+002  0.558799484337502E+002  0.623169737309701E+000  0.376830262690299E+000 -0.519295685089021E+001 -0.124133927405068E+002
  0.272610870461451E-003  0.305053042274925E+002  0.657505390235797E+002  0.220531649964379E+000  0.779468350035621E+000 -0.519295685089021E+001 -0.123537696661822E+002
  0.271349837031457E-003  0.304997072615381E+002  0.681999472342087E+002  0.202970113633833E+000  0.797029886366167E+000 -0.519295685089021E+001 -0.123509711832050E+002
  0.271006968086051E-003  0.304873660383254E+002  0.563573086946003E+002  0.615383413198649E+000  0.384616586801351E+000 -0.519295685089021E+001 -0.123448005715986E+002
  0.290137106588437E-003  0.303360779622498E+002  0.542194965819139E+002  0.637632734904894E+000  0.362367265095106E+000 -0.519295685089021E+001 -0.122691565335608E+002
  0.313131725467493E-003  0.301539070755729E+002  0.651184689075703E+002  0.490922778268900E+000  0.509077221731100E+000 -0.519295685089021E+001 -0.121780710902224E+002
  0.321277078749715E-003  0.300877869123024E+002  0.651798213396988E+002  0.227647492751924E+000  0.772352507248076E+000 -0.519295685089021E+001 -0.121450110085871E+002
  0.325861725508299E-003  0.300446882736670E+002  0.526575263902393E+002  0.447072828315100E+000  0.552927171684900E+000 -0.519295685089021E+001 -0.121234616892694E+002
  0.324992461906860E-003  0.300352703562259E+002  0.604375720569239E+002  0.555372104880924E+000  0.444627895119076E+000 -0.519295685089021E+001 -0.121187527305489E+002
  0.332189693608249E-003  0.299767017734090E+002  0.727479010672374E+002  0.386299570293352E+000  0.613700429706648E+000 -0.519295685089021E+001 -0.120894684391404E+002
  0.363939811056646E-003  0.297793769034429E+002  0.664389946391660E+002  0.469766879275440E+000  0.530233120724560E+000 -0.519295685089021E+001 -0.119908060041574E+002
  0.373165338916341E-003  0.296998984295083E+002  0.510045160318066E+002  0.619990222304268E+000  0.380009777695732E+000 -0.519295685089021E+001 -0.119510667671901E+002
  0.390896930617628E-003  0.295924016865737E+002  0.511496316422928E+002  0.618884412476274E+000  0.381115587523726E+000 -0.519295685089021E+001 -0.118973183957228E+002
  0.399909123930386E-003  0.295321627854990E+002  0.717679948278602E+002  0.396251707258743E+000  0.603748292741257E+000 -0.519295685089021E+001 -0.118671989451854E+002
  0.443519698803392E-003  0.293105009326469E+002  0.619595834239575E+002  0.527435304298532E+000  0.472564695701468E+000 -0.519295685089021E+001 -0.117563680187594E+002
  0.456133040416542E-003  0.292397642428524E+002  0.521036654943747E+002  0.621071293001112E+000  0.378928706998888E+000 -0.519295685089021E+001 -0.117209996738621E+002
  0.473104077040925E-003  0.291520504065615E+002  0.519292643750419E+002  0.615933800571639E+000  0.384066199428361E+000 -0.519295685089021E+001 -0.116771427557167E+002
  0.497736485012084E-003  0.290358875461769E+002  0.604635965716988E+002  0.286650739686145E+000  0.713349260313855E+000 -0.519295685089021E+001 -0.116190613255244E+002
  0.500022995208411E-003  0.290120688712600E+002  0.659419233140627E+002  0.470515896087208E+000  0.529484103912792E+000 -0.519295685089021E+001 -0.116071519880659E+002
  0.523278648102541E-003  0.289064967463533E+002  0.535754869564756E+002  0.614853650402372E+000  0.385146349597628E+000 -0.519295685089021E+001 -0.115543659256126E+002
  0.536724222886702E-003  0.288411040641052E+002  0.764891660192666E+002  0.328902475991304E+000  0.671097524008696E+000 -0.519295685089021E+001 -0.115216695844885E+002
  0.544319270736457E-003  0.287983488673971E+002  0.525892164258100E+002  0.610529845045120E+000  0.389470154954880E+000 -0.519295685089021E+001 -0.115002919861345E+002
  0.547479716881012E-003  0.287721178976630E+002  0.515780976735636E+002  0.551067231685837E+000  0.448932768314163E+000 -0.519295685089021E+001 -0.114871765012674E+002
  0.546670458069822E-003  0.287604243106630E+002  0.525012964093770E+002  0.483870433048747E+000  0.516129566951253E+000 -0.519295685089021E+001 -0.114813297077674E+002
  0.555771770513822E-003  0.287127491151355E+002  0.516582316241728E+002  0.546183000435337E+000  0.453816999564663E+000 -0.519295685089021E+001 -0.114574921100037E+002
  0.564776923289988E-003  0.286659508312406E+002  0.626408488880912E+002  0.512139518663622E+000  0.487860481336378E+000 -0.519295685089021E+001 -0.114340929680562E+002
  0.574913575567697E-003  0.286157209530696E+002  0.753629671140335E+002  0.342320507098500E+000  0.657679492901500E+000 -0.519295685089021E+001 -0.114089780289707E+002
  0.579570700127590E-003  0.285849330105978E+002  0.679202575716971E+002  0.215349364050046E+000  0.784650635949954E+000 -0.519295685089021E+001 -0.113935840577348E+002
  0.647095172154078E-003  0.283065464888317E+002  0.535023006058340E+002  0.452273588947980E+000  0.547726411052020E+000 -0.519295685089021E+001 -0.112543907968518E+002
  0.647458350896342E-003  0.282910873353322E+002  0.529700011167336E+002  0.596859333278502E+000  0.403140666721498E+000 -0.519295685089021E+001 -0.112466612201020E+002
  0.719319229026503E-003  0.280662487945295E+002  0.671253935633451E+002  0.224160585229429E+000  0.775839414770571E+000 -0.519295685089021E+001 -0.111342419497007E+002
  0.722015166604629E-003  0.280301950889102E+002  0.708007181116264E+002  0.201667478184099E+000  0.798332521815901E+000 -0.519295685089021E+001 -0.111162150968910E+002
  0.823622126090435E-003  0.277526287637009E+002  0.643754478897281E+002  0.480620458090269E+000  0.519379541909731E+000 -0.519295685089021E+001 -0.109774319342864E+002
  0.840931013276436E-003  0.276967982535133E+002  0.707947747910087E+002  0.203668567460363E+000  0.796331432539637E+000 -0.519295685089021E+001 -0.109495166791926E+002
  0.835268232355791E-003  0.276960767531571E+002  0.558790108207851E+002  0.578338759907303E+000  0.421661240092697E+000 -0.519295685089021E+001 -0.109491559290145E+002
  0.836016003260656E-003  0.276800521257433E+002  0.526466847361227E+002  0.534406649594529E+000  0.465593350405471E+000 -0.519295685089021E+001 -0.109411436153076E+002
  0.867283048606326E-003  0.275782475819111E+002  0.612519773683097E+002  0.519175925964765E+000  0.480824074035235E+000 -0.519295685089021E+001 -0.108902413433915E+002
  0.862415826418829E-003  0.275753689292584E+002  0.532742501572509E+002  0.485440482721083E+000  0.514559517278917E+000 -0.519295685089021E+001 -0.108888020170651E+002
  0.878238021857265E-003  0.275248743931730E+002  0.550183987543721E+002  0.415668707956882E+000  0.584331292043118E+000 -0.519295685089021E+001 -0.108635547490224E+002
  0.886475544623445E-003  0.274920682861433E+002  0.636369849540680E+002  0.487801731019532E+000  0.512198268980468E+000 -0.519295685089021E+001 -0.108471516955076E+002
  0.886834448174842E-003  0.274630892388304E+002  0.564310996401905E+002  0.570085009321065E+000  0.429914990678935E+000 -0.519295685089021E+001 -0.108326621718511E+002
  0.889229922785035E-003  0.274436590726976E+002  0.644894602041645E+002  0.251089073553094E+000  0.748910926446906E+000 -0.519295685089021E+001 -0.108229470887847E+002
  0.883984239467772E-003  0.274414571254937E+002  0.763741822233611E+002  0.319569947637306E+000  0.680430052362694E+000 -0.519295685089021E+001 -0.108218461151828E+002
  0.882803941080229E-003  0.274300941704845E+002  0.575463979774113E+002  0.559712640930491E+000  0.440287359069509E+000 -0.519295685089021E+001 -0.108161646376781E+002
  0.885087254694737E-003  0.274108928364570E+002  0.596646230618292E+002  0.313159104065136E+000  0.686840895934864E+000 -0.519295685089021E+001 -0.108065639706644E+002
  0.883755184512907E-003  0.273998699898139E+002  0.613110824518549E+002  0.288588775611555E+000  0.711411224388445E+000 -0.519295685089021E+001 -0.108010525473429E+002
  0.884172259064760E-003  0.273848911981698E+002  0.535095067255356E+002  0.569199814647916E+000  0.430800185352084E+000 -0.519295685089021E+001 -0.107935631515208E+002
  0.892941515429356E-003  0.273511176935690E+002  0.547372995940002E+002  0.575926376797310E+000  0.424073623202690E+000 -0.519295685089021E+001 -0.107766763992204E+002
  0.912394280067154E-003  0.272939802786666E+002  0.663279642379934E+002  0.450931603291455E+000  0.549068396708545E+000 -0.519295685089021E+001 -0.107481076917692E+002
  0.911271869433227E-003  0.272824070110915E+002  0.754069766391525E+002  0.331467806046198E+000  0.668532193953802E+000 -0.519295685089021E+001 -0.107423210579817E+002
  0.912571209818719E-003  0.272655221894613E+002  0.599705909320197E+002  0.309653766970629E+000  0.690346233029371E+000 -0.519295685089021E+001 -0.107338786471666E+002
  0.942341993567081E-003  0.271733454282799E+002  0.558523051345316E+002  0.397243360770675E+000  0.602756639229325E+000 -0.519295685089021E+001 -0.106877902665759E+002
  0.945887647848030E-003  0.271518970149976E+002  0.537341383753343E+002  0.563014410102654E+000  0.436985589897346E+000 -0.519295685089021E+001 -0.106770660599347E+002
  0.947714980308026E-003  0.271340996626539E+002  0.628099262616902E+002  0.271691026815985E+000  0.728308973184015E+000 -0.519295685089021E+001 -0.106681673837629E+002
  0.983063759291675E-003  0.270330810850879E+002  0.589147891286392E+002  0.539979099798953E+000  0.460020900201047E+000 -0.519295685089021E+001 -0.106176580949799E+002
  0.981365017909939E-003  0.270226992035121E+002  0.544852845962172E+002  0.566333089610305E+000  0.433666910389695E+000 -0.519295685089021E+001 -0.106124671541920E+002
  0.102009610555737E-002  0.269176972691621E+002  0.599686763280180E+002  0.526806557475285E+000  0.473193442524715E+000 -0.519295685089021E+001 -0.105599661870170E+002
  0.102322929751783E-002  0.268978179903721E+002  0.591239472502159E+002  0.327842458844174E+000  0.672157541155826E+000 -0.519295685089021E+001 -0.105500265476220E+002
  0.106016977316919E-002  0.268131413226630E+002  0.539108209790530E+002  0.482291176189376E+000  0.517708823810624E+000 -0.519295685089021E+001 -0.105076882137674E+002
  0.108321565472996E-002  0.267563855306799E+002  0.582298902239698E+002  0.346627923614931E+000  0.653372076385069E+000 -0.519295685089021E+001 -0.104793103177759E+002
  0.108629128701434E-002  0.267369691115766E+002  0.540030180156957E+002  0.480317655483710E+000  0.519682344516290E+000 -0.519295685089021E+001 -0.104696021082242E+002
  0.107958480037981E-002  0.267356091180175E+002  0.649367299285065E+002  0.463788650127641E+000  0.536211349872359E+000 -0.519295685089021E+001 -0.104689221114447E+002
  0.107363244870521E-002  0.267329209837289E+002  0.737846714634079E+002  0.197730359687896E+000  0.802269640312104E+000 -0.519295685089021E+001 -0.104675780443004E+002
  0.108899341286539E-002  0.266771111266964E+002  0.722125894264234E+002  0.369017749781016E+000  0.630982250218984E+000 -0.519295685089021E+001 -0.104396731157841E+002
  0.111079085985703E-002  0.266238222908684E+002  0.551073661823176E+002  0.432558814854769E+000  0.567441185145231E+000 -0.519295685089021E+001 -0.104130286978701E+002
  0.111607455390997E-002  0.266006795240824E+002  0.763437131130220E+002  0.193641745382384E+000  0.806358254617616E+000 -0.519295685089021E+001 -0.104014573144771E+002
  0.118329125504220E-002  0.264700634164194E+002  0.600864719212041E+002  0.315945417860060E+000  0.684054582139940E+000 -0.519295685089021E+001 -0.103361492606456E+002
  0.119678480976423E-002  0.264337337248513E+002  0.717179605962924E+002  0.207327483963865E+000  0.792672516036135E+000 -0.519295685089021E+001 -0.103179844148616E+002
  0.119439525680128E-002  0.264240790741991E+002  0.540150174587998E+002  0.521593541800340E+000  0.478406458199660E+000 -0.519295685089021E+001 -0.103131570895355E+002
  0.118774927781775E-002  0.264215868300140E+002  0.604562367454686E+002  0.310482774718641E+000  0.689517225281359E+000 -0.519295685089021E+001 -0.103119109674429E+002
  0.118575703378093E-002  0.264112923706243E+002  0.636001431227727E+002  0.268483042976496E+000  0.731516957023504E+000 -0.519295685089021E+001 -0.103067637377481E+002
  0.117803989099447E-002  0.264106993798928E+002  0.602963228940654E+002  0.313154574039871E+000  0.686845425960129E+000 -0.519295685089021E+001 -0.103064672423823E+002
  0.117193097195114E-002  0.264074457621747E+002  0.602794578436369E+002  0.516752599069858E+000  0.483247400930142E+000 -0.519295685089021E+001 -0.103048404335233E+002
  0.117169751768297E-002  0.263941922813103E+002  0.618264710708244E+002  0.498797341345199E+000  0.501202658654801E+000 -0.519295685089021E+001 -0.102982136930911E+002
  0.117761733530747E-002  0.263704611059016E+002  0.543484342961700E+002  0.537735107833426E+000  0.462264892166574E+000 -0.519295685089021E+001 -0.102863481053867E+002
  0.122197966368452E-002  0.262828511177245E+002  0.738003278684924E+002  0.200777545929017E+000  0.799222454070983E+000 -0.519295685089021E+001 -0.102425431112982E+002
  0.130747033402411E-002  0.261203957959428E+002  0.708752234771785E+002  0.213403735933678E+000  0.786596264066322E+000 -0.519295685089021E+001 -0.101613154504073E+002
  0.131553210729804E-002  0.260945424209726E+002  0.588402375483291E+002  0.526996599804644E+000  0.473003400195356E+000 -0.519295685089021E+001 -0.101483887629222E+002
  0.133469180144441E-002  0.260520646935174E+002  0.561499729828851E+002  0.542386912452784E+000  0.457613087547216E+000 -0.519295685089021E+001 -0.101271498991946E+002
  0.132853705641431E-002  0.260477493707576E+002  0.574315734551469E+002  0.537287183357689E+000  0.462712816642311E+000 -0.519295685089021E+001 -0.101249922378147E+002
  0.133169507711853E-002  0.260294415056339E+002  0.711597166564112E+002  0.212650802009305E+000  0.787349197990695E+000 -0.519295685089021E+001 -0.101158383052529E+002
  0.139150717623897E-002  0.259280124629882E+002  0.556533202425764E+002  0.430840079812834E+000  0.569159920187166E+000 -0.519295685089021E+001 -0.100651237839300E+002
  0.138786438118945E-002  0.259196957088833E+002  0.671447025472260E+002  0.427923225783350E+000  0.572076774216650E+000 -0.519295685089021E+001 -0.100609654068776E+002
  0.141083873420734E-002  0.258732998843922E+002  0.583046777969761E+002  0.357065594070834E+000  0.642934405929166E+000 -0.519295685089021E+001 -0.100377674946320E+002
  0.143790187709191E-002  0.258217392168290E+002  0.574803513611026E+002  0.532592876580556E+000  0.467407123419444E+000 -0.519295685089021E+001 -0.100119871608504E+002
  0.146283895341732E-002  0.257737918128566E+002  0.592048018530127E+002  0.518654793004122E+000  0.481345206995878E+000 -0.519295685089021E+001 -0.998801345886421E+001
  0.150972857014745E-002  0.256971307518690E+002  0.663557831158480E+002  0.246888104022966E+000  0.753111895977034E+000 -0.519295685089021E+001 -0.994968292837044E+001
  0.153159310807881E-002  0.256548142559119E+002  0.553719173657694E+002  0.524557474258072E+000  0.475442525741928E+000 -0.519295685089021E+001 -0.992852468039189E+001
  0.157155786167362E-002  0.255897369715888E+002  0.667310080913468E+002  0.429967095196633E+000  0.570032904803367E+000 -0.519295685089021E+001 -0.989598603823034E+001
  0.158252651969617E-002  0.255622671235610E+002  0.751567470207511E+002  0.319562348756515E+000  0.680437651243485E+000 -0.519295685089021E+001 -0.988225111421643E+001
  0.157196628682947E-002  0.255620985201059E+002  0.561715415430391E+002  0.421788154983046E+000  0.578211845016954E+000 -0.519295685089021E+001 -0.988216681248886E+001
  0.168242684140299E-002  0.253858730019246E+002  0.555767986575397E+002  0.515127422901139E+000  0.484872577098861E+000 -0.519295685089021E+001 -0.979405405339824E+001
  0.171557024352730E-002  0.253334785669182E+002  0.631169131504117E+002  0.471184429472384E+000  0.528815570527616E+000 -0.519295685089021E+001 -0.976785683589504E+001
  0.175330731547137E-002  0.252765838505740E+002  0.584694270079367E+002  0.362608730320204E+000  0.637391269679796E+000 -0.519295685089021E+001 -0.973940947772293E+001
  0.175000053072959E-002  0.252669814896268E+002  0.608800134223900E+002  0.494892197439172E+000  0.505107802560828E+000 -0.519295685089021E+001 -0.973460829724934E+001
  0.177368816255887E-002  0.252267135230675E+002  0.589326001232214E+002  0.353181608096535E+000  0.646818391903465E+000 -0.519295685089021E+001 -0.971447431396966E+001
  0.177017817053351E-002  0.252172973137663E+002  0.758790587390532E+002  0.205645416750458E+000  0.794354583249542E+000 -0.519295685089021E+001 -0.970976620931908E+001
  0.177122393931020E-002  0.252027381456377E+002  0.557947262952219E+002  0.451769510322667E+000  0.548230489677333E+000 -0.519295685089021E+001 -0.970248662525477E+001
  0.176428222438832E-002  0.251972138949649E+002  0.563346005189562E+002  0.517684153500637E+000  0.482315846499363E+000 -0.519295685089021E+001 -0.969972449991836E+001
  0.177563868388440E-002  0.251710034303103E+002  0.555909850451032E+002  0.468724709549921E+000  0.531275290450079E+000 -0.519295685089021E+001 -0.968661926759108E+001
  0.177062244221556E-002  0.251632835201647E+002  0.555226836916007E+002  0.478870642994761E+000  0.521129357005239E+000 -0.519295685089021E+001 -0.968275931251826E+001
  0.178032115807893E-002  0.251389802901021E+002  0.573777350827922E+002  0.517998681936944E+000  0.482001318063056E+000 -0.519295685089021E+001 -0.967060769748695E+001
  0.177315410914653E-002  0.251336699750186E+002  0.555438248910229E+002  0.486302359819021E+000  0.513697640180979E+000 -0.519295685089021E+001 -0.966795253994525E+001
  0.177709218838785E-002  0.251158550323475E+002  0.556123941476415E+002  0.494842374147531E+000  0.505157625852469E+000 -0.519295685089021E+001 -0.965904506860966E+001
  0.177569345917165E-002  0.251040518533201E+002  0.730744905663154E+002  0.343631605640050E+000  0.656368394359950E+000 -0.519295685089021E+001 -0.965314347909600E+001
  0.176627927552183E-002  0.250880163876138E+002  0.661489782227339E+002  0.432100797718879E+000  0.567899202281121E+000 -0.519295685089021E+001 -0.964512574624282E+001
  0.180992435422927E-002  0.250259076595317E+002  0.672416668376379E+002  0.244907854707468E+000  0.755092145292532E+000 -0.519295685089021E+001 -0.961407138220179E+001
  0.179807666251944E-002  0.250257535308077E+002  0.586195629650803E+002  0.510212073131358E+000  0.489787926868642E+000 -0.519295685089021E+001 -0.961399431783977E+001
  0.184779367905456E-002  0.249579149480720E+002  0.628794106823653E+002  0.290674586853609E+000  0.709325413146392E+000 -0.519295685089021E+001 -0.958007502647191E+001
  0.184446597552836E-002  0.249482309226667E+002  0.772012874983432E+002  0.209857736214280E+000  0.790142263785720E+000 -0.519295685089021E+001 -0.957523301376929E+001
  0.187793126913657E-002  0.248989798556791E+002  0.641268340468056E+002  0.276003282003371E+000  0.723996717996629E+000 -0.519295685089021E+001 -0.955060748027549E+001
  0.186801835951893E-002  0.248962759982776E+002  0.562349974212116E+002  0.443093435524057E+000  0.556906564475943E+000 -0.519295685089021E+001 -0.954925555157471E+001
  0.187885105600192E-002  0.248714223500396E+002  0.758386289830519E+002  0.302282178177011E+000  0.697717821822989E+000 -0.519295685089021E+001 -0.953682872745574E+001
  0.192433315875572E-002  0.248102951704129E+002  0.562220573239072E+002  0.448612891694740E+000  0.551387108305260E+000 -0.519295685089021E+001 -0.950626513764240E+001
  0.193150114504561E-002  0.247895700864525E+002  0.760857164619783E+002  0.209972507798431E+000  0.790027492201569E+000 -0.519295685089021E+001 -0.949590259566216E+001
  0.192493298386397E-002  0.247830936858043E+002  0.619731485624578E+002  0.476839019685252E+000  0.523160980314748E+000 -0.519295685089021E+001 -0.949266439533807E+001
  0.194928580861908E-002  0.247446608004825E+002  0.735013693263765E+002  0.334262610356236E+000  0.665737389643764E+000 -0.519295685089021E+001 -0.947344795267718E+001
  0.196155024927372E-002  0.247188276138059E+002  0.672338727239684E+002  0.414864634040423E+000  0.585135365959577E+000 -0.519295685089021E+001 -0.946053135933886E+001
  0.195668113870919E-002  0.247105092537686E+002  0.571812926056517E+002  0.505973196163275E+000  0.494026803836725E+000 -0.519295685089021E+001 -0.945637217932024E+001
  0.198095992939990E-002  0.246725565710663E+002  0.635341926484255E+002  0.458360410873604E+000  0.541639589126396E+000 -0.519295685089021E+001 -0.943739583796907E+001
  0.197818163652435E-002  0.246620744510131E+002  0.735107055755287E+002  0.214323132779897E+000  0.785676867220103E+000 -0.519295685089021E+001 -0.943215477794246E+001
  0.200685257018332E-002  0.246200062616734E+002  0.615968464835287E+002  0.312805375884119E+000  0.687194624115881E+000 -0.519295685089021E+001 -0.941112068327262E+001
  0.201590274245892E-002  0.245977181824211E+002  0.596655884595037E+002  0.495074631549223E+000  0.504925368450777E+000 -0.519295685089021E+001 -0.939997664364648E+001
  0.201001237453483E-002  0.245902815523447E+002  0.584674390658688E+002  0.374994299212366E+000  0.625005700787634E+000 -0.519295685089021E+001 -0.939625832860828E+001
  0.201684339692422E-002  0.245702069952346E+002  0.569855357003852E+002  0.422048330669263E+000  0.577951669330737E+000 -0.519295685089021E+001 -0.938622105005324E+001
  0.206936820578291E-002  0.245054984463597E+002  0.685918320479864E+002  0.395751168641638E+000  0.604248831358362E+000 -0.519295685089021E+001 -0.935386677561577E+001
  0.209207364268722E-002  0.244703845578419E+002  0.646339976464787E+002  0.443309195049453E+000  0.556690804950547E+000 -0.519295685089021E+001 -0.933630983135686E+001
  0.213662092382024E-002  0.244149558206157E+002  0.599960028443472E+002  0.343784235990051E+000  0.656215764009949E+000 -0.519295685089021E+001 -0.930859546274379E+001
  0.221434518962466E-002  0.243302044135527E+002  0.768320333472345E+002  0.278562686823017E+000  0.721437313176983E+000 -0.519295685089021E+001 -0.926621975921229E+001
  0.225977441482259E-002  0.242762988130907E+002  0.634341316262135E+002  0.454381214449744E+000  0.545618785550256E+000 -0.519295685089021E+001 -0.923926695898127E+001
  0.224969770930136E-002  0.242719479998199E+002  0.623116373302168E+002  0.466155903046025E+000  0.533844096953975E+000 -0.519295685089021E+001 -0.923709155234587E+001
  0.233821755168712E-002  0.241814728078048E+002  0.777907683359186E+002  0.252811171136466E+000  0.747188828863534E+000 -0.519295685089021E+001 -0.919185395633832E+001
  0.478473378967596E-002  0.227007552325871E+002  0.569108455491851E+002  0.449670799742528E+000  0.550329200257472E+000 -0.519295685089021E+001 -0.918238267727226E+001
  0.473277950906528E-002  0.226685333379100E+002  0.569723548256301E+002  0.447390879472106E+000  0.552609120527894E+000 -0.519295685089021E+001 -0.916627172993370E+001
  0.474712416321022E-002  0.226091441809385E+002  0.615434154199359E+002  0.470525089133228E+000  0.529474910866772E+000 -0.519295685089021E+001 -0.913657715144797E+001
  0.476996055756863E-002  0.225730556461534E+002  0.611089650065147E+002  0.473755805970051E+000  0.526244194029949E+000 -0.519295685089021E+001 -0.911853288405541E+001
  0.478118879493333E-002  0.225683532832763E+002  0.600291100166884E+002  0.481836604349460E+000  0.518163395650540E+000 -0.519295685089021E+001 -0.911618170261686E+001
  0.471871872274475E-002  0.225678110661127E+002  0.573209546895775E+002  0.431027294111892E+000  0.568972705888108E+000 -0.519295685089021E+001 -0.911591059403507E+001
  0.482984160612567E-002  0.224679218366219E+002  0.577431273283631E+002  0.480999655521523E+000  0.519000344478477E+000 -0.519295685089021E+001 -0.906596597928969E+001
  0.490152484627899E-002  0.224119660302014E+002  0.573258673730592E+002  0.465956926126939E+000  0.534043073873061E+000 -0.519295685089021E+001 -0.903798807607941E+001
  0.493466880631537E-002  0.223458529943129E+002  0.593309114867884E+002  0.369556621340824E+000  0.630443378659176E+000 -0.519295685089021E+001 -0.900493155813515E+001
  0.486960064095503E-002  0.223204492807659E+002  0.588179127803394E+002  0.383835365943805E+000  0.616164634056195E+000 -0.519295685089021E+001 -0.899222970136166E+001
  0.483575656546919E-002  0.223085911437502E+002  0.574666868547130E+002  0.442302465994759E+000  0.557697534005241E+000 -0.519295685089021E+001 -0.898630063285384E+001
  0.493937509675889E-002  0.222403818719321E+002  0.665667921606309E+002  0.262740113256530E+000  0.737259886743470E+000 -0.519295685089021E+001 -0.895219599694477E+001
  0.501486319014674E-002  0.221336048136014E+002  0.621391543472330E+002  0.317717704908238E+000  0.682282295091762E+000 -0.519295685089021E+001 -0.889880746777944E+001
  0.499573246570980E-002  0.221160914487474E+002  0.577122507479976E+002  0.451880918266248E+000  0.548119081733752E+000 -0.519295685089021E+001 -0.889005078535241E+001
  0.491803946101008E-002  0.220974369914919E+002  0.596327858467139E+002  0.473451064834781E+000  0.526548935165219E+000 -0.519295685089021E+001 -0.888072355672468E+001
  0.492934838605436E-002  0.220928433143903E+002  0.626415712921864E+002  0.310524496628596E+000  0.689475503371404E+000 -0.519295685089021E+001 -0.887842671817387E+001
  0.501634599810175E-002  0.220578533669208E+002  0.581452562004208E+002  0.417042598148621E+000  0.582957401851379E+000 -0.519295685089021E+001 -0.886093174443910E+001
  0.502695925898228E-002  0.220281483145690E+002  0.580257072628210E+002  0.425466636434598E+000  0.574533363565402E+000 -0.519295685089021E+001 -0.884607921826323E+001
  0.506722723623052E-002  0.220121913314575E+002  0.578733372704788E+002  0.449373251819366E+000  0.550626748180634E+000 -0.519295685089021E+001 -0.883810072670745E+001
  0.502046205850568E-002  0.220049281193834E+002  0.583614903890545E+002  0.409848670847646E+000  0.590151329152354E+000 -0.519295685089021E+001 -0.883446912067043E+001
  0.511431934897491E-002  0.219420766138116E+002  0.594939755934499E+002  0.374820527204183E+000  0.625179472795817E+000 -0.519295685089021E+001 -0.880304336788453E+001
  0.506095786217655E-002  0.219372469136104E+002  0.624710035839400E+002  0.451169566444842E+000  0.548830433555158E+000 -0.519295685089021E+001 -0.880062851778390E+001
  0.507457445634493E-002  0.219318731051383E+002  0.648281827410653E+002  0.427310869530755E+000  0.572689130469245E+000 -0.519295685089021E+001 -0.879794161354789E+001
  0.520662904228755E-002  0.218804931869813E+002  0.600983150396052E+002  0.466526407624310E+000  0.533473592375690E+000 -0.519295685089021E+001 -0.877225165446939E+001
  0.525863707875915E-002  0.218606146806844E+002  0.655599594879001E+002  0.418252574633127E+000  0.581747425366873E+000 -0.519295685089021E+001 -0.876231240132091E+001
  0.546865446374154E-002  0.217028125857627E+002  0.625335104983034E+002  0.317766924210014E+000  0.682233075789986E+000 -0.519295685089021E+001 -0.868341135386009E+001
  0.546310345889778E-002  0.216786995709063E+002  0.651219744931403E+002  0.283555487713910E+000  0.716444512286090E+000 -0.519295685089021E+001 -0.867135484643189E+001
  0.552186141665095E-002  0.216053526195757E+002  0.585269831033898E+002  0.438530468139509E+000  0.561469531860491E+000 -0.519295685089021E+001 -0.863468137076658E+001
  0.545503237231011E-002  0.216038987357247E+002  0.591421918598526E+002  0.457204120841146E+000  0.542795879158854E+000 -0.519295685089021E+001 -0.863395442884109E+001
  0.562710041813658E-002  0.214905024097711E+002  0.598674099787489E+002  0.456083016250844E+000  0.543916983749156E+000 -0.519295685089021E+001 -0.857725626586425E+001
  0.564611461111538E-002  0.214582776720365E+002  0.598143317319112E+002  0.379476168167999E+000  0.620523831832001E+000 -0.519295685089021E+001 -0.856114389699696E+001
  0.567368611844656E-002  0.214485348991685E+002  0.601513131368817E+002  0.370368066234538E+000  0.629631933765462E+000 -0.519295685089021E+001 -0.855627251056297E+001
  0.561363988841804E-002  0.214440074594525E+002  0.603688628024125E+002  0.454397825737671E+000  0.545602174262329E+000 -0.519295685089021E+001 -0.855400879070498E+001
  0.556608820607011E-002  0.214352142904367E+002  0.649836388974045E+002  0.418520309112974E+000  0.581479690887026E+000 -0.519295685089021E+001 -0.854961220619709E+001
  0.555937111711889E-002  0.214118225144538E+002  0.625472019246902E+002  0.322131166500999E+000  0.677868833499001E+000 -0.519295685089021E+001 -0.853791631820562E+001
  0.564637790943296E-002  0.213549571684417E+002  0.674271408527181E+002  0.264767039642017E+000  0.735232960357983E+000 -0.519295685089021E+001 -0.850948364519958E+001
  0.557673105461995E-002  0.213539733375351E+002  0.649984212859854E+002  0.289054696620291E+000  0.710945303379709E+000 -0.519295685089021E+001 -0.850899172974628E+001
  0.552456679896236E-002  0.213469623985008E+002  0.598839604914368E+002  0.381026264045326E+000  0.618973735954674E+000 -0.519295685089021E+001 -0.850548626022912E+001
  0.552493516730090E-002  0.213468290464856E+002  0.590155555333147E+002  0.437068735670322E+000  0.562931264329678E+000 -0.519295685089021E+001 -0.850541958422150E+001
  0.547385627455399E-002  0.213392612006601E+002  0.609058518377754E+002  0.354776217939068E+000  0.645223782060932E+000 -0.519295685089021E+001 -0.850163566130878E+001
  0.541886289411219E-002  0.213333117554226E+002  0.622342642044042E+002  0.442194021849504E+000  0.557805978150496E+000 -0.519295685089021E+001 -0.849866093869002E+001
  0.542054250262849E-002  0.213326919396787E+002  0.592467322462434E+002  0.444270352017150E+000  0.555729647982850E+000 -0.519295685089021E+001 -0.849835103081809E+001
  0.540561524713634E-002  0.213117167447946E+002  0.595367454324407E+002  0.447532635942634E+000  0.552467364057366E+000 -0.519295685089021E+001 -0.848786343337603E+001
  0.543749966177493E-002  0.212734641706107E+002  0.596983782828426E+002  0.389898665782679E+000  0.610101334217321E+000 -0.519295685089021E+001 -0.846873714628405E+001
  0.538331955622512E-002  0.212670019819713E+002  0.591098218385941E+002  0.429757063280718E+000  0.570242936719282E+000 -0.519295685089021E+001 -0.846550605196439E+001
  0.549986059765859E-002  0.211976764399617E+002  0.592859072322757E+002  0.415164258545679E+000  0.584835741454321E+000 -0.519295685089021E+001 -0.843084328095954E+001
  0.548629221547760E-002  0.211761261649975E+002  0.593415994642082E+002  0.433654483180548E+000  0.566345516819452E+000 -0.519295685089021E+001 -0.842006814347745E+001
  0.542078634105089E-002  0.211736592524295E+002  0.594717503998109E+002  0.438224930602871E+000  0.561775069397129E+000 -0.519295685089021E+001 -0.841883468719349E+001
  0.557566575274198E-002  0.210908271160381E+002  0.661833544173173E+002  0.279549939975327E+000  0.720450060024673E+000 -0.519295685089021E+001 -0.837741861899777E+001
  0.546850305618609E-002  0.210770061255727E+002  0.603006026990416E+002  0.377728921914674E+000  0.622271078085326E+000 -0.519295685089021E+001 -0.837050812376507E+001
  0.562666670290554E-002  0.209680305682136E+002  0.613430357874809E+002  0.438691624982712E+000  0.561308375017288E+000 -0.519295685089021E+001 -0.831602034508554E+001
  0.550553944315610E-002  0.209351130427249E+002  0.605663513404921E+002  0.437971055996752E+000  0.562028944003248E+000 -0.519295685089021E+001 -0.829956158234115E+001
  0.555053828779779E-002  0.208936751683448E+002  0.598001289305901E+002  0.419321738828361E+000  0.580678261171639E+000 -0.519295685089021E+001 -0.827884264515112E+001
  0.554304848385410E-002  0.208712181931042E+002  0.599228838994791E+002  0.425322083750448E+000  0.574677916249552E+000 -0.519295685089021E+001 -0.826761415753083E+001
  0.553451076585060E-002  0.208491435170783E+002  0.658531507071875E+002  0.286284983921132E+000  0.713715016078868E+000 -0.519295685089021E+001 -0.825657681951787E+001
  0.556460947825662E-002  0.208382962479162E+002  0.602808797639530E+002  0.431409023328078E+000  0.568590976671922E+000 -0.519295685089021E+001 -0.825115318493683E+001
  0.558977369712712E-002  0.208037942060013E+002  0.606516081482321E+002  0.432969118291834E+000  0.567030881708166E+000 -0.519295685089021E+001 -0.823390216397937E+001
  0.560430768336184E-002  0.207986007492423E+002  0.600078860161519E+002  0.407928705886272E+000  0.592071294113728E+000 -0.519295685089021E+001 -0.823130543559987E+001
  0.553456413624411E-002  0.207978393695449E+002  0.607207788802974E+002  0.433056611925570E+000  0.566943388074430E+000 -0.519295685089021E+001 -0.823092474575115E+001
  0.551756579548494E-002  0.207781846244135E+002  0.623220698762431E+002  0.338048485845741E+000  0.661951514154259E+000 -0.519295685089021E+001 -0.822109737318547E+001
  0.552787390704366E-002  0.207486448299701E+002  0.610663814901714E+002  0.367121187909126E+000  0.632878812090874E+000 -0.519295685089021E+001 -0.820632747596375E+001
  0.549532863465925E-002  0.207346477885851E+002  0.635278277030682E+002  0.420208633291974E+000  0.579791366708026E+000 -0.519295685089021E+001 -0.819932895527126E+001
  0.553475392783119E-002  0.206945435479202E+002  0.620155755174341E+002  0.428787335480850E+000  0.571212664519150E+000 -0.519295685089021E+001 -0.817927683493880E+001
  0.556251289107523E-002  0.206845378333260E+002  0.635893343889125E+002  0.318176846863663E+000  0.681823153136337E+000 -0.519295685089021E+001 -0.817427397764172E+001
  0.566210766084818E-002  0.206490453610162E+002  0.649032837020772E+002  0.406429745485121E+000  0.593570254514879E+000 -0.519295685089021E+001 -0.815652774148681E+001
  0.586667777022493E-002  0.205780607512463E+002  0.629429540811883E+002  0.420974921622413E+000  0.579025078377587E+000 -0.519295685089021E+001 -0.812103543660188E+001
  0.587080635988273E-002  0.205766537751747E+002  0.671821914268563E+002  0.276930298205707E+000  0.723069701794293E+000 -0.519295685089021E+001 -0.812033194856606E+001
  0.580042967718686E-002  0.205735624650231E+002  0.607609742572185E+002  0.384687823772317E+000  0.615312176227683E+000 -0.519295685089021E+001 -0.811878629349027E+001
  0.581241528408259E-002  0.205694340671356E+002  0.632720170005146E+002  0.325503817577223E+000  0.674496182422777E+000 -0.519295685089021E+001 -0.811672209454651E+001
  0.574591048252109E-002  0.205648630522406E+002  0.652017043714921E+002  0.402020208579939E+000  0.597979791420061E+000 -0.519295685089021E+001 -0.811443658709903E+001
  0.579071311866341E-002  0.205493289192304E+002  0.604898964927619E+002  0.406684523573147E+000  0.593315476426853E+000 -0.519295685089021E+001 -0.810666952059394E+001
  0.575380784497562E-002  0.205341435918971E+002  0.616366300745343E+002  0.359331392428714E+000  0.640668607571286E+000 -0.519295685089021E+001 -0.809907685692726E+001
  0.582441318128488E-002  0.205097508250396E+002  0.609243353158968E+002  0.420391035513383E+000  0.579608964486617E+000 -0.519295685089021E+001 -0.808688047349852E+001
  0.583087274731881E-002  0.205075339539187E+002  0.646972888337129E+002  0.305447977430473E+000  0.694552022569527E+000 -0.519295685089021E+001 -0.808577203793806E+001
  0.575497039103429E-002  0.205049620615706E+002  0.630711724270150E+002  0.418416603492342E+000  0.581583396507658E+000 -0.519295685089021E+001 -0.808448609176400E+001
  0.564035661533565E-002  0.204880485248197E+002  0.654415833921030E+002  0.296418028439524E+000  0.703581971560476E+000 -0.519295685089021E+001 -0.807602932338855E+001
  0.565905179348451E-002  0.204530611401410E+002  0.620046053068627E+002  0.421644378343838E+000  0.578355621656162E+000 -0.519295685089021E+001 -0.805853563104924E+001
  0.558707169495155E-002  0.204223214815549E+002  0.621896799633772E+002  0.349713741272619E+000  0.650286258727381E+000 -0.519295685089021E+001 -0.804316580175616E+001
  0.560319994130540E-002  0.204165563819950E+002  0.634935391970965E+002  0.413523143803122E+000  0.586476856196878E+000 -0.519295685089021E+001 -0.804028325197620E+001
  0.568860178491045E-002  0.203863031153843E+002  0.609600786882511E+002  0.411529203018441E+000  0.588470796981559E+000 -0.519295685089021E+001 -0.802515661867089E+001
  0.573702203817686E-002  0.203693515532160E+002  0.667469297277199E+002  0.284152998379167E+000  0.715847001620832E+000 -0.519295685089021E+001 -0.801668083758670E+001
  0.574335233055122E-002  0.203091708743863E+002  0.621519298690853E+002  0.354096029798342E+000  0.645903970201658E+000 -0.519295685089021E+001 -0.798659049817189E+001
  0.566347301315815E-002  0.203084049174114E+002  0.611777495810807E+002  0.385136359827257E+000  0.614863640172743E+000 -0.519295685089021E+001 -0.798620751968444E+001
  0.565497137563739E-002  0.202826319681567E+002  0.613355722269615E+002  0.411318938226682E+000  0.588681061773318E+000 -0.519295685089021E+001 -0.797332104505709E+001
  0.573177203731367E-002  0.202556525857234E+002  0.612447607517697E+002  0.386669727629410E+000  0.613330272370590E+000 -0.519295685089021E+001 -0.795983135384042E+001
  0.559251604633562E-002  0.202468684226862E+002  0.612993779126786E+002  0.384483256539705E+000  0.615516743460295E+000 -0.519295685089021E+001 -0.795543927232183E+001
  0.549703481203827E-002  0.202241626015253E+002  0.613532245252107E+002  0.406790080159585E+000  0.593209919840415E+000 -0.519295685089021E+001 -0.794408636174135E+001
  0.550317333471264E-002  0.202219304534678E+002  0.661360818154306E+002  0.292920717791377E+000  0.707079282208623E+000 -0.519295685089021E+001 -0.794297028771263E+001
  0.552296130606421E-002  0.202147518752116E+002  0.618401044482250E+002  0.412202229078097E+000  0.587797770921904E+000 -0.519295685089021E+001 -0.793938099858452E+001
  0.555184601741148E-002  0.202043192686662E+002  0.668857894023666E+002  0.285450251042015E+000  0.714549748957985E+000 -0.519295685089021E+001 -0.793416469531183E+001
  0.555367926126728E-002  0.202036589689230E+002  0.615796330726504E+002  0.375350811625235E+000  0.624649188374765E+000 -0.519295685089021E+001 -0.793383454544023E+001
  0.551054454038525E-002  0.201891775984691E+002  0.618251429050656E+002  0.367698245141378E+000  0.632301754858622E+000 -0.519295685089021E+001 -0.792659386021328E+001
  0.553142382781085E-002  0.201816139787904E+002  0.652570372912934E+002  0.394040502798187E+000  0.605959497201813E+000 -0.519295685089021E+001 -0.792281205037392E+001
  0.546606776500200E-002  0.201748505761274E+002  0.644863795273032E+002  0.400523511312475E+000  0.599476488687525E+000 -0.519295685089021E+001 -0.791943034904243E+001
  0.538927928981786E-002  0.201726112747888E+002  0.613507882530921E+002  0.391548369522139E+000  0.608451630477861E+000 -0.519295685089021E+001 -0.791831069837314E+001
  0.537546924019596E-002  0.201472079161504E+002  0.628979832979647E+002  0.409487567369972E+000  0.590512432630028E+000 -0.519295685089021E+001 -0.790560901905390E+001
  0.540323751799331E-002  0.201369030289863E+002  0.621133597438348E+002  0.409640613441336E+000  0.590359386558664E+000 -0.519295685089021E+001 -0.790045657547190E+001
  0.546415551143597E-002  0.200834721185664E+002  0.653569456522407E+002  0.304648129363441E+000  0.695351870636559E+000 -0.519295685089021E+001 -0.787374112026193E+001
  0.538092760667297E-002  0.200831613575988E+002  0.615617582986974E+002  0.395096863128790E+000  0.604903136871210E+000 -0.519295685089021E+001 -0.787358573977810E+001
  0.544502984838656E-002  0.200594764350817E+002  0.616179726340294E+002  0.389657120072334E+000  0.610342879927666E+000 -0.519295685089021E+001 -0.786174327851955E+001
  0.533772960552823E-002  0.200367770342906E+002  0.630669623899748E+002  0.342442657915907E+000  0.657557342084093E+000 -0.519295685089021E+001 -0.785039357812400E+001
  0.521306619305127E-002  0.200224981002863E+002  0.617607166027223E+002  0.396712794480981E+000  0.603287205519019E+000 -0.519295685089021E+001 -0.784325411112188E+001
  0.516554871508848E-002  0.200102768945744E+002  0.621644135510918E+002  0.403391582795369E+000  0.596608417204631E+000 -0.519295685089021E+001 -0.783714350826591E+001
  0.514671147670639E-002  0.199870486935422E+002  0.627342665868026E+002  0.404106587208991E+000  0.595893412791009E+000 -0.519295685089021E+001 -0.782552940774982E+001
  0.518302479375329E-002  0.199729869728223E+002  0.632993707902136E+002  0.402454711369753E+000  0.597545288630247E+000 -0.519295685089021E+001 -0.781849854738985E+001
  0.512589266989540E-002  0.199641468667818E+002  0.654465794790223E+002  0.305896855071049E+000  0.694103144928951E+000 -0.519295685089021E+001 -0.781407849436963E+001
  0.514294907680152E-002  0.199575029149078E+002  0.649389723500529E+002  0.312820748504236E+000  0.687179251495764E+000 -0.519295685089021E+001 -0.781075651843264E+001
  0.507956487021125E-002  0.199508083266400E+002  0.631574022283633E+002  0.402138323181121E+000  0.597861676818879E+000 -0.519295685089021E+001 -0.780740922429874E+001
  0.500248930001262E-002  0.199188831474440E+002  0.620051122671465E+002  0.391548071645183E+000  0.608451928354817E+000 -0.519295685089021E+001 -0.779144663470071E+001
  0.505049672130032E-002  0.198997812463275E+002  0.646454501183914E+002  0.318394538615580E+000  0.681605461384420E+000 -0.519295685089021E+001 -0.778189568414245E+001
  0.499569060976914E-002  0.198901064050836E+002  0.641214317983345E+002  0.326963360822915E+000  0.673036639177085E+000 -0.519295685089021E+001 -0.777705826352053E+001
  0.497220473429407E-002  0.198680343161558E+002  0.622507470406775E+002  0.393893816802059E+000  0.606106183197941E+000 -0.519295685089021E+001 -0.776602221905663E+001
  0.498407464823303E-002  0.198632654987667E+002  0.670013454913390E+002  0.290399880311533E+000  0.709600119688467E+000 -0.519295685089021E+001 -0.776363781036205E+001
  0.494495834537031E-002  0.198470232510618E+002  0.631354275741022E+002  0.398238500994703E+000  0.601761499005297E+000 -0.519295685089021E+001 -0.775551668650962E+001
  0.502864675014865E-002  0.198134585096508E+002  0.623514723184047E+002  0.374233013266424E+000  0.625766986733576E+000 -0.519295685089021E+001 -0.773873431580414E+001
  0.486927332278453E-002  0.197818524737430E+002  0.625141407980502E+002  0.391043118392834E+000  0.608956881607166E+000 -0.519295685089021E+001 -0.772293129785023E+001
  0.487322751023921E-002  0.197802289942116E+002  0.633873962958986E+002  0.395241727890945E+000  0.604758272109055E+000 -0.519295685089021E+001 -0.772211955808452E+001
  0.487652425326485E-002  0.197788764497648E+002  0.627806140017065E+002  0.394065341301888E+000  0.605934658698112E+000 -0.519295685089021E+001 -0.772144328586113E+001
  0.488005181631955E-002  0.197774302197828E+002  0.635126320070726E+002  0.341799085881548E+000  0.658200914118452E+000 -0.519295685089021E+001 -0.772072017087013E+001
  0.489052320831302E-002  0.197731433089403E+002  0.626083059761109E+002  0.366349423702214E+000  0.633650576297786E+000 -0.519295685089021E+001 -0.771857671544888E+001
  0.490886518538919E-002  0.197656563116873E+002  0.626602153541322E+002  0.364961761365936E+000  0.635038238634064E+000 -0.519295685089021E+001 -0.771483321682238E+001
  0.487390071795580E-002  0.197457638583389E+002  0.633790797183757E+002  0.393824252354362E+000  0.606175747645638E+000 -0.519295685089021E+001 -0.770488699014816E+001
  0.490270598962279E-002  0.197339784379445E+002  0.627436159343823E+002  0.390586819420663E+000  0.609413180579337E+000 -0.519295685089021E+001 -0.769899427995097E+001
  0.482747264799244E-002  0.197301234045938E+002  0.625041685173135E+002  0.380935266685393E+000  0.619064733314607E+000 -0.519295685089021E+001 -0.769706676327560E+001
  0.474728064775061E-002  0.197288421402342E+002  0.650850192754299E+002  0.316117613383358E+000  0.683882386616642E+000 -0.519295685089021E+001 -0.769642613109584E+001
  0.475227202476869E-002  0.197267404086477E+002  0.638340372224990E+002  0.337046580449247E+000  0.662953419550753E+000 -0.519295685089021E+001 -0.769537526530258E+001
  0.477543129968251E-002  0.197170174692416E+002  0.633958644608181E+002  0.392563798835920E+000  0.607436201164079E+000 -0.519295685089021E+001 -0.769051379559953E+001
  0.460997258075730E-002  0.196813225889710E+002  0.650974577386747E+002  0.383387932581623E+000  0.616612067418377E+000 -0.519295685089021E+001 -0.767266635546421E+001
  0.455940900633791E-002  0.196685968994716E+002  0.646345576498415E+002  0.324617121943033E+000  0.675382878056967E+000 -0.519295685089021E+001 -0.766630351071450E+001
  0.450018265436260E-002  0.196599634649335E+002  0.628145722645271E+002  0.368329362603618E+000  0.631670637396382E+000 -0.519295685089021E+001 -0.766198679344548E+001
  0.450791878153597E-002  0.196565282775612E+002  0.630702749150674E+002  0.388271988537238E+000  0.611728011462762E+000 -0.519295685089021E+001 -0.766026919975932E+001
  0.441896327733570E-002  0.195920176983364E+002  0.670951904854432E+002  0.295133224509900E+000  0.704866775490100E+000 -0.519295685089021E+001 -0.762801391014693E+001
  0.441898593987140E-002  0.195920074414159E+002  0.634675699558156E+002  0.386415136264398E+000  0.613584863735602E+000 -0.519295685089021E+001 -0.762800878168667E+001
  0.437097661783130E-002  0.195790715118298E+002  0.632538056267432E+002  0.384269073294754E+000  0.615730926705246E+000 -0.519295685089021E+001 -0.762154081689361E+001
  0.429794671376215E-002  0.195779861589093E+002  0.631093739890333E+002  0.382079394530281E+000  0.617920605469719E+000 -0.519295685089021E+001 -0.762099814043339E+001
  0.431846460253298E-002  0.195684611133658E+002  0.630362342225022E+002  0.378286924891620E+000  0.621713075108380E+000 -0.519295685089021E+001 -0.761623561766162E+001
  0.436630675042867E-002  0.195464259302146E+002  0.634385061617978E+002  0.383419249709985E+000  0.616580750290015E+000 -0.519295685089021E+001 -0.760521802608601E+001
  0.439930616747100E-002  0.195313672808090E+002  0.658237580128020E+002  0.311098705717099E+000  0.688901294282901E+000 -0.519295685089021E+001 -0.759768870138322E+001
  0.433293366964679E-002  0.195250730131133E+002  0.633894340876178E+002  0.381340344806943E+000  0.618659655193057E+000 -0.519295685089021E+001 -0.759454156753539E+001
  0.419485541751662E-002  0.195171096459002E+002  0.638489585310815E+002  0.383056609532326E+000  0.616943390467674E+000 -0.519295685089021E+001 -0.759055988392884E+001
  0.421739189618814E-002  0.195063935878735E+002  0.632748477368867E+002  0.364683987541551E+000  0.635316012458449E+000 -0.519295685089021E+001 -0.758520185491548E+001
  0.422112409338859E-002  0.195046244628528E+002  0.666911216124746E+002  0.301421754740052E+000  0.698578245259948E+000 -0.519295685089021E+001 -0.758431729240510E+001
  0.418513468348671E-002  0.194843653559488E+002  0.648610503276197E+002  0.378694442397172E+000  0.621305557602828E+000 -0.519295685089021E+001 -0.757418773895313E+001
  0.421497608172648E-002  0.194701552939103E+002  0.639055126324910E+002  0.346346039819677E+000  0.653653960180323E+000 -0.519295685089021E+001 -0.756708270793385E+001
  0.413911113140432E-002  0.194683846132709E+002  0.662136343231298E+002  0.307872704594229E+000  0.692127295405771E+000 -0.519295685089021E+001 -0.756619736761415E+001
  0.402708012734921E-002  0.194477829233564E+002  0.640985718324684E+002  0.342908167392727E+000  0.657091832607273E+000 -0.519295685089021E+001 -0.755589652265694E+001
  0.403717148275500E-002  0.194427774442811E+002  0.649447586115019E+002  0.326698569033311E+000  0.673301430966689E+000 -0.519295685089021E+001 -0.755339378311925E+001
  0.406487994788685E-002  0.194290976628601E+002  0.650032759429892E+002  0.326206775279849E+000  0.673793224720151E+000 -0.519295685089021E+001 -0.754655389240879E+001
  0.407127749519369E-002  0.194259524195828E+002  0.635211046611520E+002  0.371745961195116E+000  0.628254038804884E+000 -0.519295685089021E+001 -0.754498127077011E+001
  0.409169278186517E-002  0.194159485467064E+002  0.664220834298219E+002  0.306807415104725E+000  0.693192584895275E+000 -0.519295685089021E+001 -0.753997933433194E+001
  0.396093209366789E-002  0.194008966630130E+002  0.653754973223055E+002  0.321264486733272E+000  0.678735513266728E+000 -0.519295685089021E+001 -0.753245339248520E+001
  0.396287080896046E-002  0.193999179837828E+002  0.641728289816561E+002  0.343722684408565E+000  0.656277315591435E+000 -0.519295685089021E+001 -0.753196405287010E+001
  0.383330781286391E-002  0.193863885649720E+002  0.639540759095679E+002  0.375193935085602E+000  0.624806064914398E+000 -0.519295685089021E+001 -0.752519934346472E+001
  0.377150313498409E-002  0.193792922256275E+002  0.638264193467561E+002  0.355344862592630E+000  0.644655137407370E+000 -0.519295685089021E+001 -0.752165117379247E+001
  0.373203129581865E-002  0.193607288966107E+002  0.638764385656907E+002  0.355442655853136E+000  0.644557344146864E+000 -0.519295685089021E+001 -0.751236950928409E+001
  0.368958957749833E-002  0.193439985270128E+002  0.638316703491554E+002  0.360462725139323E+000  0.639537274860677E+000 -0.519295685089021E+001 -0.750400432448514E+001
  0.363604568172864E-002  0.193336302449968E+002  0.657930885776171E+002  0.317402805515045E+000  0.682597194484955E+000 -0.519295685089021E+001 -0.749882018347710E+001
  0.317196878144760E-001  0.149060858096828E+002  0.653647068724073E+002  0.327521909571545E+000  0.672478090428455E+000 -0.519295685089021E+001 -0.745304290484142E+001
  0.319256011799915E-001  0.148931444537881E+002  0.651933742412017E+002  0.331180014207032E+000  0.668819985792968E+000 -0.519295685089021E+001 -0.744657222689404E+001
  0.150915250651433E-001  0.147698338222681E+002  0.653545830476438E+002  0.335409204075205E+000  0.664590795924795E+000 -0.519295685089021E+001 -0.738491691113403E+001
  0.151884581538183E-001  0.147570288720018E+002  0.656181451909991E+002  0.330916621212890E+000  0.669083378787110E+000 -0.519295685089021E+001 -0.737851443600089E+001
  0.152228267037564E-001  0.147525083705194E+002  0.653472246503265E+002  0.336996702277871E+000  0.663003297722129E+000 -0.519295685089021E+001 -0.737625418525971E+001
  0.153597745505225E-001  0.147345963870350E+002  0.655680780056738E+002  0.355529837490552E+000  0.644470162509448E+000 -0.519295685089021E+001 -0.736729819351748E+001
  0.153717036744606E-001  0.147330436957586E+002  0.653552404011554E+002  0.354969492538902E+000  0.645030507461098E+000 -0.519295685089021E+001 -0.736652184787931E+001
  0.125591685641257E-001  0.146909114607791E+002  0.655996472052857E+002  0.336950171498678E+000  0.663049828501322E+000 -0.519295685089021E+001 -0.734545573038955E+001
  0.125904713825048E-001  0.146859328074687E+002  0.655163408555166E+002  0.340191332523643E+000  0.659808667476357E+000 -0.519295685089021E+001 -0.734296640373435E+001
  0.946962402667687E-002  0.146802708295311E+002  0.654866875574117E+002  0.347858001764510E+000  0.652141998235490E+000 -0.519295685089021E+001 -0.734013541476555E+001
  0.947343702942856E-002  0.146794656792353E+002  0.655481235762268E+002  0.349126438222857E+000  0.650873561777144E+000 -0.519295685089021E+001 -0.733973283961765E+001
  0.949333991857362E-002  0.146752682562351E+002  0.655646616618941E+002  0.340473198497499E+000  0.659526801502501E+000 -0.519295685089021E+001 -0.733763412811754E+001
